<?xml version="1.0" encoding="UTF-8"?>
<gpx creator="StravaGPX" version="1.1" xmlns="http://www.topografix.com/GPX/1/1" xmlns:xsi="http://www.w3.org/2001/XMLSchema-instance" xsi:schemaLocation="http://www.topografix.com/GPX/1/1 http://www.topografix.com/GPX/1/1/gpx.xsd">
 <metadata>
  <time>2025-10-28T14:59:33Z</time>
 </metadata>
 <trk>
  <name>Night Walk</name>
  <type>walking</type>
  <trkseg>
   <trkpt lat="22.5060750" lon="88.3455240">
    <ele>10.4</ele>
    <time>2025-10-28T14:59:33Z</time>
   </trkpt>
   <trkpt lat="22.5060790" lon="88.3455240">
    <ele>10.4</ele>
    <time>2025-10-28T14:59:34Z</time>
   </trkpt>
   <trkpt lat="22.5060820" lon="88.3455230">
    <ele>10.4</ele>
    <time>2025-10-28T14:59:35Z</time>
   </trkpt>
   <trkpt lat="22.5060930" lon="88.3455440">
    <ele>10.4</ele>
    <time>2025-10-28T14:59:36Z</time>
   </trkpt>
   <trkpt lat="22.5061010" lon="88.3455500">
    <ele>10.4</ele>
    <time>2025-10-28T14:59:37Z</time>
   </trkpt>
   <trkpt lat="22.5061080" lon="88.3455570">
    <ele>10.4</ele>
    <time>2025-10-28T14:59:38Z</time>
   </trkpt>
   <trkpt lat="22.5061150" lon="88.3455630">
    <ele>10.4</ele>
    <time>2025-10-28T14:59:39Z</time>
   </trkpt>
   <trkpt lat="22.5061300" lon="88.3455870">
    <ele>10.4</ele>
    <time>2025-10-28T14:59:40Z</time>
   </trkpt>
   <trkpt lat="22.5061350" lon="88.3455960">
    <ele>10.4</ele>
    <time>2025-10-28T14:59:41Z</time>
   </trkpt>
   <trkpt lat="22.5061470" lon="88.3455950">
    <ele>10.4</ele>
    <time>2025-10-28T14:59:42Z</time>
   </trkpt>
   <trkpt lat="22.5061500" lon="88.3456070">
    <ele>10.4</ele>
    <time>2025-10-28T14:59:43Z</time>
   </trkpt>
   <trkpt lat="22.5061630" lon="88.3456150">
    <ele>10.4</ele>
    <time>2025-10-28T14:59:44Z</time>
   </trkpt>
   <trkpt lat="22.5062010" lon="88.3456490">
    <ele>10.3</ele>
    <time>2025-10-28T14:59:45Z</time>
   </trkpt>
   <trkpt lat="22.5062240" lon="88.3456700">
    <ele>10.3</ele>
    <time>2025-10-28T14:59:46Z</time>
   </trkpt>
   <trkpt lat="22.5062420" lon="88.3456290">
    <ele>10.3</ele>
    <time>2025-10-28T14:59:47Z</time>
   </trkpt>
   <trkpt lat="22.5062410" lon="88.3456290">
    <ele>10.3</ele>
    <time>2025-10-28T14:59:48Z</time>
   </trkpt>
   <trkpt lat="22.5062370" lon="88.3456160">
    <ele>10.3</ele>
    <time>2025-10-28T14:59:49Z</time>
   </trkpt>
   <trkpt lat="22.5062440" lon="88.3456160">
    <ele>10.3</ele>
    <time>2025-10-28T14:59:50Z</time>
   </trkpt>
   <trkpt lat="22.5062500" lon="88.3456120">
    <ele>10.3</ele>
    <time>2025-10-28T14:59:51Z</time>
   </trkpt>
   <trkpt lat="22.5062650" lon="88.3456150">
    <ele>10.3</ele>
    <time>2025-10-28T14:59:52Z</time>
   </trkpt>
   <trkpt lat="22.5062740" lon="88.3456210">
    <ele>10.3</ele>
    <time>2025-10-28T14:59:53Z</time>
   </trkpt>
   <trkpt lat="22.5062850" lon="88.3456280">
    <ele>10.3</ele>
    <time>2025-10-28T14:59:54Z</time>
   </trkpt>
   <trkpt lat="22.5062980" lon="88.3456300">
    <ele>10.3</ele>
    <time>2025-10-28T14:59:55Z</time>
   </trkpt>
   <trkpt lat="22.5063050" lon="88.3456290">
    <ele>10.3</ele>
    <time>2025-10-28T14:59:56Z</time>
   </trkpt>
   <trkpt lat="22.5063160" lon="88.3456340">
    <ele>10.3</ele>
    <time>2025-10-28T14:59:57Z</time>
   </trkpt>
   <trkpt lat="22.5063220" lon="88.3456390">
    <ele>10.3</ele>
    <time>2025-10-28T14:59:58Z</time>
   </trkpt>
   <trkpt lat="22.5063330" lon="88.3456450">
    <ele>10.3</ele>
    <time>2025-10-28T14:59:59Z</time>
   </trkpt>
   <trkpt lat="22.5063410" lon="88.3456430">
    <ele>10.3</ele>
    <time>2025-10-28T15:00:00Z</time>
   </trkpt>
   <trkpt lat="22.5063530" lon="88.3456360">
    <ele>10.3</ele>
    <time>2025-10-28T15:00:01Z</time>
   </trkpt>
   <trkpt lat="22.5063610" lon="88.3456360">
    <ele>10.3</ele>
    <time>2025-10-28T15:00:02Z</time>
   </trkpt>
   <trkpt lat="22.5063630" lon="88.3456100">
    <ele>10.3</ele>
    <time>2025-10-28T15:00:03Z</time>
   </trkpt>
   <trkpt lat="22.5063660" lon="88.3456170">
    <ele>10.3</ele>
    <time>2025-10-28T15:00:04Z</time>
   </trkpt>
   <trkpt lat="22.5063700" lon="88.3456210">
    <ele>10.3</ele>
    <time>2025-10-28T15:00:05Z</time>
   </trkpt>
   <trkpt lat="22.5063780" lon="88.3456070">
    <ele>10.3</ele>
    <time>2025-10-28T15:00:06Z</time>
   </trkpt>
   <trkpt lat="22.5063860" lon="88.3455990">
    <ele>10.3</ele>
    <time>2025-10-28T15:00:07Z</time>
   </trkpt>
   <trkpt lat="22.5064010" lon="88.3455900">
    <ele>10.3</ele>
    <time>2025-10-28T15:00:08Z</time>
   </trkpt>
   <trkpt lat="22.5064170" lon="88.3455820">
    <ele>10.3</ele>
    <time>2025-10-28T15:00:09Z</time>
   </trkpt>
   <trkpt lat="22.5064310" lon="88.3455830">
    <ele>10.3</ele>
    <time>2025-10-28T15:00:10Z</time>
   </trkpt>
   <trkpt lat="22.5064430" lon="88.3455850">
    <ele>10.3</ele>
    <time>2025-10-28T15:00:11Z</time>
   </trkpt>
   <trkpt lat="22.5064550" lon="88.3455860">
    <ele>10.3</ele>
    <time>2025-10-28T15:00:12Z</time>
   </trkpt>
   <trkpt lat="22.5064660" lon="88.3455890">
    <ele>10.3</ele>
    <time>2025-10-28T15:00:13Z</time>
   </trkpt>
   <trkpt lat="22.5064860" lon="88.3455970">
    <ele>10.3</ele>
    <time>2025-10-28T15:00:14Z</time>
   </trkpt>
   <trkpt lat="22.5064940" lon="88.3456000">
    <ele>10.3</ele>
    <time>2025-10-28T15:00:15Z</time>
   </trkpt>
   <trkpt lat="22.5065020" lon="88.3456030">
    <ele>10.3</ele>
    <time>2025-10-28T15:00:16Z</time>
   </trkpt>
   <trkpt lat="22.5065160" lon="88.3456110">
    <ele>10.3</ele>
    <time>2025-10-28T15:00:17Z</time>
   </trkpt>
   <trkpt lat="22.5065320" lon="88.3456200">
    <ele>10.3</ele>
    <time>2025-10-28T15:00:18Z</time>
   </trkpt>
   <trkpt lat="22.5065480" lon="88.3456290">
    <ele>10.3</ele>
    <time>2025-10-28T15:00:19Z</time>
   </trkpt>
   <trkpt lat="22.5065600" lon="88.3456390">
    <ele>10.3</ele>
    <time>2025-10-28T15:00:20Z</time>
   </trkpt>
   <trkpt lat="22.5065710" lon="88.3456350">
    <ele>10.3</ele>
    <time>2025-10-28T15:00:21Z</time>
   </trkpt>
   <trkpt lat="22.5065810" lon="88.3456290">
    <ele>10.3</ele>
    <time>2025-10-28T15:00:22Z</time>
   </trkpt>
   <trkpt lat="22.5065950" lon="88.3456320">
    <ele>10.3</ele>
    <time>2025-10-28T15:00:23Z</time>
   </trkpt>
   <trkpt lat="22.5066130" lon="88.3456460">
    <ele>10.3</ele>
    <time>2025-10-28T15:00:24Z</time>
   </trkpt>
   <trkpt lat="22.5066210" lon="88.3456500">
    <ele>10.3</ele>
    <time>2025-10-28T15:00:25Z</time>
   </trkpt>
   <trkpt lat="22.5066290" lon="88.3456550">
    <ele>10.3</ele>
    <time>2025-10-28T15:00:26Z</time>
   </trkpt>
   <trkpt lat="22.5066390" lon="88.3456600">
    <ele>10.3</ele>
    <time>2025-10-28T15:00:27Z</time>
   </trkpt>
   <trkpt lat="22.5066490" lon="88.3456550">
    <ele>10.3</ele>
    <time>2025-10-28T15:00:28Z</time>
   </trkpt>
   <trkpt lat="22.5066600" lon="88.3456530">
    <ele>10.3</ele>
    <time>2025-10-28T15:00:29Z</time>
   </trkpt>
   <trkpt lat="22.5066700" lon="88.3456520">
    <ele>10.3</ele>
    <time>2025-10-28T15:00:30Z</time>
   </trkpt>
   <trkpt lat="22.5066830" lon="88.3456480">
    <ele>10.3</ele>
    <time>2025-10-28T15:00:31Z</time>
   </trkpt>
   <trkpt lat="22.5066940" lon="88.3456480">
    <ele>10.3</ele>
    <time>2025-10-28T15:00:32Z</time>
   </trkpt>
   <trkpt lat="22.5067040" lon="88.3456490">
    <ele>10.3</ele>
    <time>2025-10-28T15:00:33Z</time>
   </trkpt>
   <trkpt lat="22.5067130" lon="88.3456460">
    <ele>10.3</ele>
    <time>2025-10-28T15:00:34Z</time>
   </trkpt>
   <trkpt lat="22.5067240" lon="88.3456450">
    <ele>10.3</ele>
    <time>2025-10-28T15:00:35Z</time>
   </trkpt>
   <trkpt lat="22.5067410" lon="88.3456440">
    <ele>10.3</ele>
    <time>2025-10-28T15:00:36Z</time>
   </trkpt>
   <trkpt lat="22.5067510" lon="88.3456420">
    <ele>10.3</ele>
    <time>2025-10-28T15:00:37Z</time>
   </trkpt>
   <trkpt lat="22.5067620" lon="88.3456370">
    <ele>10.3</ele>
    <time>2025-10-28T15:00:38Z</time>
   </trkpt>
   <trkpt lat="22.5067730" lon="88.3456360">
    <ele>10.3</ele>
    <time>2025-10-28T15:00:39Z</time>
   </trkpt>
   <trkpt lat="22.5067860" lon="88.3456350">
    <ele>10.3</ele>
    <time>2025-10-28T15:00:40Z</time>
   </trkpt>
   <trkpt lat="22.5067970" lon="88.3456390">
    <ele>10.3</ele>
    <time>2025-10-28T15:00:41Z</time>
   </trkpt>
   <trkpt lat="22.5067990" lon="88.3456390">
    <ele>10.3</ele>
    <time>2025-10-28T15:00:42Z</time>
   </trkpt>
   <trkpt lat="22.5068090" lon="88.3456300">
    <ele>10.3</ele>
    <time>2025-10-28T15:00:43Z</time>
   </trkpt>
   <trkpt lat="22.5068190" lon="88.3456320">
    <ele>10.3</ele>
    <time>2025-10-28T15:00:44Z</time>
   </trkpt>
   <trkpt lat="22.5068330" lon="88.3456270">
    <ele>10.3</ele>
    <time>2025-10-28T15:00:45Z</time>
   </trkpt>
   <trkpt lat="22.5068530" lon="88.3456280">
    <ele>10.3</ele>
    <time>2025-10-28T15:00:46Z</time>
   </trkpt>
   <trkpt lat="22.5068650" lon="88.3456270">
    <ele>10.3</ele>
    <time>2025-10-28T15:00:47Z</time>
   </trkpt>
   <trkpt lat="22.5068790" lon="88.3456250">
    <ele>10.3</ele>
    <time>2025-10-28T15:00:48Z</time>
   </trkpt>
   <trkpt lat="22.5068860" lon="88.3456280">
    <ele>10.3</ele>
    <time>2025-10-28T15:00:49Z</time>
   </trkpt>
   <trkpt lat="22.5068930" lon="88.3456300">
    <ele>10.3</ele>
    <time>2025-10-28T15:00:50Z</time>
   </trkpt>
   <trkpt lat="22.5068980" lon="88.3456290">
    <ele>10.3</ele>
    <time>2025-10-28T15:00:51Z</time>
   </trkpt>
   <trkpt lat="22.5069150" lon="88.3456440">
    <ele>10.3</ele>
    <time>2025-10-28T15:00:52Z</time>
   </trkpt>
   <trkpt lat="22.5069270" lon="88.3456390">
    <ele>10.3</ele>
    <time>2025-10-28T15:00:53Z</time>
   </trkpt>
   <trkpt lat="22.5069310" lon="88.3456460">
    <ele>10.3</ele>
    <time>2025-10-28T15:00:54Z</time>
   </trkpt>
   <trkpt lat="22.5069480" lon="88.3456480">
    <ele>10.3</ele>
    <time>2025-10-28T15:00:55Z</time>
   </trkpt>
   <trkpt lat="22.5069620" lon="88.3456500">
    <ele>10.3</ele>
    <time>2025-10-28T15:00:56Z</time>
   </trkpt>
   <trkpt lat="22.5069760" lon="88.3456500">
    <ele>10.3</ele>
    <time>2025-10-28T15:00:57Z</time>
   </trkpt>
   <trkpt lat="22.5069910" lon="88.3456500">
    <ele>10.3</ele>
    <time>2025-10-28T15:00:58Z</time>
   </trkpt>
   <trkpt lat="22.5070030" lon="88.3456510">
    <ele>10.3</ele>
    <time>2025-10-28T15:00:59Z</time>
   </trkpt>
   <trkpt lat="22.5070120" lon="88.3456550">
    <ele>10.3</ele>
    <time>2025-10-28T15:01:00Z</time>
   </trkpt>
   <trkpt lat="22.5070200" lon="88.3456550">
    <ele>10.3</ele>
    <time>2025-10-28T15:01:01Z</time>
   </trkpt>
   <trkpt lat="22.5070300" lon="88.3456560">
    <ele>10.3</ele>
    <time>2025-10-28T15:01:02Z</time>
   </trkpt>
   <trkpt lat="22.5070400" lon="88.3456580">
    <ele>10.3</ele>
    <time>2025-10-28T15:01:03Z</time>
   </trkpt>
   <trkpt lat="22.5070490" lon="88.3456590">
    <ele>10.3</ele>
    <time>2025-10-28T15:01:04Z</time>
   </trkpt>
   <trkpt lat="22.5070620" lon="88.3456530">
    <ele>10.3</ele>
    <time>2025-10-28T15:01:05Z</time>
   </trkpt>
   <trkpt lat="22.5070670" lon="88.3456680">
    <ele>10.3</ele>
    <time>2025-10-28T15:01:06Z</time>
   </trkpt>
   <trkpt lat="22.5070750" lon="88.3456850">
    <ele>10.3</ele>
    <time>2025-10-28T15:01:07Z</time>
   </trkpt>
   <trkpt lat="22.5070900" lon="88.3456930">
    <ele>10.3</ele>
    <time>2025-10-28T15:01:08Z</time>
   </trkpt>
   <trkpt lat="22.5071020" lon="88.3457040">
    <ele>10.3</ele>
    <time>2025-10-28T15:01:09Z</time>
   </trkpt>
   <trkpt lat="22.5071180" lon="88.3457140">
    <ele>10.3</ele>
    <time>2025-10-28T15:01:10Z</time>
   </trkpt>
   <trkpt lat="22.5071230" lon="88.3457110">
    <ele>10.2</ele>
    <time>2025-10-28T15:01:11Z</time>
   </trkpt>
   <trkpt lat="22.5071360" lon="88.3457120">
    <ele>10.2</ele>
    <time>2025-10-28T15:01:12Z</time>
   </trkpt>
   <trkpt lat="22.5071520" lon="88.3457140">
    <ele>10.2</ele>
    <time>2025-10-28T15:01:13Z</time>
   </trkpt>
   <trkpt lat="22.5071670" lon="88.3457250">
    <ele>10.2</ele>
    <time>2025-10-28T15:01:14Z</time>
   </trkpt>
   <trkpt lat="22.5071830" lon="88.3457350">
    <ele>10.2</ele>
    <time>2025-10-28T15:01:15Z</time>
   </trkpt>
   <trkpt lat="22.5071900" lon="88.3457410">
    <ele>10.2</ele>
    <time>2025-10-28T15:01:16Z</time>
   </trkpt>
   <trkpt lat="22.5072000" lon="88.3457490">
    <ele>10.2</ele>
    <time>2025-10-28T15:01:17Z</time>
   </trkpt>
   <trkpt lat="22.5072110" lon="88.3457460">
    <ele>10.2</ele>
    <time>2025-10-28T15:01:18Z</time>
   </trkpt>
   <trkpt lat="22.5072200" lon="88.3457430">
    <ele>10.2</ele>
    <time>2025-10-28T15:01:19Z</time>
   </trkpt>
   <trkpt lat="22.5072230" lon="88.3457270">
    <ele>10.2</ele>
    <time>2025-10-28T15:01:20Z</time>
   </trkpt>
   <trkpt lat="22.5072290" lon="88.3457180">
    <ele>10.2</ele>
    <time>2025-10-28T15:01:21Z</time>
   </trkpt>
   <trkpt lat="22.5072350" lon="88.3457070">
    <ele>10.2</ele>
    <time>2025-10-28T15:01:22Z</time>
   </trkpt>
   <trkpt lat="22.5072530" lon="88.3457050">
    <ele>10.2</ele>
    <time>2025-10-28T15:01:23Z</time>
   </trkpt>
   <trkpt lat="22.5072630" lon="88.3457070">
    <ele>10.2</ele>
    <time>2025-10-28T15:01:24Z</time>
   </trkpt>
   <trkpt lat="22.5072720" lon="88.3457100">
    <ele>10.2</ele>
    <time>2025-10-28T15:01:25Z</time>
   </trkpt>
   <trkpt lat="22.5072860" lon="88.3456930">
    <ele>10.2</ele>
    <time>2025-10-28T15:01:26Z</time>
   </trkpt>
   <trkpt lat="22.5073020" lon="88.3456890">
    <ele>10.2</ele>
    <time>2025-10-28T15:01:27Z</time>
   </trkpt>
   <trkpt lat="22.5073120" lon="88.3456780">
    <ele>10.2</ele>
    <time>2025-10-28T15:01:28Z</time>
   </trkpt>
   <trkpt lat="22.5073270" lon="88.3456710">
    <ele>10.2</ele>
    <time>2025-10-28T15:01:29Z</time>
   </trkpt>
   <trkpt lat="22.5073370" lon="88.3456630">
    <ele>10.2</ele>
    <time>2025-10-28T15:01:30Z</time>
   </trkpt>
   <trkpt lat="22.5073550" lon="88.3456620">
    <ele>10.2</ele>
    <time>2025-10-28T15:01:31Z</time>
   </trkpt>
   <trkpt lat="22.5073550" lon="88.3456510">
    <ele>10.2</ele>
    <time>2025-10-28T15:01:32Z</time>
   </trkpt>
   <trkpt lat="22.5073680" lon="88.3456450">
    <ele>10.2</ele>
    <time>2025-10-28T15:01:33Z</time>
   </trkpt>
   <trkpt lat="22.5073790" lon="88.3456340">
    <ele>10.2</ele>
    <time>2025-10-28T15:01:34Z</time>
   </trkpt>
   <trkpt lat="22.5073960" lon="88.3456380">
    <ele>10.2</ele>
    <time>2025-10-28T15:01:35Z</time>
   </trkpt>
   <trkpt lat="22.5074060" lon="88.3456430">
    <ele>10.2</ele>
    <time>2025-10-28T15:01:36Z</time>
   </trkpt>
   <trkpt lat="22.5074150" lon="88.3456470">
    <ele>10.2</ele>
    <time>2025-10-28T15:01:37Z</time>
   </trkpt>
   <trkpt lat="22.5074200" lon="88.3456470">
    <ele>10.2</ele>
    <time>2025-10-28T15:01:38Z</time>
   </trkpt>
   <trkpt lat="22.5074200" lon="88.3456460">
    <ele>10.2</ele>
    <time>2025-10-28T15:01:39Z</time>
   </trkpt>
   <trkpt lat="22.5074360" lon="88.3456490">
    <ele>10.2</ele>
    <time>2025-10-28T15:01:40Z</time>
   </trkpt>
   <trkpt lat="22.5074440" lon="88.3456390">
    <ele>10.2</ele>
    <time>2025-10-28T15:01:41Z</time>
   </trkpt>
   <trkpt lat="22.5074500" lon="88.3456220">
    <ele>10.2</ele>
    <time>2025-10-28T15:01:42Z</time>
   </trkpt>
   <trkpt lat="22.5074530" lon="88.3456190">
    <ele>10.2</ele>
    <time>2025-10-28T15:01:43Z</time>
   </trkpt>
   <trkpt lat="22.5074650" lon="88.3456110">
    <ele>10.2</ele>
    <time>2025-10-28T15:01:44Z</time>
   </trkpt>
   <trkpt lat="22.5074950" lon="88.3455900">
    <ele>10.2</ele>
    <time>2025-10-28T15:01:45Z</time>
   </trkpt>
   <trkpt lat="22.5075030" lon="88.3455850">
    <ele>10.2</ele>
    <time>2025-10-28T15:01:46Z</time>
   </trkpt>
   <trkpt lat="22.5075180" lon="88.3455910">
    <ele>10.2</ele>
    <time>2025-10-28T15:01:47Z</time>
   </trkpt>
   <trkpt lat="22.5075300" lon="88.3455760">
    <ele>10.2</ele>
    <time>2025-10-28T15:01:48Z</time>
   </trkpt>
   <trkpt lat="22.5075580" lon="88.3455680">
    <ele>10.2</ele>
    <time>2025-10-28T15:01:49Z</time>
   </trkpt>
   <trkpt lat="22.5075670" lon="88.3455670">
    <ele>10.2</ele>
    <time>2025-10-28T15:01:50Z</time>
   </trkpt>
   <trkpt lat="22.5075840" lon="88.3455950">
    <ele>10.2</ele>
    <time>2025-10-28T15:01:51Z</time>
   </trkpt>
   <trkpt lat="22.5075900" lon="88.3456070">
    <ele>10.2</ele>
    <time>2025-10-28T15:01:52Z</time>
   </trkpt>
   <trkpt lat="22.5076030" lon="88.3456390">
    <ele>10.2</ele>
    <time>2025-10-28T15:01:53Z</time>
   </trkpt>
   <trkpt lat="22.5076080" lon="88.3456450">
    <ele>10.2</ele>
    <time>2025-10-28T15:01:54Z</time>
   </trkpt>
   <trkpt lat="22.5076210" lon="88.3456470">
    <ele>10.2</ele>
    <time>2025-10-28T15:01:55Z</time>
   </trkpt>
   <trkpt lat="22.5076360" lon="88.3456500">
    <ele>10.2</ele>
    <time>2025-10-28T15:01:56Z</time>
   </trkpt>
   <trkpt lat="22.5076490" lon="88.3456530">
    <ele>10.2</ele>
    <time>2025-10-28T15:01:57Z</time>
   </trkpt>
   <trkpt lat="22.5076550" lon="88.3456490">
    <ele>10.2</ele>
    <time>2025-10-28T15:01:58Z</time>
   </trkpt>
   <trkpt lat="22.5076720" lon="88.3456480">
    <ele>10.2</ele>
    <time>2025-10-28T15:01:59Z</time>
   </trkpt>
   <trkpt lat="22.5076790" lon="88.3456500">
    <ele>10.2</ele>
    <time>2025-10-28T15:02:00Z</time>
   </trkpt>
   <trkpt lat="22.5076920" lon="88.3456510">
    <ele>10.2</ele>
    <time>2025-10-28T15:02:01Z</time>
   </trkpt>
   <trkpt lat="22.5077010" lon="88.3456540">
    <ele>10.2</ele>
    <time>2025-10-28T15:02:02Z</time>
   </trkpt>
   <trkpt lat="22.5077180" lon="88.3456580">
    <ele>10.2</ele>
    <time>2025-10-28T15:02:03Z</time>
   </trkpt>
   <trkpt lat="22.5077320" lon="88.3456580">
    <ele>10.2</ele>
    <time>2025-10-28T15:02:04Z</time>
   </trkpt>
   <trkpt lat="22.5077590" lon="88.3456400">
    <ele>10.2</ele>
    <time>2025-10-28T15:02:05Z</time>
   </trkpt>
   <trkpt lat="22.5077670" lon="88.3456380">
    <ele>10.2</ele>
    <time>2025-10-28T15:02:06Z</time>
   </trkpt>
   <trkpt lat="22.5077980" lon="88.3456290">
    <ele>10.2</ele>
    <time>2025-10-28T15:02:07Z</time>
   </trkpt>
   <trkpt lat="22.5078050" lon="88.3456270">
    <ele>10.2</ele>
    <time>2025-10-28T15:02:08Z</time>
   </trkpt>
   <trkpt lat="22.5078200" lon="88.3456270">
    <ele>10.2</ele>
    <time>2025-10-28T15:02:09Z</time>
   </trkpt>
   <trkpt lat="22.5078320" lon="88.3456300">
    <ele>10.2</ele>
    <time>2025-10-28T15:02:10Z</time>
   </trkpt>
   <trkpt lat="22.5078330" lon="88.3456290">
    <ele>10.2</ele>
    <time>2025-10-28T15:02:11Z</time>
   </trkpt>
   <trkpt lat="22.5078420" lon="88.3456280">
    <ele>10.2</ele>
    <time>2025-10-28T15:02:12Z</time>
   </trkpt>
   <trkpt lat="22.5078520" lon="88.3456160">
    <ele>10.2</ele>
    <time>2025-10-28T15:02:13Z</time>
   </trkpt>
   <trkpt lat="22.5078620" lon="88.3456160">
    <ele>10.2</ele>
    <time>2025-10-28T15:02:14Z</time>
   </trkpt>
   <trkpt lat="22.5078710" lon="88.3456190">
    <ele>10.2</ele>
    <time>2025-10-28T15:02:15Z</time>
   </trkpt>
   <trkpt lat="22.5078820" lon="88.3456210">
    <ele>10.2</ele>
    <time>2025-10-28T15:02:16Z</time>
   </trkpt>
   <trkpt lat="22.5078930" lon="88.3456110">
    <ele>10.2</ele>
    <time>2025-10-28T15:02:17Z</time>
   </trkpt>
   <trkpt lat="22.5079070" lon="88.3456240">
    <ele>10.2</ele>
    <time>2025-10-28T15:02:18Z</time>
   </trkpt>
   <trkpt lat="22.5079140" lon="88.3456300">
    <ele>10.2</ele>
    <time>2025-10-28T15:02:19Z</time>
   </trkpt>
   <trkpt lat="22.5079220" lon="88.3456370">
    <ele>10.2</ele>
    <time>2025-10-28T15:02:20Z</time>
   </trkpt>
   <trkpt lat="22.5079330" lon="88.3456560">
    <ele>10.2</ele>
    <time>2025-10-28T15:02:21Z</time>
   </trkpt>
   <trkpt lat="22.5079440" lon="88.3456620">
    <ele>10.1</ele>
    <time>2025-10-28T15:02:22Z</time>
   </trkpt>
   <trkpt lat="22.5079550" lon="88.3456600">
    <ele>10.1</ele>
    <time>2025-10-28T15:02:23Z</time>
   </trkpt>
   <trkpt lat="22.5079660" lon="88.3456630">
    <ele>10.1</ele>
    <time>2025-10-28T15:02:24Z</time>
   </trkpt>
   <trkpt lat="22.5079770" lon="88.3456660">
    <ele>10.1</ele>
    <time>2025-10-28T15:02:25Z</time>
   </trkpt>
   <trkpt lat="22.5079880" lon="88.3456690">
    <ele>10.1</ele>
    <time>2025-10-28T15:02:26Z</time>
   </trkpt>
   <trkpt lat="22.5080120" lon="88.3456820">
    <ele>10.1</ele>
    <time>2025-10-28T15:02:27Z</time>
   </trkpt>
   <trkpt lat="22.5080220" lon="88.3456850">
    <ele>10.1</ele>
    <time>2025-10-28T15:02:28Z</time>
   </trkpt>
   <trkpt lat="22.5080170" lon="88.3456710">
    <ele>10.1</ele>
    <time>2025-10-28T15:02:29Z</time>
   </trkpt>
   <trkpt lat="22.5079940" lon="88.3456650">
    <ele>10.1</ele>
    <time>2025-10-28T15:02:30Z</time>
   </trkpt>
   <trkpt lat="22.5079570" lon="88.3456660">
    <ele>10.1</ele>
    <time>2025-10-28T15:02:31Z</time>
   </trkpt>
   <trkpt lat="22.5080650" lon="88.3456650">
    <ele>10.1</ele>
    <time>2025-10-28T15:02:32Z</time>
   </trkpt>
   <trkpt lat="22.5080640" lon="88.3456530">
    <ele>10.1</ele>
    <time>2025-10-28T15:02:33Z</time>
   </trkpt>
   <trkpt lat="22.5080780" lon="88.3456550">
    <ele>10.1</ele>
    <time>2025-10-28T15:02:34Z</time>
   </trkpt>
   <trkpt lat="22.5080910" lon="88.3456580">
    <ele>10.1</ele>
    <time>2025-10-28T15:02:35Z</time>
   </trkpt>
   <trkpt lat="22.5081050" lon="88.3456600">
    <ele>10.1</ele>
    <time>2025-10-28T15:02:36Z</time>
   </trkpt>
   <trkpt lat="22.5081280" lon="88.3456540">
    <ele>10.1</ele>
    <time>2025-10-28T15:02:37Z</time>
   </trkpt>
   <trkpt lat="22.5081360" lon="88.3456560">
    <ele>10.1</ele>
    <time>2025-10-28T15:02:38Z</time>
   </trkpt>
   <trkpt lat="22.5081430" lon="88.3456570">
    <ele>10.1</ele>
    <time>2025-10-28T15:02:39Z</time>
   </trkpt>
   <trkpt lat="22.5081500" lon="88.3456550">
    <ele>10.1</ele>
    <time>2025-10-28T15:02:40Z</time>
   </trkpt>
   <trkpt lat="22.5081610" lon="88.3456560">
    <ele>10.1</ele>
    <time>2025-10-28T15:02:41Z</time>
   </trkpt>
   <trkpt lat="22.5081750" lon="88.3456580">
    <ele>10.1</ele>
    <time>2025-10-28T15:02:42Z</time>
   </trkpt>
   <trkpt lat="22.5082090" lon="88.3456530">
    <ele>10.1</ele>
    <time>2025-10-28T15:02:43Z</time>
   </trkpt>
   <trkpt lat="22.5082200" lon="88.3456470">
    <ele>10.1</ele>
    <time>2025-10-28T15:02:44Z</time>
   </trkpt>
   <trkpt lat="22.5082610" lon="88.3456620">
    <ele>10.1</ele>
    <time>2025-10-28T15:02:45Z</time>
   </trkpt>
   <trkpt lat="22.5083020" lon="88.3456730">
    <ele>10.1</ele>
    <time>2025-10-28T15:02:46Z</time>
   </trkpt>
   <trkpt lat="22.5083310" lon="88.3456830">
    <ele>10.1</ele>
    <time>2025-10-28T15:02:47Z</time>
   </trkpt>
   <trkpt lat="22.5083410" lon="88.3456880">
    <ele>10.1</ele>
    <time>2025-10-28T15:02:48Z</time>
   </trkpt>
   <trkpt lat="22.5083480" lon="88.3457620">
    <ele>10.1</ele>
    <time>2025-10-28T15:02:49Z</time>
   </trkpt>
   <trkpt lat="22.5083640" lon="88.3458070">
    <ele>10.1</ele>
    <time>2025-10-28T15:02:50Z</time>
   </trkpt>
   <trkpt lat="22.5083870" lon="88.3458390">
    <ele>10.1</ele>
    <time>2025-10-28T15:02:51Z</time>
   </trkpt>
   <trkpt lat="22.5084170" lon="88.3458610">
    <ele>10.1</ele>
    <time>2025-10-28T15:02:52Z</time>
   </trkpt>
   <trkpt lat="22.5084290" lon="88.3458660">
    <ele>10.1</ele>
    <time>2025-10-28T15:02:53Z</time>
   </trkpt>
   <trkpt lat="22.5084700" lon="88.3458500">
    <ele>10.1</ele>
    <time>2025-10-28T15:02:54Z</time>
   </trkpt>
   <trkpt lat="22.5085050" lon="88.3458450">
    <ele>10.1</ele>
    <time>2025-10-28T15:02:55Z</time>
   </trkpt>
   <trkpt lat="22.5085050" lon="88.3458500">
    <ele>10.1</ele>
    <time>2025-10-28T15:02:56Z</time>
   </trkpt>
   <trkpt lat="22.5085320" lon="88.3458400">
    <ele>10.1</ele>
    <time>2025-10-28T15:02:57Z</time>
   </trkpt>
   <trkpt lat="22.5085710" lon="88.3457500">
    <ele>10.1</ele>
    <time>2025-10-28T15:02:58Z</time>
   </trkpt>
   <trkpt lat="22.5085860" lon="88.3457230">
    <ele>10.1</ele>
    <time>2025-10-28T15:02:59Z</time>
   </trkpt>
   <trkpt lat="22.5085910" lon="88.3457040">
    <ele>10.1</ele>
    <time>2025-10-28T15:03:00Z</time>
   </trkpt>
   <trkpt lat="22.5085980" lon="88.3456900">
    <ele>10.1</ele>
    <time>2025-10-28T15:03:01Z</time>
   </trkpt>
   <trkpt lat="22.5086020" lon="88.3456780">
    <ele>10.1</ele>
    <time>2025-10-28T15:03:02Z</time>
   </trkpt>
   <trkpt lat="22.5085960" lon="88.3456700">
    <ele>10.1</ele>
    <time>2025-10-28T15:03:03Z</time>
   </trkpt>
   <trkpt lat="22.5085790" lon="88.3456670">
    <ele>10.1</ele>
    <time>2025-10-28T15:03:04Z</time>
   </trkpt>
   <trkpt lat="22.5085950" lon="88.3456760">
    <ele>10.1</ele>
    <time>2025-10-28T15:03:05Z</time>
   </trkpt>
   <trkpt lat="22.5085990" lon="88.3456800">
    <ele>10.1</ele>
    <time>2025-10-28T15:03:06Z</time>
   </trkpt>
   <trkpt lat="22.5086030" lon="88.3456820">
    <ele>10.1</ele>
    <time>2025-10-28T15:03:07Z</time>
   </trkpt>
   <trkpt lat="22.5086410" lon="88.3456900">
    <ele>10.1</ele>
    <time>2025-10-28T15:03:08Z</time>
   </trkpt>
   <trkpt lat="22.5086650" lon="88.3456910">
    <ele>10.1</ele>
    <time>2025-10-28T15:03:09Z</time>
   </trkpt>
   <trkpt lat="22.5086930" lon="88.3456940">
    <ele>10.1</ele>
    <time>2025-10-28T15:03:10Z</time>
   </trkpt>
   <trkpt lat="22.5087140" lon="88.3456950">
    <ele>10.1</ele>
    <time>2025-10-28T15:03:11Z</time>
   </trkpt>
   <trkpt lat="22.5087220" lon="88.3456920">
    <ele>10.1</ele>
    <time>2025-10-28T15:03:12Z</time>
   </trkpt>
   <trkpt lat="22.5087290" lon="88.3456880">
    <ele>10.1</ele>
    <time>2025-10-28T15:03:13Z</time>
   </trkpt>
   <trkpt lat="22.5087390" lon="88.3456930">
    <ele>10.1</ele>
    <time>2025-10-28T15:03:14Z</time>
   </trkpt>
   <trkpt lat="22.5087510" lon="88.3457040">
    <ele>10.1</ele>
    <time>2025-10-28T15:03:15Z</time>
   </trkpt>
   <trkpt lat="22.5087620" lon="88.3457020">
    <ele>10.1</ele>
    <time>2025-10-28T15:03:16Z</time>
   </trkpt>
   <trkpt lat="22.5087710" lon="88.3457060">
    <ele>10.1</ele>
    <time>2025-10-28T15:03:17Z</time>
   </trkpt>
   <trkpt lat="22.5087820" lon="88.3457100">
    <ele>10.1</ele>
    <time>2025-10-28T15:03:18Z</time>
   </trkpt>
   <trkpt lat="22.5087800" lon="88.3457190">
    <ele>10.1</ele>
    <time>2025-10-28T15:03:19Z</time>
   </trkpt>
   <trkpt lat="22.5087760" lon="88.3457310">
    <ele>10.1</ele>
    <time>2025-10-28T15:03:20Z</time>
   </trkpt>
   <trkpt lat="22.5087900" lon="88.3457360">
    <ele>10.2</ele>
    <time>2025-10-28T15:03:21Z</time>
   </trkpt>
   <trkpt lat="22.5088060" lon="88.3457330">
    <ele>10.2</ele>
    <time>2025-10-28T15:03:22Z</time>
   </trkpt>
   <trkpt lat="22.5088220" lon="88.3457300">
    <ele>10.2</ele>
    <time>2025-10-28T15:03:23Z</time>
   </trkpt>
   <trkpt lat="22.5088490" lon="88.3457030">
    <ele>10.2</ele>
    <time>2025-10-28T15:03:24Z</time>
   </trkpt>
   <trkpt lat="22.5088570" lon="88.3456890">
    <ele>10.2</ele>
    <time>2025-10-28T15:03:25Z</time>
   </trkpt>
   <trkpt lat="22.5088750" lon="88.3457100">
    <ele>10.2</ele>
    <time>2025-10-28T15:03:26Z</time>
   </trkpt>
   <trkpt lat="22.5088870" lon="88.3457050">
    <ele>10.2</ele>
    <time>2025-10-28T15:03:27Z</time>
   </trkpt>
   <trkpt lat="22.5089080" lon="88.3457110">
    <ele>10.2</ele>
    <time>2025-10-28T15:03:28Z</time>
   </trkpt>
   <trkpt lat="22.5089160" lon="88.3457130">
    <ele>10.2</ele>
    <time>2025-10-28T15:03:29Z</time>
   </trkpt>
   <trkpt lat="22.5089250" lon="88.3457140">
    <ele>10.2</ele>
    <time>2025-10-28T15:03:30Z</time>
   </trkpt>
   <trkpt lat="22.5089360" lon="88.3457190">
    <ele>10.2</ele>
    <time>2025-10-28T15:03:31Z</time>
   </trkpt>
   <trkpt lat="22.5089470" lon="88.3457290">
    <ele>10.2</ele>
    <time>2025-10-28T15:03:32Z</time>
   </trkpt>
   <trkpt lat="22.5089570" lon="88.3457300">
    <ele>10.2</ele>
    <time>2025-10-28T15:03:33Z</time>
   </trkpt>
   <trkpt lat="22.5089680" lon="88.3457280">
    <ele>10.2</ele>
    <time>2025-10-28T15:03:34Z</time>
   </trkpt>
   <trkpt lat="22.5089790" lon="88.3457100">
    <ele>10.2</ele>
    <time>2025-10-28T15:03:35Z</time>
   </trkpt>
   <trkpt lat="22.5089740" lon="88.3457340">
    <ele>10.2</ele>
    <time>2025-10-28T15:03:36Z</time>
   </trkpt>
   <trkpt lat="22.5089820" lon="88.3457370">
    <ele>10.2</ele>
    <time>2025-10-28T15:03:37Z</time>
   </trkpt>
   <trkpt lat="22.5089880" lon="88.3457390">
    <ele>10.2</ele>
    <time>2025-10-28T15:03:38Z</time>
   </trkpt>
   <trkpt lat="22.5089900" lon="88.3457490">
    <ele>10.2</ele>
    <time>2025-10-28T15:03:39Z</time>
   </trkpt>
   <trkpt lat="22.5089990" lon="88.3457520">
    <ele>10.2</ele>
    <time>2025-10-28T15:03:40Z</time>
   </trkpt>
   <trkpt lat="22.5090070" lon="88.3457490">
    <ele>10.2</ele>
    <time>2025-10-28T15:03:41Z</time>
   </trkpt>
   <trkpt lat="22.5090200" lon="88.3457510">
    <ele>10.2</ele>
    <time>2025-10-28T15:03:42Z</time>
   </trkpt>
   <trkpt lat="22.5090350" lon="88.3457490">
    <ele>10.2</ele>
    <time>2025-10-28T15:03:43Z</time>
   </trkpt>
   <trkpt lat="22.5090530" lon="88.3457620">
    <ele>10.2</ele>
    <time>2025-10-28T15:03:44Z</time>
   </trkpt>
   <trkpt lat="22.5090700" lon="88.3457660">
    <ele>10.2</ele>
    <time>2025-10-28T15:03:45Z</time>
   </trkpt>
   <trkpt lat="22.5090790" lon="88.3457690">
    <ele>10.2</ele>
    <time>2025-10-28T15:03:46Z</time>
   </trkpt>
   <trkpt lat="22.5090940" lon="88.3457790">
    <ele>10.3</ele>
    <time>2025-10-28T15:03:47Z</time>
   </trkpt>
   <trkpt lat="22.5091110" lon="88.3457870">
    <ele>10.3</ele>
    <time>2025-10-28T15:03:48Z</time>
   </trkpt>
   <trkpt lat="22.5091180" lon="88.3457920">
    <ele>10.3</ele>
    <time>2025-10-28T15:03:49Z</time>
   </trkpt>
   <trkpt lat="22.5091280" lon="88.3457980">
    <ele>10.3</ele>
    <time>2025-10-28T15:03:50Z</time>
   </trkpt>
   <trkpt lat="22.5090920" lon="88.3457770">
    <ele>10.3</ele>
    <time>2025-10-28T15:03:51Z</time>
   </trkpt>
   <trkpt lat="22.5090830" lon="88.3457800">
    <ele>10.3</ele>
    <time>2025-10-28T15:03:52Z</time>
   </trkpt>
   <trkpt lat="22.5090710" lon="88.3457900">
    <ele>10.3</ele>
    <time>2025-10-28T15:03:53Z</time>
   </trkpt>
   <trkpt lat="22.5090730" lon="88.3457910">
    <ele>10.3</ele>
    <time>2025-10-28T15:03:54Z</time>
   </trkpt>
   <trkpt lat="22.5090760" lon="88.3457920">
    <ele>10.3</ele>
    <time>2025-10-28T15:03:55Z</time>
   </trkpt>
   <trkpt lat="22.5090780" lon="88.3457930">
    <ele>10.3</ele>
    <time>2025-10-28T15:03:56Z</time>
   </trkpt>
   <trkpt lat="22.5090810" lon="88.3457940">
    <ele>10.3</ele>
    <time>2025-10-28T15:03:57Z</time>
   </trkpt>
   <trkpt lat="22.5090840" lon="88.3457950">
    <ele>10.3</ele>
    <time>2025-10-28T15:03:58Z</time>
   </trkpt>
   <trkpt lat="22.5090860" lon="88.3457960">
    <ele>10.3</ele>
    <time>2025-10-28T15:03:59Z</time>
   </trkpt>
   <trkpt lat="22.5090890" lon="88.3457970">
    <ele>10.3</ele>
    <time>2025-10-28T15:04:00Z</time>
   </trkpt>
   <trkpt lat="22.5090910" lon="88.3457980">
    <ele>10.3</ele>
    <time>2025-10-28T15:04:01Z</time>
   </trkpt>
   <trkpt lat="22.5090940" lon="88.3457990">
    <ele>10.3</ele>
    <time>2025-10-28T15:04:02Z</time>
   </trkpt>
   <trkpt lat="22.5090960" lon="88.3458000">
    <ele>10.3</ele>
    <time>2025-10-28T15:04:03Z</time>
   </trkpt>
   <trkpt lat="22.5090990" lon="88.3458010">
    <ele>10.3</ele>
    <time>2025-10-28T15:04:04Z</time>
   </trkpt>
   <trkpt lat="22.5091020" lon="88.3458020">
    <ele>10.3</ele>
    <time>2025-10-28T15:04:05Z</time>
   </trkpt>
   <trkpt lat="22.5091040" lon="88.3458030">
    <ele>10.3</ele>
    <time>2025-10-28T15:04:06Z</time>
   </trkpt>
   <trkpt lat="22.5091070" lon="88.3458040">
    <ele>10.3</ele>
    <time>2025-10-28T15:04:07Z</time>
   </trkpt>
   <trkpt lat="22.5091090" lon="88.3458050">
    <ele>10.3</ele>
    <time>2025-10-28T15:04:08Z</time>
   </trkpt>
   <trkpt lat="22.5091120" lon="88.3458060">
    <ele>10.3</ele>
    <time>2025-10-28T15:04:09Z</time>
   </trkpt>
   <trkpt lat="22.5091030" lon="88.3458060">
    <ele>10.3</ele>
    <time>2025-10-28T15:04:10Z</time>
   </trkpt>
   <trkpt lat="22.5091030" lon="88.3458050">
    <ele>10.3</ele>
    <time>2025-10-28T15:04:11Z</time>
   </trkpt>
   <trkpt lat="22.5090820" lon="88.3458040">
    <ele>10.3</ele>
    <time>2025-10-28T15:04:12Z</time>
   </trkpt>
   <trkpt lat="22.5090860" lon="88.3458060">
    <ele>10.3</ele>
    <time>2025-10-28T15:04:13Z</time>
   </trkpt>
   <trkpt lat="22.5090960" lon="88.3458100">
    <ele>10.3</ele>
    <time>2025-10-28T15:04:14Z</time>
   </trkpt>
   <trkpt lat="22.5091120" lon="88.3458130">
    <ele>10.3</ele>
    <time>2025-10-28T15:04:15Z</time>
   </trkpt>
   <trkpt lat="22.5091540" lon="88.3458170">
    <ele>10.3</ele>
    <time>2025-10-28T15:04:16Z</time>
   </trkpt>
   <trkpt lat="22.5091700" lon="88.3458180">
    <ele>10.3</ele>
    <time>2025-10-28T15:04:17Z</time>
   </trkpt>
   <trkpt lat="22.5091950" lon="88.3458150">
    <ele>10.3</ele>
    <time>2025-10-28T15:04:18Z</time>
   </trkpt>
   <trkpt lat="22.5092000" lon="88.3458090">
    <ele>10.3</ele>
    <time>2025-10-28T15:04:19Z</time>
   </trkpt>
   <trkpt lat="22.5091930" lon="88.3457990">
    <ele>10.3</ele>
    <time>2025-10-28T15:04:20Z</time>
   </trkpt>
   <trkpt lat="22.5091830" lon="88.3457870">
    <ele>10.2</ele>
    <time>2025-10-28T15:04:21Z</time>
   </trkpt>
   <trkpt lat="22.5091900" lon="88.3457850">
    <ele>10.2</ele>
    <time>2025-10-28T15:04:22Z</time>
   </trkpt>
   <trkpt lat="22.5092060" lon="88.3457850">
    <ele>10.2</ele>
    <time>2025-10-28T15:04:23Z</time>
   </trkpt>
   <trkpt lat="22.5092150" lon="88.3457880">
    <ele>10.2</ele>
    <time>2025-10-28T15:04:24Z</time>
   </trkpt>
   <trkpt lat="22.5092210" lon="88.3457870">
    <ele>10.2</ele>
    <time>2025-10-28T15:04:25Z</time>
   </trkpt>
   <trkpt lat="22.5092320" lon="88.3457880">
    <ele>10.2</ele>
    <time>2025-10-28T15:04:26Z</time>
   </trkpt>
   <trkpt lat="22.5092430" lon="88.3457880">
    <ele>10.2</ele>
    <time>2025-10-28T15:04:27Z</time>
   </trkpt>
   <trkpt lat="22.5092450" lon="88.3457910">
    <ele>10.2</ele>
    <time>2025-10-28T15:04:28Z</time>
   </trkpt>
   <trkpt lat="22.5092510" lon="88.3457940">
    <ele>10.2</ele>
    <time>2025-10-28T15:04:29Z</time>
   </trkpt>
   <trkpt lat="22.5092600" lon="88.3457860">
    <ele>10.2</ele>
    <time>2025-10-28T15:04:30Z</time>
   </trkpt>
   <trkpt lat="22.5092670" lon="88.3457800">
    <ele>10.2</ele>
    <time>2025-10-28T15:04:31Z</time>
   </trkpt>
   <trkpt lat="22.5092730" lon="88.3457740">
    <ele>10.2</ele>
    <time>2025-10-28T15:04:32Z</time>
   </trkpt>
   <trkpt lat="22.5092800" lon="88.3457680">
    <ele>10.2</ele>
    <time>2025-10-28T15:04:33Z</time>
   </trkpt>
   <trkpt lat="22.5092860" lon="88.3457620">
    <ele>10.1</ele>
    <time>2025-10-28T15:04:34Z</time>
   </trkpt>
   <trkpt lat="22.5093170" lon="88.3457190">
    <ele>10.1</ele>
    <time>2025-10-28T15:04:35Z</time>
   </trkpt>
   <trkpt lat="22.5093450" lon="88.3456970">
    <ele>10.1</ele>
    <time>2025-10-28T15:04:36Z</time>
   </trkpt>
   <trkpt lat="22.5093760" lon="88.3456960">
    <ele>10.1</ele>
    <time>2025-10-28T15:04:37Z</time>
   </trkpt>
   <trkpt lat="22.5094000" lon="88.3457150">
    <ele>10.0</ele>
    <time>2025-10-28T15:04:38Z</time>
   </trkpt>
   <trkpt lat="22.5094240" lon="88.3457300">
    <ele>10.0</ele>
    <time>2025-10-28T15:04:39Z</time>
   </trkpt>
   <trkpt lat="22.5094350" lon="88.3457530">
    <ele>10.0</ele>
    <time>2025-10-28T15:04:40Z</time>
   </trkpt>
   <trkpt lat="22.5094400" lon="88.3457660">
    <ele>10.0</ele>
    <time>2025-10-28T15:04:41Z</time>
   </trkpt>
   <trkpt lat="22.5094620" lon="88.3457830">
    <ele>10.0</ele>
    <time>2025-10-28T15:04:42Z</time>
   </trkpt>
   <trkpt lat="22.5094680" lon="88.3457840">
    <ele>10.0</ele>
    <time>2025-10-28T15:04:43Z</time>
   </trkpt>
   <trkpt lat="22.5094740" lon="88.3457860">
    <ele>10.0</ele>
    <time>2025-10-28T15:04:44Z</time>
   </trkpt>
   <trkpt lat="22.5094770" lon="88.3457900">
    <ele>10.0</ele>
    <time>2025-10-28T15:04:45Z</time>
   </trkpt>
   <trkpt lat="22.5094860" lon="88.3457860">
    <ele>10.0</ele>
    <time>2025-10-28T15:04:46Z</time>
   </trkpt>
   <trkpt lat="22.5095050" lon="88.3457890">
    <ele>10.0</ele>
    <time>2025-10-28T15:04:47Z</time>
   </trkpt>
   <trkpt lat="22.5095220" lon="88.3457930">
    <ele>9.9</ele>
    <time>2025-10-28T15:04:48Z</time>
   </trkpt>
   <trkpt lat="22.5095390" lon="88.3457990">
    <ele>9.9</ele>
    <time>2025-10-28T15:04:49Z</time>
   </trkpt>
   <trkpt lat="22.5095540" lon="88.3458100">
    <ele>9.9</ele>
    <time>2025-10-28T15:04:50Z</time>
   </trkpt>
   <trkpt lat="22.5095650" lon="88.3458170">
    <ele>9.9</ele>
    <time>2025-10-28T15:04:51Z</time>
   </trkpt>
   <trkpt lat="22.5095750" lon="88.3458270">
    <ele>9.9</ele>
    <time>2025-10-28T15:04:52Z</time>
   </trkpt>
   <trkpt lat="22.5095930" lon="88.3458280">
    <ele>9.9</ele>
    <time>2025-10-28T15:04:53Z</time>
   </trkpt>
   <trkpt lat="22.5096130" lon="88.3458290">
    <ele>9.9</ele>
    <time>2025-10-28T15:04:54Z</time>
   </trkpt>
   <trkpt lat="22.5096020" lon="88.3458270">
    <ele>9.9</ele>
    <time>2025-10-28T15:04:55Z</time>
   </trkpt>
   <trkpt lat="22.5096240" lon="88.3458200">
    <ele>9.9</ele>
    <time>2025-10-28T15:04:56Z</time>
   </trkpt>
   <trkpt lat="22.5096160" lon="88.3458060">
    <ele>9.9</ele>
    <time>2025-10-28T15:04:57Z</time>
   </trkpt>
   <trkpt lat="22.5096360" lon="88.3457990">
    <ele>9.9</ele>
    <time>2025-10-28T15:04:58Z</time>
   </trkpt>
   <trkpt lat="22.5096420" lon="88.3458130">
    <ele>9.9</ele>
    <time>2025-10-28T15:04:59Z</time>
   </trkpt>
   <trkpt lat="22.5096290" lon="88.3458070">
    <ele>9.9</ele>
    <time>2025-10-28T15:05:00Z</time>
   </trkpt>
   <trkpt lat="22.5096490" lon="88.3458030">
    <ele>9.9</ele>
    <time>2025-10-28T15:05:01Z</time>
   </trkpt>
   <trkpt lat="22.5096610" lon="88.3458110">
    <ele>9.9</ele>
    <time>2025-10-28T15:05:02Z</time>
   </trkpt>
   <trkpt lat="22.5096720" lon="88.3458080">
    <ele>9.9</ele>
    <time>2025-10-28T15:05:03Z</time>
   </trkpt>
   <trkpt lat="22.5096640" lon="88.3458050">
    <ele>9.9</ele>
    <time>2025-10-28T15:05:04Z</time>
   </trkpt>
   <trkpt lat="22.5096770" lon="88.3458010">
    <ele>9.9</ele>
    <time>2025-10-28T15:05:05Z</time>
   </trkpt>
   <trkpt lat="22.5096730" lon="88.3457980">
    <ele>9.9</ele>
    <time>2025-10-28T15:05:06Z</time>
   </trkpt>
   <trkpt lat="22.5096660" lon="88.3458050">
    <ele>9.9</ele>
    <time>2025-10-28T15:05:07Z</time>
   </trkpt>
   <trkpt lat="22.5096580" lon="88.3458030">
    <ele>9.9</ele>
    <time>2025-10-28T15:05:08Z</time>
   </trkpt>
   <trkpt lat="22.5096710" lon="88.3457950">
    <ele>9.9</ele>
    <time>2025-10-28T15:05:09Z</time>
   </trkpt>
   <trkpt lat="22.5096780" lon="88.3457810">
    <ele>9.9</ele>
    <time>2025-10-28T15:05:10Z</time>
   </trkpt>
   <trkpt lat="22.5096870" lon="88.3457710">
    <ele>10.0</ele>
    <time>2025-10-28T15:05:11Z</time>
   </trkpt>
   <trkpt lat="22.5096990" lon="88.3457680">
    <ele>10.0</ele>
    <time>2025-10-28T15:05:12Z</time>
   </trkpt>
   <trkpt lat="22.5097060" lon="88.3457650">
    <ele>10.0</ele>
    <time>2025-10-28T15:05:13Z</time>
   </trkpt>
   <trkpt lat="22.5097090" lon="88.3457740">
    <ele>10.0</ele>
    <time>2025-10-28T15:05:14Z</time>
   </trkpt>
   <trkpt lat="22.5097200" lon="88.3457790">
    <ele>10.0</ele>
    <time>2025-10-28T15:05:15Z</time>
   </trkpt>
   <trkpt lat="22.5097330" lon="88.3457780">
    <ele>10.0</ele>
    <time>2025-10-28T15:05:16Z</time>
   </trkpt>
   <trkpt lat="22.5097470" lon="88.3457720">
    <ele>10.0</ele>
    <time>2025-10-28T15:05:17Z</time>
   </trkpt>
   <trkpt lat="22.5097760" lon="88.3457580">
    <ele>10.0</ele>
    <time>2025-10-28T15:05:18Z</time>
   </trkpt>
   <trkpt lat="22.5097890" lon="88.3457510">
    <ele>10.0</ele>
    <time>2025-10-28T15:05:19Z</time>
   </trkpt>
   <trkpt lat="22.5098220" lon="88.3457460">
    <ele>10.0</ele>
    <time>2025-10-28T15:05:20Z</time>
   </trkpt>
   <trkpt lat="22.5098560" lon="88.3457750">
    <ele>10.0</ele>
    <time>2025-10-28T15:05:21Z</time>
   </trkpt>
   <trkpt lat="22.5098850" lon="88.3457700">
    <ele>10.0</ele>
    <time>2025-10-28T15:05:22Z</time>
   </trkpt>
   <trkpt lat="22.5099160" lon="88.3457470">
    <ele>10.0</ele>
    <time>2025-10-28T15:05:23Z</time>
   </trkpt>
   <trkpt lat="22.5099240" lon="88.3457400">
    <ele>10.0</ele>
    <time>2025-10-28T15:05:24Z</time>
   </trkpt>
   <trkpt lat="22.5099520" lon="88.3457230">
    <ele>10.0</ele>
    <time>2025-10-28T15:05:26Z</time>
   </trkpt>
   <trkpt lat="22.5099760" lon="88.3457410">
    <ele>10.0</ele>
    <time>2025-10-28T15:05:27Z</time>
   </trkpt>
   <trkpt lat="22.5099790" lon="88.3457500">
    <ele>10.0</ele>
    <time>2025-10-28T15:05:28Z</time>
   </trkpt>
   <trkpt lat="22.5099870" lon="88.3457730">
    <ele>10.0</ele>
    <time>2025-10-28T15:05:29Z</time>
   </trkpt>
   <trkpt lat="22.5099960" lon="88.3457820">
    <ele>10.0</ele>
    <time>2025-10-28T15:05:30Z</time>
   </trkpt>
   <trkpt lat="22.5100150" lon="88.3457740">
    <ele>10.0</ele>
    <time>2025-10-28T15:05:31Z</time>
   </trkpt>
   <trkpt lat="22.5100390" lon="88.3457720">
    <ele>10.0</ele>
    <time>2025-10-28T15:05:32Z</time>
   </trkpt>
   <trkpt lat="22.5100510" lon="88.3457890">
    <ele>10.0</ele>
    <time>2025-10-28T15:05:33Z</time>
   </trkpt>
   <trkpt lat="22.5100800" lon="88.3458110">
    <ele>10.0</ele>
    <time>2025-10-28T15:05:34Z</time>
   </trkpt>
   <trkpt lat="22.5100880" lon="88.3458230">
    <ele>10.0</ele>
    <time>2025-10-28T15:05:35Z</time>
   </trkpt>
   <trkpt lat="22.5101020" lon="88.3458310">
    <ele>10.0</ele>
    <time>2025-10-28T15:05:36Z</time>
   </trkpt>
   <trkpt lat="22.5101160" lon="88.3458340">
    <ele>10.1</ele>
    <time>2025-10-28T15:05:37Z</time>
   </trkpt>
   <trkpt lat="22.5101350" lon="88.3458430">
    <ele>10.1</ele>
    <time>2025-10-28T15:05:38Z</time>
   </trkpt>
   <trkpt lat="22.5101440" lon="88.3458460">
    <ele>10.1</ele>
    <time>2025-10-28T15:05:39Z</time>
   </trkpt>
   <trkpt lat="22.5101520" lon="88.3458500">
    <ele>10.1</ele>
    <time>2025-10-28T15:05:40Z</time>
   </trkpt>
   <trkpt lat="22.5101690" lon="88.3458510">
    <ele>10.1</ele>
    <time>2025-10-28T15:05:41Z</time>
   </trkpt>
   <trkpt lat="22.5101870" lon="88.3458510">
    <ele>10.1</ele>
    <time>2025-10-28T15:05:42Z</time>
   </trkpt>
   <trkpt lat="22.5102060" lon="88.3458560">
    <ele>10.1</ele>
    <time>2025-10-28T15:05:43Z</time>
   </trkpt>
   <trkpt lat="22.5102150" lon="88.3458560">
    <ele>10.1</ele>
    <time>2025-10-28T15:05:44Z</time>
   </trkpt>
   <trkpt lat="22.5102440" lon="88.3458510">
    <ele>10.1</ele>
    <time>2025-10-28T15:05:45Z</time>
   </trkpt>
   <trkpt lat="22.5102520" lon="88.3458470">
    <ele>10.1</ele>
    <time>2025-10-28T15:05:46Z</time>
   </trkpt>
   <trkpt lat="22.5102760" lon="88.3458500">
    <ele>10.1</ele>
    <time>2025-10-28T15:05:47Z</time>
   </trkpt>
   <trkpt lat="22.5102930" lon="88.3458550">
    <ele>10.1</ele>
    <time>2025-10-28T15:05:48Z</time>
   </trkpt>
   <trkpt lat="22.5102910" lon="88.3458490">
    <ele>10.1</ele>
    <time>2025-10-28T15:05:49Z</time>
   </trkpt>
   <trkpt lat="22.5102980" lon="88.3458480">
    <ele>10.1</ele>
    <time>2025-10-28T15:05:50Z</time>
   </trkpt>
   <trkpt lat="22.5102890" lon="88.3458690">
    <ele>10.1</ele>
    <time>2025-10-28T15:05:51Z</time>
   </trkpt>
   <trkpt lat="22.5102980" lon="88.3458780">
    <ele>10.1</ele>
    <time>2025-10-28T15:05:52Z</time>
   </trkpt>
   <trkpt lat="22.5102900" lon="88.3458890">
    <ele>10.1</ele>
    <time>2025-10-28T15:05:53Z</time>
   </trkpt>
   <trkpt lat="22.5102880" lon="88.3459010">
    <ele>10.1</ele>
    <time>2025-10-28T15:05:54Z</time>
   </trkpt>
   <trkpt lat="22.5102940" lon="88.3459080">
    <ele>10.1</ele>
    <time>2025-10-28T15:05:55Z</time>
   </trkpt>
   <trkpt lat="22.5102990" lon="88.3459160">
    <ele>10.1</ele>
    <time>2025-10-28T15:05:56Z</time>
   </trkpt>
   <trkpt lat="22.5103050" lon="88.3459230">
    <ele>10.1</ele>
    <time>2025-10-28T15:05:57Z</time>
   </trkpt>
   <trkpt lat="22.5103110" lon="88.3459310">
    <ele>10.1</ele>
    <time>2025-10-28T15:05:58Z</time>
   </trkpt>
   <trkpt lat="22.5103230" lon="88.3459460">
    <ele>10.1</ele>
    <time>2025-10-28T15:05:59Z</time>
   </trkpt>
   <trkpt lat="22.5103370" lon="88.3459530">
    <ele>10.1</ele>
    <time>2025-10-28T15:06:00Z</time>
   </trkpt>
   <trkpt lat="22.5103480" lon="88.3459740">
    <ele>10.1</ele>
    <time>2025-10-28T15:06:01Z</time>
   </trkpt>
   <trkpt lat="22.5103540" lon="88.3459790">
    <ele>10.1</ele>
    <time>2025-10-28T15:06:02Z</time>
   </trkpt>
   <trkpt lat="22.5103600" lon="88.3459830">
    <ele>10.1</ele>
    <time>2025-10-28T15:06:03Z</time>
   </trkpt>
   <trkpt lat="22.5103660" lon="88.3459880">
    <ele>10.1</ele>
    <time>2025-10-28T15:06:04Z</time>
   </trkpt>
   <trkpt lat="22.5104030" lon="88.3459910">
    <ele>10.1</ele>
    <time>2025-10-28T15:06:05Z</time>
   </trkpt>
   <trkpt lat="22.5104130" lon="88.3459950">
    <ele>10.1</ele>
    <time>2025-10-28T15:06:06Z</time>
   </trkpt>
   <trkpt lat="22.5104330" lon="88.3459720">
    <ele>10.1</ele>
    <time>2025-10-28T15:06:07Z</time>
   </trkpt>
   <trkpt lat="22.5104630" lon="88.3459680">
    <ele>10.1</ele>
    <time>2025-10-28T15:06:08Z</time>
   </trkpt>
   <trkpt lat="22.5104920" lon="88.3459470">
    <ele>10.1</ele>
    <time>2025-10-28T15:06:09Z</time>
   </trkpt>
   <trkpt lat="22.5105030" lon="88.3459440">
    <ele>10.1</ele>
    <time>2025-10-28T15:06:10Z</time>
   </trkpt>
   <trkpt lat="22.5105150" lon="88.3459660">
    <ele>10.1</ele>
    <time>2025-10-28T15:06:11Z</time>
   </trkpt>
   <trkpt lat="22.5105360" lon="88.3459400">
    <ele>10.1</ele>
    <time>2025-10-28T15:06:12Z</time>
   </trkpt>
   <trkpt lat="22.5105310" lon="88.3459110">
    <ele>10.1</ele>
    <time>2025-10-28T15:06:13Z</time>
   </trkpt>
   <trkpt lat="22.5105610" lon="88.3459290">
    <ele>10.1</ele>
    <time>2025-10-28T15:06:14Z</time>
   </trkpt>
   <trkpt lat="22.5105720" lon="88.3459360">
    <ele>10.1</ele>
    <time>2025-10-28T15:06:15Z</time>
   </trkpt>
   <trkpt lat="22.5105990" lon="88.3459580">
    <ele>10.2</ele>
    <time>2025-10-28T15:06:16Z</time>
   </trkpt>
   <trkpt lat="22.5106050" lon="88.3459640">
    <ele>10.2</ele>
    <time>2025-10-28T15:06:17Z</time>
   </trkpt>
   <trkpt lat="22.5106230" lon="88.3459650">
    <ele>10.2</ele>
    <time>2025-10-28T15:06:18Z</time>
   </trkpt>
   <trkpt lat="22.5106330" lon="88.3459660">
    <ele>10.2</ele>
    <time>2025-10-28T15:06:19Z</time>
   </trkpt>
   <trkpt lat="22.5106540" lon="88.3459770">
    <ele>10.2</ele>
    <time>2025-10-28T15:06:20Z</time>
   </trkpt>
   <trkpt lat="22.5106680" lon="88.3459690">
    <ele>10.2</ele>
    <time>2025-10-28T15:06:21Z</time>
   </trkpt>
   <trkpt lat="22.5106910" lon="88.3459700">
    <ele>10.2</ele>
    <time>2025-10-28T15:06:22Z</time>
   </trkpt>
   <trkpt lat="22.5107000" lon="88.3459680">
    <ele>10.2</ele>
    <time>2025-10-28T15:06:23Z</time>
   </trkpt>
   <trkpt lat="22.5107210" lon="88.3459780">
    <ele>10.2</ele>
    <time>2025-10-28T15:06:24Z</time>
   </trkpt>
   <trkpt lat="22.5107250" lon="88.3459850">
    <ele>10.2</ele>
    <time>2025-10-28T15:06:25Z</time>
   </trkpt>
   <trkpt lat="22.5107300" lon="88.3459910">
    <ele>10.2</ele>
    <time>2025-10-28T15:06:26Z</time>
   </trkpt>
   <trkpt lat="22.5107320" lon="88.3460120">
    <ele>10.2</ele>
    <time>2025-10-28T15:06:27Z</time>
   </trkpt>
   <trkpt lat="22.5107410" lon="88.3460090">
    <ele>10.2</ele>
    <time>2025-10-28T15:06:28Z</time>
   </trkpt>
   <trkpt lat="22.5107520" lon="88.3459990">
    <ele>10.2</ele>
    <time>2025-10-28T15:06:29Z</time>
   </trkpt>
   <trkpt lat="22.5107640" lon="88.3460060">
    <ele>10.2</ele>
    <time>2025-10-28T15:06:30Z</time>
   </trkpt>
   <trkpt lat="22.5107760" lon="88.3460140">
    <ele>10.2</ele>
    <time>2025-10-28T15:06:31Z</time>
   </trkpt>
   <trkpt lat="22.5107860" lon="88.3460230">
    <ele>10.2</ele>
    <time>2025-10-28T15:06:32Z</time>
   </trkpt>
   <trkpt lat="22.5107950" lon="88.3460310">
    <ele>10.2</ele>
    <time>2025-10-28T15:06:33Z</time>
   </trkpt>
   <trkpt lat="22.5108050" lon="88.3460400">
    <ele>10.2</ele>
    <time>2025-10-28T15:06:34Z</time>
   </trkpt>
   <trkpt lat="22.5108310" lon="88.3460380">
    <ele>10.2</ele>
    <time>2025-10-28T15:06:35Z</time>
   </trkpt>
   <trkpt lat="22.5108360" lon="88.3460460">
    <ele>10.2</ele>
    <time>2025-10-28T15:06:36Z</time>
   </trkpt>
   <trkpt lat="22.5108610" lon="88.3460460">
    <ele>10.2</ele>
    <time>2025-10-28T15:06:37Z</time>
   </trkpt>
   <trkpt lat="22.5108720" lon="88.3460430">
    <ele>10.2</ele>
    <time>2025-10-28T15:06:38Z</time>
   </trkpt>
   <trkpt lat="22.5108840" lon="88.3460390">
    <ele>10.2</ele>
    <time>2025-10-28T15:06:39Z</time>
   </trkpt>
   <trkpt lat="22.5109100" lon="88.3460240">
    <ele>10.2</ele>
    <time>2025-10-28T15:06:40Z</time>
   </trkpt>
   <trkpt lat="22.5109250" lon="88.3460210">
    <ele>10.2</ele>
    <time>2025-10-28T15:06:41Z</time>
   </trkpt>
   <trkpt lat="22.5109430" lon="88.3460100">
    <ele>10.2</ele>
    <time>2025-10-28T15:06:42Z</time>
   </trkpt>
   <trkpt lat="22.5109530" lon="88.3459980">
    <ele>10.2</ele>
    <time>2025-10-28T15:06:43Z</time>
   </trkpt>
   <trkpt lat="22.5109700" lon="88.3459960">
    <ele>10.2</ele>
    <time>2025-10-28T15:06:44Z</time>
   </trkpt>
   <trkpt lat="22.5109870" lon="88.3459970">
    <ele>10.2</ele>
    <time>2025-10-28T15:06:45Z</time>
   </trkpt>
   <trkpt lat="22.5110040" lon="88.3459910">
    <ele>10.2</ele>
    <time>2025-10-28T15:06:46Z</time>
   </trkpt>
   <trkpt lat="22.5110250" lon="88.3459900">
    <ele>10.2</ele>
    <time>2025-10-28T15:06:47Z</time>
   </trkpt>
   <trkpt lat="22.5110330" lon="88.3459870">
    <ele>10.2</ele>
    <time>2025-10-28T15:06:48Z</time>
   </trkpt>
   <trkpt lat="22.5110410" lon="88.3459850">
    <ele>10.2</ele>
    <time>2025-10-28T15:06:49Z</time>
   </trkpt>
   <trkpt lat="22.5110550" lon="88.3459890">
    <ele>10.2</ele>
    <time>2025-10-28T15:06:50Z</time>
   </trkpt>
   <trkpt lat="22.5110670" lon="88.3459860">
    <ele>10.2</ele>
    <time>2025-10-28T15:06:51Z</time>
   </trkpt>
   <trkpt lat="22.5110760" lon="88.3459870">
    <ele>10.2</ele>
    <time>2025-10-28T15:06:52Z</time>
   </trkpt>
   <trkpt lat="22.5110860" lon="88.3459850">
    <ele>10.2</ele>
    <time>2025-10-28T15:06:53Z</time>
   </trkpt>
   <trkpt lat="22.5111070" lon="88.3459850">
    <ele>10.2</ele>
    <time>2025-10-28T15:06:54Z</time>
   </trkpt>
   <trkpt lat="22.5111190" lon="88.3459840">
    <ele>10.2</ele>
    <time>2025-10-28T15:06:55Z</time>
   </trkpt>
   <trkpt lat="22.5111420" lon="88.3459870">
    <ele>10.2</ele>
    <time>2025-10-28T15:06:56Z</time>
   </trkpt>
   <trkpt lat="22.5111540" lon="88.3459860">
    <ele>10.2</ele>
    <time>2025-10-28T15:06:57Z</time>
   </trkpt>
   <trkpt lat="22.5111730" lon="88.3459850">
    <ele>10.2</ele>
    <time>2025-10-28T15:06:58Z</time>
   </trkpt>
   <trkpt lat="22.5111920" lon="88.3459920">
    <ele>10.2</ele>
    <time>2025-10-28T15:06:59Z</time>
   </trkpt>
   <trkpt lat="22.5112010" lon="88.3459940">
    <ele>10.2</ele>
    <time>2025-10-28T15:07:00Z</time>
   </trkpt>
   <trkpt lat="22.5112100" lon="88.3459960">
    <ele>10.2</ele>
    <time>2025-10-28T15:07:01Z</time>
   </trkpt>
   <trkpt lat="22.5112270" lon="88.3460010">
    <ele>10.2</ele>
    <time>2025-10-28T15:07:02Z</time>
   </trkpt>
   <trkpt lat="22.5112400" lon="88.3460030">
    <ele>10.2</ele>
    <time>2025-10-28T15:07:03Z</time>
   </trkpt>
   <trkpt lat="22.5112600" lon="88.3460000">
    <ele>10.2</ele>
    <time>2025-10-28T15:07:04Z</time>
   </trkpt>
   <trkpt lat="22.5112700" lon="88.3459930">
    <ele>10.2</ele>
    <time>2025-10-28T15:07:05Z</time>
   </trkpt>
   <trkpt lat="22.5112790" lon="88.3459870">
    <ele>10.2</ele>
    <time>2025-10-28T15:07:06Z</time>
   </trkpt>
   <trkpt lat="22.5112870" lon="88.3459960">
    <ele>10.2</ele>
    <time>2025-10-28T15:07:07Z</time>
   </trkpt>
   <trkpt lat="22.5112870" lon="88.3460040">
    <ele>10.2</ele>
    <time>2025-10-28T15:07:08Z</time>
   </trkpt>
   <trkpt lat="22.5113010" lon="88.3460060">
    <ele>10.2</ele>
    <time>2025-10-28T15:07:09Z</time>
   </trkpt>
   <trkpt lat="22.5113100" lon="88.3460090">
    <ele>10.2</ele>
    <time>2025-10-28T15:07:10Z</time>
   </trkpt>
   <trkpt lat="22.5113230" lon="88.3460070">
    <ele>10.2</ele>
    <time>2025-10-28T15:07:11Z</time>
   </trkpt>
   <trkpt lat="22.5113340" lon="88.3460020">
    <ele>10.2</ele>
    <time>2025-10-28T15:07:12Z</time>
   </trkpt>
   <trkpt lat="22.5113440" lon="88.3460040">
    <ele>10.2</ele>
    <time>2025-10-28T15:07:13Z</time>
   </trkpt>
   <trkpt lat="22.5113630" lon="88.3460060">
    <ele>10.2</ele>
    <time>2025-10-28T15:07:14Z</time>
   </trkpt>
   <trkpt lat="22.5113790" lon="88.3460030">
    <ele>10.2</ele>
    <time>2025-10-28T15:07:15Z</time>
   </trkpt>
   <trkpt lat="22.5113950" lon="88.3460060">
    <ele>10.2</ele>
    <time>2025-10-28T15:07:16Z</time>
   </trkpt>
   <trkpt lat="22.5114170" lon="88.3460130">
    <ele>10.2</ele>
    <time>2025-10-28T15:07:17Z</time>
   </trkpt>
   <trkpt lat="22.5114260" lon="88.3460150">
    <ele>10.1</ele>
    <time>2025-10-28T15:07:18Z</time>
   </trkpt>
   <trkpt lat="22.5114340" lon="88.3460170">
    <ele>10.1</ele>
    <time>2025-10-28T15:07:19Z</time>
   </trkpt>
   <trkpt lat="22.5114550" lon="88.3460210">
    <ele>10.1</ele>
    <time>2025-10-28T15:07:20Z</time>
   </trkpt>
   <trkpt lat="22.5114620" lon="88.3460220">
    <ele>10.1</ele>
    <time>2025-10-28T15:07:21Z</time>
   </trkpt>
   <trkpt lat="22.5114700" lon="88.3460220">
    <ele>10.1</ele>
    <time>2025-10-28T15:07:22Z</time>
   </trkpt>
   <trkpt lat="22.5114840" lon="88.3460200">
    <ele>10.1</ele>
    <time>2025-10-28T15:07:23Z</time>
   </trkpt>
   <trkpt lat="22.5115000" lon="88.3460180">
    <ele>10.1</ele>
    <time>2025-10-28T15:07:24Z</time>
   </trkpt>
   <trkpt lat="22.5115210" lon="88.3460230">
    <ele>10.1</ele>
    <time>2025-10-28T15:07:25Z</time>
   </trkpt>
   <trkpt lat="22.5115300" lon="88.3460250">
    <ele>10.1</ele>
    <time>2025-10-28T15:07:26Z</time>
   </trkpt>
   <trkpt lat="22.5115380" lon="88.3460260">
    <ele>10.1</ele>
    <time>2025-10-28T15:07:27Z</time>
   </trkpt>
   <trkpt lat="22.5115560" lon="88.3460310">
    <ele>10.1</ele>
    <time>2025-10-28T15:07:28Z</time>
   </trkpt>
   <trkpt lat="22.5115670" lon="88.3460360">
    <ele>10.1</ele>
    <time>2025-10-28T15:07:29Z</time>
   </trkpt>
   <trkpt lat="22.5115780" lon="88.3460380">
    <ele>10.1</ele>
    <time>2025-10-28T15:07:30Z</time>
   </trkpt>
   <trkpt lat="22.5115920" lon="88.3460370">
    <ele>10.1</ele>
    <time>2025-10-28T15:07:31Z</time>
   </trkpt>
   <trkpt lat="22.5116030" lon="88.3460360">
    <ele>10.1</ele>
    <time>2025-10-28T15:07:32Z</time>
   </trkpt>
   <trkpt lat="22.5116170" lon="88.3460330">
    <ele>10.1</ele>
    <time>2025-10-28T15:07:33Z</time>
   </trkpt>
   <trkpt lat="22.5116210" lon="88.3460390">
    <ele>10.1</ele>
    <time>2025-10-28T15:07:34Z</time>
   </trkpt>
   <trkpt lat="22.5116250" lon="88.3460400">
    <ele>10.1</ele>
    <time>2025-10-28T15:07:35Z</time>
   </trkpt>
   <trkpt lat="22.5116290" lon="88.3460450">
    <ele>10.1</ele>
    <time>2025-10-28T15:07:36Z</time>
   </trkpt>
   <trkpt lat="22.5116430" lon="88.3460420">
    <ele>10.1</ele>
    <time>2025-10-28T15:07:37Z</time>
   </trkpt>
   <trkpt lat="22.5116440" lon="88.3460340">
    <ele>10.1</ele>
    <time>2025-10-28T15:07:38Z</time>
   </trkpt>
   <trkpt lat="22.5116330" lon="88.3460400">
    <ele>10.1</ele>
    <time>2025-10-28T15:07:39Z</time>
   </trkpt>
   <trkpt lat="22.5116290" lon="88.3460430">
    <ele>10.1</ele>
    <time>2025-10-28T15:07:40Z</time>
   </trkpt>
   <trkpt lat="22.5116280" lon="88.3460440">
    <ele>10.1</ele>
    <time>2025-10-28T15:07:41Z</time>
   </trkpt>
   <trkpt lat="22.5116250" lon="88.3460420">
    <ele>10.1</ele>
    <time>2025-10-28T15:07:42Z</time>
   </trkpt>
   <trkpt lat="22.5116280" lon="88.3460450">
    <ele>10.1</ele>
    <time>2025-10-28T15:07:43Z</time>
   </trkpt>
   <trkpt lat="22.5116240" lon="88.3460450">
    <ele>10.1</ele>
    <time>2025-10-28T15:07:44Z</time>
   </trkpt>
   <trkpt lat="22.5116220" lon="88.3460440">
    <ele>10.1</ele>
    <time>2025-10-28T15:07:45Z</time>
   </trkpt>
   <trkpt lat="22.5116220" lon="88.3460450">
    <ele>10.1</ele>
    <time>2025-10-28T15:07:46Z</time>
   </trkpt>
   <trkpt lat="22.5116220" lon="88.3460350">
    <ele>10.1</ele>
    <time>2025-10-28T15:07:47Z</time>
   </trkpt>
   <trkpt lat="22.5116230" lon="88.3460210">
    <ele>10.1</ele>
    <time>2025-10-28T15:07:48Z</time>
   </trkpt>
   <trkpt lat="22.5116260" lon="88.3460180">
    <ele>10.1</ele>
    <time>2025-10-28T15:07:49Z</time>
   </trkpt>
   <trkpt lat="22.5116330" lon="88.3460100">
    <ele>10.1</ele>
    <time>2025-10-28T15:07:50Z</time>
   </trkpt>
   <trkpt lat="22.5116330" lon="88.3460100">
    <ele>10.1</ele>
    <time>2025-10-28T15:07:51Z</time>
   </trkpt>
   <trkpt lat="22.5116450" lon="88.3459960">
    <ele>10.1</ele>
    <time>2025-10-28T15:07:52Z</time>
   </trkpt>
   <trkpt lat="22.5116500" lon="88.3459920">
    <ele>10.1</ele>
    <time>2025-10-28T15:07:53Z</time>
   </trkpt>
   <trkpt lat="22.5116530" lon="88.3459870">
    <ele>10.1</ele>
    <time>2025-10-28T15:07:54Z</time>
   </trkpt>
   <trkpt lat="22.5116740" lon="88.3459810">
    <ele>10.2</ele>
    <time>2025-10-28T15:07:55Z</time>
   </trkpt>
   <trkpt lat="22.5116770" lon="88.3459780">
    <ele>10.2</ele>
    <time>2025-10-28T15:07:56Z</time>
   </trkpt>
   <trkpt lat="22.5116800" lon="88.3459750">
    <ele>10.2</ele>
    <time>2025-10-28T15:07:57Z</time>
   </trkpt>
   <trkpt lat="22.5116820" lon="88.3459710">
    <ele>10.2</ele>
    <time>2025-10-28T15:07:58Z</time>
   </trkpt>
   <trkpt lat="22.5116850" lon="88.3459680">
    <ele>10.2</ele>
    <time>2025-10-28T15:07:59Z</time>
   </trkpt>
   <trkpt lat="22.5116880" lon="88.3459650">
    <ele>10.2</ele>
    <time>2025-10-28T15:08:00Z</time>
   </trkpt>
   <trkpt lat="22.5116910" lon="88.3459620">
    <ele>10.2</ele>
    <time>2025-10-28T15:08:01Z</time>
   </trkpt>
   <trkpt lat="22.5117030" lon="88.3459730">
    <ele>10.2</ele>
    <time>2025-10-28T15:08:02Z</time>
   </trkpt>
   <trkpt lat="22.5116980" lon="88.3459820">
    <ele>10.2</ele>
    <time>2025-10-28T15:08:03Z</time>
   </trkpt>
   <trkpt lat="22.5117090" lon="88.3459900">
    <ele>10.2</ele>
    <time>2025-10-28T15:08:04Z</time>
   </trkpt>
   <trkpt lat="22.5117220" lon="88.3459830">
    <ele>10.2</ele>
    <time>2025-10-28T15:08:05Z</time>
   </trkpt>
   <trkpt lat="22.5117250" lon="88.3459780">
    <ele>10.2</ele>
    <time>2025-10-28T15:08:06Z</time>
   </trkpt>
   <trkpt lat="22.5117400" lon="88.3459800">
    <ele>10.2</ele>
    <time>2025-10-28T15:08:07Z</time>
   </trkpt>
   <trkpt lat="22.5117540" lon="88.3459790">
    <ele>10.2</ele>
    <time>2025-10-28T15:08:08Z</time>
   </trkpt>
   <trkpt lat="22.5117690" lon="88.3459740">
    <ele>10.2</ele>
    <time>2025-10-28T15:08:09Z</time>
   </trkpt>
   <trkpt lat="22.5117760" lon="88.3459690">
    <ele>10.2</ele>
    <time>2025-10-28T15:08:10Z</time>
   </trkpt>
   <trkpt lat="22.5117850" lon="88.3459680">
    <ele>10.2</ele>
    <time>2025-10-28T15:08:11Z</time>
   </trkpt>
   <trkpt lat="22.5118050" lon="88.3459730">
    <ele>10.2</ele>
    <time>2025-10-28T15:08:12Z</time>
   </trkpt>
   <trkpt lat="22.5118330" lon="88.3459860">
    <ele>10.2</ele>
    <time>2025-10-28T15:08:13Z</time>
   </trkpt>
   <trkpt lat="22.5118660" lon="88.3459920">
    <ele>10.2</ele>
    <time>2025-10-28T15:08:14Z</time>
   </trkpt>
   <trkpt lat="22.5118730" lon="88.3460000">
    <ele>10.2</ele>
    <time>2025-10-28T15:08:15Z</time>
   </trkpt>
   <trkpt lat="22.5119020" lon="88.3460040">
    <ele>10.2</ele>
    <time>2025-10-28T15:08:16Z</time>
   </trkpt>
   <trkpt lat="22.5119120" lon="88.3460040">
    <ele>10.2</ele>
    <time>2025-10-28T15:08:17Z</time>
   </trkpt>
   <trkpt lat="22.5119280" lon="88.3460020">
    <ele>10.2</ele>
    <time>2025-10-28T15:08:18Z</time>
   </trkpt>
   <trkpt lat="22.5119430" lon="88.3460000">
    <ele>10.2</ele>
    <time>2025-10-28T15:08:19Z</time>
   </trkpt>
   <trkpt lat="22.5119560" lon="88.3459980">
    <ele>10.2</ele>
    <time>2025-10-28T15:08:20Z</time>
   </trkpt>
   <trkpt lat="22.5119600" lon="88.3460050">
    <ele>10.2</ele>
    <time>2025-10-28T15:08:21Z</time>
   </trkpt>
   <trkpt lat="22.5119770" lon="88.3459910">
    <ele>10.2</ele>
    <time>2025-10-28T15:08:22Z</time>
   </trkpt>
   <trkpt lat="22.5119960" lon="88.3459880">
    <ele>10.2</ele>
    <time>2025-10-28T15:08:23Z</time>
   </trkpt>
   <trkpt lat="22.5120050" lon="88.3459820">
    <ele>10.2</ele>
    <time>2025-10-28T15:08:24Z</time>
   </trkpt>
   <trkpt lat="22.5120250" lon="88.3459850">
    <ele>10.2</ele>
    <time>2025-10-28T15:08:25Z</time>
   </trkpt>
   <trkpt lat="22.5120340" lon="88.3459890">
    <ele>10.2</ele>
    <time>2025-10-28T15:08:26Z</time>
   </trkpt>
   <trkpt lat="22.5120430" lon="88.3459940">
    <ele>10.2</ele>
    <time>2025-10-28T15:08:27Z</time>
   </trkpt>
   <trkpt lat="22.5120500" lon="88.3459950">
    <ele>10.2</ele>
    <time>2025-10-28T15:08:28Z</time>
   </trkpt>
   <trkpt lat="22.5120650" lon="88.3459870">
    <ele>10.2</ele>
    <time>2025-10-28T15:08:29Z</time>
   </trkpt>
   <trkpt lat="22.5120770" lon="88.3459840">
    <ele>10.2</ele>
    <time>2025-10-28T15:08:30Z</time>
   </trkpt>
   <trkpt lat="22.5120890" lon="88.3459880">
    <ele>10.2</ele>
    <time>2025-10-28T15:08:31Z</time>
   </trkpt>
   <trkpt lat="22.5120930" lon="88.3459970">
    <ele>10.2</ele>
    <time>2025-10-28T15:08:32Z</time>
   </trkpt>
   <trkpt lat="22.5121020" lon="88.3460030">
    <ele>10.2</ele>
    <time>2025-10-28T15:08:33Z</time>
   </trkpt>
   <trkpt lat="22.5121150" lon="88.3460080">
    <ele>10.2</ele>
    <time>2025-10-28T15:08:34Z</time>
   </trkpt>
   <trkpt lat="22.5121260" lon="88.3460090">
    <ele>10.2</ele>
    <time>2025-10-28T15:08:35Z</time>
   </trkpt>
   <trkpt lat="22.5121360" lon="88.3460030">
    <ele>10.2</ele>
    <time>2025-10-28T15:08:36Z</time>
   </trkpt>
   <trkpt lat="22.5121500" lon="88.3460010">
    <ele>10.2</ele>
    <time>2025-10-28T15:08:37Z</time>
   </trkpt>
   <trkpt lat="22.5121700" lon="88.3460080">
    <ele>10.2</ele>
    <time>2025-10-28T15:08:38Z</time>
   </trkpt>
   <trkpt lat="22.5121920" lon="88.3460040">
    <ele>10.2</ele>
    <time>2025-10-28T15:08:39Z</time>
   </trkpt>
   <trkpt lat="22.5122010" lon="88.3460020">
    <ele>10.2</ele>
    <time>2025-10-28T15:08:40Z</time>
   </trkpt>
   <trkpt lat="22.5122110" lon="88.3459990">
    <ele>10.2</ele>
    <time>2025-10-28T15:08:41Z</time>
   </trkpt>
   <trkpt lat="22.5122410" lon="88.3459950">
    <ele>10.2</ele>
    <time>2025-10-28T15:08:42Z</time>
   </trkpt>
   <trkpt lat="22.5122490" lon="88.3459940">
    <ele>10.2</ele>
    <time>2025-10-28T15:08:43Z</time>
   </trkpt>
   <trkpt lat="22.5122630" lon="88.3459870">
    <ele>10.2</ele>
    <time>2025-10-28T15:08:44Z</time>
   </trkpt>
   <trkpt lat="22.5122680" lon="88.3459850">
    <ele>10.2</ele>
    <time>2025-10-28T15:08:45Z</time>
   </trkpt>
   <trkpt lat="22.5122800" lon="88.3459780">
    <ele>10.2</ele>
    <time>2025-10-28T15:08:46Z</time>
   </trkpt>
   <trkpt lat="22.5122990" lon="88.3459820">
    <ele>10.2</ele>
    <time>2025-10-28T15:08:47Z</time>
   </trkpt>
   <trkpt lat="22.5123150" lon="88.3459830">
    <ele>10.2</ele>
    <time>2025-10-28T15:08:48Z</time>
   </trkpt>
   <trkpt lat="22.5123240" lon="88.3459840">
    <ele>10.2</ele>
    <time>2025-10-28T15:08:49Z</time>
   </trkpt>
   <trkpt lat="22.5123370" lon="88.3459910">
    <ele>10.2</ele>
    <time>2025-10-28T15:08:50Z</time>
   </trkpt>
   <trkpt lat="22.5123310" lon="88.3459840">
    <ele>10.2</ele>
    <time>2025-10-28T15:08:51Z</time>
   </trkpt>
   <trkpt lat="22.5123420" lon="88.3459830">
    <ele>10.2</ele>
    <time>2025-10-28T15:08:52Z</time>
   </trkpt>
   <trkpt lat="22.5123710" lon="88.3459900">
    <ele>10.2</ele>
    <time>2025-10-28T15:08:53Z</time>
   </trkpt>
   <trkpt lat="22.5123820" lon="88.3459960">
    <ele>10.2</ele>
    <time>2025-10-28T15:08:54Z</time>
   </trkpt>
   <trkpt lat="22.5124120" lon="88.3459940">
    <ele>10.2</ele>
    <time>2025-10-28T15:08:55Z</time>
   </trkpt>
   <trkpt lat="22.5124190" lon="88.3459910">
    <ele>10.2</ele>
    <time>2025-10-28T15:08:56Z</time>
   </trkpt>
   <trkpt lat="22.5124170" lon="88.3459790">
    <ele>10.2</ele>
    <time>2025-10-28T15:08:57Z</time>
   </trkpt>
   <trkpt lat="22.5124140" lon="88.3459580">
    <ele>10.2</ele>
    <time>2025-10-28T15:08:58Z</time>
   </trkpt>
   <trkpt lat="22.5124260" lon="88.3459520">
    <ele>10.2</ele>
    <time>2025-10-28T15:08:59Z</time>
   </trkpt>
   <trkpt lat="22.5124460" lon="88.3459690">
    <ele>10.2</ele>
    <time>2025-10-28T15:09:00Z</time>
   </trkpt>
   <trkpt lat="22.5124580" lon="88.3459610">
    <ele>10.2</ele>
    <time>2025-10-28T15:09:01Z</time>
   </trkpt>
   <trkpt lat="22.5124560" lon="88.3459510">
    <ele>10.2</ele>
    <time>2025-10-28T15:09:02Z</time>
   </trkpt>
   <trkpt lat="22.5124640" lon="88.3459480">
    <ele>10.2</ele>
    <time>2025-10-28T15:09:03Z</time>
   </trkpt>
   <trkpt lat="22.5124610" lon="88.3459410">
    <ele>10.2</ele>
    <time>2025-10-28T15:09:04Z</time>
   </trkpt>
   <trkpt lat="22.5124720" lon="88.3459410">
    <ele>10.2</ele>
    <time>2025-10-28T15:09:05Z</time>
   </trkpt>
   <trkpt lat="22.5124880" lon="88.3459420">
    <ele>10.2</ele>
    <time>2025-10-28T15:09:06Z</time>
   </trkpt>
   <trkpt lat="22.5124970" lon="88.3459400">
    <ele>10.2</ele>
    <time>2025-10-28T15:09:07Z</time>
   </trkpt>
   <trkpt lat="22.5125110" lon="88.3459400">
    <ele>10.2</ele>
    <time>2025-10-28T15:09:08Z</time>
   </trkpt>
   <trkpt lat="22.5125200" lon="88.3459450">
    <ele>10.2</ele>
    <time>2025-10-28T15:09:09Z</time>
   </trkpt>
   <trkpt lat="22.5125380" lon="88.3459520">
    <ele>10.2</ele>
    <time>2025-10-28T15:09:10Z</time>
   </trkpt>
   <trkpt lat="22.5125550" lon="88.3459540">
    <ele>10.2</ele>
    <time>2025-10-28T15:09:11Z</time>
   </trkpt>
   <trkpt lat="22.5125870" lon="88.3459590">
    <ele>10.2</ele>
    <time>2025-10-28T15:09:12Z</time>
   </trkpt>
   <trkpt lat="22.5125970" lon="88.3459570">
    <ele>10.2</ele>
    <time>2025-10-28T15:09:13Z</time>
   </trkpt>
   <trkpt lat="22.5125960" lon="88.3459760">
    <ele>10.2</ele>
    <time>2025-10-28T15:09:14Z</time>
   </trkpt>
   <trkpt lat="22.5126160" lon="88.3459850">
    <ele>10.2</ele>
    <time>2025-10-28T15:09:15Z</time>
   </trkpt>
   <trkpt lat="22.5126310" lon="88.3459920">
    <ele>10.2</ele>
    <time>2025-10-28T15:09:16Z</time>
   </trkpt>
   <trkpt lat="22.5126450" lon="88.3459940">
    <ele>10.2</ele>
    <time>2025-10-28T15:09:17Z</time>
   </trkpt>
   <trkpt lat="22.5126750" lon="88.3459950">
    <ele>10.2</ele>
    <time>2025-10-28T15:09:18Z</time>
   </trkpt>
   <trkpt lat="22.5126850" lon="88.3459960">
    <ele>10.2</ele>
    <time>2025-10-28T15:09:19Z</time>
   </trkpt>
   <trkpt lat="22.5127060" lon="88.3459940">
    <ele>10.2</ele>
    <time>2025-10-28T15:09:20Z</time>
   </trkpt>
   <trkpt lat="22.5127020" lon="88.3459930">
    <ele>10.2</ele>
    <time>2025-10-28T15:09:21Z</time>
   </trkpt>
   <trkpt lat="22.5127120" lon="88.3459980">
    <ele>10.2</ele>
    <time>2025-10-28T15:09:22Z</time>
   </trkpt>
   <trkpt lat="22.5127250" lon="88.3459910">
    <ele>10.2</ele>
    <time>2025-10-28T15:09:23Z</time>
   </trkpt>
   <trkpt lat="22.5127450" lon="88.3459940">
    <ele>10.2</ele>
    <time>2025-10-28T15:09:24Z</time>
   </trkpt>
   <trkpt lat="22.5127660" lon="88.3459870">
    <ele>10.2</ele>
    <time>2025-10-28T15:09:25Z</time>
   </trkpt>
   <trkpt lat="22.5127780" lon="88.3459850">
    <ele>10.2</ele>
    <time>2025-10-28T15:09:26Z</time>
   </trkpt>
   <trkpt lat="22.5127860" lon="88.3459870">
    <ele>10.2</ele>
    <time>2025-10-28T15:09:27Z</time>
   </trkpt>
   <trkpt lat="22.5127980" lon="88.3459910">
    <ele>10.2</ele>
    <time>2025-10-28T15:09:28Z</time>
   </trkpt>
   <trkpt lat="22.5128120" lon="88.3459950">
    <ele>10.2</ele>
    <time>2025-10-28T15:09:29Z</time>
   </trkpt>
   <trkpt lat="22.5128350" lon="88.3459950">
    <ele>10.2</ele>
    <time>2025-10-28T15:09:30Z</time>
   </trkpt>
   <trkpt lat="22.5128420" lon="88.3459930">
    <ele>10.2</ele>
    <time>2025-10-28T15:09:31Z</time>
   </trkpt>
   <trkpt lat="22.5128490" lon="88.3459910">
    <ele>10.2</ele>
    <time>2025-10-28T15:09:32Z</time>
   </trkpt>
   <trkpt lat="22.5128680" lon="88.3459920">
    <ele>10.2</ele>
    <time>2025-10-28T15:09:33Z</time>
   </trkpt>
   <trkpt lat="22.5128790" lon="88.3459930">
    <ele>10.2</ele>
    <time>2025-10-28T15:09:34Z</time>
   </trkpt>
   <trkpt lat="22.5128900" lon="88.3459940">
    <ele>10.2</ele>
    <time>2025-10-28T15:09:35Z</time>
   </trkpt>
   <trkpt lat="22.5129120" lon="88.3460000">
    <ele>10.2</ele>
    <time>2025-10-28T15:09:36Z</time>
   </trkpt>
   <trkpt lat="22.5129180" lon="88.3460060">
    <ele>10.2</ele>
    <time>2025-10-28T15:09:37Z</time>
   </trkpt>
   <trkpt lat="22.5129250" lon="88.3460120">
    <ele>10.2</ele>
    <time>2025-10-28T15:09:38Z</time>
   </trkpt>
   <trkpt lat="22.5129310" lon="88.3460160">
    <ele>10.2</ele>
    <time>2025-10-28T15:09:39Z</time>
   </trkpt>
   <trkpt lat="22.5129450" lon="88.3460090">
    <ele>10.2</ele>
    <time>2025-10-28T15:09:40Z</time>
   </trkpt>
   <trkpt lat="22.5129520" lon="88.3460010">
    <ele>10.2</ele>
    <time>2025-10-28T15:09:41Z</time>
   </trkpt>
   <trkpt lat="22.5129690" lon="88.3460030">
    <ele>10.2</ele>
    <time>2025-10-28T15:09:42Z</time>
   </trkpt>
   <trkpt lat="22.5129760" lon="88.3460050">
    <ele>10.2</ele>
    <time>2025-10-28T15:09:43Z</time>
   </trkpt>
   <trkpt lat="22.5129830" lon="88.3460060">
    <ele>10.2</ele>
    <time>2025-10-28T15:09:44Z</time>
   </trkpt>
   <trkpt lat="22.5129900" lon="88.3460080">
    <ele>10.2</ele>
    <time>2025-10-28T15:09:45Z</time>
   </trkpt>
   <trkpt lat="22.5130050" lon="88.3460100">
    <ele>10.2</ele>
    <time>2025-10-28T15:09:46Z</time>
   </trkpt>
   <trkpt lat="22.5130190" lon="88.3460040">
    <ele>10.1</ele>
    <time>2025-10-28T15:09:47Z</time>
   </trkpt>
   <trkpt lat="22.5130360" lon="88.3460070">
    <ele>10.1</ele>
    <time>2025-10-28T15:09:48Z</time>
   </trkpt>
   <trkpt lat="22.5130540" lon="88.3460040">
    <ele>10.1</ele>
    <time>2025-10-28T15:09:49Z</time>
   </trkpt>
   <trkpt lat="22.5130840" lon="88.3460110">
    <ele>10.1</ele>
    <time>2025-10-28T15:09:50Z</time>
   </trkpt>
   <trkpt lat="22.5130950" lon="88.3460120">
    <ele>10.1</ele>
    <time>2025-10-28T15:09:51Z</time>
   </trkpt>
   <trkpt lat="22.5131150" lon="88.3460130">
    <ele>10.1</ele>
    <time>2025-10-28T15:09:52Z</time>
   </trkpt>
   <trkpt lat="22.5131190" lon="88.3460330">
    <ele>10.1</ele>
    <time>2025-10-28T15:09:53Z</time>
   </trkpt>
   <trkpt lat="22.5131360" lon="88.3460390">
    <ele>10.1</ele>
    <time>2025-10-28T15:09:54Z</time>
   </trkpt>
   <trkpt lat="22.5131500" lon="88.3460470">
    <ele>10.1</ele>
    <time>2025-10-28T15:09:55Z</time>
   </trkpt>
   <trkpt lat="22.5131580" lon="88.3460590">
    <ele>10.1</ele>
    <time>2025-10-28T15:09:56Z</time>
   </trkpt>
   <trkpt lat="22.5131680" lon="88.3460780">
    <ele>10.1</ele>
    <time>2025-10-28T15:09:57Z</time>
   </trkpt>
   <trkpt lat="22.5131820" lon="88.3460830">
    <ele>10.1</ele>
    <time>2025-10-28T15:09:58Z</time>
   </trkpt>
   <trkpt lat="22.5132010" lon="88.3460910">
    <ele>10.1</ele>
    <time>2025-10-28T15:09:59Z</time>
   </trkpt>
   <trkpt lat="22.5132220" lon="88.3460990">
    <ele>10.1</ele>
    <time>2025-10-28T15:10:00Z</time>
   </trkpt>
   <trkpt lat="22.5132180" lon="88.3460940">
    <ele>10.1</ele>
    <time>2025-10-28T15:10:01Z</time>
   </trkpt>
   <trkpt lat="22.5132340" lon="88.3460920">
    <ele>10.1</ele>
    <time>2025-10-28T15:10:02Z</time>
   </trkpt>
   <trkpt lat="22.5132500" lon="88.3460880">
    <ele>10.1</ele>
    <time>2025-10-28T15:10:03Z</time>
   </trkpt>
   <trkpt lat="22.5132670" lon="88.3460850">
    <ele>10.1</ele>
    <time>2025-10-28T15:10:04Z</time>
   </trkpt>
   <trkpt lat="22.5132820" lon="88.3460790">
    <ele>10.1</ele>
    <time>2025-10-28T15:10:05Z</time>
   </trkpt>
   <trkpt lat="22.5133020" lon="88.3460770">
    <ele>10.1</ele>
    <time>2025-10-28T15:10:06Z</time>
   </trkpt>
   <trkpt lat="22.5133160" lon="88.3460830">
    <ele>10.1</ele>
    <time>2025-10-28T15:10:07Z</time>
   </trkpt>
   <trkpt lat="22.5133160" lon="88.3460720">
    <ele>10.1</ele>
    <time>2025-10-28T15:10:08Z</time>
   </trkpt>
   <trkpt lat="22.5133330" lon="88.3460610">
    <ele>10.1</ele>
    <time>2025-10-28T15:10:09Z</time>
   </trkpt>
   <trkpt lat="22.5133590" lon="88.3460880">
    <ele>10.1</ele>
    <time>2025-10-28T15:10:10Z</time>
   </trkpt>
   <trkpt lat="22.5133650" lon="88.3461120">
    <ele>10.0</ele>
    <time>2025-10-28T15:10:11Z</time>
   </trkpt>
   <trkpt lat="22.5133700" lon="88.3461190">
    <ele>10.0</ele>
    <time>2025-10-28T15:10:12Z</time>
   </trkpt>
   <trkpt lat="22.5133910" lon="88.3461090">
    <ele>10.0</ele>
    <time>2025-10-28T15:10:13Z</time>
   </trkpt>
   <trkpt lat="22.5133870" lon="88.3461020">
    <ele>10.0</ele>
    <time>2025-10-28T15:10:14Z</time>
   </trkpt>
   <trkpt lat="22.5133900" lon="88.3460960">
    <ele>10.0</ele>
    <time>2025-10-28T15:10:15Z</time>
   </trkpt>
   <trkpt lat="22.5134060" lon="88.3460900">
    <ele>10.0</ele>
    <time>2025-10-28T15:10:16Z</time>
   </trkpt>
   <trkpt lat="22.5134110" lon="88.3460880">
    <ele>10.0</ele>
    <time>2025-10-28T15:10:17Z</time>
   </trkpt>
   <trkpt lat="22.5134170" lon="88.3460850">
    <ele>10.0</ele>
    <time>2025-10-28T15:10:18Z</time>
   </trkpt>
   <trkpt lat="22.5134220" lon="88.3460830">
    <ele>10.0</ele>
    <time>2025-10-28T15:10:19Z</time>
   </trkpt>
   <trkpt lat="22.5134280" lon="88.3460800">
    <ele>10.0</ele>
    <time>2025-10-28T15:10:20Z</time>
   </trkpt>
   <trkpt lat="22.5134520" lon="88.3460900">
    <ele>10.0</ele>
    <time>2025-10-28T15:10:21Z</time>
   </trkpt>
   <trkpt lat="22.5134470" lon="88.3461030">
    <ele>10.0</ele>
    <time>2025-10-28T15:10:22Z</time>
   </trkpt>
   <trkpt lat="22.5134520" lon="88.3461170">
    <ele>10.0</ele>
    <time>2025-10-28T15:10:23Z</time>
   </trkpt>
   <trkpt lat="22.5134760" lon="88.3461200">
    <ele>10.0</ele>
    <time>2025-10-28T15:10:24Z</time>
   </trkpt>
   <trkpt lat="22.5135060" lon="88.3461290">
    <ele>10.0</ele>
    <time>2025-10-28T15:10:25Z</time>
   </trkpt>
   <trkpt lat="22.5135170" lon="88.3461310">
    <ele>9.9</ele>
    <time>2025-10-28T15:10:26Z</time>
   </trkpt>
   <trkpt lat="22.5135220" lon="88.3461250">
    <ele>9.9</ele>
    <time>2025-10-28T15:10:27Z</time>
   </trkpt>
   <trkpt lat="22.5135330" lon="88.3461210">
    <ele>9.9</ele>
    <time>2025-10-28T15:10:28Z</time>
   </trkpt>
   <trkpt lat="22.5135430" lon="88.3461170">
    <ele>9.9</ele>
    <time>2025-10-28T15:10:29Z</time>
   </trkpt>
   <trkpt lat="22.5135530" lon="88.3461130">
    <ele>9.9</ele>
    <time>2025-10-28T15:10:30Z</time>
   </trkpt>
   <trkpt lat="22.5135740" lon="88.3461050">
    <ele>9.9</ele>
    <time>2025-10-28T15:10:31Z</time>
   </trkpt>
   <trkpt lat="22.5135830" lon="88.3461030">
    <ele>9.9</ele>
    <time>2025-10-28T15:10:32Z</time>
   </trkpt>
   <trkpt lat="22.5135920" lon="88.3461020">
    <ele>9.9</ele>
    <time>2025-10-28T15:10:33Z</time>
   </trkpt>
   <trkpt lat="22.5136150" lon="88.3460940">
    <ele>9.9</ele>
    <time>2025-10-28T15:10:34Z</time>
   </trkpt>
   <trkpt lat="22.5136270" lon="88.3460880">
    <ele>9.9</ele>
    <time>2025-10-28T15:10:35Z</time>
   </trkpt>
   <trkpt lat="22.5136390" lon="88.3460820">
    <ele>9.9</ele>
    <time>2025-10-28T15:10:36Z</time>
   </trkpt>
   <trkpt lat="22.5136600" lon="88.3460690">
    <ele>9.9</ele>
    <time>2025-10-28T15:10:37Z</time>
   </trkpt>
   <trkpt lat="22.5136660" lon="88.3460620">
    <ele>9.8</ele>
    <time>2025-10-28T15:10:38Z</time>
   </trkpt>
   <trkpt lat="22.5136730" lon="88.3460560">
    <ele>9.8</ele>
    <time>2025-10-28T15:10:39Z</time>
   </trkpt>
   <trkpt lat="22.5136920" lon="88.3460500">
    <ele>9.8</ele>
    <time>2025-10-28T15:10:40Z</time>
   </trkpt>
   <trkpt lat="22.5136990" lon="88.3460490">
    <ele>9.8</ele>
    <time>2025-10-28T15:10:41Z</time>
   </trkpt>
   <trkpt lat="22.5137050" lon="88.3460480">
    <ele>9.8</ele>
    <time>2025-10-28T15:10:42Z</time>
   </trkpt>
   <trkpt lat="22.5137110" lon="88.3460470">
    <ele>9.8</ele>
    <time>2025-10-28T15:10:43Z</time>
   </trkpt>
   <trkpt lat="22.5137210" lon="88.3460520">
    <ele>9.8</ele>
    <time>2025-10-28T15:10:44Z</time>
   </trkpt>
   <trkpt lat="22.5137310" lon="88.3460440">
    <ele>9.8</ele>
    <time>2025-10-28T15:10:45Z</time>
   </trkpt>
   <trkpt lat="22.5137430" lon="88.3460370">
    <ele>9.8</ele>
    <time>2025-10-28T15:10:46Z</time>
   </trkpt>
   <trkpt lat="22.5137510" lon="88.3460350">
    <ele>9.8</ele>
    <time>2025-10-28T15:10:47Z</time>
   </trkpt>
   <trkpt lat="22.5137650" lon="88.3460400">
    <ele>9.8</ele>
    <time>2025-10-28T15:10:48Z</time>
   </trkpt>
   <trkpt lat="22.5137730" lon="88.3460340">
    <ele>9.8</ele>
    <time>2025-10-28T15:10:49Z</time>
   </trkpt>
   <trkpt lat="22.5137990" lon="88.3460410">
    <ele>9.8</ele>
    <time>2025-10-28T15:10:50Z</time>
   </trkpt>
   <trkpt lat="22.5138100" lon="88.3460440">
    <ele>9.8</ele>
    <time>2025-10-28T15:10:51Z</time>
   </trkpt>
   <trkpt lat="22.5138450" lon="88.3460570">
    <ele>9.8</ele>
    <time>2025-10-28T15:10:52Z</time>
   </trkpt>
   <trkpt lat="22.5138550" lon="88.3460590">
    <ele>9.8</ele>
    <time>2025-10-28T15:10:53Z</time>
   </trkpt>
   <trkpt lat="22.5138830" lon="88.3460490">
    <ele>9.7</ele>
    <time>2025-10-28T15:10:54Z</time>
   </trkpt>
   <trkpt lat="22.5138910" lon="88.3460430">
    <ele>9.7</ele>
    <time>2025-10-28T15:10:55Z</time>
   </trkpt>
   <trkpt lat="22.5139100" lon="88.3460390">
    <ele>9.7</ele>
    <time>2025-10-28T15:10:56Z</time>
   </trkpt>
   <trkpt lat="22.5139220" lon="88.3460350">
    <ele>9.7</ele>
    <time>2025-10-28T15:10:57Z</time>
   </trkpt>
   <trkpt lat="22.5139400" lon="88.3460480">
    <ele>9.7</ele>
    <time>2025-10-28T15:10:58Z</time>
   </trkpt>
   <trkpt lat="22.5139530" lon="88.3460490">
    <ele>9.7</ele>
    <time>2025-10-28T15:10:59Z</time>
   </trkpt>
   <trkpt lat="22.5139720" lon="88.3460590">
    <ele>9.7</ele>
    <time>2025-10-28T15:11:00Z</time>
   </trkpt>
   <trkpt lat="22.5139820" lon="88.3460490">
    <ele>9.7</ele>
    <time>2025-10-28T15:11:01Z</time>
   </trkpt>
   <trkpt lat="22.5140050" lon="88.3460470">
    <ele>9.7</ele>
    <time>2025-10-28T15:11:02Z</time>
   </trkpt>
   <trkpt lat="22.5140140" lon="88.3460440">
    <ele>9.7</ele>
    <time>2025-10-28T15:11:03Z</time>
   </trkpt>
   <trkpt lat="22.5140220" lon="88.3460410">
    <ele>9.7</ele>
    <time>2025-10-28T15:11:04Z</time>
   </trkpt>
   <trkpt lat="22.5140200" lon="88.3460240">
    <ele>9.7</ele>
    <time>2025-10-28T15:11:05Z</time>
   </trkpt>
   <trkpt lat="22.5140350" lon="88.3460230">
    <ele>9.7</ele>
    <time>2025-10-28T15:11:06Z</time>
   </trkpt>
   <trkpt lat="22.5140430" lon="88.3460110">
    <ele>9.7</ele>
    <time>2025-10-28T15:11:07Z</time>
   </trkpt>
   <trkpt lat="22.5140410" lon="88.3460040">
    <ele>9.7</ele>
    <time>2025-10-28T15:11:08Z</time>
   </trkpt>
   <trkpt lat="22.5140500" lon="88.3459930">
    <ele>9.7</ele>
    <time>2025-10-28T15:11:09Z</time>
   </trkpt>
   <trkpt lat="22.5140570" lon="88.3459810">
    <ele>9.6</ele>
    <time>2025-10-28T15:11:10Z</time>
   </trkpt>
   <trkpt lat="22.5140720" lon="88.3459790">
    <ele>9.6</ele>
    <time>2025-10-28T15:11:11Z</time>
   </trkpt>
   <trkpt lat="22.5140630" lon="88.3459610">
    <ele>9.6</ele>
    <time>2025-10-28T15:11:12Z</time>
   </trkpt>
   <trkpt lat="22.5140550" lon="88.3459520">
    <ele>9.6</ele>
    <time>2025-10-28T15:11:13Z</time>
   </trkpt>
   <trkpt lat="22.5140690" lon="88.3459360">
    <ele>9.6</ele>
    <time>2025-10-28T15:11:14Z</time>
   </trkpt>
   <trkpt lat="22.5140790" lon="88.3459320">
    <ele>9.6</ele>
    <time>2025-10-28T15:11:15Z</time>
   </trkpt>
   <trkpt lat="22.5140880" lon="88.3459290">
    <ele>9.6</ele>
    <time>2025-10-28T15:11:16Z</time>
   </trkpt>
   <trkpt lat="22.5140950" lon="88.3459270">
    <ele>9.6</ele>
    <time>2025-10-28T15:11:17Z</time>
   </trkpt>
   <trkpt lat="22.5140950" lon="88.3459300">
    <ele>9.6</ele>
    <time>2025-10-28T15:11:18Z</time>
   </trkpt>
   <trkpt lat="22.5141200" lon="88.3459360">
    <ele>9.6</ele>
    <time>2025-10-28T15:11:19Z</time>
   </trkpt>
   <trkpt lat="22.5141250" lon="88.3459220">
    <ele>9.6</ele>
    <time>2025-10-28T15:11:20Z</time>
   </trkpt>
   <trkpt lat="22.5141480" lon="88.3459500">
    <ele>9.6</ele>
    <time>2025-10-28T15:11:21Z</time>
   </trkpt>
   <trkpt lat="22.5141720" lon="88.3459610">
    <ele>9.6</ele>
    <time>2025-10-28T15:11:22Z</time>
   </trkpt>
   <trkpt lat="22.5141870" lon="88.3459810">
    <ele>9.5</ele>
    <time>2025-10-28T15:11:23Z</time>
   </trkpt>
   <trkpt lat="22.5142140" lon="88.3460080">
    <ele>9.5</ele>
    <time>2025-10-28T15:11:24Z</time>
   </trkpt>
   <trkpt lat="22.5142390" lon="88.3460280">
    <ele>9.5</ele>
    <time>2025-10-28T15:11:25Z</time>
   </trkpt>
   <trkpt lat="22.5142730" lon="88.3460450">
    <ele>9.5</ele>
    <time>2025-10-28T15:11:26Z</time>
   </trkpt>
   <trkpt lat="22.5142900" lon="88.3460540">
    <ele>9.5</ele>
    <time>2025-10-28T15:11:27Z</time>
   </trkpt>
   <trkpt lat="22.5143170" lon="88.3460610">
    <ele>9.5</ele>
    <time>2025-10-28T15:11:28Z</time>
   </trkpt>
   <trkpt lat="22.5143540" lon="88.3460580">
    <ele>9.4</ele>
    <time>2025-10-28T15:11:29Z</time>
   </trkpt>
   <trkpt lat="22.5143650" lon="88.3460590">
    <ele>9.4</ele>
    <time>2025-10-28T15:11:30Z</time>
   </trkpt>
   <trkpt lat="22.5144030" lon="88.3460520">
    <ele>9.4</ele>
    <time>2025-10-28T15:11:31Z</time>
   </trkpt>
   <trkpt lat="22.5144140" lon="88.3460510">
    <ele>9.4</ele>
    <time>2025-10-28T15:11:32Z</time>
   </trkpt>
   <trkpt lat="22.5144440" lon="88.3460500">
    <ele>9.4</ele>
    <time>2025-10-28T15:11:33Z</time>
   </trkpt>
   <trkpt lat="22.5145180" lon="88.3461390">
    <ele>9.4</ele>
    <time>2025-10-28T15:11:34Z</time>
   </trkpt>
   <trkpt lat="22.5144370" lon="88.3460900">
    <ele>9.3</ele>
    <time>2025-10-28T15:11:35Z</time>
   </trkpt>
   <trkpt lat="22.5144450" lon="88.3460620">
    <ele>9.3</ele>
    <time>2025-10-28T15:11:36Z</time>
   </trkpt>
   <trkpt lat="22.5144510" lon="88.3460580">
    <ele>9.3</ele>
    <time>2025-10-28T15:11:37Z</time>
   </trkpt>
   <trkpt lat="22.5144580" lon="88.3460550">
    <ele>9.3</ele>
    <time>2025-10-28T15:11:38Z</time>
   </trkpt>
   <trkpt lat="22.5144840" lon="88.3460410">
    <ele>9.3</ele>
    <time>2025-10-28T15:11:39Z</time>
   </trkpt>
   <trkpt lat="22.5144920" lon="88.3460330">
    <ele>9.3</ele>
    <time>2025-10-28T15:11:40Z</time>
   </trkpt>
   <trkpt lat="22.5145260" lon="88.3460350">
    <ele>9.3</ele>
    <time>2025-10-28T15:11:41Z</time>
   </trkpt>
   <trkpt lat="22.5145360" lon="88.3460390">
    <ele>9.3</ele>
    <time>2025-10-28T15:11:42Z</time>
   </trkpt>
   <trkpt lat="22.5145840" lon="88.3460850">
    <ele>9.3</ele>
    <time>2025-10-28T15:11:44Z</time>
   </trkpt>
   <trkpt lat="22.5146150" lon="88.3461010">
    <ele>9.3</ele>
    <time>2025-10-28T15:11:45Z</time>
   </trkpt>
   <trkpt lat="22.5146300" lon="88.3461100">
    <ele>9.3</ele>
    <time>2025-10-28T15:11:46Z</time>
   </trkpt>
   <trkpt lat="22.5146570" lon="88.3461320">
    <ele>9.2</ele>
    <time>2025-10-28T15:11:47Z</time>
   </trkpt>
   <trkpt lat="22.5146650" lon="88.3461370">
    <ele>9.2</ele>
    <time>2025-10-28T15:11:48Z</time>
   </trkpt>
   <trkpt lat="22.5146890" lon="88.3461430">
    <ele>9.2</ele>
    <time>2025-10-28T15:11:49Z</time>
   </trkpt>
   <trkpt lat="22.5146820" lon="88.3461560">
    <ele>9.2</ele>
    <time>2025-10-28T15:11:50Z</time>
   </trkpt>
   <trkpt lat="22.5146940" lon="88.3461520">
    <ele>9.2</ele>
    <time>2025-10-28T15:11:51Z</time>
   </trkpt>
   <trkpt lat="22.5146590" lon="88.3461660">
    <ele>9.2</ele>
    <time>2025-10-28T15:11:52Z</time>
   </trkpt>
   <trkpt lat="22.5146460" lon="88.3461720">
    <ele>9.2</ele>
    <time>2025-10-28T15:11:53Z</time>
   </trkpt>
   <trkpt lat="22.5146350" lon="88.3461700">
    <ele>9.2</ele>
    <time>2025-10-28T15:11:54Z</time>
   </trkpt>
   <trkpt lat="22.5146420" lon="88.3461580">
    <ele>9.2</ele>
    <time>2025-10-28T15:11:55Z</time>
   </trkpt>
   <trkpt lat="22.5146550" lon="88.3461490">
    <ele>9.2</ele>
    <time>2025-10-28T15:11:56Z</time>
   </trkpt>
   <trkpt lat="22.5146600" lon="88.3461360">
    <ele>9.2</ele>
    <time>2025-10-28T15:11:57Z</time>
   </trkpt>
   <trkpt lat="22.5146950" lon="88.3461340">
    <ele>9.2</ele>
    <time>2025-10-28T15:11:58Z</time>
   </trkpt>
   <trkpt lat="22.5147050" lon="88.3461330">
    <ele>9.2</ele>
    <time>2025-10-28T15:11:59Z</time>
   </trkpt>
   <trkpt lat="22.5147430" lon="88.3461220">
    <ele>9.2</ele>
    <time>2025-10-28T15:12:00Z</time>
   </trkpt>
   <trkpt lat="22.5147700" lon="88.3461390">
    <ele>9.1</ele>
    <time>2025-10-28T15:12:01Z</time>
   </trkpt>
   <trkpt lat="22.5147840" lon="88.3461580">
    <ele>9.1</ele>
    <time>2025-10-28T15:12:02Z</time>
   </trkpt>
   <trkpt lat="22.5147840" lon="88.3461680">
    <ele>9.1</ele>
    <time>2025-10-28T15:12:03Z</time>
   </trkpt>
   <trkpt lat="22.5147940" lon="88.3461740">
    <ele>9.1</ele>
    <time>2025-10-28T15:12:04Z</time>
   </trkpt>
   <trkpt lat="22.5148030" lon="88.3461830">
    <ele>9.1</ele>
    <time>2025-10-28T15:12:05Z</time>
   </trkpt>
   <trkpt lat="22.5148100" lon="88.3461910">
    <ele>9.1</ele>
    <time>2025-10-28T15:12:06Z</time>
   </trkpt>
   <trkpt lat="22.5148340" lon="88.3462110">
    <ele>9.1</ele>
    <time>2025-10-28T15:12:07Z</time>
   </trkpt>
   <trkpt lat="22.5148610" lon="88.3462330">
    <ele>9.1</ele>
    <time>2025-10-28T15:12:08Z</time>
   </trkpt>
   <trkpt lat="22.5148670" lon="88.3462380">
    <ele>9.1</ele>
    <time>2025-10-28T15:12:09Z</time>
   </trkpt>
   <trkpt lat="22.5148830" lon="88.3462430">
    <ele>9.1</ele>
    <time>2025-10-28T15:12:10Z</time>
   </trkpt>
   <trkpt lat="22.5148970" lon="88.3462480">
    <ele>9.1</ele>
    <time>2025-10-28T15:12:11Z</time>
   </trkpt>
   <trkpt lat="22.5149060" lon="88.3462690">
    <ele>9.1</ele>
    <time>2025-10-28T15:12:12Z</time>
   </trkpt>
   <trkpt lat="22.5149110" lon="88.3462770">
    <ele>9.1</ele>
    <time>2025-10-28T15:12:13Z</time>
   </trkpt>
   <trkpt lat="22.5149170" lon="88.3462850">
    <ele>9.1</ele>
    <time>2025-10-28T15:12:14Z</time>
   </trkpt>
   <trkpt lat="22.5149260" lon="88.3462930">
    <ele>9.1</ele>
    <time>2025-10-28T15:12:15Z</time>
   </trkpt>
   <trkpt lat="22.5149210" lon="88.3462970">
    <ele>9.1</ele>
    <time>2025-10-28T15:12:16Z</time>
   </trkpt>
   <trkpt lat="22.5149250" lon="88.3462860">
    <ele>9.1</ele>
    <time>2025-10-28T15:12:17Z</time>
   </trkpt>
   <trkpt lat="22.5149210" lon="88.3462810">
    <ele>9.1</ele>
    <time>2025-10-28T15:12:18Z</time>
   </trkpt>
   <trkpt lat="22.5149220" lon="88.3462760">
    <ele>9.1</ele>
    <time>2025-10-28T15:12:19Z</time>
   </trkpt>
   <trkpt lat="22.5149390" lon="88.3462800">
    <ele>9.2</ele>
    <time>2025-10-28T15:12:20Z</time>
   </trkpt>
   <trkpt lat="22.5149520" lon="88.3462880">
    <ele>9.2</ele>
    <time>2025-10-28T15:12:21Z</time>
   </trkpt>
   <trkpt lat="22.5149610" lon="88.3462880">
    <ele>9.2</ele>
    <time>2025-10-28T15:12:22Z</time>
   </trkpt>
   <trkpt lat="22.5149680" lon="88.3462840">
    <ele>9.2</ele>
    <time>2025-10-28T15:12:23Z</time>
   </trkpt>
   <trkpt lat="22.5149720" lon="88.3462780">
    <ele>9.2</ele>
    <time>2025-10-28T15:12:24Z</time>
   </trkpt>
   <trkpt lat="22.5149780" lon="88.3462620">
    <ele>9.2</ele>
    <time>2025-10-28T15:12:25Z</time>
   </trkpt>
   <trkpt lat="22.5149940" lon="88.3462330">
    <ele>9.2</ele>
    <time>2025-10-28T15:12:26Z</time>
   </trkpt>
   <trkpt lat="22.5149990" lon="88.3462270">
    <ele>9.2</ele>
    <time>2025-10-28T15:12:27Z</time>
   </trkpt>
   <trkpt lat="22.5150030" lon="88.3462140">
    <ele>9.2</ele>
    <time>2025-10-28T15:12:28Z</time>
   </trkpt>
   <trkpt lat="22.5150100" lon="88.3462010">
    <ele>9.2</ele>
    <time>2025-10-28T15:12:29Z</time>
   </trkpt>
   <trkpt lat="22.5150420" lon="88.3462040">
    <ele>9.3</ele>
    <time>2025-10-28T15:12:30Z</time>
   </trkpt>
   <trkpt lat="22.5150550" lon="88.3462120">
    <ele>9.3</ele>
    <time>2025-10-28T15:12:31Z</time>
   </trkpt>
   <trkpt lat="22.5150820" lon="88.3462200">
    <ele>9.3</ele>
    <time>2025-10-28T15:12:32Z</time>
   </trkpt>
   <trkpt lat="22.5150910" lon="88.3462220">
    <ele>9.3</ele>
    <time>2025-10-28T15:12:33Z</time>
   </trkpt>
   <trkpt lat="22.5151010" lon="88.3462110">
    <ele>9.3</ele>
    <time>2025-10-28T15:12:34Z</time>
   </trkpt>
   <trkpt lat="22.5151070" lon="88.3462040">
    <ele>9.3</ele>
    <time>2025-10-28T15:12:35Z</time>
   </trkpt>
   <trkpt lat="22.5151120" lon="88.3461970">
    <ele>9.2</ele>
    <time>2025-10-28T15:12:36Z</time>
   </trkpt>
   <trkpt lat="22.5151180" lon="88.3461900">
    <ele>9.2</ele>
    <time>2025-10-28T15:12:37Z</time>
   </trkpt>
   <trkpt lat="22.5151460" lon="88.3461790">
    <ele>9.2</ele>
    <time>2025-10-28T15:12:38Z</time>
   </trkpt>
   <trkpt lat="22.5151540" lon="88.3461750">
    <ele>9.2</ele>
    <time>2025-10-28T15:12:39Z</time>
   </trkpt>
   <trkpt lat="22.5151690" lon="88.3461670">
    <ele>9.2</ele>
    <time>2025-10-28T15:12:40Z</time>
   </trkpt>
   <trkpt lat="22.5151800" lon="88.3461740">
    <ele>9.2</ele>
    <time>2025-10-28T15:12:41Z</time>
   </trkpt>
   <trkpt lat="22.5151840" lon="88.3461770">
    <ele>9.2</ele>
    <time>2025-10-28T15:12:42Z</time>
   </trkpt>
   <trkpt lat="22.5151960" lon="88.3461770">
    <ele>9.2</ele>
    <time>2025-10-28T15:12:43Z</time>
   </trkpt>
   <trkpt lat="22.5152040" lon="88.3461910">
    <ele>9.2</ele>
    <time>2025-10-28T15:12:44Z</time>
   </trkpt>
   <trkpt lat="22.5152150" lon="88.3461970">
    <ele>9.2</ele>
    <time>2025-10-28T15:12:45Z</time>
   </trkpt>
   <trkpt lat="22.5152330" lon="88.3461990">
    <ele>9.1</ele>
    <time>2025-10-28T15:12:46Z</time>
   </trkpt>
   <trkpt lat="22.5152440" lon="88.3461990">
    <ele>9.1</ele>
    <time>2025-10-28T15:12:47Z</time>
   </trkpt>
   <trkpt lat="22.5152540" lon="88.3461990">
    <ele>9.1</ele>
    <time>2025-10-28T15:12:48Z</time>
   </trkpt>
   <trkpt lat="22.5152710" lon="88.3461870">
    <ele>9.1</ele>
    <time>2025-10-28T15:12:49Z</time>
   </trkpt>
   <trkpt lat="22.5152820" lon="88.3461800">
    <ele>9.1</ele>
    <time>2025-10-28T15:12:50Z</time>
   </trkpt>
   <trkpt lat="22.5152900" lon="88.3461760">
    <ele>9.1</ele>
    <time>2025-10-28T15:12:51Z</time>
   </trkpt>
   <trkpt lat="22.5152970" lon="88.3461700">
    <ele>9.1</ele>
    <time>2025-10-28T15:12:52Z</time>
   </trkpt>
   <trkpt lat="22.5153080" lon="88.3461650">
    <ele>9.1</ele>
    <time>2025-10-28T15:12:53Z</time>
   </trkpt>
   <trkpt lat="22.5153210" lon="88.3461620">
    <ele>9.1</ele>
    <time>2025-10-28T15:12:54Z</time>
   </trkpt>
   <trkpt lat="22.5153300" lon="88.3461530">
    <ele>9.0</ele>
    <time>2025-10-28T15:12:55Z</time>
   </trkpt>
   <trkpt lat="22.5153360" lon="88.3461440">
    <ele>9.0</ele>
    <time>2025-10-28T15:12:56Z</time>
   </trkpt>
   <trkpt lat="22.5153430" lon="88.3461400">
    <ele>9.0</ele>
    <time>2025-10-28T15:12:57Z</time>
   </trkpt>
   <trkpt lat="22.5153540" lon="88.3461380">
    <ele>9.0</ele>
    <time>2025-10-28T15:12:58Z</time>
   </trkpt>
   <trkpt lat="22.5153640" lon="88.3461290">
    <ele>9.0</ele>
    <time>2025-10-28T15:12:59Z</time>
   </trkpt>
   <trkpt lat="22.5153770" lon="88.3461220">
    <ele>9.0</ele>
    <time>2025-10-28T15:13:00Z</time>
   </trkpt>
   <trkpt lat="22.5153860" lon="88.3461260">
    <ele>9.0</ele>
    <time>2025-10-28T15:13:01Z</time>
   </trkpt>
   <trkpt lat="22.5153960" lon="88.3461140">
    <ele>9.0</ele>
    <time>2025-10-28T15:13:02Z</time>
   </trkpt>
   <trkpt lat="22.5154090" lon="88.3461050">
    <ele>9.0</ele>
    <time>2025-10-28T15:13:03Z</time>
   </trkpt>
   <trkpt lat="22.5154190" lon="88.3460920">
    <ele>8.9</ele>
    <time>2025-10-28T15:13:04Z</time>
   </trkpt>
   <trkpt lat="22.5154280" lon="88.3460860">
    <ele>8.9</ele>
    <time>2025-10-28T15:13:05Z</time>
   </trkpt>
   <trkpt lat="22.5154400" lon="88.3460920">
    <ele>8.9</ele>
    <time>2025-10-28T15:13:06Z</time>
   </trkpt>
   <trkpt lat="22.5154530" lon="88.3460920">
    <ele>8.9</ele>
    <time>2025-10-28T15:13:07Z</time>
   </trkpt>
   <trkpt lat="22.5154640" lon="88.3460930">
    <ele>8.9</ele>
    <time>2025-10-28T15:13:08Z</time>
   </trkpt>
   <trkpt lat="22.5154760" lon="88.3460910">
    <ele>8.9</ele>
    <time>2025-10-28T15:13:09Z</time>
   </trkpt>
   <trkpt lat="22.5154900" lon="88.3460910">
    <ele>8.9</ele>
    <time>2025-10-28T15:13:10Z</time>
   </trkpt>
   <trkpt lat="22.5155150" lon="88.3460770">
    <ele>8.8</ele>
    <time>2025-10-28T15:13:11Z</time>
   </trkpt>
   <trkpt lat="22.5155250" lon="88.3460700">
    <ele>8.8</ele>
    <time>2025-10-28T15:13:12Z</time>
   </trkpt>
   <trkpt lat="22.5155310" lon="88.3460570">
    <ele>8.8</ele>
    <time>2025-10-28T15:13:13Z</time>
   </trkpt>
   <trkpt lat="22.5155380" lon="88.3460430">
    <ele>8.8</ele>
    <time>2025-10-28T15:13:14Z</time>
   </trkpt>
   <trkpt lat="22.5155410" lon="88.3460400">
    <ele>8.8</ele>
    <time>2025-10-28T15:13:15Z</time>
   </trkpt>
   <trkpt lat="22.5155450" lon="88.3460400">
    <ele>8.8</ele>
    <time>2025-10-28T15:13:16Z</time>
   </trkpt>
   <trkpt lat="22.5155560" lon="88.3460340">
    <ele>8.8</ele>
    <time>2025-10-28T15:13:17Z</time>
   </trkpt>
   <trkpt lat="22.5155690" lon="88.3460270">
    <ele>8.8</ele>
    <time>2025-10-28T15:13:18Z</time>
   </trkpt>
   <trkpt lat="22.5155870" lon="88.3460180">
    <ele>8.8</ele>
    <time>2025-10-28T15:13:19Z</time>
   </trkpt>
   <trkpt lat="22.5156010" lon="88.3460150">
    <ele>8.8</ele>
    <time>2025-10-28T15:13:20Z</time>
   </trkpt>
   <trkpt lat="22.5156090" lon="88.3460060">
    <ele>8.8</ele>
    <time>2025-10-28T15:13:21Z</time>
   </trkpt>
   <trkpt lat="22.5156220" lon="88.3459950">
    <ele>8.8</ele>
    <time>2025-10-28T15:13:22Z</time>
   </trkpt>
   <trkpt lat="22.5156440" lon="88.3459940">
    <ele>8.8</ele>
    <time>2025-10-28T15:13:23Z</time>
   </trkpt>
   <trkpt lat="22.5156530" lon="88.3459920">
    <ele>8.8</ele>
    <time>2025-10-28T15:13:24Z</time>
   </trkpt>
   <trkpt lat="22.5156610" lon="88.3459900">
    <ele>8.8</ele>
    <time>2025-10-28T15:13:25Z</time>
   </trkpt>
   <trkpt lat="22.5156750" lon="88.3459980">
    <ele>8.8</ele>
    <time>2025-10-28T15:13:26Z</time>
   </trkpt>
   <trkpt lat="22.5156890" lon="88.3459930">
    <ele>8.8</ele>
    <time>2025-10-28T15:13:27Z</time>
   </trkpt>
   <trkpt lat="22.5157090" lon="88.3459940">
    <ele>8.8</ele>
    <time>2025-10-28T15:13:28Z</time>
   </trkpt>
   <trkpt lat="22.5157200" lon="88.3459920">
    <ele>8.8</ele>
    <time>2025-10-28T15:13:29Z</time>
   </trkpt>
   <trkpt lat="22.5157300" lon="88.3459910">
    <ele>8.8</ele>
    <time>2025-10-28T15:13:30Z</time>
   </trkpt>
   <trkpt lat="22.5157410" lon="88.3459880">
    <ele>8.8</ele>
    <time>2025-10-28T15:13:31Z</time>
   </trkpt>
   <trkpt lat="22.5157570" lon="88.3459880">
    <ele>8.8</ele>
    <time>2025-10-28T15:13:32Z</time>
   </trkpt>
   <trkpt lat="22.5157710" lon="88.3459920">
    <ele>8.8</ele>
    <time>2025-10-28T15:13:33Z</time>
   </trkpt>
   <trkpt lat="22.5157850" lon="88.3459910">
    <ele>8.8</ele>
    <time>2025-10-28T15:13:34Z</time>
   </trkpt>
   <trkpt lat="22.5157980" lon="88.3459910">
    <ele>8.8</ele>
    <time>2025-10-28T15:13:35Z</time>
   </trkpt>
   <trkpt lat="22.5158110" lon="88.3459790">
    <ele>8.8</ele>
    <time>2025-10-28T15:13:36Z</time>
   </trkpt>
   <trkpt lat="22.5158240" lon="88.3459710">
    <ele>8.8</ele>
    <time>2025-10-28T15:13:37Z</time>
   </trkpt>
   <trkpt lat="22.5158380" lon="88.3459650">
    <ele>8.8</ele>
    <time>2025-10-28T15:13:38Z</time>
   </trkpt>
   <trkpt lat="22.5158560" lon="88.3459560">
    <ele>8.8</ele>
    <time>2025-10-28T15:13:39Z</time>
   </trkpt>
   <trkpt lat="22.5158640" lon="88.3459520">
    <ele>8.8</ele>
    <time>2025-10-28T15:13:40Z</time>
   </trkpt>
   <trkpt lat="22.5158730" lon="88.3459470">
    <ele>8.8</ele>
    <time>2025-10-28T15:13:41Z</time>
   </trkpt>
   <trkpt lat="22.5158980" lon="88.3459350">
    <ele>8.8</ele>
    <time>2025-10-28T15:13:42Z</time>
   </trkpt>
   <trkpt lat="22.5159180" lon="88.3459240">
    <ele>8.8</ele>
    <time>2025-10-28T15:13:43Z</time>
   </trkpt>
   <trkpt lat="22.5159280" lon="88.3459200">
    <ele>8.8</ele>
    <time>2025-10-28T15:13:44Z</time>
   </trkpt>
   <trkpt lat="22.5159370" lon="88.3459160">
    <ele>8.8</ele>
    <time>2025-10-28T15:13:45Z</time>
   </trkpt>
   <trkpt lat="22.5159480" lon="88.3459130">
    <ele>8.8</ele>
    <time>2025-10-28T15:13:46Z</time>
   </trkpt>
   <trkpt lat="22.5159650" lon="88.3459040">
    <ele>8.8</ele>
    <time>2025-10-28T15:13:47Z</time>
   </trkpt>
   <trkpt lat="22.5159840" lon="88.3459010">
    <ele>8.8</ele>
    <time>2025-10-28T15:13:48Z</time>
   </trkpt>
   <trkpt lat="22.5159960" lon="88.3459050">
    <ele>8.8</ele>
    <time>2025-10-28T15:13:49Z</time>
   </trkpt>
   <trkpt lat="22.5160120" lon="88.3459070">
    <ele>8.8</ele>
    <time>2025-10-28T15:13:50Z</time>
   </trkpt>
   <trkpt lat="22.5160260" lon="88.3459020">
    <ele>8.8</ele>
    <time>2025-10-28T15:13:51Z</time>
   </trkpt>
   <trkpt lat="22.5160280" lon="88.3459020">
    <ele>8.8</ele>
    <time>2025-10-28T15:13:52Z</time>
   </trkpt>
   <trkpt lat="22.5160380" lon="88.3459110">
    <ele>8.8</ele>
    <time>2025-10-28T15:13:53Z</time>
   </trkpt>
   <trkpt lat="22.5160590" lon="88.3459070">
    <ele>8.8</ele>
    <time>2025-10-28T15:13:54Z</time>
   </trkpt>
   <trkpt lat="22.5160620" lon="88.3459130">
    <ele>8.8</ele>
    <time>2025-10-28T15:13:55Z</time>
   </trkpt>
   <trkpt lat="22.5160770" lon="88.3459100">
    <ele>8.8</ele>
    <time>2025-10-28T15:13:56Z</time>
   </trkpt>
   <trkpt lat="22.5160930" lon="88.3459060">
    <ele>8.8</ele>
    <time>2025-10-28T15:13:57Z</time>
   </trkpt>
   <trkpt lat="22.5161020" lon="88.3459000">
    <ele>8.8</ele>
    <time>2025-10-28T15:13:58Z</time>
   </trkpt>
   <trkpt lat="22.5161120" lon="88.3459020">
    <ele>8.8</ele>
    <time>2025-10-28T15:13:59Z</time>
   </trkpt>
   <trkpt lat="22.5161180" lon="88.3459010">
    <ele>8.8</ele>
    <time>2025-10-28T15:14:00Z</time>
   </trkpt>
   <trkpt lat="22.5161260" lon="88.3458980">
    <ele>8.8</ele>
    <time>2025-10-28T15:14:01Z</time>
   </trkpt>
   <trkpt lat="22.5161510" lon="88.3459120">
    <ele>8.8</ele>
    <time>2025-10-28T15:14:02Z</time>
   </trkpt>
   <trkpt lat="22.5161870" lon="88.3459180">
    <ele>8.8</ele>
    <time>2025-10-28T15:14:03Z</time>
   </trkpt>
   <trkpt lat="22.5161970" lon="88.3459140">
    <ele>8.8</ele>
    <time>2025-10-28T15:14:04Z</time>
   </trkpt>
   <trkpt lat="22.5162110" lon="88.3459140">
    <ele>8.8</ele>
    <time>2025-10-28T15:14:05Z</time>
   </trkpt>
   <trkpt lat="22.5162120" lon="88.3459120">
    <ele>8.8</ele>
    <time>2025-10-28T15:14:06Z</time>
   </trkpt>
   <trkpt lat="22.5162140" lon="88.3459130">
    <ele>8.8</ele>
    <time>2025-10-28T15:14:07Z</time>
   </trkpt>
   <trkpt lat="22.5162330" lon="88.3459130">
    <ele>8.8</ele>
    <time>2025-10-28T15:14:08Z</time>
   </trkpt>
   <trkpt lat="22.5162430" lon="88.3459090">
    <ele>8.8</ele>
    <time>2025-10-28T15:14:09Z</time>
   </trkpt>
   <trkpt lat="22.5162540" lon="88.3458990">
    <ele>8.8</ele>
    <time>2025-10-28T15:14:10Z</time>
   </trkpt>
   <trkpt lat="22.5162660" lon="88.3458970">
    <ele>8.8</ele>
    <time>2025-10-28T15:14:11Z</time>
   </trkpt>
   <trkpt lat="22.5162900" lon="88.3458980">
    <ele>8.8</ele>
    <time>2025-10-28T15:14:12Z</time>
   </trkpt>
   <trkpt lat="22.5162980" lon="88.3458980">
    <ele>8.8</ele>
    <time>2025-10-28T15:14:13Z</time>
   </trkpt>
   <trkpt lat="22.5163060" lon="88.3458990">
    <ele>8.8</ele>
    <time>2025-10-28T15:14:14Z</time>
   </trkpt>
   <trkpt lat="22.5163190" lon="88.3458970">
    <ele>8.8</ele>
    <time>2025-10-28T15:14:15Z</time>
   </trkpt>
   <trkpt lat="22.5163380" lon="88.3458850">
    <ele>8.8</ele>
    <time>2025-10-28T15:14:16Z</time>
   </trkpt>
   <trkpt lat="22.5163460" lon="88.3458900">
    <ele>8.8</ele>
    <time>2025-10-28T15:14:17Z</time>
   </trkpt>
   <trkpt lat="22.5163580" lon="88.3458850">
    <ele>8.8</ele>
    <time>2025-10-28T15:14:18Z</time>
   </trkpt>
   <trkpt lat="22.5163710" lon="88.3458810">
    <ele>8.8</ele>
    <time>2025-10-28T15:14:19Z</time>
   </trkpt>
   <trkpt lat="22.5163950" lon="88.3458750">
    <ele>8.8</ele>
    <time>2025-10-28T15:14:20Z</time>
   </trkpt>
   <trkpt lat="22.5164020" lon="88.3458710">
    <ele>8.8</ele>
    <time>2025-10-28T15:14:21Z</time>
   </trkpt>
   <trkpt lat="22.5164100" lon="88.3458670">
    <ele>8.8</ele>
    <time>2025-10-28T15:14:22Z</time>
   </trkpt>
   <trkpt lat="22.5164180" lon="88.3458510">
    <ele>8.8</ele>
    <time>2025-10-28T15:14:23Z</time>
   </trkpt>
   <trkpt lat="22.5164230" lon="88.3458450">
    <ele>8.8</ele>
    <time>2025-10-28T15:14:24Z</time>
   </trkpt>
   <trkpt lat="22.5164270" lon="88.3458380">
    <ele>8.8</ele>
    <time>2025-10-28T15:14:25Z</time>
   </trkpt>
   <trkpt lat="22.5164320" lon="88.3458320">
    <ele>8.8</ele>
    <time>2025-10-28T15:14:26Z</time>
   </trkpt>
   <trkpt lat="22.5164530" lon="88.3458130">
    <ele>8.8</ele>
    <time>2025-10-28T15:14:27Z</time>
   </trkpt>
   <trkpt lat="22.5164600" lon="88.3458040">
    <ele>8.8</ele>
    <time>2025-10-28T15:14:28Z</time>
   </trkpt>
   <trkpt lat="22.5164880" lon="88.3457930">
    <ele>8.8</ele>
    <time>2025-10-28T15:14:29Z</time>
   </trkpt>
   <trkpt lat="22.5164950" lon="88.3457860">
    <ele>8.8</ele>
    <time>2025-10-28T15:14:30Z</time>
   </trkpt>
   <trkpt lat="22.5165100" lon="88.3457840">
    <ele>8.8</ele>
    <time>2025-10-28T15:14:31Z</time>
   </trkpt>
   <trkpt lat="22.5165240" lon="88.3457690">
    <ele>8.8</ele>
    <time>2025-10-28T15:14:32Z</time>
   </trkpt>
   <trkpt lat="22.5165590" lon="88.3457770">
    <ele>8.8</ele>
    <time>2025-10-28T15:14:33Z</time>
   </trkpt>
   <trkpt lat="22.5165760" lon="88.3457810">
    <ele>8.8</ele>
    <time>2025-10-28T15:14:34Z</time>
   </trkpt>
   <trkpt lat="22.5165850" lon="88.3457750">
    <ele>8.9</ele>
    <time>2025-10-28T15:14:35Z</time>
   </trkpt>
   <trkpt lat="22.5165940" lon="88.3457730">
    <ele>8.9</ele>
    <time>2025-10-28T15:14:36Z</time>
   </trkpt>
   <trkpt lat="22.5166110" lon="88.3457800">
    <ele>8.9</ele>
    <time>2025-10-28T15:14:37Z</time>
   </trkpt>
   <trkpt lat="22.5166200" lon="88.3457830">
    <ele>8.9</ele>
    <time>2025-10-28T15:14:38Z</time>
   </trkpt>
   <trkpt lat="22.5166290" lon="88.3457870">
    <ele>8.9</ele>
    <time>2025-10-28T15:14:39Z</time>
   </trkpt>
   <trkpt lat="22.5166340" lon="88.3457760">
    <ele>8.9</ele>
    <time>2025-10-28T15:14:40Z</time>
   </trkpt>
   <trkpt lat="22.5166420" lon="88.3457770">
    <ele>8.9</ele>
    <time>2025-10-28T15:14:41Z</time>
   </trkpt>
   <trkpt lat="22.5166590" lon="88.3457780">
    <ele>8.9</ele>
    <time>2025-10-28T15:14:42Z</time>
   </trkpt>
   <trkpt lat="22.5166750" lon="88.3457820">
    <ele>8.9</ele>
    <time>2025-10-28T15:14:43Z</time>
   </trkpt>
   <trkpt lat="22.5166830" lon="88.3457890">
    <ele>8.9</ele>
    <time>2025-10-28T15:14:44Z</time>
   </trkpt>
   <trkpt lat="22.5166920" lon="88.3457950">
    <ele>8.9</ele>
    <time>2025-10-28T15:14:45Z</time>
   </trkpt>
   <trkpt lat="22.5167180" lon="88.3458240">
    <ele>8.9</ele>
    <time>2025-10-28T15:14:46Z</time>
   </trkpt>
   <trkpt lat="22.5167600" lon="88.3458520">
    <ele>8.9</ele>
    <time>2025-10-28T15:14:47Z</time>
   </trkpt>
   <trkpt lat="22.5167750" lon="88.3458790">
    <ele>8.9</ele>
    <time>2025-10-28T15:14:48Z</time>
   </trkpt>
   <trkpt lat="22.5167740" lon="88.3458860">
    <ele>8.9</ele>
    <time>2025-10-28T15:14:49Z</time>
   </trkpt>
   <trkpt lat="22.5167870" lon="88.3458840">
    <ele>8.9</ele>
    <time>2025-10-28T15:14:50Z</time>
   </trkpt>
   <trkpt lat="22.5167990" lon="88.3458810">
    <ele>8.9</ele>
    <time>2025-10-28T15:14:51Z</time>
   </trkpt>
   <trkpt lat="22.5168120" lon="88.3458790">
    <ele>9.0</ele>
    <time>2025-10-28T15:14:52Z</time>
   </trkpt>
   <trkpt lat="22.5168330" lon="88.3458890">
    <ele>9.0</ele>
    <time>2025-10-28T15:14:53Z</time>
   </trkpt>
   <trkpt lat="22.5168390" lon="88.3458950">
    <ele>9.0</ele>
    <time>2025-10-28T15:14:54Z</time>
   </trkpt>
   <trkpt lat="22.5168450" lon="88.3459000">
    <ele>9.0</ele>
    <time>2025-10-28T15:14:55Z</time>
   </trkpt>
   <trkpt lat="22.5168780" lon="88.3459100">
    <ele>9.0</ele>
    <time>2025-10-28T15:14:56Z</time>
   </trkpt>
   <trkpt lat="22.5168880" lon="88.3459110">
    <ele>9.0</ele>
    <time>2025-10-28T15:14:57Z</time>
   </trkpt>
   <trkpt lat="22.5169230" lon="88.3459190">
    <ele>9.0</ele>
    <time>2025-10-28T15:14:58Z</time>
   </trkpt>
   <trkpt lat="22.5169340" lon="88.3459260">
    <ele>9.0</ele>
    <time>2025-10-28T15:14:59Z</time>
   </trkpt>
   <trkpt lat="22.5169470" lon="88.3459530">
    <ele>9.0</ele>
    <time>2025-10-28T15:15:00Z</time>
   </trkpt>
   <trkpt lat="22.5169420" lon="88.3459720">
    <ele>9.0</ele>
    <time>2025-10-28T15:15:01Z</time>
   </trkpt>
   <trkpt lat="22.5169460" lon="88.3459900">
    <ele>9.0</ele>
    <time>2025-10-28T15:15:02Z</time>
   </trkpt>
   <trkpt lat="22.5169580" lon="88.3460010">
    <ele>9.0</ele>
    <time>2025-10-28T15:15:03Z</time>
   </trkpt>
   <trkpt lat="22.5169680" lon="88.3460130">
    <ele>9.0</ele>
    <time>2025-10-28T15:15:04Z</time>
   </trkpt>
   <trkpt lat="22.5169870" lon="88.3460150">
    <ele>9.0</ele>
    <time>2025-10-28T15:15:05Z</time>
   </trkpt>
   <trkpt lat="22.5170000" lon="88.3460160">
    <ele>9.0</ele>
    <time>2025-10-28T15:15:06Z</time>
   </trkpt>
   <trkpt lat="22.5170120" lon="88.3460160">
    <ele>9.0</ele>
    <time>2025-10-28T15:15:07Z</time>
   </trkpt>
   <trkpt lat="22.5170130" lon="88.3460150">
    <ele>9.0</ele>
    <time>2025-10-28T15:15:08Z</time>
   </trkpt>
   <trkpt lat="22.5170320" lon="88.3460050">
    <ele>9.0</ele>
    <time>2025-10-28T15:15:09Z</time>
   </trkpt>
   <trkpt lat="22.5170400" lon="88.3459980">
    <ele>9.0</ele>
    <time>2025-10-28T15:15:10Z</time>
   </trkpt>
   <trkpt lat="22.5170570" lon="88.3459910">
    <ele>9.0</ele>
    <time>2025-10-28T15:15:11Z</time>
   </trkpt>
   <trkpt lat="22.5170640" lon="88.3459900">
    <ele>9.0</ele>
    <time>2025-10-28T15:15:12Z</time>
   </trkpt>
   <trkpt lat="22.5170700" lon="88.3459880">
    <ele>9.0</ele>
    <time>2025-10-28T15:15:13Z</time>
   </trkpt>
   <trkpt lat="22.5170760" lon="88.3459860">
    <ele>9.0</ele>
    <time>2025-10-28T15:15:14Z</time>
   </trkpt>
   <trkpt lat="22.5170970" lon="88.3459760">
    <ele>9.0</ele>
    <time>2025-10-28T15:15:15Z</time>
   </trkpt>
   <trkpt lat="22.5171060" lon="88.3459720">
    <ele>9.0</ele>
    <time>2025-10-28T15:15:16Z</time>
   </trkpt>
   <trkpt lat="22.5171150" lon="88.3459670">
    <ele>9.0</ele>
    <time>2025-10-28T15:15:17Z</time>
   </trkpt>
   <trkpt lat="22.5171300" lon="88.3459670">
    <ele>9.0</ele>
    <time>2025-10-28T15:15:18Z</time>
   </trkpt>
   <trkpt lat="22.5171380" lon="88.3459650">
    <ele>9.0</ele>
    <time>2025-10-28T15:15:19Z</time>
   </trkpt>
   <trkpt lat="22.5171450" lon="88.3459620">
    <ele>8.9</ele>
    <time>2025-10-28T15:15:20Z</time>
   </trkpt>
   <trkpt lat="22.5171530" lon="88.3459600">
    <ele>8.9</ele>
    <time>2025-10-28T15:15:21Z</time>
   </trkpt>
   <trkpt lat="22.5171590" lon="88.3459710">
    <ele>8.9</ele>
    <time>2025-10-28T15:15:22Z</time>
   </trkpt>
   <trkpt lat="22.5171640" lon="88.3459730">
    <ele>8.9</ele>
    <time>2025-10-28T15:15:23Z</time>
   </trkpt>
   <trkpt lat="22.5171730" lon="88.3459760">
    <ele>8.9</ele>
    <time>2025-10-28T15:15:24Z</time>
   </trkpt>
   <trkpt lat="22.5171830" lon="88.3459820">
    <ele>8.9</ele>
    <time>2025-10-28T15:15:25Z</time>
   </trkpt>
   <trkpt lat="22.5171930" lon="88.3459860">
    <ele>8.9</ele>
    <time>2025-10-28T15:15:26Z</time>
   </trkpt>
   <trkpt lat="22.5172000" lon="88.3459850">
    <ele>8.9</ele>
    <time>2025-10-28T15:15:27Z</time>
   </trkpt>
   <trkpt lat="22.5172200" lon="88.3459780">
    <ele>8.9</ele>
    <time>2025-10-28T15:15:28Z</time>
   </trkpt>
   <trkpt lat="22.5172350" lon="88.3459850">
    <ele>8.9</ele>
    <time>2025-10-28T15:15:29Z</time>
   </trkpt>
   <trkpt lat="22.5172380" lon="88.3459690">
    <ele>8.9</ele>
    <time>2025-10-28T15:15:30Z</time>
   </trkpt>
   <trkpt lat="22.5172520" lon="88.3459680">
    <ele>8.9</ele>
    <time>2025-10-28T15:15:31Z</time>
   </trkpt>
   <trkpt lat="22.5172800" lon="88.3459600">
    <ele>8.9</ele>
    <time>2025-10-28T15:15:32Z</time>
   </trkpt>
   <trkpt lat="22.5172890" lon="88.3459580">
    <ele>8.9</ele>
    <time>2025-10-28T15:15:33Z</time>
   </trkpt>
   <trkpt lat="22.5173000" lon="88.3459460">
    <ele>8.9</ele>
    <time>2025-10-28T15:15:34Z</time>
   </trkpt>
   <trkpt lat="22.5173050" lon="88.3459350">
    <ele>8.9</ele>
    <time>2025-10-28T15:15:35Z</time>
   </trkpt>
   <trkpt lat="22.5173100" lon="88.3459240">
    <ele>8.9</ele>
    <time>2025-10-28T15:15:36Z</time>
   </trkpt>
   <trkpt lat="22.5173250" lon="88.3459270">
    <ele>8.9</ele>
    <time>2025-10-28T15:15:37Z</time>
   </trkpt>
   <trkpt lat="22.5173390" lon="88.3459320">
    <ele>8.9</ele>
    <time>2025-10-28T15:15:38Z</time>
   </trkpt>
   <trkpt lat="22.5173400" lon="88.3459130">
    <ele>8.9</ele>
    <time>2025-10-28T15:15:39Z</time>
   </trkpt>
   <trkpt lat="22.5173640" lon="88.3459080">
    <ele>8.9</ele>
    <time>2025-10-28T15:15:40Z</time>
   </trkpt>
   <trkpt lat="22.5173760" lon="88.3459250">
    <ele>8.9</ele>
    <time>2025-10-28T15:15:41Z</time>
   </trkpt>
   <trkpt lat="22.5173950" lon="88.3459220">
    <ele>8.9</ele>
    <time>2025-10-28T15:15:42Z</time>
   </trkpt>
   <trkpt lat="22.5174330" lon="88.3459350">
    <ele>8.9</ele>
    <time>2025-10-28T15:15:43Z</time>
   </trkpt>
   <trkpt lat="22.5174500" lon="88.3459240">
    <ele>8.9</ele>
    <time>2025-10-28T15:15:44Z</time>
   </trkpt>
   <trkpt lat="22.5174620" lon="88.3459250">
    <ele>8.9</ele>
    <time>2025-10-28T15:15:45Z</time>
   </trkpt>
   <trkpt lat="22.5174760" lon="88.3459260">
    <ele>8.9</ele>
    <time>2025-10-28T15:15:46Z</time>
   </trkpt>
   <trkpt lat="22.5174970" lon="88.3459310">
    <ele>8.9</ele>
    <time>2025-10-28T15:15:47Z</time>
   </trkpt>
   <trkpt lat="22.5175240" lon="88.3459390">
    <ele>8.9</ele>
    <time>2025-10-28T15:15:48Z</time>
   </trkpt>
   <trkpt lat="22.5175350" lon="88.3459440">
    <ele>8.9</ele>
    <time>2025-10-28T15:15:49Z</time>
   </trkpt>
   <trkpt lat="22.5175390" lon="88.3459310">
    <ele>8.9</ele>
    <time>2025-10-28T15:15:50Z</time>
   </trkpt>
   <trkpt lat="22.5175530" lon="88.3459290">
    <ele>8.9</ele>
    <time>2025-10-28T15:15:51Z</time>
   </trkpt>
   <trkpt lat="22.5175630" lon="88.3459200">
    <ele>8.8</ele>
    <time>2025-10-28T15:15:52Z</time>
   </trkpt>
   <trkpt lat="22.5175700" lon="88.3459180">
    <ele>8.8</ele>
    <time>2025-10-28T15:15:53Z</time>
   </trkpt>
   <trkpt lat="22.5175840" lon="88.3459340">
    <ele>8.8</ele>
    <time>2025-10-28T15:15:54Z</time>
   </trkpt>
   <trkpt lat="22.5175980" lon="88.3459200">
    <ele>8.8</ele>
    <time>2025-10-28T15:15:55Z</time>
   </trkpt>
   <trkpt lat="22.5175970" lon="88.3459280">
    <ele>8.8</ele>
    <time>2025-10-28T15:15:56Z</time>
   </trkpt>
   <trkpt lat="22.5175740" lon="88.3459060">
    <ele>8.8</ele>
    <time>2025-10-28T15:15:57Z</time>
   </trkpt>
   <trkpt lat="22.5175640" lon="88.3458950">
    <ele>8.8</ele>
    <time>2025-10-28T15:15:58Z</time>
   </trkpt>
   <trkpt lat="22.5175600" lon="88.3458920">
    <ele>8.8</ele>
    <time>2025-10-28T15:15:59Z</time>
   </trkpt>
   <trkpt lat="22.5175610" lon="88.3458960">
    <ele>8.8</ele>
    <time>2025-10-28T15:16:00Z</time>
   </trkpt>
   <trkpt lat="22.5175620" lon="88.3458930">
    <ele>8.8</ele>
    <time>2025-10-28T15:16:01Z</time>
   </trkpt>
   <trkpt lat="22.5175590" lon="88.3458890">
    <ele>8.8</ele>
    <time>2025-10-28T15:16:02Z</time>
   </trkpt>
   <trkpt lat="22.5175520" lon="88.3458830">
    <ele>8.8</ele>
    <time>2025-10-28T15:16:03Z</time>
   </trkpt>
   <trkpt lat="22.5175920" lon="88.3459220">
    <ele>8.8</ele>
    <time>2025-10-28T15:16:04Z</time>
   </trkpt>
   <trkpt lat="22.5176370" lon="88.3459680">
    <ele>8.8</ele>
    <time>2025-10-28T15:16:05Z</time>
   </trkpt>
   <trkpt lat="22.5176810" lon="88.3460130">
    <ele>8.8</ele>
    <time>2025-10-28T15:16:06Z</time>
   </trkpt>
   <trkpt lat="22.5177260" lon="88.3460590">
    <ele>8.7</ele>
    <time>2025-10-28T15:16:07Z</time>
   </trkpt>
   <trkpt lat="22.5177460" lon="88.3460850">
    <ele>8.7</ele>
    <time>2025-10-28T15:16:08Z</time>
   </trkpt>
   <trkpt lat="22.5177580" lon="88.3460920">
    <ele>8.7</ele>
    <time>2025-10-28T15:16:09Z</time>
   </trkpt>
   <trkpt lat="22.5177770" lon="88.3460960">
    <ele>8.7</ele>
    <time>2025-10-28T15:16:10Z</time>
   </trkpt>
   <trkpt lat="22.5177760" lon="88.3461100">
    <ele>8.7</ele>
    <time>2025-10-28T15:16:11Z</time>
   </trkpt>
   <trkpt lat="22.5177880" lon="88.3461120">
    <ele>8.7</ele>
    <time>2025-10-28T15:16:12Z</time>
   </trkpt>
   <trkpt lat="22.5177940" lon="88.3461230">
    <ele>8.7</ele>
    <time>2025-10-28T15:16:13Z</time>
   </trkpt>
   <trkpt lat="22.5178180" lon="88.3461260">
    <ele>8.7</ele>
    <time>2025-10-28T15:16:14Z</time>
   </trkpt>
   <trkpt lat="22.5178280" lon="88.3461270">
    <ele>8.7</ele>
    <time>2025-10-28T15:16:15Z</time>
   </trkpt>
   <trkpt lat="22.5178390" lon="88.3461290">
    <ele>8.7</ele>
    <time>2025-10-28T15:16:16Z</time>
   </trkpt>
   <trkpt lat="22.5178750" lon="88.3461200">
    <ele>8.7</ele>
    <time>2025-10-28T15:16:17Z</time>
   </trkpt>
   <trkpt lat="22.5178910" lon="88.3461180">
    <ele>8.7</ele>
    <time>2025-10-28T15:16:18Z</time>
   </trkpt>
   <trkpt lat="22.5179010" lon="88.3461090">
    <ele>8.7</ele>
    <time>2025-10-28T15:16:19Z</time>
   </trkpt>
   <trkpt lat="22.5179330" lon="88.3460840">
    <ele>8.7</ele>
    <time>2025-10-28T15:16:20Z</time>
   </trkpt>
   <trkpt lat="22.5179450" lon="88.3460700">
    <ele>8.7</ele>
    <time>2025-10-28T15:16:21Z</time>
   </trkpt>
   <trkpt lat="22.5179820" lon="88.3460840">
    <ele>8.7</ele>
    <time>2025-10-28T15:16:22Z</time>
   </trkpt>
   <trkpt lat="22.5180020" lon="88.3460760">
    <ele>8.7</ele>
    <time>2025-10-28T15:16:23Z</time>
   </trkpt>
   <trkpt lat="22.5180110" lon="88.3460850">
    <ele>8.7</ele>
    <time>2025-10-28T15:16:24Z</time>
   </trkpt>
   <trkpt lat="22.5180120" lon="88.3460790">
    <ele>8.7</ele>
    <time>2025-10-28T15:16:25Z</time>
   </trkpt>
   <trkpt lat="22.5180200" lon="88.3460770">
    <ele>8.7</ele>
    <time>2025-10-28T15:16:26Z</time>
   </trkpt>
   <trkpt lat="22.5180320" lon="88.3460770">
    <ele>8.7</ele>
    <time>2025-10-28T15:16:27Z</time>
   </trkpt>
   <trkpt lat="22.5180460" lon="88.3460830">
    <ele>8.7</ele>
    <time>2025-10-28T15:16:28Z</time>
   </trkpt>
   <trkpt lat="22.5180630" lon="88.3461090">
    <ele>8.7</ele>
    <time>2025-10-28T15:16:29Z</time>
   </trkpt>
   <trkpt lat="22.5180680" lon="88.3461160">
    <ele>8.7</ele>
    <time>2025-10-28T15:16:30Z</time>
   </trkpt>
   <trkpt lat="22.5180700" lon="88.3461180">
    <ele>8.7</ele>
    <time>2025-10-28T15:16:31Z</time>
   </trkpt>
   <trkpt lat="22.5180850" lon="88.3461190">
    <ele>8.7</ele>
    <time>2025-10-28T15:16:32Z</time>
   </trkpt>
   <trkpt lat="22.5181000" lon="88.3461180">
    <ele>8.7</ele>
    <time>2025-10-28T15:16:33Z</time>
   </trkpt>
   <trkpt lat="22.5181240" lon="88.3461200">
    <ele>8.7</ele>
    <time>2025-10-28T15:16:34Z</time>
   </trkpt>
   <trkpt lat="22.5181320" lon="88.3461240">
    <ele>8.7</ele>
    <time>2025-10-28T15:16:35Z</time>
   </trkpt>
   <trkpt lat="22.5181400" lon="88.3461270">
    <ele>8.7</ele>
    <time>2025-10-28T15:16:36Z</time>
   </trkpt>
   <trkpt lat="22.5181580" lon="88.3461370">
    <ele>8.7</ele>
    <time>2025-10-28T15:16:37Z</time>
   </trkpt>
   <trkpt lat="22.5181590" lon="88.3461390">
    <ele>8.7</ele>
    <time>2025-10-28T15:16:38Z</time>
   </trkpt>
   <trkpt lat="22.5181660" lon="88.3461410">
    <ele>8.7</ele>
    <time>2025-10-28T15:16:39Z</time>
   </trkpt>
   <trkpt lat="22.5181930" lon="88.3461580">
    <ele>8.7</ele>
    <time>2025-10-28T15:16:40Z</time>
   </trkpt>
   <trkpt lat="22.5182020" lon="88.3461620">
    <ele>8.7</ele>
    <time>2025-10-28T15:16:41Z</time>
   </trkpt>
   <trkpt lat="22.5182130" lon="88.3461640">
    <ele>8.7</ele>
    <time>2025-10-28T15:16:42Z</time>
   </trkpt>
   <trkpt lat="22.5182310" lon="88.3461670">
    <ele>8.7</ele>
    <time>2025-10-28T15:16:43Z</time>
   </trkpt>
   <trkpt lat="22.5182530" lon="88.3461660">
    <ele>8.7</ele>
    <time>2025-10-28T15:16:44Z</time>
   </trkpt>
   <trkpt lat="22.5182620" lon="88.3461700">
    <ele>8.7</ele>
    <time>2025-10-28T15:16:45Z</time>
   </trkpt>
   <trkpt lat="22.5182700" lon="88.3461750">
    <ele>8.7</ele>
    <time>2025-10-28T15:16:46Z</time>
   </trkpt>
   <trkpt lat="22.5182780" lon="88.3461610">
    <ele>8.7</ele>
    <time>2025-10-28T15:16:47Z</time>
   </trkpt>
   <trkpt lat="22.5183010" lon="88.3461650">
    <ele>8.7</ele>
    <time>2025-10-28T15:16:48Z</time>
   </trkpt>
   <trkpt lat="22.5183280" lon="88.3461670">
    <ele>8.7</ele>
    <time>2025-10-28T15:16:49Z</time>
   </trkpt>
   <trkpt lat="22.5183400" lon="88.3461690">
    <ele>8.7</ele>
    <time>2025-10-28T15:16:50Z</time>
   </trkpt>
   <trkpt lat="22.5183630" lon="88.3461930">
    <ele>8.7</ele>
    <time>2025-10-28T15:16:51Z</time>
   </trkpt>
   <trkpt lat="22.5183700" lon="88.3461990">
    <ele>8.7</ele>
    <time>2025-10-28T15:16:52Z</time>
   </trkpt>
   <trkpt lat="22.5183870" lon="88.3461930">
    <ele>8.7</ele>
    <time>2025-10-28T15:16:53Z</time>
   </trkpt>
   <trkpt lat="22.5183990" lon="88.3461860">
    <ele>8.7</ele>
    <time>2025-10-28T15:16:54Z</time>
   </trkpt>
   <trkpt lat="22.5184110" lon="88.3461860">
    <ele>8.7</ele>
    <time>2025-10-28T15:16:55Z</time>
   </trkpt>
   <trkpt lat="22.5184210" lon="88.3461840">
    <ele>8.7</ele>
    <time>2025-10-28T15:16:56Z</time>
   </trkpt>
   <trkpt lat="22.5184350" lon="88.3461800">
    <ele>8.7</ele>
    <time>2025-10-28T15:16:57Z</time>
   </trkpt>
   <trkpt lat="22.5184560" lon="88.3461810">
    <ele>8.7</ele>
    <time>2025-10-28T15:16:58Z</time>
   </trkpt>
   <trkpt lat="22.5184560" lon="88.3461840">
    <ele>8.7</ele>
    <time>2025-10-28T15:16:59Z</time>
   </trkpt>
   <trkpt lat="22.5184630" lon="88.3461790">
    <ele>8.7</ele>
    <time>2025-10-28T15:17:00Z</time>
   </trkpt>
   <trkpt lat="22.5184760" lon="88.3461800">
    <ele>8.7</ele>
    <time>2025-10-28T15:17:01Z</time>
   </trkpt>
   <trkpt lat="22.5184820" lon="88.3461790">
    <ele>8.7</ele>
    <time>2025-10-28T15:17:02Z</time>
   </trkpt>
   <trkpt lat="22.5184950" lon="88.3461910">
    <ele>8.7</ele>
    <time>2025-10-28T15:17:03Z</time>
   </trkpt>
   <trkpt lat="22.5185130" lon="88.3462070">
    <ele>8.7</ele>
    <time>2025-10-28T15:17:04Z</time>
   </trkpt>
   <trkpt lat="22.5185270" lon="88.3462070">
    <ele>8.7</ele>
    <time>2025-10-28T15:17:05Z</time>
   </trkpt>
   <trkpt lat="22.5185460" lon="88.3462120">
    <ele>8.7</ele>
    <time>2025-10-28T15:17:06Z</time>
   </trkpt>
   <trkpt lat="22.5185610" lon="88.3462180">
    <ele>8.7</ele>
    <time>2025-10-28T15:17:07Z</time>
   </trkpt>
   <trkpt lat="22.5185690" lon="88.3462100">
    <ele>8.7</ele>
    <time>2025-10-28T15:17:08Z</time>
   </trkpt>
   <trkpt lat="22.5185670" lon="88.3461950">
    <ele>8.7</ele>
    <time>2025-10-28T15:17:09Z</time>
   </trkpt>
   <trkpt lat="22.5185740" lon="88.3461820">
    <ele>8.7</ele>
    <time>2025-10-28T15:17:10Z</time>
   </trkpt>
   <trkpt lat="22.5185990" lon="88.3461840">
    <ele>8.7</ele>
    <time>2025-10-28T15:17:11Z</time>
   </trkpt>
   <trkpt lat="22.5186100" lon="88.3461880">
    <ele>8.7</ele>
    <time>2025-10-28T15:17:12Z</time>
   </trkpt>
   <trkpt lat="22.5186240" lon="88.3461890">
    <ele>8.7</ele>
    <time>2025-10-28T15:17:13Z</time>
   </trkpt>
   <trkpt lat="22.5186430" lon="88.3461860">
    <ele>8.7</ele>
    <time>2025-10-28T15:17:14Z</time>
   </trkpt>
   <trkpt lat="22.5186730" lon="88.3461960">
    <ele>8.7</ele>
    <time>2025-10-28T15:17:15Z</time>
   </trkpt>
   <trkpt lat="22.5186800" lon="88.3461980">
    <ele>8.7</ele>
    <time>2025-10-28T15:17:16Z</time>
   </trkpt>
   <trkpt lat="22.5187040" lon="88.3462100">
    <ele>8.7</ele>
    <time>2025-10-28T15:17:17Z</time>
   </trkpt>
   <trkpt lat="22.5187130" lon="88.3462230">
    <ele>8.7</ele>
    <time>2025-10-28T15:17:18Z</time>
   </trkpt>
   <trkpt lat="22.5187220" lon="88.3462220">
    <ele>8.7</ele>
    <time>2025-10-28T15:17:19Z</time>
   </trkpt>
   <trkpt lat="22.5187300" lon="88.3462440">
    <ele>8.7</ele>
    <time>2025-10-28T15:17:20Z</time>
   </trkpt>
   <trkpt lat="22.5187350" lon="88.3462530">
    <ele>8.7</ele>
    <time>2025-10-28T15:17:21Z</time>
   </trkpt>
   <trkpt lat="22.5187300" lon="88.3462650">
    <ele>8.7</ele>
    <time>2025-10-28T15:17:22Z</time>
   </trkpt>
   <trkpt lat="22.5187220" lon="88.3462680">
    <ele>8.7</ele>
    <time>2025-10-28T15:17:23Z</time>
   </trkpt>
   <trkpt lat="22.5187180" lon="88.3462760">
    <ele>8.7</ele>
    <time>2025-10-28T15:17:24Z</time>
   </trkpt>
   <trkpt lat="22.5187270" lon="88.3462660">
    <ele>8.7</ele>
    <time>2025-10-28T15:17:25Z</time>
   </trkpt>
   <trkpt lat="22.5187390" lon="88.3462550">
    <ele>8.7</ele>
    <time>2025-10-28T15:17:26Z</time>
   </trkpt>
   <trkpt lat="22.5187520" lon="88.3462430">
    <ele>8.7</ele>
    <time>2025-10-28T15:17:27Z</time>
   </trkpt>
   <trkpt lat="22.5187820" lon="88.3462250">
    <ele>8.8</ele>
    <time>2025-10-28T15:17:28Z</time>
   </trkpt>
   <trkpt lat="22.5187940" lon="88.3462200">
    <ele>8.8</ele>
    <time>2025-10-28T15:17:29Z</time>
   </trkpt>
   <trkpt lat="22.5188300" lon="88.3462240">
    <ele>8.8</ele>
    <time>2025-10-28T15:17:30Z</time>
   </trkpt>
   <trkpt lat="22.5188410" lon="88.3462250">
    <ele>8.8</ele>
    <time>2025-10-28T15:17:31Z</time>
   </trkpt>
   <trkpt lat="22.5188580" lon="88.3462300">
    <ele>8.8</ele>
    <time>2025-10-28T15:17:32Z</time>
   </trkpt>
   <trkpt lat="22.5188730" lon="88.3462430">
    <ele>8.7</ele>
    <time>2025-10-28T15:17:33Z</time>
   </trkpt>
   <trkpt lat="22.5188820" lon="88.3462480">
    <ele>8.7</ele>
    <time>2025-10-28T15:17:34Z</time>
   </trkpt>
   <trkpt lat="22.5188920" lon="88.3462480">
    <ele>8.7</ele>
    <time>2025-10-28T15:17:35Z</time>
   </trkpt>
   <trkpt lat="22.5189030" lon="88.3462490">
    <ele>8.7</ele>
    <time>2025-10-28T15:17:36Z</time>
   </trkpt>
   <trkpt lat="22.5189130" lon="88.3462500">
    <ele>8.7</ele>
    <time>2025-10-28T15:17:37Z</time>
   </trkpt>
   <trkpt lat="22.5189260" lon="88.3462830">
    <ele>8.7</ele>
    <time>2025-10-28T15:17:38Z</time>
   </trkpt>
   <trkpt lat="22.5189460" lon="88.3462900">
    <ele>8.7</ele>
    <time>2025-10-28T15:17:39Z</time>
   </trkpt>
   <trkpt lat="22.5189580" lon="88.3462950">
    <ele>8.7</ele>
    <time>2025-10-28T15:17:40Z</time>
   </trkpt>
   <trkpt lat="22.5189810" lon="88.3463140">
    <ele>8.7</ele>
    <time>2025-10-28T15:17:41Z</time>
   </trkpt>
   <trkpt lat="22.5189900" lon="88.3463230">
    <ele>8.7</ele>
    <time>2025-10-28T15:17:42Z</time>
   </trkpt>
   <trkpt lat="22.5190180" lon="88.3463220">
    <ele>8.7</ele>
    <time>2025-10-28T15:17:43Z</time>
   </trkpt>
   <trkpt lat="22.5190280" lon="88.3463200">
    <ele>8.7</ele>
    <time>2025-10-28T15:17:44Z</time>
   </trkpt>
   <trkpt lat="22.5190490" lon="88.3463250">
    <ele>8.7</ele>
    <time>2025-10-28T15:17:45Z</time>
   </trkpt>
   <trkpt lat="22.5190390" lon="88.3463320">
    <ele>8.7</ele>
    <time>2025-10-28T15:17:46Z</time>
   </trkpt>
   <trkpt lat="22.5190460" lon="88.3463520">
    <ele>8.7</ele>
    <time>2025-10-28T15:17:47Z</time>
   </trkpt>
   <trkpt lat="22.5190770" lon="88.3463600">
    <ele>8.7</ele>
    <time>2025-10-28T15:17:48Z</time>
   </trkpt>
   <trkpt lat="22.5190890" lon="88.3463620">
    <ele>8.7</ele>
    <time>2025-10-28T15:17:49Z</time>
   </trkpt>
   <trkpt lat="22.5191150" lon="88.3463750">
    <ele>8.7</ele>
    <time>2025-10-28T15:17:50Z</time>
   </trkpt>
   <trkpt lat="22.5191390" lon="88.3463970">
    <ele>8.8</ele>
    <time>2025-10-28T15:17:51Z</time>
   </trkpt>
   <trkpt lat="22.5191470" lon="88.3464070">
    <ele>8.8</ele>
    <time>2025-10-28T15:17:52Z</time>
   </trkpt>
   <trkpt lat="22.5191720" lon="88.3464180">
    <ele>8.8</ele>
    <time>2025-10-28T15:17:53Z</time>
   </trkpt>
   <trkpt lat="22.5191810" lon="88.3464130">
    <ele>8.8</ele>
    <time>2025-10-28T15:17:54Z</time>
   </trkpt>
   <trkpt lat="22.5191930" lon="88.3464090">
    <ele>8.8</ele>
    <time>2025-10-28T15:17:55Z</time>
   </trkpt>
   <trkpt lat="22.5192050" lon="88.3464140">
    <ele>8.8</ele>
    <time>2025-10-28T15:17:56Z</time>
   </trkpt>
   <trkpt lat="22.5191910" lon="88.3464060">
    <ele>8.8</ele>
    <time>2025-10-28T15:17:57Z</time>
   </trkpt>
   <trkpt lat="22.5192030" lon="88.3464060">
    <ele>8.8</ele>
    <time>2025-10-28T15:17:58Z</time>
   </trkpt>
   <trkpt lat="22.5192040" lon="88.3464000">
    <ele>8.8</ele>
    <time>2025-10-28T15:17:59Z</time>
   </trkpt>
   <trkpt lat="22.5192120" lon="88.3464040">
    <ele>8.8</ele>
    <time>2025-10-28T15:18:00Z</time>
   </trkpt>
   <trkpt lat="22.5192250" lon="88.3464070">
    <ele>8.8</ele>
    <time>2025-10-28T15:18:02Z</time>
   </trkpt>
   <trkpt lat="22.5192400" lon="88.3464100">
    <ele>8.8</ele>
    <time>2025-10-28T15:18:03Z</time>
   </trkpt>
   <trkpt lat="22.5192590" lon="88.3464420">
    <ele>8.8</ele>
    <time>2025-10-28T15:18:04Z</time>
   </trkpt>
   <trkpt lat="22.5192900" lon="88.3464360">
    <ele>8.8</ele>
    <time>2025-10-28T15:18:05Z</time>
   </trkpt>
   <trkpt lat="22.5192960" lon="88.3464350">
    <ele>8.8</ele>
    <time>2025-10-28T15:18:06Z</time>
   </trkpt>
   <trkpt lat="22.5193100" lon="88.3464410">
    <ele>8.8</ele>
    <time>2025-10-28T15:18:07Z</time>
   </trkpt>
   <trkpt lat="22.5193210" lon="88.3464440">
    <ele>8.8</ele>
    <time>2025-10-28T15:18:08Z</time>
   </trkpt>
   <trkpt lat="22.5193310" lon="88.3464470">
    <ele>8.8</ele>
    <time>2025-10-28T15:18:09Z</time>
   </trkpt>
   <trkpt lat="22.5193420" lon="88.3464500">
    <ele>8.8</ele>
    <time>2025-10-28T15:18:10Z</time>
   </trkpt>
   <trkpt lat="22.5193680" lon="88.3464590">
    <ele>8.8</ele>
    <time>2025-10-28T15:18:11Z</time>
   </trkpt>
   <trkpt lat="22.5193780" lon="88.3464650">
    <ele>8.8</ele>
    <time>2025-10-28T15:18:12Z</time>
   </trkpt>
   <trkpt lat="22.5193980" lon="88.3464880">
    <ele>8.8</ele>
    <time>2025-10-28T15:18:13Z</time>
   </trkpt>
   <trkpt lat="22.5194020" lon="88.3464990">
    <ele>8.8</ele>
    <time>2025-10-28T15:18:14Z</time>
   </trkpt>
   <trkpt lat="22.5194180" lon="88.3464950">
    <ele>8.8</ele>
    <time>2025-10-28T15:18:15Z</time>
   </trkpt>
   <trkpt lat="22.5194260" lon="88.3464880">
    <ele>8.8</ele>
    <time>2025-10-28T15:18:16Z</time>
   </trkpt>
   <trkpt lat="22.5194350" lon="88.3464800">
    <ele>8.8</ele>
    <time>2025-10-28T15:18:17Z</time>
   </trkpt>
   <trkpt lat="22.5194430" lon="88.3464730">
    <ele>8.8</ele>
    <time>2025-10-28T15:18:18Z</time>
   </trkpt>
   <trkpt lat="22.5194710" lon="88.3464640">
    <ele>8.8</ele>
    <time>2025-10-28T15:18:19Z</time>
   </trkpt>
   <trkpt lat="22.5194810" lon="88.3464630">
    <ele>8.8</ele>
    <time>2025-10-28T15:18:20Z</time>
   </trkpt>
   <trkpt lat="22.5195100" lon="88.3464660">
    <ele>8.8</ele>
    <time>2025-10-28T15:18:21Z</time>
   </trkpt>
   <trkpt lat="22.5195170" lon="88.3464730">
    <ele>8.8</ele>
    <time>2025-10-28T15:18:22Z</time>
   </trkpt>
   <trkpt lat="22.5195270" lon="88.3464850">
    <ele>8.8</ele>
    <time>2025-10-28T15:18:23Z</time>
   </trkpt>
   <trkpt lat="22.5195470" lon="88.3464920">
    <ele>8.8</ele>
    <time>2025-10-28T15:18:24Z</time>
   </trkpt>
   <trkpt lat="22.5195860" lon="88.3464960">
    <ele>8.8</ele>
    <time>2025-10-28T15:18:25Z</time>
   </trkpt>
   <trkpt lat="22.5195990" lon="88.3465000">
    <ele>8.8</ele>
    <time>2025-10-28T15:18:26Z</time>
   </trkpt>
   <trkpt lat="22.5196220" lon="88.3464790">
    <ele>8.8</ele>
    <time>2025-10-28T15:18:27Z</time>
   </trkpt>
   <trkpt lat="22.5196340" lon="88.3464770">
    <ele>8.8</ele>
    <time>2025-10-28T15:18:28Z</time>
   </trkpt>
   <trkpt lat="22.5196300" lon="88.3464850">
    <ele>8.8</ele>
    <time>2025-10-28T15:18:29Z</time>
   </trkpt>
   <trkpt lat="22.5196320" lon="88.3465070">
    <ele>8.8</ele>
    <time>2025-10-28T15:18:30Z</time>
   </trkpt>
   <trkpt lat="22.5196560" lon="88.3465190">
    <ele>8.8</ele>
    <time>2025-10-28T15:18:31Z</time>
   </trkpt>
   <trkpt lat="22.5196670" lon="88.3465150">
    <ele>8.8</ele>
    <time>2025-10-28T15:18:32Z</time>
   </trkpt>
   <trkpt lat="22.5196820" lon="88.3465200">
    <ele>8.8</ele>
    <time>2025-10-28T15:18:33Z</time>
   </trkpt>
   <trkpt lat="22.5196940" lon="88.3465260">
    <ele>8.8</ele>
    <time>2025-10-28T15:18:34Z</time>
   </trkpt>
   <trkpt lat="22.5197070" lon="88.3465170">
    <ele>8.8</ele>
    <time>2025-10-28T15:18:35Z</time>
   </trkpt>
   <trkpt lat="22.5197280" lon="88.3465180">
    <ele>8.8</ele>
    <time>2025-10-28T15:18:36Z</time>
   </trkpt>
   <trkpt lat="22.5197390" lon="88.3465330">
    <ele>8.8</ele>
    <time>2025-10-28T15:18:37Z</time>
   </trkpt>
   <trkpt lat="22.5197460" lon="88.3465400">
    <ele>8.8</ele>
    <time>2025-10-28T15:18:38Z</time>
   </trkpt>
   <trkpt lat="22.5197530" lon="88.3465480">
    <ele>8.8</ele>
    <time>2025-10-28T15:18:39Z</time>
   </trkpt>
   <trkpt lat="22.5197710" lon="88.3465550">
    <ele>8.8</ele>
    <time>2025-10-28T15:18:40Z</time>
   </trkpt>
   <trkpt lat="22.5197800" lon="88.3465560">
    <ele>8.8</ele>
    <time>2025-10-28T15:18:41Z</time>
   </trkpt>
   <trkpt lat="22.5197890" lon="88.3465580">
    <ele>8.8</ele>
    <time>2025-10-28T15:18:42Z</time>
   </trkpt>
   <trkpt lat="22.5198030" lon="88.3465640">
    <ele>8.8</ele>
    <time>2025-10-28T15:18:43Z</time>
   </trkpt>
   <trkpt lat="22.5198140" lon="88.3465740">
    <ele>8.8</ele>
    <time>2025-10-28T15:18:44Z</time>
   </trkpt>
   <trkpt lat="22.5198310" lon="88.3465710">
    <ele>8.8</ele>
    <time>2025-10-28T15:18:45Z</time>
   </trkpt>
   <trkpt lat="22.5198420" lon="88.3465730">
    <ele>8.8</ele>
    <time>2025-10-28T15:18:46Z</time>
   </trkpt>
   <trkpt lat="22.5198430" lon="88.3465690">
    <ele>8.8</ele>
    <time>2025-10-28T15:18:47Z</time>
   </trkpt>
   <trkpt lat="22.5198550" lon="88.3465720">
    <ele>8.8</ele>
    <time>2025-10-28T15:18:48Z</time>
   </trkpt>
   <trkpt lat="22.5198690" lon="88.3465770">
    <ele>8.8</ele>
    <time>2025-10-28T15:18:49Z</time>
   </trkpt>
   <trkpt lat="22.5198980" lon="88.3465760">
    <ele>8.8</ele>
    <time>2025-10-28T15:18:50Z</time>
   </trkpt>
   <trkpt lat="22.5199100" lon="88.3465740">
    <ele>8.8</ele>
    <time>2025-10-28T15:18:51Z</time>
   </trkpt>
   <trkpt lat="22.5199370" lon="88.3465600">
    <ele>8.8</ele>
    <time>2025-10-28T15:18:52Z</time>
   </trkpt>
   <trkpt lat="22.5199610" lon="88.3465370">
    <ele>8.8</ele>
    <time>2025-10-28T15:18:53Z</time>
   </trkpt>
   <trkpt lat="22.5199700" lon="88.3465240">
    <ele>8.8</ele>
    <time>2025-10-28T15:18:54Z</time>
   </trkpt>
   <trkpt lat="22.5199870" lon="88.3464970">
    <ele>8.8</ele>
    <time>2025-10-28T15:18:55Z</time>
   </trkpt>
   <trkpt lat="22.5199930" lon="88.3464880">
    <ele>8.8</ele>
    <time>2025-10-28T15:18:56Z</time>
   </trkpt>
   <trkpt lat="22.5200050" lon="88.3464880">
    <ele>8.8</ele>
    <time>2025-10-28T15:18:57Z</time>
   </trkpt>
   <trkpt lat="22.5200160" lon="88.3464870">
    <ele>8.8</ele>
    <time>2025-10-28T15:18:58Z</time>
   </trkpt>
   <trkpt lat="22.5200270" lon="88.3464870">
    <ele>8.8</ele>
    <time>2025-10-28T15:18:59Z</time>
   </trkpt>
   <trkpt lat="22.5200480" lon="88.3465090">
    <ele>8.8</ele>
    <time>2025-10-28T15:19:00Z</time>
   </trkpt>
   <trkpt lat="22.5200560" lon="88.3465170">
    <ele>8.8</ele>
    <time>2025-10-28T15:19:01Z</time>
   </trkpt>
   <trkpt lat="22.5200510" lon="88.3465210">
    <ele>8.8</ele>
    <time>2025-10-28T15:19:02Z</time>
   </trkpt>
   <trkpt lat="22.5200590" lon="88.3465390">
    <ele>8.8</ele>
    <time>2025-10-28T15:19:03Z</time>
   </trkpt>
   <trkpt lat="22.5200680" lon="88.3465370">
    <ele>8.8</ele>
    <time>2025-10-28T15:19:04Z</time>
   </trkpt>
   <trkpt lat="22.5200800" lon="88.3465390">
    <ele>8.8</ele>
    <time>2025-10-28T15:19:05Z</time>
   </trkpt>
   <trkpt lat="22.5200930" lon="88.3465450">
    <ele>8.8</ele>
    <time>2025-10-28T15:19:06Z</time>
   </trkpt>
   <trkpt lat="22.5201020" lon="88.3465440">
    <ele>8.8</ele>
    <time>2025-10-28T15:19:07Z</time>
   </trkpt>
   <trkpt lat="22.5201120" lon="88.3465510">
    <ele>8.8</ele>
    <time>2025-10-28T15:19:08Z</time>
   </trkpt>
   <trkpt lat="22.5201240" lon="88.3465430">
    <ele>8.8</ele>
    <time>2025-10-28T15:19:09Z</time>
   </trkpt>
   <trkpt lat="22.5201390" lon="88.3465600">
    <ele>8.8</ele>
    <time>2025-10-28T15:19:10Z</time>
   </trkpt>
   <trkpt lat="22.5201460" lon="88.3465730">
    <ele>8.7</ele>
    <time>2025-10-28T15:19:11Z</time>
   </trkpt>
   <trkpt lat="22.5201610" lon="88.3465810">
    <ele>8.7</ele>
    <time>2025-10-28T15:19:12Z</time>
   </trkpt>
   <trkpt lat="22.5201730" lon="88.3465920">
    <ele>8.7</ele>
    <time>2025-10-28T15:19:13Z</time>
   </trkpt>
   <trkpt lat="22.5201850" lon="88.3465960">
    <ele>8.7</ele>
    <time>2025-10-28T15:19:14Z</time>
   </trkpt>
   <trkpt lat="22.5202040" lon="88.3466100">
    <ele>8.7</ele>
    <time>2025-10-28T15:19:15Z</time>
   </trkpt>
   <trkpt lat="22.5202070" lon="88.3466180">
    <ele>8.7</ele>
    <time>2025-10-28T15:19:16Z</time>
   </trkpt>
   <trkpt lat="22.5202100" lon="88.3466270">
    <ele>8.7</ele>
    <time>2025-10-28T15:19:17Z</time>
   </trkpt>
   <trkpt lat="22.5202210" lon="88.3466520">
    <ele>8.7</ele>
    <time>2025-10-28T15:19:18Z</time>
   </trkpt>
   <trkpt lat="22.5202270" lon="88.3466610">
    <ele>8.7</ele>
    <time>2025-10-28T15:19:19Z</time>
   </trkpt>
   <trkpt lat="22.5202330" lon="88.3466710">
    <ele>8.7</ele>
    <time>2025-10-28T15:19:20Z</time>
   </trkpt>
   <trkpt lat="22.5202540" lon="88.3466780">
    <ele>8.7</ele>
    <time>2025-10-28T15:19:21Z</time>
   </trkpt>
   <trkpt lat="22.5202620" lon="88.3466770">
    <ele>8.7</ele>
    <time>2025-10-28T15:19:22Z</time>
   </trkpt>
   <trkpt lat="22.5202710" lon="88.3466770">
    <ele>8.7</ele>
    <time>2025-10-28T15:19:23Z</time>
   </trkpt>
   <trkpt lat="22.5202990" lon="88.3466900">
    <ele>8.7</ele>
    <time>2025-10-28T15:19:24Z</time>
   </trkpt>
   <trkpt lat="22.5203140" lon="88.3466870">
    <ele>8.7</ele>
    <time>2025-10-28T15:19:25Z</time>
   </trkpt>
   <trkpt lat="22.5203330" lon="88.3466880">
    <ele>8.7</ele>
    <time>2025-10-28T15:19:26Z</time>
   </trkpt>
   <trkpt lat="22.5203560" lon="88.3466820">
    <ele>8.6</ele>
    <time>2025-10-28T15:19:27Z</time>
   </trkpt>
   <trkpt lat="22.5203630" lon="88.3466840">
    <ele>8.6</ele>
    <time>2025-10-28T15:19:28Z</time>
   </trkpt>
   <trkpt lat="22.5203860" lon="88.3466890">
    <ele>8.6</ele>
    <time>2025-10-28T15:19:29Z</time>
   </trkpt>
   <trkpt lat="22.5203970" lon="88.3466900">
    <ele>8.6</ele>
    <time>2025-10-28T15:19:30Z</time>
   </trkpt>
   <trkpt lat="22.5204080" lon="88.3466920">
    <ele>8.6</ele>
    <time>2025-10-28T15:19:31Z</time>
   </trkpt>
   <trkpt lat="22.5204250" lon="88.3466970">
    <ele>8.6</ele>
    <time>2025-10-28T15:19:32Z</time>
   </trkpt>
   <trkpt lat="22.5204390" lon="88.3467010">
    <ele>8.6</ele>
    <time>2025-10-28T15:19:33Z</time>
   </trkpt>
   <trkpt lat="22.5204490" lon="88.3467070">
    <ele>8.6</ele>
    <time>2025-10-28T15:19:34Z</time>
   </trkpt>
   <trkpt lat="22.5204560" lon="88.3467050">
    <ele>8.6</ele>
    <time>2025-10-28T15:19:35Z</time>
   </trkpt>
   <trkpt lat="22.5204720" lon="88.3467030">
    <ele>8.6</ele>
    <time>2025-10-28T15:19:36Z</time>
   </trkpt>
   <trkpt lat="22.5204990" lon="88.3466970">
    <ele>8.6</ele>
    <time>2025-10-28T15:19:37Z</time>
   </trkpt>
   <trkpt lat="22.5205090" lon="88.3466950">
    <ele>8.6</ele>
    <time>2025-10-28T15:19:38Z</time>
   </trkpt>
   <trkpt lat="22.5205360" lon="88.3466840">
    <ele>8.6</ele>
    <time>2025-10-28T15:19:39Z</time>
   </trkpt>
   <trkpt lat="22.5205460" lon="88.3466820">
    <ele>8.6</ele>
    <time>2025-10-28T15:19:40Z</time>
   </trkpt>
   <trkpt lat="22.5205610" lon="88.3466800">
    <ele>8.6</ele>
    <time>2025-10-28T15:19:41Z</time>
   </trkpt>
   <trkpt lat="22.5205770" lon="88.3466840">
    <ele>8.6</ele>
    <time>2025-10-28T15:19:42Z</time>
   </trkpt>
   <trkpt lat="22.5205970" lon="88.3467050">
    <ele>8.6</ele>
    <time>2025-10-28T15:19:43Z</time>
   </trkpt>
   <trkpt lat="22.5206030" lon="88.3467120">
    <ele>8.6</ele>
    <time>2025-10-28T15:19:44Z</time>
   </trkpt>
   <trkpt lat="22.5206160" lon="88.3467200">
    <ele>8.6</ele>
    <time>2025-10-28T15:19:45Z</time>
   </trkpt>
   <trkpt lat="22.5206270" lon="88.3467310">
    <ele>8.6</ele>
    <time>2025-10-28T15:19:46Z</time>
   </trkpt>
   <trkpt lat="22.5206360" lon="88.3467330">
    <ele>8.6</ele>
    <time>2025-10-28T15:19:47Z</time>
   </trkpt>
   <trkpt lat="22.5206460" lon="88.3467320">
    <ele>8.6</ele>
    <time>2025-10-28T15:19:48Z</time>
   </trkpt>
   <trkpt lat="22.5206560" lon="88.3467300">
    <ele>8.6</ele>
    <time>2025-10-28T15:19:49Z</time>
   </trkpt>
   <trkpt lat="22.5206640" lon="88.3467330">
    <ele>8.6</ele>
    <time>2025-10-28T15:19:50Z</time>
   </trkpt>
   <trkpt lat="22.5206780" lon="88.3467290">
    <ele>8.6</ele>
    <time>2025-10-28T15:19:51Z</time>
   </trkpt>
   <trkpt lat="22.5206910" lon="88.3467290">
    <ele>8.6</ele>
    <time>2025-10-28T15:19:52Z</time>
   </trkpt>
   <trkpt lat="22.5207120" lon="88.3467270">
    <ele>8.6</ele>
    <time>2025-10-28T15:19:53Z</time>
   </trkpt>
   <trkpt lat="22.5207210" lon="88.3467250">
    <ele>8.6</ele>
    <time>2025-10-28T15:19:54Z</time>
   </trkpt>
   <trkpt lat="22.5207290" lon="88.3467240">
    <ele>8.6</ele>
    <time>2025-10-28T15:19:55Z</time>
   </trkpt>
   <trkpt lat="22.5207440" lon="88.3467250">
    <ele>8.6</ele>
    <time>2025-10-28T15:19:56Z</time>
   </trkpt>
   <trkpt lat="22.5207560" lon="88.3467300">
    <ele>8.6</ele>
    <time>2025-10-28T15:19:57Z</time>
   </trkpt>
   <trkpt lat="22.5207690" lon="88.3467270">
    <ele>8.6</ele>
    <time>2025-10-28T15:19:58Z</time>
   </trkpt>
   <trkpt lat="22.5207840" lon="88.3467240">
    <ele>8.6</ele>
    <time>2025-10-28T15:19:59Z</time>
   </trkpt>
   <trkpt lat="22.5207960" lon="88.3467250">
    <ele>8.6</ele>
    <time>2025-10-28T15:20:00Z</time>
   </trkpt>
   <trkpt lat="22.5208110" lon="88.3467270">
    <ele>8.6</ele>
    <time>2025-10-28T15:20:01Z</time>
   </trkpt>
   <trkpt lat="22.5208330" lon="88.3467320">
    <ele>8.6</ele>
    <time>2025-10-28T15:20:02Z</time>
   </trkpt>
   <trkpt lat="22.5208410" lon="88.3467340">
    <ele>8.6</ele>
    <time>2025-10-28T15:20:03Z</time>
   </trkpt>
   <trkpt lat="22.5208490" lon="88.3467370">
    <ele>8.6</ele>
    <time>2025-10-28T15:20:04Z</time>
   </trkpt>
   <trkpt lat="22.5208630" lon="88.3467400">
    <ele>8.6</ele>
    <time>2025-10-28T15:20:05Z</time>
   </trkpt>
   <trkpt lat="22.5208770" lon="88.3467370">
    <ele>8.6</ele>
    <time>2025-10-28T15:20:06Z</time>
   </trkpt>
   <trkpt lat="22.5208900" lon="88.3467360">
    <ele>8.7</ele>
    <time>2025-10-28T15:20:08Z</time>
   </trkpt>
   <trkpt lat="22.5209070" lon="88.3467350">
    <ele>8.7</ele>
    <time>2025-10-28T15:20:09Z</time>
   </trkpt>
   <trkpt lat="22.5209270" lon="88.3467280">
    <ele>8.7</ele>
    <time>2025-10-28T15:20:10Z</time>
   </trkpt>
   <trkpt lat="22.5209360" lon="88.3467280">
    <ele>8.7</ele>
    <time>2025-10-28T15:20:11Z</time>
   </trkpt>
   <trkpt lat="22.5209440" lon="88.3467280">
    <ele>8.7</ele>
    <time>2025-10-28T15:20:12Z</time>
   </trkpt>
   <trkpt lat="22.5209660" lon="88.3467280">
    <ele>8.7</ele>
    <time>2025-10-28T15:20:13Z</time>
   </trkpt>
   <trkpt lat="22.5209760" lon="88.3467260">
    <ele>8.7</ele>
    <time>2025-10-28T15:20:14Z</time>
   </trkpt>
   <trkpt lat="22.5209850" lon="88.3467250">
    <ele>8.7</ele>
    <time>2025-10-28T15:20:15Z</time>
   </trkpt>
   <trkpt lat="22.5210040" lon="88.3467190">
    <ele>8.7</ele>
    <time>2025-10-28T15:20:16Z</time>
   </trkpt>
   <trkpt lat="22.5210130" lon="88.3467180">
    <ele>8.7</ele>
    <time>2025-10-28T15:20:17Z</time>
   </trkpt>
   <trkpt lat="22.5210210" lon="88.3467180">
    <ele>8.7</ele>
    <time>2025-10-28T15:20:18Z</time>
   </trkpt>
   <trkpt lat="22.5210320" lon="88.3467180">
    <ele>8.7</ele>
    <time>2025-10-28T15:20:19Z</time>
   </trkpt>
   <trkpt lat="22.5210430" lon="88.3467170">
    <ele>8.7</ele>
    <time>2025-10-28T15:20:20Z</time>
   </trkpt>
   <trkpt lat="22.5210530" lon="88.3467160">
    <ele>8.7</ele>
    <time>2025-10-28T15:20:21Z</time>
   </trkpt>
   <trkpt lat="22.5210740" lon="88.3467140">
    <ele>8.7</ele>
    <time>2025-10-28T15:20:22Z</time>
   </trkpt>
   <trkpt lat="22.5210820" lon="88.3467140">
    <ele>8.7</ele>
    <time>2025-10-28T15:20:23Z</time>
   </trkpt>
   <trkpt lat="22.5210910" lon="88.3467150">
    <ele>8.7</ele>
    <time>2025-10-28T15:20:24Z</time>
   </trkpt>
   <trkpt lat="22.5211020" lon="88.3467110">
    <ele>8.7</ele>
    <time>2025-10-28T15:20:25Z</time>
   </trkpt>
   <trkpt lat="22.5211160" lon="88.3467110">
    <ele>8.8</ele>
    <time>2025-10-28T15:20:26Z</time>
   </trkpt>
   <trkpt lat="22.5211240" lon="88.3467110">
    <ele>8.8</ele>
    <time>2025-10-28T15:20:27Z</time>
   </trkpt>
   <trkpt lat="22.5211320" lon="88.3467120">
    <ele>8.8</ele>
    <time>2025-10-28T15:20:28Z</time>
   </trkpt>
   <trkpt lat="22.5211460" lon="88.3467120">
    <ele>8.8</ele>
    <time>2025-10-28T15:20:29Z</time>
   </trkpt>
   <trkpt lat="22.5211600" lon="88.3467140">
    <ele>8.8</ele>
    <time>2025-10-28T15:20:30Z</time>
   </trkpt>
   <trkpt lat="22.5211690" lon="88.3467260">
    <ele>8.8</ele>
    <time>2025-10-28T15:20:31Z</time>
   </trkpt>
   <trkpt lat="22.5211810" lon="88.3467340">
    <ele>8.8</ele>
    <time>2025-10-28T15:20:32Z</time>
   </trkpt>
   <trkpt lat="22.5212040" lon="88.3467410">
    <ele>8.8</ele>
    <time>2025-10-28T15:20:33Z</time>
   </trkpt>
   <trkpt lat="22.5212130" lon="88.3467430">
    <ele>8.8</ele>
    <time>2025-10-28T15:20:34Z</time>
   </trkpt>
   <trkpt lat="22.5212210" lon="88.3467440">
    <ele>8.8</ele>
    <time>2025-10-28T15:20:35Z</time>
   </trkpt>
   <trkpt lat="22.5212410" lon="88.3467460">
    <ele>8.8</ele>
    <time>2025-10-28T15:20:36Z</time>
   </trkpt>
   <trkpt lat="22.5212490" lon="88.3467480">
    <ele>8.8</ele>
    <time>2025-10-28T15:20:37Z</time>
   </trkpt>
   <trkpt lat="22.5212580" lon="88.3467490">
    <ele>8.8</ele>
    <time>2025-10-28T15:20:38Z</time>
   </trkpt>
   <trkpt lat="22.5212690" lon="88.3467450">
    <ele>8.8</ele>
    <time>2025-10-28T15:20:39Z</time>
   </trkpt>
   <trkpt lat="22.5212820" lon="88.3467420">
    <ele>8.8</ele>
    <time>2025-10-28T15:20:40Z</time>
   </trkpt>
   <trkpt lat="22.5212930" lon="88.3467460">
    <ele>8.8</ele>
    <time>2025-10-28T15:20:41Z</time>
   </trkpt>
   <trkpt lat="22.5213040" lon="88.3467550">
    <ele>8.8</ele>
    <time>2025-10-28T15:20:42Z</time>
   </trkpt>
   <trkpt lat="22.5213190" lon="88.3467620">
    <ele>8.8</ele>
    <time>2025-10-28T15:20:43Z</time>
   </trkpt>
   <trkpt lat="22.5213300" lon="88.3467650">
    <ele>8.8</ele>
    <time>2025-10-28T15:20:44Z</time>
   </trkpt>
   <trkpt lat="22.5213420" lon="88.3467620">
    <ele>8.9</ele>
    <time>2025-10-28T15:20:45Z</time>
   </trkpt>
   <trkpt lat="22.5213540" lon="88.3467620">
    <ele>8.9</ele>
    <time>2025-10-28T15:20:46Z</time>
   </trkpt>
   <trkpt lat="22.5213690" lon="88.3467630">
    <ele>8.9</ele>
    <time>2025-10-28T15:20:47Z</time>
   </trkpt>
   <trkpt lat="22.5213840" lon="88.3467630">
    <ele>8.9</ele>
    <time>2025-10-28T15:20:48Z</time>
   </trkpt>
   <trkpt lat="22.5214050" lon="88.3467650">
    <ele>8.9</ele>
    <time>2025-10-28T15:20:49Z</time>
   </trkpt>
   <trkpt lat="22.5214140" lon="88.3467650">
    <ele>8.9</ele>
    <time>2025-10-28T15:20:50Z</time>
   </trkpt>
   <trkpt lat="22.5214230" lon="88.3467650">
    <ele>8.9</ele>
    <time>2025-10-28T15:20:51Z</time>
   </trkpt>
   <trkpt lat="22.5214340" lon="88.3467650">
    <ele>8.9</ele>
    <time>2025-10-28T15:20:52Z</time>
   </trkpt>
   <trkpt lat="22.5214480" lon="88.3467620">
    <ele>8.9</ele>
    <time>2025-10-28T15:20:53Z</time>
   </trkpt>
   <trkpt lat="22.5214530" lon="88.3467610">
    <ele>8.9</ele>
    <time>2025-10-28T15:20:54Z</time>
   </trkpt>
   <trkpt lat="22.5214720" lon="88.3467590">
    <ele>8.9</ele>
    <time>2025-10-28T15:20:55Z</time>
   </trkpt>
   <trkpt lat="22.5214810" lon="88.3467600">
    <ele>8.9</ele>
    <time>2025-10-28T15:20:56Z</time>
   </trkpt>
   <trkpt lat="22.5214910" lon="88.3467600">
    <ele>8.9</ele>
    <time>2025-10-28T15:20:57Z</time>
   </trkpt>
   <trkpt lat="22.5215050" lon="88.3467560">
    <ele>8.9</ele>
    <time>2025-10-28T15:20:58Z</time>
   </trkpt>
   <trkpt lat="22.5215180" lon="88.3467510">
    <ele>8.9</ele>
    <time>2025-10-28T15:20:59Z</time>
   </trkpt>
   <trkpt lat="22.5215410" lon="88.3467460">
    <ele>8.9</ele>
    <time>2025-10-28T15:21:00Z</time>
   </trkpt>
   <trkpt lat="22.5215490" lon="88.3467460">
    <ele>8.9</ele>
    <time>2025-10-28T15:21:01Z</time>
   </trkpt>
   <trkpt lat="22.5215570" lon="88.3467460">
    <ele>8.9</ele>
    <time>2025-10-28T15:21:02Z</time>
   </trkpt>
   <trkpt lat="22.5215690" lon="88.3467460">
    <ele>8.9</ele>
    <time>2025-10-28T15:21:03Z</time>
   </trkpt>
   <trkpt lat="22.5215840" lon="88.3467460">
    <ele>8.9</ele>
    <time>2025-10-28T15:21:04Z</time>
   </trkpt>
   <trkpt lat="22.5216100" lon="88.3467440">
    <ele>9.0</ele>
    <time>2025-10-28T15:21:05Z</time>
   </trkpt>
   <trkpt lat="22.5216250" lon="88.3467420">
    <ele>9.0</ele>
    <time>2025-10-28T15:21:06Z</time>
   </trkpt>
   <trkpt lat="22.5216410" lon="88.3467400">
    <ele>9.0</ele>
    <time>2025-10-28T15:21:07Z</time>
   </trkpt>
   <trkpt lat="22.5216590" lon="88.3467380">
    <ele>9.0</ele>
    <time>2025-10-28T15:21:08Z</time>
   </trkpt>
   <trkpt lat="22.5216660" lon="88.3467390">
    <ele>9.0</ele>
    <time>2025-10-28T15:21:09Z</time>
   </trkpt>
   <trkpt lat="22.5216770" lon="88.3467400">
    <ele>9.0</ele>
    <time>2025-10-28T15:21:10Z</time>
   </trkpt>
   <trkpt lat="22.5216870" lon="88.3467330">
    <ele>9.0</ele>
    <time>2025-10-28T15:21:11Z</time>
   </trkpt>
   <trkpt lat="22.5216970" lon="88.3467260">
    <ele>9.0</ele>
    <time>2025-10-28T15:21:12Z</time>
   </trkpt>
   <trkpt lat="22.5217050" lon="88.3467240">
    <ele>9.0</ele>
    <time>2025-10-28T15:21:13Z</time>
   </trkpt>
   <trkpt lat="22.5217180" lon="88.3467240">
    <ele>9.0</ele>
    <time>2025-10-28T15:21:14Z</time>
   </trkpt>
   <trkpt lat="22.5217320" lon="88.3467280">
    <ele>9.0</ele>
    <time>2025-10-28T15:21:15Z</time>
   </trkpt>
   <trkpt lat="22.5217540" lon="88.3467270">
    <ele>9.0</ele>
    <time>2025-10-28T15:21:16Z</time>
   </trkpt>
   <trkpt lat="22.5217620" lon="88.3467250">
    <ele>9.0</ele>
    <time>2025-10-28T15:21:17Z</time>
   </trkpt>
   <trkpt lat="22.5217700" lon="88.3467230">
    <ele>9.0</ele>
    <time>2025-10-28T15:21:18Z</time>
   </trkpt>
   <trkpt lat="22.5217830" lon="88.3467190">
    <ele>9.0</ele>
    <time>2025-10-28T15:21:19Z</time>
   </trkpt>
   <trkpt lat="22.5217970" lon="88.3467160">
    <ele>9.0</ele>
    <time>2025-10-28T15:21:20Z</time>
   </trkpt>
   <trkpt lat="22.5218100" lon="88.3467130">
    <ele>9.0</ele>
    <time>2025-10-28T15:21:21Z</time>
   </trkpt>
   <trkpt lat="22.5218200" lon="88.3467110">
    <ele>9.0</ele>
    <time>2025-10-28T15:21:22Z</time>
   </trkpt>
   <trkpt lat="22.5218330" lon="88.3467100">
    <ele>9.0</ele>
    <time>2025-10-28T15:21:23Z</time>
   </trkpt>
   <trkpt lat="22.5218540" lon="88.3467070">
    <ele>9.0</ele>
    <time>2025-10-28T15:21:24Z</time>
   </trkpt>
   <trkpt lat="22.5218620" lon="88.3467060">
    <ele>9.0</ele>
    <time>2025-10-28T15:21:25Z</time>
   </trkpt>
   <trkpt lat="22.5218700" lon="88.3467040">
    <ele>9.0</ele>
    <time>2025-10-28T15:21:26Z</time>
   </trkpt>
   <trkpt lat="22.5218910" lon="88.3466970">
    <ele>9.0</ele>
    <time>2025-10-28T15:21:27Z</time>
   </trkpt>
   <trkpt lat="22.5219000" lon="88.3466940">
    <ele>9.0</ele>
    <time>2025-10-28T15:21:28Z</time>
   </trkpt>
   <trkpt lat="22.5219090" lon="88.3466900">
    <ele>9.0</ele>
    <time>2025-10-28T15:21:29Z</time>
   </trkpt>
   <trkpt lat="22.5219310" lon="88.3466830">
    <ele>9.0</ele>
    <time>2025-10-28T15:21:30Z</time>
   </trkpt>
   <trkpt lat="22.5219400" lon="88.3466810">
    <ele>9.0</ele>
    <time>2025-10-28T15:21:31Z</time>
   </trkpt>
   <trkpt lat="22.5219490" lon="88.3466780">
    <ele>9.0</ele>
    <time>2025-10-28T15:21:32Z</time>
   </trkpt>
   <trkpt lat="22.5219690" lon="88.3466810">
    <ele>9.0</ele>
    <time>2025-10-28T15:21:33Z</time>
   </trkpt>
   <trkpt lat="22.5219770" lon="88.3466840">
    <ele>9.0</ele>
    <time>2025-10-28T15:21:34Z</time>
   </trkpt>
   <trkpt lat="22.5219860" lon="88.3466860">
    <ele>9.0</ele>
    <time>2025-10-28T15:21:35Z</time>
   </trkpt>
   <trkpt lat="22.5220070" lon="88.3466880">
    <ele>9.0</ele>
    <time>2025-10-28T15:21:36Z</time>
   </trkpt>
   <trkpt lat="22.5220150" lon="88.3466890">
    <ele>9.0</ele>
    <time>2025-10-28T15:21:37Z</time>
   </trkpt>
   <trkpt lat="22.5220230" lon="88.3466910">
    <ele>9.0</ele>
    <time>2025-10-28T15:21:38Z</time>
   </trkpt>
   <trkpt lat="22.5220360" lon="88.3466910">
    <ele>9.0</ele>
    <time>2025-10-28T15:21:39Z</time>
   </trkpt>
   <trkpt lat="22.5220530" lon="88.3466930">
    <ele>9.0</ele>
    <time>2025-10-28T15:21:40Z</time>
   </trkpt>
   <trkpt lat="22.5220730" lon="88.3466970">
    <ele>9.0</ele>
    <time>2025-10-28T15:21:41Z</time>
   </trkpt>
   <trkpt lat="22.5220810" lon="88.3467000">
    <ele>9.0</ele>
    <time>2025-10-28T15:21:42Z</time>
   </trkpt>
   <trkpt lat="22.5220880" lon="88.3467030">
    <ele>9.0</ele>
    <time>2025-10-28T15:21:43Z</time>
   </trkpt>
   <trkpt lat="22.5221030" lon="88.3467090">
    <ele>9.0</ele>
    <time>2025-10-28T15:21:44Z</time>
   </trkpt>
   <trkpt lat="22.5221180" lon="88.3467090">
    <ele>9.0</ele>
    <time>2025-10-28T15:21:45Z</time>
   </trkpt>
   <trkpt lat="22.5221320" lon="88.3467180">
    <ele>9.0</ele>
    <time>2025-10-28T15:21:46Z</time>
   </trkpt>
   <trkpt lat="22.5221410" lon="88.3467270">
    <ele>9.0</ele>
    <time>2025-10-28T15:21:47Z</time>
   </trkpt>
   <trkpt lat="22.5221540" lon="88.3467350">
    <ele>9.0</ele>
    <time>2025-10-28T15:21:48Z</time>
   </trkpt>
   <trkpt lat="22.5221610" lon="88.3467270">
    <ele>9.0</ele>
    <time>2025-10-28T15:21:49Z</time>
   </trkpt>
   <trkpt lat="22.5221740" lon="88.3467220">
    <ele>9.0</ele>
    <time>2025-10-28T15:21:50Z</time>
   </trkpt>
   <trkpt lat="22.5221920" lon="88.3467230">
    <ele>9.0</ele>
    <time>2025-10-28T15:21:51Z</time>
   </trkpt>
   <trkpt lat="22.5222020" lon="88.3467310">
    <ele>9.0</ele>
    <time>2025-10-28T15:21:52Z</time>
   </trkpt>
   <trkpt lat="22.5222160" lon="88.3467390">
    <ele>9.0</ele>
    <time>2025-10-28T15:21:53Z</time>
   </trkpt>
   <trkpt lat="22.5222230" lon="88.3467500">
    <ele>9.0</ele>
    <time>2025-10-28T15:21:54Z</time>
   </trkpt>
   <trkpt lat="22.5222400" lon="88.3467640">
    <ele>9.0</ele>
    <time>2025-10-28T15:21:55Z</time>
   </trkpt>
   <trkpt lat="22.5222500" lon="88.3467670">
    <ele>9.0</ele>
    <time>2025-10-28T15:21:56Z</time>
   </trkpt>
   <trkpt lat="22.5222600" lon="88.3467710">
    <ele>9.0</ele>
    <time>2025-10-28T15:21:57Z</time>
   </trkpt>
   <trkpt lat="22.5222740" lon="88.3467590">
    <ele>9.0</ele>
    <time>2025-10-28T15:21:58Z</time>
   </trkpt>
   <trkpt lat="22.5222910" lon="88.3467570">
    <ele>9.0</ele>
    <time>2025-10-28T15:21:59Z</time>
   </trkpt>
   <trkpt lat="22.5223060" lon="88.3467610">
    <ele>9.0</ele>
    <time>2025-10-28T15:22:00Z</time>
   </trkpt>
   <trkpt lat="22.5223200" lon="88.3467680">
    <ele>9.0</ele>
    <time>2025-10-28T15:22:01Z</time>
   </trkpt>
   <trkpt lat="22.5223250" lon="88.3467780">
    <ele>9.0</ele>
    <time>2025-10-28T15:22:02Z</time>
   </trkpt>
   <trkpt lat="22.5223310" lon="88.3467840">
    <ele>9.0</ele>
    <time>2025-10-28T15:22:03Z</time>
   </trkpt>
   <trkpt lat="22.5223350" lon="88.3467920">
    <ele>9.0</ele>
    <time>2025-10-28T15:22:04Z</time>
   </trkpt>
   <trkpt lat="22.5223450" lon="88.3467900">
    <ele>9.0</ele>
    <time>2025-10-28T15:22:05Z</time>
   </trkpt>
   <trkpt lat="22.5223570" lon="88.3467850">
    <ele>9.0</ele>
    <time>2025-10-28T15:22:06Z</time>
   </trkpt>
   <trkpt lat="22.5223660" lon="88.3467810">
    <ele>9.0</ele>
    <time>2025-10-28T15:22:07Z</time>
   </trkpt>
   <trkpt lat="22.5223800" lon="88.3467800">
    <ele>9.0</ele>
    <time>2025-10-28T15:22:08Z</time>
   </trkpt>
   <trkpt lat="22.5224080" lon="88.3467720">
    <ele>9.0</ele>
    <time>2025-10-28T15:22:09Z</time>
   </trkpt>
   <trkpt lat="22.5224170" lon="88.3467700">
    <ele>9.0</ele>
    <time>2025-10-28T15:22:10Z</time>
   </trkpt>
   <trkpt lat="22.5224260" lon="88.3467670">
    <ele>9.0</ele>
    <time>2025-10-28T15:22:11Z</time>
   </trkpt>
   <trkpt lat="22.5224380" lon="88.3467710">
    <ele>9.0</ele>
    <time>2025-10-28T15:22:12Z</time>
   </trkpt>
   <trkpt lat="22.5224500" lon="88.3467710">
    <ele>9.0</ele>
    <time>2025-10-28T15:22:13Z</time>
   </trkpt>
   <trkpt lat="22.5224630" lon="88.3467650">
    <ele>9.0</ele>
    <time>2025-10-28T15:22:14Z</time>
   </trkpt>
   <trkpt lat="22.5224800" lon="88.3467590">
    <ele>9.0</ele>
    <time>2025-10-28T15:22:15Z</time>
   </trkpt>
   <trkpt lat="22.5224990" lon="88.3467470">
    <ele>9.0</ele>
    <time>2025-10-28T15:22:16Z</time>
   </trkpt>
   <trkpt lat="22.5225070" lon="88.3467440">
    <ele>9.0</ele>
    <time>2025-10-28T15:22:17Z</time>
   </trkpt>
   <trkpt lat="22.5225160" lon="88.3467420">
    <ele>9.0</ele>
    <time>2025-10-28T15:22:18Z</time>
   </trkpt>
   <trkpt lat="22.5225310" lon="88.3467290">
    <ele>9.0</ele>
    <time>2025-10-28T15:22:19Z</time>
   </trkpt>
   <trkpt lat="22.5225380" lon="88.3467250">
    <ele>9.0</ele>
    <time>2025-10-28T15:22:20Z</time>
   </trkpt>
   <trkpt lat="22.5225460" lon="88.3467200">
    <ele>9.0</ele>
    <time>2025-10-28T15:22:21Z</time>
   </trkpt>
   <trkpt lat="22.5225600" lon="88.3467100">
    <ele>9.0</ele>
    <time>2025-10-28T15:22:22Z</time>
   </trkpt>
   <trkpt lat="22.5225730" lon="88.3466990">
    <ele>9.0</ele>
    <time>2025-10-28T15:22:23Z</time>
   </trkpt>
   <trkpt lat="22.5225920" lon="88.3467050">
    <ele>9.0</ele>
    <time>2025-10-28T15:22:24Z</time>
   </trkpt>
   <trkpt lat="22.5226000" lon="88.3467090">
    <ele>9.0</ele>
    <time>2025-10-28T15:22:25Z</time>
   </trkpt>
   <trkpt lat="22.5226090" lon="88.3467140">
    <ele>9.0</ele>
    <time>2025-10-28T15:22:26Z</time>
   </trkpt>
   <trkpt lat="22.5226220" lon="88.3467140">
    <ele>9.0</ele>
    <time>2025-10-28T15:22:27Z</time>
   </trkpt>
   <trkpt lat="22.5226250" lon="88.3467120">
    <ele>9.0</ele>
    <time>2025-10-28T15:22:28Z</time>
   </trkpt>
   <trkpt lat="22.5226350" lon="88.3467070">
    <ele>9.0</ele>
    <time>2025-10-28T15:22:29Z</time>
   </trkpt>
   <trkpt lat="22.5226450" lon="88.3467050">
    <ele>9.0</ele>
    <time>2025-10-28T15:22:30Z</time>
   </trkpt>
   <trkpt lat="22.5226510" lon="88.3467000">
    <ele>9.0</ele>
    <time>2025-10-28T15:22:31Z</time>
   </trkpt>
   <trkpt lat="22.5226650" lon="88.3467010">
    <ele>9.0</ele>
    <time>2025-10-28T15:22:32Z</time>
   </trkpt>
   <trkpt lat="22.5226770" lon="88.3467010">
    <ele>8.9</ele>
    <time>2025-10-28T15:22:33Z</time>
   </trkpt>
   <trkpt lat="22.5227050" lon="88.3466970">
    <ele>8.9</ele>
    <time>2025-10-28T15:22:34Z</time>
   </trkpt>
   <trkpt lat="22.5227160" lon="88.3466970">
    <ele>8.9</ele>
    <time>2025-10-28T15:22:35Z</time>
   </trkpt>
   <trkpt lat="22.5227480" lon="88.3466950">
    <ele>8.9</ele>
    <time>2025-10-28T15:22:36Z</time>
   </trkpt>
   <trkpt lat="22.5227820" lon="88.3466900">
    <ele>8.9</ele>
    <time>2025-10-28T15:22:37Z</time>
   </trkpt>
   <trkpt lat="22.5227900" lon="88.3466930">
    <ele>8.9</ele>
    <time>2025-10-28T15:22:38Z</time>
   </trkpt>
   <trkpt lat="22.5228210" lon="88.3466930">
    <ele>8.9</ele>
    <time>2025-10-28T15:22:39Z</time>
   </trkpt>
   <trkpt lat="22.5228290" lon="88.3466910">
    <ele>8.9</ele>
    <time>2025-10-28T15:22:40Z</time>
   </trkpt>
   <trkpt lat="22.5228460" lon="88.3466930">
    <ele>8.8</ele>
    <time>2025-10-28T15:22:41Z</time>
   </trkpt>
   <trkpt lat="22.5228610" lon="88.3467020">
    <ele>8.8</ele>
    <time>2025-10-28T15:22:42Z</time>
   </trkpt>
   <trkpt lat="22.5228740" lon="88.3467050">
    <ele>8.8</ele>
    <time>2025-10-28T15:22:43Z</time>
   </trkpt>
   <trkpt lat="22.5228800" lon="88.3467060">
    <ele>8.8</ele>
    <time>2025-10-28T15:22:44Z</time>
   </trkpt>
   <trkpt lat="22.5228850" lon="88.3467040">
    <ele>8.8</ele>
    <time>2025-10-28T15:22:45Z</time>
   </trkpt>
   <trkpt lat="22.5228910" lon="88.3467050">
    <ele>8.8</ele>
    <time>2025-10-28T15:22:46Z</time>
   </trkpt>
   <trkpt lat="22.5229050" lon="88.3467050">
    <ele>8.8</ele>
    <time>2025-10-28T15:22:47Z</time>
   </trkpt>
   <trkpt lat="22.5229120" lon="88.3467050">
    <ele>8.8</ele>
    <time>2025-10-28T15:22:48Z</time>
   </trkpt>
   <trkpt lat="22.5229250" lon="88.3466980">
    <ele>8.8</ele>
    <time>2025-10-28T15:22:49Z</time>
   </trkpt>
   <trkpt lat="22.5229490" lon="88.3466860">
    <ele>8.8</ele>
    <time>2025-10-28T15:22:50Z</time>
   </trkpt>
   <trkpt lat="22.5229580" lon="88.3466810">
    <ele>8.8</ele>
    <time>2025-10-28T15:22:51Z</time>
   </trkpt>
   <trkpt lat="22.5229820" lon="88.3466720">
    <ele>8.8</ele>
    <time>2025-10-28T15:22:52Z</time>
   </trkpt>
   <trkpt lat="22.5229910" lon="88.3466700">
    <ele>8.8</ele>
    <time>2025-10-28T15:22:53Z</time>
   </trkpt>
   <trkpt lat="22.5230000" lon="88.3466670">
    <ele>8.8</ele>
    <time>2025-10-28T15:22:54Z</time>
   </trkpt>
   <trkpt lat="22.5230140" lon="88.3466600">
    <ele>8.8</ele>
    <time>2025-10-28T15:22:55Z</time>
   </trkpt>
   <trkpt lat="22.5230250" lon="88.3466560">
    <ele>8.8</ele>
    <time>2025-10-28T15:22:56Z</time>
   </trkpt>
   <trkpt lat="22.5230320" lon="88.3466500">
    <ele>8.8</ele>
    <time>2025-10-28T15:22:57Z</time>
   </trkpt>
   <trkpt lat="22.5230610" lon="88.3466460">
    <ele>8.8</ele>
    <time>2025-10-28T15:22:58Z</time>
   </trkpt>
   <trkpt lat="22.5230790" lon="88.3466470">
    <ele>8.8</ele>
    <time>2025-10-28T15:22:59Z</time>
   </trkpt>
   <trkpt lat="22.5231050" lon="88.3466250">
    <ele>8.8</ele>
    <time>2025-10-28T15:23:00Z</time>
   </trkpt>
   <trkpt lat="22.5231230" lon="88.3466010">
    <ele>8.8</ele>
    <time>2025-10-28T15:23:01Z</time>
   </trkpt>
   <trkpt lat="22.5231300" lon="88.3465940">
    <ele>8.8</ele>
    <time>2025-10-28T15:23:02Z</time>
   </trkpt>
   <trkpt lat="22.5231370" lon="88.3465990">
    <ele>8.8</ele>
    <time>2025-10-28T15:23:03Z</time>
   </trkpt>
   <trkpt lat="22.5231540" lon="88.3466100">
    <ele>8.8</ele>
    <time>2025-10-28T15:23:04Z</time>
   </trkpt>
   <trkpt lat="22.5231610" lon="88.3466130">
    <ele>8.8</ele>
    <time>2025-10-28T15:23:05Z</time>
   </trkpt>
   <trkpt lat="22.5231730" lon="88.3466070">
    <ele>8.8</ele>
    <time>2025-10-28T15:23:06Z</time>
   </trkpt>
   <trkpt lat="22.5231840" lon="88.3466000">
    <ele>8.8</ele>
    <time>2025-10-28T15:23:07Z</time>
   </trkpt>
   <trkpt lat="22.5231960" lon="88.3465940">
    <ele>8.7</ele>
    <time>2025-10-28T15:23:08Z</time>
   </trkpt>
   <trkpt lat="22.5232130" lon="88.3465890">
    <ele>8.7</ele>
    <time>2025-10-28T15:23:09Z</time>
   </trkpt>
   <trkpt lat="22.5232300" lon="88.3465800">
    <ele>8.7</ele>
    <time>2025-10-28T15:23:10Z</time>
   </trkpt>
   <trkpt lat="22.5232410" lon="88.3466040">
    <ele>8.7</ele>
    <time>2025-10-28T15:23:11Z</time>
   </trkpt>
   <trkpt lat="22.5232560" lon="88.3466070">
    <ele>8.7</ele>
    <time>2025-10-28T15:23:12Z</time>
   </trkpt>
   <trkpt lat="22.5232840" lon="88.3466000">
    <ele>8.7</ele>
    <time>2025-10-28T15:23:13Z</time>
   </trkpt>
   <trkpt lat="22.5232920" lon="88.3465960">
    <ele>8.7</ele>
    <time>2025-10-28T15:23:14Z</time>
   </trkpt>
   <trkpt lat="22.5233160" lon="88.3465740">
    <ele>8.7</ele>
    <time>2025-10-28T15:23:15Z</time>
   </trkpt>
   <trkpt lat="22.5233240" lon="88.3465630">
    <ele>8.7</ele>
    <time>2025-10-28T15:23:16Z</time>
   </trkpt>
   <trkpt lat="22.5233380" lon="88.3465470">
    <ele>8.7</ele>
    <time>2025-10-28T15:23:17Z</time>
   </trkpt>
   <trkpt lat="22.5233490" lon="88.3465480">
    <ele>8.7</ele>
    <time>2025-10-28T15:23:18Z</time>
   </trkpt>
   <trkpt lat="22.5233680" lon="88.3465440">
    <ele>8.7</ele>
    <time>2025-10-28T15:23:19Z</time>
   </trkpt>
   <trkpt lat="22.5233780" lon="88.3465410">
    <ele>8.7</ele>
    <time>2025-10-28T15:23:20Z</time>
   </trkpt>
   <trkpt lat="22.5233890" lon="88.3465370">
    <ele>8.7</ele>
    <time>2025-10-28T15:23:21Z</time>
   </trkpt>
   <trkpt lat="22.5234040" lon="88.3465300">
    <ele>8.7</ele>
    <time>2025-10-28T15:23:22Z</time>
   </trkpt>
   <trkpt lat="22.5234210" lon="88.3465240">
    <ele>8.7</ele>
    <time>2025-10-28T15:23:23Z</time>
   </trkpt>
   <trkpt lat="22.5234420" lon="88.3465210">
    <ele>8.7</ele>
    <time>2025-10-28T15:23:24Z</time>
   </trkpt>
   <trkpt lat="22.5234500" lon="88.3465200">
    <ele>8.7</ele>
    <time>2025-10-28T15:23:25Z</time>
   </trkpt>
   <trkpt lat="22.5234590" lon="88.3465180">
    <ele>8.7</ele>
    <time>2025-10-28T15:23:26Z</time>
   </trkpt>
   <trkpt lat="22.5234740" lon="88.3465180">
    <ele>8.7</ele>
    <time>2025-10-28T15:23:27Z</time>
   </trkpt>
   <trkpt lat="22.5234860" lon="88.3465080">
    <ele>8.7</ele>
    <time>2025-10-28T15:23:28Z</time>
   </trkpt>
   <trkpt lat="22.5234970" lon="88.3465070">
    <ele>8.7</ele>
    <time>2025-10-28T15:23:29Z</time>
   </trkpt>
   <trkpt lat="22.5235140" lon="88.3465130">
    <ele>8.7</ele>
    <time>2025-10-28T15:23:30Z</time>
   </trkpt>
   <trkpt lat="22.5235250" lon="88.3465100">
    <ele>8.7</ele>
    <time>2025-10-28T15:23:31Z</time>
   </trkpt>
   <trkpt lat="22.5235330" lon="88.3465050">
    <ele>8.7</ele>
    <time>2025-10-28T15:23:32Z</time>
   </trkpt>
   <trkpt lat="22.5235410" lon="88.3465050">
    <ele>8.7</ele>
    <time>2025-10-28T15:23:33Z</time>
   </trkpt>
   <trkpt lat="22.5235620" lon="88.3465110">
    <ele>8.7</ele>
    <time>2025-10-28T15:23:34Z</time>
   </trkpt>
   <trkpt lat="22.5235710" lon="88.3465160">
    <ele>8.7</ele>
    <time>2025-10-28T15:23:35Z</time>
   </trkpt>
   <trkpt lat="22.5235800" lon="88.3465210">
    <ele>8.7</ele>
    <time>2025-10-28T15:23:36Z</time>
   </trkpt>
   <trkpt lat="22.5235860" lon="88.3465280">
    <ele>8.7</ele>
    <time>2025-10-28T15:23:37Z</time>
   </trkpt>
   <trkpt lat="22.5235920" lon="88.3465300">
    <ele>8.7</ele>
    <time>2025-10-28T15:23:38Z</time>
   </trkpt>
   <trkpt lat="22.5236060" lon="88.3465390">
    <ele>8.7</ele>
    <time>2025-10-28T15:23:39Z</time>
   </trkpt>
   <trkpt lat="22.5236240" lon="88.3465520">
    <ele>8.7</ele>
    <time>2025-10-28T15:23:40Z</time>
   </trkpt>
   <trkpt lat="22.5236340" lon="88.3465610">
    <ele>8.7</ele>
    <time>2025-10-28T15:23:41Z</time>
   </trkpt>
   <trkpt lat="22.5236440" lon="88.3465690">
    <ele>8.7</ele>
    <time>2025-10-28T15:23:42Z</time>
   </trkpt>
   <trkpt lat="22.5236500" lon="88.3466030">
    <ele>8.7</ele>
    <time>2025-10-28T15:23:43Z</time>
   </trkpt>
   <trkpt lat="22.5236550" lon="88.3466340">
    <ele>8.7</ele>
    <time>2025-10-28T15:23:44Z</time>
   </trkpt>
   <trkpt lat="22.5236600" lon="88.3466630">
    <ele>8.7</ele>
    <time>2025-10-28T15:23:45Z</time>
   </trkpt>
   <trkpt lat="22.5236520" lon="88.3466890">
    <ele>8.7</ele>
    <time>2025-10-28T15:23:46Z</time>
   </trkpt>
   <trkpt lat="22.5236520" lon="88.3466960">
    <ele>8.7</ele>
    <time>2025-10-28T15:23:47Z</time>
   </trkpt>
   <trkpt lat="22.5236510" lon="88.3467020">
    <ele>8.7</ele>
    <time>2025-10-28T15:23:48Z</time>
   </trkpt>
   <trkpt lat="22.5236590" lon="88.3467080">
    <ele>8.7</ele>
    <time>2025-10-28T15:23:49Z</time>
   </trkpt>
   <trkpt lat="22.5236580" lon="88.3467140">
    <ele>8.7</ele>
    <time>2025-10-28T15:23:50Z</time>
   </trkpt>
   <trkpt lat="22.5236590" lon="88.3467210">
    <ele>8.7</ele>
    <time>2025-10-28T15:23:51Z</time>
   </trkpt>
   <trkpt lat="22.5236630" lon="88.3467240">
    <ele>8.7</ele>
    <time>2025-10-28T15:23:52Z</time>
   </trkpt>
   <trkpt lat="22.5236670" lon="88.3467260">
    <ele>8.7</ele>
    <time>2025-10-28T15:23:53Z</time>
   </trkpt>
   <trkpt lat="22.5236670" lon="88.3467280">
    <ele>8.7</ele>
    <time>2025-10-28T15:23:54Z</time>
   </trkpt>
   <trkpt lat="22.5236660" lon="88.3467280">
    <ele>8.7</ele>
    <time>2025-10-28T15:23:55Z</time>
   </trkpt>
   <trkpt lat="22.5236700" lon="88.3467290">
    <ele>8.7</ele>
    <time>2025-10-28T15:23:56Z</time>
   </trkpt>
   <trkpt lat="22.5236820" lon="88.3467320">
    <ele>8.7</ele>
    <time>2025-10-28T15:23:57Z</time>
   </trkpt>
   <trkpt lat="22.5236860" lon="88.3467270">
    <ele>8.7</ele>
    <time>2025-10-28T15:23:58Z</time>
   </trkpt>
   <trkpt lat="22.5236890" lon="88.3467260">
    <ele>8.7</ele>
    <time>2025-10-28T15:23:59Z</time>
   </trkpt>
   <trkpt lat="22.5236960" lon="88.3467300">
    <ele>8.7</ele>
    <time>2025-10-28T15:24:00Z</time>
   </trkpt>
   <trkpt lat="22.5236990" lon="88.3467320">
    <ele>8.7</ele>
    <time>2025-10-28T15:24:01Z</time>
   </trkpt>
   <trkpt lat="22.5237010" lon="88.3467320">
    <ele>8.7</ele>
    <time>2025-10-28T15:24:02Z</time>
   </trkpt>
   <trkpt lat="22.5237080" lon="88.3467310">
    <ele>8.7</ele>
    <time>2025-10-28T15:24:03Z</time>
   </trkpt>
   <trkpt lat="22.5237170" lon="88.3467290">
    <ele>8.7</ele>
    <time>2025-10-28T15:24:04Z</time>
   </trkpt>
   <trkpt lat="22.5237250" lon="88.3467250">
    <ele>8.7</ele>
    <time>2025-10-28T15:24:05Z</time>
   </trkpt>
   <trkpt lat="22.5237450" lon="88.3467240">
    <ele>8.7</ele>
    <time>2025-10-28T15:24:06Z</time>
   </trkpt>
   <trkpt lat="22.5237540" lon="88.3467240">
    <ele>8.7</ele>
    <time>2025-10-28T15:24:07Z</time>
   </trkpt>
   <trkpt lat="22.5237620" lon="88.3467240">
    <ele>8.7</ele>
    <time>2025-10-28T15:24:08Z</time>
   </trkpt>
   <trkpt lat="22.5237700" lon="88.3467210">
    <ele>8.7</ele>
    <time>2025-10-28T15:24:09Z</time>
   </trkpt>
   <trkpt lat="22.5237770" lon="88.3467190">
    <ele>8.7</ele>
    <time>2025-10-28T15:24:10Z</time>
   </trkpt>
   <trkpt lat="22.5237830" lon="88.3467160">
    <ele>8.7</ele>
    <time>2025-10-28T15:24:11Z</time>
   </trkpt>
   <trkpt lat="22.5237890" lon="88.3467130">
    <ele>8.7</ele>
    <time>2025-10-28T15:24:12Z</time>
   </trkpt>
   <trkpt lat="22.5237950" lon="88.3467100">
    <ele>8.7</ele>
    <time>2025-10-28T15:24:13Z</time>
   </trkpt>
   <trkpt lat="22.5238020" lon="88.3467080">
    <ele>8.7</ele>
    <time>2025-10-28T15:24:14Z</time>
   </trkpt>
   <trkpt lat="22.5238080" lon="88.3467050">
    <ele>8.7</ele>
    <time>2025-10-28T15:24:15Z</time>
   </trkpt>
   <trkpt lat="22.5238190" lon="88.3466950">
    <ele>8.7</ele>
    <time>2025-10-28T15:24:16Z</time>
   </trkpt>
   <trkpt lat="22.5238310" lon="88.3466860">
    <ele>8.7</ele>
    <time>2025-10-28T15:24:17Z</time>
   </trkpt>
   <trkpt lat="22.5238540" lon="88.3466850">
    <ele>8.7</ele>
    <time>2025-10-28T15:24:18Z</time>
   </trkpt>
   <trkpt lat="22.5238590" lon="88.3466870">
    <ele>8.7</ele>
    <time>2025-10-28T15:24:19Z</time>
   </trkpt>
   <trkpt lat="22.5238500" lon="88.3466820">
    <ele>8.7</ele>
    <time>2025-10-28T15:24:20Z</time>
   </trkpt>
   <trkpt lat="22.5238510" lon="88.3466770">
    <ele>8.7</ele>
    <time>2025-10-28T15:24:21Z</time>
   </trkpt>
   <trkpt lat="22.5238660" lon="88.3466640">
    <ele>8.7</ele>
    <time>2025-10-28T15:24:22Z</time>
   </trkpt>
   <trkpt lat="22.5238760" lon="88.3466620">
    <ele>8.7</ele>
    <time>2025-10-28T15:24:23Z</time>
   </trkpt>
   <trkpt lat="22.5238940" lon="88.3466560">
    <ele>8.7</ele>
    <time>2025-10-28T15:24:24Z</time>
   </trkpt>
   <trkpt lat="22.5239020" lon="88.3466520">
    <ele>8.7</ele>
    <time>2025-10-28T15:24:25Z</time>
   </trkpt>
   <trkpt lat="22.5239110" lon="88.3466490">
    <ele>8.7</ele>
    <time>2025-10-28T15:24:26Z</time>
   </trkpt>
   <trkpt lat="22.5239200" lon="88.3466460">
    <ele>8.7</ele>
    <time>2025-10-28T15:24:27Z</time>
   </trkpt>
   <trkpt lat="22.5239360" lon="88.3466280">
    <ele>8.7</ele>
    <time>2025-10-28T15:24:28Z</time>
   </trkpt>
   <trkpt lat="22.5239470" lon="88.3466160">
    <ele>8.7</ele>
    <time>2025-10-28T15:24:29Z</time>
   </trkpt>
   <trkpt lat="22.5239630" lon="88.3466030">
    <ele>8.7</ele>
    <time>2025-10-28T15:24:30Z</time>
   </trkpt>
   <trkpt lat="22.5239690" lon="88.3465870">
    <ele>8.7</ele>
    <time>2025-10-28T15:24:31Z</time>
   </trkpt>
   <trkpt lat="22.5239760" lon="88.3465820">
    <ele>8.7</ele>
    <time>2025-10-28T15:24:32Z</time>
   </trkpt>
   <trkpt lat="22.5239810" lon="88.3465810">
    <ele>8.7</ele>
    <time>2025-10-28T15:24:33Z</time>
   </trkpt>
   <trkpt lat="22.5239950" lon="88.3465840">
    <ele>8.7</ele>
    <time>2025-10-28T15:24:34Z</time>
   </trkpt>
   <trkpt lat="22.5240120" lon="88.3465770">
    <ele>8.8</ele>
    <time>2025-10-28T15:24:35Z</time>
   </trkpt>
   <trkpt lat="22.5240180" lon="88.3465700">
    <ele>8.8</ele>
    <time>2025-10-28T15:24:36Z</time>
   </trkpt>
   <trkpt lat="22.5240240" lon="88.3465730">
    <ele>8.8</ele>
    <time>2025-10-28T15:24:37Z</time>
   </trkpt>
   <trkpt lat="22.5240440" lon="88.3465690">
    <ele>8.8</ele>
    <time>2025-10-28T15:24:38Z</time>
   </trkpt>
   <trkpt lat="22.5240680" lon="88.3465720">
    <ele>8.8</ele>
    <time>2025-10-28T15:24:39Z</time>
   </trkpt>
   <trkpt lat="22.5240810" lon="88.3465840">
    <ele>8.8</ele>
    <time>2025-10-28T15:24:40Z</time>
   </trkpt>
   <trkpt lat="22.5241030" lon="88.3465980">
    <ele>8.9</ele>
    <time>2025-10-28T15:24:41Z</time>
   </trkpt>
   <trkpt lat="22.5241170" lon="88.3465970">
    <ele>8.9</ele>
    <time>2025-10-28T15:24:42Z</time>
   </trkpt>
   <trkpt lat="22.5241280" lon="88.3465980">
    <ele>8.9</ele>
    <time>2025-10-28T15:24:43Z</time>
   </trkpt>
   <trkpt lat="22.5241380" lon="88.3466010">
    <ele>8.9</ele>
    <time>2025-10-28T15:24:44Z</time>
   </trkpt>
   <trkpt lat="22.5241500" lon="88.3465990">
    <ele>8.9</ele>
    <time>2025-10-28T15:24:45Z</time>
   </trkpt>
   <trkpt lat="22.5241660" lon="88.3466000">
    <ele>8.9</ele>
    <time>2025-10-28T15:24:46Z</time>
   </trkpt>
   <trkpt lat="22.5241800" lon="88.3466030">
    <ele>8.9</ele>
    <time>2025-10-28T15:24:47Z</time>
   </trkpt>
   <trkpt lat="22.5241970" lon="88.3466010">
    <ele>8.9</ele>
    <time>2025-10-28T15:24:48Z</time>
   </trkpt>
   <trkpt lat="22.5242050" lon="88.3465980">
    <ele>8.9</ele>
    <time>2025-10-28T15:24:49Z</time>
   </trkpt>
   <trkpt lat="22.5242120" lon="88.3465960">
    <ele>8.9</ele>
    <time>2025-10-28T15:24:50Z</time>
   </trkpt>
   <trkpt lat="22.5242200" lon="88.3465930">
    <ele>8.9</ele>
    <time>2025-10-28T15:24:51Z</time>
   </trkpt>
   <trkpt lat="22.5242400" lon="88.3465870">
    <ele>8.9</ele>
    <time>2025-10-28T15:24:52Z</time>
   </trkpt>
   <trkpt lat="22.5242550" lon="88.3465900">
    <ele>8.9</ele>
    <time>2025-10-28T15:24:53Z</time>
   </trkpt>
   <trkpt lat="22.5242650" lon="88.3465890">
    <ele>8.9</ele>
    <time>2025-10-28T15:24:54Z</time>
   </trkpt>
   <trkpt lat="22.5242790" lon="88.3465840">
    <ele>8.9</ele>
    <time>2025-10-28T15:24:55Z</time>
   </trkpt>
   <trkpt lat="22.5242880" lon="88.3465790">
    <ele>8.9</ele>
    <time>2025-10-28T15:24:56Z</time>
   </trkpt>
   <trkpt lat="22.5242960" lon="88.3465740">
    <ele>9.0</ele>
    <time>2025-10-28T15:24:57Z</time>
   </trkpt>
   <trkpt lat="22.5243180" lon="88.3465700">
    <ele>9.0</ele>
    <time>2025-10-28T15:24:58Z</time>
   </trkpt>
   <trkpt lat="22.5243320" lon="88.3465600">
    <ele>9.0</ele>
    <time>2025-10-28T15:24:59Z</time>
   </trkpt>
   <trkpt lat="22.5243500" lon="88.3465750">
    <ele>9.0</ele>
    <time>2025-10-28T15:25:00Z</time>
   </trkpt>
   <trkpt lat="22.5243690" lon="88.3465970">
    <ele>9.0</ele>
    <time>2025-10-28T15:25:01Z</time>
   </trkpt>
   <trkpt lat="22.5243770" lon="88.3466050">
    <ele>9.0</ele>
    <time>2025-10-28T15:25:02Z</time>
   </trkpt>
   <trkpt lat="22.5243900" lon="88.3466080">
    <ele>9.0</ele>
    <time>2025-10-28T15:25:03Z</time>
   </trkpt>
   <trkpt lat="22.5244080" lon="88.3466180">
    <ele>9.0</ele>
    <time>2025-10-28T15:25:04Z</time>
   </trkpt>
   <trkpt lat="22.5244310" lon="88.3466220">
    <ele>9.0</ele>
    <time>2025-10-28T15:25:05Z</time>
   </trkpt>
   <trkpt lat="22.5244390" lon="88.3466240">
    <ele>9.0</ele>
    <time>2025-10-28T15:25:06Z</time>
   </trkpt>
   <trkpt lat="22.5244460" lon="88.3466250">
    <ele>9.0</ele>
    <time>2025-10-28T15:25:07Z</time>
   </trkpt>
   <trkpt lat="22.5244560" lon="88.3466250">
    <ele>9.0</ele>
    <time>2025-10-28T15:25:08Z</time>
   </trkpt>
   <trkpt lat="22.5244720" lon="88.3466250">
    <ele>9.0</ele>
    <time>2025-10-28T15:25:09Z</time>
   </trkpt>
   <trkpt lat="22.5244820" lon="88.3466240">
    <ele>9.0</ele>
    <time>2025-10-28T15:25:10Z</time>
   </trkpt>
   <trkpt lat="22.5244900" lon="88.3466260">
    <ele>9.0</ele>
    <time>2025-10-28T15:25:11Z</time>
   </trkpt>
   <trkpt lat="22.5245140" lon="88.3466150">
    <ele>9.0</ele>
    <time>2025-10-28T15:25:12Z</time>
   </trkpt>
   <trkpt lat="22.5245320" lon="88.3466100">
    <ele>9.0</ele>
    <time>2025-10-28T15:25:13Z</time>
   </trkpt>
   <trkpt lat="22.5245470" lon="88.3466040">
    <ele>9.0</ele>
    <time>2025-10-28T15:25:14Z</time>
   </trkpt>
   <trkpt lat="22.5245620" lon="88.3466010">
    <ele>9.0</ele>
    <time>2025-10-28T15:25:15Z</time>
   </trkpt>
   <trkpt lat="22.5245800" lon="88.3466000">
    <ele>9.1</ele>
    <time>2025-10-28T15:25:16Z</time>
   </trkpt>
   <trkpt lat="22.5245970" lon="88.3465910">
    <ele>9.1</ele>
    <time>2025-10-28T15:25:17Z</time>
   </trkpt>
   <trkpt lat="22.5246120" lon="88.3465850">
    <ele>9.1</ele>
    <time>2025-10-28T15:25:18Z</time>
   </trkpt>
   <trkpt lat="22.5246180" lon="88.3465770">
    <ele>9.1</ele>
    <time>2025-10-28T15:25:19Z</time>
   </trkpt>
   <trkpt lat="22.5246270" lon="88.3465690">
    <ele>9.1</ele>
    <time>2025-10-28T15:25:20Z</time>
   </trkpt>
   <trkpt lat="22.5246420" lon="88.3465720">
    <ele>9.1</ele>
    <time>2025-10-28T15:25:21Z</time>
   </trkpt>
   <trkpt lat="22.5246720" lon="88.3465760">
    <ele>9.1</ele>
    <time>2025-10-28T15:25:22Z</time>
   </trkpt>
   <trkpt lat="22.5246820" lon="88.3465840">
    <ele>9.1</ele>
    <time>2025-10-28T15:25:23Z</time>
   </trkpt>
   <trkpt lat="22.5247030" lon="88.3465830">
    <ele>9.1</ele>
    <time>2025-10-28T15:25:24Z</time>
   </trkpt>
   <trkpt lat="22.5247110" lon="88.3465850">
    <ele>9.1</ele>
    <time>2025-10-28T15:25:25Z</time>
   </trkpt>
   <trkpt lat="22.5247200" lon="88.3465850">
    <ele>9.1</ele>
    <time>2025-10-28T15:25:26Z</time>
   </trkpt>
   <trkpt lat="22.5247310" lon="88.3465910">
    <ele>9.1</ele>
    <time>2025-10-28T15:25:27Z</time>
   </trkpt>
   <trkpt lat="22.5247400" lon="88.3465910">
    <ele>9.1</ele>
    <time>2025-10-28T15:25:28Z</time>
   </trkpt>
   <trkpt lat="22.5247560" lon="88.3465880">
    <ele>9.1</ele>
    <time>2025-10-28T15:25:29Z</time>
   </trkpt>
   <trkpt lat="22.5247710" lon="88.3465880">
    <ele>9.1</ele>
    <time>2025-10-28T15:25:30Z</time>
   </trkpt>
   <trkpt lat="22.5247850" lon="88.3465840">
    <ele>9.1</ele>
    <time>2025-10-28T15:25:31Z</time>
   </trkpt>
   <trkpt lat="22.5247960" lon="88.3465880">
    <ele>9.1</ele>
    <time>2025-10-28T15:25:32Z</time>
   </trkpt>
   <trkpt lat="22.5248010" lon="88.3465870">
    <ele>9.1</ele>
    <time>2025-10-28T15:25:33Z</time>
   </trkpt>
   <trkpt lat="22.5248150" lon="88.3465820">
    <ele>9.2</ele>
    <time>2025-10-28T15:25:34Z</time>
   </trkpt>
   <trkpt lat="22.5248330" lon="88.3465790">
    <ele>9.2</ele>
    <time>2025-10-28T15:25:35Z</time>
   </trkpt>
   <trkpt lat="22.5248530" lon="88.3465780">
    <ele>9.2</ele>
    <time>2025-10-28T15:25:36Z</time>
   </trkpt>
   <trkpt lat="22.5248620" lon="88.3465770">
    <ele>9.2</ele>
    <time>2025-10-28T15:25:37Z</time>
   </trkpt>
   <trkpt lat="22.5248700" lon="88.3465770">
    <ele>9.2</ele>
    <time>2025-10-28T15:25:38Z</time>
   </trkpt>
   <trkpt lat="22.5248800" lon="88.3465780">
    <ele>9.2</ele>
    <time>2025-10-28T15:25:39Z</time>
   </trkpt>
   <trkpt lat="22.5248990" lon="88.3465780">
    <ele>9.2</ele>
    <time>2025-10-28T15:25:40Z</time>
   </trkpt>
   <trkpt lat="22.5249120" lon="88.3465770">
    <ele>9.2</ele>
    <time>2025-10-28T15:25:41Z</time>
   </trkpt>
   <trkpt lat="22.5249230" lon="88.3465710">
    <ele>9.2</ele>
    <time>2025-10-28T15:25:42Z</time>
   </trkpt>
   <trkpt lat="22.5249320" lon="88.3465720">
    <ele>9.2</ele>
    <time>2025-10-28T15:25:43Z</time>
   </trkpt>
   <trkpt lat="22.5249460" lon="88.3465630">
    <ele>9.2</ele>
    <time>2025-10-28T15:25:44Z</time>
   </trkpt>
   <trkpt lat="22.5249640" lon="88.3465520">
    <ele>9.2</ele>
    <time>2025-10-28T15:25:45Z</time>
   </trkpt>
   <trkpt lat="22.5249790" lon="88.3465450">
    <ele>9.2</ele>
    <time>2025-10-28T15:25:46Z</time>
   </trkpt>
   <trkpt lat="22.5249900" lon="88.3465410">
    <ele>9.2</ele>
    <time>2025-10-28T15:25:47Z</time>
   </trkpt>
   <trkpt lat="22.5250010" lon="88.3465360">
    <ele>9.3</ele>
    <time>2025-10-28T15:25:48Z</time>
   </trkpt>
   <trkpt lat="22.5250180" lon="88.3465320">
    <ele>9.3</ele>
    <time>2025-10-28T15:25:49Z</time>
   </trkpt>
   <trkpt lat="22.5250320" lon="88.3465320">
    <ele>9.3</ele>
    <time>2025-10-28T15:25:50Z</time>
   </trkpt>
   <trkpt lat="22.5250490" lon="88.3465290">
    <ele>9.3</ele>
    <time>2025-10-28T15:25:51Z</time>
   </trkpt>
   <trkpt lat="22.5250640" lon="88.3465260">
    <ele>9.3</ele>
    <time>2025-10-28T15:25:52Z</time>
   </trkpt>
   <trkpt lat="22.5250750" lon="88.3465240">
    <ele>9.3</ele>
    <time>2025-10-28T15:25:53Z</time>
   </trkpt>
   <trkpt lat="22.5250920" lon="88.3465170">
    <ele>9.3</ele>
    <time>2025-10-28T15:25:54Z</time>
   </trkpt>
   <trkpt lat="22.5251020" lon="88.3465170">
    <ele>9.3</ele>
    <time>2025-10-28T15:25:55Z</time>
   </trkpt>
   <trkpt lat="22.5251100" lon="88.3465130">
    <ele>9.3</ele>
    <time>2025-10-28T15:25:56Z</time>
   </trkpt>
   <trkpt lat="22.5251180" lon="88.3465090">
    <ele>9.3</ele>
    <time>2025-10-28T15:25:57Z</time>
   </trkpt>
   <trkpt lat="22.5251300" lon="88.3465000">
    <ele>9.3</ele>
    <time>2025-10-28T15:25:58Z</time>
   </trkpt>
   <trkpt lat="22.5251430" lon="88.3464950">
    <ele>9.3</ele>
    <time>2025-10-28T15:25:59Z</time>
   </trkpt>
   <trkpt lat="22.5251460" lon="88.3464950">
    <ele>9.3</ele>
    <time>2025-10-28T15:26:00Z</time>
   </trkpt>
   <trkpt lat="22.5251560" lon="88.3464880">
    <ele>9.3</ele>
    <time>2025-10-28T15:26:01Z</time>
   </trkpt>
   <trkpt lat="22.5251860" lon="88.3464750">
    <ele>9.4</ele>
    <time>2025-10-28T15:26:02Z</time>
   </trkpt>
   <trkpt lat="22.5251940" lon="88.3464720">
    <ele>9.4</ele>
    <time>2025-10-28T15:26:03Z</time>
   </trkpt>
   <trkpt lat="22.5252140" lon="88.3464650">
    <ele>9.4</ele>
    <time>2025-10-28T15:26:04Z</time>
   </trkpt>
   <trkpt lat="22.5252180" lon="88.3464610">
    <ele>9.4</ele>
    <time>2025-10-28T15:26:05Z</time>
   </trkpt>
   <trkpt lat="22.5252260" lon="88.3464580">
    <ele>9.4</ele>
    <time>2025-10-28T15:26:06Z</time>
   </trkpt>
   <trkpt lat="22.5252510" lon="88.3464610">
    <ele>9.4</ele>
    <time>2025-10-28T15:26:07Z</time>
   </trkpt>
   <trkpt lat="22.5252600" lon="88.3464620">
    <ele>9.4</ele>
    <time>2025-10-28T15:26:08Z</time>
   </trkpt>
   <trkpt lat="22.5252700" lon="88.3464640">
    <ele>9.4</ele>
    <time>2025-10-28T15:26:09Z</time>
   </trkpt>
   <trkpt lat="22.5252850" lon="88.3464540">
    <ele>9.4</ele>
    <time>2025-10-28T15:26:10Z</time>
   </trkpt>
   <trkpt lat="22.5253020" lon="88.3464480">
    <ele>9.4</ele>
    <time>2025-10-28T15:26:11Z</time>
   </trkpt>
   <trkpt lat="22.5253150" lon="88.3464330">
    <ele>9.4</ele>
    <time>2025-10-28T15:26:12Z</time>
   </trkpt>
   <trkpt lat="22.5253270" lon="88.3464310">
    <ele>9.4</ele>
    <time>2025-10-28T15:26:13Z</time>
   </trkpt>
   <trkpt lat="22.5253540" lon="88.3464150">
    <ele>9.5</ele>
    <time>2025-10-28T15:26:14Z</time>
   </trkpt>
   <trkpt lat="22.5253620" lon="88.3464160">
    <ele>9.5</ele>
    <time>2025-10-28T15:26:15Z</time>
   </trkpt>
   <trkpt lat="22.5253830" lon="88.3464190">
    <ele>9.5</ele>
    <time>2025-10-28T15:26:16Z</time>
   </trkpt>
   <trkpt lat="22.5253940" lon="88.3464220">
    <ele>9.5</ele>
    <time>2025-10-28T15:26:17Z</time>
   </trkpt>
   <trkpt lat="22.5254240" lon="88.3464380">
    <ele>9.5</ele>
    <time>2025-10-28T15:26:18Z</time>
   </trkpt>
   <trkpt lat="22.5254340" lon="88.3464440">
    <ele>9.5</ele>
    <time>2025-10-28T15:26:19Z</time>
   </trkpt>
   <trkpt lat="22.5254490" lon="88.3464450">
    <ele>9.5</ele>
    <time>2025-10-28T15:26:20Z</time>
   </trkpt>
   <trkpt lat="22.5254700" lon="88.3464470">
    <ele>9.5</ele>
    <time>2025-10-28T15:26:21Z</time>
   </trkpt>
   <trkpt lat="22.5254860" lon="88.3464480">
    <ele>9.5</ele>
    <time>2025-10-28T15:26:22Z</time>
   </trkpt>
   <trkpt lat="22.5255020" lon="88.3464630">
    <ele>9.5</ele>
    <time>2025-10-28T15:26:23Z</time>
   </trkpt>
   <trkpt lat="22.5255100" lon="88.3464700">
    <ele>9.5</ele>
    <time>2025-10-28T15:26:24Z</time>
   </trkpt>
   <trkpt lat="22.5255260" lon="88.3464770">
    <ele>9.5</ele>
    <time>2025-10-28T15:26:26Z</time>
   </trkpt>
   <trkpt lat="22.5255380" lon="88.3464830">
    <ele>9.5</ele>
    <time>2025-10-28T15:26:27Z</time>
   </trkpt>
   <trkpt lat="22.5255440" lon="88.3464860">
    <ele>9.5</ele>
    <time>2025-10-28T15:26:28Z</time>
   </trkpt>
   <trkpt lat="22.5255570" lon="88.3464780">
    <ele>9.5</ele>
    <time>2025-10-28T15:26:29Z</time>
   </trkpt>
   <trkpt lat="22.5255780" lon="88.3464880">
    <ele>9.5</ele>
    <time>2025-10-28T15:26:30Z</time>
   </trkpt>
   <trkpt lat="22.5255860" lon="88.3464830">
    <ele>9.5</ele>
    <time>2025-10-28T15:26:31Z</time>
   </trkpt>
   <trkpt lat="22.5256040" lon="88.3464820">
    <ele>9.5</ele>
    <time>2025-10-28T15:26:32Z</time>
   </trkpt>
   <trkpt lat="22.5256150" lon="88.3464830">
    <ele>9.5</ele>
    <time>2025-10-28T15:26:33Z</time>
   </trkpt>
   <trkpt lat="22.5256320" lon="88.3464880">
    <ele>9.5</ele>
    <time>2025-10-28T15:26:34Z</time>
   </trkpt>
   <trkpt lat="22.5256460" lon="88.3464810">
    <ele>9.5</ele>
    <time>2025-10-28T15:26:35Z</time>
   </trkpt>
   <trkpt lat="22.5256570" lon="88.3464760">
    <ele>9.5</ele>
    <time>2025-10-28T15:26:36Z</time>
   </trkpt>
   <trkpt lat="22.5256750" lon="88.3464670">
    <ele>9.5</ele>
    <time>2025-10-28T15:26:37Z</time>
   </trkpt>
   <trkpt lat="22.5257070" lon="88.3464500">
    <ele>9.5</ele>
    <time>2025-10-28T15:26:38Z</time>
   </trkpt>
   <trkpt lat="22.5257150" lon="88.3464460">
    <ele>9.5</ele>
    <time>2025-10-28T15:26:39Z</time>
   </trkpt>
   <trkpt lat="22.5257290" lon="88.3464370">
    <ele>9.5</ele>
    <time>2025-10-28T15:26:40Z</time>
   </trkpt>
   <trkpt lat="22.5257380" lon="88.3464270">
    <ele>9.5</ele>
    <time>2025-10-28T15:26:41Z</time>
   </trkpt>
   <trkpt lat="22.5257500" lon="88.3464210">
    <ele>9.5</ele>
    <time>2025-10-28T15:26:42Z</time>
   </trkpt>
   <trkpt lat="22.5257650" lon="88.3464210">
    <ele>9.5</ele>
    <time>2025-10-28T15:26:43Z</time>
   </trkpt>
   <trkpt lat="22.5257780" lon="88.3464190">
    <ele>9.5</ele>
    <time>2025-10-28T15:26:44Z</time>
   </trkpt>
   <trkpt lat="22.5257820" lon="88.3464200">
    <ele>9.5</ele>
    <time>2025-10-28T15:26:45Z</time>
   </trkpt>
   <trkpt lat="22.5257950" lon="88.3464150">
    <ele>9.5</ele>
    <time>2025-10-28T15:26:46Z</time>
   </trkpt>
   <trkpt lat="22.5258060" lon="88.3464230">
    <ele>9.5</ele>
    <time>2025-10-28T15:26:47Z</time>
   </trkpt>
   <trkpt lat="22.5258200" lon="88.3464260">
    <ele>9.5</ele>
    <time>2025-10-28T15:26:48Z</time>
   </trkpt>
   <trkpt lat="22.5258300" lon="88.3464230">
    <ele>9.5</ele>
    <time>2025-10-28T15:26:49Z</time>
   </trkpt>
   <trkpt lat="22.5258420" lon="88.3464250">
    <ele>9.5</ele>
    <time>2025-10-28T15:26:50Z</time>
   </trkpt>
   <trkpt lat="22.5258420" lon="88.3464340">
    <ele>9.5</ele>
    <time>2025-10-28T15:26:51Z</time>
   </trkpt>
   <trkpt lat="22.5258560" lon="88.3464400">
    <ele>9.5</ele>
    <time>2025-10-28T15:26:52Z</time>
   </trkpt>
   <trkpt lat="22.5258710" lon="88.3464290">
    <ele>9.4</ele>
    <time>2025-10-28T15:26:53Z</time>
   </trkpt>
   <trkpt lat="22.5258900" lon="88.3464270">
    <ele>9.4</ele>
    <time>2025-10-28T15:26:54Z</time>
   </trkpt>
   <trkpt lat="22.5258990" lon="88.3464300">
    <ele>9.4</ele>
    <time>2025-10-28T15:26:55Z</time>
   </trkpt>
   <trkpt lat="22.5258910" lon="88.3464390">
    <ele>9.4</ele>
    <time>2025-10-28T15:26:56Z</time>
   </trkpt>
   <trkpt lat="22.5259040" lon="88.3464370">
    <ele>9.4</ele>
    <time>2025-10-28T15:26:57Z</time>
   </trkpt>
   <trkpt lat="22.5259210" lon="88.3464400">
    <ele>9.4</ele>
    <time>2025-10-28T15:26:58Z</time>
   </trkpt>
   <trkpt lat="22.5259440" lon="88.3464290">
    <ele>9.4</ele>
    <time>2025-10-28T15:26:59Z</time>
   </trkpt>
   <trkpt lat="22.5259540" lon="88.3464250">
    <ele>9.4</ele>
    <time>2025-10-28T15:27:00Z</time>
   </trkpt>
   <trkpt lat="22.5259800" lon="88.3464160">
    <ele>9.4</ele>
    <time>2025-10-28T15:27:01Z</time>
   </trkpt>
   <trkpt lat="22.5259900" lon="88.3464100">
    <ele>9.4</ele>
    <time>2025-10-28T15:27:02Z</time>
   </trkpt>
   <trkpt lat="22.5260010" lon="88.3464040">
    <ele>9.4</ele>
    <time>2025-10-28T15:27:03Z</time>
   </trkpt>
   <trkpt lat="22.5260140" lon="88.3463940">
    <ele>9.4</ele>
    <time>2025-10-28T15:27:04Z</time>
   </trkpt>
   <trkpt lat="22.5260300" lon="88.3463810">
    <ele>9.4</ele>
    <time>2025-10-28T15:27:05Z</time>
   </trkpt>
   <trkpt lat="22.5260570" lon="88.3463670">
    <ele>9.4</ele>
    <time>2025-10-28T15:27:06Z</time>
   </trkpt>
   <trkpt lat="22.5260650" lon="88.3463620">
    <ele>9.4</ele>
    <time>2025-10-28T15:27:07Z</time>
   </trkpt>
   <trkpt lat="22.5260780" lon="88.3463660">
    <ele>9.4</ele>
    <time>2025-10-28T15:27:08Z</time>
   </trkpt>
   <trkpt lat="22.5260940" lon="88.3463600">
    <ele>9.4</ele>
    <time>2025-10-28T15:27:09Z</time>
   </trkpt>
   <trkpt lat="22.5261110" lon="88.3463610">
    <ele>9.4</ele>
    <time>2025-10-28T15:27:10Z</time>
   </trkpt>
   <trkpt lat="22.5261260" lon="88.3463560">
    <ele>9.4</ele>
    <time>2025-10-28T15:27:11Z</time>
   </trkpt>
   <trkpt lat="22.5261380" lon="88.3463550">
    <ele>9.3</ele>
    <time>2025-10-28T15:27:12Z</time>
   </trkpt>
   <trkpt lat="22.5261580" lon="88.3463520">
    <ele>9.3</ele>
    <time>2025-10-28T15:27:13Z</time>
   </trkpt>
   <trkpt lat="22.5261750" lon="88.3463480">
    <ele>9.3</ele>
    <time>2025-10-28T15:27:14Z</time>
   </trkpt>
   <trkpt lat="22.5261910" lon="88.3463510">
    <ele>9.3</ele>
    <time>2025-10-28T15:27:15Z</time>
   </trkpt>
   <trkpt lat="22.5262070" lon="88.3463630">
    <ele>9.3</ele>
    <time>2025-10-28T15:27:16Z</time>
   </trkpt>
   <trkpt lat="22.5262240" lon="88.3463620">
    <ele>9.3</ele>
    <time>2025-10-28T15:27:17Z</time>
   </trkpt>
   <trkpt lat="22.5262450" lon="88.3463590">
    <ele>9.3</ele>
    <time>2025-10-28T15:27:18Z</time>
   </trkpt>
   <trkpt lat="22.5262560" lon="88.3463580">
    <ele>9.3</ele>
    <time>2025-10-28T15:27:19Z</time>
   </trkpt>
   <trkpt lat="22.5262680" lon="88.3463560">
    <ele>9.3</ele>
    <time>2025-10-28T15:27:20Z</time>
   </trkpt>
   <trkpt lat="22.5262840" lon="88.3463520">
    <ele>9.3</ele>
    <time>2025-10-28T15:27:21Z</time>
   </trkpt>
   <trkpt lat="22.5263000" lon="88.3463450">
    <ele>9.3</ele>
    <time>2025-10-28T15:27:22Z</time>
   </trkpt>
   <trkpt lat="22.5263120" lon="88.3463430">
    <ele>9.3</ele>
    <time>2025-10-28T15:27:23Z</time>
   </trkpt>
   <trkpt lat="22.5263230" lon="88.3463470">
    <ele>9.3</ele>
    <time>2025-10-28T15:27:24Z</time>
   </trkpt>
   <trkpt lat="22.5263360" lon="88.3463390">
    <ele>9.3</ele>
    <time>2025-10-28T15:27:25Z</time>
   </trkpt>
   <trkpt lat="22.5263680" lon="88.3463280">
    <ele>9.3</ele>
    <time>2025-10-28T15:27:26Z</time>
   </trkpt>
   <trkpt lat="22.5263780" lon="88.3463210">
    <ele>9.3</ele>
    <time>2025-10-28T15:27:27Z</time>
   </trkpt>
   <trkpt lat="22.5263900" lon="88.3463100">
    <ele>9.3</ele>
    <time>2025-10-28T15:27:28Z</time>
   </trkpt>
   <trkpt lat="22.5263980" lon="88.3463100">
    <ele>9.3</ele>
    <time>2025-10-28T15:27:29Z</time>
   </trkpt>
   <trkpt lat="22.5264090" lon="88.3463170">
    <ele>9.3</ele>
    <time>2025-10-28T15:27:30Z</time>
   </trkpt>
   <trkpt lat="22.5264410" lon="88.3463220">
    <ele>9.3</ele>
    <time>2025-10-28T15:27:31Z</time>
   </trkpt>
   <trkpt lat="22.5264520" lon="88.3463270">
    <ele>9.3</ele>
    <time>2025-10-28T15:27:32Z</time>
   </trkpt>
   <trkpt lat="22.5264750" lon="88.3463470">
    <ele>9.3</ele>
    <time>2025-10-28T15:27:33Z</time>
   </trkpt>
   <trkpt lat="22.5264820" lon="88.3463500">
    <ele>9.3</ele>
    <time>2025-10-28T15:27:34Z</time>
   </trkpt>
   <trkpt lat="22.5264900" lon="88.3463590">
    <ele>9.3</ele>
    <time>2025-10-28T15:27:35Z</time>
   </trkpt>
   <trkpt lat="22.5265010" lon="88.3463680">
    <ele>9.3</ele>
    <time>2025-10-28T15:27:36Z</time>
   </trkpt>
   <trkpt lat="22.5265110" lon="88.3463660">
    <ele>9.3</ele>
    <time>2025-10-28T15:27:37Z</time>
   </trkpt>
   <trkpt lat="22.5265230" lon="88.3463720">
    <ele>9.3</ele>
    <time>2025-10-28T15:27:38Z</time>
   </trkpt>
   <trkpt lat="22.5265390" lon="88.3463790">
    <ele>9.3</ele>
    <time>2025-10-28T15:27:39Z</time>
   </trkpt>
   <trkpt lat="22.5265530" lon="88.3463750">
    <ele>9.3</ele>
    <time>2025-10-28T15:27:40Z</time>
   </trkpt>
   <trkpt lat="22.5265660" lon="88.3463630">
    <ele>9.3</ele>
    <time>2025-10-28T15:27:41Z</time>
   </trkpt>
   <trkpt lat="22.5265860" lon="88.3463540">
    <ele>9.3</ele>
    <time>2025-10-28T15:27:42Z</time>
   </trkpt>
   <trkpt lat="22.5265920" lon="88.3463480">
    <ele>9.3</ele>
    <time>2025-10-28T15:27:43Z</time>
   </trkpt>
   <trkpt lat="22.5266040" lon="88.3463430">
    <ele>9.3</ele>
    <time>2025-10-28T15:27:44Z</time>
   </trkpt>
   <trkpt lat="22.5266140" lon="88.3463390">
    <ele>9.3</ele>
    <time>2025-10-28T15:27:45Z</time>
   </trkpt>
   <trkpt lat="22.5266200" lon="88.3463350">
    <ele>9.3</ele>
    <time>2025-10-28T15:27:46Z</time>
   </trkpt>
   <trkpt lat="22.5266270" lon="88.3463310">
    <ele>9.3</ele>
    <time>2025-10-28T15:27:47Z</time>
   </trkpt>
   <trkpt lat="22.5266400" lon="88.3463260">
    <ele>9.3</ele>
    <time>2025-10-28T15:27:48Z</time>
   </trkpt>
   <trkpt lat="22.5266410" lon="88.3463210">
    <ele>9.3</ele>
    <time>2025-10-28T15:27:49Z</time>
   </trkpt>
   <trkpt lat="22.5266330" lon="88.3463310">
    <ele>9.3</ele>
    <time>2025-10-28T15:27:50Z</time>
   </trkpt>
   <trkpt lat="22.5266520" lon="88.3463260">
    <ele>9.3</ele>
    <time>2025-10-28T15:27:51Z</time>
   </trkpt>
   <trkpt lat="22.5266760" lon="88.3463170">
    <ele>9.3</ele>
    <time>2025-10-28T15:27:52Z</time>
   </trkpt>
   <trkpt lat="22.5266860" lon="88.3463110">
    <ele>9.3</ele>
    <time>2025-10-28T15:27:53Z</time>
   </trkpt>
   <trkpt lat="22.5266970" lon="88.3463060">
    <ele>9.3</ele>
    <time>2025-10-28T15:27:54Z</time>
   </trkpt>
   <trkpt lat="22.5267040" lon="88.3463050">
    <ele>9.3</ele>
    <time>2025-10-28T15:27:55Z</time>
   </trkpt>
   <trkpt lat="22.5267150" lon="88.3462920">
    <ele>9.3</ele>
    <time>2025-10-28T15:27:56Z</time>
   </trkpt>
   <trkpt lat="22.5267270" lon="88.3462800">
    <ele>9.2</ele>
    <time>2025-10-28T15:27:57Z</time>
   </trkpt>
   <trkpt lat="22.5267380" lon="88.3462480">
    <ele>9.2</ele>
    <time>2025-10-28T15:27:58Z</time>
   </trkpt>
   <trkpt lat="22.5267430" lon="88.3462420">
    <ele>9.2</ele>
    <time>2025-10-28T15:27:59Z</time>
   </trkpt>
   <trkpt lat="22.5267690" lon="88.3462280">
    <ele>9.2</ele>
    <time>2025-10-28T15:28:00Z</time>
   </trkpt>
   <trkpt lat="22.5267760" lon="88.3462240">
    <ele>9.2</ele>
    <time>2025-10-28T15:28:01Z</time>
   </trkpt>
   <trkpt lat="22.5268000" lon="88.3462110">
    <ele>9.2</ele>
    <time>2025-10-28T15:28:02Z</time>
   </trkpt>
   <trkpt lat="22.5268130" lon="88.3462080">
    <ele>9.2</ele>
    <time>2025-10-28T15:28:03Z</time>
   </trkpt>
   <trkpt lat="22.5268270" lon="88.3462010">
    <ele>9.2</ele>
    <time>2025-10-28T15:28:04Z</time>
   </trkpt>
   <trkpt lat="22.5268390" lon="88.3461900">
    <ele>9.2</ele>
    <time>2025-10-28T15:28:05Z</time>
   </trkpt>
   <trkpt lat="22.5268470" lon="88.3461860">
    <ele>9.2</ele>
    <time>2025-10-28T15:28:06Z</time>
   </trkpt>
   <trkpt lat="22.5268690" lon="88.3461800">
    <ele>9.2</ele>
    <time>2025-10-28T15:28:07Z</time>
   </trkpt>
   <trkpt lat="22.5268850" lon="88.3461640">
    <ele>9.1</ele>
    <time>2025-10-28T15:28:08Z</time>
   </trkpt>
   <trkpt lat="22.5268930" lon="88.3461590">
    <ele>9.1</ele>
    <time>2025-10-28T15:28:09Z</time>
   </trkpt>
   <trkpt lat="22.5269070" lon="88.3461490">
    <ele>9.1</ele>
    <time>2025-10-28T15:28:10Z</time>
   </trkpt>
   <trkpt lat="22.5269210" lon="88.3461460">
    <ele>9.1</ele>
    <time>2025-10-28T15:28:11Z</time>
   </trkpt>
   <trkpt lat="22.5269360" lon="88.3461350">
    <ele>9.1</ele>
    <time>2025-10-28T15:28:12Z</time>
   </trkpt>
   <trkpt lat="22.5269450" lon="88.3461280">
    <ele>9.1</ele>
    <time>2025-10-28T15:28:13Z</time>
   </trkpt>
   <trkpt lat="22.5269560" lon="88.3461280">
    <ele>9.1</ele>
    <time>2025-10-28T15:28:14Z</time>
   </trkpt>
   <trkpt lat="22.5269660" lon="88.3461190">
    <ele>9.1</ele>
    <time>2025-10-28T15:28:15Z</time>
   </trkpt>
   <trkpt lat="22.5269740" lon="88.3461120">
    <ele>9.1</ele>
    <time>2025-10-28T15:28:16Z</time>
   </trkpt>
   <trkpt lat="22.5269850" lon="88.3461030">
    <ele>9.1</ele>
    <time>2025-10-28T15:28:17Z</time>
   </trkpt>
   <trkpt lat="22.5269970" lon="88.3461030">
    <ele>9.1</ele>
    <time>2025-10-28T15:28:18Z</time>
   </trkpt>
   <trkpt lat="22.5270070" lon="88.3460980">
    <ele>9.1</ele>
    <time>2025-10-28T15:28:19Z</time>
   </trkpt>
   <trkpt lat="22.5270180" lon="88.3460930">
    <ele>9.1</ele>
    <time>2025-10-28T15:28:20Z</time>
   </trkpt>
   <trkpt lat="22.5270340" lon="88.3460940">
    <ele>9.1</ele>
    <time>2025-10-28T15:28:21Z</time>
   </trkpt>
   <trkpt lat="22.5270550" lon="88.3461120">
    <ele>9.1</ele>
    <time>2025-10-28T15:28:22Z</time>
   </trkpt>
   <trkpt lat="22.5270620" lon="88.3461230">
    <ele>9.0</ele>
    <time>2025-10-28T15:28:23Z</time>
   </trkpt>
   <trkpt lat="22.5270810" lon="88.3461320">
    <ele>9.0</ele>
    <time>2025-10-28T15:28:24Z</time>
   </trkpt>
   <trkpt lat="22.5270920" lon="88.3461340">
    <ele>9.0</ele>
    <time>2025-10-28T15:28:25Z</time>
   </trkpt>
   <trkpt lat="22.5271040" lon="88.3461410">
    <ele>9.0</ele>
    <time>2025-10-28T15:28:26Z</time>
   </trkpt>
   <trkpt lat="22.5271120" lon="88.3461420">
    <ele>9.0</ele>
    <time>2025-10-28T15:28:27Z</time>
   </trkpt>
   <trkpt lat="22.5271200" lon="88.3461450">
    <ele>9.0</ele>
    <time>2025-10-28T15:28:28Z</time>
   </trkpt>
   <trkpt lat="22.5271340" lon="88.3461420">
    <ele>9.0</ele>
    <time>2025-10-28T15:28:29Z</time>
   </trkpt>
   <trkpt lat="22.5271420" lon="88.3461440">
    <ele>9.0</ele>
    <time>2025-10-28T15:28:30Z</time>
   </trkpt>
   <trkpt lat="22.5271570" lon="88.3461380">
    <ele>9.0</ele>
    <time>2025-10-28T15:28:32Z</time>
   </trkpt>
   <trkpt lat="22.5271720" lon="88.3461310">
    <ele>9.0</ele>
    <time>2025-10-28T15:28:33Z</time>
   </trkpt>
   <trkpt lat="22.5271860" lon="88.3461230">
    <ele>9.0</ele>
    <time>2025-10-28T15:28:34Z</time>
   </trkpt>
   <trkpt lat="22.5271970" lon="88.3461160">
    <ele>9.0</ele>
    <time>2025-10-28T15:28:35Z</time>
   </trkpt>
   <trkpt lat="22.5272050" lon="88.3461130">
    <ele>9.0</ele>
    <time>2025-10-28T15:28:36Z</time>
   </trkpt>
   <trkpt lat="22.5272170" lon="88.3461110">
    <ele>9.0</ele>
    <time>2025-10-28T15:28:37Z</time>
   </trkpt>
   <trkpt lat="22.5272450" lon="88.3461080">
    <ele>9.0</ele>
    <time>2025-10-28T15:28:38Z</time>
   </trkpt>
   <trkpt lat="22.5272630" lon="88.3461040">
    <ele>9.0</ele>
    <time>2025-10-28T15:28:39Z</time>
   </trkpt>
   <trkpt lat="22.5272800" lon="88.3461010">
    <ele>9.0</ele>
    <time>2025-10-28T15:28:40Z</time>
   </trkpt>
   <trkpt lat="22.5272860" lon="88.3460990">
    <ele>9.0</ele>
    <time>2025-10-28T15:28:41Z</time>
   </trkpt>
   <trkpt lat="22.5272990" lon="88.3460950">
    <ele>9.0</ele>
    <time>2025-10-28T15:28:42Z</time>
   </trkpt>
   <trkpt lat="22.5273120" lon="88.3460930">
    <ele>9.0</ele>
    <time>2025-10-28T15:28:43Z</time>
   </trkpt>
   <trkpt lat="22.5273420" lon="88.3460720">
    <ele>9.0</ele>
    <time>2025-10-28T15:28:44Z</time>
   </trkpt>
   <trkpt lat="22.5273510" lon="88.3460640">
    <ele>9.0</ele>
    <time>2025-10-28T15:28:45Z</time>
   </trkpt>
   <trkpt lat="22.5273560" lon="88.3460530">
    <ele>9.0</ele>
    <time>2025-10-28T15:28:46Z</time>
   </trkpt>
   <trkpt lat="22.5273690" lon="88.3460510">
    <ele>9.0</ele>
    <time>2025-10-28T15:28:47Z</time>
   </trkpt>
   <trkpt lat="22.5273820" lon="88.3460480">
    <ele>9.0</ele>
    <time>2025-10-28T15:28:48Z</time>
   </trkpt>
   <trkpt lat="22.5274060" lon="88.3460220">
    <ele>9.1</ele>
    <time>2025-10-28T15:28:49Z</time>
   </trkpt>
   <trkpt lat="22.5274120" lon="88.3460120">
    <ele>9.1</ele>
    <time>2025-10-28T15:28:50Z</time>
   </trkpt>
   <trkpt lat="22.5274320" lon="88.3459920">
    <ele>9.1</ele>
    <time>2025-10-28T15:28:51Z</time>
   </trkpt>
   <trkpt lat="22.5274340" lon="88.3459740">
    <ele>9.1</ele>
    <time>2025-10-28T15:28:52Z</time>
   </trkpt>
   <trkpt lat="22.5274540" lon="88.3459630">
    <ele>9.1</ele>
    <time>2025-10-28T15:28:53Z</time>
   </trkpt>
   <trkpt lat="22.5274830" lon="88.3459520">
    <ele>9.1</ele>
    <time>2025-10-28T15:28:54Z</time>
   </trkpt>
   <trkpt lat="22.5274930" lon="88.3459490">
    <ele>9.1</ele>
    <time>2025-10-28T15:28:55Z</time>
   </trkpt>
   <trkpt lat="22.5275150" lon="88.3459370">
    <ele>9.1</ele>
    <time>2025-10-28T15:28:56Z</time>
   </trkpt>
   <trkpt lat="22.5275210" lon="88.3459340">
    <ele>9.1</ele>
    <time>2025-10-28T15:28:57Z</time>
   </trkpt>
   <trkpt lat="22.5275270" lon="88.3459320">
    <ele>9.1</ele>
    <time>2025-10-28T15:28:58Z</time>
   </trkpt>
   <trkpt lat="22.5275710" lon="88.3459210">
    <ele>9.1</ele>
    <time>2025-10-28T15:28:59Z</time>
   </trkpt>
   <trkpt lat="22.5275910" lon="88.3459450">
    <ele>9.1</ele>
    <time>2025-10-28T15:29:00Z</time>
   </trkpt>
   <trkpt lat="22.5276130" lon="88.3459490">
    <ele>9.1</ele>
    <time>2025-10-28T15:29:01Z</time>
   </trkpt>
   <trkpt lat="22.5276210" lon="88.3459520">
    <ele>9.1</ele>
    <time>2025-10-28T15:29:02Z</time>
   </trkpt>
   <trkpt lat="22.5276290" lon="88.3459560">
    <ele>9.1</ele>
    <time>2025-10-28T15:29:03Z</time>
   </trkpt>
   <trkpt lat="22.5276570" lon="88.3459560">
    <ele>9.1</ele>
    <time>2025-10-28T15:29:04Z</time>
   </trkpt>
   <trkpt lat="22.5276660" lon="88.3459530">
    <ele>9.1</ele>
    <time>2025-10-28T15:29:05Z</time>
   </trkpt>
   <trkpt lat="22.5276830" lon="88.3459610">
    <ele>9.1</ele>
    <time>2025-10-28T15:29:06Z</time>
   </trkpt>
   <trkpt lat="22.5276900" lon="88.3459640">
    <ele>9.1</ele>
    <time>2025-10-28T15:29:07Z</time>
   </trkpt>
   <trkpt lat="22.5276970" lon="88.3459680">
    <ele>9.1</ele>
    <time>2025-10-28T15:29:08Z</time>
   </trkpt>
   <trkpt lat="22.5277040" lon="88.3459710">
    <ele>9.1</ele>
    <time>2025-10-28T15:29:09Z</time>
   </trkpt>
   <trkpt lat="22.5277140" lon="88.3459800">
    <ele>9.1</ele>
    <time>2025-10-28T15:29:10Z</time>
   </trkpt>
   <trkpt lat="22.5277270" lon="88.3459810">
    <ele>9.1</ele>
    <time>2025-10-28T15:29:11Z</time>
   </trkpt>
   <trkpt lat="22.5277340" lon="88.3459740">
    <ele>9.1</ele>
    <time>2025-10-28T15:29:12Z</time>
   </trkpt>
   <trkpt lat="22.5277370" lon="88.3459730">
    <ele>9.1</ele>
    <time>2025-10-28T15:29:13Z</time>
   </trkpt>
   <trkpt lat="22.5277530" lon="88.3459640">
    <ele>9.1</ele>
    <time>2025-10-28T15:29:14Z</time>
   </trkpt>
   <trkpt lat="22.5277630" lon="88.3459560">
    <ele>9.1</ele>
    <time>2025-10-28T15:29:15Z</time>
   </trkpt>
   <trkpt lat="22.5277910" lon="88.3459480">
    <ele>9.1</ele>
    <time>2025-10-28T15:29:16Z</time>
   </trkpt>
   <trkpt lat="22.5277990" lon="88.3459430">
    <ele>9.1</ele>
    <time>2025-10-28T15:29:17Z</time>
   </trkpt>
   <trkpt lat="22.5278110" lon="88.3459330">
    <ele>9.1</ele>
    <time>2025-10-28T15:29:18Z</time>
   </trkpt>
   <trkpt lat="22.5278190" lon="88.3459270">
    <ele>9.2</ele>
    <time>2025-10-28T15:29:19Z</time>
   </trkpt>
   <trkpt lat="22.5278290" lon="88.3459250">
    <ele>9.2</ele>
    <time>2025-10-28T15:29:20Z</time>
   </trkpt>
   <trkpt lat="22.5278540" lon="88.3459230">
    <ele>9.2</ele>
    <time>2025-10-28T15:29:21Z</time>
   </trkpt>
   <trkpt lat="22.5278610" lon="88.3459220">
    <ele>9.2</ele>
    <time>2025-10-28T15:29:22Z</time>
   </trkpt>
   <trkpt lat="22.5278690" lon="88.3459210">
    <ele>9.2</ele>
    <time>2025-10-28T15:29:23Z</time>
   </trkpt>
   <trkpt lat="22.5278990" lon="88.3459000">
    <ele>9.2</ele>
    <time>2025-10-28T15:29:24Z</time>
   </trkpt>
   <trkpt lat="22.5279070" lon="88.3458970">
    <ele>9.2</ele>
    <time>2025-10-28T15:29:25Z</time>
   </trkpt>
   <trkpt lat="22.5279070" lon="88.3458970">
    <ele>9.2</ele>
    <time>2025-10-28T15:29:26Z</time>
   </trkpt>
   <trkpt lat="22.5279100" lon="88.3458980">
    <ele>9.2</ele>
    <time>2025-10-28T15:29:27Z</time>
   </trkpt>
   <trkpt lat="22.5279140" lon="88.3458980">
    <ele>9.2</ele>
    <time>2025-10-28T15:29:28Z</time>
   </trkpt>
   <trkpt lat="22.5279330" lon="88.3458940">
    <ele>9.2</ele>
    <time>2025-10-28T15:29:29Z</time>
   </trkpt>
   <trkpt lat="22.5279430" lon="88.3458960">
    <ele>9.2</ele>
    <time>2025-10-28T15:29:30Z</time>
   </trkpt>
   <trkpt lat="22.5279740" lon="88.3458860">
    <ele>9.2</ele>
    <time>2025-10-28T15:29:31Z</time>
   </trkpt>
   <trkpt lat="22.5279860" lon="88.3458790">
    <ele>9.2</ele>
    <time>2025-10-28T15:29:32Z</time>
   </trkpt>
   <trkpt lat="22.5280090" lon="88.3458660">
    <ele>9.3</ele>
    <time>2025-10-28T15:29:33Z</time>
   </trkpt>
   <trkpt lat="22.5280200" lon="88.3458560">
    <ele>9.3</ele>
    <time>2025-10-28T15:29:34Z</time>
   </trkpt>
   <trkpt lat="22.5280310" lon="88.3458360">
    <ele>9.3</ele>
    <time>2025-10-28T15:29:35Z</time>
   </trkpt>
   <trkpt lat="22.5280430" lon="88.3458270">
    <ele>9.3</ele>
    <time>2025-10-28T15:29:36Z</time>
   </trkpt>
   <trkpt lat="22.5280690" lon="88.3458140">
    <ele>9.3</ele>
    <time>2025-10-28T15:29:37Z</time>
   </trkpt>
   <trkpt lat="22.5280760" lon="88.3458090">
    <ele>9.3</ele>
    <time>2025-10-28T15:29:38Z</time>
   </trkpt>
   <trkpt lat="22.5280960" lon="88.3458090">
    <ele>9.3</ele>
    <time>2025-10-28T15:29:39Z</time>
   </trkpt>
   <trkpt lat="22.5281050" lon="88.3458190">
    <ele>9.3</ele>
    <time>2025-10-28T15:29:40Z</time>
   </trkpt>
   <trkpt lat="22.5281140" lon="88.3458290">
    <ele>9.3</ele>
    <time>2025-10-28T15:29:41Z</time>
   </trkpt>
   <trkpt lat="22.5281260" lon="88.3458280">
    <ele>9.3</ele>
    <time>2025-10-28T15:29:42Z</time>
   </trkpt>
   <trkpt lat="22.5281430" lon="88.3458240">
    <ele>9.4</ele>
    <time>2025-10-28T15:29:43Z</time>
   </trkpt>
   <trkpt lat="22.5281590" lon="88.3458330">
    <ele>9.4</ele>
    <time>2025-10-28T15:29:44Z</time>
   </trkpt>
   <trkpt lat="22.5281660" lon="88.3458400">
    <ele>9.4</ele>
    <time>2025-10-28T15:29:45Z</time>
   </trkpt>
   <trkpt lat="22.5281720" lon="88.3458480">
    <ele>9.4</ele>
    <time>2025-10-28T15:29:46Z</time>
   </trkpt>
   <trkpt lat="22.5281880" lon="88.3458430">
    <ele>9.4</ele>
    <time>2025-10-28T15:29:47Z</time>
   </trkpt>
   <trkpt lat="22.5281960" lon="88.3458410">
    <ele>9.4</ele>
    <time>2025-10-28T15:29:48Z</time>
   </trkpt>
   <trkpt lat="22.5282080" lon="88.3458420">
    <ele>9.4</ele>
    <time>2025-10-28T15:29:49Z</time>
   </trkpt>
   <trkpt lat="22.5282130" lon="88.3458420">
    <ele>9.4</ele>
    <time>2025-10-28T15:29:50Z</time>
   </trkpt>
   <trkpt lat="22.5282260" lon="88.3458420">
    <ele>9.4</ele>
    <time>2025-10-28T15:29:51Z</time>
   </trkpt>
   <trkpt lat="22.5282390" lon="88.3458460">
    <ele>9.4</ele>
    <time>2025-10-28T15:29:52Z</time>
   </trkpt>
   <trkpt lat="22.5282530" lon="88.3458470">
    <ele>9.4</ele>
    <time>2025-10-28T15:29:53Z</time>
   </trkpt>
   <trkpt lat="22.5282640" lon="88.3458500">
    <ele>9.4</ele>
    <time>2025-10-28T15:29:54Z</time>
   </trkpt>
   <trkpt lat="22.5282720" lon="88.3458460">
    <ele>9.4</ele>
    <time>2025-10-28T15:29:55Z</time>
   </trkpt>
   <trkpt lat="22.5283050" lon="88.3458340">
    <ele>9.4</ele>
    <time>2025-10-28T15:29:56Z</time>
   </trkpt>
   <trkpt lat="22.5283320" lon="88.3458190">
    <ele>9.5</ele>
    <time>2025-10-28T15:29:57Z</time>
   </trkpt>
   <trkpt lat="22.5283410" lon="88.3458110">
    <ele>9.5</ele>
    <time>2025-10-28T15:29:58Z</time>
   </trkpt>
   <trkpt lat="22.5283500" lon="88.3458010">
    <ele>9.5</ele>
    <time>2025-10-28T15:29:59Z</time>
   </trkpt>
   <trkpt lat="22.5283770" lon="88.3458030">
    <ele>9.5</ele>
    <time>2025-10-28T15:30:00Z</time>
   </trkpt>
   <trkpt lat="22.5284010" lon="88.3457800">
    <ele>9.5</ele>
    <time>2025-10-28T15:30:01Z</time>
   </trkpt>
   <trkpt lat="22.5284110" lon="88.3457730">
    <ele>9.5</ele>
    <time>2025-10-28T15:30:02Z</time>
   </trkpt>
   <trkpt lat="22.5284310" lon="88.3457650">
    <ele>9.5</ele>
    <time>2025-10-28T15:30:03Z</time>
   </trkpt>
   <trkpt lat="22.5284390" lon="88.3457490">
    <ele>9.5</ele>
    <time>2025-10-28T15:30:04Z</time>
   </trkpt>
   <trkpt lat="22.5284590" lon="88.3457330">
    <ele>9.5</ele>
    <time>2025-10-28T15:30:05Z</time>
   </trkpt>
   <trkpt lat="22.5284690" lon="88.3457240">
    <ele>9.5</ele>
    <time>2025-10-28T15:30:06Z</time>
   </trkpt>
   <trkpt lat="22.5284800" lon="88.3457150">
    <ele>9.5</ele>
    <time>2025-10-28T15:30:07Z</time>
   </trkpt>
   <trkpt lat="22.5285100" lon="88.3457090">
    <ele>9.5</ele>
    <time>2025-10-28T15:30:08Z</time>
   </trkpt>
   <trkpt lat="22.5285390" lon="88.3457020">
    <ele>9.5</ele>
    <time>2025-10-28T15:30:09Z</time>
   </trkpt>
   <trkpt lat="22.5285490" lon="88.3457010">
    <ele>9.5</ele>
    <time>2025-10-28T15:30:10Z</time>
   </trkpt>
   <trkpt lat="22.5285640" lon="88.3457130">
    <ele>9.5</ele>
    <time>2025-10-28T15:30:11Z</time>
   </trkpt>
   <trkpt lat="22.5285710" lon="88.3457160">
    <ele>9.5</ele>
    <time>2025-10-28T15:30:12Z</time>
   </trkpt>
   <trkpt lat="22.5285750" lon="88.3457200">
    <ele>9.5</ele>
    <time>2025-10-28T15:30:13Z</time>
   </trkpt>
   <trkpt lat="22.5285900" lon="88.3457260">
    <ele>9.5</ele>
    <time>2025-10-28T15:30:14Z</time>
   </trkpt>
   <trkpt lat="22.5286040" lon="88.3457270">
    <ele>9.5</ele>
    <time>2025-10-28T15:30:15Z</time>
   </trkpt>
   <trkpt lat="22.5286040" lon="88.3457250">
    <ele>9.5</ele>
    <time>2025-10-28T15:30:16Z</time>
   </trkpt>
   <trkpt lat="22.5286220" lon="88.3457200">
    <ele>9.5</ele>
    <time>2025-10-28T15:30:17Z</time>
   </trkpt>
   <trkpt lat="22.5286300" lon="88.3457050">
    <ele>9.5</ele>
    <time>2025-10-28T15:30:18Z</time>
   </trkpt>
   <trkpt lat="22.5286420" lon="88.3456940">
    <ele>9.5</ele>
    <time>2025-10-28T15:30:19Z</time>
   </trkpt>
   <trkpt lat="22.5286500" lon="88.3456850">
    <ele>9.5</ele>
    <time>2025-10-28T15:30:20Z</time>
   </trkpt>
   <trkpt lat="22.5286780" lon="88.3456620">
    <ele>9.5</ele>
    <time>2025-10-28T15:30:21Z</time>
   </trkpt>
   <trkpt lat="22.5286840" lon="88.3456560">
    <ele>9.5</ele>
    <time>2025-10-28T15:30:22Z</time>
   </trkpt>
   <trkpt lat="22.5287090" lon="88.3456460">
    <ele>9.5</ele>
    <time>2025-10-28T15:30:23Z</time>
   </trkpt>
   <trkpt lat="22.5287200" lon="88.3456400">
    <ele>9.5</ele>
    <time>2025-10-28T15:30:24Z</time>
   </trkpt>
   <trkpt lat="22.5287400" lon="88.3456340">
    <ele>9.5</ele>
    <time>2025-10-28T15:30:25Z</time>
   </trkpt>
   <trkpt lat="22.5287470" lon="88.3456280">
    <ele>9.5</ele>
    <time>2025-10-28T15:30:26Z</time>
   </trkpt>
   <trkpt lat="22.5287550" lon="88.3456230">
    <ele>9.5</ele>
    <time>2025-10-28T15:30:27Z</time>
   </trkpt>
   <trkpt lat="22.5287810" lon="88.3456080">
    <ele>9.5</ele>
    <time>2025-10-28T15:30:28Z</time>
   </trkpt>
   <trkpt lat="22.5287900" lon="88.3456050">
    <ele>9.5</ele>
    <time>2025-10-28T15:30:29Z</time>
   </trkpt>
   <trkpt lat="22.5288000" lon="88.3455940">
    <ele>9.5</ele>
    <time>2025-10-28T15:30:30Z</time>
   </trkpt>
   <trkpt lat="22.5288070" lon="88.3456080">
    <ele>9.5</ele>
    <time>2025-10-28T15:30:31Z</time>
   </trkpt>
   <trkpt lat="22.5288070" lon="88.3456070">
    <ele>9.5</ele>
    <time>2025-10-28T15:30:32Z</time>
   </trkpt>
   <trkpt lat="22.5288230" lon="88.3455970">
    <ele>9.6</ele>
    <time>2025-10-28T15:30:33Z</time>
   </trkpt>
   <trkpt lat="22.5288390" lon="88.3455840">
    <ele>9.6</ele>
    <time>2025-10-28T15:30:34Z</time>
   </trkpt>
   <trkpt lat="22.5288490" lon="88.3455780">
    <ele>9.6</ele>
    <time>2025-10-28T15:30:35Z</time>
   </trkpt>
   <trkpt lat="22.5288560" lon="88.3455790">
    <ele>9.6</ele>
    <time>2025-10-28T15:30:36Z</time>
   </trkpt>
   <trkpt lat="22.5288670" lon="88.3455700">
    <ele>9.6</ele>
    <time>2025-10-28T15:30:38Z</time>
   </trkpt>
   <trkpt lat="22.5288780" lon="88.3455620">
    <ele>9.6</ele>
    <time>2025-10-28T15:30:39Z</time>
   </trkpt>
   <trkpt lat="22.5288940" lon="88.3455640">
    <ele>9.6</ele>
    <time>2025-10-28T15:30:40Z</time>
   </trkpt>
   <trkpt lat="22.5289050" lon="88.3455620">
    <ele>9.6</ele>
    <time>2025-10-28T15:30:41Z</time>
   </trkpt>
   <trkpt lat="22.5289150" lon="88.3455600">
    <ele>9.6</ele>
    <time>2025-10-28T15:30:42Z</time>
   </trkpt>
   <trkpt lat="22.5289440" lon="88.3455640">
    <ele>9.6</ele>
    <time>2025-10-28T15:30:43Z</time>
   </trkpt>
   <trkpt lat="22.5289530" lon="88.3455690">
    <ele>9.6</ele>
    <time>2025-10-28T15:30:44Z</time>
   </trkpt>
   <trkpt lat="22.5289660" lon="88.3455730">
    <ele>9.6</ele>
    <time>2025-10-28T15:30:45Z</time>
   </trkpt>
   <trkpt lat="22.5289820" lon="88.3455740">
    <ele>9.6</ele>
    <time>2025-10-28T15:30:46Z</time>
   </trkpt>
   <trkpt lat="22.5289960" lon="88.3455810">
    <ele>9.6</ele>
    <time>2025-10-28T15:30:47Z</time>
   </trkpt>
   <trkpt lat="22.5290030" lon="88.3455680">
    <ele>9.6</ele>
    <time>2025-10-28T15:30:48Z</time>
   </trkpt>
   <trkpt lat="22.5290100" lon="88.3455600">
    <ele>9.6</ele>
    <time>2025-10-28T15:30:49Z</time>
   </trkpt>
   <trkpt lat="22.5290110" lon="88.3455510">
    <ele>9.6</ele>
    <time>2025-10-28T15:30:50Z</time>
   </trkpt>
   <trkpt lat="22.5290230" lon="88.3455480">
    <ele>9.6</ele>
    <time>2025-10-28T15:30:51Z</time>
   </trkpt>
   <trkpt lat="22.5290420" lon="88.3455480">
    <ele>9.6</ele>
    <time>2025-10-28T15:30:52Z</time>
   </trkpt>
   <trkpt lat="22.5290610" lon="88.3455520">
    <ele>9.7</ele>
    <time>2025-10-28T15:30:53Z</time>
   </trkpt>
   <trkpt lat="22.5290760" lon="88.3455560">
    <ele>9.7</ele>
    <time>2025-10-28T15:30:54Z</time>
   </trkpt>
   <trkpt lat="22.5291040" lon="88.3455530">
    <ele>9.7</ele>
    <time>2025-10-28T15:30:55Z</time>
   </trkpt>
   <trkpt lat="22.5291150" lon="88.3455520">
    <ele>9.7</ele>
    <time>2025-10-28T15:30:56Z</time>
   </trkpt>
   <trkpt lat="22.5291340" lon="88.3455630">
    <ele>9.7</ele>
    <time>2025-10-28T15:30:57Z</time>
   </trkpt>
   <trkpt lat="22.5291420" lon="88.3455670">
    <ele>9.7</ele>
    <time>2025-10-28T15:30:58Z</time>
   </trkpt>
   <trkpt lat="22.5291490" lon="88.3455710">
    <ele>9.7</ele>
    <time>2025-10-28T15:30:59Z</time>
   </trkpt>
   <trkpt lat="22.5291630" lon="88.3455860">
    <ele>9.7</ele>
    <time>2025-10-28T15:31:00Z</time>
   </trkpt>
   <trkpt lat="22.5291680" lon="88.3455940">
    <ele>9.7</ele>
    <time>2025-10-28T15:31:01Z</time>
   </trkpt>
   <trkpt lat="22.5291730" lon="88.3456020">
    <ele>9.7</ele>
    <time>2025-10-28T15:31:02Z</time>
   </trkpt>
   <trkpt lat="22.5291770" lon="88.3456110">
    <ele>9.7</ele>
    <time>2025-10-28T15:31:03Z</time>
   </trkpt>
   <trkpt lat="22.5291820" lon="88.3456250">
    <ele>9.7</ele>
    <time>2025-10-28T15:31:04Z</time>
   </trkpt>
   <trkpt lat="22.5291790" lon="88.3456320">
    <ele>9.7</ele>
    <time>2025-10-28T15:31:05Z</time>
   </trkpt>
   <trkpt lat="22.5291790" lon="88.3456400">
    <ele>9.7</ele>
    <time>2025-10-28T15:31:06Z</time>
   </trkpt>
   <trkpt lat="22.5291780" lon="88.3456440">
    <ele>9.7</ele>
    <time>2025-10-28T15:31:07Z</time>
   </trkpt>
   <trkpt lat="22.5291790" lon="88.3456490">
    <ele>9.7</ele>
    <time>2025-10-28T15:31:08Z</time>
   </trkpt>
   <trkpt lat="22.5291800" lon="88.3456560">
    <ele>9.7</ele>
    <time>2025-10-28T15:31:09Z</time>
   </trkpt>
   <trkpt lat="22.5291870" lon="88.3456680">
    <ele>9.8</ele>
    <time>2025-10-28T15:31:10Z</time>
   </trkpt>
   <trkpt lat="22.5291960" lon="88.3456680">
    <ele>9.8</ele>
    <time>2025-10-28T15:31:11Z</time>
   </trkpt>
   <trkpt lat="22.5291880" lon="88.3456580">
    <ele>9.8</ele>
    <time>2025-10-28T15:31:12Z</time>
   </trkpt>
   <trkpt lat="22.5291880" lon="88.3456530">
    <ele>9.8</ele>
    <time>2025-10-28T15:31:13Z</time>
   </trkpt>
   <trkpt lat="22.5291950" lon="88.3456400">
    <ele>9.8</ele>
    <time>2025-10-28T15:31:14Z</time>
   </trkpt>
   <trkpt lat="22.5292070" lon="88.3456320">
    <ele>9.8</ele>
    <time>2025-10-28T15:31:15Z</time>
   </trkpt>
   <trkpt lat="22.5292180" lon="88.3456190">
    <ele>9.8</ele>
    <time>2025-10-28T15:31:16Z</time>
   </trkpt>
   <trkpt lat="22.5292270" lon="88.3455900">
    <ele>9.8</ele>
    <time>2025-10-28T15:31:17Z</time>
   </trkpt>
   <trkpt lat="22.5292440" lon="88.3455800">
    <ele>9.8</ele>
    <time>2025-10-28T15:31:18Z</time>
   </trkpt>
   <trkpt lat="22.5292590" lon="88.3455740">
    <ele>9.8</ele>
    <time>2025-10-28T15:31:19Z</time>
   </trkpt>
   <trkpt lat="22.5292810" lon="88.3455620">
    <ele>9.8</ele>
    <time>2025-10-28T15:31:20Z</time>
   </trkpt>
   <trkpt lat="22.5292880" lon="88.3455610">
    <ele>9.8</ele>
    <time>2025-10-28T15:31:21Z</time>
   </trkpt>
   <trkpt lat="22.5292960" lon="88.3455590">
    <ele>9.8</ele>
    <time>2025-10-28T15:31:22Z</time>
   </trkpt>
   <trkpt lat="22.5293260" lon="88.3455610">
    <ele>9.8</ele>
    <time>2025-10-28T15:31:23Z</time>
   </trkpt>
   <trkpt lat="22.5293340" lon="88.3455620">
    <ele>9.8</ele>
    <time>2025-10-28T15:31:24Z</time>
   </trkpt>
   <trkpt lat="22.5293460" lon="88.3455610">
    <ele>9.8</ele>
    <time>2025-10-28T15:31:25Z</time>
   </trkpt>
   <trkpt lat="22.5293640" lon="88.3455590">
    <ele>9.8</ele>
    <time>2025-10-28T15:31:26Z</time>
   </trkpt>
   <trkpt lat="22.5293840" lon="88.3455600">
    <ele>9.8</ele>
    <time>2025-10-28T15:31:27Z</time>
   </trkpt>
   <trkpt lat="22.5293860" lon="88.3455590">
    <ele>9.8</ele>
    <time>2025-10-28T15:31:28Z</time>
   </trkpt>
   <trkpt lat="22.5293980" lon="88.3455570">
    <ele>9.8</ele>
    <time>2025-10-28T15:31:29Z</time>
   </trkpt>
   <trkpt lat="22.5294120" lon="88.3455610">
    <ele>9.9</ele>
    <time>2025-10-28T15:31:30Z</time>
   </trkpt>
   <trkpt lat="22.5294200" lon="88.3455760">
    <ele>9.9</ele>
    <time>2025-10-28T15:31:31Z</time>
   </trkpt>
   <trkpt lat="22.5294490" lon="88.3455850">
    <ele>9.9</ele>
    <time>2025-10-28T15:31:32Z</time>
   </trkpt>
   <trkpt lat="22.5294560" lon="88.3455880">
    <ele>9.9</ele>
    <time>2025-10-28T15:31:33Z</time>
   </trkpt>
   <trkpt lat="22.5294720" lon="88.3455890">
    <ele>9.9</ele>
    <time>2025-10-28T15:31:34Z</time>
   </trkpt>
   <trkpt lat="22.5295050" lon="88.3455870">
    <ele>9.9</ele>
    <time>2025-10-28T15:31:35Z</time>
   </trkpt>
   <trkpt lat="22.5295260" lon="88.3455890">
    <ele>9.9</ele>
    <time>2025-10-28T15:31:36Z</time>
   </trkpt>
   <trkpt lat="22.5295360" lon="88.3455950">
    <ele>9.9</ele>
    <time>2025-10-28T15:31:37Z</time>
   </trkpt>
   <trkpt lat="22.5295460" lon="88.3455970">
    <ele>9.8</ele>
    <time>2025-10-28T15:31:38Z</time>
   </trkpt>
   <trkpt lat="22.5295580" lon="88.3456030">
    <ele>9.8</ele>
    <time>2025-10-28T15:31:39Z</time>
   </trkpt>
   <trkpt lat="22.5295640" lon="88.3455940">
    <ele>9.8</ele>
    <time>2025-10-28T15:31:40Z</time>
   </trkpt>
   <trkpt lat="22.5295980" lon="88.3455960">
    <ele>9.8</ele>
    <time>2025-10-28T15:31:41Z</time>
   </trkpt>
   <trkpt lat="22.5296080" lon="88.3456000">
    <ele>9.8</ele>
    <time>2025-10-28T15:31:42Z</time>
   </trkpt>
   <trkpt lat="22.5296120" lon="88.3456020">
    <ele>9.8</ele>
    <time>2025-10-28T15:31:43Z</time>
   </trkpt>
   <trkpt lat="22.5296150" lon="88.3456070">
    <ele>9.8</ele>
    <time>2025-10-28T15:31:44Z</time>
   </trkpt>
   <trkpt lat="22.5296190" lon="88.3456080">
    <ele>9.8</ele>
    <time>2025-10-28T15:31:45Z</time>
   </trkpt>
   <trkpt lat="22.5296390" lon="88.3456060">
    <ele>9.8</ele>
    <time>2025-10-28T15:31:46Z</time>
   </trkpt>
   <trkpt lat="22.5296620" lon="88.3456060">
    <ele>9.8</ele>
    <time>2025-10-28T15:31:47Z</time>
   </trkpt>
   <trkpt lat="22.5296690" lon="88.3456080">
    <ele>9.8</ele>
    <time>2025-10-28T15:31:48Z</time>
   </trkpt>
   <trkpt lat="22.5296760" lon="88.3456090">
    <ele>9.8</ele>
    <time>2025-10-28T15:31:49Z</time>
   </trkpt>
   <trkpt lat="22.5296870" lon="88.3456110">
    <ele>9.8</ele>
    <time>2025-10-28T15:31:50Z</time>
   </trkpt>
   <trkpt lat="22.5297040" lon="88.3456020">
    <ele>9.8</ele>
    <time>2025-10-28T15:31:51Z</time>
   </trkpt>
   <trkpt lat="22.5297380" lon="88.3455930">
    <ele>9.8</ele>
    <time>2025-10-28T15:31:52Z</time>
   </trkpt>
   <trkpt lat="22.5297490" lon="88.3455910">
    <ele>9.8</ele>
    <time>2025-10-28T15:31:53Z</time>
   </trkpt>
   <trkpt lat="22.5297620" lon="88.3456020">
    <ele>9.8</ele>
    <time>2025-10-28T15:31:54Z</time>
   </trkpt>
   <trkpt lat="22.5297780" lon="88.3456110">
    <ele>9.8</ele>
    <time>2025-10-28T15:31:55Z</time>
   </trkpt>
   <trkpt lat="22.5298050" lon="88.3456190">
    <ele>9.8</ele>
    <time>2025-10-28T15:31:56Z</time>
   </trkpt>
   <trkpt lat="22.5298160" lon="88.3456270">
    <ele>9.8</ele>
    <time>2025-10-28T15:31:57Z</time>
   </trkpt>
   <trkpt lat="22.5298310" lon="88.3456330">
    <ele>9.8</ele>
    <time>2025-10-28T15:31:58Z</time>
   </trkpt>
   <trkpt lat="22.5298400" lon="88.3456320">
    <ele>9.8</ele>
    <time>2025-10-28T15:31:59Z</time>
   </trkpt>
   <trkpt lat="22.5298510" lon="88.3456310">
    <ele>9.8</ele>
    <time>2025-10-28T15:32:00Z</time>
   </trkpt>
   <trkpt lat="22.5298650" lon="88.3456260">
    <ele>9.8</ele>
    <time>2025-10-28T15:32:01Z</time>
   </trkpt>
   <trkpt lat="22.5298760" lon="88.3456190">
    <ele>9.8</ele>
    <time>2025-10-28T15:32:02Z</time>
   </trkpt>
   <trkpt lat="22.5298980" lon="88.3456150">
    <ele>9.8</ele>
    <time>2025-10-28T15:32:03Z</time>
   </trkpt>
   <trkpt lat="22.5299150" lon="88.3456150">
    <ele>9.8</ele>
    <time>2025-10-28T15:32:04Z</time>
   </trkpt>
   <trkpt lat="22.5299200" lon="88.3456180">
    <ele>9.8</ele>
    <time>2025-10-28T15:32:05Z</time>
   </trkpt>
   <trkpt lat="22.5299290" lon="88.3456240">
    <ele>9.8</ele>
    <time>2025-10-28T15:32:06Z</time>
   </trkpt>
   <trkpt lat="22.5299500" lon="88.3456240">
    <ele>9.8</ele>
    <time>2025-10-28T15:32:07Z</time>
   </trkpt>
   <trkpt lat="22.5299560" lon="88.3456230">
    <ele>9.8</ele>
    <time>2025-10-28T15:32:08Z</time>
   </trkpt>
   <trkpt lat="22.5299630" lon="88.3456220">
    <ele>9.8</ele>
    <time>2025-10-28T15:32:09Z</time>
   </trkpt>
   <trkpt lat="22.5299690" lon="88.3456210">
    <ele>9.8</ele>
    <time>2025-10-28T15:32:10Z</time>
   </trkpt>
   <trkpt lat="22.5299850" lon="88.3456100">
    <ele>9.8</ele>
    <time>2025-10-28T15:32:11Z</time>
   </trkpt>
   <trkpt lat="22.5299960" lon="88.3456090">
    <ele>9.8</ele>
    <time>2025-10-28T15:32:12Z</time>
   </trkpt>
   <trkpt lat="22.5300060" lon="88.3456070">
    <ele>9.8</ele>
    <time>2025-10-28T15:32:13Z</time>
   </trkpt>
   <trkpt lat="22.5300170" lon="88.3456050">
    <ele>9.8</ele>
    <time>2025-10-28T15:32:14Z</time>
   </trkpt>
   <trkpt lat="22.5300350" lon="88.3456010">
    <ele>9.8</ele>
    <time>2025-10-28T15:32:15Z</time>
   </trkpt>
   <trkpt lat="22.5300470" lon="88.3455990">
    <ele>9.8</ele>
    <time>2025-10-28T15:32:16Z</time>
   </trkpt>
   <trkpt lat="22.5300760" lon="88.3456010">
    <ele>9.8</ele>
    <time>2025-10-28T15:32:17Z</time>
   </trkpt>
   <trkpt lat="22.5300850" lon="88.3455960">
    <ele>9.8</ele>
    <time>2025-10-28T15:32:18Z</time>
   </trkpt>
   <trkpt lat="22.5300920" lon="88.3455980">
    <ele>9.8</ele>
    <time>2025-10-28T15:32:19Z</time>
   </trkpt>
   <trkpt lat="22.5300980" lon="88.3455960">
    <ele>9.8</ele>
    <time>2025-10-28T15:32:20Z</time>
   </trkpt>
   <trkpt lat="22.5301090" lon="88.3455860">
    <ele>9.8</ele>
    <time>2025-10-28T15:32:21Z</time>
   </trkpt>
   <trkpt lat="22.5301190" lon="88.3455940">
    <ele>9.8</ele>
    <time>2025-10-28T15:32:22Z</time>
   </trkpt>
   <trkpt lat="22.5301410" lon="88.3456180">
    <ele>9.8</ele>
    <time>2025-10-28T15:32:23Z</time>
   </trkpt>
   <trkpt lat="22.5301680" lon="88.3456420">
    <ele>9.9</ele>
    <time>2025-10-28T15:32:24Z</time>
   </trkpt>
   <trkpt lat="22.5301800" lon="88.3456500">
    <ele>9.9</ele>
    <time>2025-10-28T15:32:25Z</time>
   </trkpt>
   <trkpt lat="22.5302000" lon="88.3456560">
    <ele>9.9</ele>
    <time>2025-10-28T15:32:26Z</time>
   </trkpt>
   <trkpt lat="22.5302100" lon="88.3456590">
    <ele>9.9</ele>
    <time>2025-10-28T15:32:27Z</time>
   </trkpt>
   <trkpt lat="22.5302200" lon="88.3456620">
    <ele>9.9</ele>
    <time>2025-10-28T15:32:28Z</time>
   </trkpt>
   <trkpt lat="22.5302370" lon="88.3456660">
    <ele>9.9</ele>
    <time>2025-10-28T15:32:29Z</time>
   </trkpt>
   <trkpt lat="22.5302510" lon="88.3456650">
    <ele>9.9</ele>
    <time>2025-10-28T15:32:30Z</time>
   </trkpt>
   <trkpt lat="22.5302650" lon="88.3456790">
    <ele>9.9</ele>
    <time>2025-10-28T15:32:31Z</time>
   </trkpt>
   <trkpt lat="22.5302750" lon="88.3456840">
    <ele>9.9</ele>
    <time>2025-10-28T15:32:32Z</time>
   </trkpt>
   <trkpt lat="22.5302850" lon="88.3456900">
    <ele>9.9</ele>
    <time>2025-10-28T15:32:33Z</time>
   </trkpt>
   <trkpt lat="22.5303140" lon="88.3456960">
    <ele>9.9</ele>
    <time>2025-10-28T15:32:34Z</time>
   </trkpt>
   <trkpt lat="22.5303220" lon="88.3456990">
    <ele>9.9</ele>
    <time>2025-10-28T15:32:35Z</time>
   </trkpt>
   <trkpt lat="22.5303400" lon="88.3457020">
    <ele>9.9</ele>
    <time>2025-10-28T15:32:36Z</time>
   </trkpt>
   <trkpt lat="22.5303440" lon="88.3457050">
    <ele>9.9</ele>
    <time>2025-10-28T15:32:37Z</time>
   </trkpt>
   <trkpt lat="22.5303530" lon="88.3457020">
    <ele>9.9</ele>
    <time>2025-10-28T15:32:38Z</time>
   </trkpt>
   <trkpt lat="22.5303520" lon="88.3456840">
    <ele>9.9</ele>
    <time>2025-10-28T15:32:39Z</time>
   </trkpt>
   <trkpt lat="22.5303800" lon="88.3456790">
    <ele>9.9</ele>
    <time>2025-10-28T15:32:40Z</time>
   </trkpt>
   <trkpt lat="22.5304280" lon="88.3456760">
    <ele>9.9</ele>
    <time>2025-10-28T15:32:41Z</time>
   </trkpt>
   <trkpt lat="22.5304340" lon="88.3456810">
    <ele>9.9</ele>
    <time>2025-10-28T15:32:42Z</time>
   </trkpt>
   <trkpt lat="22.5304470" lon="88.3456740">
    <ele>9.9</ele>
    <time>2025-10-28T15:32:44Z</time>
   </trkpt>
   <trkpt lat="22.5304540" lon="88.3456600">
    <ele>9.9</ele>
    <time>2025-10-28T15:32:45Z</time>
   </trkpt>
   <trkpt lat="22.5304570" lon="88.3456540">
    <ele>9.9</ele>
    <time>2025-10-28T15:32:46Z</time>
   </trkpt>
   <trkpt lat="22.5304770" lon="88.3456410">
    <ele>9.9</ele>
    <time>2025-10-28T15:32:47Z</time>
   </trkpt>
   <trkpt lat="22.5304960" lon="88.3456470">
    <ele>9.9</ele>
    <time>2025-10-28T15:32:48Z</time>
   </trkpt>
   <trkpt lat="22.5305030" lon="88.3456510">
    <ele>9.9</ele>
    <time>2025-10-28T15:32:49Z</time>
   </trkpt>
   <trkpt lat="22.5305090" lon="88.3456560">
    <ele>9.9</ele>
    <time>2025-10-28T15:32:50Z</time>
   </trkpt>
   <trkpt lat="22.5305160" lon="88.3456610">
    <ele>9.9</ele>
    <time>2025-10-28T15:32:51Z</time>
   </trkpt>
   <trkpt lat="22.5305250" lon="88.3456610">
    <ele>9.9</ele>
    <time>2025-10-28T15:32:52Z</time>
   </trkpt>
   <trkpt lat="22.5305390" lon="88.3456640">
    <ele>9.9</ele>
    <time>2025-10-28T15:32:53Z</time>
   </trkpt>
   <trkpt lat="22.5305520" lon="88.3456700">
    <ele>9.9</ele>
    <time>2025-10-28T15:32:54Z</time>
   </trkpt>
   <trkpt lat="22.5305850" lon="88.3456780">
    <ele>9.9</ele>
    <time>2025-10-28T15:32:55Z</time>
   </trkpt>
   <trkpt lat="22.5305950" lon="88.3456840">
    <ele>9.9</ele>
    <time>2025-10-28T15:32:56Z</time>
   </trkpt>
   <trkpt lat="22.5306130" lon="88.3456910">
    <ele>9.9</ele>
    <time>2025-10-28T15:32:57Z</time>
   </trkpt>
   <trkpt lat="22.5306220" lon="88.3456970">
    <ele>9.9</ele>
    <time>2025-10-28T15:32:58Z</time>
   </trkpt>
   <trkpt lat="22.5306320" lon="88.3457030">
    <ele>9.9</ele>
    <time>2025-10-28T15:32:59Z</time>
   </trkpt>
   <trkpt lat="22.5306500" lon="88.3457010">
    <ele>9.9</ele>
    <time>2025-10-28T15:33:00Z</time>
   </trkpt>
   <trkpt lat="22.5306670" lon="88.3456960">
    <ele>9.9</ele>
    <time>2025-10-28T15:33:01Z</time>
   </trkpt>
   <trkpt lat="22.5306900" lon="88.3456990">
    <ele>9.9</ele>
    <time>2025-10-28T15:33:02Z</time>
   </trkpt>
   <trkpt lat="22.5307010" lon="88.3457010">
    <ele>9.9</ele>
    <time>2025-10-28T15:33:03Z</time>
   </trkpt>
   <trkpt lat="22.5307130" lon="88.3457030">
    <ele>9.9</ele>
    <time>2025-10-28T15:33:04Z</time>
   </trkpt>
   <trkpt lat="22.5307310" lon="88.3457060">
    <ele>9.9</ele>
    <time>2025-10-28T15:33:05Z</time>
   </trkpt>
   <trkpt lat="22.5307390" lon="88.3457080">
    <ele>9.9</ele>
    <time>2025-10-28T15:33:06Z</time>
   </trkpt>
   <trkpt lat="22.5307480" lon="88.3457100">
    <ele>9.9</ele>
    <time>2025-10-28T15:33:07Z</time>
   </trkpt>
   <trkpt lat="22.5307560" lon="88.3457120">
    <ele>9.9</ele>
    <time>2025-10-28T15:33:08Z</time>
   </trkpt>
   <trkpt lat="22.5307640" lon="88.3457100">
    <ele>9.9</ele>
    <time>2025-10-28T15:33:09Z</time>
   </trkpt>
   <trkpt lat="22.5307830" lon="88.3457140">
    <ele>9.9</ele>
    <time>2025-10-28T15:33:10Z</time>
   </trkpt>
   <trkpt lat="22.5307870" lon="88.3457130">
    <ele>9.9</ele>
    <time>2025-10-28T15:33:11Z</time>
   </trkpt>
   <trkpt lat="22.5307920" lon="88.3457080">
    <ele>9.9</ele>
    <time>2025-10-28T15:33:12Z</time>
   </trkpt>
   <trkpt lat="22.5308110" lon="88.3457090">
    <ele>9.9</ele>
    <time>2025-10-28T15:33:13Z</time>
   </trkpt>
   <trkpt lat="22.5308350" lon="88.3457140">
    <ele>9.9</ele>
    <time>2025-10-28T15:33:14Z</time>
   </trkpt>
   <trkpt lat="22.5308430" lon="88.3457130">
    <ele>9.9</ele>
    <time>2025-10-28T15:33:15Z</time>
   </trkpt>
   <trkpt lat="22.5308510" lon="88.3457130">
    <ele>9.9</ele>
    <time>2025-10-28T15:33:16Z</time>
   </trkpt>
   <trkpt lat="22.5308800" lon="88.3457100">
    <ele>9.9</ele>
    <time>2025-10-28T15:33:17Z</time>
   </trkpt>
   <trkpt lat="22.5308900" lon="88.3457020">
    <ele>9.9</ele>
    <time>2025-10-28T15:33:18Z</time>
   </trkpt>
   <trkpt lat="22.5309070" lon="88.3456960">
    <ele>9.9</ele>
    <time>2025-10-28T15:33:19Z</time>
   </trkpt>
   <trkpt lat="22.5309200" lon="88.3456970">
    <ele>9.9</ele>
    <time>2025-10-28T15:33:20Z</time>
   </trkpt>
   <trkpt lat="22.5309400" lon="88.3457020">
    <ele>9.9</ele>
    <time>2025-10-28T15:33:21Z</time>
   </trkpt>
   <trkpt lat="22.5309490" lon="88.3457130">
    <ele>9.9</ele>
    <time>2025-10-28T15:33:22Z</time>
   </trkpt>
   <trkpt lat="22.5309570" lon="88.3457090">
    <ele>9.9</ele>
    <time>2025-10-28T15:33:23Z</time>
   </trkpt>
   <trkpt lat="22.5309730" lon="88.3457110">
    <ele>9.9</ele>
    <time>2025-10-28T15:33:24Z</time>
   </trkpt>
   <trkpt lat="22.5309940" lon="88.3457140">
    <ele>9.9</ele>
    <time>2025-10-28T15:33:25Z</time>
   </trkpt>
   <trkpt lat="22.5310020" lon="88.3457180">
    <ele>9.9</ele>
    <time>2025-10-28T15:33:26Z</time>
   </trkpt>
   <trkpt lat="22.5310110" lon="88.3457220">
    <ele>9.9</ele>
    <time>2025-10-28T15:33:27Z</time>
   </trkpt>
   <trkpt lat="22.5310290" lon="88.3457270">
    <ele>9.9</ele>
    <time>2025-10-28T15:33:28Z</time>
   </trkpt>
   <trkpt lat="22.5310380" lon="88.3457300">
    <ele>9.9</ele>
    <time>2025-10-28T15:33:29Z</time>
   </trkpt>
   <trkpt lat="22.5310460" lon="88.3457340">
    <ele>9.9</ele>
    <time>2025-10-28T15:33:30Z</time>
   </trkpt>
   <trkpt lat="22.5310610" lon="88.3457460">
    <ele>9.9</ele>
    <time>2025-10-28T15:33:31Z</time>
   </trkpt>
   <trkpt lat="22.5310730" lon="88.3457470">
    <ele>9.9</ele>
    <time>2025-10-28T15:33:32Z</time>
   </trkpt>
   <trkpt lat="22.5310840" lon="88.3457500">
    <ele>9.9</ele>
    <time>2025-10-28T15:33:33Z</time>
   </trkpt>
   <trkpt lat="22.5311060" lon="88.3457510">
    <ele>9.9</ele>
    <time>2025-10-28T15:33:34Z</time>
   </trkpt>
   <trkpt lat="22.5311190" lon="88.3457490">
    <ele>9.9</ele>
    <time>2025-10-28T15:33:35Z</time>
   </trkpt>
   <trkpt lat="22.5311250" lon="88.3457500">
    <ele>9.9</ele>
    <time>2025-10-28T15:33:36Z</time>
   </trkpt>
   <trkpt lat="22.5311370" lon="88.3457540">
    <ele>9.9</ele>
    <time>2025-10-28T15:33:37Z</time>
   </trkpt>
   <trkpt lat="22.5311450" lon="88.3457560">
    <ele>9.9</ele>
    <time>2025-10-28T15:33:38Z</time>
   </trkpt>
   <trkpt lat="22.5311570" lon="88.3457590">
    <ele>9.9</ele>
    <time>2025-10-28T15:33:39Z</time>
   </trkpt>
   <trkpt lat="22.5311710" lon="88.3457620">
    <ele>9.9</ele>
    <time>2025-10-28T15:33:40Z</time>
   </trkpt>
   <trkpt lat="22.5311830" lon="88.3457640">
    <ele>9.9</ele>
    <time>2025-10-28T15:33:41Z</time>
   </trkpt>
   <trkpt lat="22.5311990" lon="88.3457650">
    <ele>9.9</ele>
    <time>2025-10-28T15:33:42Z</time>
   </trkpt>
   <trkpt lat="22.5312170" lon="88.3457660">
    <ele>9.9</ele>
    <time>2025-10-28T15:33:43Z</time>
   </trkpt>
   <trkpt lat="22.5312270" lon="88.3457790">
    <ele>9.9</ele>
    <time>2025-10-28T15:33:44Z</time>
   </trkpt>
   <trkpt lat="22.5312520" lon="88.3458000">
    <ele>9.9</ele>
    <time>2025-10-28T15:33:45Z</time>
   </trkpt>
   <trkpt lat="22.5312760" lon="88.3458170">
    <ele>9.9</ele>
    <time>2025-10-28T15:33:46Z</time>
   </trkpt>
   <trkpt lat="22.5312990" lon="88.3458400">
    <ele>9.9</ele>
    <time>2025-10-28T15:33:47Z</time>
   </trkpt>
   <trkpt lat="22.5313060" lon="88.3458480">
    <ele>9.9</ele>
    <time>2025-10-28T15:33:48Z</time>
   </trkpt>
   <trkpt lat="22.5313320" lon="88.3458610">
    <ele>9.9</ele>
    <time>2025-10-28T15:33:49Z</time>
   </trkpt>
   <trkpt lat="22.5313400" lon="88.3458650">
    <ele>9.9</ele>
    <time>2025-10-28T15:33:50Z</time>
   </trkpt>
   <trkpt lat="22.5313710" lon="88.3458730">
    <ele>9.9</ele>
    <time>2025-10-28T15:33:51Z</time>
   </trkpt>
   <trkpt lat="22.5313770" lon="88.3458790">
    <ele>9.9</ele>
    <time>2025-10-28T15:33:52Z</time>
   </trkpt>
   <trkpt lat="22.5314010" lon="88.3458860">
    <ele>9.9</ele>
    <time>2025-10-28T15:33:53Z</time>
   </trkpt>
   <trkpt lat="22.5314110" lon="88.3458880">
    <ele>9.9</ele>
    <time>2025-10-28T15:33:54Z</time>
   </trkpt>
   <trkpt lat="22.5314200" lon="88.3458900">
    <ele>9.9</ele>
    <time>2025-10-28T15:33:55Z</time>
   </trkpt>
   <trkpt lat="22.5314310" lon="88.3458960">
    <ele>9.9</ele>
    <time>2025-10-28T15:33:56Z</time>
   </trkpt>
   <trkpt lat="22.5314390" lon="88.3458930">
    <ele>9.9</ele>
    <time>2025-10-28T15:33:57Z</time>
   </trkpt>
   <trkpt lat="22.5314380" lon="88.3458980">
    <ele>9.9</ele>
    <time>2025-10-28T15:33:58Z</time>
   </trkpt>
   <trkpt lat="22.5314480" lon="88.3459040">
    <ele>9.9</ele>
    <time>2025-10-28T15:33:59Z</time>
   </trkpt>
   <trkpt lat="22.5314650" lon="88.3459100">
    <ele>9.9</ele>
    <time>2025-10-28T15:34:00Z</time>
   </trkpt>
   <trkpt lat="22.5314730" lon="88.3459130">
    <ele>9.8</ele>
    <time>2025-10-28T15:34:01Z</time>
   </trkpt>
   <trkpt lat="22.5314810" lon="88.3459160">
    <ele>9.8</ele>
    <time>2025-10-28T15:34:02Z</time>
   </trkpt>
   <trkpt lat="22.5314890" lon="88.3459190">
    <ele>9.8</ele>
    <time>2025-10-28T15:34:03Z</time>
   </trkpt>
   <trkpt lat="22.5314960" lon="88.3459210">
    <ele>9.8</ele>
    <time>2025-10-28T15:34:04Z</time>
   </trkpt>
   <trkpt lat="22.5315040" lon="88.3459250">
    <ele>9.8</ele>
    <time>2025-10-28T15:34:05Z</time>
   </trkpt>
   <trkpt lat="22.5315100" lon="88.3459270">
    <ele>9.8</ele>
    <time>2025-10-28T15:34:06Z</time>
   </trkpt>
   <trkpt lat="22.5315220" lon="88.3459280">
    <ele>9.8</ele>
    <time>2025-10-28T15:34:07Z</time>
   </trkpt>
   <trkpt lat="22.5315350" lon="88.3459280">
    <ele>9.8</ele>
    <time>2025-10-28T15:34:08Z</time>
   </trkpt>
   <trkpt lat="22.5315420" lon="88.3459260">
    <ele>9.8</ele>
    <time>2025-10-28T15:34:09Z</time>
   </trkpt>
   <trkpt lat="22.5315580" lon="88.3459230">
    <ele>9.8</ele>
    <time>2025-10-28T15:34:10Z</time>
   </trkpt>
   <trkpt lat="22.5315670" lon="88.3459170">
    <ele>9.8</ele>
    <time>2025-10-28T15:34:11Z</time>
   </trkpt>
   <trkpt lat="22.5315900" lon="88.3459110">
    <ele>9.8</ele>
    <time>2025-10-28T15:34:12Z</time>
   </trkpt>
   <trkpt lat="22.5316060" lon="88.3459070">
    <ele>9.8</ele>
    <time>2025-10-28T15:34:13Z</time>
   </trkpt>
   <trkpt lat="22.5316240" lon="88.3458980">
    <ele>9.8</ele>
    <time>2025-10-28T15:34:14Z</time>
   </trkpt>
   <trkpt lat="22.5316440" lon="88.3458920">
    <ele>9.7</ele>
    <time>2025-10-28T15:34:15Z</time>
   </trkpt>
   <trkpt lat="22.5316530" lon="88.3458880">
    <ele>9.7</ele>
    <time>2025-10-28T15:34:16Z</time>
   </trkpt>
   <trkpt lat="22.5316610" lon="88.3458840">
    <ele>9.7</ele>
    <time>2025-10-28T15:34:17Z</time>
   </trkpt>
   <trkpt lat="22.5316730" lon="88.3458810">
    <ele>9.7</ele>
    <time>2025-10-28T15:34:18Z</time>
   </trkpt>
   <trkpt lat="22.5316750" lon="88.3458830">
    <ele>9.7</ele>
    <time>2025-10-28T15:34:19Z</time>
   </trkpt>
   <trkpt lat="22.5316900" lon="88.3458820">
    <ele>9.7</ele>
    <time>2025-10-28T15:34:20Z</time>
   </trkpt>
   <trkpt lat="22.5317010" lon="88.3458680">
    <ele>9.7</ele>
    <time>2025-10-28T15:34:21Z</time>
   </trkpt>
   <trkpt lat="22.5317100" lon="88.3458660">
    <ele>9.7</ele>
    <time>2025-10-28T15:34:22Z</time>
   </trkpt>
   <trkpt lat="22.5317180" lon="88.3458620">
    <ele>9.7</ele>
    <time>2025-10-28T15:34:23Z</time>
   </trkpt>
   <trkpt lat="22.5317500" lon="88.3458570">
    <ele>9.6</ele>
    <time>2025-10-28T15:34:24Z</time>
   </trkpt>
   <trkpt lat="22.5317600" lon="88.3458500">
    <ele>9.6</ele>
    <time>2025-10-28T15:34:25Z</time>
   </trkpt>
   <trkpt lat="22.5317750" lon="88.3458520">
    <ele>9.6</ele>
    <time>2025-10-28T15:34:26Z</time>
   </trkpt>
   <trkpt lat="22.5317910" lon="88.3458450">
    <ele>9.6</ele>
    <time>2025-10-28T15:34:27Z</time>
   </trkpt>
   <trkpt lat="22.5318200" lon="88.3458370">
    <ele>9.6</ele>
    <time>2025-10-28T15:34:28Z</time>
   </trkpt>
   <trkpt lat="22.5318260" lon="88.3458330">
    <ele>9.6</ele>
    <time>2025-10-28T15:34:29Z</time>
   </trkpt>
   <trkpt lat="22.5318570" lon="88.3458510">
    <ele>9.5</ele>
    <time>2025-10-28T15:34:30Z</time>
   </trkpt>
   <trkpt lat="22.5318670" lon="88.3458620">
    <ele>9.5</ele>
    <time>2025-10-28T15:34:31Z</time>
   </trkpt>
   <trkpt lat="22.5318890" lon="88.3458630">
    <ele>9.5</ele>
    <time>2025-10-28T15:34:32Z</time>
   </trkpt>
   <trkpt lat="22.5319050" lon="88.3458670">
    <ele>9.5</ele>
    <time>2025-10-28T15:34:33Z</time>
   </trkpt>
   <trkpt lat="22.5319200" lon="88.3458700">
    <ele>9.5</ele>
    <time>2025-10-28T15:34:34Z</time>
   </trkpt>
   <trkpt lat="22.5319300" lon="88.3459040">
    <ele>9.4</ele>
    <time>2025-10-28T15:34:35Z</time>
   </trkpt>
   <trkpt lat="22.5319510" lon="88.3459060">
    <ele>9.4</ele>
    <time>2025-10-28T15:34:36Z</time>
   </trkpt>
   <trkpt lat="22.5319580" lon="88.3459040">
    <ele>9.4</ele>
    <time>2025-10-28T15:34:37Z</time>
   </trkpt>
   <trkpt lat="22.5319710" lon="88.3459160">
    <ele>9.4</ele>
    <time>2025-10-28T15:34:38Z</time>
   </trkpt>
   <trkpt lat="22.5319890" lon="88.3459190">
    <ele>9.4</ele>
    <time>2025-10-28T15:34:39Z</time>
   </trkpt>
   <trkpt lat="22.5320190" lon="88.3459220">
    <ele>9.4</ele>
    <time>2025-10-28T15:34:40Z</time>
   </trkpt>
   <trkpt lat="22.5320320" lon="88.3459190">
    <ele>9.4</ele>
    <time>2025-10-28T15:34:41Z</time>
   </trkpt>
   <trkpt lat="22.5320460" lon="88.3459280">
    <ele>9.4</ele>
    <time>2025-10-28T15:34:42Z</time>
   </trkpt>
   <trkpt lat="22.5320570" lon="88.3459310">
    <ele>9.4</ele>
    <time>2025-10-28T15:34:43Z</time>
   </trkpt>
   <trkpt lat="22.5320670" lon="88.3459330">
    <ele>9.4</ele>
    <time>2025-10-28T15:34:44Z</time>
   </trkpt>
   <trkpt lat="22.5320850" lon="88.3459280">
    <ele>9.4</ele>
    <time>2025-10-28T15:34:45Z</time>
   </trkpt>
   <trkpt lat="22.5320960" lon="88.3459270">
    <ele>9.3</ele>
    <time>2025-10-28T15:34:46Z</time>
   </trkpt>
   <trkpt lat="22.5321060" lon="88.3459270">
    <ele>9.3</ele>
    <time>2025-10-28T15:34:47Z</time>
   </trkpt>
   <trkpt lat="22.5321150" lon="88.3459260">
    <ele>9.3</ele>
    <time>2025-10-28T15:34:49Z</time>
   </trkpt>
   <trkpt lat="22.5321270" lon="88.3459260">
    <ele>9.3</ele>
    <time>2025-10-28T15:34:50Z</time>
   </trkpt>
   <trkpt lat="22.5321350" lon="88.3459320">
    <ele>9.3</ele>
    <time>2025-10-28T15:34:51Z</time>
   </trkpt>
   <trkpt lat="22.5321470" lon="88.3459280">
    <ele>9.3</ele>
    <time>2025-10-28T15:34:52Z</time>
   </trkpt>
   <trkpt lat="22.5321630" lon="88.3459300">
    <ele>9.3</ele>
    <time>2025-10-28T15:34:53Z</time>
   </trkpt>
   <trkpt lat="22.5321800" lon="88.3459330">
    <ele>9.3</ele>
    <time>2025-10-28T15:34:54Z</time>
   </trkpt>
   <trkpt lat="22.5321950" lon="88.3459420">
    <ele>9.3</ele>
    <time>2025-10-28T15:34:55Z</time>
   </trkpt>
   <trkpt lat="22.5322240" lon="88.3459530">
    <ele>9.3</ele>
    <time>2025-10-28T15:34:56Z</time>
   </trkpt>
   <trkpt lat="22.5322310" lon="88.3459580">
    <ele>9.3</ele>
    <time>2025-10-28T15:34:57Z</time>
   </trkpt>
   <trkpt lat="22.5322510" lon="88.3459680">
    <ele>9.3</ele>
    <time>2025-10-28T15:34:58Z</time>
   </trkpt>
   <trkpt lat="22.5322570" lon="88.3459760">
    <ele>9.3</ele>
    <time>2025-10-28T15:34:59Z</time>
   </trkpt>
   <trkpt lat="22.5322630" lon="88.3459830">
    <ele>9.3</ele>
    <time>2025-10-28T15:35:00Z</time>
   </trkpt>
   <trkpt lat="22.5322700" lon="88.3459850">
    <ele>9.3</ele>
    <time>2025-10-28T15:35:01Z</time>
   </trkpt>
   <trkpt lat="22.5322870" lon="88.3459870">
    <ele>9.2</ele>
    <time>2025-10-28T15:35:02Z</time>
   </trkpt>
   <trkpt lat="22.5322930" lon="88.3459910">
    <ele>9.2</ele>
    <time>2025-10-28T15:35:03Z</time>
   </trkpt>
   <trkpt lat="22.5322950" lon="88.3459980">
    <ele>9.2</ele>
    <time>2025-10-28T15:35:04Z</time>
   </trkpt>
   <trkpt lat="22.5323050" lon="88.3460000">
    <ele>9.2</ele>
    <time>2025-10-28T15:35:05Z</time>
   </trkpt>
   <trkpt lat="22.5323140" lon="88.3460010">
    <ele>9.2</ele>
    <time>2025-10-28T15:35:06Z</time>
   </trkpt>
   <trkpt lat="22.5323260" lon="88.3460040">
    <ele>9.2</ele>
    <time>2025-10-28T15:35:07Z</time>
   </trkpt>
   <trkpt lat="22.5323410" lon="88.3460110">
    <ele>9.2</ele>
    <time>2025-10-28T15:35:08Z</time>
   </trkpt>
   <trkpt lat="22.5323530" lon="88.3460120">
    <ele>9.2</ele>
    <time>2025-10-28T15:35:09Z</time>
   </trkpt>
   <trkpt lat="22.5323630" lon="88.3460150">
    <ele>9.2</ele>
    <time>2025-10-28T15:35:10Z</time>
   </trkpt>
   <trkpt lat="22.5323670" lon="88.3460170">
    <ele>9.2</ele>
    <time>2025-10-28T15:35:11Z</time>
   </trkpt>
   <trkpt lat="22.5323750" lon="88.3460200">
    <ele>9.2</ele>
    <time>2025-10-28T15:35:12Z</time>
   </trkpt>
   <trkpt lat="22.5323890" lon="88.3460220">
    <ele>9.2</ele>
    <time>2025-10-28T15:35:13Z</time>
   </trkpt>
   <trkpt lat="22.5324190" lon="88.3460380">
    <ele>9.2</ele>
    <time>2025-10-28T15:35:14Z</time>
   </trkpt>
   <trkpt lat="22.5324270" lon="88.3460410">
    <ele>9.2</ele>
    <time>2025-10-28T15:35:15Z</time>
   </trkpt>
   <trkpt lat="22.5324330" lon="88.3460520">
    <ele>9.2</ele>
    <time>2025-10-28T15:35:16Z</time>
   </trkpt>
   <trkpt lat="22.5324420" lon="88.3460520">
    <ele>9.2</ele>
    <time>2025-10-28T15:35:17Z</time>
   </trkpt>
   <trkpt lat="22.5324510" lon="88.3460520">
    <ele>9.2</ele>
    <time>2025-10-28T15:35:18Z</time>
   </trkpt>
   <trkpt lat="22.5324600" lon="88.3460520">
    <ele>9.2</ele>
    <time>2025-10-28T15:35:19Z</time>
   </trkpt>
   <trkpt lat="22.5324690" lon="88.3460520">
    <ele>9.2</ele>
    <time>2025-10-28T15:35:20Z</time>
   </trkpt>
   <trkpt lat="22.5324850" lon="88.3460570">
    <ele>9.2</ele>
    <time>2025-10-28T15:35:21Z</time>
   </trkpt>
   <trkpt lat="22.5324920" lon="88.3460580">
    <ele>9.2</ele>
    <time>2025-10-28T15:35:22Z</time>
   </trkpt>
   <trkpt lat="22.5324990" lon="88.3460580">
    <ele>9.2</ele>
    <time>2025-10-28T15:35:23Z</time>
   </trkpt>
   <trkpt lat="22.5325060" lon="88.3460590">
    <ele>9.2</ele>
    <time>2025-10-28T15:35:24Z</time>
   </trkpt>
   <trkpt lat="22.5325380" lon="88.3460480">
    <ele>9.2</ele>
    <time>2025-10-28T15:35:25Z</time>
   </trkpt>
   <trkpt lat="22.5325450" lon="88.3460460">
    <ele>9.2</ele>
    <time>2025-10-28T15:35:26Z</time>
   </trkpt>
   <trkpt lat="22.5325580" lon="88.3460470">
    <ele>9.2</ele>
    <time>2025-10-28T15:35:27Z</time>
   </trkpt>
   <trkpt lat="22.5325790" lon="88.3460400">
    <ele>9.2</ele>
    <time>2025-10-28T15:35:28Z</time>
   </trkpt>
   <trkpt lat="22.5326000" lon="88.3460360">
    <ele>9.2</ele>
    <time>2025-10-28T15:35:29Z</time>
   </trkpt>
   <trkpt lat="22.5326100" lon="88.3460340">
    <ele>9.2</ele>
    <time>2025-10-28T15:35:30Z</time>
   </trkpt>
   <trkpt lat="22.5326190" lon="88.3460330">
    <ele>9.2</ele>
    <time>2025-10-28T15:35:31Z</time>
   </trkpt>
   <trkpt lat="22.5326320" lon="88.3460250">
    <ele>9.2</ele>
    <time>2025-10-28T15:35:32Z</time>
   </trkpt>
   <trkpt lat="22.5326460" lon="88.3460220">
    <ele>9.2</ele>
    <time>2025-10-28T15:35:33Z</time>
   </trkpt>
   <trkpt lat="22.5326570" lon="88.3460200">
    <ele>9.2</ele>
    <time>2025-10-28T15:35:34Z</time>
   </trkpt>
   <trkpt lat="22.5326760" lon="88.3460190">
    <ele>9.2</ele>
    <time>2025-10-28T15:35:35Z</time>
   </trkpt>
   <trkpt lat="22.5327020" lon="88.3460320">
    <ele>9.2</ele>
    <time>2025-10-28T15:35:36Z</time>
   </trkpt>
   <trkpt lat="22.5327100" lon="88.3460370">
    <ele>9.2</ele>
    <time>2025-10-28T15:35:37Z</time>
   </trkpt>
   <trkpt lat="22.5327320" lon="88.3460400">
    <ele>9.2</ele>
    <time>2025-10-28T15:35:38Z</time>
   </trkpt>
   <trkpt lat="22.5327390" lon="88.3460420">
    <ele>9.2</ele>
    <time>2025-10-28T15:35:39Z</time>
   </trkpt>
   <trkpt lat="22.5327470" lon="88.3460430">
    <ele>9.2</ele>
    <time>2025-10-28T15:35:40Z</time>
   </trkpt>
   <trkpt lat="22.5327620" lon="88.3460510">
    <ele>9.2</ele>
    <time>2025-10-28T15:35:41Z</time>
   </trkpt>
   <trkpt lat="22.5327750" lon="88.3460520">
    <ele>9.2</ele>
    <time>2025-10-28T15:35:42Z</time>
   </trkpt>
   <trkpt lat="22.5328000" lon="88.3460560">
    <ele>9.2</ele>
    <time>2025-10-28T15:35:43Z</time>
   </trkpt>
   <trkpt lat="22.5328120" lon="88.3460570">
    <ele>9.2</ele>
    <time>2025-10-28T15:35:44Z</time>
   </trkpt>
   <trkpt lat="22.5328230" lon="88.3460580">
    <ele>9.2</ele>
    <time>2025-10-28T15:35:45Z</time>
   </trkpt>
   <trkpt lat="22.5328390" lon="88.3460570">
    <ele>9.2</ele>
    <time>2025-10-28T15:35:46Z</time>
   </trkpt>
   <trkpt lat="22.5328480" lon="88.3460570">
    <ele>9.2</ele>
    <time>2025-10-28T15:35:47Z</time>
   </trkpt>
   <trkpt lat="22.5328560" lon="88.3460580">
    <ele>9.2</ele>
    <time>2025-10-28T15:35:48Z</time>
   </trkpt>
   <trkpt lat="22.5328650" lon="88.3460590">
    <ele>9.2</ele>
    <time>2025-10-28T15:35:49Z</time>
   </trkpt>
   <trkpt lat="22.5328810" lon="88.3460650">
    <ele>9.2</ele>
    <time>2025-10-28T15:35:50Z</time>
   </trkpt>
   <trkpt lat="22.5328950" lon="88.3460660">
    <ele>9.2</ele>
    <time>2025-10-28T15:35:51Z</time>
   </trkpt>
   <trkpt lat="22.5329060" lon="88.3460700">
    <ele>9.2</ele>
    <time>2025-10-28T15:35:52Z</time>
   </trkpt>
   <trkpt lat="22.5329140" lon="88.3460740">
    <ele>9.2</ele>
    <time>2025-10-28T15:35:53Z</time>
   </trkpt>
   <trkpt lat="22.5329190" lon="88.3460670">
    <ele>9.2</ele>
    <time>2025-10-28T15:35:54Z</time>
   </trkpt>
   <trkpt lat="22.5329200" lon="88.3460640">
    <ele>9.2</ele>
    <time>2025-10-28T15:35:55Z</time>
   </trkpt>
   <trkpt lat="22.5329270" lon="88.3460680">
    <ele>9.2</ele>
    <time>2025-10-28T15:35:56Z</time>
   </trkpt>
   <trkpt lat="22.5329360" lon="88.3460600">
    <ele>9.2</ele>
    <time>2025-10-28T15:35:57Z</time>
   </trkpt>
   <trkpt lat="22.5329380" lon="88.3460560">
    <ele>9.2</ele>
    <time>2025-10-28T15:35:58Z</time>
   </trkpt>
   <trkpt lat="22.5329580" lon="88.3460550">
    <ele>9.2</ele>
    <time>2025-10-28T15:35:59Z</time>
   </trkpt>
   <trkpt lat="22.5329720" lon="88.3460530">
    <ele>9.2</ele>
    <time>2025-10-28T15:36:00Z</time>
   </trkpt>
   <trkpt lat="22.5329760" lon="88.3460580">
    <ele>9.2</ele>
    <time>2025-10-28T15:36:01Z</time>
   </trkpt>
   <trkpt lat="22.5329900" lon="88.3460630">
    <ele>9.2</ele>
    <time>2025-10-28T15:36:02Z</time>
   </trkpt>
   <trkpt lat="22.5330030" lon="88.3460670">
    <ele>9.2</ele>
    <time>2025-10-28T15:36:03Z</time>
   </trkpt>
   <trkpt lat="22.5330220" lon="88.3460670">
    <ele>9.2</ele>
    <time>2025-10-28T15:36:04Z</time>
   </trkpt>
   <trkpt lat="22.5330520" lon="88.3460710">
    <ele>9.2</ele>
    <time>2025-10-28T15:36:05Z</time>
   </trkpt>
   <trkpt lat="22.5330590" lon="88.3460690">
    <ele>9.2</ele>
    <time>2025-10-28T15:36:06Z</time>
   </trkpt>
   <trkpt lat="22.5330810" lon="88.3460660">
    <ele>9.2</ele>
    <time>2025-10-28T15:36:07Z</time>
   </trkpt>
   <trkpt lat="22.5330930" lon="88.3460650">
    <ele>9.2</ele>
    <time>2025-10-28T15:36:08Z</time>
   </trkpt>
   <trkpt lat="22.5331050" lon="88.3460630">
    <ele>9.2</ele>
    <time>2025-10-28T15:36:09Z</time>
   </trkpt>
   <trkpt lat="22.5331240" lon="88.3460710">
    <ele>9.2</ele>
    <time>2025-10-28T15:36:10Z</time>
   </trkpt>
   <trkpt lat="22.5331320" lon="88.3460730">
    <ele>9.2</ele>
    <time>2025-10-28T15:36:11Z</time>
   </trkpt>
   <trkpt lat="22.5331410" lon="88.3460740">
    <ele>9.2</ele>
    <time>2025-10-28T15:36:12Z</time>
   </trkpt>
   <trkpt lat="22.5331550" lon="88.3460780">
    <ele>9.2</ele>
    <time>2025-10-28T15:36:13Z</time>
   </trkpt>
   <trkpt lat="22.5331620" lon="88.3460800">
    <ele>9.2</ele>
    <time>2025-10-28T15:36:14Z</time>
   </trkpt>
   <trkpt lat="22.5331680" lon="88.3460820">
    <ele>9.2</ele>
    <time>2025-10-28T15:36:15Z</time>
   </trkpt>
   <trkpt lat="22.5331750" lon="88.3460840">
    <ele>9.2</ele>
    <time>2025-10-28T15:36:16Z</time>
   </trkpt>
   <trkpt lat="22.5331820" lon="88.3460860">
    <ele>9.2</ele>
    <time>2025-10-28T15:36:17Z</time>
   </trkpt>
   <trkpt lat="22.5331960" lon="88.3460980">
    <ele>9.2</ele>
    <time>2025-10-28T15:36:18Z</time>
   </trkpt>
   <trkpt lat="22.5332070" lon="88.3461020">
    <ele>9.2</ele>
    <time>2025-10-28T15:36:19Z</time>
   </trkpt>
   <trkpt lat="22.5332200" lon="88.3461020">
    <ele>9.2</ele>
    <time>2025-10-28T15:36:20Z</time>
   </trkpt>
   <trkpt lat="22.5332340" lon="88.3461060">
    <ele>9.2</ele>
    <time>2025-10-28T15:36:21Z</time>
   </trkpt>
   <trkpt lat="22.5332600" lon="88.3461010">
    <ele>9.2</ele>
    <time>2025-10-28T15:36:22Z</time>
   </trkpt>
   <trkpt lat="22.5332720" lon="88.3461010">
    <ele>9.2</ele>
    <time>2025-10-28T15:36:23Z</time>
   </trkpt>
   <trkpt lat="22.5332840" lon="88.3461010">
    <ele>9.2</ele>
    <time>2025-10-28T15:36:24Z</time>
   </trkpt>
   <trkpt lat="22.5332980" lon="88.3461030">
    <ele>9.2</ele>
    <time>2025-10-28T15:36:25Z</time>
   </trkpt>
   <trkpt lat="22.5333110" lon="88.3461050">
    <ele>9.2</ele>
    <time>2025-10-28T15:36:26Z</time>
   </trkpt>
   <trkpt lat="22.5333220" lon="88.3461130">
    <ele>9.2</ele>
    <time>2025-10-28T15:36:27Z</time>
   </trkpt>
   <trkpt lat="22.5333280" lon="88.3461140">
    <ele>9.2</ele>
    <time>2025-10-28T15:36:28Z</time>
   </trkpt>
   <trkpt lat="22.5333340" lon="88.3461140">
    <ele>9.2</ele>
    <time>2025-10-28T15:36:29Z</time>
   </trkpt>
   <trkpt lat="22.5333400" lon="88.3461150">
    <ele>9.2</ele>
    <time>2025-10-28T15:36:30Z</time>
   </trkpt>
   <trkpt lat="22.5333460" lon="88.3461160">
    <ele>9.2</ele>
    <time>2025-10-28T15:36:31Z</time>
   </trkpt>
   <trkpt lat="22.5333510" lon="88.3461060">
    <ele>9.2</ele>
    <time>2025-10-28T15:36:32Z</time>
   </trkpt>
   <trkpt lat="22.5333590" lon="88.3460970">
    <ele>9.2</ele>
    <time>2025-10-28T15:36:33Z</time>
   </trkpt>
   <trkpt lat="22.5333660" lon="88.3460890">
    <ele>9.2</ele>
    <time>2025-10-28T15:36:34Z</time>
   </trkpt>
   <trkpt lat="22.5333730" lon="88.3460800">
    <ele>9.2</ele>
    <time>2025-10-28T15:36:35Z</time>
   </trkpt>
   <trkpt lat="22.5333990" lon="88.3460950">
    <ele>9.2</ele>
    <time>2025-10-28T15:36:36Z</time>
   </trkpt>
   <trkpt lat="22.5334200" lon="88.3461000">
    <ele>9.2</ele>
    <time>2025-10-28T15:36:37Z</time>
   </trkpt>
   <trkpt lat="22.5334260" lon="88.3461030">
    <ele>9.2</ele>
    <time>2025-10-28T15:36:38Z</time>
   </trkpt>
   <trkpt lat="22.5334390" lon="88.3460970">
    <ele>9.2</ele>
    <time>2025-10-28T15:36:39Z</time>
   </trkpt>
   <trkpt lat="22.5334440" lon="88.3461000">
    <ele>9.2</ele>
    <time>2025-10-28T15:36:40Z</time>
   </trkpt>
   <trkpt lat="22.5334530" lon="88.3460940">
    <ele>9.2</ele>
    <time>2025-10-28T15:36:41Z</time>
   </trkpt>
   <trkpt lat="22.5334560" lon="88.3460900">
    <ele>9.2</ele>
    <time>2025-10-28T15:36:42Z</time>
   </trkpt>
   <trkpt lat="22.5334600" lon="88.3460910">
    <ele>9.2</ele>
    <time>2025-10-28T15:36:43Z</time>
   </trkpt>
   <trkpt lat="22.5334640" lon="88.3460900">
    <ele>9.2</ele>
    <time>2025-10-28T15:36:44Z</time>
   </trkpt>
   <trkpt lat="22.5334690" lon="88.3460930">
    <ele>9.2</ele>
    <time>2025-10-28T15:36:45Z</time>
   </trkpt>
   <trkpt lat="22.5334760" lon="88.3460960">
    <ele>9.2</ele>
    <time>2025-10-28T15:36:46Z</time>
   </trkpt>
   <trkpt lat="22.5334770" lon="88.3460920">
    <ele>9.2</ele>
    <time>2025-10-28T15:36:47Z</time>
   </trkpt>
   <trkpt lat="22.5334790" lon="88.3460900">
    <ele>9.2</ele>
    <time>2025-10-28T15:36:48Z</time>
   </trkpt>
   <trkpt lat="22.5334800" lon="88.3460870">
    <ele>9.2</ele>
    <time>2025-10-28T15:36:49Z</time>
   </trkpt>
   <trkpt lat="22.5334850" lon="88.3460960">
    <ele>9.2</ele>
    <time>2025-10-28T15:36:50Z</time>
   </trkpt>
   <trkpt lat="22.5334860" lon="88.3461000">
    <ele>9.2</ele>
    <time>2025-10-28T15:36:51Z</time>
   </trkpt>
   <trkpt lat="22.5334880" lon="88.3461030">
    <ele>9.1</ele>
    <time>2025-10-28T15:36:52Z</time>
   </trkpt>
   <trkpt lat="22.5334870" lon="88.3460890">
    <ele>9.1</ele>
    <time>2025-10-28T15:36:53Z</time>
   </trkpt>
   <trkpt lat="22.5334820" lon="88.3460780">
    <ele>9.1</ele>
    <time>2025-10-28T15:36:55Z</time>
   </trkpt>
   <trkpt lat="22.5334740" lon="88.3460320">
    <ele>9.1</ele>
    <time>2025-10-28T15:36:56Z</time>
   </trkpt>
   <trkpt lat="22.5334770" lon="88.3460600">
    <ele>9.1</ele>
    <time>2025-10-28T15:36:57Z</time>
   </trkpt>
   <trkpt lat="22.5335130" lon="88.3461020">
    <ele>9.1</ele>
    <time>2025-10-28T15:36:58Z</time>
   </trkpt>
   <trkpt lat="22.5335630" lon="88.3461400">
    <ele>9.1</ele>
    <time>2025-10-28T15:36:59Z</time>
   </trkpt>
   <trkpt lat="22.5336110" lon="88.3461540">
    <ele>9.1</ele>
    <time>2025-10-28T15:37:00Z</time>
   </trkpt>
   <trkpt lat="22.5336480" lon="88.3461410">
    <ele>9.1</ele>
    <time>2025-10-28T15:37:01Z</time>
   </trkpt>
   <trkpt lat="22.5336730" lon="88.3461270">
    <ele>9.0</ele>
    <time>2025-10-28T15:37:02Z</time>
   </trkpt>
   <trkpt lat="22.5336990" lon="88.3461120">
    <ele>9.0</ele>
    <time>2025-10-28T15:37:03Z</time>
   </trkpt>
   <trkpt lat="22.5337120" lon="88.3460840">
    <ele>9.0</ele>
    <time>2025-10-28T15:37:04Z</time>
   </trkpt>
   <trkpt lat="22.5337220" lon="88.3460470">
    <ele>9.0</ele>
    <time>2025-10-28T15:37:05Z</time>
   </trkpt>
   <trkpt lat="22.5337250" lon="88.3460510">
    <ele>9.0</ele>
    <time>2025-10-28T15:37:06Z</time>
   </trkpt>
   <trkpt lat="22.5337300" lon="88.3460640">
    <ele>9.0</ele>
    <time>2025-10-28T15:37:07Z</time>
   </trkpt>
   <trkpt lat="22.5337360" lon="88.3460770">
    <ele>9.0</ele>
    <time>2025-10-28T15:37:08Z</time>
   </trkpt>
   <trkpt lat="22.5337410" lon="88.3460900">
    <ele>9.0</ele>
    <time>2025-10-28T15:37:09Z</time>
   </trkpt>
   <trkpt lat="22.5337470" lon="88.3461090">
    <ele>9.0</ele>
    <time>2025-10-28T15:37:10Z</time>
   </trkpt>
   <trkpt lat="22.5337510" lon="88.3461260">
    <ele>9.0</ele>
    <time>2025-10-28T15:37:11Z</time>
   </trkpt>
   <trkpt lat="22.5337650" lon="88.3461490">
    <ele>9.0</ele>
    <time>2025-10-28T15:37:12Z</time>
   </trkpt>
   <trkpt lat="22.5337750" lon="88.3461570">
    <ele>9.0</ele>
    <time>2025-10-28T15:37:13Z</time>
   </trkpt>
   <trkpt lat="22.5337860" lon="88.3461640">
    <ele>9.0</ele>
    <time>2025-10-28T15:37:20Z</time>
   </trkpt>
   <trkpt lat="22.5337960" lon="88.3461720">
    <ele>9.0</ele>
    <time>2025-10-28T15:37:21Z</time>
   </trkpt>
   <trkpt lat="22.5338060" lon="88.3461800">
    <ele>9.0</ele>
    <time>2025-10-28T15:37:22Z</time>
   </trkpt>
   <trkpt lat="22.5338160" lon="88.3461880">
    <ele>9.0</ele>
    <time>2025-10-28T15:37:23Z</time>
   </trkpt>
   <trkpt lat="22.5338530" lon="88.3462250">
    <ele>8.9</ele>
    <time>2025-10-28T15:37:24Z</time>
   </trkpt>
   <trkpt lat="22.5338840" lon="88.3462390">
    <ele>8.9</ele>
    <time>2025-10-28T15:37:25Z</time>
   </trkpt>
   <trkpt lat="22.5340080" lon="88.3462350">
    <ele>8.9</ele>
    <time>2025-10-28T15:37:26Z</time>
   </trkpt>
   <trkpt lat="22.5341430" lon="88.3462210">
    <ele>8.9</ele>
    <time>2025-10-28T15:37:27Z</time>
   </trkpt>
   <trkpt lat="22.5341830" lon="88.3462200">
    <ele>8.9</ele>
    <time>2025-10-28T15:37:28Z</time>
   </trkpt>
   <trkpt lat="22.5341740" lon="88.3462000">
    <ele>8.9</ele>
    <time>2025-10-28T15:37:29Z</time>
   </trkpt>
   <trkpt lat="22.5341690" lon="88.3461930">
    <ele>8.9</ele>
    <time>2025-10-28T15:37:30Z</time>
   </trkpt>
   <trkpt lat="22.5341630" lon="88.3461860">
    <ele>8.9</ele>
    <time>2025-10-28T15:37:31Z</time>
   </trkpt>
   <trkpt lat="22.5341720" lon="88.3461680">
    <ele>8.9</ele>
    <time>2025-10-28T15:37:32Z</time>
   </trkpt>
   <trkpt lat="22.5341870" lon="88.3461680">
    <ele>8.9</ele>
    <time>2025-10-28T15:37:33Z</time>
   </trkpt>
   <trkpt lat="22.5342010" lon="88.3461690">
    <ele>8.9</ele>
    <time>2025-10-28T15:37:34Z</time>
   </trkpt>
   <trkpt lat="22.5342200" lon="88.3461620">
    <ele>8.9</ele>
    <time>2025-10-28T15:37:35Z</time>
   </trkpt>
   <trkpt lat="22.5342290" lon="88.3461560">
    <ele>8.9</ele>
    <time>2025-10-28T15:37:36Z</time>
   </trkpt>
   <trkpt lat="22.5342370" lon="88.3461510">
    <ele>8.9</ele>
    <time>2025-10-28T15:37:37Z</time>
   </trkpt>
   <trkpt lat="22.5342530" lon="88.3461440">
    <ele>8.9</ele>
    <time>2025-10-28T15:37:38Z</time>
   </trkpt>
   <trkpt lat="22.5342620" lon="88.3461450">
    <ele>8.9</ele>
    <time>2025-10-28T15:37:39Z</time>
   </trkpt>
   <trkpt lat="22.5342720" lon="88.3461470">
    <ele>8.9</ele>
    <time>2025-10-28T15:37:40Z</time>
   </trkpt>
   <trkpt lat="22.5342810" lon="88.3461480">
    <ele>8.9</ele>
    <time>2025-10-28T15:37:41Z</time>
   </trkpt>
   <trkpt lat="22.5342950" lon="88.3461470">
    <ele>8.9</ele>
    <time>2025-10-28T15:37:42Z</time>
   </trkpt>
   <trkpt lat="22.5343130" lon="88.3461440">
    <ele>8.9</ele>
    <time>2025-10-28T15:37:43Z</time>
   </trkpt>
   <trkpt lat="22.5343240" lon="88.3461420">
    <ele>8.9</ele>
    <time>2025-10-28T15:37:44Z</time>
   </trkpt>
   <trkpt lat="22.5343400" lon="88.3461430">
    <ele>8.8</ele>
    <time>2025-10-28T15:37:45Z</time>
   </trkpt>
   <trkpt lat="22.5343580" lon="88.3461460">
    <ele>8.8</ele>
    <time>2025-10-28T15:37:46Z</time>
   </trkpt>
   <trkpt lat="22.5343740" lon="88.3461560">
    <ele>8.8</ele>
    <time>2025-10-28T15:37:47Z</time>
   </trkpt>
   <trkpt lat="22.5344060" lon="88.3461590">
    <ele>8.8</ele>
    <time>2025-10-28T15:37:48Z</time>
   </trkpt>
   <trkpt lat="22.5344160" lon="88.3461580">
    <ele>8.8</ele>
    <time>2025-10-28T15:37:49Z</time>
   </trkpt>
   <trkpt lat="22.5344270" lon="88.3461580">
    <ele>8.8</ele>
    <time>2025-10-28T15:37:50Z</time>
   </trkpt>
   <trkpt lat="22.5344460" lon="88.3461490">
    <ele>8.8</ele>
    <time>2025-10-28T15:37:51Z</time>
   </trkpt>
   <trkpt lat="22.5344640" lon="88.3461470">
    <ele>8.8</ele>
    <time>2025-10-28T15:37:52Z</time>
   </trkpt>
   <trkpt lat="22.5344800" lon="88.3461380">
    <ele>8.8</ele>
    <time>2025-10-28T15:37:53Z</time>
   </trkpt>
   <trkpt lat="22.5344960" lon="88.3461370">
    <ele>8.8</ele>
    <time>2025-10-28T15:37:54Z</time>
   </trkpt>
   <trkpt lat="22.5345040" lon="88.3461360">
    <ele>8.8</ele>
    <time>2025-10-28T15:37:55Z</time>
   </trkpt>
   <trkpt lat="22.5345110" lon="88.3461340">
    <ele>8.8</ele>
    <time>2025-10-28T15:37:56Z</time>
   </trkpt>
   <trkpt lat="22.5345190" lon="88.3461330">
    <ele>8.8</ele>
    <time>2025-10-28T15:37:57Z</time>
   </trkpt>
   <trkpt lat="22.5345400" lon="88.3461360">
    <ele>8.8</ele>
    <time>2025-10-28T15:37:58Z</time>
   </trkpt>
   <trkpt lat="22.5345480" lon="88.3461430">
    <ele>8.8</ele>
    <time>2025-10-28T15:37:59Z</time>
   </trkpt>
   <trkpt lat="22.5345570" lon="88.3461490">
    <ele>8.8</ele>
    <time>2025-10-28T15:38:00Z</time>
   </trkpt>
   <trkpt lat="22.5345730" lon="88.3461570">
    <ele>8.8</ele>
    <time>2025-10-28T15:38:01Z</time>
   </trkpt>
   <trkpt lat="22.5345880" lon="88.3461600">
    <ele>8.8</ele>
    <time>2025-10-28T15:38:02Z</time>
   </trkpt>
   <trkpt lat="22.5345850" lon="88.3461620">
    <ele>8.8</ele>
    <time>2025-10-28T15:38:03Z</time>
   </trkpt>
   <trkpt lat="22.5346030" lon="88.3461800">
    <ele>8.8</ele>
    <time>2025-10-28T15:38:04Z</time>
   </trkpt>
   <trkpt lat="22.5346140" lon="88.3461830">
    <ele>8.8</ele>
    <time>2025-10-28T15:38:05Z</time>
   </trkpt>
   <trkpt lat="22.5346490" lon="88.3461830">
    <ele>8.8</ele>
    <time>2025-10-28T15:38:06Z</time>
   </trkpt>
   <trkpt lat="22.5346580" lon="88.3461840">
    <ele>8.8</ele>
    <time>2025-10-28T15:38:07Z</time>
   </trkpt>
   <trkpt lat="22.5346790" lon="88.3461910">
    <ele>8.8</ele>
    <time>2025-10-28T15:38:08Z</time>
   </trkpt>
   <trkpt lat="22.5346900" lon="88.3461910">
    <ele>8.8</ele>
    <time>2025-10-28T15:38:09Z</time>
   </trkpt>
   <trkpt lat="22.5347020" lon="88.3461920">
    <ele>8.8</ele>
    <time>2025-10-28T15:38:10Z</time>
   </trkpt>
   <trkpt lat="22.5347150" lon="88.3461920">
    <ele>8.8</ele>
    <time>2025-10-28T15:38:11Z</time>
   </trkpt>
   <trkpt lat="22.5347260" lon="88.3461870">
    <ele>8.8</ele>
    <time>2025-10-28T15:38:12Z</time>
   </trkpt>
   <trkpt lat="22.5347360" lon="88.3461860">
    <ele>8.8</ele>
    <time>2025-10-28T15:38:13Z</time>
   </trkpt>
   <trkpt lat="22.5347540" lon="88.3461830">
    <ele>8.8</ele>
    <time>2025-10-28T15:38:14Z</time>
   </trkpt>
   <trkpt lat="22.5347650" lon="88.3461830">
    <ele>8.8</ele>
    <time>2025-10-28T15:38:15Z</time>
   </trkpt>
   <trkpt lat="22.5347760" lon="88.3461830">
    <ele>8.8</ele>
    <time>2025-10-28T15:38:16Z</time>
   </trkpt>
   <trkpt lat="22.5347980" lon="88.3461720">
    <ele>8.8</ele>
    <time>2025-10-28T15:38:17Z</time>
   </trkpt>
   <trkpt lat="22.5348060" lon="88.3461840">
    <ele>8.8</ele>
    <time>2025-10-28T15:38:18Z</time>
   </trkpt>
   <trkpt lat="22.5348080" lon="88.3461800">
    <ele>8.8</ele>
    <time>2025-10-28T15:38:19Z</time>
   </trkpt>
   <trkpt lat="22.5348140" lon="88.3461650">
    <ele>8.8</ele>
    <time>2025-10-28T15:38:20Z</time>
   </trkpt>
   <trkpt lat="22.5348210" lon="88.3461510">
    <ele>8.8</ele>
    <time>2025-10-28T15:38:21Z</time>
   </trkpt>
   <trkpt lat="22.5348260" lon="88.3461390">
    <ele>8.8</ele>
    <time>2025-10-28T15:38:22Z</time>
   </trkpt>
   <trkpt lat="22.5348320" lon="88.3461200">
    <ele>8.8</ele>
    <time>2025-10-28T15:38:23Z</time>
   </trkpt>
   <trkpt lat="22.5348410" lon="88.3461130">
    <ele>8.8</ele>
    <time>2025-10-28T15:38:24Z</time>
   </trkpt>
   <trkpt lat="22.5348610" lon="88.3461110">
    <ele>8.8</ele>
    <time>2025-10-28T15:38:25Z</time>
   </trkpt>
   <trkpt lat="22.5348860" lon="88.3461240">
    <ele>8.8</ele>
    <time>2025-10-28T15:38:26Z</time>
   </trkpt>
   <trkpt lat="22.5348940" lon="88.3461280">
    <ele>8.8</ele>
    <time>2025-10-28T15:38:27Z</time>
   </trkpt>
   <trkpt lat="22.5349070" lon="88.3461330">
    <ele>8.8</ele>
    <time>2025-10-28T15:38:28Z</time>
   </trkpt>
   <trkpt lat="22.5349170" lon="88.3461440">
    <ele>8.8</ele>
    <time>2025-10-28T15:38:29Z</time>
   </trkpt>
   <trkpt lat="22.5349320" lon="88.3461570">
    <ele>8.8</ele>
    <time>2025-10-28T15:38:30Z</time>
   </trkpt>
   <trkpt lat="22.5349420" lon="88.3461670">
    <ele>8.8</ele>
    <time>2025-10-28T15:38:31Z</time>
   </trkpt>
   <trkpt lat="22.5349570" lon="88.3461720">
    <ele>8.8</ele>
    <time>2025-10-28T15:38:32Z</time>
   </trkpt>
   <trkpt lat="22.5349710" lon="88.3461800">
    <ele>8.9</ele>
    <time>2025-10-28T15:38:33Z</time>
   </trkpt>
   <trkpt lat="22.5349800" lon="88.3461880">
    <ele>8.9</ele>
    <time>2025-10-28T15:38:34Z</time>
   </trkpt>
   <trkpt lat="22.5349870" lon="88.3461810">
    <ele>8.9</ele>
    <time>2025-10-28T15:38:35Z</time>
   </trkpt>
   <trkpt lat="22.5350020" lon="88.3461810">
    <ele>8.9</ele>
    <time>2025-10-28T15:38:36Z</time>
   </trkpt>
   <trkpt lat="22.5350110" lon="88.3461820">
    <ele>8.9</ele>
    <time>2025-10-28T15:38:37Z</time>
   </trkpt>
   <trkpt lat="22.5350240" lon="88.3461790">
    <ele>8.9</ele>
    <time>2025-10-28T15:38:38Z</time>
   </trkpt>
   <trkpt lat="22.5350350" lon="88.3461820">
    <ele>8.9</ele>
    <time>2025-10-28T15:38:39Z</time>
   </trkpt>
   <trkpt lat="22.5350590" lon="88.3461860">
    <ele>8.9</ele>
    <time>2025-10-28T15:38:40Z</time>
   </trkpt>
   <trkpt lat="22.5350670" lon="88.3461880">
    <ele>8.9</ele>
    <time>2025-10-28T15:38:41Z</time>
   </trkpt>
   <trkpt lat="22.5350750" lon="88.3461910">
    <ele>8.9</ele>
    <time>2025-10-28T15:38:42Z</time>
   </trkpt>
   <trkpt lat="22.5350840" lon="88.3461900">
    <ele>8.9</ele>
    <time>2025-10-28T15:38:43Z</time>
   </trkpt>
   <trkpt lat="22.5350940" lon="88.3461940">
    <ele>8.9</ele>
    <time>2025-10-28T15:38:44Z</time>
   </trkpt>
   <trkpt lat="22.5351080" lon="88.3461920">
    <ele>8.9</ele>
    <time>2025-10-28T15:38:45Z</time>
   </trkpt>
   <trkpt lat="22.5351180" lon="88.3461970">
    <ele>8.9</ele>
    <time>2025-10-28T15:38:46Z</time>
   </trkpt>
   <trkpt lat="22.5351260" lon="88.3462040">
    <ele>8.9</ele>
    <time>2025-10-28T15:38:47Z</time>
   </trkpt>
   <trkpt lat="22.5351330" lon="88.3462160">
    <ele>8.9</ele>
    <time>2025-10-28T15:38:48Z</time>
   </trkpt>
   <trkpt lat="22.5351440" lon="88.3462270">
    <ele>8.9</ele>
    <time>2025-10-28T15:38:49Z</time>
   </trkpt>
   <trkpt lat="22.5351540" lon="88.3462270">
    <ele>8.9</ele>
    <time>2025-10-28T15:38:50Z</time>
   </trkpt>
   <trkpt lat="22.5351610" lon="88.3462300">
    <ele>8.9</ele>
    <time>2025-10-28T15:38:51Z</time>
   </trkpt>
   <trkpt lat="22.5351810" lon="88.3462350">
    <ele>8.9</ele>
    <time>2025-10-28T15:38:52Z</time>
   </trkpt>
   <trkpt lat="22.5351900" lon="88.3462360">
    <ele>8.9</ele>
    <time>2025-10-28T15:38:53Z</time>
   </trkpt>
   <trkpt lat="22.5351980" lon="88.3462380">
    <ele>8.9</ele>
    <time>2025-10-28T15:38:54Z</time>
   </trkpt>
   <trkpt lat="22.5352120" lon="88.3462410">
    <ele>8.9</ele>
    <time>2025-10-28T15:38:55Z</time>
   </trkpt>
   <trkpt lat="22.5352210" lon="88.3462340">
    <ele>8.9</ele>
    <time>2025-10-28T15:38:56Z</time>
   </trkpt>
   <trkpt lat="22.5352340" lon="88.3462320">
    <ele>8.9</ele>
    <time>2025-10-28T15:38:57Z</time>
   </trkpt>
   <trkpt lat="22.5352490" lon="88.3462340">
    <ele>9.0</ele>
    <time>2025-10-28T15:38:58Z</time>
   </trkpt>
   <trkpt lat="22.5352630" lon="88.3462310">
    <ele>9.0</ele>
    <time>2025-10-28T15:38:59Z</time>
   </trkpt>
   <trkpt lat="22.5352820" lon="88.3462300">
    <ele>9.0</ele>
    <time>2025-10-28T15:39:01Z</time>
   </trkpt>
   <trkpt lat="22.5352920" lon="88.3462240">
    <ele>9.0</ele>
    <time>2025-10-28T15:39:02Z</time>
   </trkpt>
   <trkpt lat="22.5353070" lon="88.3462230">
    <ele>9.0</ele>
    <time>2025-10-28T15:39:03Z</time>
   </trkpt>
   <trkpt lat="22.5353190" lon="88.3462360">
    <ele>9.0</ele>
    <time>2025-10-28T15:39:04Z</time>
   </trkpt>
   <trkpt lat="22.5353410" lon="88.3462380">
    <ele>9.0</ele>
    <time>2025-10-28T15:39:05Z</time>
   </trkpt>
   <trkpt lat="22.5353560" lon="88.3462370">
    <ele>9.0</ele>
    <time>2025-10-28T15:39:06Z</time>
   </trkpt>
   <trkpt lat="22.5353660" lon="88.3462470">
    <ele>9.0</ele>
    <time>2025-10-28T15:39:07Z</time>
   </trkpt>
   <trkpt lat="22.5353790" lon="88.3462510">
    <ele>9.0</ele>
    <time>2025-10-28T15:39:08Z</time>
   </trkpt>
   <trkpt lat="22.5353860" lon="88.3462550">
    <ele>9.0</ele>
    <time>2025-10-28T15:39:09Z</time>
   </trkpt>
   <trkpt lat="22.5353980" lon="88.3462640">
    <ele>9.0</ele>
    <time>2025-10-28T15:39:10Z</time>
   </trkpt>
   <trkpt lat="22.5354130" lon="88.3462700">
    <ele>9.0</ele>
    <time>2025-10-28T15:39:11Z</time>
   </trkpt>
   <trkpt lat="22.5354260" lon="88.3462700">
    <ele>9.0</ele>
    <time>2025-10-28T15:39:12Z</time>
   </trkpt>
   <trkpt lat="22.5354410" lon="88.3462770">
    <ele>9.0</ele>
    <time>2025-10-28T15:39:13Z</time>
   </trkpt>
   <trkpt lat="22.5354630" lon="88.3462770">
    <ele>9.0</ele>
    <time>2025-10-28T15:39:14Z</time>
   </trkpt>
   <trkpt lat="22.5354770" lon="88.3462860">
    <ele>9.0</ele>
    <time>2025-10-28T15:39:15Z</time>
   </trkpt>
   <trkpt lat="22.5355080" lon="88.3462830">
    <ele>9.0</ele>
    <time>2025-10-28T15:39:16Z</time>
   </trkpt>
   <trkpt lat="22.5355160" lon="88.3462830">
    <ele>9.0</ele>
    <time>2025-10-28T15:39:17Z</time>
   </trkpt>
   <trkpt lat="22.5355300" lon="88.3462870">
    <ele>9.0</ele>
    <time>2025-10-28T15:39:18Z</time>
   </trkpt>
   <trkpt lat="22.5355460" lon="88.3462900">
    <ele>9.0</ele>
    <time>2025-10-28T15:39:19Z</time>
   </trkpt>
   <trkpt lat="22.5355590" lon="88.3462980">
    <ele>9.0</ele>
    <time>2025-10-28T15:39:20Z</time>
   </trkpt>
   <trkpt lat="22.5355750" lon="88.3463000">
    <ele>9.0</ele>
    <time>2025-10-28T15:39:21Z</time>
   </trkpt>
   <trkpt lat="22.5355850" lon="88.3463060">
    <ele>9.0</ele>
    <time>2025-10-28T15:39:22Z</time>
   </trkpt>
   <trkpt lat="22.5356010" lon="88.3463170">
    <ele>8.9</ele>
    <time>2025-10-28T15:39:23Z</time>
   </trkpt>
   <trkpt lat="22.5356210" lon="88.3463180">
    <ele>8.9</ele>
    <time>2025-10-28T15:39:24Z</time>
   </trkpt>
   <trkpt lat="22.5356300" lon="88.3463180">
    <ele>8.9</ele>
    <time>2025-10-28T15:39:25Z</time>
   </trkpt>
   <trkpt lat="22.5356380" lon="88.3463180">
    <ele>8.9</ele>
    <time>2025-10-28T15:39:26Z</time>
   </trkpt>
   <trkpt lat="22.5356510" lon="88.3463180">
    <ele>8.9</ele>
    <time>2025-10-28T15:39:27Z</time>
   </trkpt>
   <trkpt lat="22.5356620" lon="88.3463200">
    <ele>8.9</ele>
    <time>2025-10-28T15:39:28Z</time>
   </trkpt>
   <trkpt lat="22.5356720" lon="88.3463270">
    <ele>8.9</ele>
    <time>2025-10-28T15:39:29Z</time>
   </trkpt>
   <trkpt lat="22.5356830" lon="88.3463310">
    <ele>8.9</ele>
    <time>2025-10-28T15:39:30Z</time>
   </trkpt>
   <trkpt lat="22.5356920" lon="88.3463320">
    <ele>8.9</ele>
    <time>2025-10-28T15:39:31Z</time>
   </trkpt>
   <trkpt lat="22.5357000" lon="88.3463340">
    <ele>8.9</ele>
    <time>2025-10-28T15:39:32Z</time>
   </trkpt>
   <trkpt lat="22.5357090" lon="88.3463360">
    <ele>8.9</ele>
    <time>2025-10-28T15:39:33Z</time>
   </trkpt>
   <trkpt lat="22.5357360" lon="88.3463380">
    <ele>8.9</ele>
    <time>2025-10-28T15:39:34Z</time>
   </trkpt>
   <trkpt lat="22.5357520" lon="88.3463410">
    <ele>8.9</ele>
    <time>2025-10-28T15:39:35Z</time>
   </trkpt>
   <trkpt lat="22.5357700" lon="88.3463470">
    <ele>8.9</ele>
    <time>2025-10-28T15:39:36Z</time>
   </trkpt>
   <trkpt lat="22.5357820" lon="88.3463580">
    <ele>8.9</ele>
    <time>2025-10-28T15:39:37Z</time>
   </trkpt>
   <trkpt lat="22.5357940" lon="88.3463650">
    <ele>8.9</ele>
    <time>2025-10-28T15:39:38Z</time>
   </trkpt>
   <trkpt lat="22.5358040" lon="88.3463680">
    <ele>8.9</ele>
    <time>2025-10-28T15:39:39Z</time>
   </trkpt>
   <trkpt lat="22.5358220" lon="88.3463730">
    <ele>8.9</ele>
    <time>2025-10-28T15:39:40Z</time>
   </trkpt>
   <trkpt lat="22.5358310" lon="88.3463830">
    <ele>8.9</ele>
    <time>2025-10-28T15:39:41Z</time>
   </trkpt>
   <trkpt lat="22.5358370" lon="88.3463910">
    <ele>8.9</ele>
    <time>2025-10-28T15:39:42Z</time>
   </trkpt>
   <trkpt lat="22.5358490" lon="88.3463950">
    <ele>8.9</ele>
    <time>2025-10-28T15:39:43Z</time>
   </trkpt>
   <trkpt lat="22.5358550" lon="88.3464000">
    <ele>8.9</ele>
    <time>2025-10-28T15:39:44Z</time>
   </trkpt>
   <trkpt lat="22.5358580" lon="88.3464100">
    <ele>8.9</ele>
    <time>2025-10-28T15:39:45Z</time>
   </trkpt>
   <trkpt lat="22.5358660" lon="88.3464240">
    <ele>8.9</ele>
    <time>2025-10-28T15:39:46Z</time>
   </trkpt>
   <trkpt lat="22.5358790" lon="88.3464310">
    <ele>8.9</ele>
    <time>2025-10-28T15:39:47Z</time>
   </trkpt>
   <trkpt lat="22.5358880" lon="88.3464230">
    <ele>8.9</ele>
    <time>2025-10-28T15:39:48Z</time>
   </trkpt>
   <trkpt lat="22.5358980" lon="88.3464230">
    <ele>8.9</ele>
    <time>2025-10-28T15:39:49Z</time>
   </trkpt>
   <trkpt lat="22.5359170" lon="88.3464260">
    <ele>8.9</ele>
    <time>2025-10-28T15:39:50Z</time>
   </trkpt>
   <trkpt lat="22.5359310" lon="88.3464320">
    <ele>8.9</ele>
    <time>2025-10-28T15:39:51Z</time>
   </trkpt>
   <trkpt lat="22.5359530" lon="88.3464330">
    <ele>8.9</ele>
    <time>2025-10-28T15:39:52Z</time>
   </trkpt>
   <trkpt lat="22.5359610" lon="88.3464260">
    <ele>8.9</ele>
    <time>2025-10-28T15:39:53Z</time>
   </trkpt>
   <trkpt lat="22.5359680" lon="88.3464200">
    <ele>8.9</ele>
    <time>2025-10-28T15:39:54Z</time>
   </trkpt>
   <trkpt lat="22.5359800" lon="88.3464190">
    <ele>8.9</ele>
    <time>2025-10-28T15:39:55Z</time>
   </trkpt>
   <trkpt lat="22.5359910" lon="88.3464140">
    <ele>8.9</ele>
    <time>2025-10-28T15:39:56Z</time>
   </trkpt>
   <trkpt lat="22.5360020" lon="88.3464090">
    <ele>8.9</ele>
    <time>2025-10-28T15:39:57Z</time>
   </trkpt>
   <trkpt lat="22.5360150" lon="88.3464090">
    <ele>8.9</ele>
    <time>2025-10-28T15:39:58Z</time>
   </trkpt>
   <trkpt lat="22.5360330" lon="88.3464150">
    <ele>8.9</ele>
    <time>2025-10-28T15:39:59Z</time>
   </trkpt>
   <trkpt lat="22.5360480" lon="88.3464230">
    <ele>8.9</ele>
    <time>2025-10-28T15:40:00Z</time>
   </trkpt>
   <trkpt lat="22.5360630" lon="88.3464230">
    <ele>8.9</ele>
    <time>2025-10-28T15:40:01Z</time>
   </trkpt>
   <trkpt lat="22.5360760" lon="88.3464210">
    <ele>8.9</ele>
    <time>2025-10-28T15:40:02Z</time>
   </trkpt>
   <trkpt lat="22.5360840" lon="88.3464220">
    <ele>8.9</ele>
    <time>2025-10-28T15:40:03Z</time>
   </trkpt>
   <trkpt lat="22.5360980" lon="88.3464260">
    <ele>8.9</ele>
    <time>2025-10-28T15:40:04Z</time>
   </trkpt>
   <trkpt lat="22.5361180" lon="88.3464240">
    <ele>8.9</ele>
    <time>2025-10-28T15:40:05Z</time>
   </trkpt>
   <trkpt lat="22.5361290" lon="88.3464240">
    <ele>9.0</ele>
    <time>2025-10-28T15:40:06Z</time>
   </trkpt>
   <trkpt lat="22.5361390" lon="88.3464240">
    <ele>9.0</ele>
    <time>2025-10-28T15:40:07Z</time>
   </trkpt>
   <trkpt lat="22.5361530" lon="88.3464180">
    <ele>9.0</ele>
    <time>2025-10-28T15:40:08Z</time>
   </trkpt>
   <trkpt lat="22.5361710" lon="88.3464110">
    <ele>9.0</ele>
    <time>2025-10-28T15:40:09Z</time>
   </trkpt>
   <trkpt lat="22.5361810" lon="88.3464110">
    <ele>9.0</ele>
    <time>2025-10-28T15:40:10Z</time>
   </trkpt>
   <trkpt lat="22.5361850" lon="88.3464050">
    <ele>9.0</ele>
    <time>2025-10-28T15:40:11Z</time>
   </trkpt>
   <trkpt lat="22.5361980" lon="88.3464030">
    <ele>9.0</ele>
    <time>2025-10-28T15:40:12Z</time>
   </trkpt>
   <trkpt lat="22.5362300" lon="88.3464000">
    <ele>9.0</ele>
    <time>2025-10-28T15:40:13Z</time>
   </trkpt>
   <trkpt lat="22.5362370" lon="88.3463990">
    <ele>9.0</ele>
    <time>2025-10-28T15:40:14Z</time>
   </trkpt>
   <trkpt lat="22.5362450" lon="88.3463940">
    <ele>9.0</ele>
    <time>2025-10-28T15:40:15Z</time>
   </trkpt>
   <trkpt lat="22.5362570" lon="88.3464050">
    <ele>9.0</ele>
    <time>2025-10-28T15:40:16Z</time>
   </trkpt>
   <trkpt lat="22.5362710" lon="88.3464030">
    <ele>9.0</ele>
    <time>2025-10-28T15:40:17Z</time>
   </trkpt>
   <trkpt lat="22.5363000" lon="88.3464110">
    <ele>9.0</ele>
    <time>2025-10-28T15:40:18Z</time>
   </trkpt>
   <trkpt lat="22.5363100" lon="88.3464190">
    <ele>9.0</ele>
    <time>2025-10-28T15:40:19Z</time>
   </trkpt>
   <trkpt lat="22.5363880" lon="88.3464330">
    <ele>9.0</ele>
    <time>2025-10-28T15:40:20Z</time>
   </trkpt>
   <trkpt lat="22.5363750" lon="88.3464560">
    <ele>9.1</ele>
    <time>2025-10-28T15:40:21Z</time>
   </trkpt>
   <trkpt lat="22.5363880" lon="88.3464590">
    <ele>9.1</ele>
    <time>2025-10-28T15:40:22Z</time>
   </trkpt>
   <trkpt lat="22.5363990" lon="88.3464640">
    <ele>9.1</ele>
    <time>2025-10-28T15:40:23Z</time>
   </trkpt>
   <trkpt lat="22.5363980" lon="88.3464640">
    <ele>9.1</ele>
    <time>2025-10-28T15:40:24Z</time>
   </trkpt>
   <trkpt lat="22.5364130" lon="88.3464630">
    <ele>9.1</ele>
    <time>2025-10-28T15:40:25Z</time>
   </trkpt>
   <trkpt lat="22.5364320" lon="88.3464650">
    <ele>9.1</ele>
    <time>2025-10-28T15:40:26Z</time>
   </trkpt>
   <trkpt lat="22.5364520" lon="88.3464770">
    <ele>9.1</ele>
    <time>2025-10-28T15:40:27Z</time>
   </trkpt>
   <trkpt lat="22.5364600" lon="88.3464810">
    <ele>9.1</ele>
    <time>2025-10-28T15:40:28Z</time>
   </trkpt>
   <trkpt lat="22.5364670" lon="88.3464860">
    <ele>9.1</ele>
    <time>2025-10-28T15:40:29Z</time>
   </trkpt>
   <trkpt lat="22.5364820" lon="88.3464960">
    <ele>9.1</ele>
    <time>2025-10-28T15:40:30Z</time>
   </trkpt>
   <trkpt lat="22.5364960" lon="88.3465050">
    <ele>9.1</ele>
    <time>2025-10-28T15:40:31Z</time>
   </trkpt>
   <trkpt lat="22.5365060" lon="88.3465130">
    <ele>9.1</ele>
    <time>2025-10-28T15:40:32Z</time>
   </trkpt>
   <trkpt lat="22.5365210" lon="88.3465210">
    <ele>9.1</ele>
    <time>2025-10-28T15:40:33Z</time>
   </trkpt>
   <trkpt lat="22.5365310" lon="88.3465320">
    <ele>9.1</ele>
    <time>2025-10-28T15:40:34Z</time>
   </trkpt>
   <trkpt lat="22.5365430" lon="88.3465350">
    <ele>9.1</ele>
    <time>2025-10-28T15:40:35Z</time>
   </trkpt>
   <trkpt lat="22.5365490" lon="88.3465420">
    <ele>9.1</ele>
    <time>2025-10-28T15:40:36Z</time>
   </trkpt>
   <trkpt lat="22.5365640" lon="88.3465380">
    <ele>9.0</ele>
    <time>2025-10-28T15:40:37Z</time>
   </trkpt>
   <trkpt lat="22.5365740" lon="88.3465480">
    <ele>9.0</ele>
    <time>2025-10-28T15:40:38Z</time>
   </trkpt>
   <trkpt lat="22.5365770" lon="88.3465510">
    <ele>9.0</ele>
    <time>2025-10-28T15:40:39Z</time>
   </trkpt>
   <trkpt lat="22.5366030" lon="88.3465520">
    <ele>9.0</ele>
    <time>2025-10-28T15:40:40Z</time>
   </trkpt>
   <trkpt lat="22.5366090" lon="88.3465520">
    <ele>9.0</ele>
    <time>2025-10-28T15:40:41Z</time>
   </trkpt>
   <trkpt lat="22.5366160" lon="88.3465520">
    <ele>9.0</ele>
    <time>2025-10-28T15:40:42Z</time>
   </trkpt>
   <trkpt lat="22.5366310" lon="88.3465550">
    <ele>9.0</ele>
    <time>2025-10-28T15:40:43Z</time>
   </trkpt>
   <trkpt lat="22.5366450" lon="88.3465580">
    <ele>9.0</ele>
    <time>2025-10-28T15:40:44Z</time>
   </trkpt>
   <trkpt lat="22.5366570" lon="88.3465610">
    <ele>9.0</ele>
    <time>2025-10-28T15:40:45Z</time>
   </trkpt>
   <trkpt lat="22.5366700" lon="88.3465520">
    <ele>9.0</ele>
    <time>2025-10-28T15:40:46Z</time>
   </trkpt>
   <trkpt lat="22.5366770" lon="88.3465490">
    <ele>9.0</ele>
    <time>2025-10-28T15:40:47Z</time>
   </trkpt>
   <trkpt lat="22.5366840" lon="88.3465420">
    <ele>9.0</ele>
    <time>2025-10-28T15:40:48Z</time>
   </trkpt>
   <trkpt lat="22.5366980" lon="88.3465380">
    <ele>9.0</ele>
    <time>2025-10-28T15:40:49Z</time>
   </trkpt>
   <trkpt lat="22.5367110" lon="88.3465380">
    <ele>9.0</ele>
    <time>2025-10-28T15:40:50Z</time>
   </trkpt>
   <trkpt lat="22.5367240" lon="88.3465360">
    <ele>9.0</ele>
    <time>2025-10-28T15:40:51Z</time>
   </trkpt>
   <trkpt lat="22.5367400" lon="88.3465360">
    <ele>9.0</ele>
    <time>2025-10-28T15:40:52Z</time>
   </trkpt>
   <trkpt lat="22.5367530" lon="88.3465290">
    <ele>9.0</ele>
    <time>2025-10-28T15:40:53Z</time>
   </trkpt>
   <trkpt lat="22.5367720" lon="88.3465210">
    <ele>9.0</ele>
    <time>2025-10-28T15:40:54Z</time>
   </trkpt>
   <trkpt lat="22.5367900" lon="88.3465200">
    <ele>8.9</ele>
    <time>2025-10-28T15:40:55Z</time>
   </trkpt>
   <trkpt lat="22.5368040" lon="88.3465170">
    <ele>8.9</ele>
    <time>2025-10-28T15:40:56Z</time>
   </trkpt>
   <trkpt lat="22.5368140" lon="88.3465170">
    <ele>8.9</ele>
    <time>2025-10-28T15:40:57Z</time>
   </trkpt>
   <trkpt lat="22.5368270" lon="88.3465140">
    <ele>8.9</ele>
    <time>2025-10-28T15:40:58Z</time>
   </trkpt>
   <trkpt lat="22.5368350" lon="88.3465080">
    <ele>8.9</ele>
    <time>2025-10-28T15:40:59Z</time>
   </trkpt>
   <trkpt lat="22.5368540" lon="88.3465090">
    <ele>8.9</ele>
    <time>2025-10-28T15:41:00Z</time>
   </trkpt>
   <trkpt lat="22.5368640" lon="88.3465100">
    <ele>8.9</ele>
    <time>2025-10-28T15:41:01Z</time>
   </trkpt>
   <trkpt lat="22.5368750" lon="88.3465110">
    <ele>8.9</ele>
    <time>2025-10-28T15:41:02Z</time>
   </trkpt>
   <trkpt lat="22.5369040" lon="88.3465200">
    <ele>8.9</ele>
    <time>2025-10-28T15:41:03Z</time>
   </trkpt>
   <trkpt lat="22.5369120" lon="88.3465260">
    <ele>8.9</ele>
    <time>2025-10-28T15:41:04Z</time>
   </trkpt>
   <trkpt lat="22.5369240" lon="88.3465180">
    <ele>8.9</ele>
    <time>2025-10-28T15:41:05Z</time>
   </trkpt>
   <trkpt lat="22.5369430" lon="88.3465320">
    <ele>8.9</ele>
    <time>2025-10-28T15:41:07Z</time>
   </trkpt>
   <trkpt lat="22.5369580" lon="88.3465400">
    <ele>8.9</ele>
    <time>2025-10-28T15:41:08Z</time>
   </trkpt>
   <trkpt lat="22.5369690" lon="88.3465430">
    <ele>8.9</ele>
    <time>2025-10-28T15:41:09Z</time>
   </trkpt>
   <trkpt lat="22.5369850" lon="88.3465570">
    <ele>8.9</ele>
    <time>2025-10-28T15:41:10Z</time>
   </trkpt>
   <trkpt lat="22.5370010" lon="88.3465550">
    <ele>8.9</ele>
    <time>2025-10-28T15:41:11Z</time>
   </trkpt>
   <trkpt lat="22.5370090" lon="88.3465490">
    <ele>8.9</ele>
    <time>2025-10-28T15:41:12Z</time>
   </trkpt>
   <trkpt lat="22.5370210" lon="88.3465410">
    <ele>8.9</ele>
    <time>2025-10-28T15:41:13Z</time>
   </trkpt>
   <trkpt lat="22.5370330" lon="88.3465400">
    <ele>8.9</ele>
    <time>2025-10-28T15:41:14Z</time>
   </trkpt>
   <trkpt lat="22.5370460" lon="88.3465400">
    <ele>8.9</ele>
    <time>2025-10-28T15:41:15Z</time>
   </trkpt>
   <trkpt lat="22.5370640" lon="88.3465410">
    <ele>8.9</ele>
    <time>2025-10-28T15:41:16Z</time>
   </trkpt>
   <trkpt lat="22.5370900" lon="88.3465530">
    <ele>8.9</ele>
    <time>2025-10-28T15:41:17Z</time>
   </trkpt>
   <trkpt lat="22.5370980" lon="88.3465540">
    <ele>8.9</ele>
    <time>2025-10-28T15:41:18Z</time>
   </trkpt>
   <trkpt lat="22.5371280" lon="88.3465620">
    <ele>8.8</ele>
    <time>2025-10-28T15:41:19Z</time>
   </trkpt>
   <trkpt lat="22.5371420" lon="88.3465630">
    <ele>8.8</ele>
    <time>2025-10-28T15:41:20Z</time>
   </trkpt>
   <trkpt lat="22.5371490" lon="88.3465690">
    <ele>8.8</ele>
    <time>2025-10-28T15:41:21Z</time>
   </trkpt>
   <trkpt lat="22.5371680" lon="88.3465730">
    <ele>8.8</ele>
    <time>2025-10-28T15:41:22Z</time>
   </trkpt>
   <trkpt lat="22.5371900" lon="88.3465790">
    <ele>8.8</ele>
    <time>2025-10-28T15:41:23Z</time>
   </trkpt>
   <trkpt lat="22.5371990" lon="88.3465810">
    <ele>8.8</ele>
    <time>2025-10-28T15:41:24Z</time>
   </trkpt>
   <trkpt lat="22.5372080" lon="88.3465830">
    <ele>8.8</ele>
    <time>2025-10-28T15:41:25Z</time>
   </trkpt>
   <trkpt lat="22.5372260" lon="88.3465810">
    <ele>8.8</ele>
    <time>2025-10-28T15:41:26Z</time>
   </trkpt>
   <trkpt lat="22.5372620" lon="88.3465890">
    <ele>8.8</ele>
    <time>2025-10-28T15:41:27Z</time>
   </trkpt>
   <trkpt lat="22.5372690" lon="88.3465970">
    <ele>8.8</ele>
    <time>2025-10-28T15:41:28Z</time>
   </trkpt>
   <trkpt lat="22.5372740" lon="88.3466020">
    <ele>8.8</ele>
    <time>2025-10-28T15:41:29Z</time>
   </trkpt>
   <trkpt lat="22.5372920" lon="88.3466100">
    <ele>8.8</ele>
    <time>2025-10-28T15:41:30Z</time>
   </trkpt>
   <trkpt lat="22.5373000" lon="88.3466130">
    <ele>8.8</ele>
    <time>2025-10-28T15:41:31Z</time>
   </trkpt>
   <trkpt lat="22.5373090" lon="88.3466160">
    <ele>8.8</ele>
    <time>2025-10-28T15:41:32Z</time>
   </trkpt>
   <trkpt lat="22.5373260" lon="88.3466090">
    <ele>8.8</ele>
    <time>2025-10-28T15:41:33Z</time>
   </trkpt>
   <trkpt lat="22.5373370" lon="88.3466070">
    <ele>8.8</ele>
    <time>2025-10-28T15:41:34Z</time>
   </trkpt>
   <trkpt lat="22.5373440" lon="88.3466120">
    <ele>8.8</ele>
    <time>2025-10-28T15:41:35Z</time>
   </trkpt>
   <trkpt lat="22.5373590" lon="88.3466120">
    <ele>8.8</ele>
    <time>2025-10-28T15:41:36Z</time>
   </trkpt>
   <trkpt lat="22.5373680" lon="88.3466140">
    <ele>8.8</ele>
    <time>2025-10-28T15:41:37Z</time>
   </trkpt>
   <trkpt lat="22.5373780" lon="88.3466250">
    <ele>8.8</ele>
    <time>2025-10-28T15:41:38Z</time>
   </trkpt>
   <trkpt lat="22.5373810" lon="88.3466340">
    <ele>8.8</ele>
    <time>2025-10-28T15:41:39Z</time>
   </trkpt>
   <trkpt lat="22.5373940" lon="88.3466350">
    <ele>8.8</ele>
    <time>2025-10-28T15:41:40Z</time>
   </trkpt>
   <trkpt lat="22.5374220" lon="88.3466410">
    <ele>8.8</ele>
    <time>2025-10-28T15:41:41Z</time>
   </trkpt>
   <trkpt lat="22.5374310" lon="88.3466460">
    <ele>8.8</ele>
    <time>2025-10-28T15:41:42Z</time>
   </trkpt>
   <trkpt lat="22.5374590" lon="88.3466530">
    <ele>8.8</ele>
    <time>2025-10-28T15:41:43Z</time>
   </trkpt>
   <trkpt lat="22.5374650" lon="88.3466600">
    <ele>8.8</ele>
    <time>2025-10-28T15:41:44Z</time>
   </trkpt>
   <trkpt lat="22.5374810" lon="88.3466700">
    <ele>8.8</ele>
    <time>2025-10-28T15:41:45Z</time>
   </trkpt>
   <trkpt lat="22.5374920" lon="88.3466700">
    <ele>8.8</ele>
    <time>2025-10-28T15:41:46Z</time>
   </trkpt>
   <trkpt lat="22.5375040" lon="88.3466690">
    <ele>8.8</ele>
    <time>2025-10-28T15:41:47Z</time>
   </trkpt>
   <trkpt lat="22.5375180" lon="88.3466740">
    <ele>8.8</ele>
    <time>2025-10-28T15:41:48Z</time>
   </trkpt>
   <trkpt lat="22.5375350" lon="88.3466800">
    <ele>8.8</ele>
    <time>2025-10-28T15:41:49Z</time>
   </trkpt>
   <trkpt lat="22.5375500" lon="88.3466850">
    <ele>8.8</ele>
    <time>2025-10-28T15:41:50Z</time>
   </trkpt>
   <trkpt lat="22.5375690" lon="88.3466930">
    <ele>8.8</ele>
    <time>2025-10-28T15:41:51Z</time>
   </trkpt>
   <trkpt lat="22.5375830" lon="88.3466930">
    <ele>8.8</ele>
    <time>2025-10-28T15:41:52Z</time>
   </trkpt>
   <trkpt lat="22.5375910" lon="88.3466970">
    <ele>8.8</ele>
    <time>2025-10-28T15:41:53Z</time>
   </trkpt>
   <trkpt lat="22.5375990" lon="88.3467020">
    <ele>8.8</ele>
    <time>2025-10-28T15:41:54Z</time>
   </trkpt>
   <trkpt lat="22.5376070" lon="88.3467070">
    <ele>8.8</ele>
    <time>2025-10-28T15:41:55Z</time>
   </trkpt>
   <trkpt lat="22.5376350" lon="88.3467120">
    <ele>8.8</ele>
    <time>2025-10-28T15:41:56Z</time>
   </trkpt>
   <trkpt lat="22.5376460" lon="88.3467130">
    <ele>8.8</ele>
    <time>2025-10-28T15:41:57Z</time>
   </trkpt>
   <trkpt lat="22.5376630" lon="88.3467190">
    <ele>8.8</ele>
    <time>2025-10-28T15:41:58Z</time>
   </trkpt>
   <trkpt lat="22.5376730" lon="88.3467240">
    <ele>8.8</ele>
    <time>2025-10-28T15:41:59Z</time>
   </trkpt>
   <trkpt lat="22.5376830" lon="88.3467280">
    <ele>8.8</ele>
    <time>2025-10-28T15:42:00Z</time>
   </trkpt>
   <trkpt lat="22.5376960" lon="88.3467390">
    <ele>8.9</ele>
    <time>2025-10-28T15:42:01Z</time>
   </trkpt>
   <trkpt lat="22.5377110" lon="88.3467460">
    <ele>8.9</ele>
    <time>2025-10-28T15:42:02Z</time>
   </trkpt>
   <trkpt lat="22.5377340" lon="88.3467450">
    <ele>8.9</ele>
    <time>2025-10-28T15:42:03Z</time>
   </trkpt>
   <trkpt lat="22.5377420" lon="88.3467440">
    <ele>8.9</ele>
    <time>2025-10-28T15:42:04Z</time>
   </trkpt>
   <trkpt lat="22.5377510" lon="88.3467440">
    <ele>8.9</ele>
    <time>2025-10-28T15:42:05Z</time>
   </trkpt>
   <trkpt lat="22.5377650" lon="88.3467440">
    <ele>8.9</ele>
    <time>2025-10-28T15:42:06Z</time>
   </trkpt>
   <trkpt lat="22.5377810" lon="88.3467350">
    <ele>8.9</ele>
    <time>2025-10-28T15:42:07Z</time>
   </trkpt>
   <trkpt lat="22.5377850" lon="88.3467370">
    <ele>9.0</ele>
    <time>2025-10-28T15:42:08Z</time>
   </trkpt>
   <trkpt lat="22.5377950" lon="88.3467370">
    <ele>9.0</ele>
    <time>2025-10-28T15:42:09Z</time>
   </trkpt>
   <trkpt lat="22.5378080" lon="88.3467350">
    <ele>9.0</ele>
    <time>2025-10-28T15:42:10Z</time>
   </trkpt>
   <trkpt lat="22.5378200" lon="88.3467350">
    <ele>9.0</ele>
    <time>2025-10-28T15:42:11Z</time>
   </trkpt>
   <trkpt lat="22.5378220" lon="88.3467380">
    <ele>9.0</ele>
    <time>2025-10-28T15:42:12Z</time>
   </trkpt>
   <trkpt lat="22.5378360" lon="88.3467390">
    <ele>9.0</ele>
    <time>2025-10-28T15:42:13Z</time>
   </trkpt>
   <trkpt lat="22.5378560" lon="88.3467380">
    <ele>9.0</ele>
    <time>2025-10-28T15:42:14Z</time>
   </trkpt>
   <trkpt lat="22.5378660" lon="88.3467390">
    <ele>9.0</ele>
    <time>2025-10-28T15:42:15Z</time>
   </trkpt>
   <trkpt lat="22.5378760" lon="88.3467390">
    <ele>9.0</ele>
    <time>2025-10-28T15:42:16Z</time>
   </trkpt>
   <trkpt lat="22.5378980" lon="88.3467450">
    <ele>9.1</ele>
    <time>2025-10-28T15:42:17Z</time>
   </trkpt>
   <trkpt lat="22.5379070" lon="88.3467440">
    <ele>9.1</ele>
    <time>2025-10-28T15:42:18Z</time>
   </trkpt>
   <trkpt lat="22.5379150" lon="88.3467440">
    <ele>9.1</ele>
    <time>2025-10-28T15:42:19Z</time>
   </trkpt>
   <trkpt lat="22.5379370" lon="88.3467420">
    <ele>9.1</ele>
    <time>2025-10-28T15:42:20Z</time>
   </trkpt>
   <trkpt lat="22.5379470" lon="88.3467400">
    <ele>9.1</ele>
    <time>2025-10-28T15:42:21Z</time>
   </trkpt>
   <trkpt lat="22.5379570" lon="88.3467370">
    <ele>9.1</ele>
    <time>2025-10-28T15:42:22Z</time>
   </trkpt>
   <trkpt lat="22.5379690" lon="88.3467360">
    <ele>9.1</ele>
    <time>2025-10-28T15:42:23Z</time>
   </trkpt>
   <trkpt lat="22.5379850" lon="88.3467340">
    <ele>9.1</ele>
    <time>2025-10-28T15:42:24Z</time>
   </trkpt>
   <trkpt lat="22.5379970" lon="88.3467280">
    <ele>9.1</ele>
    <time>2025-10-28T15:42:25Z</time>
   </trkpt>
   <trkpt lat="22.5380070" lon="88.3467230">
    <ele>9.2</ele>
    <time>2025-10-28T15:42:26Z</time>
   </trkpt>
   <trkpt lat="22.5380170" lon="88.3467200">
    <ele>9.2</ele>
    <time>2025-10-28T15:42:27Z</time>
   </trkpt>
   <trkpt lat="22.5380290" lon="88.3467180">
    <ele>9.2</ele>
    <time>2025-10-28T15:42:28Z</time>
   </trkpt>
   <trkpt lat="22.5380460" lon="88.3467250">
    <ele>9.2</ele>
    <time>2025-10-28T15:42:29Z</time>
   </trkpt>
   <trkpt lat="22.5380570" lon="88.3467370">
    <ele>9.2</ele>
    <time>2025-10-28T15:42:30Z</time>
   </trkpt>
   <trkpt lat="22.5380610" lon="88.3467480">
    <ele>9.2</ele>
    <time>2025-10-28T15:42:31Z</time>
   </trkpt>
   <trkpt lat="22.5380700" lon="88.3467520">
    <ele>9.2</ele>
    <time>2025-10-28T15:42:32Z</time>
   </trkpt>
   <trkpt lat="22.5380750" lon="88.3467570">
    <ele>9.2</ele>
    <time>2025-10-28T15:42:33Z</time>
   </trkpt>
   <trkpt lat="22.5380810" lon="88.3467710">
    <ele>9.2</ele>
    <time>2025-10-28T15:42:34Z</time>
   </trkpt>
   <trkpt lat="22.5380910" lon="88.3467730">
    <ele>9.3</ele>
    <time>2025-10-28T15:42:35Z</time>
   </trkpt>
   <trkpt lat="22.5381040" lon="88.3467750">
    <ele>9.3</ele>
    <time>2025-10-28T15:42:36Z</time>
   </trkpt>
   <trkpt lat="22.5381180" lon="88.3467780">
    <ele>9.3</ele>
    <time>2025-10-28T15:42:37Z</time>
   </trkpt>
   <trkpt lat="22.5381290" lon="88.3467770">
    <ele>9.3</ele>
    <time>2025-10-28T15:42:38Z</time>
   </trkpt>
   <trkpt lat="22.5381340" lon="88.3467800">
    <ele>9.3</ele>
    <time>2025-10-28T15:42:39Z</time>
   </trkpt>
   <trkpt lat="22.5381420" lon="88.3467800">
    <ele>9.3</ele>
    <time>2025-10-28T15:42:40Z</time>
   </trkpt>
   <trkpt lat="22.5381350" lon="88.3467790">
    <ele>9.3</ele>
    <time>2025-10-28T15:42:41Z</time>
   </trkpt>
   <trkpt lat="22.5381390" lon="88.3467790">
    <ele>9.3</ele>
    <time>2025-10-28T15:42:42Z</time>
   </trkpt>
   <trkpt lat="22.5381500" lon="88.3467740">
    <ele>9.3</ele>
    <time>2025-10-28T15:42:43Z</time>
   </trkpt>
   <trkpt lat="22.5381670" lon="88.3467790">
    <ele>9.2</ele>
    <time>2025-10-28T15:42:44Z</time>
   </trkpt>
   <trkpt lat="22.5381830" lon="88.3467760">
    <ele>9.2</ele>
    <time>2025-10-28T15:42:45Z</time>
   </trkpt>
   <trkpt lat="22.5382060" lon="88.3467810">
    <ele>9.2</ele>
    <time>2025-10-28T15:42:46Z</time>
   </trkpt>
   <trkpt lat="22.5382150" lon="88.3467810">
    <ele>9.2</ele>
    <time>2025-10-28T15:42:47Z</time>
   </trkpt>
   <trkpt lat="22.5382290" lon="88.3467870">
    <ele>9.2</ele>
    <time>2025-10-28T15:42:48Z</time>
   </trkpt>
   <trkpt lat="22.5382410" lon="88.3467870">
    <ele>9.2</ele>
    <time>2025-10-28T15:42:49Z</time>
   </trkpt>
   <trkpt lat="22.5382520" lon="88.3467870">
    <ele>9.1</ele>
    <time>2025-10-28T15:42:50Z</time>
   </trkpt>
   <trkpt lat="22.5382670" lon="88.3467900">
    <ele>9.1</ele>
    <time>2025-10-28T15:42:51Z</time>
   </trkpt>
   <trkpt lat="22.5382820" lon="88.3467950">
    <ele>9.1</ele>
    <time>2025-10-28T15:42:52Z</time>
   </trkpt>
   <trkpt lat="22.5382950" lon="88.3467920">
    <ele>9.1</ele>
    <time>2025-10-28T15:42:53Z</time>
   </trkpt>
   <trkpt lat="22.5383120" lon="88.3467900">
    <ele>9.1</ele>
    <time>2025-10-28T15:42:54Z</time>
   </trkpt>
   <trkpt lat="22.5383290" lon="88.3467940">
    <ele>9.1</ele>
    <time>2025-10-28T15:42:55Z</time>
   </trkpt>
   <trkpt lat="22.5383390" lon="88.3467870">
    <ele>9.0</ele>
    <time>2025-10-28T15:42:56Z</time>
   </trkpt>
   <trkpt lat="22.5383510" lon="88.3467770">
    <ele>9.0</ele>
    <time>2025-10-28T15:42:57Z</time>
   </trkpt>
   <trkpt lat="22.5383590" lon="88.3467740">
    <ele>9.0</ele>
    <time>2025-10-28T15:42:58Z</time>
   </trkpt>
   <trkpt lat="22.5383730" lon="88.3467730">
    <ele>9.0</ele>
    <time>2025-10-28T15:42:59Z</time>
   </trkpt>
   <trkpt lat="22.5383910" lon="88.3467750">
    <ele>9.0</ele>
    <time>2025-10-28T15:43:00Z</time>
   </trkpt>
   <trkpt lat="22.5384050" lon="88.3467760">
    <ele>9.0</ele>
    <time>2025-10-28T15:43:01Z</time>
   </trkpt>
   <trkpt lat="22.5384200" lon="88.3467780">
    <ele>8.9</ele>
    <time>2025-10-28T15:43:02Z</time>
   </trkpt>
   <trkpt lat="22.5384340" lon="88.3467790">
    <ele>8.9</ele>
    <time>2025-10-28T15:43:03Z</time>
   </trkpt>
   <trkpt lat="22.5384520" lon="88.3467830">
    <ele>8.9</ele>
    <time>2025-10-28T15:43:04Z</time>
   </trkpt>
   <trkpt lat="22.5384730" lon="88.3467930">
    <ele>8.9</ele>
    <time>2025-10-28T15:43:05Z</time>
   </trkpt>
   <trkpt lat="22.5384830" lon="88.3467970">
    <ele>8.9</ele>
    <time>2025-10-28T15:43:06Z</time>
   </trkpt>
   <trkpt lat="22.5385070" lon="88.3468030">
    <ele>8.8</ele>
    <time>2025-10-28T15:43:07Z</time>
   </trkpt>
   <trkpt lat="22.5385190" lon="88.3468060">
    <ele>8.8</ele>
    <time>2025-10-28T15:43:08Z</time>
   </trkpt>
   <trkpt lat="22.5385310" lon="88.3468090">
    <ele>8.8</ele>
    <time>2025-10-28T15:43:09Z</time>
   </trkpt>
   <trkpt lat="22.5385550" lon="88.3468230">
    <ele>8.8</ele>
    <time>2025-10-28T15:43:10Z</time>
   </trkpt>
   <trkpt lat="22.5385620" lon="88.3468250">
    <ele>8.8</ele>
    <time>2025-10-28T15:43:11Z</time>
   </trkpt>
   <trkpt lat="22.5385700" lon="88.3468260">
    <ele>8.8</ele>
    <time>2025-10-28T15:43:12Z</time>
   </trkpt>
   <trkpt lat="22.5385770" lon="88.3468280">
    <ele>8.8</ele>
    <time>2025-10-28T15:43:13Z</time>
   </trkpt>
   <trkpt lat="22.5385900" lon="88.3468360">
    <ele>8.8</ele>
    <time>2025-10-28T15:43:14Z</time>
   </trkpt>
   <trkpt lat="22.5386040" lon="88.3468440">
    <ele>8.8</ele>
    <time>2025-10-28T15:43:15Z</time>
   </trkpt>
   <trkpt lat="22.5386170" lon="88.3468440">
    <ele>8.8</ele>
    <time>2025-10-28T15:43:16Z</time>
   </trkpt>
   <trkpt lat="22.5386300" lon="88.3468390">
    <ele>8.8</ele>
    <time>2025-10-28T15:43:17Z</time>
   </trkpt>
   <trkpt lat="22.5386480" lon="88.3468510">
    <ele>8.8</ele>
    <time>2025-10-28T15:43:18Z</time>
   </trkpt>
   <trkpt lat="22.5386590" lon="88.3468500">
    <ele>8.7</ele>
    <time>2025-10-28T15:43:19Z</time>
   </trkpt>
   <trkpt lat="22.5386690" lon="88.3468500">
    <ele>8.7</ele>
    <time>2025-10-28T15:43:20Z</time>
   </trkpt>
   <trkpt lat="22.5386850" lon="88.3468510">
    <ele>8.7</ele>
    <time>2025-10-28T15:43:21Z</time>
   </trkpt>
   <trkpt lat="22.5387050" lon="88.3468530">
    <ele>8.7</ele>
    <time>2025-10-28T15:43:22Z</time>
   </trkpt>
   <trkpt lat="22.5387240" lon="88.3468570">
    <ele>8.7</ele>
    <time>2025-10-28T15:43:23Z</time>
   </trkpt>
   <trkpt lat="22.5387330" lon="88.3468600">
    <ele>8.7</ele>
    <time>2025-10-28T15:43:24Z</time>
   </trkpt>
   <trkpt lat="22.5387410" lon="88.3468630">
    <ele>8.7</ele>
    <time>2025-10-28T15:43:25Z</time>
   </trkpt>
   <trkpt lat="22.5387720" lon="88.3468590">
    <ele>8.7</ele>
    <time>2025-10-28T15:43:26Z</time>
   </trkpt>
   <trkpt lat="22.5387790" lon="88.3468560">
    <ele>8.7</ele>
    <time>2025-10-28T15:43:27Z</time>
   </trkpt>
   <trkpt lat="22.5387920" lon="88.3468540">
    <ele>8.7</ele>
    <time>2025-10-28T15:43:28Z</time>
   </trkpt>
   <trkpt lat="22.5387990" lon="88.3468570">
    <ele>8.7</ele>
    <time>2025-10-28T15:43:29Z</time>
   </trkpt>
   <trkpt lat="22.5388130" lon="88.3468560">
    <ele>8.7</ele>
    <time>2025-10-28T15:43:30Z</time>
   </trkpt>
   <trkpt lat="22.5388320" lon="88.3468560">
    <ele>8.7</ele>
    <time>2025-10-28T15:43:31Z</time>
   </trkpt>
   <trkpt lat="22.5388430" lon="88.3468520">
    <ele>8.7</ele>
    <time>2025-10-28T15:43:32Z</time>
   </trkpt>
   <trkpt lat="22.5388530" lon="88.3468480">
    <ele>8.7</ele>
    <time>2025-10-28T15:43:33Z</time>
   </trkpt>
   <trkpt lat="22.5388730" lon="88.3468520">
    <ele>8.7</ele>
    <time>2025-10-28T15:43:34Z</time>
   </trkpt>
   <trkpt lat="22.5388840" lon="88.3468520">
    <ele>8.7</ele>
    <time>2025-10-28T15:43:35Z</time>
   </trkpt>
   <trkpt lat="22.5388940" lon="88.3468520">
    <ele>8.7</ele>
    <time>2025-10-28T15:43:36Z</time>
   </trkpt>
   <trkpt lat="22.5389050" lon="88.3468640">
    <ele>8.7</ele>
    <time>2025-10-28T15:43:37Z</time>
   </trkpt>
   <trkpt lat="22.5389150" lon="88.3468660">
    <ele>8.7</ele>
    <time>2025-10-28T15:43:38Z</time>
   </trkpt>
   <trkpt lat="22.5389260" lon="88.3468690">
    <ele>8.7</ele>
    <time>2025-10-28T15:43:39Z</time>
   </trkpt>
   <trkpt lat="22.5389360" lon="88.3468720">
    <ele>8.7</ele>
    <time>2025-10-28T15:43:40Z</time>
   </trkpt>
   <trkpt lat="22.5389490" lon="88.3468810">
    <ele>8.7</ele>
    <time>2025-10-28T15:43:41Z</time>
   </trkpt>
   <trkpt lat="22.5389610" lon="88.3468810">
    <ele>8.7</ele>
    <time>2025-10-28T15:43:42Z</time>
   </trkpt>
   <trkpt lat="22.5389720" lon="88.3468810">
    <ele>8.7</ele>
    <time>2025-10-28T15:43:43Z</time>
   </trkpt>
   <trkpt lat="22.5389820" lon="88.3468780">
    <ele>8.7</ele>
    <time>2025-10-28T15:43:44Z</time>
   </trkpt>
   <trkpt lat="22.5389930" lon="88.3468780">
    <ele>8.7</ele>
    <time>2025-10-28T15:43:45Z</time>
   </trkpt>
   <trkpt lat="22.5389970" lon="88.3468700">
    <ele>8.7</ele>
    <time>2025-10-28T15:43:46Z</time>
   </trkpt>
   <trkpt lat="22.5390100" lon="88.3468670">
    <ele>8.7</ele>
    <time>2025-10-28T15:43:47Z</time>
   </trkpt>
   <trkpt lat="22.5390250" lon="88.3468700">
    <ele>8.7</ele>
    <time>2025-10-28T15:43:48Z</time>
   </trkpt>
   <trkpt lat="22.5390470" lon="88.3468760">
    <ele>8.7</ele>
    <time>2025-10-28T15:43:49Z</time>
   </trkpt>
   <trkpt lat="22.5390580" lon="88.3468770">
    <ele>8.7</ele>
    <time>2025-10-28T15:43:50Z</time>
   </trkpt>
   <trkpt lat="22.5390680" lon="88.3468770">
    <ele>8.7</ele>
    <time>2025-10-28T15:43:51Z</time>
   </trkpt>
   <trkpt lat="22.5390930" lon="88.3468770">
    <ele>8.7</ele>
    <time>2025-10-28T15:43:52Z</time>
   </trkpt>
   <trkpt lat="22.5391030" lon="88.3468770">
    <ele>8.7</ele>
    <time>2025-10-28T15:43:53Z</time>
   </trkpt>
   <trkpt lat="22.5391140" lon="88.3468760">
    <ele>8.7</ele>
    <time>2025-10-28T15:43:54Z</time>
   </trkpt>
   <trkpt lat="22.5391460" lon="88.3468760">
    <ele>8.7</ele>
    <time>2025-10-28T15:43:55Z</time>
   </trkpt>
   <trkpt lat="22.5391590" lon="88.3468760">
    <ele>8.7</ele>
    <time>2025-10-28T15:43:56Z</time>
   </trkpt>
   <trkpt lat="22.5391710" lon="88.3468750">
    <ele>8.7</ele>
    <time>2025-10-28T15:43:57Z</time>
   </trkpt>
   <trkpt lat="22.5391860" lon="88.3468760">
    <ele>8.8</ele>
    <time>2025-10-28T15:43:58Z</time>
   </trkpt>
   <trkpt lat="22.5391920" lon="88.3468670">
    <ele>8.8</ele>
    <time>2025-10-28T15:43:59Z</time>
   </trkpt>
   <trkpt lat="22.5392000" lon="88.3468670">
    <ele>8.8</ele>
    <time>2025-10-28T15:44:00Z</time>
   </trkpt>
   <trkpt lat="22.5392140" lon="88.3468730">
    <ele>8.8</ele>
    <time>2025-10-28T15:44:01Z</time>
   </trkpt>
   <trkpt lat="22.5392470" lon="88.3468740">
    <ele>8.8</ele>
    <time>2025-10-28T15:44:02Z</time>
   </trkpt>
   <trkpt lat="22.5392640" lon="88.3468510">
    <ele>8.8</ele>
    <time>2025-10-28T15:44:03Z</time>
   </trkpt>
   <trkpt lat="22.5392780" lon="88.3468720">
    <ele>8.8</ele>
    <time>2025-10-28T15:44:04Z</time>
   </trkpt>
   <trkpt lat="22.5392840" lon="88.3468950">
    <ele>8.8</ele>
    <time>2025-10-28T15:44:05Z</time>
   </trkpt>
   <trkpt lat="22.5392900" lon="88.3469170">
    <ele>8.8</ele>
    <time>2025-10-28T15:44:06Z</time>
   </trkpt>
   <trkpt lat="22.5392920" lon="88.3469310">
    <ele>8.8</ele>
    <time>2025-10-28T15:44:07Z</time>
   </trkpt>
   <trkpt lat="22.5392900" lon="88.3469560">
    <ele>8.8</ele>
    <time>2025-10-28T15:44:08Z</time>
   </trkpt>
   <trkpt lat="22.5393130" lon="88.3469750">
    <ele>8.8</ele>
    <time>2025-10-28T15:44:09Z</time>
   </trkpt>
   <trkpt lat="22.5393250" lon="88.3469790">
    <ele>8.8</ele>
    <time>2025-10-28T15:44:10Z</time>
   </trkpt>
   <trkpt lat="22.5393420" lon="88.3469820">
    <ele>8.8</ele>
    <time>2025-10-28T15:44:11Z</time>
   </trkpt>
   <trkpt lat="22.5393510" lon="88.3469850">
    <ele>8.8</ele>
    <time>2025-10-28T15:44:12Z</time>
   </trkpt>
   <trkpt lat="22.5393600" lon="88.3469880">
    <ele>8.8</ele>
    <time>2025-10-28T15:44:13Z</time>
   </trkpt>
   <trkpt lat="22.5393770" lon="88.3469980">
    <ele>8.8</ele>
    <time>2025-10-28T15:44:14Z</time>
   </trkpt>
   <trkpt lat="22.5393880" lon="88.3470060">
    <ele>8.8</ele>
    <time>2025-10-28T15:44:15Z</time>
   </trkpt>
   <trkpt lat="22.5394050" lon="88.3470020">
    <ele>8.8</ele>
    <time>2025-10-28T15:44:16Z</time>
   </trkpt>
   <trkpt lat="22.5394110" lon="88.3470000">
    <ele>8.8</ele>
    <time>2025-10-28T15:44:17Z</time>
   </trkpt>
   <trkpt lat="22.5394160" lon="88.3469970">
    <ele>8.8</ele>
    <time>2025-10-28T15:44:18Z</time>
   </trkpt>
   <trkpt lat="22.5394220" lon="88.3469950">
    <ele>8.8</ele>
    <time>2025-10-28T15:44:19Z</time>
   </trkpt>
   <trkpt lat="22.5394280" lon="88.3469920">
    <ele>8.8</ele>
    <time>2025-10-28T15:44:20Z</time>
   </trkpt>
   <trkpt lat="22.5394640" lon="88.3469970">
    <ele>8.8</ele>
    <time>2025-10-28T15:44:21Z</time>
   </trkpt>
   <trkpt lat="22.5394740" lon="88.3469990">
    <ele>8.8</ele>
    <time>2025-10-28T15:44:22Z</time>
   </trkpt>
   <trkpt lat="22.5394880" lon="88.3470030">
    <ele>8.8</ele>
    <time>2025-10-28T15:44:23Z</time>
   </trkpt>
   <trkpt lat="22.5395000" lon="88.3469990">
    <ele>8.8</ele>
    <time>2025-10-28T15:44:24Z</time>
   </trkpt>
   <trkpt lat="22.5395230" lon="88.3469890">
    <ele>8.8</ele>
    <time>2025-10-28T15:44:25Z</time>
   </trkpt>
   <trkpt lat="22.5395320" lon="88.3469780">
    <ele>8.8</ele>
    <time>2025-10-28T15:44:26Z</time>
   </trkpt>
   <trkpt lat="22.5395380" lon="88.3469780">
    <ele>8.8</ele>
    <time>2025-10-28T15:44:27Z</time>
   </trkpt>
   <trkpt lat="22.5395280" lon="88.3469720">
    <ele>8.7</ele>
    <time>2025-10-28T15:44:28Z</time>
   </trkpt>
   <trkpt lat="22.5395440" lon="88.3469780">
    <ele>8.7</ele>
    <time>2025-10-28T15:44:29Z</time>
   </trkpt>
   <trkpt lat="22.5395640" lon="88.3469730">
    <ele>8.7</ele>
    <time>2025-10-28T15:44:30Z</time>
   </trkpt>
   <trkpt lat="22.5395790" lon="88.3469790">
    <ele>8.7</ele>
    <time>2025-10-28T15:44:31Z</time>
   </trkpt>
   <trkpt lat="22.5395910" lon="88.3469820">
    <ele>8.7</ele>
    <time>2025-10-28T15:44:32Z</time>
   </trkpt>
   <trkpt lat="22.5396240" lon="88.3469960">
    <ele>8.7</ele>
    <time>2025-10-28T15:44:33Z</time>
   </trkpt>
   <trkpt lat="22.5396330" lon="88.3470010">
    <ele>8.7</ele>
    <time>2025-10-28T15:44:34Z</time>
   </trkpt>
   <trkpt lat="22.5396500" lon="88.3470210">
    <ele>8.7</ele>
    <time>2025-10-28T15:44:35Z</time>
   </trkpt>
   <trkpt lat="22.5396580" lon="88.3470300">
    <ele>8.7</ele>
    <time>2025-10-28T15:44:36Z</time>
   </trkpt>
   <trkpt lat="22.5396460" lon="88.3470400">
    <ele>8.6</ele>
    <time>2025-10-28T15:44:37Z</time>
   </trkpt>
   <trkpt lat="22.5396500" lon="88.3470410">
    <ele>8.6</ele>
    <time>2025-10-28T15:44:38Z</time>
   </trkpt>
   <trkpt lat="22.5396640" lon="88.3470430">
    <ele>8.6</ele>
    <time>2025-10-28T15:44:39Z</time>
   </trkpt>
   <trkpt lat="22.5396840" lon="88.3470510">
    <ele>8.6</ele>
    <time>2025-10-28T15:44:40Z</time>
   </trkpt>
   <trkpt lat="22.5397030" lon="88.3470470">
    <ele>8.6</ele>
    <time>2025-10-28T15:44:41Z</time>
   </trkpt>
   <trkpt lat="22.5397130" lon="88.3470370">
    <ele>8.6</ele>
    <time>2025-10-28T15:44:42Z</time>
   </trkpt>
   <trkpt lat="22.5397260" lon="88.3470350">
    <ele>8.6</ele>
    <time>2025-10-28T15:44:43Z</time>
   </trkpt>
   <trkpt lat="22.5397420" lon="88.3470330">
    <ele>8.6</ele>
    <time>2025-10-28T15:44:44Z</time>
   </trkpt>
   <trkpt lat="22.5397470" lon="88.3470380">
    <ele>8.6</ele>
    <time>2025-10-28T15:44:45Z</time>
   </trkpt>
   <trkpt lat="22.5397670" lon="88.3470450">
    <ele>8.6</ele>
    <time>2025-10-28T15:44:46Z</time>
   </trkpt>
   <trkpt lat="22.5397760" lon="88.3470430">
    <ele>8.6</ele>
    <time>2025-10-28T15:44:47Z</time>
   </trkpt>
   <trkpt lat="22.5397780" lon="88.3470440">
    <ele>8.6</ele>
    <time>2025-10-28T15:44:48Z</time>
   </trkpt>
   <trkpt lat="22.5397800" lon="88.3470430">
    <ele>8.6</ele>
    <time>2025-10-28T15:44:49Z</time>
   </trkpt>
   <trkpt lat="22.5398000" lon="88.3470450">
    <ele>8.6</ele>
    <time>2025-10-28T15:44:50Z</time>
   </trkpt>
   <trkpt lat="22.5398110" lon="88.3470400">
    <ele>8.6</ele>
    <time>2025-10-28T15:44:51Z</time>
   </trkpt>
   <trkpt lat="22.5398080" lon="88.3470450">
    <ele>8.6</ele>
    <time>2025-10-28T15:44:52Z</time>
   </trkpt>
   <trkpt lat="22.5398110" lon="88.3470630">
    <ele>8.6</ele>
    <time>2025-10-28T15:44:53Z</time>
   </trkpt>
   <trkpt lat="22.5398270" lon="88.3470670">
    <ele>8.6</ele>
    <time>2025-10-28T15:44:54Z</time>
   </trkpt>
   <trkpt lat="22.5398440" lon="88.3470730">
    <ele>8.5</ele>
    <time>2025-10-28T15:44:55Z</time>
   </trkpt>
   <trkpt lat="22.5398620" lon="88.3470800">
    <ele>8.5</ele>
    <time>2025-10-28T15:44:56Z</time>
   </trkpt>
   <trkpt lat="22.5398830" lon="88.3470840">
    <ele>8.5</ele>
    <time>2025-10-28T15:44:57Z</time>
   </trkpt>
   <trkpt lat="22.5398920" lon="88.3470920">
    <ele>8.5</ele>
    <time>2025-10-28T15:44:58Z</time>
   </trkpt>
   <trkpt lat="22.5399060" lon="88.3471070">
    <ele>8.5</ele>
    <time>2025-10-28T15:44:59Z</time>
   </trkpt>
   <trkpt lat="22.5399130" lon="88.3471080">
    <ele>8.5</ele>
    <time>2025-10-28T15:45:00Z</time>
   </trkpt>
   <trkpt lat="22.5399190" lon="88.3471100">
    <ele>8.5</ele>
    <time>2025-10-28T15:45:01Z</time>
   </trkpt>
   <trkpt lat="22.5399250" lon="88.3471110">
    <ele>8.5</ele>
    <time>2025-10-28T15:45:02Z</time>
   </trkpt>
   <trkpt lat="22.5399400" lon="88.3471170">
    <ele>8.5</ele>
    <time>2025-10-28T15:45:03Z</time>
   </trkpt>
   <trkpt lat="22.5399520" lon="88.3471190">
    <ele>8.5</ele>
    <time>2025-10-28T15:45:04Z</time>
   </trkpt>
   <trkpt lat="22.5399720" lon="88.3471190">
    <ele>8.5</ele>
    <time>2025-10-28T15:45:05Z</time>
   </trkpt>
   <trkpt lat="22.5399800" lon="88.3471200">
    <ele>8.5</ele>
    <time>2025-10-28T15:45:06Z</time>
   </trkpt>
   <trkpt lat="22.5399870" lon="88.3471200">
    <ele>8.5</ele>
    <time>2025-10-28T15:45:07Z</time>
   </trkpt>
   <trkpt lat="22.5399950" lon="88.3471210">
    <ele>8.5</ele>
    <time>2025-10-28T15:45:08Z</time>
   </trkpt>
   <trkpt lat="22.5400030" lon="88.3471220">
    <ele>8.5</ele>
    <time>2025-10-28T15:45:09Z</time>
   </trkpt>
   <trkpt lat="22.5400170" lon="88.3471190">
    <ele>8.5</ele>
    <time>2025-10-28T15:45:10Z</time>
   </trkpt>
   <trkpt lat="22.5400300" lon="88.3471200">
    <ele>8.5</ele>
    <time>2025-10-28T15:45:11Z</time>
   </trkpt>
   <trkpt lat="22.5400290" lon="88.3471220">
    <ele>8.5</ele>
    <time>2025-10-28T15:45:12Z</time>
   </trkpt>
   <trkpt lat="22.5400410" lon="88.3471240">
    <ele>8.5</ele>
    <time>2025-10-28T15:45:13Z</time>
   </trkpt>
   <trkpt lat="22.5400490" lon="88.3471190">
    <ele>8.5</ele>
    <time>2025-10-28T15:45:14Z</time>
   </trkpt>
   <trkpt lat="22.5400570" lon="88.3471070">
    <ele>8.5</ele>
    <time>2025-10-28T15:45:15Z</time>
   </trkpt>
   <trkpt lat="22.5400870" lon="88.3471140">
    <ele>8.5</ele>
    <time>2025-10-28T15:45:16Z</time>
   </trkpt>
   <trkpt lat="22.5400990" lon="88.3471140">
    <ele>8.4</ele>
    <time>2025-10-28T15:45:17Z</time>
   </trkpt>
   <trkpt lat="22.5401120" lon="88.3471200">
    <ele>8.4</ele>
    <time>2025-10-28T15:45:18Z</time>
   </trkpt>
   <trkpt lat="22.5401210" lon="88.3471170">
    <ele>8.4</ele>
    <time>2025-10-28T15:45:19Z</time>
   </trkpt>
   <trkpt lat="22.5401340" lon="88.3471190">
    <ele>8.4</ele>
    <time>2025-10-28T15:45:20Z</time>
   </trkpt>
   <trkpt lat="22.5401500" lon="88.3471210">
    <ele>8.4</ele>
    <time>2025-10-28T15:45:21Z</time>
   </trkpt>
   <trkpt lat="22.5401630" lon="88.3471310">
    <ele>8.4</ele>
    <time>2025-10-28T15:45:22Z</time>
   </trkpt>
   <trkpt lat="22.5401740" lon="88.3471370">
    <ele>8.4</ele>
    <time>2025-10-28T15:45:23Z</time>
   </trkpt>
   <trkpt lat="22.5401840" lon="88.3471400">
    <ele>8.4</ele>
    <time>2025-10-28T15:45:24Z</time>
   </trkpt>
   <trkpt lat="22.5401910" lon="88.3471460">
    <ele>8.4</ele>
    <time>2025-10-28T15:45:25Z</time>
   </trkpt>
   <trkpt lat="22.5401990" lon="88.3471560">
    <ele>8.4</ele>
    <time>2025-10-28T15:45:26Z</time>
   </trkpt>
   <trkpt lat="22.5402110" lon="88.3471800">
    <ele>8.4</ele>
    <time>2025-10-28T15:45:27Z</time>
   </trkpt>
   <trkpt lat="22.5402180" lon="88.3471860">
    <ele>8.4</ele>
    <time>2025-10-28T15:45:28Z</time>
   </trkpt>
   <trkpt lat="22.5402250" lon="88.3471920">
    <ele>8.4</ele>
    <time>2025-10-28T15:45:29Z</time>
   </trkpt>
   <trkpt lat="22.5402380" lon="88.3471940">
    <ele>8.4</ele>
    <time>2025-10-28T15:45:30Z</time>
   </trkpt>
   <trkpt lat="22.5402530" lon="88.3471980">
    <ele>8.4</ele>
    <time>2025-10-28T15:45:31Z</time>
   </trkpt>
   <trkpt lat="22.5402670" lon="88.3471980">
    <ele>8.4</ele>
    <time>2025-10-28T15:45:32Z</time>
   </trkpt>
   <trkpt lat="22.5402820" lon="88.3472000">
    <ele>8.4</ele>
    <time>2025-10-28T15:45:33Z</time>
   </trkpt>
   <trkpt lat="22.5403020" lon="88.3472040">
    <ele>8.4</ele>
    <time>2025-10-28T15:45:34Z</time>
   </trkpt>
   <trkpt lat="22.5403100" lon="88.3472050">
    <ele>8.4</ele>
    <time>2025-10-28T15:45:35Z</time>
   </trkpt>
   <trkpt lat="22.5403190" lon="88.3472070">
    <ele>8.4</ele>
    <time>2025-10-28T15:45:36Z</time>
   </trkpt>
   <trkpt lat="22.5403310" lon="88.3472090">
    <ele>8.4</ele>
    <time>2025-10-28T15:45:37Z</time>
   </trkpt>
   <trkpt lat="22.5403460" lon="88.3472100">
    <ele>8.4</ele>
    <time>2025-10-28T15:45:38Z</time>
   </trkpt>
   <trkpt lat="22.5403610" lon="88.3472050">
    <ele>8.4</ele>
    <time>2025-10-28T15:45:39Z</time>
   </trkpt>
   <trkpt lat="22.5403780" lon="88.3472060">
    <ele>8.4</ele>
    <time>2025-10-28T15:45:40Z</time>
   </trkpt>
   <trkpt lat="22.5403930" lon="88.3472100">
    <ele>8.4</ele>
    <time>2025-10-28T15:45:41Z</time>
   </trkpt>
   <trkpt lat="22.5403960" lon="88.3472060">
    <ele>8.4</ele>
    <time>2025-10-28T15:45:42Z</time>
   </trkpt>
   <trkpt lat="22.5404090" lon="88.3472060">
    <ele>8.4</ele>
    <time>2025-10-28T15:45:43Z</time>
   </trkpt>
   <trkpt lat="22.5404310" lon="88.3472100">
    <ele>8.4</ele>
    <time>2025-10-28T15:45:44Z</time>
   </trkpt>
   <trkpt lat="22.5404410" lon="88.3472090">
    <ele>8.4</ele>
    <time>2025-10-28T15:45:45Z</time>
   </trkpt>
   <trkpt lat="22.5404520" lon="88.3472070">
    <ele>8.4</ele>
    <time>2025-10-28T15:45:46Z</time>
   </trkpt>
   <trkpt lat="22.5404710" lon="88.3471980">
    <ele>8.4</ele>
    <time>2025-10-28T15:45:47Z</time>
   </trkpt>
   <trkpt lat="22.5404750" lon="88.3471920">
    <ele>8.4</ele>
    <time>2025-10-28T15:45:48Z</time>
   </trkpt>
   <trkpt lat="22.5404780" lon="88.3471870">
    <ele>8.4</ele>
    <time>2025-10-28T15:45:49Z</time>
   </trkpt>
   <trkpt lat="22.5405000" lon="88.3471840">
    <ele>8.3</ele>
    <time>2025-10-28T15:45:50Z</time>
   </trkpt>
   <trkpt lat="22.5405100" lon="88.3471820">
    <ele>8.3</ele>
    <time>2025-10-28T15:45:51Z</time>
   </trkpt>
   <trkpt lat="22.5405320" lon="88.3471810">
    <ele>8.3</ele>
    <time>2025-10-28T15:45:52Z</time>
   </trkpt>
   <trkpt lat="22.5405400" lon="88.3471820">
    <ele>8.3</ele>
    <time>2025-10-28T15:45:53Z</time>
   </trkpt>
   <trkpt lat="22.5405490" lon="88.3471840">
    <ele>8.3</ele>
    <time>2025-10-28T15:45:54Z</time>
   </trkpt>
   <trkpt lat="22.5405570" lon="88.3471860">
    <ele>8.3</ele>
    <time>2025-10-28T15:45:55Z</time>
   </trkpt>
   <trkpt lat="22.5405870" lon="88.3471890">
    <ele>8.3</ele>
    <time>2025-10-28T15:45:56Z</time>
   </trkpt>
   <trkpt lat="22.5405940" lon="88.3471920">
    <ele>8.3</ele>
    <time>2025-10-28T15:45:57Z</time>
   </trkpt>
   <trkpt lat="22.5406180" lon="88.3472030">
    <ele>8.3</ele>
    <time>2025-10-28T15:45:58Z</time>
   </trkpt>
   <trkpt lat="22.5406260" lon="88.3472020">
    <ele>8.3</ele>
    <time>2025-10-28T15:45:59Z</time>
   </trkpt>
   <trkpt lat="22.5406340" lon="88.3472020">
    <ele>8.3</ele>
    <time>2025-10-28T15:46:00Z</time>
   </trkpt>
   <trkpt lat="22.5406550" lon="88.3472140">
    <ele>8.3</ele>
    <time>2025-10-28T15:46:01Z</time>
   </trkpt>
   <trkpt lat="22.5406630" lon="88.3472220">
    <ele>8.3</ele>
    <time>2025-10-28T15:46:02Z</time>
   </trkpt>
   <trkpt lat="22.5406890" lon="88.3472480">
    <ele>8.3</ele>
    <time>2025-10-28T15:46:03Z</time>
   </trkpt>
   <trkpt lat="22.5406970" lon="88.3472550">
    <ele>8.3</ele>
    <time>2025-10-28T15:46:04Z</time>
   </trkpt>
   <trkpt lat="22.5406980" lon="88.3472660">
    <ele>8.3</ele>
    <time>2025-10-28T15:46:05Z</time>
   </trkpt>
   <trkpt lat="22.5407180" lon="88.3472740">
    <ele>8.3</ele>
    <time>2025-10-28T15:46:06Z</time>
   </trkpt>
   <trkpt lat="22.5407500" lon="88.3472880">
    <ele>8.3</ele>
    <time>2025-10-28T15:46:07Z</time>
   </trkpt>
   <trkpt lat="22.5407640" lon="88.3472970">
    <ele>8.3</ele>
    <time>2025-10-28T15:46:08Z</time>
   </trkpt>
   <trkpt lat="22.5407910" lon="88.3473060">
    <ele>8.3</ele>
    <time>2025-10-28T15:46:09Z</time>
   </trkpt>
   <trkpt lat="22.5408010" lon="88.3473140">
    <ele>8.3</ele>
    <time>2025-10-28T15:46:10Z</time>
   </trkpt>
   <trkpt lat="22.5408230" lon="88.3472860">
    <ele>8.3</ele>
    <time>2025-10-28T15:46:11Z</time>
   </trkpt>
   <trkpt lat="22.5408290" lon="88.3472790">
    <ele>8.3</ele>
    <time>2025-10-28T15:46:12Z</time>
   </trkpt>
   <trkpt lat="22.5408600" lon="88.3472740">
    <ele>8.3</ele>
    <time>2025-10-28T15:46:13Z</time>
   </trkpt>
   <trkpt lat="22.5408700" lon="88.3472750">
    <ele>8.4</ele>
    <time>2025-10-28T15:46:14Z</time>
   </trkpt>
   <trkpt lat="22.5408970" lon="88.3472770">
    <ele>8.4</ele>
    <time>2025-10-28T15:46:15Z</time>
   </trkpt>
   <trkpt lat="22.5409060" lon="88.3472780">
    <ele>8.4</ele>
    <time>2025-10-28T15:46:16Z</time>
   </trkpt>
   <trkpt lat="22.5409230" lon="88.3472790">
    <ele>8.4</ele>
    <time>2025-10-28T15:46:17Z</time>
   </trkpt>
   <trkpt lat="22.5409420" lon="88.3472790">
    <ele>8.4</ele>
    <time>2025-10-28T15:46:18Z</time>
   </trkpt>
   <trkpt lat="22.5409620" lon="88.3472760">
    <ele>8.4</ele>
    <time>2025-10-28T15:46:19Z</time>
   </trkpt>
   <trkpt lat="22.5409770" lon="88.3472760">
    <ele>8.4</ele>
    <time>2025-10-28T15:46:20Z</time>
   </trkpt>
   <trkpt lat="22.5409950" lon="88.3472710">
    <ele>8.5</ele>
    <time>2025-10-28T15:46:21Z</time>
   </trkpt>
   <trkpt lat="22.5410020" lon="88.3472590">
    <ele>8.5</ele>
    <time>2025-10-28T15:46:22Z</time>
   </trkpt>
   <trkpt lat="22.5410130" lon="88.3472640">
    <ele>8.5</ele>
    <time>2025-10-28T15:46:23Z</time>
   </trkpt>
   <trkpt lat="22.5410210" lon="88.3472670">
    <ele>8.5</ele>
    <time>2025-10-28T15:46:24Z</time>
   </trkpt>
   <trkpt lat="22.5410300" lon="88.3472710">
    <ele>8.5</ele>
    <time>2025-10-28T15:46:25Z</time>
   </trkpt>
   <trkpt lat="22.5410380" lon="88.3472750">
    <ele>8.5</ele>
    <time>2025-10-28T15:46:26Z</time>
   </trkpt>
   <trkpt lat="22.5410720" lon="88.3472680">
    <ele>8.6</ele>
    <time>2025-10-28T15:46:27Z</time>
   </trkpt>
   <trkpt lat="22.5410810" lon="88.3472640">
    <ele>8.6</ele>
    <time>2025-10-28T15:46:28Z</time>
   </trkpt>
   <trkpt lat="22.5410840" lon="88.3472570">
    <ele>8.6</ele>
    <time>2025-10-28T15:46:29Z</time>
   </trkpt>
   <trkpt lat="22.5411030" lon="88.3472390">
    <ele>8.6</ele>
    <time>2025-10-28T15:46:30Z</time>
   </trkpt>
   <trkpt lat="22.5411340" lon="88.3472350">
    <ele>8.6</ele>
    <time>2025-10-28T15:46:31Z</time>
   </trkpt>
   <trkpt lat="22.5411410" lon="88.3472310">
    <ele>8.7</ele>
    <time>2025-10-28T15:46:32Z</time>
   </trkpt>
   <trkpt lat="22.5411470" lon="88.3472250">
    <ele>8.7</ele>
    <time>2025-10-28T15:46:33Z</time>
   </trkpt>
   <trkpt lat="22.5411510" lon="88.3472260">
    <ele>8.7</ele>
    <time>2025-10-28T15:46:34Z</time>
   </trkpt>
   <trkpt lat="22.5411500" lon="88.3472260">
    <ele>8.7</ele>
    <time>2025-10-28T15:46:35Z</time>
   </trkpt>
   <trkpt lat="22.5411570" lon="88.3472280">
    <ele>8.7</ele>
    <time>2025-10-28T15:46:36Z</time>
   </trkpt>
   <trkpt lat="22.5411760" lon="88.3472230">
    <ele>8.7</ele>
    <time>2025-10-28T15:46:37Z</time>
   </trkpt>
   <trkpt lat="22.5412020" lon="88.3472320">
    <ele>8.7</ele>
    <time>2025-10-28T15:46:38Z</time>
   </trkpt>
   <trkpt lat="22.5412130" lon="88.3472390">
    <ele>8.7</ele>
    <time>2025-10-28T15:46:39Z</time>
   </trkpt>
   <trkpt lat="22.5412300" lon="88.3472430">
    <ele>8.8</ele>
    <time>2025-10-28T15:46:40Z</time>
   </trkpt>
   <trkpt lat="22.5412360" lon="88.3472430">
    <ele>8.8</ele>
    <time>2025-10-28T15:46:41Z</time>
   </trkpt>
   <trkpt lat="22.5412470" lon="88.3472450">
    <ele>8.8</ele>
    <time>2025-10-28T15:46:42Z</time>
   </trkpt>
   <trkpt lat="22.5412710" lon="88.3472570">
    <ele>8.8</ele>
    <time>2025-10-28T15:46:43Z</time>
   </trkpt>
   <trkpt lat="22.5412870" lon="88.3472820">
    <ele>8.9</ele>
    <time>2025-10-28T15:46:44Z</time>
   </trkpt>
   <trkpt lat="22.5413180" lon="88.3472890">
    <ele>8.9</ele>
    <time>2025-10-28T15:46:45Z</time>
   </trkpt>
   <trkpt lat="22.5413460" lon="88.3472780">
    <ele>8.9</ele>
    <time>2025-10-28T15:46:46Z</time>
   </trkpt>
   <trkpt lat="22.5413530" lon="88.3472730">
    <ele>9.0</ele>
    <time>2025-10-28T15:46:47Z</time>
   </trkpt>
   <trkpt lat="22.5413630" lon="88.3472760">
    <ele>9.0</ele>
    <time>2025-10-28T15:46:48Z</time>
   </trkpt>
   <trkpt lat="22.5413620" lon="88.3472690">
    <ele>9.0</ele>
    <time>2025-10-28T15:46:49Z</time>
   </trkpt>
   <trkpt lat="22.5413640" lon="88.3472710">
    <ele>9.0</ele>
    <time>2025-10-28T15:46:50Z</time>
   </trkpt>
   <trkpt lat="22.5413680" lon="88.3472640">
    <ele>9.0</ele>
    <time>2025-10-28T15:46:51Z</time>
   </trkpt>
   <trkpt lat="22.5413820" lon="88.3472620">
    <ele>9.0</ele>
    <time>2025-10-28T15:46:52Z</time>
   </trkpt>
   <trkpt lat="22.5414000" lon="88.3472750">
    <ele>9.0</ele>
    <time>2025-10-28T15:46:53Z</time>
   </trkpt>
   <trkpt lat="22.5414080" lon="88.3472820">
    <ele>9.1</ele>
    <time>2025-10-28T15:46:54Z</time>
   </trkpt>
   <trkpt lat="22.5414150" lon="88.3472900">
    <ele>9.1</ele>
    <time>2025-10-28T15:46:55Z</time>
   </trkpt>
   <trkpt lat="22.5414300" lon="88.3472970">
    <ele>9.1</ele>
    <time>2025-10-28T15:46:56Z</time>
   </trkpt>
   <trkpt lat="22.5414440" lon="88.3473040">
    <ele>9.1</ele>
    <time>2025-10-28T15:46:57Z</time>
   </trkpt>
   <trkpt lat="22.5414610" lon="88.3473060">
    <ele>9.1</ele>
    <time>2025-10-28T15:46:58Z</time>
   </trkpt>
   <trkpt lat="22.5414690" lon="88.3473120">
    <ele>9.2</ele>
    <time>2025-10-28T15:46:59Z</time>
   </trkpt>
   <trkpt lat="22.5414750" lon="88.3473180">
    <ele>9.2</ele>
    <time>2025-10-28T15:47:00Z</time>
   </trkpt>
   <trkpt lat="22.5414880" lon="88.3473520">
    <ele>9.2</ele>
    <time>2025-10-28T15:47:01Z</time>
   </trkpt>
   <trkpt lat="22.5415070" lon="88.3473590">
    <ele>9.2</ele>
    <time>2025-10-28T15:47:02Z</time>
   </trkpt>
   <trkpt lat="22.5415140" lon="88.3473960">
    <ele>9.3</ele>
    <time>2025-10-28T15:47:03Z</time>
   </trkpt>
   <trkpt lat="22.5415130" lon="88.3473870">
    <ele>9.3</ele>
    <time>2025-10-28T15:47:04Z</time>
   </trkpt>
   <trkpt lat="22.5415270" lon="88.3473810">
    <ele>9.3</ele>
    <time>2025-10-28T15:47:05Z</time>
   </trkpt>
   <trkpt lat="22.5415480" lon="88.3474070">
    <ele>9.3</ele>
    <time>2025-10-28T15:47:06Z</time>
   </trkpt>
   <trkpt lat="22.5415610" lon="88.3474270">
    <ele>9.3</ele>
    <time>2025-10-28T15:47:07Z</time>
   </trkpt>
   <trkpt lat="22.5415690" lon="88.3474350">
    <ele>9.3</ele>
    <time>2025-10-28T15:47:08Z</time>
   </trkpt>
   <trkpt lat="22.5415770" lon="88.3474430">
    <ele>9.3</ele>
    <time>2025-10-28T15:47:09Z</time>
   </trkpt>
   <trkpt lat="22.5415730" lon="88.3474610">
    <ele>9.3</ele>
    <time>2025-10-28T15:47:10Z</time>
   </trkpt>
   <trkpt lat="22.5415630" lon="88.3474700">
    <ele>9.3</ele>
    <time>2025-10-28T15:47:11Z</time>
   </trkpt>
   <trkpt lat="22.5415540" lon="88.3474800">
    <ele>9.3</ele>
    <time>2025-10-28T15:47:12Z</time>
   </trkpt>
   <trkpt lat="22.5415390" lon="88.3475120">
    <ele>9.3</ele>
    <time>2025-10-28T15:47:13Z</time>
   </trkpt>
   <trkpt lat="22.5415350" lon="88.3475250">
    <ele>9.3</ele>
    <time>2025-10-28T15:47:14Z</time>
   </trkpt>
   <trkpt lat="22.5415360" lon="88.3475420">
    <ele>9.3</ele>
    <time>2025-10-28T15:47:15Z</time>
   </trkpt>
   <trkpt lat="22.5415390" lon="88.3475480">
    <ele>9.3</ele>
    <time>2025-10-28T15:47:16Z</time>
   </trkpt>
   <trkpt lat="22.5415430" lon="88.3475540">
    <ele>9.3</ele>
    <time>2025-10-28T15:47:17Z</time>
   </trkpt>
   <trkpt lat="22.5415460" lon="88.3475600">
    <ele>9.3</ele>
    <time>2025-10-28T15:47:18Z</time>
   </trkpt>
   <trkpt lat="22.5415500" lon="88.3475660">
    <ele>9.3</ele>
    <time>2025-10-28T15:47:19Z</time>
   </trkpt>
   <trkpt lat="22.5415440" lon="88.3475260">
    <ele>9.3</ele>
    <time>2025-10-28T15:47:20Z</time>
   </trkpt>
   <trkpt lat="22.5415330" lon="88.3475310">
    <ele>9.3</ele>
    <time>2025-10-28T15:47:21Z</time>
   </trkpt>
   <trkpt lat="22.5415170" lon="88.3475390">
    <ele>9.3</ele>
    <time>2025-10-28T15:47:22Z</time>
   </trkpt>
   <trkpt lat="22.5415320" lon="88.3475360">
    <ele>9.3</ele>
    <time>2025-10-28T15:47:23Z</time>
   </trkpt>
   <trkpt lat="22.5415470" lon="88.3475310">
    <ele>9.3</ele>
    <time>2025-10-28T15:47:24Z</time>
   </trkpt>
   <trkpt lat="22.5415680" lon="88.3475610">
    <ele>9.3</ele>
    <time>2025-10-28T15:47:25Z</time>
   </trkpt>
   <trkpt lat="22.5415970" lon="88.3474810">
    <ele>9.3</ele>
    <time>2025-10-28T15:47:26Z</time>
   </trkpt>
   <trkpt lat="22.5416080" lon="88.3474490">
    <ele>9.3</ele>
    <time>2025-10-28T15:47:27Z</time>
   </trkpt>
   <trkpt lat="22.5416130" lon="88.3474370">
    <ele>9.3</ele>
    <time>2025-10-28T15:47:28Z</time>
   </trkpt>
   <trkpt lat="22.5416240" lon="88.3474310">
    <ele>9.3</ele>
    <time>2025-10-28T15:47:29Z</time>
   </trkpt>
   <trkpt lat="22.5416340" lon="88.3474240">
    <ele>9.3</ele>
    <time>2025-10-28T15:47:30Z</time>
   </trkpt>
   <trkpt lat="22.5416440" lon="88.3474180">
    <ele>9.3</ele>
    <time>2025-10-28T15:47:31Z</time>
   </trkpt>
   <trkpt lat="22.5416750" lon="88.3474300">
    <ele>9.3</ele>
    <time>2025-10-28T15:47:32Z</time>
   </trkpt>
   <trkpt lat="22.5416870" lon="88.3474360">
    <ele>9.3</ele>
    <time>2025-10-28T15:47:33Z</time>
   </trkpt>
   <trkpt lat="22.5417080" lon="88.3474350">
    <ele>9.3</ele>
    <time>2025-10-28T15:47:34Z</time>
   </trkpt>
   <trkpt lat="22.5417050" lon="88.3474320">
    <ele>9.3</ele>
    <time>2025-10-28T15:47:35Z</time>
   </trkpt>
   <trkpt lat="22.5417160" lon="88.3474380">
    <ele>9.3</ele>
    <time>2025-10-28T15:47:36Z</time>
   </trkpt>
   <trkpt lat="22.5417340" lon="88.3474220">
    <ele>9.3</ele>
    <time>2025-10-28T15:47:37Z</time>
   </trkpt>
   <trkpt lat="22.5417460" lon="88.3474130">
    <ele>9.3</ele>
    <time>2025-10-28T15:47:38Z</time>
   </trkpt>
   <trkpt lat="22.5417490" lon="88.3473890">
    <ele>9.3</ele>
    <time>2025-10-28T15:47:39Z</time>
   </trkpt>
   <trkpt lat="22.5417480" lon="88.3473680">
    <ele>9.3</ele>
    <time>2025-10-28T15:47:40Z</time>
   </trkpt>
   <trkpt lat="22.5417460" lon="88.3473330">
    <ele>9.3</ele>
    <time>2025-10-28T15:47:41Z</time>
   </trkpt>
   <trkpt lat="22.5417440" lon="88.3473050">
    <ele>9.3</ele>
    <time>2025-10-28T15:47:42Z</time>
   </trkpt>
   <trkpt lat="22.5417580" lon="88.3472970">
    <ele>9.3</ele>
    <time>2025-10-28T15:47:43Z</time>
   </trkpt>
   <trkpt lat="22.5417700" lon="88.3472860">
    <ele>9.2</ele>
    <time>2025-10-28T15:47:44Z</time>
   </trkpt>
   <trkpt lat="22.5417820" lon="88.3472850">
    <ele>9.2</ele>
    <time>2025-10-28T15:47:45Z</time>
   </trkpt>
   <trkpt lat="22.5417950" lon="88.3472830">
    <ele>9.2</ele>
    <time>2025-10-28T15:47:46Z</time>
   </trkpt>
   <trkpt lat="22.5418140" lon="88.3472790">
    <ele>9.2</ele>
    <time>2025-10-28T15:47:47Z</time>
   </trkpt>
   <trkpt lat="22.5418260" lon="88.3472710">
    <ele>9.2</ele>
    <time>2025-10-28T15:47:48Z</time>
   </trkpt>
   <trkpt lat="22.5418430" lon="88.3472690">
    <ele>9.2</ele>
    <time>2025-10-28T15:47:49Z</time>
   </trkpt>
   <trkpt lat="22.5418570" lon="88.3472660">
    <ele>9.2</ele>
    <time>2025-10-28T15:47:50Z</time>
   </trkpt>
   <trkpt lat="22.5418670" lon="88.3472600">
    <ele>9.2</ele>
    <time>2025-10-28T15:47:51Z</time>
   </trkpt>
   <trkpt lat="22.5418890" lon="88.3472730">
    <ele>9.2</ele>
    <time>2025-10-28T15:47:52Z</time>
   </trkpt>
   <trkpt lat="22.5419090" lon="88.3472640">
    <ele>9.2</ele>
    <time>2025-10-28T15:47:53Z</time>
   </trkpt>
   <trkpt lat="22.5419240" lon="88.3472630">
    <ele>9.2</ele>
    <time>2025-10-28T15:47:54Z</time>
   </trkpt>
   <trkpt lat="22.5419420" lon="88.3472390">
    <ele>9.1</ele>
    <time>2025-10-28T15:47:55Z</time>
   </trkpt>
   <trkpt lat="22.5419550" lon="88.3472350">
    <ele>9.1</ele>
    <time>2025-10-28T15:47:56Z</time>
   </trkpt>
   <trkpt lat="22.5419920" lon="88.3472250">
    <ele>9.1</ele>
    <time>2025-10-28T15:47:57Z</time>
   </trkpt>
   <trkpt lat="22.5420040" lon="88.3472210">
    <ele>9.1</ele>
    <time>2025-10-28T15:47:58Z</time>
   </trkpt>
   <trkpt lat="22.5420300" lon="88.3472190">
    <ele>9.1</ele>
    <time>2025-10-28T15:47:59Z</time>
   </trkpt>
   <trkpt lat="22.5420400" lon="88.3472170">
    <ele>9.1</ele>
    <time>2025-10-28T15:48:00Z</time>
   </trkpt>
   <trkpt lat="22.5420640" lon="88.3472340">
    <ele>9.1</ele>
    <time>2025-10-28T15:48:01Z</time>
   </trkpt>
   <trkpt lat="22.5420780" lon="88.3472400">
    <ele>9.1</ele>
    <time>2025-10-28T15:48:02Z</time>
   </trkpt>
   <trkpt lat="22.5420910" lon="88.3472390">
    <ele>9.1</ele>
    <time>2025-10-28T15:48:03Z</time>
   </trkpt>
   <trkpt lat="22.5421150" lon="88.3472570">
    <ele>9.1</ele>
    <time>2025-10-28T15:48:04Z</time>
   </trkpt>
   <trkpt lat="22.5421230" lon="88.3472650">
    <ele>9.1</ele>
    <time>2025-10-28T15:48:05Z</time>
   </trkpt>
   <trkpt lat="22.5421530" lon="88.3472750">
    <ele>9.1</ele>
    <time>2025-10-28T15:48:06Z</time>
   </trkpt>
   <trkpt lat="22.5421620" lon="88.3472760">
    <ele>9.1</ele>
    <time>2025-10-28T15:48:07Z</time>
   </trkpt>
   <trkpt lat="22.5421900" lon="88.3472720">
    <ele>9.1</ele>
    <time>2025-10-28T15:48:08Z</time>
   </trkpt>
   <trkpt lat="22.5422030" lon="88.3473010">
    <ele>9.0</ele>
    <time>2025-10-28T15:48:09Z</time>
   </trkpt>
   <trkpt lat="22.5422110" lon="88.3473090">
    <ele>9.0</ele>
    <time>2025-10-28T15:48:10Z</time>
   </trkpt>
   <trkpt lat="22.5422160" lon="88.3473110">
    <ele>9.0</ele>
    <time>2025-10-28T15:48:11Z</time>
   </trkpt>
   <trkpt lat="22.5422330" lon="88.3473140">
    <ele>9.0</ele>
    <time>2025-10-28T15:48:12Z</time>
   </trkpt>
   <trkpt lat="22.5422560" lon="88.3473200">
    <ele>9.0</ele>
    <time>2025-10-28T15:48:13Z</time>
   </trkpt>
   <trkpt lat="22.5422660" lon="88.3473250">
    <ele>9.0</ele>
    <time>2025-10-28T15:48:14Z</time>
   </trkpt>
   <trkpt lat="22.5422680" lon="88.3473400">
    <ele>9.0</ele>
    <time>2025-10-28T15:48:15Z</time>
   </trkpt>
   <trkpt lat="22.5422750" lon="88.3473460">
    <ele>9.0</ele>
    <time>2025-10-28T15:48:16Z</time>
   </trkpt>
   <trkpt lat="22.5422810" lon="88.3473520">
    <ele>9.0</ele>
    <time>2025-10-28T15:48:17Z</time>
   </trkpt>
   <trkpt lat="22.5422880" lon="88.3473580">
    <ele>9.0</ele>
    <time>2025-10-28T15:48:18Z</time>
   </trkpt>
   <trkpt lat="22.5423000" lon="88.3473660">
    <ele>9.0</ele>
    <time>2025-10-28T15:48:19Z</time>
   </trkpt>
   <trkpt lat="22.5423190" lon="88.3473710">
    <ele>9.0</ele>
    <time>2025-10-28T15:48:20Z</time>
   </trkpt>
   <trkpt lat="22.5423260" lon="88.3473640">
    <ele>9.0</ele>
    <time>2025-10-28T15:48:21Z</time>
   </trkpt>
   <trkpt lat="22.5423300" lon="88.3473730">
    <ele>9.0</ele>
    <time>2025-10-28T15:48:22Z</time>
   </trkpt>
   <trkpt lat="22.5423350" lon="88.3473700">
    <ele>9.0</ele>
    <time>2025-10-28T15:48:23Z</time>
   </trkpt>
   <trkpt lat="22.5423470" lon="88.3473690">
    <ele>9.0</ele>
    <time>2025-10-28T15:48:24Z</time>
   </trkpt>
   <trkpt lat="22.5423720" lon="88.3473940">
    <ele>9.0</ele>
    <time>2025-10-28T15:48:25Z</time>
   </trkpt>
   <trkpt lat="22.5423800" lon="88.3474040">
    <ele>9.0</ele>
    <time>2025-10-28T15:48:26Z</time>
   </trkpt>
   <trkpt lat="22.5423990" lon="88.3474300">
    <ele>9.0</ele>
    <time>2025-10-28T15:48:27Z</time>
   </trkpt>
   <trkpt lat="22.5424040" lon="88.3474330">
    <ele>9.0</ele>
    <time>2025-10-28T15:48:28Z</time>
   </trkpt>
   <trkpt lat="22.5424080" lon="88.3474370">
    <ele>9.0</ele>
    <time>2025-10-28T15:48:29Z</time>
   </trkpt>
   <trkpt lat="22.5424230" lon="88.3474140">
    <ele>9.0</ele>
    <time>2025-10-28T15:48:30Z</time>
   </trkpt>
   <trkpt lat="22.5424290" lon="88.3474150">
    <ele>9.0</ele>
    <time>2025-10-28T15:48:31Z</time>
   </trkpt>
   <trkpt lat="22.5424370" lon="88.3474340">
    <ele>9.0</ele>
    <time>2025-10-28T15:48:32Z</time>
   </trkpt>
   <trkpt lat="22.5424360" lon="88.3474480">
    <ele>9.0</ele>
    <time>2025-10-28T15:48:33Z</time>
   </trkpt>
   <trkpt lat="22.5424440" lon="88.3474490">
    <ele>9.0</ele>
    <time>2025-10-28T15:48:34Z</time>
   </trkpt>
   <trkpt lat="22.5424490" lon="88.3474470">
    <ele>9.0</ele>
    <time>2025-10-28T15:48:35Z</time>
   </trkpt>
   <trkpt lat="22.5424520" lon="88.3474530">
    <ele>9.0</ele>
    <time>2025-10-28T15:48:36Z</time>
   </trkpt>
   <trkpt lat="22.5424650" lon="88.3474560">
    <ele>9.0</ele>
    <time>2025-10-28T15:48:37Z</time>
   </trkpt>
   <trkpt lat="22.5424780" lon="88.3474580">
    <ele>9.0</ele>
    <time>2025-10-28T15:48:38Z</time>
   </trkpt>
   <trkpt lat="22.5424930" lon="88.3474540">
    <ele>9.0</ele>
    <time>2025-10-28T15:48:39Z</time>
   </trkpt>
   <trkpt lat="22.5425180" lon="88.3474490">
    <ele>9.0</ele>
    <time>2025-10-28T15:48:40Z</time>
   </trkpt>
   <trkpt lat="22.5425300" lon="88.3474470">
    <ele>9.0</ele>
    <time>2025-10-28T15:48:41Z</time>
   </trkpt>
   <trkpt lat="22.5425480" lon="88.3474440">
    <ele>9.0</ele>
    <time>2025-10-28T15:48:42Z</time>
   </trkpt>
   <trkpt lat="22.5425660" lon="88.3474450">
    <ele>9.0</ele>
    <time>2025-10-28T15:48:43Z</time>
   </trkpt>
   <trkpt lat="22.5425940" lon="88.3474360">
    <ele>9.0</ele>
    <time>2025-10-28T15:48:44Z</time>
   </trkpt>
   <trkpt lat="22.5426040" lon="88.3474310">
    <ele>9.0</ele>
    <time>2025-10-28T15:48:45Z</time>
   </trkpt>
   <trkpt lat="22.5426210" lon="88.3474250">
    <ele>9.0</ele>
    <time>2025-10-28T15:48:46Z</time>
   </trkpt>
   <trkpt lat="22.5426260" lon="88.3474220">
    <ele>9.0</ele>
    <time>2025-10-28T15:48:47Z</time>
   </trkpt>
   <trkpt lat="22.5426320" lon="88.3474190">
    <ele>9.0</ele>
    <time>2025-10-28T15:48:48Z</time>
   </trkpt>
   <trkpt lat="22.5426370" lon="88.3474160">
    <ele>9.0</ele>
    <time>2025-10-28T15:48:49Z</time>
   </trkpt>
   <trkpt lat="22.5426430" lon="88.3474130">
    <ele>9.0</ele>
    <time>2025-10-28T15:48:50Z</time>
   </trkpt>
   <trkpt lat="22.5426750" lon="88.3474030">
    <ele>9.0</ele>
    <time>2025-10-28T15:48:51Z</time>
   </trkpt>
   <trkpt lat="22.5426850" lon="88.3473980">
    <ele>9.0</ele>
    <time>2025-10-28T15:48:52Z</time>
   </trkpt>
   <trkpt lat="22.5427080" lon="88.3473980">
    <ele>9.0</ele>
    <time>2025-10-28T15:48:53Z</time>
   </trkpt>
   <trkpt lat="22.5427140" lon="88.3473920">
    <ele>9.0</ele>
    <time>2025-10-28T15:48:54Z</time>
   </trkpt>
   <trkpt lat="22.5427410" lon="88.3473860">
    <ele>9.0</ele>
    <time>2025-10-28T15:48:55Z</time>
   </trkpt>
   <trkpt lat="22.5427530" lon="88.3473940">
    <ele>9.0</ele>
    <time>2025-10-28T15:48:56Z</time>
   </trkpt>
   <trkpt lat="22.5427580" lon="88.3473970">
    <ele>9.0</ele>
    <time>2025-10-28T15:48:57Z</time>
   </trkpt>
   <trkpt lat="22.5427720" lon="88.3474030">
    <ele>9.0</ele>
    <time>2025-10-28T15:48:58Z</time>
   </trkpt>
   <trkpt lat="22.5427950" lon="88.3474020">
    <ele>9.0</ele>
    <time>2025-10-28T15:48:59Z</time>
   </trkpt>
   <trkpt lat="22.5428030" lon="88.3474040">
    <ele>9.0</ele>
    <time>2025-10-28T15:49:00Z</time>
   </trkpt>
   <trkpt lat="22.5428110" lon="88.3474050">
    <ele>9.0</ele>
    <time>2025-10-28T15:49:01Z</time>
   </trkpt>
   <trkpt lat="22.5428210" lon="88.3474030">
    <ele>9.0</ele>
    <time>2025-10-28T15:49:02Z</time>
   </trkpt>
   <trkpt lat="22.5428340" lon="88.3474030">
    <ele>9.0</ele>
    <time>2025-10-28T15:49:03Z</time>
   </trkpt>
   <trkpt lat="22.5428460" lon="88.3474010">
    <ele>9.0</ele>
    <time>2025-10-28T15:49:04Z</time>
   </trkpt>
   <trkpt lat="22.5428660" lon="88.3474070">
    <ele>9.0</ele>
    <time>2025-10-28T15:49:05Z</time>
   </trkpt>
   <trkpt lat="22.5428780" lon="88.3474180">
    <ele>9.0</ele>
    <time>2025-10-28T15:49:06Z</time>
   </trkpt>
   <trkpt lat="22.5428910" lon="88.3474250">
    <ele>9.0</ele>
    <time>2025-10-28T15:49:07Z</time>
   </trkpt>
   <trkpt lat="22.5429060" lon="88.3474290">
    <ele>9.0</ele>
    <time>2025-10-28T15:49:08Z</time>
   </trkpt>
   <trkpt lat="22.5429100" lon="88.3474200">
    <ele>9.0</ele>
    <time>2025-10-28T15:49:09Z</time>
   </trkpt>
   <trkpt lat="22.5429140" lon="88.3474260">
    <ele>9.0</ele>
    <time>2025-10-28T15:49:10Z</time>
   </trkpt>
   <trkpt lat="22.5429180" lon="88.3474290">
    <ele>9.0</ele>
    <time>2025-10-28T15:49:11Z</time>
   </trkpt>
   <trkpt lat="22.5429320" lon="88.3474420">
    <ele>9.0</ele>
    <time>2025-10-28T15:49:12Z</time>
   </trkpt>
   <trkpt lat="22.5429660" lon="88.3474640">
    <ele>9.0</ele>
    <time>2025-10-28T15:49:13Z</time>
   </trkpt>
   <trkpt lat="22.5429790" lon="88.3474700">
    <ele>9.0</ele>
    <time>2025-10-28T15:49:14Z</time>
   </trkpt>
   <trkpt lat="22.5430030" lon="88.3474840">
    <ele>9.0</ele>
    <time>2025-10-28T15:49:15Z</time>
   </trkpt>
   <trkpt lat="22.5430210" lon="88.3474890">
    <ele>9.0</ele>
    <time>2025-10-28T15:49:16Z</time>
   </trkpt>
   <trkpt lat="22.5430250" lon="88.3475070">
    <ele>9.0</ele>
    <time>2025-10-28T15:49:17Z</time>
   </trkpt>
   <trkpt lat="22.5430210" lon="88.3475090">
    <ele>9.0</ele>
    <time>2025-10-28T15:49:18Z</time>
   </trkpt>
   <trkpt lat="22.5430200" lon="88.3475160">
    <ele>9.0</ele>
    <time>2025-10-28T15:49:19Z</time>
   </trkpt>
   <trkpt lat="22.5430360" lon="88.3475290">
    <ele>9.0</ele>
    <time>2025-10-28T15:49:20Z</time>
   </trkpt>
   <trkpt lat="22.5430360" lon="88.3475440">
    <ele>9.0</ele>
    <time>2025-10-28T15:49:21Z</time>
   </trkpt>
   <trkpt lat="22.5430510" lon="88.3475570">
    <ele>9.0</ele>
    <time>2025-10-28T15:49:22Z</time>
   </trkpt>
   <trkpt lat="22.5430570" lon="88.3475620">
    <ele>9.0</ele>
    <time>2025-10-28T15:49:23Z</time>
   </trkpt>
   <trkpt lat="22.5430630" lon="88.3475670">
    <ele>9.0</ele>
    <time>2025-10-28T15:49:24Z</time>
   </trkpt>
   <trkpt lat="22.5430690" lon="88.3475720">
    <ele>9.0</ele>
    <time>2025-10-28T15:49:25Z</time>
   </trkpt>
   <trkpt lat="22.5431010" lon="88.3475780">
    <ele>9.0</ele>
    <time>2025-10-28T15:49:26Z</time>
   </trkpt>
   <trkpt lat="22.5431080" lon="88.3475770">
    <ele>9.0</ele>
    <time>2025-10-28T15:49:27Z</time>
   </trkpt>
   <trkpt lat="22.5431170" lon="88.3475780">
    <ele>9.0</ele>
    <time>2025-10-28T15:49:28Z</time>
   </trkpt>
   <trkpt lat="22.5431270" lon="88.3475800">
    <ele>9.0</ele>
    <time>2025-10-28T15:49:29Z</time>
   </trkpt>
   <trkpt lat="22.5431380" lon="88.3475820">
    <ele>9.0</ele>
    <time>2025-10-28T15:49:31Z</time>
   </trkpt>
   <trkpt lat="22.5431580" lon="88.3475850">
    <ele>9.0</ele>
    <time>2025-10-28T15:49:32Z</time>
   </trkpt>
   <trkpt lat="22.5431720" lon="88.3475860">
    <ele>9.0</ele>
    <time>2025-10-28T15:49:33Z</time>
   </trkpt>
   <trkpt lat="22.5431810" lon="88.3475800">
    <ele>9.0</ele>
    <time>2025-10-28T15:49:34Z</time>
   </trkpt>
   <trkpt lat="22.5431920" lon="88.3475760">
    <ele>9.0</ele>
    <time>2025-10-28T15:49:35Z</time>
   </trkpt>
   <trkpt lat="22.5432020" lon="88.3475750">
    <ele>9.0</ele>
    <time>2025-10-28T15:49:36Z</time>
   </trkpt>
   <trkpt lat="22.5432180" lon="88.3475770">
    <ele>9.0</ele>
    <time>2025-10-28T15:49:37Z</time>
   </trkpt>
   <trkpt lat="22.5432380" lon="88.3475710">
    <ele>9.0</ele>
    <time>2025-10-28T15:49:38Z</time>
   </trkpt>
   <trkpt lat="22.5432660" lon="88.3475630">
    <ele>9.0</ele>
    <time>2025-10-28T15:49:39Z</time>
   </trkpt>
   <trkpt lat="22.5432750" lon="88.3475580">
    <ele>9.0</ele>
    <time>2025-10-28T15:49:40Z</time>
   </trkpt>
   <trkpt lat="22.5432920" lon="88.3475570">
    <ele>9.0</ele>
    <time>2025-10-28T15:49:41Z</time>
   </trkpt>
   <trkpt lat="22.5433050" lon="88.3475480">
    <ele>9.0</ele>
    <time>2025-10-28T15:49:42Z</time>
   </trkpt>
   <trkpt lat="22.5433170" lon="88.3475400">
    <ele>9.0</ele>
    <time>2025-10-28T15:49:43Z</time>
   </trkpt>
   <trkpt lat="22.5433250" lon="88.3475360">
    <ele>9.0</ele>
    <time>2025-10-28T15:49:44Z</time>
   </trkpt>
   <trkpt lat="22.5433350" lon="88.3475320">
    <ele>9.0</ele>
    <time>2025-10-28T15:49:45Z</time>
   </trkpt>
   <trkpt lat="22.5433390" lon="88.3475340">
    <ele>9.0</ele>
    <time>2025-10-28T15:49:46Z</time>
   </trkpt>
   <trkpt lat="22.5433530" lon="88.3475380">
    <ele>9.0</ele>
    <time>2025-10-28T15:49:47Z</time>
   </trkpt>
   <trkpt lat="22.5433710" lon="88.3475350">
    <ele>9.0</ele>
    <time>2025-10-28T15:49:48Z</time>
   </trkpt>
   <trkpt lat="22.5433750" lon="88.3475290">
    <ele>9.0</ele>
    <time>2025-10-28T15:49:49Z</time>
   </trkpt>
   <trkpt lat="22.5434070" lon="88.3475330">
    <ele>9.1</ele>
    <time>2025-10-28T15:49:50Z</time>
   </trkpt>
   <trkpt lat="22.5434340" lon="88.3475360">
    <ele>9.1</ele>
    <time>2025-10-28T15:49:51Z</time>
   </trkpt>
   <trkpt lat="22.5434570" lon="88.3475410">
    <ele>9.1</ele>
    <time>2025-10-28T15:49:52Z</time>
   </trkpt>
   <trkpt lat="22.5434660" lon="88.3475460">
    <ele>9.1</ele>
    <time>2025-10-28T15:49:53Z</time>
   </trkpt>
   <trkpt lat="22.5434880" lon="88.3475500">
    <ele>9.1</ele>
    <time>2025-10-28T15:49:54Z</time>
   </trkpt>
   <trkpt lat="22.5435000" lon="88.3475500">
    <ele>9.1</ele>
    <time>2025-10-28T15:49:55Z</time>
   </trkpt>
   <trkpt lat="22.5435120" lon="88.3475500">
    <ele>9.1</ele>
    <time>2025-10-28T15:49:56Z</time>
   </trkpt>
   <trkpt lat="22.5435270" lon="88.3475540">
    <ele>9.1</ele>
    <time>2025-10-28T15:49:57Z</time>
   </trkpt>
   <trkpt lat="22.5435390" lon="88.3475470">
    <ele>9.1</ele>
    <time>2025-10-28T15:49:58Z</time>
   </trkpt>
   <trkpt lat="22.5435490" lon="88.3475770">
    <ele>9.1</ele>
    <time>2025-10-28T15:49:59Z</time>
   </trkpt>
   <trkpt lat="22.5435590" lon="88.3475910">
    <ele>9.1</ele>
    <time>2025-10-28T15:50:00Z</time>
   </trkpt>
   <trkpt lat="22.5435680" lon="88.3475910">
    <ele>9.1</ele>
    <time>2025-10-28T15:50:01Z</time>
   </trkpt>
   <trkpt lat="22.5435760" lon="88.3475910">
    <ele>9.1</ele>
    <time>2025-10-28T15:50:02Z</time>
   </trkpt>
   <trkpt lat="22.5435850" lon="88.3475910">
    <ele>9.1</ele>
    <time>2025-10-28T15:50:03Z</time>
   </trkpt>
   <trkpt lat="22.5436010" lon="88.3476070">
    <ele>9.1</ele>
    <time>2025-10-28T15:50:04Z</time>
   </trkpt>
   <trkpt lat="22.5435990" lon="88.3476170">
    <ele>9.1</ele>
    <time>2025-10-28T15:50:05Z</time>
   </trkpt>
   <trkpt lat="22.5436090" lon="88.3476220">
    <ele>9.1</ele>
    <time>2025-10-28T15:50:06Z</time>
   </trkpt>
   <trkpt lat="22.5435780" lon="88.3476420">
    <ele>9.1</ele>
    <time>2025-10-28T15:50:07Z</time>
   </trkpt>
   <trkpt lat="22.5435820" lon="88.3476520">
    <ele>9.1</ele>
    <time>2025-10-28T15:50:08Z</time>
   </trkpt>
   <trkpt lat="22.5435840" lon="88.3476690">
    <ele>9.1</ele>
    <time>2025-10-28T15:50:09Z</time>
   </trkpt>
   <trkpt lat="22.5435810" lon="88.3476580">
    <ele>9.1</ele>
    <time>2025-10-28T15:50:10Z</time>
   </trkpt>
   <trkpt lat="22.5435830" lon="88.3476570">
    <ele>9.1</ele>
    <time>2025-10-28T15:50:11Z</time>
   </trkpt>
   <trkpt lat="22.5435880" lon="88.3476520">
    <ele>9.1</ele>
    <time>2025-10-28T15:50:12Z</time>
   </trkpt>
   <trkpt lat="22.5436070" lon="88.3476570">
    <ele>9.1</ele>
    <time>2025-10-28T15:50:13Z</time>
   </trkpt>
   <trkpt lat="22.5436250" lon="88.3476420">
    <ele>9.1</ele>
    <time>2025-10-28T15:50:14Z</time>
   </trkpt>
   <trkpt lat="22.5436380" lon="88.3476390">
    <ele>9.1</ele>
    <time>2025-10-28T15:50:15Z</time>
   </trkpt>
   <trkpt lat="22.5436500" lon="88.3476350">
    <ele>9.1</ele>
    <time>2025-10-28T15:50:16Z</time>
   </trkpt>
   <trkpt lat="22.5436770" lon="88.3476360">
    <ele>9.1</ele>
    <time>2025-10-28T15:50:17Z</time>
   </trkpt>
   <trkpt lat="22.5436890" lon="88.3476350">
    <ele>9.1</ele>
    <time>2025-10-28T15:50:18Z</time>
   </trkpt>
   <trkpt lat="22.5437090" lon="88.3476390">
    <ele>9.1</ele>
    <time>2025-10-28T15:50:19Z</time>
   </trkpt>
   <trkpt lat="22.5437160" lon="88.3476410">
    <ele>9.1</ele>
    <time>2025-10-28T15:50:20Z</time>
   </trkpt>
   <trkpt lat="22.5437220" lon="88.3476420">
    <ele>9.1</ele>
    <time>2025-10-28T15:50:21Z</time>
   </trkpt>
   <trkpt lat="22.5437290" lon="88.3476440">
    <ele>9.1</ele>
    <time>2025-10-28T15:50:22Z</time>
   </trkpt>
   <trkpt lat="22.5437670" lon="88.3476570">
    <ele>9.1</ele>
    <time>2025-10-28T15:50:23Z</time>
   </trkpt>
   <trkpt lat="22.5438010" lon="88.3476560">
    <ele>9.1</ele>
    <time>2025-10-28T15:50:24Z</time>
   </trkpt>
   <trkpt lat="22.5438340" lon="88.3476610">
    <ele>9.1</ele>
    <time>2025-10-28T15:50:25Z</time>
   </trkpt>
   <trkpt lat="22.5438640" lon="88.3476710">
    <ele>9.1</ele>
    <time>2025-10-28T15:50:26Z</time>
   </trkpt>
   <trkpt lat="22.5438890" lon="88.3476750">
    <ele>9.1</ele>
    <time>2025-10-28T15:50:27Z</time>
   </trkpt>
   <trkpt lat="22.5438980" lon="88.3476720">
    <ele>9.1</ele>
    <time>2025-10-28T15:50:28Z</time>
   </trkpt>
   <trkpt lat="22.5439110" lon="88.3476810">
    <ele>9.1</ele>
    <time>2025-10-28T15:50:29Z</time>
   </trkpt>
   <trkpt lat="22.5439200" lon="88.3476880">
    <ele>9.1</ele>
    <time>2025-10-28T15:50:30Z</time>
   </trkpt>
   <trkpt lat="22.5439290" lon="88.3476950">
    <ele>9.1</ele>
    <time>2025-10-28T15:50:31Z</time>
   </trkpt>
   <trkpt lat="22.5439400" lon="88.3477050">
    <ele>9.1</ele>
    <time>2025-10-28T15:50:32Z</time>
   </trkpt>
   <trkpt lat="22.5439610" lon="88.3477120">
    <ele>9.1</ele>
    <time>2025-10-28T15:50:33Z</time>
   </trkpt>
   <trkpt lat="22.5439930" lon="88.3477190">
    <ele>9.1</ele>
    <time>2025-10-28T15:50:34Z</time>
   </trkpt>
   <trkpt lat="22.5440050" lon="88.3477220">
    <ele>9.0</ele>
    <time>2025-10-28T15:50:35Z</time>
   </trkpt>
   <trkpt lat="22.5440300" lon="88.3477390">
    <ele>9.0</ele>
    <time>2025-10-28T15:50:36Z</time>
   </trkpt>
   <trkpt lat="22.5440520" lon="88.3477440">
    <ele>9.0</ele>
    <time>2025-10-28T15:50:37Z</time>
   </trkpt>
   <trkpt lat="22.5440610" lon="88.3477470">
    <ele>9.0</ele>
    <time>2025-10-28T15:50:38Z</time>
   </trkpt>
   <trkpt lat="22.5440690" lon="88.3477490">
    <ele>9.0</ele>
    <time>2025-10-28T15:50:39Z</time>
   </trkpt>
   <trkpt lat="22.5440860" lon="88.3477590">
    <ele>9.1</ele>
    <time>2025-10-28T15:50:40Z</time>
   </trkpt>
   <trkpt lat="22.5440960" lon="88.3477540">
    <ele>9.1</ele>
    <time>2025-10-28T15:50:41Z</time>
   </trkpt>
   <trkpt lat="22.5441270" lon="88.3477510">
    <ele>9.1</ele>
    <time>2025-10-28T15:50:42Z</time>
   </trkpt>
   <trkpt lat="22.5441380" lon="88.3477480">
    <ele>9.1</ele>
    <time>2025-10-28T15:50:43Z</time>
   </trkpt>
   <trkpt lat="22.5441710" lon="88.3477310">
    <ele>9.1</ele>
    <time>2025-10-28T15:50:44Z</time>
   </trkpt>
   <trkpt lat="22.5441870" lon="88.3477230">
    <ele>9.1</ele>
    <time>2025-10-28T15:50:45Z</time>
   </trkpt>
   <trkpt lat="22.5442060" lon="88.3477150">
    <ele>9.1</ele>
    <time>2025-10-28T15:50:46Z</time>
   </trkpt>
   <trkpt lat="22.5442180" lon="88.3477080">
    <ele>9.1</ele>
    <time>2025-10-28T15:50:47Z</time>
   </trkpt>
   <trkpt lat="22.5442460" lon="88.3477010">
    <ele>9.1</ele>
    <time>2025-10-28T15:50:48Z</time>
   </trkpt>
   <trkpt lat="22.5442570" lon="88.3476960">
    <ele>9.1</ele>
    <time>2025-10-28T15:50:49Z</time>
   </trkpt>
   <trkpt lat="22.5442860" lon="88.3476930">
    <ele>9.1</ele>
    <time>2025-10-28T15:50:50Z</time>
   </trkpt>
   <trkpt lat="22.5442990" lon="88.3476910">
    <ele>9.1</ele>
    <time>2025-10-28T15:50:51Z</time>
   </trkpt>
   <trkpt lat="22.5443130" lon="88.3476950">
    <ele>9.1</ele>
    <time>2025-10-28T15:50:52Z</time>
   </trkpt>
   <trkpt lat="22.5443240" lon="88.3477030">
    <ele>9.1</ele>
    <time>2025-10-28T15:50:53Z</time>
   </trkpt>
   <trkpt lat="22.5443410" lon="88.3476990">
    <ele>9.1</ele>
    <time>2025-10-28T15:50:54Z</time>
   </trkpt>
   <trkpt lat="22.5443520" lon="88.3477020">
    <ele>9.1</ele>
    <time>2025-10-28T15:50:55Z</time>
   </trkpt>
   <trkpt lat="22.5443880" lon="88.3476950">
    <ele>9.1</ele>
    <time>2025-10-28T15:50:56Z</time>
   </trkpt>
   <trkpt lat="22.5444020" lon="88.3476980">
    <ele>9.1</ele>
    <time>2025-10-28T15:50:57Z</time>
   </trkpt>
   <trkpt lat="22.5444150" lon="88.3477060">
    <ele>9.1</ele>
    <time>2025-10-28T15:50:58Z</time>
   </trkpt>
   <trkpt lat="22.5444280" lon="88.3477130">
    <ele>9.1</ele>
    <time>2025-10-28T15:50:59Z</time>
   </trkpt>
   <trkpt lat="22.5444580" lon="88.3477170">
    <ele>9.1</ele>
    <time>2025-10-28T15:51:00Z</time>
   </trkpt>
   <trkpt lat="22.5444740" lon="88.3477170">
    <ele>9.1</ele>
    <time>2025-10-28T15:51:01Z</time>
   </trkpt>
   <trkpt lat="22.5444900" lon="88.3477180">
    <ele>9.1</ele>
    <time>2025-10-28T15:51:02Z</time>
   </trkpt>
   <trkpt lat="22.5445040" lon="88.3477110">
    <ele>9.1</ele>
    <time>2025-10-28T15:51:03Z</time>
   </trkpt>
   <trkpt lat="22.5445160" lon="88.3477050">
    <ele>9.1</ele>
    <time>2025-10-28T15:51:04Z</time>
   </trkpt>
   <trkpt lat="22.5445270" lon="88.3477050">
    <ele>9.1</ele>
    <time>2025-10-28T15:51:05Z</time>
   </trkpt>
   <trkpt lat="22.5445410" lon="88.3477250">
    <ele>9.0</ele>
    <time>2025-10-28T15:51:06Z</time>
   </trkpt>
   <trkpt lat="22.5445500" lon="88.3477280">
    <ele>9.0</ele>
    <time>2025-10-28T15:51:07Z</time>
   </trkpt>
   <trkpt lat="22.5445500" lon="88.3477360">
    <ele>9.0</ele>
    <time>2025-10-28T15:51:08Z</time>
   </trkpt>
   <trkpt lat="22.5445610" lon="88.3477420">
    <ele>9.0</ele>
    <time>2025-10-28T15:51:09Z</time>
   </trkpt>
   <trkpt lat="22.5445570" lon="88.3477540">
    <ele>9.0</ele>
    <time>2025-10-28T15:51:10Z</time>
   </trkpt>
   <trkpt lat="22.5445740" lon="88.3477530">
    <ele>9.0</ele>
    <time>2025-10-28T15:51:11Z</time>
   </trkpt>
   <trkpt lat="22.5445830" lon="88.3477520">
    <ele>9.0</ele>
    <time>2025-10-28T15:51:12Z</time>
   </trkpt>
   <trkpt lat="22.5445910" lon="88.3477520">
    <ele>9.0</ele>
    <time>2025-10-28T15:51:13Z</time>
   </trkpt>
   <trkpt lat="22.5446000" lon="88.3477510">
    <ele>9.0</ele>
    <time>2025-10-28T15:51:14Z</time>
   </trkpt>
   <trkpt lat="22.5446080" lon="88.3477510">
    <ele>9.0</ele>
    <time>2025-10-28T15:51:15Z</time>
   </trkpt>
   <trkpt lat="22.5446140" lon="88.3477420">
    <ele>9.0</ele>
    <time>2025-10-28T15:51:16Z</time>
   </trkpt>
   <trkpt lat="22.5446160" lon="88.3477440">
    <ele>9.0</ele>
    <time>2025-10-28T15:51:17Z</time>
   </trkpt>
   <trkpt lat="22.5446190" lon="88.3477410">
    <ele>9.0</ele>
    <time>2025-10-28T15:51:18Z</time>
   </trkpt>
   <trkpt lat="22.5446250" lon="88.3477320">
    <ele>9.0</ele>
    <time>2025-10-28T15:51:19Z</time>
   </trkpt>
   <trkpt lat="22.5446360" lon="88.3477300">
    <ele>9.0</ele>
    <time>2025-10-28T15:51:20Z</time>
   </trkpt>
   <trkpt lat="22.5446540" lon="88.3477260">
    <ele>9.0</ele>
    <time>2025-10-28T15:51:21Z</time>
   </trkpt>
   <trkpt lat="22.5446560" lon="88.3477150">
    <ele>9.0</ele>
    <time>2025-10-28T15:51:22Z</time>
   </trkpt>
   <trkpt lat="22.5446670" lon="88.3477140">
    <ele>9.0</ele>
    <time>2025-10-28T15:51:23Z</time>
   </trkpt>
   <trkpt lat="22.5447280" lon="88.3477250">
    <ele>9.0</ele>
    <time>2025-10-28T15:51:24Z</time>
   </trkpt>
   <trkpt lat="22.5447270" lon="88.3477140">
    <ele>9.0</ele>
    <time>2025-10-28T15:51:25Z</time>
   </trkpt>
   <trkpt lat="22.5447480" lon="88.3477060">
    <ele>9.0</ele>
    <time>2025-10-28T15:51:26Z</time>
   </trkpt>
   <trkpt lat="22.5447750" lon="88.3476890">
    <ele>9.0</ele>
    <time>2025-10-28T15:51:27Z</time>
   </trkpt>
   <trkpt lat="22.5447860" lon="88.3476850">
    <ele>9.0</ele>
    <time>2025-10-28T15:51:28Z</time>
   </trkpt>
   <trkpt lat="22.5447890" lon="88.3476670">
    <ele>9.0</ele>
    <time>2025-10-28T15:51:29Z</time>
   </trkpt>
   <trkpt lat="22.5447990" lon="88.3476600">
    <ele>9.0</ele>
    <time>2025-10-28T15:51:30Z</time>
   </trkpt>
   <trkpt lat="22.5448120" lon="88.3476730">
    <ele>9.0</ele>
    <time>2025-10-28T15:51:31Z</time>
   </trkpt>
   <trkpt lat="22.5448380" lon="88.3476940">
    <ele>9.0</ele>
    <time>2025-10-28T15:51:32Z</time>
   </trkpt>
   <trkpt lat="22.5448470" lon="88.3476990">
    <ele>9.0</ele>
    <time>2025-10-28T15:51:33Z</time>
   </trkpt>
   <trkpt lat="22.5448400" lon="88.3477530">
    <ele>9.0</ele>
    <time>2025-10-28T15:51:34Z</time>
   </trkpt>
   <trkpt lat="22.5448210" lon="88.3478060">
    <ele>9.0</ele>
    <time>2025-10-28T15:51:35Z</time>
   </trkpt>
   <trkpt lat="22.5448330" lon="88.3478140">
    <ele>9.0</ele>
    <time>2025-10-28T15:51:37Z</time>
   </trkpt>
   <trkpt lat="22.5448500" lon="88.3478080">
    <ele>9.0</ele>
    <time>2025-10-28T15:51:38Z</time>
   </trkpt>
   <trkpt lat="22.5448660" lon="88.3478020">
    <ele>9.0</ele>
    <time>2025-10-28T15:51:39Z</time>
   </trkpt>
   <trkpt lat="22.5448790" lon="88.3477930">
    <ele>9.0</ele>
    <time>2025-10-28T15:51:40Z</time>
   </trkpt>
   <trkpt lat="22.5448900" lon="88.3477870">
    <ele>9.0</ele>
    <time>2025-10-28T15:51:41Z</time>
   </trkpt>
   <trkpt lat="22.5449000" lon="88.3477820">
    <ele>9.0</ele>
    <time>2025-10-28T15:51:42Z</time>
   </trkpt>
   <trkpt lat="22.5449120" lon="88.3477950">
    <ele>9.0</ele>
    <time>2025-10-28T15:51:43Z</time>
   </trkpt>
   <trkpt lat="22.5449150" lon="88.3477890">
    <ele>9.0</ele>
    <time>2025-10-28T15:51:44Z</time>
   </trkpt>
   <trkpt lat="22.5449280" lon="88.3477810">
    <ele>9.0</ele>
    <time>2025-10-28T15:51:45Z</time>
   </trkpt>
   <trkpt lat="22.5449520" lon="88.3477720">
    <ele>9.0</ele>
    <time>2025-10-28T15:51:46Z</time>
   </trkpt>
   <trkpt lat="22.5449650" lon="88.3477750">
    <ele>9.0</ele>
    <time>2025-10-28T15:51:47Z</time>
   </trkpt>
   <trkpt lat="22.5449780" lon="88.3477770">
    <ele>9.0</ele>
    <time>2025-10-28T15:51:48Z</time>
   </trkpt>
   <trkpt lat="22.5450070" lon="88.3477730">
    <ele>9.0</ele>
    <time>2025-10-28T15:51:49Z</time>
   </trkpt>
   <trkpt lat="22.5450170" lon="88.3477710">
    <ele>9.0</ele>
    <time>2025-10-28T15:51:50Z</time>
   </trkpt>
   <trkpt lat="22.5450300" lon="88.3477710">
    <ele>9.0</ele>
    <time>2025-10-28T15:51:51Z</time>
   </trkpt>
   <trkpt lat="22.5450490" lon="88.3477720">
    <ele>9.0</ele>
    <time>2025-10-28T15:51:52Z</time>
   </trkpt>
   <trkpt lat="22.5450540" lon="88.3477670">
    <ele>9.0</ele>
    <time>2025-10-28T15:51:53Z</time>
   </trkpt>
   <trkpt lat="22.5450700" lon="88.3477730">
    <ele>9.0</ele>
    <time>2025-10-28T15:51:54Z</time>
   </trkpt>
   <trkpt lat="22.5450760" lon="88.3477590">
    <ele>9.0</ele>
    <time>2025-10-28T15:51:55Z</time>
   </trkpt>
   <trkpt lat="22.5450930" lon="88.3477610">
    <ele>9.0</ele>
    <time>2025-10-28T15:51:56Z</time>
   </trkpt>
   <trkpt lat="22.5451030" lon="88.3477670">
    <ele>9.0</ele>
    <time>2025-10-28T15:51:57Z</time>
   </trkpt>
   <trkpt lat="22.5451120" lon="88.3477680">
    <ele>9.0</ele>
    <time>2025-10-28T15:51:58Z</time>
   </trkpt>
   <trkpt lat="22.5451240" lon="88.3477670">
    <ele>9.0</ele>
    <time>2025-10-28T15:51:59Z</time>
   </trkpt>
   <trkpt lat="22.5451320" lon="88.3477720">
    <ele>9.0</ele>
    <time>2025-10-28T15:52:00Z</time>
   </trkpt>
   <trkpt lat="22.5451620" lon="88.3477760">
    <ele>9.0</ele>
    <time>2025-10-28T15:52:01Z</time>
   </trkpt>
   <trkpt lat="22.5451710" lon="88.3477750">
    <ele>9.0</ele>
    <time>2025-10-28T15:52:02Z</time>
   </trkpt>
   <trkpt lat="22.5451950" lon="88.3477960">
    <ele>9.0</ele>
    <time>2025-10-28T15:52:03Z</time>
   </trkpt>
   <trkpt lat="22.5452100" lon="88.3478140">
    <ele>9.0</ele>
    <time>2025-10-28T15:52:04Z</time>
   </trkpt>
   <trkpt lat="22.5452210" lon="88.3478130">
    <ele>9.0</ele>
    <time>2025-10-28T15:52:05Z</time>
   </trkpt>
   <trkpt lat="22.5452130" lon="88.3478420">
    <ele>8.9</ele>
    <time>2025-10-28T15:52:06Z</time>
   </trkpt>
   <trkpt lat="22.5452120" lon="88.3478750">
    <ele>8.9</ele>
    <time>2025-10-28T15:52:07Z</time>
   </trkpt>
   <trkpt lat="22.5452140" lon="88.3478930">
    <ele>8.9</ele>
    <time>2025-10-28T15:52:08Z</time>
   </trkpt>
   <trkpt lat="22.5452220" lon="88.3479080">
    <ele>8.9</ele>
    <time>2025-10-28T15:52:09Z</time>
   </trkpt>
   <trkpt lat="22.5452320" lon="88.3479130">
    <ele>8.9</ele>
    <time>2025-10-28T15:52:10Z</time>
   </trkpt>
   <trkpt lat="22.5452450" lon="88.3479130">
    <ele>8.9</ele>
    <time>2025-10-28T15:52:11Z</time>
   </trkpt>
   <trkpt lat="22.5452500" lon="88.3479160">
    <ele>8.9</ele>
    <time>2025-10-28T15:52:12Z</time>
   </trkpt>
   <trkpt lat="22.5452540" lon="88.3479240">
    <ele>8.9</ele>
    <time>2025-10-28T15:52:13Z</time>
   </trkpt>
   <trkpt lat="22.5452710" lon="88.3479230">
    <ele>8.9</ele>
    <time>2025-10-28T15:52:14Z</time>
   </trkpt>
   <trkpt lat="22.5452800" lon="88.3479380">
    <ele>8.9</ele>
    <time>2025-10-28T15:52:15Z</time>
   </trkpt>
   <trkpt lat="22.5453090" lon="88.3479220">
    <ele>8.9</ele>
    <time>2025-10-28T15:52:16Z</time>
   </trkpt>
   <trkpt lat="22.5453190" lon="88.3479190">
    <ele>8.9</ele>
    <time>2025-10-28T15:52:17Z</time>
   </trkpt>
   <trkpt lat="22.5453320" lon="88.3479260">
    <ele>8.9</ele>
    <time>2025-10-28T15:52:18Z</time>
   </trkpt>
   <trkpt lat="22.5453470" lon="88.3479270">
    <ele>8.9</ele>
    <time>2025-10-28T15:52:19Z</time>
   </trkpt>
   <trkpt lat="22.5453640" lon="88.3479140">
    <ele>8.9</ele>
    <time>2025-10-28T15:52:20Z</time>
   </trkpt>
   <trkpt lat="22.5453680" lon="88.3479060">
    <ele>8.9</ele>
    <time>2025-10-28T15:52:21Z</time>
   </trkpt>
   <trkpt lat="22.5453880" lon="88.3479020">
    <ele>8.9</ele>
    <time>2025-10-28T15:52:22Z</time>
   </trkpt>
   <trkpt lat="22.5453930" lon="88.3479010">
    <ele>8.9</ele>
    <time>2025-10-28T15:52:23Z</time>
   </trkpt>
   <trkpt lat="22.5453980" lon="88.3478990">
    <ele>8.9</ele>
    <time>2025-10-28T15:52:24Z</time>
   </trkpt>
   <trkpt lat="22.5454030" lon="88.3478980">
    <ele>8.9</ele>
    <time>2025-10-28T15:52:25Z</time>
   </trkpt>
   <trkpt lat="22.5454080" lon="88.3478960">
    <ele>8.9</ele>
    <time>2025-10-28T15:52:26Z</time>
   </trkpt>
   <trkpt lat="22.5454200" lon="88.3479000">
    <ele>8.8</ele>
    <time>2025-10-28T15:52:27Z</time>
   </trkpt>
   <trkpt lat="22.5454370" lon="88.3479070">
    <ele>8.8</ele>
    <time>2025-10-28T15:52:28Z</time>
   </trkpt>
   <trkpt lat="22.5454420" lon="88.3479090">
    <ele>8.8</ele>
    <time>2025-10-28T15:52:29Z</time>
   </trkpt>
   <trkpt lat="22.5454500" lon="88.3479170">
    <ele>8.8</ele>
    <time>2025-10-28T15:52:30Z</time>
   </trkpt>
   <trkpt lat="22.5454630" lon="88.3479190">
    <ele>8.8</ele>
    <time>2025-10-28T15:52:31Z</time>
   </trkpt>
   <trkpt lat="22.5454870" lon="88.3479270">
    <ele>8.8</ele>
    <time>2025-10-28T15:52:32Z</time>
   </trkpt>
   <trkpt lat="22.5455020" lon="88.3479290">
    <ele>8.8</ele>
    <time>2025-10-28T15:52:33Z</time>
   </trkpt>
   <trkpt lat="22.5455160" lon="88.3479320">
    <ele>8.8</ele>
    <time>2025-10-28T15:52:34Z</time>
   </trkpt>
   <trkpt lat="22.5455370" lon="88.3479250">
    <ele>8.8</ele>
    <time>2025-10-28T15:52:35Z</time>
   </trkpt>
   <trkpt lat="22.5455430" lon="88.3479190">
    <ele>8.8</ele>
    <time>2025-10-28T15:52:36Z</time>
   </trkpt>
   <trkpt lat="22.5455490" lon="88.3479120">
    <ele>8.8</ele>
    <time>2025-10-28T15:52:37Z</time>
   </trkpt>
   <trkpt lat="22.5455620" lon="88.3478930">
    <ele>8.8</ele>
    <time>2025-10-28T15:52:38Z</time>
   </trkpt>
   <trkpt lat="22.5455650" lon="88.3478860">
    <ele>8.8</ele>
    <time>2025-10-28T15:52:39Z</time>
   </trkpt>
   <trkpt lat="22.5455680" lon="88.3478780">
    <ele>8.8</ele>
    <time>2025-10-28T15:52:40Z</time>
   </trkpt>
   <trkpt lat="22.5455790" lon="88.3478670">
    <ele>8.8</ele>
    <time>2025-10-28T15:52:41Z</time>
   </trkpt>
   <trkpt lat="22.5455950" lon="88.3478600">
    <ele>8.8</ele>
    <time>2025-10-28T15:52:42Z</time>
   </trkpt>
   <trkpt lat="22.5456340" lon="88.3478600">
    <ele>8.8</ele>
    <time>2025-10-28T15:52:43Z</time>
   </trkpt>
   <trkpt lat="22.5456490" lon="88.3478650">
    <ele>8.8</ele>
    <time>2025-10-28T15:52:44Z</time>
   </trkpt>
   <trkpt lat="22.5456840" lon="88.3478760">
    <ele>8.8</ele>
    <time>2025-10-28T15:52:45Z</time>
   </trkpt>
   <trkpt lat="22.5456990" lon="88.3478840">
    <ele>8.8</ele>
    <time>2025-10-28T15:52:46Z</time>
   </trkpt>
   <trkpt lat="22.5457280" lon="88.3478810">
    <ele>8.8</ele>
    <time>2025-10-28T15:52:47Z</time>
   </trkpt>
   <trkpt lat="22.5457380" lon="88.3478830">
    <ele>8.8</ele>
    <time>2025-10-28T15:52:48Z</time>
   </trkpt>
   <trkpt lat="22.5457700" lon="88.3478870">
    <ele>8.9</ele>
    <time>2025-10-28T15:52:49Z</time>
   </trkpt>
   <trkpt lat="22.5457790" lon="88.3478920">
    <ele>8.9</ele>
    <time>2025-10-28T15:52:50Z</time>
   </trkpt>
   <trkpt lat="22.5458130" lon="88.3478970">
    <ele>8.9</ele>
    <time>2025-10-28T15:52:51Z</time>
   </trkpt>
   <trkpt lat="22.5458240" lon="88.3479020">
    <ele>8.9</ele>
    <time>2025-10-28T15:52:52Z</time>
   </trkpt>
   <trkpt lat="22.5458560" lon="88.3479160">
    <ele>8.9</ele>
    <time>2025-10-28T15:52:53Z</time>
   </trkpt>
   <trkpt lat="22.5458630" lon="88.3479230">
    <ele>8.9</ele>
    <time>2025-10-28T15:52:54Z</time>
   </trkpt>
   <trkpt lat="22.5458810" lon="88.3479490">
    <ele>8.9</ele>
    <time>2025-10-28T15:52:55Z</time>
   </trkpt>
   <trkpt lat="22.5458830" lon="88.3479580">
    <ele>8.9</ele>
    <time>2025-10-28T15:52:56Z</time>
   </trkpt>
   <trkpt lat="22.5459180" lon="88.3479710">
    <ele>8.9</ele>
    <time>2025-10-28T15:52:57Z</time>
   </trkpt>
   <trkpt lat="22.5459340" lon="88.3479760">
    <ele>8.9</ele>
    <time>2025-10-28T15:52:58Z</time>
   </trkpt>
   <trkpt lat="22.5459590" lon="88.3479660">
    <ele>9.0</ele>
    <time>2025-10-28T15:52:59Z</time>
   </trkpt>
   <trkpt lat="22.5459710" lon="88.3479630">
    <ele>9.0</ele>
    <time>2025-10-28T15:53:00Z</time>
   </trkpt>
   <trkpt lat="22.5460120" lon="88.3479830">
    <ele>9.0</ele>
    <time>2025-10-28T15:53:01Z</time>
   </trkpt>
   <trkpt lat="22.5460330" lon="88.3480080">
    <ele>9.0</ele>
    <time>2025-10-28T15:53:02Z</time>
   </trkpt>
   <trkpt lat="22.5460410" lon="88.3480210">
    <ele>9.0</ele>
    <time>2025-10-28T15:53:03Z</time>
   </trkpt>
   <trkpt lat="22.5460650" lon="88.3480530">
    <ele>9.0</ele>
    <time>2025-10-28T15:53:04Z</time>
   </trkpt>
   <trkpt lat="22.5460750" lon="88.3480630">
    <ele>9.0</ele>
    <time>2025-10-28T15:53:05Z</time>
   </trkpt>
   <trkpt lat="22.5460710" lon="88.3480340">
    <ele>9.0</ele>
    <time>2025-10-28T15:53:06Z</time>
   </trkpt>
   <trkpt lat="22.5460710" lon="88.3480000">
    <ele>9.0</ele>
    <time>2025-10-28T15:53:07Z</time>
   </trkpt>
   <trkpt lat="22.5460760" lon="88.3479830">
    <ele>9.0</ele>
    <time>2025-10-28T15:53:08Z</time>
   </trkpt>
   <trkpt lat="22.5460710" lon="88.3479670">
    <ele>9.0</ele>
    <time>2025-10-28T15:53:09Z</time>
   </trkpt>
   <trkpt lat="22.5460770" lon="88.3479590">
    <ele>8.9</ele>
    <time>2025-10-28T15:53:10Z</time>
   </trkpt>
   <trkpt lat="22.5460770" lon="88.3479490">
    <ele>8.9</ele>
    <time>2025-10-28T15:53:11Z</time>
   </trkpt>
   <trkpt lat="22.5460810" lon="88.3479430">
    <ele>8.9</ele>
    <time>2025-10-28T15:53:12Z</time>
   </trkpt>
   <trkpt lat="22.5460900" lon="88.3479400">
    <ele>8.9</ele>
    <time>2025-10-28T15:53:13Z</time>
   </trkpt>
   <trkpt lat="22.5460950" lon="88.3479320">
    <ele>8.9</ele>
    <time>2025-10-28T15:53:14Z</time>
   </trkpt>
   <trkpt lat="22.5461000" lon="88.3479350">
    <ele>8.9</ele>
    <time>2025-10-28T15:53:15Z</time>
   </trkpt>
   <trkpt lat="22.5461050" lon="88.3479360">
    <ele>8.9</ele>
    <time>2025-10-28T15:53:16Z</time>
   </trkpt>
   <trkpt lat="22.5461070" lon="88.3479450">
    <ele>8.9</ele>
    <time>2025-10-28T15:53:17Z</time>
   </trkpt>
   <trkpt lat="22.5461080" lon="88.3479490">
    <ele>8.9</ele>
    <time>2025-10-28T15:53:18Z</time>
   </trkpt>
   <trkpt lat="22.5461080" lon="88.3479500">
    <ele>8.9</ele>
    <time>2025-10-28T15:53:19Z</time>
   </trkpt>
   <trkpt lat="22.5461260" lon="88.3479450">
    <ele>8.9</ele>
    <time>2025-10-28T15:53:20Z</time>
   </trkpt>
   <trkpt lat="22.5461130" lon="88.3479430">
    <ele>8.9</ele>
    <time>2025-10-28T15:53:21Z</time>
   </trkpt>
   <trkpt lat="22.5461110" lon="88.3479450">
    <ele>8.9</ele>
    <time>2025-10-28T15:53:22Z</time>
   </trkpt>
   <trkpt lat="22.5461070" lon="88.3479490">
    <ele>8.9</ele>
    <time>2025-10-28T15:53:23Z</time>
   </trkpt>
   <trkpt lat="22.5461040" lon="88.3479500">
    <ele>8.9</ele>
    <time>2025-10-28T15:53:24Z</time>
   </trkpt>
   <trkpt lat="22.5460990" lon="88.3479570">
    <ele>8.9</ele>
    <time>2025-10-28T15:53:25Z</time>
   </trkpt>
   <trkpt lat="22.5460980" lon="88.3479600">
    <ele>8.9</ele>
    <time>2025-10-28T15:53:26Z</time>
   </trkpt>
   <trkpt lat="22.5460980" lon="88.3479550">
    <ele>8.9</ele>
    <time>2025-10-28T15:53:27Z</time>
   </trkpt>
   <trkpt lat="22.5460960" lon="88.3479570">
    <ele>8.9</ele>
    <time>2025-10-28T15:53:28Z</time>
   </trkpt>
   <trkpt lat="22.5460970" lon="88.3479480">
    <ele>8.9</ele>
    <time>2025-10-28T15:53:29Z</time>
   </trkpt>
   <trkpt lat="22.5460990" lon="88.3479510">
    <ele>8.9</ele>
    <time>2025-10-28T15:53:30Z</time>
   </trkpt>
   <trkpt lat="22.5460970" lon="88.3479530">
    <ele>8.9</ele>
    <time>2025-10-28T15:53:31Z</time>
   </trkpt>
   <trkpt lat="22.5460880" lon="88.3479600">
    <ele>8.9</ele>
    <time>2025-10-28T15:53:32Z</time>
   </trkpt>
   <trkpt lat="22.5460830" lon="88.3479640">
    <ele>8.9</ele>
    <time>2025-10-28T15:53:33Z</time>
   </trkpt>
   <trkpt lat="22.5460800" lon="88.3479700">
    <ele>8.9</ele>
    <time>2025-10-28T15:53:34Z</time>
   </trkpt>
   <trkpt lat="22.5460790" lon="88.3479690">
    <ele>8.9</ele>
    <time>2025-10-28T15:53:35Z</time>
   </trkpt>
   <trkpt lat="22.5460790" lon="88.3479690">
    <ele>8.9</ele>
    <time>2025-10-28T15:53:36Z</time>
   </trkpt>
   <trkpt lat="22.5460790" lon="88.3479690">
    <ele>8.9</ele>
    <time>2025-10-28T15:53:37Z</time>
   </trkpt>
   <trkpt lat="22.5460820" lon="88.3479610">
    <ele>8.9</ele>
    <time>2025-10-28T15:53:38Z</time>
   </trkpt>
   <trkpt lat="22.5460850" lon="88.3479540">
    <ele>8.9</ele>
    <time>2025-10-28T15:53:39Z</time>
   </trkpt>
   <trkpt lat="22.5460860" lon="88.3479530">
    <ele>8.9</ele>
    <time>2025-10-28T15:53:40Z</time>
   </trkpt>
   <trkpt lat="22.5460860" lon="88.3479530">
    <ele>8.9</ele>
    <time>2025-10-28T15:53:41Z</time>
   </trkpt>
   <trkpt lat="22.5460860" lon="88.3479530">
    <ele>8.9</ele>
    <time>2025-10-28T15:53:43Z</time>
   </trkpt>
   <trkpt lat="22.5460860" lon="88.3479530">
    <ele>8.9</ele>
    <time>2025-10-28T15:53:44Z</time>
   </trkpt>
   <trkpt lat="22.5460860" lon="88.3479530">
    <ele>8.9</ele>
    <time>2025-10-28T15:53:45Z</time>
   </trkpt>
   <trkpt lat="22.5461200" lon="88.3479280">
    <ele>8.8</ele>
    <time>2025-10-28T15:53:46Z</time>
   </trkpt>
   <trkpt lat="22.5461380" lon="88.3479190">
    <ele>8.8</ele>
    <time>2025-10-28T15:53:47Z</time>
   </trkpt>
   <trkpt lat="22.5461470" lon="88.3479170">
    <ele>8.8</ele>
    <time>2025-10-28T15:53:48Z</time>
   </trkpt>
   <trkpt lat="22.5461560" lon="88.3479160">
    <ele>8.8</ele>
    <time>2025-10-28T15:53:49Z</time>
   </trkpt>
   <trkpt lat="22.5461810" lon="88.3479110">
    <ele>8.8</ele>
    <time>2025-10-28T15:53:50Z</time>
   </trkpt>
   <trkpt lat="22.5461930" lon="88.3479100">
    <ele>8.8</ele>
    <time>2025-10-28T15:53:51Z</time>
   </trkpt>
   <trkpt lat="22.5462070" lon="88.3479210">
    <ele>8.8</ele>
    <time>2025-10-28T15:53:52Z</time>
   </trkpt>
   <trkpt lat="22.5462190" lon="88.3479270">
    <ele>8.8</ele>
    <time>2025-10-28T15:53:53Z</time>
   </trkpt>
   <trkpt lat="22.5462380" lon="88.3479410">
    <ele>8.7</ele>
    <time>2025-10-28T15:53:54Z</time>
   </trkpt>
   <trkpt lat="22.5462500" lon="88.3479470">
    <ele>8.7</ele>
    <time>2025-10-28T15:53:55Z</time>
   </trkpt>
   <trkpt lat="22.5462600" lon="88.3479400">
    <ele>8.7</ele>
    <time>2025-10-28T15:53:56Z</time>
   </trkpt>
   <trkpt lat="22.5462750" lon="88.3479320">
    <ele>8.7</ele>
    <time>2025-10-28T15:53:57Z</time>
   </trkpt>
   <trkpt lat="22.5462940" lon="88.3479290">
    <ele>8.7</ele>
    <time>2025-10-28T15:53:58Z</time>
   </trkpt>
   <trkpt lat="22.5463040" lon="88.3479320">
    <ele>8.7</ele>
    <time>2025-10-28T15:53:59Z</time>
   </trkpt>
   <trkpt lat="22.5463130" lon="88.3479340">
    <ele>8.7</ele>
    <time>2025-10-28T15:54:00Z</time>
   </trkpt>
   <trkpt lat="22.5463260" lon="88.3479360">
    <ele>8.7</ele>
    <time>2025-10-28T15:54:01Z</time>
   </trkpt>
   <trkpt lat="22.5463340" lon="88.3479410">
    <ele>8.7</ele>
    <time>2025-10-28T15:54:02Z</time>
   </trkpt>
   <trkpt lat="22.5463430" lon="88.3479440">
    <ele>8.7</ele>
    <time>2025-10-28T15:54:03Z</time>
   </trkpt>
   <trkpt lat="22.5463510" lon="88.3479470">
    <ele>8.7</ele>
    <time>2025-10-28T15:54:04Z</time>
   </trkpt>
   <trkpt lat="22.5463570" lon="88.3479480">
    <ele>8.7</ele>
    <time>2025-10-28T15:54:05Z</time>
   </trkpt>
   <trkpt lat="22.5463680" lon="88.3479570">
    <ele>8.7</ele>
    <time>2025-10-28T15:54:06Z</time>
   </trkpt>
   <trkpt lat="22.5463870" lon="88.3479520">
    <ele>8.6</ele>
    <time>2025-10-28T15:54:07Z</time>
   </trkpt>
   <trkpt lat="22.5463980" lon="88.3479500">
    <ele>8.6</ele>
    <time>2025-10-28T15:54:08Z</time>
   </trkpt>
   <trkpt lat="22.5464080" lon="88.3479490">
    <ele>8.6</ele>
    <time>2025-10-28T15:54:09Z</time>
   </trkpt>
   <trkpt lat="22.5464170" lon="88.3479480">
    <ele>8.6</ele>
    <time>2025-10-28T15:54:10Z</time>
   </trkpt>
   <trkpt lat="22.5464340" lon="88.3479480">
    <ele>8.6</ele>
    <time>2025-10-28T15:54:11Z</time>
   </trkpt>
   <trkpt lat="22.5464330" lon="88.3479730">
    <ele>8.6</ele>
    <time>2025-10-28T15:54:12Z</time>
   </trkpt>
   <trkpt lat="22.5464350" lon="88.3480100">
    <ele>8.6</ele>
    <time>2025-10-28T15:54:13Z</time>
   </trkpt>
   <trkpt lat="22.5464170" lon="88.3480340">
    <ele>8.6</ele>
    <time>2025-10-28T15:54:14Z</time>
   </trkpt>
   <trkpt lat="22.5464260" lon="88.3480360">
    <ele>8.6</ele>
    <time>2025-10-28T15:54:15Z</time>
   </trkpt>
   <trkpt lat="22.5464400" lon="88.3480280">
    <ele>8.6</ele>
    <time>2025-10-28T15:54:16Z</time>
   </trkpt>
   <trkpt lat="22.5464550" lon="88.3480210">
    <ele>8.6</ele>
    <time>2025-10-28T15:54:17Z</time>
   </trkpt>
   <trkpt lat="22.5464640" lon="88.3480110">
    <ele>8.6</ele>
    <time>2025-10-28T15:54:18Z</time>
   </trkpt>
   <trkpt lat="22.5464800" lon="88.3480070">
    <ele>8.6</ele>
    <time>2025-10-28T15:54:19Z</time>
   </trkpt>
   <trkpt lat="22.5464920" lon="88.3479990">
    <ele>8.6</ele>
    <time>2025-10-28T15:54:20Z</time>
   </trkpt>
   <trkpt lat="22.5465040" lon="88.3479920">
    <ele>8.6</ele>
    <time>2025-10-28T15:54:21Z</time>
   </trkpt>
   <trkpt lat="22.5465100" lon="88.3479800">
    <ele>8.6</ele>
    <time>2025-10-28T15:54:22Z</time>
   </trkpt>
   <trkpt lat="22.5465160" lon="88.3479730">
    <ele>8.6</ele>
    <time>2025-10-28T15:54:23Z</time>
   </trkpt>
   <trkpt lat="22.5465190" lon="88.3479740">
    <ele>8.6</ele>
    <time>2025-10-28T15:54:24Z</time>
   </trkpt>
   <trkpt lat="22.5465210" lon="88.3479810">
    <ele>8.6</ele>
    <time>2025-10-28T15:54:25Z</time>
   </trkpt>
   <trkpt lat="22.5465280" lon="88.3479790">
    <ele>8.6</ele>
    <time>2025-10-28T15:54:26Z</time>
   </trkpt>
   <trkpt lat="22.5465330" lon="88.3479760">
    <ele>8.6</ele>
    <time>2025-10-28T15:54:27Z</time>
   </trkpt>
   <trkpt lat="22.5465520" lon="88.3479660">
    <ele>8.5</ele>
    <time>2025-10-28T15:54:28Z</time>
   </trkpt>
   <trkpt lat="22.5465630" lon="88.3479600">
    <ele>8.5</ele>
    <time>2025-10-28T15:54:29Z</time>
   </trkpt>
   <trkpt lat="22.5465730" lon="88.3479530">
    <ele>8.5</ele>
    <time>2025-10-28T15:54:30Z</time>
   </trkpt>
   <trkpt lat="22.5466010" lon="88.3479610">
    <ele>8.5</ele>
    <time>2025-10-28T15:54:31Z</time>
   </trkpt>
   <trkpt lat="22.5466110" lon="88.3479720">
    <ele>8.5</ele>
    <time>2025-10-28T15:54:32Z</time>
   </trkpt>
   <trkpt lat="22.5466330" lon="88.3480090">
    <ele>8.5</ele>
    <time>2025-10-28T15:54:33Z</time>
   </trkpt>
   <trkpt lat="22.5466510" lon="88.3480300">
    <ele>8.5</ele>
    <time>2025-10-28T15:54:34Z</time>
   </trkpt>
   <trkpt lat="22.5466720" lon="88.3480460">
    <ele>8.5</ele>
    <time>2025-10-28T15:54:35Z</time>
   </trkpt>
   <trkpt lat="22.5466820" lon="88.3480390">
    <ele>8.5</ele>
    <time>2025-10-28T15:54:36Z</time>
   </trkpt>
   <trkpt lat="22.5467130" lon="88.3480460">
    <ele>8.5</ele>
    <time>2025-10-28T15:54:37Z</time>
   </trkpt>
   <trkpt lat="22.5467250" lon="88.3480510">
    <ele>8.5</ele>
    <time>2025-10-28T15:54:38Z</time>
   </trkpt>
   <trkpt lat="22.5467400" lon="88.3480600">
    <ele>8.5</ele>
    <time>2025-10-28T15:54:39Z</time>
   </trkpt>
   <trkpt lat="22.5467540" lon="88.3480500">
    <ele>8.5</ele>
    <time>2025-10-28T15:54:40Z</time>
   </trkpt>
   <trkpt lat="22.5467660" lon="88.3480140">
    <ele>8.5</ele>
    <time>2025-10-28T15:54:41Z</time>
   </trkpt>
   <trkpt lat="22.5467780" lon="88.3480170">
    <ele>8.5</ele>
    <time>2025-10-28T15:54:42Z</time>
   </trkpt>
   <trkpt lat="22.5467920" lon="88.3480040">
    <ele>8.5</ele>
    <time>2025-10-28T15:54:43Z</time>
   </trkpt>
   <trkpt lat="22.5468200" lon="88.3480160">
    <ele>8.5</ele>
    <time>2025-10-28T15:54:44Z</time>
   </trkpt>
   <trkpt lat="22.5468300" lon="88.3480170">
    <ele>8.5</ele>
    <time>2025-10-28T15:54:45Z</time>
   </trkpt>
   <trkpt lat="22.5468650" lon="88.3480440">
    <ele>8.5</ele>
    <time>2025-10-28T15:54:46Z</time>
   </trkpt>
   <trkpt lat="22.5468760" lon="88.3480640">
    <ele>8.5</ele>
    <time>2025-10-28T15:54:47Z</time>
   </trkpt>
   <trkpt lat="22.5468690" lon="88.3480860">
    <ele>8.5</ele>
    <time>2025-10-28T15:54:48Z</time>
   </trkpt>
   <trkpt lat="22.5468800" lon="88.3481100">
    <ele>8.5</ele>
    <time>2025-10-28T15:54:49Z</time>
   </trkpt>
   <trkpt lat="22.5468870" lon="88.3481130">
    <ele>8.5</ele>
    <time>2025-10-28T15:54:50Z</time>
   </trkpt>
   <trkpt lat="22.5468940" lon="88.3481160">
    <ele>8.5</ele>
    <time>2025-10-28T15:54:51Z</time>
   </trkpt>
   <trkpt lat="22.5469180" lon="88.3481160">
    <ele>8.5</ele>
    <time>2025-10-28T15:54:52Z</time>
   </trkpt>
   <trkpt lat="22.5469270" lon="88.3481220">
    <ele>8.5</ele>
    <time>2025-10-28T15:54:53Z</time>
   </trkpt>
   <trkpt lat="22.5469350" lon="88.3481270">
    <ele>8.5</ele>
    <time>2025-10-28T15:54:54Z</time>
   </trkpt>
   <trkpt lat="22.5469510" lon="88.3481450">
    <ele>8.5</ele>
    <time>2025-10-28T15:54:55Z</time>
   </trkpt>
   <trkpt lat="22.5469600" lon="88.3481470">
    <ele>8.5</ele>
    <time>2025-10-28T15:54:56Z</time>
   </trkpt>
   <trkpt lat="22.5469680" lon="88.3481480">
    <ele>8.5</ele>
    <time>2025-10-28T15:54:57Z</time>
   </trkpt>
   <trkpt lat="22.5469850" lon="88.3481830">
    <ele>8.5</ele>
    <time>2025-10-28T15:54:58Z</time>
   </trkpt>
   <trkpt lat="22.5469950" lon="88.3482010">
    <ele>8.5</ele>
    <time>2025-10-28T15:54:59Z</time>
   </trkpt>
   <trkpt lat="22.5470040" lon="88.3482040">
    <ele>8.5</ele>
    <time>2025-10-28T15:55:00Z</time>
   </trkpt>
   <trkpt lat="22.5470290" lon="88.3481950">
    <ele>8.5</ele>
    <time>2025-10-28T15:55:01Z</time>
   </trkpt>
   <trkpt lat="22.5470690" lon="88.3481910">
    <ele>8.5</ele>
    <time>2025-10-28T15:55:02Z</time>
   </trkpt>
   <trkpt lat="22.5471090" lon="88.3481800">
    <ele>8.5</ele>
    <time>2025-10-28T15:55:03Z</time>
   </trkpt>
   <trkpt lat="22.5471240" lon="88.3481740">
    <ele>8.5</ele>
    <time>2025-10-28T15:55:04Z</time>
   </trkpt>
   <trkpt lat="22.5471550" lon="88.3481780">
    <ele>8.5</ele>
    <time>2025-10-28T15:55:05Z</time>
   </trkpt>
   <trkpt lat="22.5471630" lon="88.3481790">
    <ele>8.5</ele>
    <time>2025-10-28T15:55:06Z</time>
   </trkpt>
   <trkpt lat="22.5471730" lon="88.3481900">
    <ele>8.5</ele>
    <time>2025-10-28T15:55:07Z</time>
   </trkpt>
   <trkpt lat="22.5471830" lon="88.3481840">
    <ele>8.5</ele>
    <time>2025-10-28T15:55:08Z</time>
   </trkpt>
   <trkpt lat="22.5471930" lon="88.3481860">
    <ele>8.5</ele>
    <time>2025-10-28T15:55:09Z</time>
   </trkpt>
   <trkpt lat="22.5472080" lon="88.3481910">
    <ele>8.5</ele>
    <time>2025-10-28T15:55:10Z</time>
   </trkpt>
   <trkpt lat="22.5472050" lon="88.3482040">
    <ele>8.5</ele>
    <time>2025-10-28T15:55:11Z</time>
   </trkpt>
   <trkpt lat="22.5472090" lon="88.3482120">
    <ele>8.5</ele>
    <time>2025-10-28T15:55:12Z</time>
   </trkpt>
   <trkpt lat="22.5472150" lon="88.3482160">
    <ele>8.5</ele>
    <time>2025-10-28T15:55:13Z</time>
   </trkpt>
   <trkpt lat="22.5472270" lon="88.3482110">
    <ele>8.5</ele>
    <time>2025-10-28T15:55:14Z</time>
   </trkpt>
   <trkpt lat="22.5472340" lon="88.3482100">
    <ele>8.5</ele>
    <time>2025-10-28T15:55:15Z</time>
   </trkpt>
   <trkpt lat="22.5472240" lon="88.3482200">
    <ele>8.5</ele>
    <time>2025-10-28T15:55:16Z</time>
   </trkpt>
   <trkpt lat="22.5472230" lon="88.3482260">
    <ele>8.5</ele>
    <time>2025-10-28T15:55:17Z</time>
   </trkpt>
   <trkpt lat="22.5472290" lon="88.3482350">
    <ele>8.5</ele>
    <time>2025-10-28T15:55:18Z</time>
   </trkpt>
   <trkpt lat="22.5472410" lon="88.3482410">
    <ele>8.5</ele>
    <time>2025-10-28T15:55:19Z</time>
   </trkpt>
   <trkpt lat="22.5472500" lon="88.3482440">
    <ele>8.5</ele>
    <time>2025-10-28T15:55:20Z</time>
   </trkpt>
   <trkpt lat="22.5472580" lon="88.3482460">
    <ele>8.5</ele>
    <time>2025-10-28T15:55:21Z</time>
   </trkpt>
   <trkpt lat="22.5472660" lon="88.3482490">
    <ele>8.5</ele>
    <time>2025-10-28T15:55:22Z</time>
   </trkpt>
   <trkpt lat="22.5472870" lon="88.3482530">
    <ele>8.5</ele>
    <time>2025-10-28T15:55:23Z</time>
   </trkpt>
   <trkpt lat="22.5472970" lon="88.3482560">
    <ele>8.5</ele>
    <time>2025-10-28T15:55:24Z</time>
   </trkpt>
   <trkpt lat="22.5473060" lon="88.3482580">
    <ele>8.5</ele>
    <time>2025-10-28T15:55:25Z</time>
   </trkpt>
   <trkpt lat="22.5473380" lon="88.3482640">
    <ele>8.5</ele>
    <time>2025-10-28T15:55:26Z</time>
   </trkpt>
   <trkpt lat="22.5473470" lon="88.3482670">
    <ele>8.5</ele>
    <time>2025-10-28T15:55:27Z</time>
   </trkpt>
   <trkpt lat="22.5473810" lon="88.3482780">
    <ele>8.5</ele>
    <time>2025-10-28T15:55:28Z</time>
   </trkpt>
   <trkpt lat="22.5473920" lon="88.3482770">
    <ele>8.5</ele>
    <time>2025-10-28T15:55:29Z</time>
   </trkpt>
   <trkpt lat="22.5474100" lon="88.3482810">
    <ele>8.5</ele>
    <time>2025-10-28T15:55:30Z</time>
   </trkpt>
   <trkpt lat="22.5474250" lon="88.3482870">
    <ele>8.6</ele>
    <time>2025-10-28T15:55:31Z</time>
   </trkpt>
   <trkpt lat="22.5474380" lon="88.3482860">
    <ele>8.6</ele>
    <time>2025-10-28T15:55:32Z</time>
   </trkpt>
   <trkpt lat="22.5474420" lon="88.3482840">
    <ele>8.6</ele>
    <time>2025-10-28T15:55:33Z</time>
   </trkpt>
   <trkpt lat="22.5474470" lon="88.3482850">
    <ele>8.6</ele>
    <time>2025-10-28T15:55:34Z</time>
   </trkpt>
   <trkpt lat="22.5474520" lon="88.3482840">
    <ele>8.6</ele>
    <time>2025-10-28T15:55:35Z</time>
   </trkpt>
   <trkpt lat="22.5474710" lon="88.3482750">
    <ele>8.6</ele>
    <time>2025-10-28T15:55:36Z</time>
   </trkpt>
   <trkpt lat="22.5474810" lon="88.3482830">
    <ele>8.6</ele>
    <time>2025-10-28T15:55:37Z</time>
   </trkpt>
   <trkpt lat="22.5475110" lon="88.3482850">
    <ele>8.6</ele>
    <time>2025-10-28T15:55:38Z</time>
   </trkpt>
   <trkpt lat="22.5475220" lon="88.3482890">
    <ele>8.6</ele>
    <time>2025-10-28T15:55:39Z</time>
   </trkpt>
   <trkpt lat="22.5475380" lon="88.3482890">
    <ele>8.6</ele>
    <time>2025-10-28T15:55:40Z</time>
   </trkpt>
   <trkpt lat="22.5475430" lon="88.3482840">
    <ele>8.6</ele>
    <time>2025-10-28T15:55:41Z</time>
   </trkpt>
   <trkpt lat="22.5475450" lon="88.3482790">
    <ele>8.6</ele>
    <time>2025-10-28T15:55:42Z</time>
   </trkpt>
   <trkpt lat="22.5475490" lon="88.3482790">
    <ele>8.6</ele>
    <time>2025-10-28T15:55:43Z</time>
   </trkpt>
   <trkpt lat="22.5475600" lon="88.3482660">
    <ele>8.6</ele>
    <time>2025-10-28T15:55:44Z</time>
   </trkpt>
   <trkpt lat="22.5475640" lon="88.3482570">
    <ele>8.6</ele>
    <time>2025-10-28T15:55:45Z</time>
   </trkpt>
   <trkpt lat="22.5475670" lon="88.3482490">
    <ele>8.6</ele>
    <time>2025-10-28T15:55:46Z</time>
   </trkpt>
   <trkpt lat="22.5475700" lon="88.3482400">
    <ele>8.6</ele>
    <time>2025-10-28T15:55:47Z</time>
   </trkpt>
   <trkpt lat="22.5475870" lon="88.3482280">
    <ele>8.6</ele>
    <time>2025-10-28T15:55:48Z</time>
   </trkpt>
   <trkpt lat="22.5475930" lon="88.3482220">
    <ele>8.6</ele>
    <time>2025-10-28T15:55:49Z</time>
   </trkpt>
   <trkpt lat="22.5476000" lon="88.3482170">
    <ele>8.6</ele>
    <time>2025-10-28T15:55:50Z</time>
   </trkpt>
   <trkpt lat="22.5476150" lon="88.3482420">
    <ele>8.6</ele>
    <time>2025-10-28T15:55:51Z</time>
   </trkpt>
   <trkpt lat="22.5476190" lon="88.3482520">
    <ele>8.6</ele>
    <time>2025-10-28T15:55:52Z</time>
   </trkpt>
   <trkpt lat="22.5476370" lon="88.3482750">
    <ele>8.6</ele>
    <time>2025-10-28T15:55:53Z</time>
   </trkpt>
   <trkpt lat="22.5476440" lon="88.3482840">
    <ele>8.6</ele>
    <time>2025-10-28T15:55:54Z</time>
   </trkpt>
   <trkpt lat="22.5476570" lon="88.3482890">
    <ele>8.6</ele>
    <time>2025-10-28T15:55:55Z</time>
   </trkpt>
   <trkpt lat="22.5476700" lon="88.3483010">
    <ele>8.6</ele>
    <time>2025-10-28T15:55:56Z</time>
   </trkpt>
   <trkpt lat="22.5476860" lon="88.3483020">
    <ele>8.6</ele>
    <time>2025-10-28T15:55:57Z</time>
   </trkpt>
   <trkpt lat="22.5477010" lon="88.3483150">
    <ele>8.6</ele>
    <time>2025-10-28T15:55:58Z</time>
   </trkpt>
   <trkpt lat="22.5477100" lon="88.3483220">
    <ele>8.6</ele>
    <time>2025-10-28T15:55:59Z</time>
   </trkpt>
   <trkpt lat="22.5477050" lon="88.3483020">
    <ele>8.6</ele>
    <time>2025-10-28T15:56:00Z</time>
   </trkpt>
   <trkpt lat="22.5477110" lon="88.3483080">
    <ele>8.6</ele>
    <time>2025-10-28T15:56:01Z</time>
   </trkpt>
   <trkpt lat="22.5477110" lon="88.3483190">
    <ele>8.6</ele>
    <time>2025-10-28T15:56:02Z</time>
   </trkpt>
   <trkpt lat="22.5477100" lon="88.3483220">
    <ele>8.6</ele>
    <time>2025-10-28T15:56:03Z</time>
   </trkpt>
   <trkpt lat="22.5477090" lon="88.3483140">
    <ele>8.6</ele>
    <time>2025-10-28T15:56:04Z</time>
   </trkpt>
   <trkpt lat="22.5477080" lon="88.3483010">
    <ele>8.6</ele>
    <time>2025-10-28T15:56:05Z</time>
   </trkpt>
   <trkpt lat="22.5477150" lon="88.3482890">
    <ele>8.6</ele>
    <time>2025-10-28T15:56:06Z</time>
   </trkpt>
   <trkpt lat="22.5477160" lon="88.3482820">
    <ele>8.6</ele>
    <time>2025-10-28T15:56:07Z</time>
   </trkpt>
   <trkpt lat="22.5477230" lon="88.3482780">
    <ele>8.6</ele>
    <time>2025-10-28T15:56:08Z</time>
   </trkpt>
   <trkpt lat="22.5477300" lon="88.3482760">
    <ele>8.6</ele>
    <time>2025-10-28T15:56:09Z</time>
   </trkpt>
   <trkpt lat="22.5477390" lon="88.3482720">
    <ele>8.6</ele>
    <time>2025-10-28T15:56:10Z</time>
   </trkpt>
   <trkpt lat="22.5477580" lon="88.3482820">
    <ele>8.6</ele>
    <time>2025-10-28T15:56:11Z</time>
   </trkpt>
   <trkpt lat="22.5477650" lon="88.3482870">
    <ele>8.6</ele>
    <time>2025-10-28T15:56:12Z</time>
   </trkpt>
   <trkpt lat="22.5477710" lon="88.3482920">
    <ele>8.6</ele>
    <time>2025-10-28T15:56:13Z</time>
   </trkpt>
   <trkpt lat="22.5477800" lon="88.3482960">
    <ele>8.6</ele>
    <time>2025-10-28T15:56:14Z</time>
   </trkpt>
   <trkpt lat="22.5477960" lon="88.3483000">
    <ele>8.6</ele>
    <time>2025-10-28T15:56:15Z</time>
   </trkpt>
   <trkpt lat="22.5478060" lon="88.3483020">
    <ele>8.6</ele>
    <time>2025-10-28T15:56:16Z</time>
   </trkpt>
   <trkpt lat="22.5478090" lon="88.3483100">
    <ele>8.6</ele>
    <time>2025-10-28T15:56:17Z</time>
   </trkpt>
   <trkpt lat="22.5478340" lon="88.3483180">
    <ele>8.6</ele>
    <time>2025-10-28T15:56:18Z</time>
   </trkpt>
   <trkpt lat="22.5478710" lon="88.3483150">
    <ele>8.6</ele>
    <time>2025-10-28T15:56:19Z</time>
   </trkpt>
   <trkpt lat="22.5478970" lon="88.3483220">
    <ele>8.6</ele>
    <time>2025-10-28T15:56:20Z</time>
   </trkpt>
   <trkpt lat="22.5479240" lon="88.3483310">
    <ele>8.6</ele>
    <time>2025-10-28T15:56:21Z</time>
   </trkpt>
   <trkpt lat="22.5479640" lon="88.3483330">
    <ele>8.6</ele>
    <time>2025-10-28T15:56:22Z</time>
   </trkpt>
   <trkpt lat="22.5479780" lon="88.3483340">
    <ele>8.6</ele>
    <time>2025-10-28T15:56:23Z</time>
   </trkpt>
   <trkpt lat="22.5480170" lon="88.3483410">
    <ele>8.6</ele>
    <time>2025-10-28T15:56:24Z</time>
   </trkpt>
   <trkpt lat="22.5480310" lon="88.3483430">
    <ele>8.6</ele>
    <time>2025-10-28T15:56:25Z</time>
   </trkpt>
   <trkpt lat="22.5480670" lon="88.3483460">
    <ele>8.6</ele>
    <time>2025-10-28T15:56:26Z</time>
   </trkpt>
   <trkpt lat="22.5480770" lon="88.3483470">
    <ele>8.6</ele>
    <time>2025-10-28T15:56:27Z</time>
   </trkpt>
   <trkpt lat="22.5481130" lon="88.3483510">
    <ele>8.7</ele>
    <time>2025-10-28T15:56:28Z</time>
   </trkpt>
   <trkpt lat="22.5481260" lon="88.3483540">
    <ele>8.7</ele>
    <time>2025-10-28T15:56:29Z</time>
   </trkpt>
   <trkpt lat="22.5481550" lon="88.3483620">
    <ele>8.7</ele>
    <time>2025-10-28T15:56:30Z</time>
   </trkpt>
   <trkpt lat="22.5481640" lon="88.3483660">
    <ele>8.7</ele>
    <time>2025-10-28T15:56:31Z</time>
   </trkpt>
   <trkpt lat="22.5481760" lon="88.3483700">
    <ele>8.7</ele>
    <time>2025-10-28T15:56:32Z</time>
   </trkpt>
   <trkpt lat="22.5481920" lon="88.3483820">
    <ele>8.7</ele>
    <time>2025-10-28T15:56:33Z</time>
   </trkpt>
   <trkpt lat="22.5482100" lon="88.3483830">
    <ele>8.7</ele>
    <time>2025-10-28T15:56:34Z</time>
   </trkpt>
   <trkpt lat="22.5482210" lon="88.3483850">
    <ele>8.7</ele>
    <time>2025-10-28T15:56:35Z</time>
   </trkpt>
   <trkpt lat="22.5482420" lon="88.3483880">
    <ele>8.7</ele>
    <time>2025-10-28T15:56:36Z</time>
   </trkpt>
   <trkpt lat="22.5482510" lon="88.3483890">
    <ele>8.7</ele>
    <time>2025-10-28T15:56:37Z</time>
   </trkpt>
   <trkpt lat="22.5482590" lon="88.3483910">
    <ele>8.8</ele>
    <time>2025-10-28T15:56:38Z</time>
   </trkpt>
   <trkpt lat="22.5482680" lon="88.3483920">
    <ele>8.8</ele>
    <time>2025-10-28T15:56:39Z</time>
   </trkpt>
   <trkpt lat="22.5483070" lon="88.3484680">
    <ele>8.8</ele>
    <time>2025-10-28T15:56:40Z</time>
   </trkpt>
   <trkpt lat="22.5483110" lon="88.3484960">
    <ele>8.8</ele>
    <time>2025-10-28T15:56:41Z</time>
   </trkpt>
   <trkpt lat="22.5483240" lon="88.3484950">
    <ele>8.8</ele>
    <time>2025-10-28T15:56:42Z</time>
   </trkpt>
   <trkpt lat="22.5483220" lon="88.3484950">
    <ele>8.8</ele>
    <time>2025-10-28T15:56:43Z</time>
   </trkpt>
   <trkpt lat="22.5483380" lon="88.3484960">
    <ele>8.8</ele>
    <time>2025-10-28T15:56:44Z</time>
   </trkpt>
   <trkpt lat="22.5483380" lon="88.3484920">
    <ele>8.8</ele>
    <time>2025-10-28T15:56:45Z</time>
   </trkpt>
   <trkpt lat="22.5483390" lon="88.3484890">
    <ele>8.8</ele>
    <time>2025-10-28T15:56:46Z</time>
   </trkpt>
   <trkpt lat="22.5483450" lon="88.3484890">
    <ele>8.8</ele>
    <time>2025-10-28T15:56:47Z</time>
   </trkpt>
   <trkpt lat="22.5483590" lon="88.3484920">
    <ele>8.8</ele>
    <time>2025-10-28T15:56:48Z</time>
   </trkpt>
   <trkpt lat="22.5483920" lon="88.3484970">
    <ele>8.9</ele>
    <time>2025-10-28T15:56:49Z</time>
   </trkpt>
   <trkpt lat="22.5484020" lon="88.3484970">
    <ele>8.9</ele>
    <time>2025-10-28T15:56:50Z</time>
   </trkpt>
   <trkpt lat="22.5484190" lon="88.3485010">
    <ele>8.9</ele>
    <time>2025-10-28T15:56:51Z</time>
   </trkpt>
   <trkpt lat="22.5484340" lon="88.3485080">
    <ele>8.9</ele>
    <time>2025-10-28T15:56:52Z</time>
   </trkpt>
   <trkpt lat="22.5484470" lon="88.3485060">
    <ele>8.9</ele>
    <time>2025-10-28T15:56:53Z</time>
   </trkpt>
   <trkpt lat="22.5484660" lon="88.3484950">
    <ele>8.9</ele>
    <time>2025-10-28T15:56:54Z</time>
   </trkpt>
   <trkpt lat="22.5484980" lon="88.3484900">
    <ele>8.9</ele>
    <time>2025-10-28T15:56:55Z</time>
   </trkpt>
   <trkpt lat="22.5485060" lon="88.3484870">
    <ele>8.9</ele>
    <time>2025-10-28T15:56:56Z</time>
   </trkpt>
   <trkpt lat="22.5485340" lon="88.3484930">
    <ele>8.9</ele>
    <time>2025-10-28T15:56:57Z</time>
   </trkpt>
   <trkpt lat="22.5485430" lon="88.3484980">
    <ele>8.9</ele>
    <time>2025-10-28T15:56:58Z</time>
   </trkpt>
   <trkpt lat="22.5485730" lon="88.3485020">
    <ele>8.9</ele>
    <time>2025-10-28T15:56:59Z</time>
   </trkpt>
   <trkpt lat="22.5485820" lon="88.3485020">
    <ele>8.9</ele>
    <time>2025-10-28T15:57:00Z</time>
   </trkpt>
   <trkpt lat="22.5486180" lon="88.3485080">
    <ele>8.9</ele>
    <time>2025-10-28T15:57:01Z</time>
   </trkpt>
   <trkpt lat="22.5486290" lon="88.3485130">
    <ele>9.0</ele>
    <time>2025-10-28T15:57:02Z</time>
   </trkpt>
   <trkpt lat="22.5486410" lon="88.3485240">
    <ele>9.0</ele>
    <time>2025-10-28T15:57:03Z</time>
   </trkpt>
   <trkpt lat="22.5486400" lon="88.3485330">
    <ele>9.0</ele>
    <time>2025-10-28T15:57:04Z</time>
   </trkpt>
   <trkpt lat="22.5486530" lon="88.3485370">
    <ele>9.0</ele>
    <time>2025-10-28T15:57:05Z</time>
   </trkpt>
   <trkpt lat="22.5486710" lon="88.3485340">
    <ele>9.0</ele>
    <time>2025-10-28T15:57:06Z</time>
   </trkpt>
   <trkpt lat="22.5486850" lon="88.3485350">
    <ele>9.0</ele>
    <time>2025-10-28T15:57:07Z</time>
   </trkpt>
   <trkpt lat="22.5486980" lon="88.3485310">
    <ele>9.0</ele>
    <time>2025-10-28T15:57:08Z</time>
   </trkpt>
   <trkpt lat="22.5487050" lon="88.3485250">
    <ele>9.0</ele>
    <time>2025-10-28T15:57:09Z</time>
   </trkpt>
   <trkpt lat="22.5487150" lon="88.3485280">
    <ele>9.0</ele>
    <time>2025-10-28T15:57:10Z</time>
   </trkpt>
   <trkpt lat="22.5487360" lon="88.3485250">
    <ele>9.0</ele>
    <time>2025-10-28T15:57:11Z</time>
   </trkpt>
   <trkpt lat="22.5487460" lon="88.3485240">
    <ele>9.0</ele>
    <time>2025-10-28T15:57:12Z</time>
   </trkpt>
   <trkpt lat="22.5487550" lon="88.3485220">
    <ele>9.0</ele>
    <time>2025-10-28T15:57:13Z</time>
   </trkpt>
   <trkpt lat="22.5487860" lon="88.3485230">
    <ele>9.0</ele>
    <time>2025-10-28T15:57:14Z</time>
   </trkpt>
   <trkpt lat="22.5487960" lon="88.3485220">
    <ele>9.0</ele>
    <time>2025-10-28T15:57:15Z</time>
   </trkpt>
   <trkpt lat="22.5488110" lon="88.3485110">
    <ele>9.0</ele>
    <time>2025-10-28T15:57:16Z</time>
   </trkpt>
   <trkpt lat="22.5488270" lon="88.3485140">
    <ele>9.0</ele>
    <time>2025-10-28T15:57:17Z</time>
   </trkpt>
   <trkpt lat="22.5488500" lon="88.3485510">
    <ele>9.0</ele>
    <time>2025-10-28T15:57:18Z</time>
   </trkpt>
   <trkpt lat="22.5488650" lon="88.3485540">
    <ele>9.0</ele>
    <time>2025-10-28T15:57:19Z</time>
   </trkpt>
   <trkpt lat="22.5488840" lon="88.3485620">
    <ele>9.0</ele>
    <time>2025-10-28T15:57:20Z</time>
   </trkpt>
   <trkpt lat="22.5488980" lon="88.3485680">
    <ele>9.0</ele>
    <time>2025-10-28T15:57:21Z</time>
   </trkpt>
   <trkpt lat="22.5489040" lon="88.3485820">
    <ele>9.0</ele>
    <time>2025-10-28T15:57:22Z</time>
   </trkpt>
   <trkpt lat="22.5489180" lon="88.3486010">
    <ele>9.0</ele>
    <time>2025-10-28T15:57:23Z</time>
   </trkpt>
   <trkpt lat="22.5489240" lon="88.3486050">
    <ele>9.0</ele>
    <time>2025-10-28T15:57:24Z</time>
   </trkpt>
   <trkpt lat="22.5489310" lon="88.3486100">
    <ele>9.0</ele>
    <time>2025-10-28T15:57:25Z</time>
   </trkpt>
   <trkpt lat="22.5489370" lon="88.3486150">
    <ele>9.0</ele>
    <time>2025-10-28T15:57:26Z</time>
   </trkpt>
   <trkpt lat="22.5489550" lon="88.3486180">
    <ele>9.0</ele>
    <time>2025-10-28T15:57:27Z</time>
   </trkpt>
   <trkpt lat="22.5489720" lon="88.3486230">
    <ele>9.0</ele>
    <time>2025-10-28T15:57:28Z</time>
   </trkpt>
   <trkpt lat="22.5490090" lon="88.3486370">
    <ele>9.0</ele>
    <time>2025-10-28T15:57:29Z</time>
   </trkpt>
   <trkpt lat="22.5490290" lon="88.3486370">
    <ele>9.0</ele>
    <time>2025-10-28T15:57:30Z</time>
   </trkpt>
   <trkpt lat="22.5490170" lon="88.3486380">
    <ele>9.0</ele>
    <time>2025-10-28T15:57:31Z</time>
   </trkpt>
   <trkpt lat="22.5490220" lon="88.3486470">
    <ele>9.0</ele>
    <time>2025-10-28T15:57:32Z</time>
   </trkpt>
   <trkpt lat="22.5490210" lon="88.3486510">
    <ele>9.0</ele>
    <time>2025-10-28T15:57:33Z</time>
   </trkpt>
   <trkpt lat="22.5490240" lon="88.3486520">
    <ele>9.0</ele>
    <time>2025-10-28T15:57:34Z</time>
   </trkpt>
   <trkpt lat="22.5490360" lon="88.3486590">
    <ele>9.0</ele>
    <time>2025-10-28T15:57:35Z</time>
   </trkpt>
   <trkpt lat="22.5490470" lon="88.3486660">
    <ele>9.0</ele>
    <time>2025-10-28T15:57:36Z</time>
   </trkpt>
   <trkpt lat="22.5490580" lon="88.3486680">
    <ele>9.0</ele>
    <time>2025-10-28T15:57:37Z</time>
   </trkpt>
   <trkpt lat="22.5490760" lon="88.3486660">
    <ele>9.0</ele>
    <time>2025-10-28T15:57:38Z</time>
   </trkpt>
   <trkpt lat="22.5490890" lon="88.3486690">
    <ele>9.0</ele>
    <time>2025-10-28T15:57:39Z</time>
   </trkpt>
   <trkpt lat="22.5490900" lon="88.3486480">
    <ele>9.0</ele>
    <time>2025-10-28T15:57:40Z</time>
   </trkpt>
   <trkpt lat="22.5490930" lon="88.3486430">
    <ele>9.0</ele>
    <time>2025-10-28T15:57:41Z</time>
   </trkpt>
   <trkpt lat="22.5491040" lon="88.3486410">
    <ele>9.0</ele>
    <time>2025-10-28T15:57:42Z</time>
   </trkpt>
   <trkpt lat="22.5491140" lon="88.3486430">
    <ele>9.0</ele>
    <time>2025-10-28T15:57:43Z</time>
   </trkpt>
   <trkpt lat="22.5491170" lon="88.3486390">
    <ele>9.0</ele>
    <time>2025-10-28T15:57:44Z</time>
   </trkpt>
   <trkpt lat="22.5491210" lon="88.3486330">
    <ele>9.0</ele>
    <time>2025-10-28T15:57:45Z</time>
   </trkpt>
   <trkpt lat="22.5491310" lon="88.3486380">
    <ele>9.0</ele>
    <time>2025-10-28T15:57:46Z</time>
   </trkpt>
   <trkpt lat="22.5491390" lon="88.3486360">
    <ele>9.0</ele>
    <time>2025-10-28T15:57:47Z</time>
   </trkpt>
   <trkpt lat="22.5491490" lon="88.3486380">
    <ele>9.0</ele>
    <time>2025-10-28T15:57:48Z</time>
   </trkpt>
   <trkpt lat="22.5491560" lon="88.3486220">
    <ele>9.0</ele>
    <time>2025-10-28T15:57:49Z</time>
   </trkpt>
   <trkpt lat="22.5491640" lon="88.3486170">
    <ele>9.0</ele>
    <time>2025-10-28T15:57:50Z</time>
   </trkpt>
   <trkpt lat="22.5491790" lon="88.3486250">
    <ele>9.0</ele>
    <time>2025-10-28T15:57:51Z</time>
   </trkpt>
   <trkpt lat="22.5491930" lon="88.3486300">
    <ele>9.0</ele>
    <time>2025-10-28T15:57:52Z</time>
   </trkpt>
   <trkpt lat="22.5492150" lon="88.3486350">
    <ele>9.0</ele>
    <time>2025-10-28T15:57:53Z</time>
   </trkpt>
   <trkpt lat="22.5492220" lon="88.3486400">
    <ele>9.0</ele>
    <time>2025-10-28T15:57:54Z</time>
   </trkpt>
   <trkpt lat="22.5492300" lon="88.3486440">
    <ele>9.0</ele>
    <time>2025-10-28T15:57:55Z</time>
   </trkpt>
   <trkpt lat="22.5492180" lon="88.3486690">
    <ele>9.0</ele>
    <time>2025-10-28T15:57:56Z</time>
   </trkpt>
   <trkpt lat="22.5492020" lon="88.3486850">
    <ele>9.0</ele>
    <time>2025-10-28T15:57:57Z</time>
   </trkpt>
   <trkpt lat="22.5492200" lon="88.3486920">
    <ele>9.0</ele>
    <time>2025-10-28T15:57:58Z</time>
   </trkpt>
   <trkpt lat="22.5492300" lon="88.3486930">
    <ele>9.0</ele>
    <time>2025-10-28T15:57:59Z</time>
   </trkpt>
   <trkpt lat="22.5492390" lon="88.3486950">
    <ele>9.0</ele>
    <time>2025-10-28T15:58:00Z</time>
   </trkpt>
   <trkpt lat="22.5492640" lon="88.3487050">
    <ele>9.0</ele>
    <time>2025-10-28T15:58:01Z</time>
   </trkpt>
   <trkpt lat="22.5492780" lon="88.3487100">
    <ele>9.0</ele>
    <time>2025-10-28T15:58:02Z</time>
   </trkpt>
   <trkpt lat="22.5492920" lon="88.3487140">
    <ele>9.0</ele>
    <time>2025-10-28T15:58:03Z</time>
   </trkpt>
   <trkpt lat="22.5493240" lon="88.3487190">
    <ele>9.0</ele>
    <time>2025-10-28T15:58:04Z</time>
   </trkpt>
   <trkpt lat="22.5493360" lon="88.3487200">
    <ele>9.0</ele>
    <time>2025-10-28T15:58:05Z</time>
   </trkpt>
   <trkpt lat="22.5493720" lon="88.3487150">
    <ele>9.0</ele>
    <time>2025-10-28T15:58:06Z</time>
   </trkpt>
   <trkpt lat="22.5493830" lon="88.3487100">
    <ele>9.0</ele>
    <time>2025-10-28T15:58:07Z</time>
   </trkpt>
   <trkpt lat="22.5494120" lon="88.3487100">
    <ele>9.0</ele>
    <time>2025-10-28T15:58:08Z</time>
   </trkpt>
   <trkpt lat="22.5494490" lon="88.3487350">
    <ele>9.0</ele>
    <time>2025-10-28T15:58:09Z</time>
   </trkpt>
   <trkpt lat="22.5494490" lon="88.3487070">
    <ele>9.0</ele>
    <time>2025-10-28T15:58:10Z</time>
   </trkpt>
   <trkpt lat="22.5494680" lon="88.3487210">
    <ele>9.0</ele>
    <time>2025-10-28T15:58:11Z</time>
   </trkpt>
   <trkpt lat="22.5494700" lon="88.3487310">
    <ele>9.0</ele>
    <time>2025-10-28T15:58:12Z</time>
   </trkpt>
   <trkpt lat="22.5494770" lon="88.3487360">
    <ele>9.0</ele>
    <time>2025-10-28T15:58:13Z</time>
   </trkpt>
   <trkpt lat="22.5494730" lon="88.3487360">
    <ele>9.0</ele>
    <time>2025-10-28T15:58:14Z</time>
   </trkpt>
   <trkpt lat="22.5494730" lon="88.3487390">
    <ele>9.0</ele>
    <time>2025-10-28T15:58:15Z</time>
   </trkpt>
   <trkpt lat="22.5494720" lon="88.3487500">
    <ele>9.0</ele>
    <time>2025-10-28T15:58:16Z</time>
   </trkpt>
   <trkpt lat="22.5494860" lon="88.3487610">
    <ele>9.0</ele>
    <time>2025-10-28T15:58:17Z</time>
   </trkpt>
   <trkpt lat="22.5494980" lon="88.3487610">
    <ele>9.0</ele>
    <time>2025-10-28T15:58:18Z</time>
   </trkpt>
   <trkpt lat="22.5495130" lon="88.3487630">
    <ele>9.0</ele>
    <time>2025-10-28T15:58:19Z</time>
   </trkpt>
   <trkpt lat="22.5495270" lon="88.3487600">
    <ele>9.0</ele>
    <time>2025-10-28T15:58:20Z</time>
   </trkpt>
   <trkpt lat="22.5495380" lon="88.3487620">
    <ele>9.0</ele>
    <time>2025-10-28T15:58:21Z</time>
   </trkpt>
   <trkpt lat="22.5495540" lon="88.3487700">
    <ele>9.0</ele>
    <time>2025-10-28T15:58:22Z</time>
   </trkpt>
   <trkpt lat="22.5495730" lon="88.3487780">
    <ele>9.0</ele>
    <time>2025-10-28T15:58:23Z</time>
   </trkpt>
   <trkpt lat="22.5495840" lon="88.3487850">
    <ele>9.0</ele>
    <time>2025-10-28T15:58:24Z</time>
   </trkpt>
   <trkpt lat="22.5496060" lon="88.3488020">
    <ele>9.0</ele>
    <time>2025-10-28T15:58:25Z</time>
   </trkpt>
   <trkpt lat="22.5496140" lon="88.3488110">
    <ele>9.0</ele>
    <time>2025-10-28T15:58:26Z</time>
   </trkpt>
   <trkpt lat="22.5496230" lon="88.3488190">
    <ele>9.0</ele>
    <time>2025-10-28T15:58:27Z</time>
   </trkpt>
   <trkpt lat="22.5496240" lon="88.3488280">
    <ele>9.0</ele>
    <time>2025-10-28T15:58:28Z</time>
   </trkpt>
   <trkpt lat="22.5496340" lon="88.3488380">
    <ele>9.0</ele>
    <time>2025-10-28T15:58:29Z</time>
   </trkpt>
   <trkpt lat="22.5496420" lon="88.3488470">
    <ele>9.0</ele>
    <time>2025-10-28T15:58:30Z</time>
   </trkpt>
   <trkpt lat="22.5496580" lon="88.3488650">
    <ele>8.9</ele>
    <time>2025-10-28T15:58:31Z</time>
   </trkpt>
   <trkpt lat="22.5496660" lon="88.3488700">
    <ele>8.9</ele>
    <time>2025-10-28T15:58:32Z</time>
   </trkpt>
   <trkpt lat="22.5496750" lon="88.3488750">
    <ele>8.9</ele>
    <time>2025-10-28T15:58:33Z</time>
   </trkpt>
   <trkpt lat="22.5496880" lon="88.3488780">
    <ele>8.9</ele>
    <time>2025-10-28T15:58:34Z</time>
   </trkpt>
   <trkpt lat="22.5497020" lon="88.3488850">
    <ele>8.9</ele>
    <time>2025-10-28T15:58:35Z</time>
   </trkpt>
   <trkpt lat="22.5497130" lon="88.3488910">
    <ele>8.9</ele>
    <time>2025-10-28T15:58:36Z</time>
   </trkpt>
   <trkpt lat="22.5497240" lon="88.3488960">
    <ele>8.9</ele>
    <time>2025-10-28T15:58:37Z</time>
   </trkpt>
   <trkpt lat="22.5497320" lon="88.3489030">
    <ele>8.9</ele>
    <time>2025-10-28T15:58:38Z</time>
   </trkpt>
   <trkpt lat="22.5497430" lon="88.3489120">
    <ele>8.9</ele>
    <time>2025-10-28T15:58:39Z</time>
   </trkpt>
   <trkpt lat="22.5497550" lon="88.3489160">
    <ele>8.9</ele>
    <time>2025-10-28T15:58:40Z</time>
   </trkpt>
   <trkpt lat="22.5497630" lon="88.3489170">
    <ele>8.9</ele>
    <time>2025-10-28T15:58:41Z</time>
   </trkpt>
   <trkpt lat="22.5497770" lon="88.3489210">
    <ele>8.9</ele>
    <time>2025-10-28T15:58:42Z</time>
   </trkpt>
   <trkpt lat="22.5497870" lon="88.3489240">
    <ele>8.9</ele>
    <time>2025-10-28T15:58:43Z</time>
   </trkpt>
   <trkpt lat="22.5497950" lon="88.3489260">
    <ele>8.9</ele>
    <time>2025-10-28T15:58:44Z</time>
   </trkpt>
   <trkpt lat="22.5497980" lon="88.3489260">
    <ele>8.9</ele>
    <time>2025-10-28T15:58:45Z</time>
   </trkpt>
   <trkpt lat="22.5498070" lon="88.3489290">
    <ele>8.9</ele>
    <time>2025-10-28T15:58:46Z</time>
   </trkpt>
   <trkpt lat="22.5498220" lon="88.3489320">
    <ele>8.9</ele>
    <time>2025-10-28T15:58:47Z</time>
   </trkpt>
   <trkpt lat="22.5498220" lon="88.3489290">
    <ele>8.9</ele>
    <time>2025-10-28T15:58:48Z</time>
   </trkpt>
   <trkpt lat="22.5498360" lon="88.3489280">
    <ele>8.9</ele>
    <time>2025-10-28T15:58:49Z</time>
   </trkpt>
   <trkpt lat="22.5498510" lon="88.3489290">
    <ele>8.9</ele>
    <time>2025-10-28T15:58:50Z</time>
   </trkpt>
   <trkpt lat="22.5498680" lon="88.3489370">
    <ele>8.9</ele>
    <time>2025-10-28T15:58:51Z</time>
   </trkpt>
   <trkpt lat="22.5498740" lon="88.3489400">
    <ele>8.9</ele>
    <time>2025-10-28T15:58:52Z</time>
   </trkpt>
   <trkpt lat="22.5498790" lon="88.3489440">
    <ele>8.9</ele>
    <time>2025-10-28T15:58:53Z</time>
   </trkpt>
   <trkpt lat="22.5498850" lon="88.3489480">
    <ele>8.9</ele>
    <time>2025-10-28T15:58:54Z</time>
   </trkpt>
   <trkpt lat="22.5498880" lon="88.3489520">
    <ele>8.9</ele>
    <time>2025-10-28T15:58:55Z</time>
   </trkpt>
   <trkpt lat="22.5498970" lon="88.3489560">
    <ele>8.9</ele>
    <time>2025-10-28T15:58:56Z</time>
   </trkpt>
   <trkpt lat="22.5499060" lon="88.3489620">
    <ele>8.9</ele>
    <time>2025-10-28T15:58:57Z</time>
   </trkpt>
   <trkpt lat="22.5499130" lon="88.3489660">
    <ele>8.9</ele>
    <time>2025-10-28T15:58:58Z</time>
   </trkpt>
   <trkpt lat="22.5499150" lon="88.3489600">
    <ele>8.9</ele>
    <time>2025-10-28T15:58:59Z</time>
   </trkpt>
   <trkpt lat="22.5499390" lon="88.3489720">
    <ele>8.9</ele>
    <time>2025-10-28T15:59:00Z</time>
   </trkpt>
   <trkpt lat="22.5499430" lon="88.3489760">
    <ele>8.9</ele>
    <time>2025-10-28T15:59:01Z</time>
   </trkpt>
   <trkpt lat="22.5499650" lon="88.3489840">
    <ele>8.9</ele>
    <time>2025-10-28T15:59:02Z</time>
   </trkpt>
   <trkpt lat="22.5499720" lon="88.3489870">
    <ele>8.9</ele>
    <time>2025-10-28T15:59:03Z</time>
   </trkpt>
   <trkpt lat="22.5499850" lon="88.3489900">
    <ele>8.9</ele>
    <time>2025-10-28T15:59:04Z</time>
   </trkpt>
   <trkpt lat="22.5499960" lon="88.3489910">
    <ele>8.9</ele>
    <time>2025-10-28T15:59:05Z</time>
   </trkpt>
   <trkpt lat="22.5500060" lon="88.3489930">
    <ele>8.9</ele>
    <time>2025-10-28T15:59:06Z</time>
   </trkpt>
   <trkpt lat="22.5500160" lon="88.3489950">
    <ele>8.9</ele>
    <time>2025-10-28T15:59:07Z</time>
   </trkpt>
   <trkpt lat="22.5500400" lon="88.3489930">
    <ele>8.9</ele>
    <time>2025-10-28T15:59:08Z</time>
   </trkpt>
   <trkpt lat="22.5500490" lon="88.3489960">
    <ele>8.9</ele>
    <time>2025-10-28T15:59:09Z</time>
   </trkpt>
   <trkpt lat="22.5500570" lon="88.3489980">
    <ele>8.9</ele>
    <time>2025-10-28T15:59:10Z</time>
   </trkpt>
   <trkpt lat="22.5500830" lon="88.3489970">
    <ele>8.9</ele>
    <time>2025-10-28T15:59:11Z</time>
   </trkpt>
   <trkpt lat="22.5500930" lon="88.3489940">
    <ele>8.9</ele>
    <time>2025-10-28T15:59:12Z</time>
   </trkpt>
   <trkpt lat="22.5501040" lon="88.3489910">
    <ele>8.9</ele>
    <time>2025-10-28T15:59:13Z</time>
   </trkpt>
   <trkpt lat="22.5501230" lon="88.3489740">
    <ele>8.9</ele>
    <time>2025-10-28T15:59:14Z</time>
   </trkpt>
   <trkpt lat="22.5501380" lon="88.3489780">
    <ele>8.9</ele>
    <time>2025-10-28T15:59:15Z</time>
   </trkpt>
   <trkpt lat="22.5501450" lon="88.3489960">
    <ele>8.9</ele>
    <time>2025-10-28T15:59:16Z</time>
   </trkpt>
   <trkpt lat="22.5501540" lon="88.3490030">
    <ele>8.9</ele>
    <time>2025-10-28T15:59:17Z</time>
   </trkpt>
   <trkpt lat="22.5501630" lon="88.3490110">
    <ele>8.9</ele>
    <time>2025-10-28T15:59:18Z</time>
   </trkpt>
   <trkpt lat="22.5501770" lon="88.3490180">
    <ele>8.9</ele>
    <time>2025-10-28T15:59:19Z</time>
   </trkpt>
   <trkpt lat="22.5501910" lon="88.3490260">
    <ele>8.9</ele>
    <time>2025-10-28T15:59:20Z</time>
   </trkpt>
   <trkpt lat="22.5502190" lon="88.3490160">
    <ele>8.9</ele>
    <time>2025-10-28T15:59:21Z</time>
   </trkpt>
   <trkpt lat="22.5502300" lon="88.3490140">
    <ele>8.9</ele>
    <time>2025-10-28T15:59:22Z</time>
   </trkpt>
   <trkpt lat="22.5502590" lon="88.3490120">
    <ele>8.9</ele>
    <time>2025-10-28T15:59:23Z</time>
   </trkpt>
   <trkpt lat="22.5502680" lon="88.3490150">
    <ele>8.9</ele>
    <time>2025-10-28T15:59:24Z</time>
   </trkpt>
   <trkpt lat="22.5503000" lon="88.3490150">
    <ele>8.9</ele>
    <time>2025-10-28T15:59:25Z</time>
   </trkpt>
   <trkpt lat="22.5503080" lon="88.3490160">
    <ele>8.9</ele>
    <time>2025-10-28T15:59:26Z</time>
   </trkpt>
   <trkpt lat="22.5503230" lon="88.3490200">
    <ele>8.9</ele>
    <time>2025-10-28T15:59:27Z</time>
   </trkpt>
   <trkpt lat="22.5503420" lon="88.3490230">
    <ele>8.9</ele>
    <time>2025-10-28T15:59:28Z</time>
   </trkpt>
   <trkpt lat="22.5503630" lon="88.3490280">
    <ele>8.9</ele>
    <time>2025-10-28T15:59:29Z</time>
   </trkpt>
   <trkpt lat="22.5503700" lon="88.3490320">
    <ele>9.0</ele>
    <time>2025-10-28T15:59:30Z</time>
   </trkpt>
   <trkpt lat="22.5503780" lon="88.3490360">
    <ele>9.0</ele>
    <time>2025-10-28T15:59:31Z</time>
   </trkpt>
   <trkpt lat="22.5503990" lon="88.3490410">
    <ele>9.0</ele>
    <time>2025-10-28T15:59:32Z</time>
   </trkpt>
   <trkpt lat="22.5504080" lon="88.3490430">
    <ele>9.0</ele>
    <time>2025-10-28T15:59:33Z</time>
   </trkpt>
   <trkpt lat="22.5504280" lon="88.3490380">
    <ele>9.0</ele>
    <time>2025-10-28T15:59:34Z</time>
   </trkpt>
   <trkpt lat="22.5504370" lon="88.3490380">
    <ele>9.0</ele>
    <time>2025-10-28T15:59:35Z</time>
   </trkpt>
   <trkpt lat="22.5504470" lon="88.3490390">
    <ele>9.0</ele>
    <time>2025-10-28T15:59:36Z</time>
   </trkpt>
   <trkpt lat="22.5504580" lon="88.3490390">
    <ele>9.0</ele>
    <time>2025-10-28T15:59:37Z</time>
   </trkpt>
   <trkpt lat="22.5504690" lon="88.3490380">
    <ele>9.0</ele>
    <time>2025-10-28T15:59:38Z</time>
   </trkpt>
   <trkpt lat="22.5504810" lon="88.3490370">
    <ele>9.0</ele>
    <time>2025-10-28T15:59:39Z</time>
   </trkpt>
   <trkpt lat="22.5504910" lon="88.3490380">
    <ele>9.0</ele>
    <time>2025-10-28T15:59:40Z</time>
   </trkpt>
   <trkpt lat="22.5504960" lon="88.3490410">
    <ele>9.0</ele>
    <time>2025-10-28T15:59:41Z</time>
   </trkpt>
   <trkpt lat="22.5505060" lon="88.3490400">
    <ele>9.0</ele>
    <time>2025-10-28T15:59:42Z</time>
   </trkpt>
   <trkpt lat="22.5505130" lon="88.3490420">
    <ele>9.0</ele>
    <time>2025-10-28T15:59:43Z</time>
   </trkpt>
   <trkpt lat="22.5505360" lon="88.3490620">
    <ele>9.0</ele>
    <time>2025-10-28T15:59:44Z</time>
   </trkpt>
   <trkpt lat="22.5505430" lon="88.3490670">
    <ele>9.0</ele>
    <time>2025-10-28T15:59:45Z</time>
   </trkpt>
   <trkpt lat="22.5505450" lon="88.3490820">
    <ele>9.0</ele>
    <time>2025-10-28T15:59:46Z</time>
   </trkpt>
   <trkpt lat="22.5505490" lon="88.3490920">
    <ele>9.0</ele>
    <time>2025-10-28T15:59:47Z</time>
   </trkpt>
   <trkpt lat="22.5505580" lon="88.3490940">
    <ele>9.0</ele>
    <time>2025-10-28T15:59:48Z</time>
   </trkpt>
   <trkpt lat="22.5505720" lon="88.3491000">
    <ele>9.0</ele>
    <time>2025-10-28T15:59:49Z</time>
   </trkpt>
   <trkpt lat="22.5505880" lon="88.3491010">
    <ele>9.0</ele>
    <time>2025-10-28T15:59:50Z</time>
   </trkpt>
   <trkpt lat="22.5505980" lon="88.3491010">
    <ele>9.0</ele>
    <time>2025-10-28T15:59:51Z</time>
   </trkpt>
   <trkpt lat="22.5506100" lon="88.3491010">
    <ele>9.0</ele>
    <time>2025-10-28T15:59:52Z</time>
   </trkpt>
   <trkpt lat="22.5506230" lon="88.3491000">
    <ele>9.0</ele>
    <time>2025-10-28T15:59:53Z</time>
   </trkpt>
   <trkpt lat="22.5506380" lon="88.3491050">
    <ele>9.0</ele>
    <time>2025-10-28T15:59:54Z</time>
   </trkpt>
   <trkpt lat="22.5506570" lon="88.3491060">
    <ele>9.0</ele>
    <time>2025-10-28T15:59:55Z</time>
   </trkpt>
   <trkpt lat="22.5506780" lon="88.3491080">
    <ele>9.0</ele>
    <time>2025-10-28T15:59:56Z</time>
   </trkpt>
   <trkpt lat="22.5506880" lon="88.3491080">
    <ele>9.0</ele>
    <time>2025-10-28T15:59:57Z</time>
   </trkpt>
   <trkpt lat="22.5506970" lon="88.3491080">
    <ele>9.0</ele>
    <time>2025-10-28T15:59:58Z</time>
   </trkpt>
   <trkpt lat="22.5507090" lon="88.3491090">
    <ele>9.0</ele>
    <time>2025-10-28T15:59:59Z</time>
   </trkpt>
   <trkpt lat="22.5507280" lon="88.3491090">
    <ele>9.0</ele>
    <time>2025-10-28T16:00:00Z</time>
   </trkpt>
   <trkpt lat="22.5507390" lon="88.3491070">
    <ele>9.0</ele>
    <time>2025-10-28T16:00:01Z</time>
   </trkpt>
   <trkpt lat="22.5507500" lon="88.3491060">
    <ele>9.0</ele>
    <time>2025-10-28T16:00:02Z</time>
   </trkpt>
   <trkpt lat="22.5507630" lon="88.3491090">
    <ele>9.0</ele>
    <time>2025-10-28T16:00:03Z</time>
   </trkpt>
   <trkpt lat="22.5507760" lon="88.3491120">
    <ele>9.0</ele>
    <time>2025-10-28T16:00:04Z</time>
   </trkpt>
   <trkpt lat="22.5507840" lon="88.3491120">
    <ele>9.0</ele>
    <time>2025-10-28T16:00:05Z</time>
   </trkpt>
   <trkpt lat="22.5507900" lon="88.3491190">
    <ele>9.0</ele>
    <time>2025-10-28T16:00:06Z</time>
   </trkpt>
   <trkpt lat="22.5507980" lon="88.3491220">
    <ele>9.0</ele>
    <time>2025-10-28T16:00:07Z</time>
   </trkpt>
   <trkpt lat="22.5508050" lon="88.3491310">
    <ele>9.0</ele>
    <time>2025-10-28T16:00:08Z</time>
   </trkpt>
   <trkpt lat="22.5508130" lon="88.3491370">
    <ele>9.0</ele>
    <time>2025-10-28T16:00:09Z</time>
   </trkpt>
   <trkpt lat="22.5508290" lon="88.3491380">
    <ele>9.0</ele>
    <time>2025-10-28T16:00:10Z</time>
   </trkpt>
   <trkpt lat="22.5508420" lon="88.3491390">
    <ele>9.0</ele>
    <time>2025-10-28T16:00:11Z</time>
   </trkpt>
   <trkpt lat="22.5508600" lon="88.3491480">
    <ele>9.0</ele>
    <time>2025-10-28T16:00:12Z</time>
   </trkpt>
   <trkpt lat="22.5508670" lon="88.3491500">
    <ele>9.0</ele>
    <time>2025-10-28T16:00:13Z</time>
   </trkpt>
   <trkpt lat="22.5508730" lon="88.3491530">
    <ele>9.1</ele>
    <time>2025-10-28T16:00:14Z</time>
   </trkpt>
   <trkpt lat="22.5508790" lon="88.3491560">
    <ele>9.1</ele>
    <time>2025-10-28T16:00:15Z</time>
   </trkpt>
   <trkpt lat="22.5508910" lon="88.3491600">
    <ele>9.1</ele>
    <time>2025-10-28T16:00:16Z</time>
   </trkpt>
   <trkpt lat="22.5508980" lon="88.3491610">
    <ele>9.1</ele>
    <time>2025-10-28T16:00:17Z</time>
   </trkpt>
   <trkpt lat="22.5509120" lon="88.3491660">
    <ele>9.1</ele>
    <time>2025-10-28T16:00:18Z</time>
   </trkpt>
   <trkpt lat="22.5509270" lon="88.3491650">
    <ele>9.1</ele>
    <time>2025-10-28T16:00:19Z</time>
   </trkpt>
   <trkpt lat="22.5509380" lon="88.3491680">
    <ele>9.1</ele>
    <time>2025-10-28T16:00:20Z</time>
   </trkpt>
   <trkpt lat="22.5509430" lon="88.3491670">
    <ele>9.1</ele>
    <time>2025-10-28T16:00:21Z</time>
   </trkpt>
   <trkpt lat="22.5509520" lon="88.3491690">
    <ele>9.1</ele>
    <time>2025-10-28T16:00:22Z</time>
   </trkpt>
   <trkpt lat="22.5509620" lon="88.3491680">
    <ele>9.1</ele>
    <time>2025-10-28T16:00:23Z</time>
   </trkpt>
   <trkpt lat="22.5509700" lon="88.3491680">
    <ele>9.1</ele>
    <time>2025-10-28T16:00:24Z</time>
   </trkpt>
   <trkpt lat="22.5509780" lon="88.3491650">
    <ele>9.1</ele>
    <time>2025-10-28T16:00:25Z</time>
   </trkpt>
   <trkpt lat="22.5509980" lon="88.3491630">
    <ele>9.1</ele>
    <time>2025-10-28T16:00:26Z</time>
   </trkpt>
   <trkpt lat="22.5510070" lon="88.3491650">
    <ele>9.1</ele>
    <time>2025-10-28T16:00:27Z</time>
   </trkpt>
   <trkpt lat="22.5510150" lon="88.3491660">
    <ele>9.1</ele>
    <time>2025-10-28T16:00:28Z</time>
   </trkpt>
   <trkpt lat="22.5510260" lon="88.3491750">
    <ele>9.1</ele>
    <time>2025-10-28T16:00:29Z</time>
   </trkpt>
   <trkpt lat="22.5510380" lon="88.3491840">
    <ele>9.1</ele>
    <time>2025-10-28T16:00:30Z</time>
   </trkpt>
   <trkpt lat="22.5510480" lon="88.3491930">
    <ele>9.1</ele>
    <time>2025-10-28T16:00:31Z</time>
   </trkpt>
   <trkpt lat="22.5510560" lon="88.3491930">
    <ele>9.1</ele>
    <time>2025-10-28T16:00:32Z</time>
   </trkpt>
   <trkpt lat="22.5510640" lon="88.3491990">
    <ele>9.1</ele>
    <time>2025-10-28T16:00:33Z</time>
   </trkpt>
   <trkpt lat="22.5510760" lon="88.3491970">
    <ele>9.1</ele>
    <time>2025-10-28T16:00:34Z</time>
   </trkpt>
   <trkpt lat="22.5510840" lon="88.3491940">
    <ele>9.1</ele>
    <time>2025-10-28T16:00:35Z</time>
   </trkpt>
   <trkpt lat="22.5510990" lon="88.3491990">
    <ele>9.1</ele>
    <time>2025-10-28T16:00:36Z</time>
   </trkpt>
   <trkpt lat="22.5511120" lon="88.3492010">
    <ele>9.1</ele>
    <time>2025-10-28T16:00:37Z</time>
   </trkpt>
   <trkpt lat="22.5511200" lon="88.3491960">
    <ele>9.1</ele>
    <time>2025-10-28T16:00:38Z</time>
   </trkpt>
   <trkpt lat="22.5511320" lon="88.3491900">
    <ele>9.1</ele>
    <time>2025-10-28T16:00:39Z</time>
   </trkpt>
   <trkpt lat="22.5511320" lon="88.3491810">
    <ele>9.1</ele>
    <time>2025-10-28T16:00:40Z</time>
   </trkpt>
   <trkpt lat="22.5511410" lon="88.3491710">
    <ele>9.1</ele>
    <time>2025-10-28T16:00:41Z</time>
   </trkpt>
   <trkpt lat="22.5511560" lon="88.3491650">
    <ele>9.1</ele>
    <time>2025-10-28T16:00:42Z</time>
   </trkpt>
   <trkpt lat="22.5511680" lon="88.3491700">
    <ele>9.1</ele>
    <time>2025-10-28T16:00:43Z</time>
   </trkpt>
   <trkpt lat="22.5511800" lon="88.3491810">
    <ele>9.1</ele>
    <time>2025-10-28T16:00:44Z</time>
   </trkpt>
   <trkpt lat="22.5511910" lon="88.3491820">
    <ele>9.1</ele>
    <time>2025-10-28T16:00:45Z</time>
   </trkpt>
   <trkpt lat="22.5512030" lon="88.3491820">
    <ele>9.1</ele>
    <time>2025-10-28T16:00:46Z</time>
   </trkpt>
   <trkpt lat="22.5512150" lon="88.3491790">
    <ele>9.1</ele>
    <time>2025-10-28T16:00:47Z</time>
   </trkpt>
   <trkpt lat="22.5512360" lon="88.3491810">
    <ele>9.1</ele>
    <time>2025-10-28T16:00:48Z</time>
   </trkpt>
   <trkpt lat="22.5512440" lon="88.3491810">
    <ele>9.1</ele>
    <time>2025-10-28T16:00:49Z</time>
   </trkpt>
   <trkpt lat="22.5512530" lon="88.3491810">
    <ele>9.1</ele>
    <time>2025-10-28T16:00:50Z</time>
   </trkpt>
   <trkpt lat="22.5512710" lon="88.3491860">
    <ele>9.2</ele>
    <time>2025-10-28T16:00:51Z</time>
   </trkpt>
   <trkpt lat="22.5512800" lon="88.3491930">
    <ele>9.2</ele>
    <time>2025-10-28T16:00:52Z</time>
   </trkpt>
   <trkpt lat="22.5512880" lon="88.3492000">
    <ele>9.2</ele>
    <time>2025-10-28T16:00:53Z</time>
   </trkpt>
   <trkpt lat="22.5512970" lon="88.3492050">
    <ele>9.2</ele>
    <time>2025-10-28T16:00:54Z</time>
   </trkpt>
   <trkpt lat="22.5513090" lon="88.3492110">
    <ele>9.2</ele>
    <time>2025-10-28T16:00:55Z</time>
   </trkpt>
   <trkpt lat="22.5513190" lon="88.3492170">
    <ele>9.2</ele>
    <time>2025-10-28T16:00:56Z</time>
   </trkpt>
   <trkpt lat="22.5513330" lon="88.3492200">
    <ele>9.2</ele>
    <time>2025-10-28T16:00:57Z</time>
   </trkpt>
   <trkpt lat="22.5513460" lon="88.3492220">
    <ele>9.2</ele>
    <time>2025-10-28T16:00:58Z</time>
   </trkpt>
   <trkpt lat="22.5513600" lon="88.3492220">
    <ele>9.2</ele>
    <time>2025-10-28T16:00:59Z</time>
   </trkpt>
   <trkpt lat="22.5513740" lon="88.3492230">
    <ele>9.2</ele>
    <time>2025-10-28T16:01:00Z</time>
   </trkpt>
   <trkpt lat="22.5513930" lon="88.3492300">
    <ele>9.2</ele>
    <time>2025-10-28T16:01:01Z</time>
   </trkpt>
   <trkpt lat="22.5514020" lon="88.3492320">
    <ele>9.2</ele>
    <time>2025-10-28T16:01:02Z</time>
   </trkpt>
   <trkpt lat="22.5514100" lon="88.3492340">
    <ele>9.2</ele>
    <time>2025-10-28T16:01:03Z</time>
   </trkpt>
   <trkpt lat="22.5514210" lon="88.3492370">
    <ele>9.2</ele>
    <time>2025-10-28T16:01:04Z</time>
   </trkpt>
   <trkpt lat="22.5514320" lon="88.3492420">
    <ele>9.2</ele>
    <time>2025-10-28T16:01:05Z</time>
   </trkpt>
   <trkpt lat="22.5514440" lon="88.3492430">
    <ele>9.2</ele>
    <time>2025-10-28T16:01:06Z</time>
   </trkpt>
   <trkpt lat="22.5514560" lon="88.3492450">
    <ele>9.2</ele>
    <time>2025-10-28T16:01:07Z</time>
   </trkpt>
   <trkpt lat="22.5514670" lon="88.3492490">
    <ele>9.2</ele>
    <time>2025-10-28T16:01:08Z</time>
   </trkpt>
   <trkpt lat="22.5514770" lon="88.3492570">
    <ele>9.2</ele>
    <time>2025-10-28T16:01:09Z</time>
   </trkpt>
   <trkpt lat="22.5514870" lon="88.3492620">
    <ele>9.2</ele>
    <time>2025-10-28T16:01:10Z</time>
   </trkpt>
   <trkpt lat="22.5514990" lon="88.3492630">
    <ele>9.2</ele>
    <time>2025-10-28T16:01:11Z</time>
   </trkpt>
   <trkpt lat="22.5515110" lon="88.3492640">
    <ele>9.2</ele>
    <time>2025-10-28T16:01:12Z</time>
   </trkpt>
   <trkpt lat="22.5515220" lon="88.3492680">
    <ele>9.2</ele>
    <time>2025-10-28T16:01:13Z</time>
   </trkpt>
   <trkpt lat="22.5515320" lon="88.3492660">
    <ele>9.2</ele>
    <time>2025-10-28T16:01:14Z</time>
   </trkpt>
   <trkpt lat="22.5515470" lon="88.3492640">
    <ele>9.2</ele>
    <time>2025-10-28T16:01:15Z</time>
   </trkpt>
   <trkpt lat="22.5515600" lon="88.3492660">
    <ele>9.2</ele>
    <time>2025-10-28T16:01:16Z</time>
   </trkpt>
   <trkpt lat="22.5515690" lon="88.3492670">
    <ele>9.2</ele>
    <time>2025-10-28T16:01:17Z</time>
   </trkpt>
   <trkpt lat="22.5515760" lon="88.3492740">
    <ele>9.2</ele>
    <time>2025-10-28T16:01:18Z</time>
   </trkpt>
   <trkpt lat="22.5515840" lon="88.3492780">
    <ele>9.2</ele>
    <time>2025-10-28T16:01:19Z</time>
   </trkpt>
   <trkpt lat="22.5515920" lon="88.3492780">
    <ele>9.2</ele>
    <time>2025-10-28T16:01:20Z</time>
   </trkpt>
   <trkpt lat="22.5516020" lon="88.3492840">
    <ele>9.2</ele>
    <time>2025-10-28T16:01:21Z</time>
   </trkpt>
   <trkpt lat="22.5516100" lon="88.3492950">
    <ele>9.2</ele>
    <time>2025-10-28T16:01:22Z</time>
   </trkpt>
   <trkpt lat="22.5516130" lon="88.3493200">
    <ele>9.2</ele>
    <time>2025-10-28T16:01:23Z</time>
   </trkpt>
   <trkpt lat="22.5516260" lon="88.3493380">
    <ele>9.2</ele>
    <time>2025-10-28T16:01:24Z</time>
   </trkpt>
   <trkpt lat="22.5516350" lon="88.3493410">
    <ele>9.2</ele>
    <time>2025-10-28T16:01:25Z</time>
   </trkpt>
   <trkpt lat="22.5516440" lon="88.3493440">
    <ele>9.2</ele>
    <time>2025-10-28T16:01:26Z</time>
   </trkpt>
   <trkpt lat="22.5516610" lon="88.3493460">
    <ele>9.2</ele>
    <time>2025-10-28T16:01:27Z</time>
   </trkpt>
   <trkpt lat="22.5516740" lon="88.3493510">
    <ele>9.2</ele>
    <time>2025-10-28T16:01:28Z</time>
   </trkpt>
   <trkpt lat="22.5516880" lon="88.3493530">
    <ele>9.2</ele>
    <time>2025-10-28T16:01:29Z</time>
   </trkpt>
   <trkpt lat="22.5516910" lon="88.3493540">
    <ele>9.2</ele>
    <time>2025-10-28T16:01:30Z</time>
   </trkpt>
   <trkpt lat="22.5517040" lon="88.3493540">
    <ele>9.2</ele>
    <time>2025-10-28T16:01:31Z</time>
   </trkpt>
   <trkpt lat="22.5517250" lon="88.3493530">
    <ele>9.2</ele>
    <time>2025-10-28T16:01:32Z</time>
   </trkpt>
   <trkpt lat="22.5517330" lon="88.3493520">
    <ele>9.2</ele>
    <time>2025-10-28T16:01:33Z</time>
   </trkpt>
   <trkpt lat="22.5517420" lon="88.3493520">
    <ele>9.2</ele>
    <time>2025-10-28T16:01:34Z</time>
   </trkpt>
   <trkpt lat="22.5517700" lon="88.3493570">
    <ele>9.2</ele>
    <time>2025-10-28T16:01:35Z</time>
   </trkpt>
   <trkpt lat="22.5517790" lon="88.3493590">
    <ele>9.2</ele>
    <time>2025-10-28T16:01:36Z</time>
   </trkpt>
   <trkpt lat="22.5517940" lon="88.3493650">
    <ele>9.2</ele>
    <time>2025-10-28T16:01:37Z</time>
   </trkpt>
   <trkpt lat="22.5518080" lon="88.3493620">
    <ele>9.2</ele>
    <time>2025-10-28T16:01:38Z</time>
   </trkpt>
   <trkpt lat="22.5518250" lon="88.3493590">
    <ele>9.2</ele>
    <time>2025-10-28T16:01:39Z</time>
   </trkpt>
   <trkpt lat="22.5518370" lon="88.3493590">
    <ele>9.2</ele>
    <time>2025-10-28T16:01:40Z</time>
   </trkpt>
   <trkpt lat="22.5518490" lon="88.3493590">
    <ele>9.2</ele>
    <time>2025-10-28T16:01:41Z</time>
   </trkpt>
   <trkpt lat="22.5518640" lon="88.3493630">
    <ele>9.2</ele>
    <time>2025-10-28T16:01:42Z</time>
   </trkpt>
   <trkpt lat="22.5518800" lon="88.3493670">
    <ele>9.2</ele>
    <time>2025-10-28T16:01:43Z</time>
   </trkpt>
   <trkpt lat="22.5518970" lon="88.3493710">
    <ele>9.2</ele>
    <time>2025-10-28T16:01:44Z</time>
   </trkpt>
   <trkpt lat="22.5519120" lon="88.3493770">
    <ele>9.2</ele>
    <time>2025-10-28T16:01:45Z</time>
   </trkpt>
   <trkpt lat="22.5519280" lon="88.3493820">
    <ele>9.2</ele>
    <time>2025-10-28T16:01:46Z</time>
   </trkpt>
   <trkpt lat="22.5519430" lon="88.3493880">
    <ele>9.2</ele>
    <time>2025-10-28T16:01:47Z</time>
   </trkpt>
   <trkpt lat="22.5519630" lon="88.3494000">
    <ele>9.2</ele>
    <time>2025-10-28T16:01:48Z</time>
   </trkpt>
   <trkpt lat="22.5519690" lon="88.3494090">
    <ele>9.2</ele>
    <time>2025-10-28T16:01:49Z</time>
   </trkpt>
   <trkpt lat="22.5519750" lon="88.3494190">
    <ele>9.2</ele>
    <time>2025-10-28T16:01:50Z</time>
   </trkpt>
   <trkpt lat="22.5519850" lon="88.3494280">
    <ele>9.2</ele>
    <time>2025-10-28T16:01:51Z</time>
   </trkpt>
   <trkpt lat="22.5519960" lon="88.3494340">
    <ele>9.2</ele>
    <time>2025-10-28T16:01:52Z</time>
   </trkpt>
   <trkpt lat="22.5520050" lon="88.3494370">
    <ele>9.2</ele>
    <time>2025-10-28T16:01:53Z</time>
   </trkpt>
   <trkpt lat="22.5520220" lon="88.3494440">
    <ele>9.2</ele>
    <time>2025-10-28T16:01:54Z</time>
   </trkpt>
   <trkpt lat="22.5520340" lon="88.3494480">
    <ele>9.2</ele>
    <time>2025-10-28T16:01:55Z</time>
   </trkpt>
   <trkpt lat="22.5520470" lon="88.3494520">
    <ele>9.2</ele>
    <time>2025-10-28T16:01:56Z</time>
   </trkpt>
   <trkpt lat="22.5520600" lon="88.3494590">
    <ele>9.2</ele>
    <time>2025-10-28T16:01:57Z</time>
   </trkpt>
   <trkpt lat="22.5520850" lon="88.3494690">
    <ele>9.2</ele>
    <time>2025-10-28T16:01:58Z</time>
   </trkpt>
   <trkpt lat="22.5520960" lon="88.3494710">
    <ele>9.2</ele>
    <time>2025-10-28T16:01:59Z</time>
   </trkpt>
   <trkpt lat="22.5521250" lon="88.3494700">
    <ele>9.2</ele>
    <time>2025-10-28T16:02:00Z</time>
   </trkpt>
   <trkpt lat="22.5521350" lon="88.3494650">
    <ele>9.3</ele>
    <time>2025-10-28T16:02:01Z</time>
   </trkpt>
   <trkpt lat="22.5521640" lon="88.3494610">
    <ele>9.3</ele>
    <time>2025-10-28T16:02:02Z</time>
   </trkpt>
   <trkpt lat="22.5521740" lon="88.3494630">
    <ele>9.3</ele>
    <time>2025-10-28T16:02:03Z</time>
   </trkpt>
   <trkpt lat="22.5521860" lon="88.3494690">
    <ele>9.3</ele>
    <time>2025-10-28T16:02:04Z</time>
   </trkpt>
   <trkpt lat="22.5522100" lon="88.3494700">
    <ele>9.3</ele>
    <time>2025-10-28T16:02:05Z</time>
   </trkpt>
   <trkpt lat="22.5522270" lon="88.3494840">
    <ele>9.3</ele>
    <time>2025-10-28T16:02:06Z</time>
   </trkpt>
   <trkpt lat="22.5522280" lon="88.3494970">
    <ele>9.3</ele>
    <time>2025-10-28T16:02:07Z</time>
   </trkpt>
   <trkpt lat="22.5522280" lon="88.3495090">
    <ele>9.2</ele>
    <time>2025-10-28T16:02:08Z</time>
   </trkpt>
   <trkpt lat="22.5522470" lon="88.3495240">
    <ele>9.2</ele>
    <time>2025-10-28T16:02:09Z</time>
   </trkpt>
   <trkpt lat="22.5522610" lon="88.3495270">
    <ele>9.2</ele>
    <time>2025-10-28T16:02:10Z</time>
   </trkpt>
   <trkpt lat="22.5523000" lon="88.3495270">
    <ele>9.2</ele>
    <time>2025-10-28T16:02:11Z</time>
   </trkpt>
   <trkpt lat="22.5523130" lon="88.3495280">
    <ele>9.2</ele>
    <time>2025-10-28T16:02:12Z</time>
   </trkpt>
   <trkpt lat="22.5523430" lon="88.3495280">
    <ele>9.2</ele>
    <time>2025-10-28T16:02:13Z</time>
   </trkpt>
   <trkpt lat="22.5523640" lon="88.3495030">
    <ele>9.2</ele>
    <time>2025-10-28T16:02:14Z</time>
   </trkpt>
   <trkpt lat="22.5523740" lon="88.3494950">
    <ele>9.2</ele>
    <time>2025-10-28T16:02:15Z</time>
   </trkpt>
   <trkpt lat="22.5523790" lon="88.3494910">
    <ele>9.2</ele>
    <time>2025-10-28T16:02:16Z</time>
   </trkpt>
   <trkpt lat="22.5523840" lon="88.3494820">
    <ele>9.2</ele>
    <time>2025-10-28T16:02:17Z</time>
   </trkpt>
   <trkpt lat="22.5524010" lon="88.3494880">
    <ele>9.2</ele>
    <time>2025-10-28T16:02:18Z</time>
   </trkpt>
   <trkpt lat="22.5524110" lon="88.3494900">
    <ele>9.2</ele>
    <time>2025-10-28T16:02:19Z</time>
   </trkpt>
   <trkpt lat="22.5524200" lon="88.3494930">
    <ele>9.2</ele>
    <time>2025-10-28T16:02:20Z</time>
   </trkpt>
   <trkpt lat="22.5524290" lon="88.3494950">
    <ele>9.2</ele>
    <time>2025-10-28T16:02:21Z</time>
   </trkpt>
   <trkpt lat="22.5524590" lon="88.3494940">
    <ele>9.2</ele>
    <time>2025-10-28T16:02:22Z</time>
   </trkpt>
   <trkpt lat="22.5524700" lon="88.3494970">
    <ele>9.2</ele>
    <time>2025-10-28T16:02:23Z</time>
   </trkpt>
   <trkpt lat="22.5524830" lon="88.3495000">
    <ele>9.2</ele>
    <time>2025-10-28T16:02:24Z</time>
   </trkpt>
   <trkpt lat="22.5524960" lon="88.3495090">
    <ele>9.2</ele>
    <time>2025-10-28T16:02:25Z</time>
   </trkpt>
   <trkpt lat="22.5525000" lon="88.3495200">
    <ele>9.2</ele>
    <time>2025-10-28T16:02:26Z</time>
   </trkpt>
   <trkpt lat="22.5524960" lon="88.3495340">
    <ele>9.2</ele>
    <time>2025-10-28T16:02:27Z</time>
   </trkpt>
   <trkpt lat="22.5524930" lon="88.3495490">
    <ele>9.2</ele>
    <time>2025-10-28T16:02:28Z</time>
   </trkpt>
   <trkpt lat="22.5524890" lon="88.3495630">
    <ele>9.2</ele>
    <time>2025-10-28T16:02:29Z</time>
   </trkpt>
   <trkpt lat="22.5525050" lon="88.3495670">
    <ele>9.2</ele>
    <time>2025-10-28T16:02:30Z</time>
   </trkpt>
   <trkpt lat="22.5525220" lon="88.3495700">
    <ele>9.2</ele>
    <time>2025-10-28T16:02:31Z</time>
   </trkpt>
   <trkpt lat="22.5525350" lon="88.3495800">
    <ele>9.2</ele>
    <time>2025-10-28T16:02:32Z</time>
   </trkpt>
   <trkpt lat="22.5525520" lon="88.3495870">
    <ele>9.2</ele>
    <time>2025-10-28T16:02:33Z</time>
   </trkpt>
   <trkpt lat="22.5525720" lon="88.3495960">
    <ele>9.2</ele>
    <time>2025-10-28T16:02:34Z</time>
   </trkpt>
   <trkpt lat="22.5525850" lon="88.3495700">
    <ele>9.2</ele>
    <time>2025-10-28T16:02:35Z</time>
   </trkpt>
   <trkpt lat="22.5526140" lon="88.3495780">
    <ele>9.2</ele>
    <time>2025-10-28T16:02:36Z</time>
   </trkpt>
   <trkpt lat="22.5526250" lon="88.3495820">
    <ele>9.2</ele>
    <time>2025-10-28T16:02:37Z</time>
   </trkpt>
   <trkpt lat="22.5526440" lon="88.3495840">
    <ele>9.2</ele>
    <time>2025-10-28T16:02:38Z</time>
   </trkpt>
   <trkpt lat="22.5526580" lon="88.3495850">
    <ele>9.2</ele>
    <time>2025-10-28T16:02:39Z</time>
   </trkpt>
   <trkpt lat="22.5526700" lon="88.3495730">
    <ele>9.2</ele>
    <time>2025-10-28T16:02:40Z</time>
   </trkpt>
   <trkpt lat="22.5526870" lon="88.3495750">
    <ele>9.2</ele>
    <time>2025-10-28T16:02:41Z</time>
   </trkpt>
   <trkpt lat="22.5527090" lon="88.3495720">
    <ele>9.2</ele>
    <time>2025-10-28T16:02:42Z</time>
   </trkpt>
   <trkpt lat="22.5527210" lon="88.3495760">
    <ele>9.2</ele>
    <time>2025-10-28T16:02:43Z</time>
   </trkpt>
   <trkpt lat="22.5527330" lon="88.3495810">
    <ele>9.2</ele>
    <time>2025-10-28T16:02:44Z</time>
   </trkpt>
   <trkpt lat="22.5527600" lon="88.3495880">
    <ele>9.2</ele>
    <time>2025-10-28T16:02:45Z</time>
   </trkpt>
   <trkpt lat="22.5527880" lon="88.3495790">
    <ele>9.2</ele>
    <time>2025-10-28T16:02:46Z</time>
   </trkpt>
   <trkpt lat="22.5527990" lon="88.3495790">
    <ele>9.2</ele>
    <time>2025-10-28T16:02:47Z</time>
   </trkpt>
   <trkpt lat="22.5528300" lon="88.3495770">
    <ele>9.2</ele>
    <time>2025-10-28T16:02:48Z</time>
   </trkpt>
   <trkpt lat="22.5528370" lon="88.3495780">
    <ele>9.2</ele>
    <time>2025-10-28T16:02:49Z</time>
   </trkpt>
   <trkpt lat="22.5528570" lon="88.3495850">
    <ele>9.2</ele>
    <time>2025-10-28T16:02:50Z</time>
   </trkpt>
   <trkpt lat="22.5528710" lon="88.3495880">
    <ele>9.2</ele>
    <time>2025-10-28T16:02:51Z</time>
   </trkpt>
   <trkpt lat="22.5529000" lon="88.3495860">
    <ele>9.2</ele>
    <time>2025-10-28T16:02:52Z</time>
   </trkpt>
   <trkpt lat="22.5529080" lon="88.3495870">
    <ele>9.2</ele>
    <time>2025-10-28T16:02:53Z</time>
   </trkpt>
   <trkpt lat="22.5529220" lon="88.3495890">
    <ele>9.2</ele>
    <time>2025-10-28T16:02:54Z</time>
   </trkpt>
   <trkpt lat="22.5529180" lon="88.3495730">
    <ele>9.2</ele>
    <time>2025-10-28T16:02:55Z</time>
   </trkpt>
   <trkpt lat="22.5529150" lon="88.3495620">
    <ele>9.2</ele>
    <time>2025-10-28T16:02:56Z</time>
   </trkpt>
   <trkpt lat="22.5529240" lon="88.3495730">
    <ele>9.2</ele>
    <time>2025-10-28T16:02:57Z</time>
   </trkpt>
   <trkpt lat="22.5529330" lon="88.3495910">
    <ele>9.2</ele>
    <time>2025-10-28T16:02:58Z</time>
   </trkpt>
   <trkpt lat="22.5529420" lon="88.3496010">
    <ele>9.2</ele>
    <time>2025-10-28T16:02:59Z</time>
   </trkpt>
   <trkpt lat="22.5529380" lon="88.3496370">
    <ele>9.2</ele>
    <time>2025-10-28T16:03:00Z</time>
   </trkpt>
   <trkpt lat="22.5529340" lon="88.3496580">
    <ele>9.2</ele>
    <time>2025-10-28T16:03:01Z</time>
   </trkpt>
   <trkpt lat="22.5529380" lon="88.3496820">
    <ele>9.2</ele>
    <time>2025-10-28T16:03:02Z</time>
   </trkpt>
   <trkpt lat="22.5529500" lon="88.3496860">
    <ele>9.2</ele>
    <time>2025-10-28T16:03:03Z</time>
   </trkpt>
   <trkpt lat="22.5529610" lon="88.3496910">
    <ele>9.2</ele>
    <time>2025-10-28T16:03:04Z</time>
   </trkpt>
   <trkpt lat="22.5529910" lon="88.3496840">
    <ele>9.2</ele>
    <time>2025-10-28T16:03:05Z</time>
   </trkpt>
   <trkpt lat="22.5530000" lon="88.3496750">
    <ele>9.2</ele>
    <time>2025-10-28T16:03:06Z</time>
   </trkpt>
   <trkpt lat="22.5530080" lon="88.3496630">
    <ele>9.2</ele>
    <time>2025-10-28T16:03:07Z</time>
   </trkpt>
   <trkpt lat="22.5530050" lon="88.3496640">
    <ele>9.2</ele>
    <time>2025-10-28T16:03:08Z</time>
   </trkpt>
   <trkpt lat="22.5530140" lon="88.3496500">
    <ele>9.2</ele>
    <time>2025-10-28T16:03:09Z</time>
   </trkpt>
   <trkpt lat="22.5530210" lon="88.3496220">
    <ele>9.2</ele>
    <time>2025-10-28T16:03:10Z</time>
   </trkpt>
   <trkpt lat="22.5530310" lon="88.3496260">
    <ele>9.2</ele>
    <time>2025-10-28T16:03:11Z</time>
   </trkpt>
   <trkpt lat="22.5530420" lon="88.3496180">
    <ele>9.2</ele>
    <time>2025-10-28T16:03:12Z</time>
   </trkpt>
   <trkpt lat="22.5530530" lon="88.3496200">
    <ele>9.2</ele>
    <time>2025-10-28T16:03:13Z</time>
   </trkpt>
   <trkpt lat="22.5530710" lon="88.3496230">
    <ele>9.2</ele>
    <time>2025-10-28T16:03:14Z</time>
   </trkpt>
   <trkpt lat="22.5530810" lon="88.3496300">
    <ele>9.2</ele>
    <time>2025-10-28T16:03:15Z</time>
   </trkpt>
   <trkpt lat="22.5530940" lon="88.3496290">
    <ele>9.2</ele>
    <time>2025-10-28T16:03:16Z</time>
   </trkpt>
   <trkpt lat="22.5531090" lon="88.3496290">
    <ele>9.2</ele>
    <time>2025-10-28T16:03:17Z</time>
   </trkpt>
   <trkpt lat="22.5531260" lon="88.3496240">
    <ele>9.2</ele>
    <time>2025-10-28T16:03:18Z</time>
   </trkpt>
   <trkpt lat="22.5531430" lon="88.3496300">
    <ele>9.2</ele>
    <time>2025-10-28T16:03:19Z</time>
   </trkpt>
   <trkpt lat="22.5531520" lon="88.3496520">
    <ele>9.2</ele>
    <time>2025-10-28T16:03:20Z</time>
   </trkpt>
   <trkpt lat="22.5531650" lon="88.3496560">
    <ele>9.2</ele>
    <time>2025-10-28T16:03:21Z</time>
   </trkpt>
   <trkpt lat="22.5531780" lon="88.3496570">
    <ele>9.1</ele>
    <time>2025-10-28T16:03:22Z</time>
   </trkpt>
   <trkpt lat="22.5531960" lon="88.3496510">
    <ele>9.1</ele>
    <time>2025-10-28T16:03:23Z</time>
   </trkpt>
   <trkpt lat="22.5532100" lon="88.3496440">
    <ele>9.1</ele>
    <time>2025-10-28T16:03:24Z</time>
   </trkpt>
   <trkpt lat="22.5532270" lon="88.3496320">
    <ele>9.1</ele>
    <time>2025-10-28T16:03:25Z</time>
   </trkpt>
   <trkpt lat="22.5532450" lon="88.3496300">
    <ele>9.1</ele>
    <time>2025-10-28T16:03:26Z</time>
   </trkpt>
   <trkpt lat="22.5532510" lon="88.3496300">
    <ele>9.1</ele>
    <time>2025-10-28T16:03:27Z</time>
   </trkpt>
   <trkpt lat="22.5532580" lon="88.3496310">
    <ele>9.1</ele>
    <time>2025-10-28T16:03:28Z</time>
   </trkpt>
   <trkpt lat="22.5532640" lon="88.3496320">
    <ele>9.1</ele>
    <time>2025-10-28T16:03:29Z</time>
   </trkpt>
   <trkpt lat="22.5532930" lon="88.3496580">
    <ele>9.1</ele>
    <time>2025-10-28T16:03:30Z</time>
   </trkpt>
   <trkpt lat="22.5533230" lon="88.3496700">
    <ele>9.1</ele>
    <time>2025-10-28T16:03:31Z</time>
   </trkpt>
   <trkpt lat="22.5533020" lon="88.3497070">
    <ele>9.1</ele>
    <time>2025-10-28T16:03:32Z</time>
   </trkpt>
   <trkpt lat="22.5533140" lon="88.3497110">
    <ele>9.1</ele>
    <time>2025-10-28T16:03:33Z</time>
   </trkpt>
   <trkpt lat="22.5533220" lon="88.3497150">
    <ele>9.1</ele>
    <time>2025-10-28T16:03:34Z</time>
   </trkpt>
   <trkpt lat="22.5533340" lon="88.3497180">
    <ele>9.1</ele>
    <time>2025-10-28T16:03:35Z</time>
   </trkpt>
   <trkpt lat="22.5533380" lon="88.3497210">
    <ele>9.1</ele>
    <time>2025-10-28T16:03:36Z</time>
   </trkpt>
   <trkpt lat="22.5533470" lon="88.3497190">
    <ele>9.1</ele>
    <time>2025-10-28T16:03:37Z</time>
   </trkpt>
   <trkpt lat="22.5533570" lon="88.3497250">
    <ele>9.1</ele>
    <time>2025-10-28T16:03:38Z</time>
   </trkpt>
   <trkpt lat="22.5533650" lon="88.3497130">
    <ele>9.1</ele>
    <time>2025-10-28T16:03:39Z</time>
   </trkpt>
   <trkpt lat="22.5533730" lon="88.3497040">
    <ele>9.1</ele>
    <time>2025-10-28T16:03:40Z</time>
   </trkpt>
   <trkpt lat="22.5533780" lon="88.3496940">
    <ele>9.1</ele>
    <time>2025-10-28T16:03:41Z</time>
   </trkpt>
   <trkpt lat="22.5533830" lon="88.3496820">
    <ele>9.1</ele>
    <time>2025-10-28T16:03:42Z</time>
   </trkpt>
   <trkpt lat="22.5533920" lon="88.3496830">
    <ele>9.1</ele>
    <time>2025-10-28T16:03:43Z</time>
   </trkpt>
   <trkpt lat="22.5533950" lon="88.3496810">
    <ele>9.1</ele>
    <time>2025-10-28T16:03:44Z</time>
   </trkpt>
   <trkpt lat="22.5534010" lon="88.3496850">
    <ele>9.1</ele>
    <time>2025-10-28T16:03:45Z</time>
   </trkpt>
   <trkpt lat="22.5534100" lon="88.3496930">
    <ele>9.1</ele>
    <time>2025-10-28T16:03:46Z</time>
   </trkpt>
   <trkpt lat="22.5534220" lon="88.3497180">
    <ele>9.1</ele>
    <time>2025-10-28T16:03:47Z</time>
   </trkpt>
   <trkpt lat="22.5534310" lon="88.3497290">
    <ele>9.1</ele>
    <time>2025-10-28T16:03:48Z</time>
   </trkpt>
   <trkpt lat="22.5534570" lon="88.3497450">
    <ele>9.1</ele>
    <time>2025-10-28T16:03:49Z</time>
   </trkpt>
   <trkpt lat="22.5534970" lon="88.3497600">
    <ele>9.1</ele>
    <time>2025-10-28T16:03:50Z</time>
   </trkpt>
   <trkpt lat="22.5535300" lon="88.3497610">
    <ele>9.1</ele>
    <time>2025-10-28T16:03:51Z</time>
   </trkpt>
   <trkpt lat="22.5535350" lon="88.3497710">
    <ele>9.1</ele>
    <time>2025-10-28T16:03:52Z</time>
   </trkpt>
   <trkpt lat="22.5535540" lon="88.3497770">
    <ele>9.1</ele>
    <time>2025-10-28T16:03:53Z</time>
   </trkpt>
   <trkpt lat="22.5535620" lon="88.3497800">
    <ele>9.1</ele>
    <time>2025-10-28T16:03:54Z</time>
   </trkpt>
   <trkpt lat="22.5535670" lon="88.3497900">
    <ele>9.1</ele>
    <time>2025-10-28T16:03:55Z</time>
   </trkpt>
   <trkpt lat="22.5535810" lon="88.3497900">
    <ele>9.1</ele>
    <time>2025-10-28T16:03:56Z</time>
   </trkpt>
   <trkpt lat="22.5535890" lon="88.3498290">
    <ele>9.1</ele>
    <time>2025-10-28T16:03:57Z</time>
   </trkpt>
   <trkpt lat="22.5536050" lon="88.3498630">
    <ele>9.1</ele>
    <time>2025-10-28T16:03:58Z</time>
   </trkpt>
   <trkpt lat="22.5536210" lon="88.3498740">
    <ele>9.1</ele>
    <time>2025-10-28T16:03:59Z</time>
   </trkpt>
   <trkpt lat="22.5536280" lon="88.3498790">
    <ele>9.1</ele>
    <time>2025-10-28T16:04:00Z</time>
   </trkpt>
   <trkpt lat="22.5536460" lon="88.3498820">
    <ele>9.1</ele>
    <time>2025-10-28T16:04:01Z</time>
   </trkpt>
   <trkpt lat="22.5536560" lon="88.3498790">
    <ele>9.1</ele>
    <time>2025-10-28T16:04:02Z</time>
   </trkpt>
   <trkpt lat="22.5536660" lon="88.3498760">
    <ele>9.1</ele>
    <time>2025-10-28T16:04:03Z</time>
   </trkpt>
   <trkpt lat="22.5536880" lon="88.3498740">
    <ele>9.1</ele>
    <time>2025-10-28T16:04:04Z</time>
   </trkpt>
   <trkpt lat="22.5536950" lon="88.3498740">
    <ele>9.1</ele>
    <time>2025-10-28T16:04:05Z</time>
   </trkpt>
   <trkpt lat="22.5537030" lon="88.3498730">
    <ele>9.2</ele>
    <time>2025-10-28T16:04:06Z</time>
   </trkpt>
   <trkpt lat="22.5537200" lon="88.3498880">
    <ele>9.2</ele>
    <time>2025-10-28T16:04:07Z</time>
   </trkpt>
   <trkpt lat="22.5537300" lon="88.3498950">
    <ele>9.2</ele>
    <time>2025-10-28T16:04:08Z</time>
   </trkpt>
   <trkpt lat="22.5537400" lon="88.3499030">
    <ele>9.2</ele>
    <time>2025-10-28T16:04:09Z</time>
   </trkpt>
   <trkpt lat="22.5537660" lon="88.3499120">
    <ele>9.2</ele>
    <time>2025-10-28T16:04:10Z</time>
   </trkpt>
   <trkpt lat="22.5537790" lon="88.3499130">
    <ele>9.2</ele>
    <time>2025-10-28T16:04:11Z</time>
   </trkpt>
   <trkpt lat="22.5537920" lon="88.3499130">
    <ele>9.2</ele>
    <time>2025-10-28T16:04:13Z</time>
   </trkpt>
   <trkpt lat="22.5538050" lon="88.3499140">
    <ele>9.2</ele>
    <time>2025-10-28T16:04:14Z</time>
   </trkpt>
   <trkpt lat="22.5538180" lon="88.3499140">
    <ele>9.2</ele>
    <time>2025-10-28T16:04:15Z</time>
   </trkpt>
   <trkpt lat="22.5538620" lon="88.3499080">
    <ele>9.2</ele>
    <time>2025-10-28T16:04:16Z</time>
   </trkpt>
   <trkpt lat="22.5538820" lon="88.3499100">
    <ele>9.2</ele>
    <time>2025-10-28T16:04:17Z</time>
   </trkpt>
   <trkpt lat="22.5539050" lon="88.3499180">
    <ele>9.2</ele>
    <time>2025-10-28T16:04:18Z</time>
   </trkpt>
   <trkpt lat="22.5539170" lon="88.3499160">
    <ele>9.2</ele>
    <time>2025-10-28T16:04:19Z</time>
   </trkpt>
   <trkpt lat="22.5539260" lon="88.3499220">
    <ele>9.2</ele>
    <time>2025-10-28T16:04:20Z</time>
   </trkpt>
   <trkpt lat="22.5539490" lon="88.3499320">
    <ele>9.2</ele>
    <time>2025-10-28T16:04:21Z</time>
   </trkpt>
   <trkpt lat="22.5539640" lon="88.3499450">
    <ele>9.2</ele>
    <time>2025-10-28T16:04:22Z</time>
   </trkpt>
   <trkpt lat="22.5539720" lon="88.3499450">
    <ele>9.2</ele>
    <time>2025-10-28T16:04:23Z</time>
   </trkpt>
   <trkpt lat="22.5539680" lon="88.3499440">
    <ele>9.2</ele>
    <time>2025-10-28T16:04:24Z</time>
   </trkpt>
   <trkpt lat="22.5539820" lon="88.3499310">
    <ele>9.2</ele>
    <time>2025-10-28T16:04:25Z</time>
   </trkpt>
   <trkpt lat="22.5540000" lon="88.3499360">
    <ele>9.2</ele>
    <time>2025-10-28T16:04:26Z</time>
   </trkpt>
   <trkpt lat="22.5540120" lon="88.3499420">
    <ele>9.2</ele>
    <time>2025-10-28T16:04:27Z</time>
   </trkpt>
   <trkpt lat="22.5540300" lon="88.3499530">
    <ele>9.2</ele>
    <time>2025-10-28T16:04:28Z</time>
   </trkpt>
   <trkpt lat="22.5540420" lon="88.3499490">
    <ele>9.2</ele>
    <time>2025-10-28T16:04:29Z</time>
   </trkpt>
   <trkpt lat="22.5540510" lon="88.3499630">
    <ele>9.2</ele>
    <time>2025-10-28T16:04:30Z</time>
   </trkpt>
   <trkpt lat="22.5540640" lon="88.3499710">
    <ele>9.2</ele>
    <time>2025-10-28T16:04:31Z</time>
   </trkpt>
   <trkpt lat="22.5540670" lon="88.3499800">
    <ele>9.2</ele>
    <time>2025-10-28T16:04:32Z</time>
   </trkpt>
   <trkpt lat="22.5540710" lon="88.3499840">
    <ele>9.2</ele>
    <time>2025-10-28T16:04:33Z</time>
   </trkpt>
   <trkpt lat="22.5540750" lon="88.3500000">
    <ele>9.2</ele>
    <time>2025-10-28T16:04:34Z</time>
   </trkpt>
   <trkpt lat="22.5540820" lon="88.3499910">
    <ele>9.2</ele>
    <time>2025-10-28T16:04:35Z</time>
   </trkpt>
   <trkpt lat="22.5541040" lon="88.3499990">
    <ele>9.2</ele>
    <time>2025-10-28T16:04:36Z</time>
   </trkpt>
   <trkpt lat="22.5541060" lon="88.3500220">
    <ele>9.2</ele>
    <time>2025-10-28T16:04:37Z</time>
   </trkpt>
   <trkpt lat="22.5541230" lon="88.3500130">
    <ele>9.2</ele>
    <time>2025-10-28T16:04:38Z</time>
   </trkpt>
   <trkpt lat="22.5541330" lon="88.3500170">
    <ele>9.2</ele>
    <time>2025-10-28T16:04:39Z</time>
   </trkpt>
   <trkpt lat="22.5541410" lon="88.3500270">
    <ele>9.2</ele>
    <time>2025-10-28T16:04:40Z</time>
   </trkpt>
   <trkpt lat="22.5541530" lon="88.3500210">
    <ele>9.2</ele>
    <time>2025-10-28T16:04:41Z</time>
   </trkpt>
   <trkpt lat="22.5541650" lon="88.3500260">
    <ele>9.2</ele>
    <time>2025-10-28T16:04:42Z</time>
   </trkpt>
   <trkpt lat="22.5541810" lon="88.3500450">
    <ele>9.3</ele>
    <time>2025-10-28T16:04:43Z</time>
   </trkpt>
   <trkpt lat="22.5541890" lon="88.3500470">
    <ele>9.3</ele>
    <time>2025-10-28T16:04:44Z</time>
   </trkpt>
   <trkpt lat="22.5541970" lon="88.3500500">
    <ele>9.3</ele>
    <time>2025-10-28T16:04:45Z</time>
   </trkpt>
   <trkpt lat="22.5542130" lon="88.3500610">
    <ele>9.3</ele>
    <time>2025-10-28T16:04:46Z</time>
   </trkpt>
   <trkpt lat="22.5542220" lon="88.3500670">
    <ele>9.3</ele>
    <time>2025-10-28T16:04:47Z</time>
   </trkpt>
   <trkpt lat="22.5542300" lon="88.3500720">
    <ele>9.3</ele>
    <time>2025-10-28T16:04:48Z</time>
   </trkpt>
   <trkpt lat="22.5542400" lon="88.3500810">
    <ele>9.3</ele>
    <time>2025-10-28T16:04:49Z</time>
   </trkpt>
   <trkpt lat="22.5542620" lon="88.3500860">
    <ele>9.3</ele>
    <time>2025-10-28T16:04:50Z</time>
   </trkpt>
   <trkpt lat="22.5542900" lon="88.3500960">
    <ele>9.3</ele>
    <time>2025-10-28T16:04:51Z</time>
   </trkpt>
   <trkpt lat="22.5543010" lon="88.3501000">
    <ele>9.3</ele>
    <time>2025-10-28T16:04:52Z</time>
   </trkpt>
   <trkpt lat="22.5543110" lon="88.3500970">
    <ele>9.3</ele>
    <time>2025-10-28T16:04:53Z</time>
   </trkpt>
   <trkpt lat="22.5543190" lon="88.3501050">
    <ele>9.3</ele>
    <time>2025-10-28T16:04:54Z</time>
   </trkpt>
   <trkpt lat="22.5543300" lon="88.3500960">
    <ele>9.3</ele>
    <time>2025-10-28T16:04:55Z</time>
   </trkpt>
   <trkpt lat="22.5543520" lon="88.3500970">
    <ele>9.3</ele>
    <time>2025-10-28T16:04:56Z</time>
   </trkpt>
   <trkpt lat="22.5543640" lon="88.3500980">
    <ele>9.3</ele>
    <time>2025-10-28T16:04:57Z</time>
   </trkpt>
   <trkpt lat="22.5543750" lon="88.3500980">
    <ele>9.3</ele>
    <time>2025-10-28T16:04:58Z</time>
   </trkpt>
   <trkpt lat="22.5543860" lon="88.3501010">
    <ele>9.3</ele>
    <time>2025-10-28T16:04:59Z</time>
   </trkpt>
   <trkpt lat="22.5543980" lon="88.3500960">
    <ele>9.3</ele>
    <time>2025-10-28T16:05:00Z</time>
   </trkpt>
   <trkpt lat="22.5544100" lon="88.3500940">
    <ele>9.3</ele>
    <time>2025-10-28T16:05:01Z</time>
   </trkpt>
   <trkpt lat="22.5544310" lon="88.3500850">
    <ele>9.3</ele>
    <time>2025-10-28T16:05:02Z</time>
   </trkpt>
   <trkpt lat="22.5544400" lon="88.3500860">
    <ele>9.3</ele>
    <time>2025-10-28T16:05:03Z</time>
   </trkpt>
   <trkpt lat="22.5544480" lon="88.3500860">
    <ele>9.3</ele>
    <time>2025-10-28T16:05:04Z</time>
   </trkpt>
   <trkpt lat="22.5544840" lon="88.3500870">
    <ele>9.3</ele>
    <time>2025-10-28T16:05:05Z</time>
   </trkpt>
   <trkpt lat="22.5545150" lon="88.3500810">
    <ele>9.3</ele>
    <time>2025-10-28T16:05:06Z</time>
   </trkpt>
   <trkpt lat="22.5545230" lon="88.3500780">
    <ele>9.3</ele>
    <time>2025-10-28T16:05:07Z</time>
   </trkpt>
   <trkpt lat="22.5545530" lon="88.3500720">
    <ele>9.4</ele>
    <time>2025-10-28T16:05:08Z</time>
   </trkpt>
   <trkpt lat="22.5545640" lon="88.3500710">
    <ele>9.4</ele>
    <time>2025-10-28T16:05:09Z</time>
   </trkpt>
   <trkpt lat="22.5545700" lon="88.3500750">
    <ele>9.4</ele>
    <time>2025-10-28T16:05:10Z</time>
   </trkpt>
   <trkpt lat="22.5545800" lon="88.3500790">
    <ele>9.4</ele>
    <time>2025-10-28T16:05:11Z</time>
   </trkpt>
   <trkpt lat="22.5545860" lon="88.3500750">
    <ele>9.4</ele>
    <time>2025-10-28T16:05:12Z</time>
   </trkpt>
   <trkpt lat="22.5546000" lon="88.3500690">
    <ele>9.4</ele>
    <time>2025-10-28T16:05:13Z</time>
   </trkpt>
   <trkpt lat="22.5546260" lon="88.3500930">
    <ele>9.4</ele>
    <time>2025-10-28T16:05:14Z</time>
   </trkpt>
   <trkpt lat="22.5546380" lon="88.3500930">
    <ele>9.4</ele>
    <time>2025-10-28T16:05:15Z</time>
   </trkpt>
   <trkpt lat="22.5546450" lon="88.3501090">
    <ele>9.4</ele>
    <time>2025-10-28T16:05:16Z</time>
   </trkpt>
   <trkpt lat="22.5546490" lon="88.3501120">
    <ele>9.4</ele>
    <time>2025-10-28T16:05:17Z</time>
   </trkpt>
   <trkpt lat="22.5546540" lon="88.3501160">
    <ele>9.4</ele>
    <time>2025-10-28T16:05:18Z</time>
   </trkpt>
   <trkpt lat="22.5546590" lon="88.3501190">
    <ele>9.4</ele>
    <time>2025-10-28T16:05:19Z</time>
   </trkpt>
   <trkpt lat="22.5546640" lon="88.3501230">
    <ele>9.4</ele>
    <time>2025-10-28T16:05:20Z</time>
   </trkpt>
   <trkpt lat="22.5546680" lon="88.3501260">
    <ele>9.4</ele>
    <time>2025-10-28T16:05:21Z</time>
   </trkpt>
   <trkpt lat="22.5546730" lon="88.3501300">
    <ele>9.4</ele>
    <time>2025-10-28T16:05:22Z</time>
   </trkpt>
   <trkpt lat="22.5546910" lon="88.3501290">
    <ele>9.4</ele>
    <time>2025-10-28T16:05:23Z</time>
   </trkpt>
   <trkpt lat="22.5547020" lon="88.3501300">
    <ele>9.4</ele>
    <time>2025-10-28T16:05:24Z</time>
   </trkpt>
   <trkpt lat="22.5547200" lon="88.3501280">
    <ele>9.4</ele>
    <time>2025-10-28T16:05:25Z</time>
   </trkpt>
   <trkpt lat="22.5547340" lon="88.3501350">
    <ele>9.4</ele>
    <time>2025-10-28T16:05:26Z</time>
   </trkpt>
   <trkpt lat="22.5547550" lon="88.3501460">
    <ele>9.4</ele>
    <time>2025-10-28T16:05:27Z</time>
   </trkpt>
   <trkpt lat="22.5547650" lon="88.3501510">
    <ele>9.4</ele>
    <time>2025-10-28T16:05:28Z</time>
   </trkpt>
   <trkpt lat="22.5547810" lon="88.3501550">
    <ele>9.4</ele>
    <time>2025-10-28T16:05:29Z</time>
   </trkpt>
   <trkpt lat="22.5547840" lon="88.3501740">
    <ele>9.4</ele>
    <time>2025-10-28T16:05:30Z</time>
   </trkpt>
   <trkpt lat="22.5547950" lon="88.3501820">
    <ele>9.4</ele>
    <time>2025-10-28T16:05:31Z</time>
   </trkpt>
   <trkpt lat="22.5548070" lon="88.3501810">
    <ele>9.4</ele>
    <time>2025-10-28T16:05:32Z</time>
   </trkpt>
   <trkpt lat="22.5548200" lon="88.3501790">
    <ele>9.4</ele>
    <time>2025-10-28T16:05:33Z</time>
   </trkpt>
   <trkpt lat="22.5548320" lon="88.3501780">
    <ele>9.4</ele>
    <time>2025-10-28T16:05:34Z</time>
   </trkpt>
   <trkpt lat="22.5548890" lon="88.3501910">
    <ele>9.5</ele>
    <time>2025-10-28T16:05:35Z</time>
   </trkpt>
   <trkpt lat="22.5548990" lon="88.3502030">
    <ele>9.5</ele>
    <time>2025-10-28T16:05:36Z</time>
   </trkpt>
   <trkpt lat="22.5549190" lon="88.3502040">
    <ele>9.5</ele>
    <time>2025-10-28T16:05:37Z</time>
   </trkpt>
   <trkpt lat="22.5549370" lon="88.3502120">
    <ele>9.5</ele>
    <time>2025-10-28T16:05:38Z</time>
   </trkpt>
   <trkpt lat="22.5549520" lon="88.3502090">
    <ele>9.5</ele>
    <time>2025-10-28T16:05:39Z</time>
   </trkpt>
   <trkpt lat="22.5549600" lon="88.3502180">
    <ele>9.5</ele>
    <time>2025-10-28T16:05:40Z</time>
   </trkpt>
   <trkpt lat="22.5549670" lon="88.3502170">
    <ele>9.5</ele>
    <time>2025-10-28T16:05:41Z</time>
   </trkpt>
   <trkpt lat="22.5549650" lon="88.3502170">
    <ele>9.5</ele>
    <time>2025-10-28T16:05:42Z</time>
   </trkpt>
   <trkpt lat="22.5549690" lon="88.3502030">
    <ele>9.5</ele>
    <time>2025-10-28T16:05:43Z</time>
   </trkpt>
   <trkpt lat="22.5549860" lon="88.3502220">
    <ele>9.4</ele>
    <time>2025-10-28T16:05:44Z</time>
   </trkpt>
   <trkpt lat="22.5549940" lon="88.3502390">
    <ele>9.3</ele>
    <time>2025-10-28T16:05:45Z</time>
   </trkpt>
   <trkpt lat="22.5550050" lon="88.3502500">
    <ele>9.3</ele>
    <time>2025-10-28T16:05:46Z</time>
   </trkpt>
   <trkpt lat="22.5550220" lon="88.3502640">
    <ele>9.2</ele>
    <time>2025-10-28T16:05:47Z</time>
   </trkpt>
   <trkpt lat="22.5550280" lon="88.3502710">
    <ele>9.2</ele>
    <time>2025-10-28T16:05:48Z</time>
   </trkpt>
   <trkpt lat="22.5550350" lon="88.3502780">
    <ele>9.1</ele>
    <time>2025-10-28T16:05:49Z</time>
   </trkpt>
   <trkpt lat="22.5550380" lon="88.3502750">
    <ele>9.1</ele>
    <time>2025-10-28T16:05:50Z</time>
   </trkpt>
   <trkpt lat="22.5550530" lon="88.3502840">
    <ele>9.1</ele>
    <time>2025-10-28T16:05:51Z</time>
   </trkpt>
   <trkpt lat="22.5550680" lon="88.3502860">
    <ele>9.0</ele>
    <time>2025-10-28T16:05:52Z</time>
   </trkpt>
   <trkpt lat="22.5550790" lon="88.3502890">
    <ele>9.0</ele>
    <time>2025-10-28T16:05:53Z</time>
   </trkpt>
   <trkpt lat="22.5550800" lon="88.3502980">
    <ele>8.9</ele>
    <time>2025-10-28T16:05:54Z</time>
   </trkpt>
   <trkpt lat="22.5550850" lon="88.3503030">
    <ele>8.9</ele>
    <time>2025-10-28T16:05:55Z</time>
   </trkpt>
   <trkpt lat="22.5550970" lon="88.3503070">
    <ele>8.9</ele>
    <time>2025-10-28T16:05:56Z</time>
   </trkpt>
   <trkpt lat="22.5551050" lon="88.3503120">
    <ele>8.8</ele>
    <time>2025-10-28T16:05:57Z</time>
   </trkpt>
   <trkpt lat="22.5551080" lon="88.3503170">
    <ele>8.8</ele>
    <time>2025-10-28T16:05:58Z</time>
   </trkpt>
   <trkpt lat="22.5551120" lon="88.3503230">
    <ele>8.8</ele>
    <time>2025-10-28T16:05:59Z</time>
   </trkpt>
   <trkpt lat="22.5551160" lon="88.3503290">
    <ele>8.8</ele>
    <time>2025-10-28T16:06:00Z</time>
   </trkpt>
   <trkpt lat="22.5551190" lon="88.3503340">
    <ele>8.7</ele>
    <time>2025-10-28T16:06:01Z</time>
   </trkpt>
   <trkpt lat="22.5551230" lon="88.3503400">
    <ele>8.7</ele>
    <time>2025-10-28T16:06:02Z</time>
   </trkpt>
   <trkpt lat="22.5551320" lon="88.3503460">
    <ele>8.7</ele>
    <time>2025-10-28T16:06:03Z</time>
   </trkpt>
   <trkpt lat="22.5551450" lon="88.3503470">
    <ele>8.7</ele>
    <time>2025-10-28T16:06:04Z</time>
   </trkpt>
   <trkpt lat="22.5551540" lon="88.3503400">
    <ele>8.7</ele>
    <time>2025-10-28T16:06:05Z</time>
   </trkpt>
   <trkpt lat="22.5551680" lon="88.3503420">
    <ele>8.8</ele>
    <time>2025-10-28T16:06:06Z</time>
   </trkpt>
   <trkpt lat="22.5551750" lon="88.3503460">
    <ele>8.8</ele>
    <time>2025-10-28T16:06:07Z</time>
   </trkpt>
   <trkpt lat="22.5551800" lon="88.3503410">
    <ele>8.8</ele>
    <time>2025-10-28T16:06:08Z</time>
   </trkpt>
   <trkpt lat="22.5551810" lon="88.3503310">
    <ele>8.8</ele>
    <time>2025-10-28T16:06:09Z</time>
   </trkpt>
   <trkpt lat="22.5551900" lon="88.3503120">
    <ele>8.9</ele>
    <time>2025-10-28T16:06:10Z</time>
   </trkpt>
   <trkpt lat="22.5551910" lon="88.3503060">
    <ele>8.9</ele>
    <time>2025-10-28T16:06:11Z</time>
   </trkpt>
   <trkpt lat="22.5551920" lon="88.3503040">
    <ele>8.9</ele>
    <time>2025-10-28T16:06:12Z</time>
   </trkpt>
   <trkpt lat="22.5551980" lon="88.3503040">
    <ele>8.9</ele>
    <time>2025-10-28T16:06:13Z</time>
   </trkpt>
   <trkpt lat="22.5552000" lon="88.3503060">
    <ele>8.9</ele>
    <time>2025-10-28T16:06:14Z</time>
   </trkpt>
   <trkpt lat="22.5552010" lon="88.3503080">
    <ele>8.9</ele>
    <time>2025-10-28T16:06:15Z</time>
   </trkpt>
   <trkpt lat="22.5552020" lon="88.3503100">
    <ele>8.9</ele>
    <time>2025-10-28T16:06:16Z</time>
   </trkpt>
   <trkpt lat="22.5552040" lon="88.3503120">
    <ele>9.0</ele>
    <time>2025-10-28T16:06:17Z</time>
   </trkpt>
   <trkpt lat="22.5552050" lon="88.3503140">
    <ele>9.0</ele>
    <time>2025-10-28T16:06:19Z</time>
   </trkpt>
   <trkpt lat="22.5552060" lon="88.3503160">
    <ele>9.0</ele>
    <time>2025-10-28T16:06:20Z</time>
   </trkpt>
   <trkpt lat="22.5552080" lon="88.3503180">
    <ele>9.0</ele>
    <time>2025-10-28T16:06:21Z</time>
   </trkpt>
   <trkpt lat="22.5552090" lon="88.3503200">
    <ele>9.0</ele>
    <time>2025-10-28T16:06:22Z</time>
   </trkpt>
   <trkpt lat="22.5552100" lon="88.3503220">
    <ele>9.0</ele>
    <time>2025-10-28T16:06:23Z</time>
   </trkpt>
   <trkpt lat="22.5552120" lon="88.3503240">
    <ele>9.0</ele>
    <time>2025-10-28T16:06:24Z</time>
   </trkpt>
   <trkpt lat="22.5552130" lon="88.3503260">
    <ele>9.0</ele>
    <time>2025-10-28T16:06:25Z</time>
   </trkpt>
   <trkpt lat="22.5552140" lon="88.3503280">
    <ele>9.0</ele>
    <time>2025-10-28T16:06:26Z</time>
   </trkpt>
   <trkpt lat="22.5552160" lon="88.3503300">
    <ele>9.0</ele>
    <time>2025-10-28T16:06:27Z</time>
   </trkpt>
   <trkpt lat="22.5552170" lon="88.3503320">
    <ele>9.0</ele>
    <time>2025-10-28T16:06:28Z</time>
   </trkpt>
   <trkpt lat="22.5552460" lon="88.3503320">
    <ele>9.1</ele>
    <time>2025-10-28T16:06:29Z</time>
   </trkpt>
   <trkpt lat="22.5552530" lon="88.3503300">
    <ele>9.1</ele>
    <time>2025-10-28T16:06:30Z</time>
   </trkpt>
   <trkpt lat="22.5552590" lon="88.3503290">
    <ele>9.1</ele>
    <time>2025-10-28T16:06:31Z</time>
   </trkpt>
   <trkpt lat="22.5552800" lon="88.3503320">
    <ele>9.2</ele>
    <time>2025-10-28T16:06:32Z</time>
   </trkpt>
   <trkpt lat="22.5552890" lon="88.3503290">
    <ele>9.2</ele>
    <time>2025-10-28T16:06:33Z</time>
   </trkpt>
   <trkpt lat="22.5552970" lon="88.3503250">
    <ele>9.2</ele>
    <time>2025-10-28T16:06:34Z</time>
   </trkpt>
   <trkpt lat="22.5553060" lon="88.3503210">
    <ele>9.2</ele>
    <time>2025-10-28T16:06:35Z</time>
   </trkpt>
   <trkpt lat="22.5553290" lon="88.3503070">
    <ele>9.2</ele>
    <time>2025-10-28T16:06:36Z</time>
   </trkpt>
   <trkpt lat="22.5553350" lon="88.3503030">
    <ele>9.2</ele>
    <time>2025-10-28T16:06:37Z</time>
   </trkpt>
   <trkpt lat="22.5553420" lon="88.3502980">
    <ele>9.2</ele>
    <time>2025-10-28T16:06:38Z</time>
   </trkpt>
   <trkpt lat="22.5553760" lon="88.3502770">
    <ele>9.3</ele>
    <time>2025-10-28T16:06:39Z</time>
   </trkpt>
   <trkpt lat="22.5553890" lon="88.3502700">
    <ele>9.3</ele>
    <time>2025-10-28T16:06:40Z</time>
   </trkpt>
   <trkpt lat="22.5554000" lon="88.3502670">
    <ele>9.3</ele>
    <time>2025-10-28T16:06:41Z</time>
   </trkpt>
   <trkpt lat="22.5554100" lon="88.3502630">
    <ele>9.3</ele>
    <time>2025-10-28T16:06:42Z</time>
   </trkpt>
   <trkpt lat="22.5554160" lon="88.3502510">
    <ele>9.3</ele>
    <time>2025-10-28T16:06:43Z</time>
   </trkpt>
   <trkpt lat="22.5554390" lon="88.3502470">
    <ele>9.3</ele>
    <time>2025-10-28T16:06:44Z</time>
   </trkpt>
   <trkpt lat="22.5554510" lon="88.3502520">
    <ele>9.3</ele>
    <time>2025-10-28T16:06:45Z</time>
   </trkpt>
   <trkpt lat="22.5554620" lon="88.3502580">
    <ele>9.3</ele>
    <time>2025-10-28T16:06:46Z</time>
   </trkpt>
   <trkpt lat="22.5554860" lon="88.3502770">
    <ele>9.3</ele>
    <time>2025-10-28T16:06:47Z</time>
   </trkpt>
   <trkpt lat="22.5554960" lon="88.3502910">
    <ele>9.3</ele>
    <time>2025-10-28T16:06:48Z</time>
   </trkpt>
   <trkpt lat="22.5555120" lon="88.3503010">
    <ele>9.3</ele>
    <time>2025-10-28T16:06:49Z</time>
   </trkpt>
   <trkpt lat="22.5555240" lon="88.3502970">
    <ele>9.3</ele>
    <time>2025-10-28T16:06:50Z</time>
   </trkpt>
   <trkpt lat="22.5555360" lon="88.3502920">
    <ele>9.3</ele>
    <time>2025-10-28T16:06:51Z</time>
   </trkpt>
   <trkpt lat="22.5555540" lon="88.3502840">
    <ele>9.4</ele>
    <time>2025-10-28T16:06:52Z</time>
   </trkpt>
   <trkpt lat="22.5555630" lon="88.3502850">
    <ele>9.4</ele>
    <time>2025-10-28T16:06:53Z</time>
   </trkpt>
   <trkpt lat="22.5555770" lon="88.3502860">
    <ele>9.4</ele>
    <time>2025-10-28T16:06:54Z</time>
   </trkpt>
   <trkpt lat="22.5555880" lon="88.3502850">
    <ele>9.4</ele>
    <time>2025-10-28T16:06:55Z</time>
   </trkpt>
   <trkpt lat="22.5555940" lon="88.3502850">
    <ele>9.4</ele>
    <time>2025-10-28T16:06:56Z</time>
   </trkpt>
   <trkpt lat="22.5556070" lon="88.3502810">
    <ele>9.4</ele>
    <time>2025-10-28T16:06:57Z</time>
   </trkpt>
   <trkpt lat="22.5556120" lon="88.3502790">
    <ele>9.4</ele>
    <time>2025-10-28T16:06:58Z</time>
   </trkpt>
   <trkpt lat="22.5556220" lon="88.3502790">
    <ele>9.4</ele>
    <time>2025-10-28T16:06:59Z</time>
   </trkpt>
   <trkpt lat="22.5556310" lon="88.3502840">
    <ele>9.4</ele>
    <time>2025-10-28T16:07:00Z</time>
   </trkpt>
   <trkpt lat="22.5556350" lon="88.3502850">
    <ele>9.4</ele>
    <time>2025-10-28T16:07:01Z</time>
   </trkpt>
   <trkpt lat="22.5556410" lon="88.3502820">
    <ele>9.4</ele>
    <time>2025-10-28T16:07:02Z</time>
   </trkpt>
   <trkpt lat="22.5556490" lon="88.3502800">
    <ele>9.4</ele>
    <time>2025-10-28T16:07:03Z</time>
   </trkpt>
   <trkpt lat="22.5556780" lon="88.3502900">
    <ele>9.4</ele>
    <time>2025-10-28T16:07:04Z</time>
   </trkpt>
   <trkpt lat="22.5556860" lon="88.3502890">
    <ele>9.4</ele>
    <time>2025-10-28T16:07:05Z</time>
   </trkpt>
   <trkpt lat="22.5556570" lon="88.3502710">
    <ele>9.5</ele>
    <time>2025-10-28T16:07:06Z</time>
   </trkpt>
   <trkpt lat="22.5556730" lon="88.3502620">
    <ele>9.5</ele>
    <time>2025-10-28T16:07:07Z</time>
   </trkpt>
   <trkpt lat="22.5556830" lon="88.3502570">
    <ele>9.5</ele>
    <time>2025-10-28T16:07:08Z</time>
   </trkpt>
   <trkpt lat="22.5556920" lon="88.3502520">
    <ele>9.5</ele>
    <time>2025-10-28T16:07:09Z</time>
   </trkpt>
   <trkpt lat="22.5557130" lon="88.3502710">
    <ele>9.5</ele>
    <time>2025-10-28T16:07:10Z</time>
   </trkpt>
   <trkpt lat="22.5557400" lon="88.3502710">
    <ele>9.5</ele>
    <time>2025-10-28T16:07:11Z</time>
   </trkpt>
   <trkpt lat="22.5557490" lon="88.3502680">
    <ele>9.6</ele>
    <time>2025-10-28T16:07:12Z</time>
   </trkpt>
   <trkpt lat="22.5557680" lon="88.3502780">
    <ele>9.6</ele>
    <time>2025-10-28T16:07:13Z</time>
   </trkpt>
   <trkpt lat="22.5557760" lon="88.3502730">
    <ele>9.6</ele>
    <time>2025-10-28T16:07:14Z</time>
   </trkpt>
   <trkpt lat="22.5557910" lon="88.3502750">
    <ele>9.6</ele>
    <time>2025-10-28T16:07:15Z</time>
   </trkpt>
   <trkpt lat="22.5558020" lon="88.3502770">
    <ele>9.6</ele>
    <time>2025-10-28T16:07:16Z</time>
   </trkpt>
   <trkpt lat="22.5558070" lon="88.3502710">
    <ele>9.6</ele>
    <time>2025-10-28T16:07:17Z</time>
   </trkpt>
   <trkpt lat="22.5558170" lon="88.3502770">
    <ele>9.6</ele>
    <time>2025-10-28T16:07:18Z</time>
   </trkpt>
   <trkpt lat="22.5558220" lon="88.3502740">
    <ele>9.6</ele>
    <time>2025-10-28T16:07:19Z</time>
   </trkpt>
   <trkpt lat="22.5558290" lon="88.3502740">
    <ele>9.6</ele>
    <time>2025-10-28T16:07:20Z</time>
   </trkpt>
   <trkpt lat="22.5558380" lon="88.3502820">
    <ele>9.6</ele>
    <time>2025-10-28T16:07:21Z</time>
   </trkpt>
   <trkpt lat="22.5558570" lon="88.3503000">
    <ele>9.6</ele>
    <time>2025-10-28T16:07:22Z</time>
   </trkpt>
   <trkpt lat="22.5558690" lon="88.3503200">
    <ele>9.7</ele>
    <time>2025-10-28T16:07:23Z</time>
   </trkpt>
   <trkpt lat="22.5558950" lon="88.3503320">
    <ele>9.7</ele>
    <time>2025-10-28T16:07:24Z</time>
   </trkpt>
   <trkpt lat="22.5559060" lon="88.3503380">
    <ele>9.7</ele>
    <time>2025-10-28T16:07:25Z</time>
   </trkpt>
   <trkpt lat="22.5559200" lon="88.3503380">
    <ele>9.7</ele>
    <time>2025-10-28T16:07:26Z</time>
   </trkpt>
   <trkpt lat="22.5559260" lon="88.3503520">
    <ele>9.7</ele>
    <time>2025-10-28T16:07:27Z</time>
   </trkpt>
   <trkpt lat="22.5559210" lon="88.3503670">
    <ele>9.7</ele>
    <time>2025-10-28T16:07:28Z</time>
   </trkpt>
   <trkpt lat="22.5559320" lon="88.3503700">
    <ele>9.7</ele>
    <time>2025-10-28T16:07:29Z</time>
   </trkpt>
   <trkpt lat="22.5559540" lon="88.3503740">
    <ele>9.8</ele>
    <time>2025-10-28T16:07:30Z</time>
   </trkpt>
   <trkpt lat="22.5559800" lon="88.3503840">
    <ele>9.8</ele>
    <time>2025-10-28T16:07:31Z</time>
   </trkpt>
   <trkpt lat="22.5559990" lon="88.3503880">
    <ele>9.8</ele>
    <time>2025-10-28T16:07:32Z</time>
   </trkpt>
   <trkpt lat="22.5560150" lon="88.3503940">
    <ele>9.8</ele>
    <time>2025-10-28T16:07:33Z</time>
   </trkpt>
   <trkpt lat="22.5560460" lon="88.3504040">
    <ele>9.8</ele>
    <time>2025-10-28T16:07:34Z</time>
   </trkpt>
   <trkpt lat="22.5560540" lon="88.3504120">
    <ele>9.8</ele>
    <time>2025-10-28T16:07:35Z</time>
   </trkpt>
   <trkpt lat="22.5560630" lon="88.3504180">
    <ele>9.8</ele>
    <time>2025-10-28T16:07:36Z</time>
   </trkpt>
   <trkpt lat="22.5560870" lon="88.3504060">
    <ele>9.8</ele>
    <time>2025-10-28T16:07:37Z</time>
   </trkpt>
   <trkpt lat="22.5560990" lon="88.3503800">
    <ele>9.8</ele>
    <time>2025-10-28T16:07:38Z</time>
   </trkpt>
   <trkpt lat="22.5560960" lon="88.3503670">
    <ele>9.8</ele>
    <time>2025-10-28T16:07:39Z</time>
   </trkpt>
   <trkpt lat="22.5561100" lon="88.3503630">
    <ele>9.8</ele>
    <time>2025-10-28T16:07:40Z</time>
   </trkpt>
   <trkpt lat="22.5561270" lon="88.3503520">
    <ele>9.8</ele>
    <time>2025-10-28T16:07:41Z</time>
   </trkpt>
   <trkpt lat="22.5561300" lon="88.3503630">
    <ele>9.8</ele>
    <time>2025-10-28T16:07:42Z</time>
   </trkpt>
   <trkpt lat="22.5561390" lon="88.3503700">
    <ele>9.8</ele>
    <time>2025-10-28T16:07:43Z</time>
   </trkpt>
   <trkpt lat="22.5561490" lon="88.3503740">
    <ele>9.8</ele>
    <time>2025-10-28T16:07:44Z</time>
   </trkpt>
   <trkpt lat="22.5561630" lon="88.3503860">
    <ele>9.8</ele>
    <time>2025-10-28T16:07:45Z</time>
   </trkpt>
   <trkpt lat="22.5561710" lon="88.3503940">
    <ele>9.8</ele>
    <time>2025-10-28T16:07:46Z</time>
   </trkpt>
   <trkpt lat="22.5561860" lon="88.3504040">
    <ele>9.8</ele>
    <time>2025-10-28T16:07:47Z</time>
   </trkpt>
   <trkpt lat="22.5561960" lon="88.3504120">
    <ele>9.8</ele>
    <time>2025-10-28T16:07:48Z</time>
   </trkpt>
   <trkpt lat="22.5562210" lon="88.3504290">
    <ele>9.8</ele>
    <time>2025-10-28T16:07:49Z</time>
   </trkpt>
   <trkpt lat="22.5562320" lon="88.3504320">
    <ele>9.8</ele>
    <time>2025-10-28T16:07:50Z</time>
   </trkpt>
   <trkpt lat="22.5562430" lon="88.3504210">
    <ele>9.8</ele>
    <time>2025-10-28T16:07:51Z</time>
   </trkpt>
   <trkpt lat="22.5562600" lon="88.3504180">
    <ele>9.7</ele>
    <time>2025-10-28T16:07:52Z</time>
   </trkpt>
   <trkpt lat="22.5562840" lon="88.3504290">
    <ele>9.7</ele>
    <time>2025-10-28T16:07:53Z</time>
   </trkpt>
   <trkpt lat="22.5562960" lon="88.3504250">
    <ele>9.7</ele>
    <time>2025-10-28T16:07:54Z</time>
   </trkpt>
   <trkpt lat="22.5563080" lon="88.3504290">
    <ele>9.7</ele>
    <time>2025-10-28T16:07:55Z</time>
   </trkpt>
   <trkpt lat="22.5563250" lon="88.3504330">
    <ele>9.7</ele>
    <time>2025-10-28T16:07:56Z</time>
   </trkpt>
   <trkpt lat="22.5563420" lon="88.3504340">
    <ele>9.7</ele>
    <time>2025-10-28T16:07:57Z</time>
   </trkpt>
   <trkpt lat="22.5563440" lon="88.3504230">
    <ele>9.7</ele>
    <time>2025-10-28T16:07:58Z</time>
   </trkpt>
   <trkpt lat="22.5563430" lon="88.3504320">
    <ele>9.7</ele>
    <time>2025-10-28T16:07:59Z</time>
   </trkpt>
   <trkpt lat="22.5563560" lon="88.3504340">
    <ele>9.7</ele>
    <time>2025-10-28T16:08:00Z</time>
   </trkpt>
   <trkpt lat="22.5563720" lon="88.3504410">
    <ele>9.7</ele>
    <time>2025-10-28T16:08:01Z</time>
   </trkpt>
   <trkpt lat="22.5563800" lon="88.3504410">
    <ele>9.7</ele>
    <time>2025-10-28T16:08:02Z</time>
   </trkpt>
   <trkpt lat="22.5563890" lon="88.3504400">
    <ele>9.7</ele>
    <time>2025-10-28T16:08:03Z</time>
   </trkpt>
   <trkpt lat="22.5563970" lon="88.3504390">
    <ele>9.7</ele>
    <time>2025-10-28T16:08:04Z</time>
   </trkpt>
   <trkpt lat="22.5564030" lon="88.3504400">
    <ele>9.7</ele>
    <time>2025-10-28T16:08:05Z</time>
   </trkpt>
   <trkpt lat="22.5564020" lon="88.3504420">
    <ele>9.7</ele>
    <time>2025-10-28T16:08:06Z</time>
   </trkpt>
   <trkpt lat="22.5564210" lon="88.3504500">
    <ele>9.7</ele>
    <time>2025-10-28T16:08:07Z</time>
   </trkpt>
   <trkpt lat="22.5563940" lon="88.3504530">
    <ele>9.7</ele>
    <time>2025-10-28T16:08:08Z</time>
   </trkpt>
   <trkpt lat="22.5563910" lon="88.3504580">
    <ele>9.7</ele>
    <time>2025-10-28T16:08:09Z</time>
   </trkpt>
   <trkpt lat="22.5564200" lon="88.3504500">
    <ele>9.7</ele>
    <time>2025-10-28T16:08:10Z</time>
   </trkpt>
   <trkpt lat="22.5564300" lon="88.3504490">
    <ele>9.7</ele>
    <time>2025-10-28T16:08:11Z</time>
   </trkpt>
   <trkpt lat="22.5565120" lon="88.3504400">
    <ele>9.7</ele>
    <time>2025-10-28T16:08:12Z</time>
   </trkpt>
   <trkpt lat="22.5565390" lon="88.3504360">
    <ele>9.7</ele>
    <time>2025-10-28T16:08:13Z</time>
   </trkpt>
   <trkpt lat="22.5565660" lon="88.3504480">
    <ele>9.7</ele>
    <time>2025-10-28T16:08:14Z</time>
   </trkpt>
   <trkpt lat="22.5565780" lon="88.3504510">
    <ele>9.7</ele>
    <time>2025-10-28T16:08:15Z</time>
   </trkpt>
   <trkpt lat="22.5566070" lon="88.3504540">
    <ele>9.7</ele>
    <time>2025-10-28T16:08:16Z</time>
   </trkpt>
   <trkpt lat="22.5566160" lon="88.3504550">
    <ele>9.7</ele>
    <time>2025-10-28T16:08:17Z</time>
   </trkpt>
   <trkpt lat="22.5566200" lon="88.3504480">
    <ele>9.7</ele>
    <time>2025-10-28T16:08:18Z</time>
   </trkpt>
   <trkpt lat="22.5566340" lon="88.3504490">
    <ele>9.7</ele>
    <time>2025-10-28T16:08:19Z</time>
   </trkpt>
   <trkpt lat="22.5566460" lon="88.3504580">
    <ele>9.7</ele>
    <time>2025-10-28T16:08:20Z</time>
   </trkpt>
   <trkpt lat="22.5566620" lon="88.3504620">
    <ele>9.7</ele>
    <time>2025-10-28T16:08:21Z</time>
   </trkpt>
   <trkpt lat="22.5566720" lon="88.3504640">
    <ele>9.7</ele>
    <time>2025-10-28T16:08:22Z</time>
   </trkpt>
   <trkpt lat="22.5566830" lon="88.3504660">
    <ele>9.7</ele>
    <time>2025-10-28T16:08:23Z</time>
   </trkpt>
   <trkpt lat="22.5566930" lon="88.3504670">
    <ele>9.7</ele>
    <time>2025-10-28T16:08:25Z</time>
   </trkpt>
   <trkpt lat="22.5567040" lon="88.3504690">
    <ele>9.7</ele>
    <time>2025-10-28T16:08:26Z</time>
   </trkpt>
   <trkpt lat="22.5567140" lon="88.3504710">
    <ele>9.7</ele>
    <time>2025-10-28T16:08:27Z</time>
   </trkpt>
   <trkpt lat="22.5567250" lon="88.3504730">
    <ele>9.7</ele>
    <time>2025-10-28T16:08:28Z</time>
   </trkpt>
   <trkpt lat="22.5567220" lon="88.3504780">
    <ele>9.7</ele>
    <time>2025-10-28T16:08:29Z</time>
   </trkpt>
   <trkpt lat="22.5567350" lon="88.3504690">
    <ele>9.7</ele>
    <time>2025-10-28T16:08:30Z</time>
   </trkpt>
   <trkpt lat="22.5567340" lon="88.3504550">
    <ele>9.7</ele>
    <time>2025-10-28T16:08:31Z</time>
   </trkpt>
   <trkpt lat="22.5567500" lon="88.3504450">
    <ele>9.7</ele>
    <time>2025-10-28T16:08:32Z</time>
   </trkpt>
   <trkpt lat="22.5567800" lon="88.3504420">
    <ele>9.7</ele>
    <time>2025-10-28T16:08:33Z</time>
   </trkpt>
   <trkpt lat="22.5567920" lon="88.3504430">
    <ele>9.7</ele>
    <time>2025-10-28T16:08:34Z</time>
   </trkpt>
   <trkpt lat="22.5568280" lon="88.3504480">
    <ele>9.7</ele>
    <time>2025-10-28T16:08:35Z</time>
   </trkpt>
   <trkpt lat="22.5568370" lon="88.3504460">
    <ele>9.7</ele>
    <time>2025-10-28T16:08:36Z</time>
   </trkpt>
   <trkpt lat="22.5568520" lon="88.3504420">
    <ele>9.7</ele>
    <time>2025-10-28T16:08:37Z</time>
   </trkpt>
   <trkpt lat="22.5568640" lon="88.3504390">
    <ele>9.6</ele>
    <time>2025-10-28T16:08:38Z</time>
   </trkpt>
   <trkpt lat="22.5568750" lon="88.3504370">
    <ele>9.6</ele>
    <time>2025-10-28T16:08:39Z</time>
   </trkpt>
   <trkpt lat="22.5568860" lon="88.3504340">
    <ele>9.6</ele>
    <time>2025-10-28T16:08:40Z</time>
   </trkpt>
   <trkpt lat="22.5569070" lon="88.3504380">
    <ele>9.6</ele>
    <time>2025-10-28T16:08:41Z</time>
   </trkpt>
   <trkpt lat="22.5569160" lon="88.3504420">
    <ele>9.6</ele>
    <time>2025-10-28T16:08:42Z</time>
   </trkpt>
   <trkpt lat="22.5569220" lon="88.3504450">
    <ele>9.6</ele>
    <time>2025-10-28T16:08:43Z</time>
   </trkpt>
   <trkpt lat="22.5569320" lon="88.3504390">
    <ele>9.6</ele>
    <time>2025-10-28T16:08:44Z</time>
   </trkpt>
   <trkpt lat="22.5569520" lon="88.3504390">
    <ele>9.6</ele>
    <time>2025-10-28T16:08:45Z</time>
   </trkpt>
   <trkpt lat="22.5569750" lon="88.3504430">
    <ele>9.6</ele>
    <time>2025-10-28T16:08:46Z</time>
   </trkpt>
   <trkpt lat="22.5569840" lon="88.3504460">
    <ele>9.6</ele>
    <time>2025-10-28T16:08:47Z</time>
   </trkpt>
   <trkpt lat="22.5569940" lon="88.3504500">
    <ele>9.6</ele>
    <time>2025-10-28T16:08:48Z</time>
   </trkpt>
   <trkpt lat="22.5570050" lon="88.3504550">
    <ele>9.6</ele>
    <time>2025-10-28T16:08:49Z</time>
   </trkpt>
   <trkpt lat="22.5570110" lon="88.3504480">
    <ele>9.6</ele>
    <time>2025-10-28T16:08:50Z</time>
   </trkpt>
   <trkpt lat="22.5570230" lon="88.3504550">
    <ele>9.6</ele>
    <time>2025-10-28T16:08:51Z</time>
   </trkpt>
   <trkpt lat="22.5570420" lon="88.3504570">
    <ele>9.6</ele>
    <time>2025-10-28T16:08:52Z</time>
   </trkpt>
   <trkpt lat="22.5570380" lon="88.3504550">
    <ele>9.6</ele>
    <time>2025-10-28T16:08:53Z</time>
   </trkpt>
   <trkpt lat="22.5570550" lon="88.3504560">
    <ele>9.6</ele>
    <time>2025-10-28T16:08:54Z</time>
   </trkpt>
   <trkpt lat="22.5570890" lon="88.3504540">
    <ele>9.6</ele>
    <time>2025-10-28T16:08:55Z</time>
   </trkpt>
   <trkpt lat="22.5570960" lon="88.3504570">
    <ele>9.6</ele>
    <time>2025-10-28T16:08:56Z</time>
   </trkpt>
   <trkpt lat="22.5571220" lon="88.3504530">
    <ele>9.6</ele>
    <time>2025-10-28T16:08:57Z</time>
   </trkpt>
   <trkpt lat="22.5571330" lon="88.3504510">
    <ele>9.6</ele>
    <time>2025-10-28T16:08:58Z</time>
   </trkpt>
   <trkpt lat="22.5571550" lon="88.3504430">
    <ele>9.6</ele>
    <time>2025-10-28T16:08:59Z</time>
   </trkpt>
   <trkpt lat="22.5571610" lon="88.3504430">
    <ele>9.6</ele>
    <time>2025-10-28T16:09:00Z</time>
   </trkpt>
   <trkpt lat="22.5571680" lon="88.3504430">
    <ele>9.6</ele>
    <time>2025-10-28T16:09:01Z</time>
   </trkpt>
   <trkpt lat="22.5571810" lon="88.3504430">
    <ele>9.6</ele>
    <time>2025-10-28T16:09:02Z</time>
   </trkpt>
   <trkpt lat="22.5571970" lon="88.3504480">
    <ele>9.6</ele>
    <time>2025-10-28T16:09:03Z</time>
   </trkpt>
   <trkpt lat="22.5572070" lon="88.3504510">
    <ele>9.6</ele>
    <time>2025-10-28T16:09:04Z</time>
   </trkpt>
   <trkpt lat="22.5572150" lon="88.3504580">
    <ele>9.6</ele>
    <time>2025-10-28T16:09:05Z</time>
   </trkpt>
   <trkpt lat="22.5572270" lon="88.3504620">
    <ele>9.6</ele>
    <time>2025-10-28T16:09:06Z</time>
   </trkpt>
   <trkpt lat="22.5572300" lon="88.3504630">
    <ele>9.6</ele>
    <time>2025-10-28T16:09:07Z</time>
   </trkpt>
   <trkpt lat="22.5572450" lon="88.3504760">
    <ele>9.6</ele>
    <time>2025-10-28T16:09:08Z</time>
   </trkpt>
   <trkpt lat="22.5572580" lon="88.3504810">
    <ele>9.6</ele>
    <time>2025-10-28T16:09:09Z</time>
   </trkpt>
   <trkpt lat="22.5572660" lon="88.3504800">
    <ele>9.6</ele>
    <time>2025-10-28T16:09:10Z</time>
   </trkpt>
   <trkpt lat="22.5572890" lon="88.3504860">
    <ele>9.6</ele>
    <time>2025-10-28T16:09:11Z</time>
   </trkpt>
   <trkpt lat="22.5573200" lon="88.3504910">
    <ele>9.6</ele>
    <time>2025-10-28T16:09:12Z</time>
   </trkpt>
   <trkpt lat="22.5573280" lon="88.3504930">
    <ele>9.6</ele>
    <time>2025-10-28T16:09:13Z</time>
   </trkpt>
   <trkpt lat="22.5573440" lon="88.3504970">
    <ele>9.6</ele>
    <time>2025-10-28T16:09:14Z</time>
   </trkpt>
   <trkpt lat="22.5573600" lon="88.3504960">
    <ele>9.6</ele>
    <time>2025-10-28T16:09:15Z</time>
   </trkpt>
   <trkpt lat="22.5573740" lon="88.3504950">
    <ele>9.6</ele>
    <time>2025-10-28T16:09:16Z</time>
   </trkpt>
   <trkpt lat="22.5573890" lon="88.3504990">
    <ele>9.6</ele>
    <time>2025-10-28T16:09:17Z</time>
   </trkpt>
   <trkpt lat="22.5574080" lon="88.3504970">
    <ele>9.6</ele>
    <time>2025-10-28T16:09:18Z</time>
   </trkpt>
   <trkpt lat="22.5574180" lon="88.3504970">
    <ele>9.6</ele>
    <time>2025-10-28T16:09:19Z</time>
   </trkpt>
   <trkpt lat="22.5574270" lon="88.3504970">
    <ele>9.6</ele>
    <time>2025-10-28T16:09:20Z</time>
   </trkpt>
   <trkpt lat="22.5574480" lon="88.3504990">
    <ele>9.6</ele>
    <time>2025-10-28T16:09:21Z</time>
   </trkpt>
   <trkpt lat="22.5574570" lon="88.3505000">
    <ele>9.6</ele>
    <time>2025-10-28T16:09:22Z</time>
   </trkpt>
   <trkpt lat="22.5574650" lon="88.3505000">
    <ele>9.6</ele>
    <time>2025-10-28T16:09:23Z</time>
   </trkpt>
   <trkpt lat="22.5574850" lon="88.3504980">
    <ele>9.6</ele>
    <time>2025-10-28T16:09:24Z</time>
   </trkpt>
   <trkpt lat="22.5574960" lon="88.3504990">
    <ele>9.6</ele>
    <time>2025-10-28T16:09:25Z</time>
   </trkpt>
   <trkpt lat="22.5575060" lon="88.3505010">
    <ele>9.6</ele>
    <time>2025-10-28T16:09:26Z</time>
   </trkpt>
   <trkpt lat="22.5575420" lon="88.3504890">
    <ele>9.6</ele>
    <time>2025-10-28T16:09:27Z</time>
   </trkpt>
   <trkpt lat="22.5575590" lon="88.3504780">
    <ele>9.6</ele>
    <time>2025-10-28T16:09:28Z</time>
   </trkpt>
   <trkpt lat="22.5575620" lon="88.3504740">
    <ele>9.6</ele>
    <time>2025-10-28T16:09:29Z</time>
   </trkpt>
   <trkpt lat="22.5575740" lon="88.3504660">
    <ele>9.6</ele>
    <time>2025-10-28T16:09:30Z</time>
   </trkpt>
   <trkpt lat="22.5575820" lon="88.3504470">
    <ele>9.6</ele>
    <time>2025-10-28T16:09:31Z</time>
   </trkpt>
   <trkpt lat="22.5576110" lon="88.3504480">
    <ele>9.6</ele>
    <time>2025-10-28T16:09:32Z</time>
   </trkpt>
   <trkpt lat="22.5576220" lon="88.3504510">
    <ele>9.6</ele>
    <time>2025-10-28T16:09:33Z</time>
   </trkpt>
   <trkpt lat="22.5576520" lon="88.3504650">
    <ele>9.6</ele>
    <time>2025-10-28T16:09:34Z</time>
   </trkpt>
   <trkpt lat="22.5576780" lon="88.3504770">
    <ele>9.6</ele>
    <time>2025-10-28T16:09:35Z</time>
   </trkpt>
   <trkpt lat="22.5577060" lon="88.3504790">
    <ele>9.6</ele>
    <time>2025-10-28T16:09:36Z</time>
   </trkpt>
   <trkpt lat="22.5577240" lon="88.3504860">
    <ele>9.6</ele>
    <time>2025-10-28T16:09:37Z</time>
   </trkpt>
   <trkpt lat="22.5577360" lon="88.3504900">
    <ele>9.6</ele>
    <time>2025-10-28T16:09:38Z</time>
   </trkpt>
   <trkpt lat="22.5577490" lon="88.3504950">
    <ele>9.6</ele>
    <time>2025-10-28T16:09:39Z</time>
   </trkpt>
   <trkpt lat="22.5577650" lon="88.3504940">
    <ele>9.6</ele>
    <time>2025-10-28T16:09:40Z</time>
   </trkpt>
   <trkpt lat="22.5577850" lon="88.3504940">
    <ele>9.6</ele>
    <time>2025-10-28T16:09:41Z</time>
   </trkpt>
   <trkpt lat="22.5578160" lon="88.3504940">
    <ele>9.6</ele>
    <time>2025-10-28T16:09:42Z</time>
   </trkpt>
   <trkpt lat="22.5578280" lon="88.3504950">
    <ele>9.6</ele>
    <time>2025-10-28T16:09:43Z</time>
   </trkpt>
   <trkpt lat="22.5578710" lon="88.3504940">
    <ele>9.5</ele>
    <time>2025-10-28T16:09:44Z</time>
   </trkpt>
   <trkpt lat="22.5578860" lon="88.3504920">
    <ele>9.5</ele>
    <time>2025-10-28T16:09:45Z</time>
   </trkpt>
   <trkpt lat="22.5578960" lon="88.3504990">
    <ele>9.5</ele>
    <time>2025-10-28T16:09:46Z</time>
   </trkpt>
   <trkpt lat="22.5579090" lon="88.3505000">
    <ele>9.5</ele>
    <time>2025-10-28T16:09:47Z</time>
   </trkpt>
   <trkpt lat="22.5579220" lon="88.3505010">
    <ele>9.5</ele>
    <time>2025-10-28T16:09:48Z</time>
   </trkpt>
   <trkpt lat="22.5579380" lon="88.3505000">
    <ele>9.5</ele>
    <time>2025-10-28T16:09:49Z</time>
   </trkpt>
   <trkpt lat="22.5579490" lon="88.3505020">
    <ele>9.5</ele>
    <time>2025-10-28T16:09:50Z</time>
   </trkpt>
   <trkpt lat="22.5579590" lon="88.3505030">
    <ele>9.5</ele>
    <time>2025-10-28T16:09:51Z</time>
   </trkpt>
   <trkpt lat="22.5579810" lon="88.3505010">
    <ele>9.5</ele>
    <time>2025-10-28T16:09:52Z</time>
   </trkpt>
   <trkpt lat="22.5579890" lon="88.3504970">
    <ele>9.5</ele>
    <time>2025-10-28T16:09:53Z</time>
   </trkpt>
   <trkpt lat="22.5579970" lon="88.3504940">
    <ele>9.5</ele>
    <time>2025-10-28T16:09:54Z</time>
   </trkpt>
   <trkpt lat="22.5580060" lon="88.3504910">
    <ele>9.5</ele>
    <time>2025-10-28T16:09:55Z</time>
   </trkpt>
   <trkpt lat="22.5580130" lon="88.3504870">
    <ele>9.5</ele>
    <time>2025-10-28T16:09:56Z</time>
   </trkpt>
   <trkpt lat="22.5580240" lon="88.3504860">
    <ele>9.5</ele>
    <time>2025-10-28T16:09:57Z</time>
   </trkpt>
   <trkpt lat="22.5580470" lon="88.3504830">
    <ele>9.5</ele>
    <time>2025-10-28T16:09:58Z</time>
   </trkpt>
   <trkpt lat="22.5580570" lon="88.3504810">
    <ele>9.5</ele>
    <time>2025-10-28T16:09:59Z</time>
   </trkpt>
   <trkpt lat="22.5580670" lon="88.3504790">
    <ele>9.5</ele>
    <time>2025-10-28T16:10:00Z</time>
   </trkpt>
   <trkpt lat="22.5580870" lon="88.3504780">
    <ele>9.5</ele>
    <time>2025-10-28T16:10:01Z</time>
   </trkpt>
   <trkpt lat="22.5580900" lon="88.3504610">
    <ele>9.5</ele>
    <time>2025-10-28T16:10:02Z</time>
   </trkpt>
   <trkpt lat="22.5581030" lon="88.3504500">
    <ele>9.5</ele>
    <time>2025-10-28T16:10:03Z</time>
   </trkpt>
   <trkpt lat="22.5581080" lon="88.3504330">
    <ele>9.5</ele>
    <time>2025-10-28T16:10:04Z</time>
   </trkpt>
   <trkpt lat="22.5580960" lon="88.3504500">
    <ele>9.5</ele>
    <time>2025-10-28T16:10:05Z</time>
   </trkpt>
   <trkpt lat="22.5580980" lon="88.3504540">
    <ele>9.5</ele>
    <time>2025-10-28T16:10:06Z</time>
   </trkpt>
   <trkpt lat="22.5581250" lon="88.3504670">
    <ele>9.5</ele>
    <time>2025-10-28T16:10:07Z</time>
   </trkpt>
   <trkpt lat="22.5581480" lon="88.3504820">
    <ele>9.5</ele>
    <time>2025-10-28T16:10:08Z</time>
   </trkpt>
   <trkpt lat="22.5581560" lon="88.3504870">
    <ele>9.4</ele>
    <time>2025-10-28T16:10:09Z</time>
   </trkpt>
   <trkpt lat="22.5581630" lon="88.3504920">
    <ele>9.4</ele>
    <time>2025-10-28T16:10:10Z</time>
   </trkpt>
   <trkpt lat="22.5581630" lon="88.3505020">
    <ele>9.4</ele>
    <time>2025-10-28T16:10:11Z</time>
   </trkpt>
   <trkpt lat="22.5581730" lon="88.3505020">
    <ele>9.4</ele>
    <time>2025-10-28T16:10:12Z</time>
   </trkpt>
   <trkpt lat="22.5581900" lon="88.3505050">
    <ele>9.4</ele>
    <time>2025-10-28T16:10:13Z</time>
   </trkpt>
   <trkpt lat="22.5582130" lon="88.3505270">
    <ele>9.4</ele>
    <time>2025-10-28T16:10:14Z</time>
   </trkpt>
   <trkpt lat="22.5582190" lon="88.3505340">
    <ele>9.4</ele>
    <time>2025-10-28T16:10:15Z</time>
   </trkpt>
   <trkpt lat="22.5582280" lon="88.3505320">
    <ele>9.4</ele>
    <time>2025-10-28T16:10:16Z</time>
   </trkpt>
   <trkpt lat="22.5582380" lon="88.3505460">
    <ele>9.4</ele>
    <time>2025-10-28T16:10:17Z</time>
   </trkpt>
   <trkpt lat="22.5582470" lon="88.3505500">
    <ele>9.4</ele>
    <time>2025-10-28T16:10:18Z</time>
   </trkpt>
   <trkpt lat="22.5582540" lon="88.3505530">
    <ele>9.4</ele>
    <time>2025-10-28T16:10:19Z</time>
   </trkpt>
   <trkpt lat="22.5582640" lon="88.3505610">
    <ele>9.4</ele>
    <time>2025-10-28T16:10:20Z</time>
   </trkpt>
   <trkpt lat="22.5582740" lon="88.3505550">
    <ele>9.4</ele>
    <time>2025-10-28T16:10:21Z</time>
   </trkpt>
   <trkpt lat="22.5582900" lon="88.3505600">
    <ele>9.4</ele>
    <time>2025-10-28T16:10:22Z</time>
   </trkpt>
   <trkpt lat="22.5582980" lon="88.3505600">
    <ele>9.4</ele>
    <time>2025-10-28T16:10:23Z</time>
   </trkpt>
   <trkpt lat="22.5583050" lon="88.3505610">
    <ele>9.4</ele>
    <time>2025-10-28T16:10:24Z</time>
   </trkpt>
   <trkpt lat="22.5583130" lon="88.3505610">
    <ele>9.4</ele>
    <time>2025-10-28T16:10:25Z</time>
   </trkpt>
   <trkpt lat="22.5583210" lon="88.3505610">
    <ele>9.4</ele>
    <time>2025-10-28T16:10:26Z</time>
   </trkpt>
   <trkpt lat="22.5583410" lon="88.3505740">
    <ele>9.4</ele>
    <time>2025-10-28T16:10:27Z</time>
   </trkpt>
   <trkpt lat="22.5583520" lon="88.3505780">
    <ele>9.4</ele>
    <time>2025-10-28T16:10:28Z</time>
   </trkpt>
   <trkpt lat="22.5583620" lon="88.3505820">
    <ele>9.4</ele>
    <time>2025-10-28T16:10:29Z</time>
   </trkpt>
   <trkpt lat="22.5583730" lon="88.3505870">
    <ele>9.4</ele>
    <time>2025-10-28T16:10:31Z</time>
   </trkpt>
   <trkpt lat="22.5583840" lon="88.3505730">
    <ele>9.4</ele>
    <time>2025-10-28T16:10:32Z</time>
   </trkpt>
   <trkpt lat="22.5583960" lon="88.3505680">
    <ele>9.4</ele>
    <time>2025-10-28T16:10:33Z</time>
   </trkpt>
   <trkpt lat="22.5583940" lon="88.3505690">
    <ele>9.4</ele>
    <time>2025-10-28T16:10:34Z</time>
   </trkpt>
   <trkpt lat="22.5584040" lon="88.3505640">
    <ele>9.4</ele>
    <time>2025-10-28T16:10:35Z</time>
   </trkpt>
   <trkpt lat="22.5584150" lon="88.3505670">
    <ele>9.4</ele>
    <time>2025-10-28T16:10:36Z</time>
   </trkpt>
   <trkpt lat="22.5584310" lon="88.3505730">
    <ele>9.4</ele>
    <time>2025-10-28T16:10:37Z</time>
   </trkpt>
   <trkpt lat="22.5584530" lon="88.3505770">
    <ele>9.4</ele>
    <time>2025-10-28T16:10:38Z</time>
   </trkpt>
   <trkpt lat="22.5584660" lon="88.3505770">
    <ele>9.4</ele>
    <time>2025-10-28T16:10:39Z</time>
   </trkpt>
   <trkpt lat="22.5584840" lon="88.3505840">
    <ele>9.4</ele>
    <time>2025-10-28T16:10:40Z</time>
   </trkpt>
   <trkpt lat="22.5584970" lon="88.3505890">
    <ele>9.4</ele>
    <time>2025-10-28T16:10:41Z</time>
   </trkpt>
   <trkpt lat="22.5585150" lon="88.3505970">
    <ele>9.4</ele>
    <time>2025-10-28T16:10:42Z</time>
   </trkpt>
   <trkpt lat="22.5585250" lon="88.3506010">
    <ele>9.4</ele>
    <time>2025-10-28T16:10:43Z</time>
   </trkpt>
   <trkpt lat="22.5585340" lon="88.3506040">
    <ele>9.4</ele>
    <time>2025-10-28T16:10:44Z</time>
   </trkpt>
   <trkpt lat="22.5585610" lon="88.3506150">
    <ele>9.4</ele>
    <time>2025-10-28T16:10:45Z</time>
   </trkpt>
   <trkpt lat="22.5585690" lon="88.3506160">
    <ele>9.4</ele>
    <time>2025-10-28T16:10:46Z</time>
   </trkpt>
   <trkpt lat="22.5585910" lon="88.3506180">
    <ele>9.4</ele>
    <time>2025-10-28T16:10:47Z</time>
   </trkpt>
   <trkpt lat="22.5586060" lon="88.3506140">
    <ele>9.4</ele>
    <time>2025-10-28T16:10:48Z</time>
   </trkpt>
   <trkpt lat="22.5586290" lon="88.3506250">
    <ele>9.4</ele>
    <time>2025-10-28T16:10:49Z</time>
   </trkpt>
   <trkpt lat="22.5586390" lon="88.3506320">
    <ele>9.4</ele>
    <time>2025-10-28T16:10:50Z</time>
   </trkpt>
   <trkpt lat="22.5586490" lon="88.3506270">
    <ele>9.4</ele>
    <time>2025-10-28T16:10:51Z</time>
   </trkpt>
   <trkpt lat="22.5586560" lon="88.3506040">
    <ele>9.4</ele>
    <time>2025-10-28T16:10:52Z</time>
   </trkpt>
   <trkpt lat="22.5586750" lon="88.3506080">
    <ele>9.4</ele>
    <time>2025-10-28T16:10:53Z</time>
   </trkpt>
   <trkpt lat="22.5586780" lon="88.3506200">
    <ele>9.4</ele>
    <time>2025-10-28T16:10:54Z</time>
   </trkpt>
   <trkpt lat="22.5586800" lon="88.3506330">
    <ele>9.4</ele>
    <time>2025-10-28T16:10:55Z</time>
   </trkpt>
   <trkpt lat="22.5586820" lon="88.3506450">
    <ele>9.4</ele>
    <time>2025-10-28T16:10:56Z</time>
   </trkpt>
   <trkpt lat="22.5587210" lon="88.3506670">
    <ele>9.3</ele>
    <time>2025-10-28T16:10:57Z</time>
   </trkpt>
   <trkpt lat="22.5587430" lon="88.3506770">
    <ele>9.3</ele>
    <time>2025-10-28T16:10:58Z</time>
   </trkpt>
   <trkpt lat="22.5587750" lon="88.3506890">
    <ele>9.3</ele>
    <time>2025-10-28T16:10:59Z</time>
   </trkpt>
   <trkpt lat="22.5587890" lon="88.3507020">
    <ele>9.3</ele>
    <time>2025-10-28T16:11:00Z</time>
   </trkpt>
   <trkpt lat="22.5588000" lon="88.3507040">
    <ele>9.3</ele>
    <time>2025-10-28T16:11:01Z</time>
   </trkpt>
   <trkpt lat="22.5588100" lon="88.3507070">
    <ele>9.3</ele>
    <time>2025-10-28T16:11:02Z</time>
   </trkpt>
   <trkpt lat="22.5588180" lon="88.3506790">
    <ele>9.3</ele>
    <time>2025-10-28T16:11:03Z</time>
   </trkpt>
   <trkpt lat="22.5588200" lon="88.3506650">
    <ele>9.3</ele>
    <time>2025-10-28T16:11:04Z</time>
   </trkpt>
   <trkpt lat="22.5588300" lon="88.3506480">
    <ele>9.3</ele>
    <time>2025-10-28T16:11:05Z</time>
   </trkpt>
   <trkpt lat="22.5588440" lon="88.3506500">
    <ele>9.3</ele>
    <time>2025-10-28T16:11:06Z</time>
   </trkpt>
   <trkpt lat="22.5588600" lon="88.3506560">
    <ele>9.3</ele>
    <time>2025-10-28T16:11:07Z</time>
   </trkpt>
   <trkpt lat="22.5588620" lon="88.3506440">
    <ele>9.3</ele>
    <time>2025-10-28T16:11:08Z</time>
   </trkpt>
   <trkpt lat="22.5588620" lon="88.3506360">
    <ele>9.3</ele>
    <time>2025-10-28T16:11:09Z</time>
   </trkpt>
   <trkpt lat="22.5588680" lon="88.3506300">
    <ele>9.3</ele>
    <time>2025-10-28T16:11:10Z</time>
   </trkpt>
   <trkpt lat="22.5588910" lon="88.3506240">
    <ele>9.3</ele>
    <time>2025-10-28T16:11:11Z</time>
   </trkpt>
   <trkpt lat="22.5589030" lon="88.3506230">
    <ele>9.3</ele>
    <time>2025-10-28T16:11:12Z</time>
   </trkpt>
   <trkpt lat="22.5589160" lon="88.3506230">
    <ele>9.3</ele>
    <time>2025-10-28T16:11:13Z</time>
   </trkpt>
   <trkpt lat="22.5589400" lon="88.3506140">
    <ele>9.3</ele>
    <time>2025-10-28T16:11:14Z</time>
   </trkpt>
   <trkpt lat="22.5589440" lon="88.3506130">
    <ele>9.3</ele>
    <time>2025-10-28T16:11:15Z</time>
   </trkpt>
   <trkpt lat="22.5589470" lon="88.3506120">
    <ele>9.3</ele>
    <time>2025-10-28T16:11:16Z</time>
   </trkpt>
   <trkpt lat="22.5589510" lon="88.3506110">
    <ele>9.3</ele>
    <time>2025-10-28T16:11:17Z</time>
   </trkpt>
   <trkpt lat="22.5589590" lon="88.3506100">
    <ele>9.3</ele>
    <time>2025-10-28T16:11:18Z</time>
   </trkpt>
   <trkpt lat="22.5589790" lon="88.3506120">
    <ele>9.3</ele>
    <time>2025-10-28T16:11:19Z</time>
   </trkpt>
   <trkpt lat="22.5589880" lon="88.3506050">
    <ele>9.3</ele>
    <time>2025-10-28T16:11:20Z</time>
   </trkpt>
   <trkpt lat="22.5589620" lon="88.3505980">
    <ele>9.3</ele>
    <time>2025-10-28T16:11:21Z</time>
   </trkpt>
   <trkpt lat="22.5589700" lon="88.3505910">
    <ele>9.3</ele>
    <time>2025-10-28T16:11:22Z</time>
   </trkpt>
   <trkpt lat="22.5589810" lon="88.3505790">
    <ele>9.3</ele>
    <time>2025-10-28T16:11:23Z</time>
   </trkpt>
   <trkpt lat="22.5589990" lon="88.3505720">
    <ele>9.3</ele>
    <time>2025-10-28T16:11:24Z</time>
   </trkpt>
   <trkpt lat="22.5590150" lon="88.3505700">
    <ele>9.3</ele>
    <time>2025-10-28T16:11:25Z</time>
   </trkpt>
   <trkpt lat="22.5590000" lon="88.3505670">
    <ele>9.3</ele>
    <time>2025-10-28T16:11:26Z</time>
   </trkpt>
   <trkpt lat="22.5590080" lon="88.3505620">
    <ele>9.3</ele>
    <time>2025-10-28T16:11:27Z</time>
   </trkpt>
   <trkpt lat="22.5590160" lon="88.3505570">
    <ele>9.3</ele>
    <time>2025-10-28T16:11:28Z</time>
   </trkpt>
   <trkpt lat="22.5590270" lon="88.3505650">
    <ele>9.3</ele>
    <time>2025-10-28T16:11:29Z</time>
   </trkpt>
   <trkpt lat="22.5590470" lon="88.3505850">
    <ele>9.3</ele>
    <time>2025-10-28T16:11:30Z</time>
   </trkpt>
   <trkpt lat="22.5590540" lon="88.3505840">
    <ele>9.3</ele>
    <time>2025-10-28T16:11:31Z</time>
   </trkpt>
   <trkpt lat="22.5590470" lon="88.3505930">
    <ele>9.3</ele>
    <time>2025-10-28T16:11:32Z</time>
   </trkpt>
   <trkpt lat="22.5590690" lon="88.3506100">
    <ele>9.3</ele>
    <time>2025-10-28T16:11:33Z</time>
   </trkpt>
   <trkpt lat="22.5590860" lon="88.3506200">
    <ele>9.3</ele>
    <time>2025-10-28T16:11:34Z</time>
   </trkpt>
   <trkpt lat="22.5591000" lon="88.3506140">
    <ele>9.3</ele>
    <time>2025-10-28T16:11:35Z</time>
   </trkpt>
   <trkpt lat="22.5590970" lon="88.3506120">
    <ele>9.3</ele>
    <time>2025-10-28T16:11:36Z</time>
   </trkpt>
   <trkpt lat="22.5591160" lon="88.3506210">
    <ele>9.3</ele>
    <time>2025-10-28T16:11:37Z</time>
   </trkpt>
   <trkpt lat="22.5590980" lon="88.3506270">
    <ele>9.3</ele>
    <time>2025-10-28T16:11:38Z</time>
   </trkpt>
   <trkpt lat="22.5591070" lon="88.3506300">
    <ele>9.3</ele>
    <time>2025-10-28T16:11:39Z</time>
   </trkpt>
   <trkpt lat="22.5591040" lon="88.3506180">
    <ele>9.3</ele>
    <time>2025-10-28T16:11:40Z</time>
   </trkpt>
   <trkpt lat="22.5591180" lon="88.3506130">
    <ele>9.3</ele>
    <time>2025-10-28T16:11:41Z</time>
   </trkpt>
   <trkpt lat="22.5591320" lon="88.3506070">
    <ele>9.3</ele>
    <time>2025-10-28T16:11:42Z</time>
   </trkpt>
   <trkpt lat="22.5591500" lon="88.3506030">
    <ele>9.3</ele>
    <time>2025-10-28T16:11:43Z</time>
   </trkpt>
   <trkpt lat="22.5591560" lon="88.3506020">
    <ele>9.3</ele>
    <time>2025-10-28T16:11:44Z</time>
   </trkpt>
   <trkpt lat="22.5591610" lon="88.3506000">
    <ele>9.3</ele>
    <time>2025-10-28T16:11:45Z</time>
   </trkpt>
   <trkpt lat="22.5591670" lon="88.3505990">
    <ele>9.3</ele>
    <time>2025-10-28T16:11:46Z</time>
   </trkpt>
   <trkpt lat="22.5591720" lon="88.3505980">
    <ele>9.3</ele>
    <time>2025-10-28T16:11:47Z</time>
   </trkpt>
   <trkpt lat="22.5591880" lon="88.3505900">
    <ele>9.3</ele>
    <time>2025-10-28T16:11:48Z</time>
   </trkpt>
   <trkpt lat="22.5592050" lon="88.3505840">
    <ele>9.3</ele>
    <time>2025-10-28T16:11:49Z</time>
   </trkpt>
   <trkpt lat="22.5592350" lon="88.3506100">
    <ele>9.2</ele>
    <time>2025-10-28T16:11:50Z</time>
   </trkpt>
   <trkpt lat="22.5592530" lon="88.3506390">
    <ele>9.2</ele>
    <time>2025-10-28T16:11:51Z</time>
   </trkpt>
   <trkpt lat="22.5592850" lon="88.3506750">
    <ele>9.2</ele>
    <time>2025-10-28T16:11:52Z</time>
   </trkpt>
   <trkpt lat="22.5592940" lon="88.3506870">
    <ele>9.2</ele>
    <time>2025-10-28T16:11:53Z</time>
   </trkpt>
   <trkpt lat="22.5593020" lon="88.3506980">
    <ele>9.2</ele>
    <time>2025-10-28T16:11:54Z</time>
   </trkpt>
   <trkpt lat="22.5593110" lon="88.3507100">
    <ele>9.2</ele>
    <time>2025-10-28T16:11:55Z</time>
   </trkpt>
   <trkpt lat="22.5593270" lon="88.3507150">
    <ele>9.2</ele>
    <time>2025-10-28T16:11:56Z</time>
   </trkpt>
   <trkpt lat="22.5593440" lon="88.3507240">
    <ele>9.2</ele>
    <time>2025-10-28T16:11:57Z</time>
   </trkpt>
   <trkpt lat="22.5593630" lon="88.3507170">
    <ele>9.2</ele>
    <time>2025-10-28T16:11:58Z</time>
   </trkpt>
   <trkpt lat="22.5593690" lon="88.3507100">
    <ele>9.2</ele>
    <time>2025-10-28T16:11:59Z</time>
   </trkpt>
   <trkpt lat="22.5593760" lon="88.3507040">
    <ele>9.2</ele>
    <time>2025-10-28T16:12:00Z</time>
   </trkpt>
   <trkpt lat="22.5594060" lon="88.3506930">
    <ele>9.2</ele>
    <time>2025-10-28T16:12:01Z</time>
   </trkpt>
   <trkpt lat="22.5594120" lon="88.3506930">
    <ele>9.2</ele>
    <time>2025-10-28T16:12:02Z</time>
   </trkpt>
   <trkpt lat="22.5594450" lon="88.3506870">
    <ele>9.2</ele>
    <time>2025-10-28T16:12:03Z</time>
   </trkpt>
   <trkpt lat="22.5594880" lon="88.3506780">
    <ele>9.2</ele>
    <time>2025-10-28T16:12:04Z</time>
   </trkpt>
   <trkpt lat="22.5595220" lon="88.3506670">
    <ele>9.2</ele>
    <time>2025-10-28T16:12:05Z</time>
   </trkpt>
   <trkpt lat="22.5595460" lon="88.3506550">
    <ele>9.2</ele>
    <time>2025-10-28T16:12:06Z</time>
   </trkpt>
   <trkpt lat="22.5595540" lon="88.3506480">
    <ele>9.2</ele>
    <time>2025-10-28T16:12:07Z</time>
   </trkpt>
   <trkpt lat="22.5595670" lon="88.3506460">
    <ele>9.2</ele>
    <time>2025-10-28T16:12:08Z</time>
   </trkpt>
   <trkpt lat="22.5595770" lon="88.3506690">
    <ele>9.2</ele>
    <time>2025-10-28T16:12:09Z</time>
   </trkpt>
   <trkpt lat="22.5595920" lon="88.3506780">
    <ele>9.2</ele>
    <time>2025-10-28T16:12:10Z</time>
   </trkpt>
   <trkpt lat="22.5596040" lon="88.3506820">
    <ele>9.2</ele>
    <time>2025-10-28T16:12:11Z</time>
   </trkpt>
   <trkpt lat="22.5596140" lon="88.3506880">
    <ele>9.2</ele>
    <time>2025-10-28T16:12:12Z</time>
   </trkpt>
   <trkpt lat="22.5596260" lon="88.3507010">
    <ele>9.2</ele>
    <time>2025-10-28T16:12:13Z</time>
   </trkpt>
   <trkpt lat="22.5596520" lon="88.3507100">
    <ele>9.2</ele>
    <time>2025-10-28T16:12:14Z</time>
   </trkpt>
   <trkpt lat="22.5596610" lon="88.3507120">
    <ele>9.2</ele>
    <time>2025-10-28T16:12:15Z</time>
   </trkpt>
   <trkpt lat="22.5596670" lon="88.3507060">
    <ele>9.2</ele>
    <time>2025-10-28T16:12:16Z</time>
   </trkpt>
   <trkpt lat="22.5596740" lon="88.3507080">
    <ele>9.2</ele>
    <time>2025-10-28T16:12:17Z</time>
   </trkpt>
   <trkpt lat="22.5596800" lon="88.3507140">
    <ele>9.2</ele>
    <time>2025-10-28T16:12:18Z</time>
   </trkpt>
   <trkpt lat="22.5596820" lon="88.3507190">
    <ele>9.2</ele>
    <time>2025-10-28T16:12:19Z</time>
   </trkpt>
   <trkpt lat="22.5596840" lon="88.3507290">
    <ele>9.2</ele>
    <time>2025-10-28T16:12:20Z</time>
   </trkpt>
   <trkpt lat="22.5597150" lon="88.3507350">
    <ele>9.2</ele>
    <time>2025-10-28T16:12:21Z</time>
   </trkpt>
   <trkpt lat="22.5597370" lon="88.3507330">
    <ele>9.2</ele>
    <time>2025-10-28T16:12:22Z</time>
   </trkpt>
   <trkpt lat="22.5597510" lon="88.3507380">
    <ele>9.2</ele>
    <time>2025-10-28T16:12:23Z</time>
   </trkpt>
   <trkpt lat="22.5597610" lon="88.3507450">
    <ele>9.2</ele>
    <time>2025-10-28T16:12:24Z</time>
   </trkpt>
   <trkpt lat="22.5597770" lon="88.3507540">
    <ele>9.2</ele>
    <time>2025-10-28T16:12:25Z</time>
   </trkpt>
   <trkpt lat="22.5597940" lon="88.3507650">
    <ele>9.2</ele>
    <time>2025-10-28T16:12:26Z</time>
   </trkpt>
   <trkpt lat="22.5597990" lon="88.3507690">
    <ele>9.2</ele>
    <time>2025-10-28T16:12:27Z</time>
   </trkpt>
   <trkpt lat="22.5598040" lon="88.3507730">
    <ele>9.2</ele>
    <time>2025-10-28T16:12:28Z</time>
   </trkpt>
   <trkpt lat="22.5598090" lon="88.3507770">
    <ele>9.2</ele>
    <time>2025-10-28T16:12:29Z</time>
   </trkpt>
   <trkpt lat="22.5598370" lon="88.3507800">
    <ele>9.2</ele>
    <time>2025-10-28T16:12:30Z</time>
   </trkpt>
   <trkpt lat="22.5598680" lon="88.3507780">
    <ele>9.2</ele>
    <time>2025-10-28T16:12:31Z</time>
   </trkpt>
   <trkpt lat="22.5598780" lon="88.3507780">
    <ele>9.2</ele>
    <time>2025-10-28T16:12:32Z</time>
   </trkpt>
   <trkpt lat="22.5599050" lon="88.3507670">
    <ele>9.2</ele>
    <time>2025-10-28T16:12:33Z</time>
   </trkpt>
   <trkpt lat="22.5599150" lon="88.3507680">
    <ele>9.2</ele>
    <time>2025-10-28T16:12:34Z</time>
   </trkpt>
   <trkpt lat="22.5599210" lon="88.3507740">
    <ele>9.2</ele>
    <time>2025-10-28T16:12:35Z</time>
   </trkpt>
   <trkpt lat="22.5599310" lon="88.3507740">
    <ele>9.2</ele>
    <time>2025-10-28T16:12:37Z</time>
   </trkpt>
   <trkpt lat="22.5599400" lon="88.3507790">
    <ele>9.2</ele>
    <time>2025-10-28T16:12:38Z</time>
   </trkpt>
   <trkpt lat="22.5599450" lon="88.3507700">
    <ele>9.2</ele>
    <time>2025-10-28T16:12:39Z</time>
   </trkpt>
   <trkpt lat="22.5599580" lon="88.3507570">
    <ele>9.2</ele>
    <time>2025-10-28T16:12:40Z</time>
   </trkpt>
   <trkpt lat="22.5599660" lon="88.3507590">
    <ele>9.2</ele>
    <time>2025-10-28T16:12:41Z</time>
   </trkpt>
   <trkpt lat="22.5599740" lon="88.3507630">
    <ele>9.2</ele>
    <time>2025-10-28T16:12:42Z</time>
   </trkpt>
   <trkpt lat="22.5600000" lon="88.3507720">
    <ele>9.2</ele>
    <time>2025-10-28T16:12:43Z</time>
   </trkpt>
   <trkpt lat="22.5600090" lon="88.3507750">
    <ele>9.2</ele>
    <time>2025-10-28T16:12:44Z</time>
   </trkpt>
   <trkpt lat="22.5600280" lon="88.3507800">
    <ele>9.2</ele>
    <time>2025-10-28T16:12:45Z</time>
   </trkpt>
   <trkpt lat="22.5600390" lon="88.3507850">
    <ele>9.2</ele>
    <time>2025-10-28T16:12:46Z</time>
   </trkpt>
   <trkpt lat="22.5600500" lon="88.3507900">
    <ele>9.2</ele>
    <time>2025-10-28T16:12:47Z</time>
   </trkpt>
   <trkpt lat="22.5600820" lon="88.3507790">
    <ele>9.2</ele>
    <time>2025-10-28T16:12:48Z</time>
   </trkpt>
   <trkpt lat="22.5600950" lon="88.3507760">
    <ele>9.2</ele>
    <time>2025-10-28T16:12:49Z</time>
   </trkpt>
   <trkpt lat="22.5601200" lon="88.3507610">
    <ele>9.2</ele>
    <time>2025-10-28T16:12:50Z</time>
   </trkpt>
   <trkpt lat="22.5601450" lon="88.3507400">
    <ele>9.2</ele>
    <time>2025-10-28T16:12:51Z</time>
   </trkpt>
   <trkpt lat="22.5601530" lon="88.3507320">
    <ele>9.2</ele>
    <time>2025-10-28T16:12:52Z</time>
   </trkpt>
   <trkpt lat="22.5601600" lon="88.3507250">
    <ele>9.2</ele>
    <time>2025-10-28T16:12:53Z</time>
   </trkpt>
   <trkpt lat="22.5601810" lon="88.3507000">
    <ele>9.2</ele>
    <time>2025-10-28T16:12:54Z</time>
   </trkpt>
   <trkpt lat="22.5601840" lon="88.3506930">
    <ele>9.2</ele>
    <time>2025-10-28T16:12:55Z</time>
   </trkpt>
   <trkpt lat="22.5602050" lon="88.3507130">
    <ele>9.2</ele>
    <time>2025-10-28T16:12:56Z</time>
   </trkpt>
   <trkpt lat="22.5602120" lon="88.3507080">
    <ele>9.2</ele>
    <time>2025-10-28T16:12:57Z</time>
   </trkpt>
   <trkpt lat="22.5602180" lon="88.3506870">
    <ele>9.2</ele>
    <time>2025-10-28T16:12:58Z</time>
   </trkpt>
   <trkpt lat="22.5602250" lon="88.3506670">
    <ele>9.2</ele>
    <time>2025-10-28T16:12:59Z</time>
   </trkpt>
   <trkpt lat="22.5602400" lon="88.3506630">
    <ele>9.2</ele>
    <time>2025-10-28T16:13:00Z</time>
   </trkpt>
   <trkpt lat="22.5602560" lon="88.3506650">
    <ele>9.3</ele>
    <time>2025-10-28T16:13:01Z</time>
   </trkpt>
   <trkpt lat="22.5602690" lon="88.3506630">
    <ele>9.3</ele>
    <time>2025-10-28T16:13:02Z</time>
   </trkpt>
   <trkpt lat="22.5602790" lon="88.3506630">
    <ele>9.3</ele>
    <time>2025-10-28T16:13:03Z</time>
   </trkpt>
   <trkpt lat="22.5602870" lon="88.3506620">
    <ele>9.3</ele>
    <time>2025-10-28T16:13:04Z</time>
   </trkpt>
   <trkpt lat="22.5602970" lon="88.3506590">
    <ele>9.3</ele>
    <time>2025-10-28T16:13:05Z</time>
   </trkpt>
   <trkpt lat="22.5603050" lon="88.3506400">
    <ele>9.3</ele>
    <time>2025-10-28T16:13:06Z</time>
   </trkpt>
   <trkpt lat="22.5603200" lon="88.3506330">
    <ele>9.3</ele>
    <time>2025-10-28T16:13:07Z</time>
   </trkpt>
   <trkpt lat="22.5603360" lon="88.3506070">
    <ele>9.3</ele>
    <time>2025-10-28T16:13:08Z</time>
   </trkpt>
   <trkpt lat="22.5603390" lon="88.3505960">
    <ele>9.3</ele>
    <time>2025-10-28T16:13:09Z</time>
   </trkpt>
   <trkpt lat="22.5603600" lon="88.3506260">
    <ele>9.3</ele>
    <time>2025-10-28T16:13:10Z</time>
   </trkpt>
   <trkpt lat="22.5603760" lon="88.3506350">
    <ele>9.3</ele>
    <time>2025-10-28T16:13:11Z</time>
   </trkpt>
   <trkpt lat="22.5604080" lon="88.3506310">
    <ele>9.3</ele>
    <time>2025-10-28T16:13:12Z</time>
   </trkpt>
   <trkpt lat="22.5604160" lon="88.3506510">
    <ele>9.3</ele>
    <time>2025-10-28T16:13:13Z</time>
   </trkpt>
   <trkpt lat="22.5604190" lon="88.3506620">
    <ele>9.3</ele>
    <time>2025-10-28T16:13:14Z</time>
   </trkpt>
   <trkpt lat="22.5604330" lon="88.3506750">
    <ele>9.3</ele>
    <time>2025-10-28T16:13:15Z</time>
   </trkpt>
   <trkpt lat="22.5604380" lon="88.3506820">
    <ele>9.3</ele>
    <time>2025-10-28T16:13:16Z</time>
   </trkpt>
   <trkpt lat="22.5604470" lon="88.3506870">
    <ele>9.3</ele>
    <time>2025-10-28T16:13:17Z</time>
   </trkpt>
   <trkpt lat="22.5604480" lon="88.3506950">
    <ele>9.3</ele>
    <time>2025-10-28T16:13:18Z</time>
   </trkpt>
   <trkpt lat="22.5604600" lon="88.3507010">
    <ele>9.3</ele>
    <time>2025-10-28T16:13:19Z</time>
   </trkpt>
   <trkpt lat="22.5604790" lon="88.3507100">
    <ele>9.3</ele>
    <time>2025-10-28T16:13:20Z</time>
   </trkpt>
   <trkpt lat="22.5604870" lon="88.3507150">
    <ele>9.3</ele>
    <time>2025-10-28T16:13:21Z</time>
   </trkpt>
   <trkpt lat="22.5604940" lon="88.3507200">
    <ele>9.3</ele>
    <time>2025-10-28T16:13:22Z</time>
   </trkpt>
   <trkpt lat="22.5605060" lon="88.3507240">
    <ele>9.3</ele>
    <time>2025-10-28T16:13:23Z</time>
   </trkpt>
   <trkpt lat="22.5605250" lon="88.3507270">
    <ele>9.3</ele>
    <time>2025-10-28T16:13:24Z</time>
   </trkpt>
   <trkpt lat="22.5605380" lon="88.3507280">
    <ele>9.3</ele>
    <time>2025-10-28T16:13:25Z</time>
   </trkpt>
   <trkpt lat="22.5605500" lon="88.3507350">
    <ele>9.3</ele>
    <time>2025-10-28T16:13:26Z</time>
   </trkpt>
   <trkpt lat="22.5605570" lon="88.3507380">
    <ele>9.3</ele>
    <time>2025-10-28T16:13:27Z</time>
   </trkpt>
   <trkpt lat="22.5605770" lon="88.3507360">
    <ele>9.3</ele>
    <time>2025-10-28T16:13:28Z</time>
   </trkpt>
   <trkpt lat="22.5605860" lon="88.3507380">
    <ele>9.3</ele>
    <time>2025-10-28T16:13:29Z</time>
   </trkpt>
   <trkpt lat="22.5605960" lon="88.3507390">
    <ele>9.3</ele>
    <time>2025-10-28T16:13:30Z</time>
   </trkpt>
   <trkpt lat="22.5606120" lon="88.3507510">
    <ele>9.3</ele>
    <time>2025-10-28T16:13:31Z</time>
   </trkpt>
   <trkpt lat="22.5606250" lon="88.3507580">
    <ele>9.3</ele>
    <time>2025-10-28T16:13:32Z</time>
   </trkpt>
   <trkpt lat="22.5606410" lon="88.3507620">
    <ele>9.3</ele>
    <time>2025-10-28T16:13:33Z</time>
   </trkpt>
   <trkpt lat="22.5606410" lon="88.3507590">
    <ele>9.3</ele>
    <time>2025-10-28T16:13:34Z</time>
   </trkpt>
   <trkpt lat="22.5606470" lon="88.3507540">
    <ele>9.3</ele>
    <time>2025-10-28T16:13:35Z</time>
   </trkpt>
   <trkpt lat="22.5606530" lon="88.3507450">
    <ele>9.3</ele>
    <time>2025-10-28T16:13:36Z</time>
   </trkpt>
   <trkpt lat="22.5606630" lon="88.3507400">
    <ele>9.3</ele>
    <time>2025-10-28T16:13:37Z</time>
   </trkpt>
   <trkpt lat="22.5606830" lon="88.3507380">
    <ele>9.3</ele>
    <time>2025-10-28T16:13:38Z</time>
   </trkpt>
   <trkpt lat="22.5606920" lon="88.3507420">
    <ele>9.3</ele>
    <time>2025-10-28T16:13:39Z</time>
   </trkpt>
   <trkpt lat="22.5607040" lon="88.3507430">
    <ele>9.3</ele>
    <time>2025-10-28T16:13:40Z</time>
   </trkpt>
   <trkpt lat="22.5607180" lon="88.3507430">
    <ele>9.3</ele>
    <time>2025-10-28T16:13:41Z</time>
   </trkpt>
   <trkpt lat="22.5607290" lon="88.3507430">
    <ele>9.3</ele>
    <time>2025-10-28T16:13:42Z</time>
   </trkpt>
   <trkpt lat="22.5607330" lon="88.3507470">
    <ele>9.2</ele>
    <time>2025-10-28T16:13:43Z</time>
   </trkpt>
   <trkpt lat="22.5607440" lon="88.3507560">
    <ele>9.2</ele>
    <time>2025-10-28T16:13:44Z</time>
   </trkpt>
   <trkpt lat="22.5607540" lon="88.3507630">
    <ele>9.2</ele>
    <time>2025-10-28T16:13:45Z</time>
   </trkpt>
   <trkpt lat="22.5607690" lon="88.3507680">
    <ele>9.2</ele>
    <time>2025-10-28T16:13:46Z</time>
   </trkpt>
   <trkpt lat="22.5607710" lon="88.3507700">
    <ele>9.2</ele>
    <time>2025-10-28T16:13:47Z</time>
   </trkpt>
   <trkpt lat="22.5607760" lon="88.3507790">
    <ele>9.2</ele>
    <time>2025-10-28T16:13:48Z</time>
   </trkpt>
   <trkpt lat="22.5607920" lon="88.3507860">
    <ele>9.2</ele>
    <time>2025-10-28T16:13:49Z</time>
   </trkpt>
   <trkpt lat="22.5608000" lon="88.3508090">
    <ele>9.2</ele>
    <time>2025-10-28T16:13:50Z</time>
   </trkpt>
   <trkpt lat="22.5608040" lon="88.3508180">
    <ele>9.2</ele>
    <time>2025-10-28T16:13:51Z</time>
   </trkpt>
   <trkpt lat="22.5608090" lon="88.3508280">
    <ele>9.2</ele>
    <time>2025-10-28T16:13:52Z</time>
   </trkpt>
   <trkpt lat="22.5608150" lon="88.3508410">
    <ele>9.2</ele>
    <time>2025-10-28T16:13:53Z</time>
   </trkpt>
   <trkpt lat="22.5608310" lon="88.3508430">
    <ele>9.2</ele>
    <time>2025-10-28T16:13:54Z</time>
   </trkpt>
   <trkpt lat="22.5608360" lon="88.3508450">
    <ele>9.2</ele>
    <time>2025-10-28T16:13:55Z</time>
   </trkpt>
   <trkpt lat="22.5608430" lon="88.3508390">
    <ele>9.2</ele>
    <time>2025-10-28T16:13:56Z</time>
   </trkpt>
   <trkpt lat="22.5608590" lon="88.3508370">
    <ele>9.2</ele>
    <time>2025-10-28T16:13:57Z</time>
   </trkpt>
   <trkpt lat="22.5608710" lon="88.3508390">
    <ele>9.2</ele>
    <time>2025-10-28T16:13:58Z</time>
   </trkpt>
   <trkpt lat="22.5608910" lon="88.3508380">
    <ele>9.2</ele>
    <time>2025-10-28T16:13:59Z</time>
   </trkpt>
   <trkpt lat="22.5609060" lon="88.3508330">
    <ele>9.2</ele>
    <time>2025-10-28T16:14:00Z</time>
   </trkpt>
   <trkpt lat="22.5609250" lon="88.3508350">
    <ele>9.2</ele>
    <time>2025-10-28T16:14:01Z</time>
   </trkpt>
   <trkpt lat="22.5609340" lon="88.3508370">
    <ele>9.2</ele>
    <time>2025-10-28T16:14:02Z</time>
   </trkpt>
   <trkpt lat="22.5609420" lon="88.3508380">
    <ele>9.2</ele>
    <time>2025-10-28T16:14:03Z</time>
   </trkpt>
   <trkpt lat="22.5609550" lon="88.3508400">
    <ele>9.2</ele>
    <time>2025-10-28T16:14:04Z</time>
   </trkpt>
   <trkpt lat="22.5609740" lon="88.3508420">
    <ele>9.2</ele>
    <time>2025-10-28T16:14:05Z</time>
   </trkpt>
   <trkpt lat="22.5609920" lon="88.3508410">
    <ele>9.2</ele>
    <time>2025-10-28T16:14:06Z</time>
   </trkpt>
   <trkpt lat="22.5610000" lon="88.3508390">
    <ele>9.2</ele>
    <time>2025-10-28T16:14:07Z</time>
   </trkpt>
   <trkpt lat="22.5610070" lon="88.3508380">
    <ele>9.2</ele>
    <time>2025-10-28T16:14:08Z</time>
   </trkpt>
   <trkpt lat="22.5610140" lon="88.3508360">
    <ele>9.2</ele>
    <time>2025-10-28T16:14:09Z</time>
   </trkpt>
   <trkpt lat="22.5610420" lon="88.3508230">
    <ele>9.2</ele>
    <time>2025-10-28T16:14:10Z</time>
   </trkpt>
   <trkpt lat="22.5610530" lon="88.3508180">
    <ele>9.2</ele>
    <time>2025-10-28T16:14:11Z</time>
   </trkpt>
   <trkpt lat="22.5610700" lon="88.3508230">
    <ele>9.2</ele>
    <time>2025-10-28T16:14:12Z</time>
   </trkpt>
   <trkpt lat="22.5610760" lon="88.3508150">
    <ele>9.2</ele>
    <time>2025-10-28T16:14:13Z</time>
   </trkpt>
   <trkpt lat="22.5610930" lon="88.3508140">
    <ele>9.2</ele>
    <time>2025-10-28T16:14:14Z</time>
   </trkpt>
   <trkpt lat="22.5610970" lon="88.3508120">
    <ele>9.2</ele>
    <time>2025-10-28T16:14:15Z</time>
   </trkpt>
   <trkpt lat="22.5611280" lon="88.3508170">
    <ele>9.2</ele>
    <time>2025-10-28T16:14:16Z</time>
   </trkpt>
   <trkpt lat="22.5611380" lon="88.3508160">
    <ele>9.2</ele>
    <time>2025-10-28T16:14:17Z</time>
   </trkpt>
   <trkpt lat="22.5611460" lon="88.3508200">
    <ele>9.2</ele>
    <time>2025-10-28T16:14:18Z</time>
   </trkpt>
   <trkpt lat="22.5611470" lon="88.3508200">
    <ele>9.2</ele>
    <time>2025-10-28T16:14:19Z</time>
   </trkpt>
   <trkpt lat="22.5611560" lon="88.3508210">
    <ele>9.2</ele>
    <time>2025-10-28T16:14:20Z</time>
   </trkpt>
   <trkpt lat="22.5611610" lon="88.3508260">
    <ele>9.2</ele>
    <time>2025-10-28T16:14:21Z</time>
   </trkpt>
   <trkpt lat="22.5611670" lon="88.3508290">
    <ele>9.2</ele>
    <time>2025-10-28T16:14:22Z</time>
   </trkpt>
   <trkpt lat="22.5611790" lon="88.3508350">
    <ele>9.2</ele>
    <time>2025-10-28T16:14:23Z</time>
   </trkpt>
   <trkpt lat="22.5611850" lon="88.3508370">
    <ele>9.2</ele>
    <time>2025-10-28T16:14:24Z</time>
   </trkpt>
   <trkpt lat="22.5611930" lon="88.3508460">
    <ele>9.2</ele>
    <time>2025-10-28T16:14:25Z</time>
   </trkpt>
   <trkpt lat="22.5612060" lon="88.3508580">
    <ele>9.2</ele>
    <time>2025-10-28T16:14:26Z</time>
   </trkpt>
   <trkpt lat="22.5612210" lon="88.3508580">
    <ele>9.2</ele>
    <time>2025-10-28T16:14:27Z</time>
   </trkpt>
   <trkpt lat="22.5612390" lon="88.3508650">
    <ele>9.2</ele>
    <time>2025-10-28T16:14:28Z</time>
   </trkpt>
   <trkpt lat="22.5612480" lon="88.3508680">
    <ele>9.2</ele>
    <time>2025-10-28T16:14:29Z</time>
   </trkpt>
   <trkpt lat="22.5612570" lon="88.3508700">
    <ele>9.2</ele>
    <time>2025-10-28T16:14:30Z</time>
   </trkpt>
   <trkpt lat="22.5612680" lon="88.3508700">
    <ele>9.2</ele>
    <time>2025-10-28T16:14:31Z</time>
   </trkpt>
   <trkpt lat="22.5612770" lon="88.3508660">
    <ele>9.2</ele>
    <time>2025-10-28T16:14:32Z</time>
   </trkpt>
   <trkpt lat="22.5612900" lon="88.3508700">
    <ele>9.3</ele>
    <time>2025-10-28T16:14:33Z</time>
   </trkpt>
   <trkpt lat="22.5613120" lon="88.3508740">
    <ele>9.3</ele>
    <time>2025-10-28T16:14:34Z</time>
   </trkpt>
   <trkpt lat="22.5613210" lon="88.3508750">
    <ele>9.3</ele>
    <time>2025-10-28T16:14:35Z</time>
   </trkpt>
   <trkpt lat="22.5613300" lon="88.3508760">
    <ele>9.3</ele>
    <time>2025-10-28T16:14:36Z</time>
   </trkpt>
   <trkpt lat="22.5613510" lon="88.3508770">
    <ele>9.3</ele>
    <time>2025-10-28T16:14:37Z</time>
   </trkpt>
   <trkpt lat="22.5613650" lon="88.3508760">
    <ele>9.3</ele>
    <time>2025-10-28T16:14:38Z</time>
   </trkpt>
   <trkpt lat="22.5613730" lon="88.3508730">
    <ele>9.3</ele>
    <time>2025-10-28T16:14:39Z</time>
   </trkpt>
   <trkpt lat="22.5613810" lon="88.3508770">
    <ele>9.3</ele>
    <time>2025-10-28T16:14:40Z</time>
   </trkpt>
   <trkpt lat="22.5613950" lon="88.3508800">
    <ele>9.3</ele>
    <time>2025-10-28T16:14:41Z</time>
   </trkpt>
   <trkpt lat="22.5614060" lon="88.3508760">
    <ele>9.3</ele>
    <time>2025-10-28T16:14:43Z</time>
   </trkpt>
   <trkpt lat="22.5614150" lon="88.3508740">
    <ele>9.3</ele>
    <time>2025-10-28T16:14:44Z</time>
   </trkpt>
   <trkpt lat="22.5614280" lon="88.3508760">
    <ele>9.3</ele>
    <time>2025-10-28T16:14:45Z</time>
   </trkpt>
   <trkpt lat="22.5614410" lon="88.3508760">
    <ele>9.3</ele>
    <time>2025-10-28T16:14:46Z</time>
   </trkpt>
   <trkpt lat="22.5614580" lon="88.3508760">
    <ele>9.3</ele>
    <time>2025-10-28T16:14:47Z</time>
   </trkpt>
   <trkpt lat="22.5614870" lon="88.3508800">
    <ele>9.3</ele>
    <time>2025-10-28T16:14:48Z</time>
   </trkpt>
   <trkpt lat="22.5614950" lon="88.3508770">
    <ele>9.3</ele>
    <time>2025-10-28T16:14:49Z</time>
   </trkpt>
   <trkpt lat="22.5615020" lon="88.3508730">
    <ele>9.3</ele>
    <time>2025-10-28T16:14:50Z</time>
   </trkpt>
   <trkpt lat="22.5615150" lon="88.3508740">
    <ele>9.3</ele>
    <time>2025-10-28T16:14:51Z</time>
   </trkpt>
   <trkpt lat="22.5615300" lon="88.3508750">
    <ele>9.3</ele>
    <time>2025-10-28T16:14:52Z</time>
   </trkpt>
   <trkpt lat="22.5615480" lon="88.3508840">
    <ele>9.3</ele>
    <time>2025-10-28T16:14:53Z</time>
   </trkpt>
   <trkpt lat="22.5615570" lon="88.3508850">
    <ele>9.3</ele>
    <time>2025-10-28T16:14:54Z</time>
   </trkpt>
   <trkpt lat="22.5615660" lon="88.3508870">
    <ele>9.3</ele>
    <time>2025-10-28T16:14:55Z</time>
   </trkpt>
   <trkpt lat="22.5615870" lon="88.3508840">
    <ele>9.3</ele>
    <time>2025-10-28T16:14:56Z</time>
   </trkpt>
   <trkpt lat="22.5615950" lon="88.3508830">
    <ele>9.3</ele>
    <time>2025-10-28T16:14:57Z</time>
   </trkpt>
   <trkpt lat="22.5616030" lon="88.3508810">
    <ele>9.3</ele>
    <time>2025-10-28T16:14:58Z</time>
   </trkpt>
   <trkpt lat="22.5616120" lon="88.3508800">
    <ele>9.3</ele>
    <time>2025-10-28T16:14:59Z</time>
   </trkpt>
   <trkpt lat="22.5616250" lon="88.3508770">
    <ele>9.4</ele>
    <time>2025-10-28T16:15:00Z</time>
   </trkpt>
   <trkpt lat="22.5616340" lon="88.3508760">
    <ele>9.4</ele>
    <time>2025-10-28T16:15:01Z</time>
   </trkpt>
   <trkpt lat="22.5616600" lon="88.3508730">
    <ele>9.4</ele>
    <time>2025-10-28T16:15:02Z</time>
   </trkpt>
   <trkpt lat="22.5616760" lon="88.3508690">
    <ele>9.4</ele>
    <time>2025-10-28T16:15:03Z</time>
   </trkpt>
   <trkpt lat="22.5616880" lon="88.3508670">
    <ele>9.4</ele>
    <time>2025-10-28T16:15:04Z</time>
   </trkpt>
   <trkpt lat="22.5616980" lon="88.3508690">
    <ele>9.4</ele>
    <time>2025-10-28T16:15:05Z</time>
   </trkpt>
   <trkpt lat="22.5617040" lon="88.3508800">
    <ele>9.4</ele>
    <time>2025-10-28T16:15:06Z</time>
   </trkpt>
   <trkpt lat="22.5617120" lon="88.3508830">
    <ele>9.4</ele>
    <time>2025-10-28T16:15:07Z</time>
   </trkpt>
   <trkpt lat="22.5617200" lon="88.3508790">
    <ele>9.4</ele>
    <time>2025-10-28T16:15:08Z</time>
   </trkpt>
   <trkpt lat="22.5617320" lon="88.3508820">
    <ele>9.4</ele>
    <time>2025-10-28T16:15:09Z</time>
   </trkpt>
   <trkpt lat="22.5617450" lon="88.3508820">
    <ele>9.4</ele>
    <time>2025-10-28T16:15:10Z</time>
   </trkpt>
   <trkpt lat="22.5617590" lon="88.3508870">
    <ele>9.4</ele>
    <time>2025-10-28T16:15:11Z</time>
   </trkpt>
   <trkpt lat="22.5617750" lon="88.3508810">
    <ele>9.4</ele>
    <time>2025-10-28T16:15:12Z</time>
   </trkpt>
   <trkpt lat="22.5617780" lon="88.3508830">
    <ele>9.4</ele>
    <time>2025-10-28T16:15:13Z</time>
   </trkpt>
   <trkpt lat="22.5617920" lon="88.3508880">
    <ele>9.4</ele>
    <time>2025-10-28T16:15:14Z</time>
   </trkpt>
   <trkpt lat="22.5618220" lon="88.3508850">
    <ele>9.4</ele>
    <time>2025-10-28T16:15:15Z</time>
   </trkpt>
   <trkpt lat="22.5618400" lon="88.3508950">
    <ele>9.4</ele>
    <time>2025-10-28T16:15:16Z</time>
   </trkpt>
   <trkpt lat="22.5618510" lon="88.3509000">
    <ele>9.4</ele>
    <time>2025-10-28T16:15:17Z</time>
   </trkpt>
   <trkpt lat="22.5618710" lon="88.3509030">
    <ele>9.4</ele>
    <time>2025-10-28T16:15:18Z</time>
   </trkpt>
   <trkpt lat="22.5618830" lon="88.3509040">
    <ele>9.4</ele>
    <time>2025-10-28T16:15:19Z</time>
   </trkpt>
   <trkpt lat="22.5618960" lon="88.3509050">
    <ele>9.4</ele>
    <time>2025-10-28T16:15:20Z</time>
   </trkpt>
   <trkpt lat="22.5619140" lon="88.3509070">
    <ele>9.4</ele>
    <time>2025-10-28T16:15:21Z</time>
   </trkpt>
   <trkpt lat="22.5619350" lon="88.3509080">
    <ele>9.4</ele>
    <time>2025-10-28T16:15:22Z</time>
   </trkpt>
   <trkpt lat="22.5619440" lon="88.3509110">
    <ele>9.4</ele>
    <time>2025-10-28T16:15:23Z</time>
   </trkpt>
   <trkpt lat="22.5619540" lon="88.3509130">
    <ele>9.4</ele>
    <time>2025-10-28T16:15:24Z</time>
   </trkpt>
   <trkpt lat="22.5619690" lon="88.3509160">
    <ele>9.4</ele>
    <time>2025-10-28T16:15:25Z</time>
   </trkpt>
   <trkpt lat="22.5619810" lon="88.3509190">
    <ele>9.4</ele>
    <time>2025-10-28T16:15:26Z</time>
   </trkpt>
   <trkpt lat="22.5619940" lon="88.3509230">
    <ele>9.4</ele>
    <time>2025-10-28T16:15:27Z</time>
   </trkpt>
   <trkpt lat="22.5620110" lon="88.3509210">
    <ele>9.4</ele>
    <time>2025-10-28T16:15:28Z</time>
   </trkpt>
   <trkpt lat="22.5620330" lon="88.3509230">
    <ele>9.4</ele>
    <time>2025-10-28T16:15:29Z</time>
   </trkpt>
   <trkpt lat="22.5620410" lon="88.3509250">
    <ele>9.4</ele>
    <time>2025-10-28T16:15:30Z</time>
   </trkpt>
   <trkpt lat="22.5620500" lon="88.3509280">
    <ele>9.4</ele>
    <time>2025-10-28T16:15:31Z</time>
   </trkpt>
   <trkpt lat="22.5620710" lon="88.3509290">
    <ele>9.4</ele>
    <time>2025-10-28T16:15:32Z</time>
   </trkpt>
   <trkpt lat="22.5620780" lon="88.3509270">
    <ele>9.4</ele>
    <time>2025-10-28T16:15:33Z</time>
   </trkpt>
   <trkpt lat="22.5620860" lon="88.3509260">
    <ele>9.4</ele>
    <time>2025-10-28T16:15:34Z</time>
   </trkpt>
   <trkpt lat="22.5621050" lon="88.3509320">
    <ele>9.4</ele>
    <time>2025-10-28T16:15:35Z</time>
   </trkpt>
   <trkpt lat="22.5621140" lon="88.3509340">
    <ele>9.4</ele>
    <time>2025-10-28T16:15:36Z</time>
   </trkpt>
   <trkpt lat="22.5621230" lon="88.3509360">
    <ele>9.4</ele>
    <time>2025-10-28T16:15:37Z</time>
   </trkpt>
   <trkpt lat="22.5621380" lon="88.3509340">
    <ele>9.4</ele>
    <time>2025-10-28T16:15:38Z</time>
   </trkpt>
   <trkpt lat="22.5621540" lon="88.3509380">
    <ele>9.4</ele>
    <time>2025-10-28T16:15:39Z</time>
   </trkpt>
   <trkpt lat="22.5621750" lon="88.3509400">
    <ele>9.4</ele>
    <time>2025-10-28T16:15:40Z</time>
   </trkpt>
   <trkpt lat="22.5621850" lon="88.3509380">
    <ele>9.4</ele>
    <time>2025-10-28T16:15:41Z</time>
   </trkpt>
   <trkpt lat="22.5621950" lon="88.3509370">
    <ele>9.4</ele>
    <time>2025-10-28T16:15:42Z</time>
   </trkpt>
   <trkpt lat="22.5622050" lon="88.3509390">
    <ele>9.4</ele>
    <time>2025-10-28T16:15:43Z</time>
   </trkpt>
   <trkpt lat="22.5622140" lon="88.3509440">
    <ele>9.4</ele>
    <time>2025-10-28T16:15:44Z</time>
   </trkpt>
   <trkpt lat="22.5622230" lon="88.3509530">
    <ele>9.4</ele>
    <time>2025-10-28T16:15:45Z</time>
   </trkpt>
   <trkpt lat="22.5622540" lon="88.3509640">
    <ele>9.5</ele>
    <time>2025-10-28T16:15:46Z</time>
   </trkpt>
   <trkpt lat="22.5622640" lon="88.3509680">
    <ele>9.5</ele>
    <time>2025-10-28T16:15:47Z</time>
   </trkpt>
   <trkpt lat="22.5622750" lon="88.3509650">
    <ele>9.5</ele>
    <time>2025-10-28T16:15:48Z</time>
   </trkpt>
   <trkpt lat="22.5622880" lon="88.3509720">
    <ele>9.5</ele>
    <time>2025-10-28T16:15:49Z</time>
   </trkpt>
   <trkpt lat="22.5622960" lon="88.3509700">
    <ele>9.5</ele>
    <time>2025-10-28T16:15:50Z</time>
   </trkpt>
   <trkpt lat="22.5623070" lon="88.3509740">
    <ele>9.5</ele>
    <time>2025-10-28T16:15:51Z</time>
   </trkpt>
   <trkpt lat="22.5623170" lon="88.3509770">
    <ele>9.5</ele>
    <time>2025-10-28T16:15:52Z</time>
   </trkpt>
   <trkpt lat="22.5623280" lon="88.3509850">
    <ele>9.5</ele>
    <time>2025-10-28T16:15:53Z</time>
   </trkpt>
   <trkpt lat="22.5623420" lon="88.3509890">
    <ele>9.5</ele>
    <time>2025-10-28T16:15:54Z</time>
   </trkpt>
   <trkpt lat="22.5623520" lon="88.3510020">
    <ele>9.5</ele>
    <time>2025-10-28T16:15:55Z</time>
   </trkpt>
   <trkpt lat="22.5623630" lon="88.3510030">
    <ele>9.5</ele>
    <time>2025-10-28T16:15:56Z</time>
   </trkpt>
   <trkpt lat="22.5623770" lon="88.3510060">
    <ele>9.5</ele>
    <time>2025-10-28T16:15:57Z</time>
   </trkpt>
   <trkpt lat="22.5623860" lon="88.3510070">
    <ele>9.5</ele>
    <time>2025-10-28T16:15:58Z</time>
   </trkpt>
   <trkpt lat="22.5624030" lon="88.3510150">
    <ele>9.5</ele>
    <time>2025-10-28T16:15:59Z</time>
   </trkpt>
   <trkpt lat="22.5624130" lon="88.3510170">
    <ele>9.5</ele>
    <time>2025-10-28T16:16:00Z</time>
   </trkpt>
   <trkpt lat="22.5624220" lon="88.3510200">
    <ele>9.5</ele>
    <time>2025-10-28T16:16:01Z</time>
   </trkpt>
   <trkpt lat="22.5624290" lon="88.3510250">
    <ele>9.5</ele>
    <time>2025-10-28T16:16:02Z</time>
   </trkpt>
   <trkpt lat="22.5624410" lon="88.3510220">
    <ele>9.5</ele>
    <time>2025-10-28T16:16:03Z</time>
   </trkpt>
   <trkpt lat="22.5624570" lon="88.3510210">
    <ele>9.5</ele>
    <time>2025-10-28T16:16:04Z</time>
   </trkpt>
   <trkpt lat="22.5624640" lon="88.3510290">
    <ele>9.5</ele>
    <time>2025-10-28T16:16:05Z</time>
   </trkpt>
   <trkpt lat="22.5624750" lon="88.3510370">
    <ele>9.5</ele>
    <time>2025-10-28T16:16:06Z</time>
   </trkpt>
   <trkpt lat="22.5624810" lon="88.3510380">
    <ele>9.5</ele>
    <time>2025-10-28T16:16:07Z</time>
   </trkpt>
   <trkpt lat="22.5625010" lon="88.3510460">
    <ele>9.5</ele>
    <time>2025-10-28T16:16:08Z</time>
   </trkpt>
   <trkpt lat="22.5625090" lon="88.3510480">
    <ele>9.5</ele>
    <time>2025-10-28T16:16:09Z</time>
   </trkpt>
   <trkpt lat="22.5625180" lon="88.3510500">
    <ele>9.5</ele>
    <time>2025-10-28T16:16:10Z</time>
   </trkpt>
   <trkpt lat="22.5625390" lon="88.3510470">
    <ele>9.5</ele>
    <time>2025-10-28T16:16:11Z</time>
   </trkpt>
   <trkpt lat="22.5625480" lon="88.3510460">
    <ele>9.5</ele>
    <time>2025-10-28T16:16:12Z</time>
   </trkpt>
   <trkpt lat="22.5625580" lon="88.3510450">
    <ele>9.5</ele>
    <time>2025-10-28T16:16:13Z</time>
   </trkpt>
   <trkpt lat="22.5625850" lon="88.3510650">
    <ele>9.5</ele>
    <time>2025-10-28T16:16:14Z</time>
   </trkpt>
   <trkpt lat="22.5625940" lon="88.3510670">
    <ele>9.5</ele>
    <time>2025-10-28T16:16:15Z</time>
   </trkpt>
   <trkpt lat="22.5626010" lon="88.3510660">
    <ele>9.5</ele>
    <time>2025-10-28T16:16:16Z</time>
   </trkpt>
   <trkpt lat="22.5626090" lon="88.3510700">
    <ele>9.5</ele>
    <time>2025-10-28T16:16:17Z</time>
   </trkpt>
   <trkpt lat="22.5626240" lon="88.3510690">
    <ele>9.5</ele>
    <time>2025-10-28T16:16:18Z</time>
   </trkpt>
   <trkpt lat="22.5626370" lon="88.3510630">
    <ele>9.5</ele>
    <time>2025-10-28T16:16:19Z</time>
   </trkpt>
   <trkpt lat="22.5626500" lon="88.3510630">
    <ele>9.5</ele>
    <time>2025-10-28T16:16:20Z</time>
   </trkpt>
   <trkpt lat="22.5626720" lon="88.3510600">
    <ele>9.5</ele>
    <time>2025-10-28T16:16:21Z</time>
   </trkpt>
   <trkpt lat="22.5626820" lon="88.3510590">
    <ele>9.5</ele>
    <time>2025-10-28T16:16:22Z</time>
   </trkpt>
   <trkpt lat="22.5626910" lon="88.3510570">
    <ele>9.5</ele>
    <time>2025-10-28T16:16:23Z</time>
   </trkpt>
   <trkpt lat="22.5626980" lon="88.3510510">
    <ele>9.5</ele>
    <time>2025-10-28T16:16:24Z</time>
   </trkpt>
   <trkpt lat="22.5627200" lon="88.3510510">
    <ele>9.5</ele>
    <time>2025-10-28T16:16:25Z</time>
   </trkpt>
   <trkpt lat="22.5627570" lon="88.3510450">
    <ele>9.5</ele>
    <time>2025-10-28T16:16:26Z</time>
   </trkpt>
   <trkpt lat="22.5627700" lon="88.3510410">
    <ele>9.5</ele>
    <time>2025-10-28T16:16:27Z</time>
   </trkpt>
   <trkpt lat="22.5627930" lon="88.3510350">
    <ele>9.5</ele>
    <time>2025-10-28T16:16:28Z</time>
   </trkpt>
   <trkpt lat="22.5628040" lon="88.3510390">
    <ele>9.5</ele>
    <time>2025-10-28T16:16:29Z</time>
   </trkpt>
   <trkpt lat="22.5628220" lon="88.3510380">
    <ele>9.5</ele>
    <time>2025-10-28T16:16:30Z</time>
   </trkpt>
   <trkpt lat="22.5628370" lon="88.3510380">
    <ele>9.5</ele>
    <time>2025-10-28T16:16:31Z</time>
   </trkpt>
   <trkpt lat="22.5628490" lon="88.3510520">
    <ele>9.5</ele>
    <time>2025-10-28T16:16:32Z</time>
   </trkpt>
   <trkpt lat="22.5628590" lon="88.3510610">
    <ele>9.5</ele>
    <time>2025-10-28T16:16:33Z</time>
   </trkpt>
   <trkpt lat="22.5628750" lon="88.3510600">
    <ele>9.5</ele>
    <time>2025-10-28T16:16:34Z</time>
   </trkpt>
   <trkpt lat="22.5628930" lon="88.3510650">
    <ele>9.5</ele>
    <time>2025-10-28T16:16:35Z</time>
   </trkpt>
   <trkpt lat="22.5629220" lon="88.3510730">
    <ele>9.5</ele>
    <time>2025-10-28T16:16:36Z</time>
   </trkpt>
   <trkpt lat="22.5629290" lon="88.3510760">
    <ele>9.5</ele>
    <time>2025-10-28T16:16:37Z</time>
   </trkpt>
   <trkpt lat="22.5629550" lon="88.3510740">
    <ele>9.5</ele>
    <time>2025-10-28T16:16:38Z</time>
   </trkpt>
   <trkpt lat="22.5629590" lon="88.3510780">
    <ele>9.5</ele>
    <time>2025-10-28T16:16:39Z</time>
   </trkpt>
   <trkpt lat="22.5629640" lon="88.3510810">
    <ele>9.5</ele>
    <time>2025-10-28T16:16:40Z</time>
   </trkpt>
   <trkpt lat="22.5629680" lon="88.3510850">
    <ele>9.5</ele>
    <time>2025-10-28T16:16:41Z</time>
   </trkpt>
   <trkpt lat="22.5629730" lon="88.3510880">
    <ele>9.5</ele>
    <time>2025-10-28T16:16:42Z</time>
   </trkpt>
   <trkpt lat="22.5629900" lon="88.3510900">
    <ele>9.5</ele>
    <time>2025-10-28T16:16:43Z</time>
   </trkpt>
   <trkpt lat="22.5630040" lon="88.3510920">
    <ele>9.5</ele>
    <time>2025-10-28T16:16:44Z</time>
   </trkpt>
   <trkpt lat="22.5630150" lon="88.3510980">
    <ele>9.5</ele>
    <time>2025-10-28T16:16:45Z</time>
   </trkpt>
   <trkpt lat="22.5630270" lon="88.3510910">
    <ele>9.5</ele>
    <time>2025-10-28T16:16:46Z</time>
   </trkpt>
   <trkpt lat="22.5630340" lon="88.3510950">
    <ele>9.5</ele>
    <time>2025-10-28T16:16:47Z</time>
   </trkpt>
   <trkpt lat="22.5630410" lon="88.3510920">
    <ele>9.5</ele>
    <time>2025-10-28T16:16:49Z</time>
   </trkpt>
   <trkpt lat="22.5630520" lon="88.3510910">
    <ele>9.5</ele>
    <time>2025-10-28T16:16:50Z</time>
   </trkpt>
   <trkpt lat="22.5630610" lon="88.3510880">
    <ele>9.5</ele>
    <time>2025-10-28T16:16:51Z</time>
   </trkpt>
   <trkpt lat="22.5630780" lon="88.3510900">
    <ele>9.5</ele>
    <time>2025-10-28T16:16:52Z</time>
   </trkpt>
   <trkpt lat="22.5630970" lon="88.3510920">
    <ele>9.5</ele>
    <time>2025-10-28T16:16:53Z</time>
   </trkpt>
   <trkpt lat="22.5631030" lon="88.3510980">
    <ele>9.5</ele>
    <time>2025-10-28T16:16:54Z</time>
   </trkpt>
   <trkpt lat="22.5631120" lon="88.3511040">
    <ele>9.5</ele>
    <time>2025-10-28T16:16:55Z</time>
   </trkpt>
   <trkpt lat="22.5631250" lon="88.3511150">
    <ele>9.5</ele>
    <time>2025-10-28T16:16:56Z</time>
   </trkpt>
   <trkpt lat="22.5631300" lon="88.3511180">
    <ele>9.5</ele>
    <time>2025-10-28T16:16:57Z</time>
   </trkpt>
   <trkpt lat="22.5631390" lon="88.3511230">
    <ele>9.5</ele>
    <time>2025-10-28T16:16:58Z</time>
   </trkpt>
   <trkpt lat="22.5631480" lon="88.3511320">
    <ele>9.5</ele>
    <time>2025-10-28T16:16:59Z</time>
   </trkpt>
   <trkpt lat="22.5631640" lon="88.3511420">
    <ele>9.5</ele>
    <time>2025-10-28T16:17:00Z</time>
   </trkpt>
   <trkpt lat="22.5631730" lon="88.3511480">
    <ele>9.5</ele>
    <time>2025-10-28T16:17:01Z</time>
   </trkpt>
   <trkpt lat="22.5631820" lon="88.3511530">
    <ele>9.6</ele>
    <time>2025-10-28T16:17:02Z</time>
   </trkpt>
   <trkpt lat="22.5631940" lon="88.3511600">
    <ele>9.6</ele>
    <time>2025-10-28T16:17:03Z</time>
   </trkpt>
   <trkpt lat="22.5632080" lon="88.3511650">
    <ele>9.6</ele>
    <time>2025-10-28T16:17:04Z</time>
   </trkpt>
   <trkpt lat="22.5632220" lon="88.3511750">
    <ele>9.6</ele>
    <time>2025-10-28T16:17:05Z</time>
   </trkpt>
   <trkpt lat="22.5632330" lon="88.3511790">
    <ele>9.6</ele>
    <time>2025-10-28T16:17:06Z</time>
   </trkpt>
   <trkpt lat="22.5632440" lon="88.3511820">
    <ele>9.6</ele>
    <time>2025-10-28T16:17:07Z</time>
   </trkpt>
   <trkpt lat="22.5632630" lon="88.3511770">
    <ele>9.6</ele>
    <time>2025-10-28T16:17:08Z</time>
   </trkpt>
   <trkpt lat="22.5632710" lon="88.3511730">
    <ele>9.6</ele>
    <time>2025-10-28T16:17:09Z</time>
   </trkpt>
   <trkpt lat="22.5632800" lon="88.3511680">
    <ele>9.6</ele>
    <time>2025-10-28T16:17:10Z</time>
   </trkpt>
   <trkpt lat="22.5632940" lon="88.3511660">
    <ele>9.6</ele>
    <time>2025-10-28T16:17:11Z</time>
   </trkpt>
   <trkpt lat="22.5633140" lon="88.3511650">
    <ele>9.6</ele>
    <time>2025-10-28T16:17:12Z</time>
   </trkpt>
   <trkpt lat="22.5633180" lon="88.3511610">
    <ele>9.6</ele>
    <time>2025-10-28T16:17:13Z</time>
   </trkpt>
   <trkpt lat="22.5633280" lon="88.3511640">
    <ele>9.6</ele>
    <time>2025-10-28T16:17:14Z</time>
   </trkpt>
   <trkpt lat="22.5633340" lon="88.3511620">
    <ele>9.6</ele>
    <time>2025-10-28T16:17:15Z</time>
   </trkpt>
   <trkpt lat="22.5633470" lon="88.3511600">
    <ele>9.6</ele>
    <time>2025-10-28T16:17:16Z</time>
   </trkpt>
   <trkpt lat="22.5633600" lon="88.3511560">
    <ele>9.6</ele>
    <time>2025-10-28T16:17:17Z</time>
   </trkpt>
   <trkpt lat="22.5633710" lon="88.3511600">
    <ele>9.6</ele>
    <time>2025-10-28T16:17:18Z</time>
   </trkpt>
   <trkpt lat="22.5633810" lon="88.3511700">
    <ele>9.7</ele>
    <time>2025-10-28T16:17:19Z</time>
   </trkpt>
   <trkpt lat="22.5633630" lon="88.3511840">
    <ele>9.7</ele>
    <time>2025-10-28T16:17:20Z</time>
   </trkpt>
   <trkpt lat="22.5633770" lon="88.3512030">
    <ele>9.7</ele>
    <time>2025-10-28T16:17:21Z</time>
   </trkpt>
   <trkpt lat="22.5633930" lon="88.3512240">
    <ele>9.7</ele>
    <time>2025-10-28T16:17:22Z</time>
   </trkpt>
   <trkpt lat="22.5634020" lon="88.3512330">
    <ele>9.7</ele>
    <time>2025-10-28T16:17:23Z</time>
   </trkpt>
   <trkpt lat="22.5634190" lon="88.3512480">
    <ele>9.7</ele>
    <time>2025-10-28T16:17:24Z</time>
   </trkpt>
   <trkpt lat="22.5634270" lon="88.3512610">
    <ele>9.7</ele>
    <time>2025-10-28T16:17:25Z</time>
   </trkpt>
   <trkpt lat="22.5634370" lon="88.3512670">
    <ele>9.7</ele>
    <time>2025-10-28T16:17:26Z</time>
   </trkpt>
   <trkpt lat="22.5634550" lon="88.3512700">
    <ele>9.7</ele>
    <time>2025-10-28T16:17:27Z</time>
   </trkpt>
   <trkpt lat="22.5634730" lon="88.3512660">
    <ele>9.7</ele>
    <time>2025-10-28T16:17:28Z</time>
   </trkpt>
   <trkpt lat="22.5634880" lon="88.3512720">
    <ele>9.8</ele>
    <time>2025-10-28T16:17:29Z</time>
   </trkpt>
   <trkpt lat="22.5634940" lon="88.3512780">
    <ele>9.8</ele>
    <time>2025-10-28T16:17:30Z</time>
   </trkpt>
   <trkpt lat="22.5634960" lon="88.3512760">
    <ele>9.8</ele>
    <time>2025-10-28T16:17:31Z</time>
   </trkpt>
   <trkpt lat="22.5635050" lon="88.3512780">
    <ele>9.8</ele>
    <time>2025-10-28T16:17:32Z</time>
   </trkpt>
   <trkpt lat="22.5635100" lon="88.3512790">
    <ele>9.8</ele>
    <time>2025-10-28T16:17:33Z</time>
   </trkpt>
   <trkpt lat="22.5635190" lon="88.3512820">
    <ele>9.8</ele>
    <time>2025-10-28T16:17:34Z</time>
   </trkpt>
   <trkpt lat="22.5635300" lon="88.3512830">
    <ele>9.8</ele>
    <time>2025-10-28T16:17:35Z</time>
   </trkpt>
   <trkpt lat="22.5635430" lon="88.3512850">
    <ele>9.8</ele>
    <time>2025-10-28T16:17:36Z</time>
   </trkpt>
   <trkpt lat="22.5635530" lon="88.3512810">
    <ele>9.8</ele>
    <time>2025-10-28T16:17:37Z</time>
   </trkpt>
   <trkpt lat="22.5635720" lon="88.3512740">
    <ele>9.8</ele>
    <time>2025-10-28T16:17:38Z</time>
   </trkpt>
   <trkpt lat="22.5635840" lon="88.3512720">
    <ele>9.8</ele>
    <time>2025-10-28T16:17:39Z</time>
   </trkpt>
   <trkpt lat="22.5635950" lon="88.3512710">
    <ele>9.8</ele>
    <time>2025-10-28T16:17:40Z</time>
   </trkpt>
   <trkpt lat="22.5636160" lon="88.3512730">
    <ele>9.8</ele>
    <time>2025-10-28T16:17:41Z</time>
   </trkpt>
   <trkpt lat="22.5636280" lon="88.3512650">
    <ele>9.8</ele>
    <time>2025-10-28T16:17:42Z</time>
   </trkpt>
   <trkpt lat="22.5636450" lon="88.3512630">
    <ele>9.8</ele>
    <time>2025-10-28T16:17:43Z</time>
   </trkpt>
   <trkpt lat="22.5636600" lon="88.3512570">
    <ele>9.9</ele>
    <time>2025-10-28T16:17:44Z</time>
   </trkpt>
   <trkpt lat="22.5636760" lon="88.3512600">
    <ele>9.9</ele>
    <time>2025-10-28T16:17:45Z</time>
   </trkpt>
   <trkpt lat="22.5636940" lon="88.3512630">
    <ele>9.9</ele>
    <time>2025-10-28T16:17:46Z</time>
   </trkpt>
   <trkpt lat="22.5637120" lon="88.3512620">
    <ele>9.9</ele>
    <time>2025-10-28T16:17:47Z</time>
   </trkpt>
   <trkpt lat="22.5637240" lon="88.3512620">
    <ele>9.9</ele>
    <time>2025-10-28T16:17:48Z</time>
   </trkpt>
   <trkpt lat="22.5637350" lon="88.3512580">
    <ele>9.9</ele>
    <time>2025-10-28T16:17:49Z</time>
   </trkpt>
   <trkpt lat="22.5637530" lon="88.3512630">
    <ele>9.9</ele>
    <time>2025-10-28T16:17:50Z</time>
   </trkpt>
   <trkpt lat="22.5637710" lon="88.3512640">
    <ele>9.9</ele>
    <time>2025-10-28T16:17:51Z</time>
   </trkpt>
   <trkpt lat="22.5637860" lon="88.3512670">
    <ele>9.9</ele>
    <time>2025-10-28T16:17:52Z</time>
   </trkpt>
   <trkpt lat="22.5638130" lon="88.3512730">
    <ele>9.9</ele>
    <time>2025-10-28T16:17:53Z</time>
   </trkpt>
   <trkpt lat="22.5638220" lon="88.3512750">
    <ele>9.9</ele>
    <time>2025-10-28T16:17:54Z</time>
   </trkpt>
   <trkpt lat="22.5638340" lon="88.3512760">
    <ele>9.9</ele>
    <time>2025-10-28T16:17:55Z</time>
   </trkpt>
   <trkpt lat="22.5638540" lon="88.3512840">
    <ele>10.0</ele>
    <time>2025-10-28T16:17:56Z</time>
   </trkpt>
   <trkpt lat="22.5638840" lon="88.3512870">
    <ele>10.0</ele>
    <time>2025-10-28T16:17:57Z</time>
   </trkpt>
   <trkpt lat="22.5638930" lon="88.3512890">
    <ele>10.0</ele>
    <time>2025-10-28T16:17:58Z</time>
   </trkpt>
   <trkpt lat="22.5638960" lon="88.3512940">
    <ele>10.0</ele>
    <time>2025-10-28T16:17:59Z</time>
   </trkpt>
   <trkpt lat="22.5639010" lon="88.3512910">
    <ele>10.0</ele>
    <time>2025-10-28T16:18:00Z</time>
   </trkpt>
   <trkpt lat="22.5639110" lon="88.3512960">
    <ele>10.0</ele>
    <time>2025-10-28T16:18:01Z</time>
   </trkpt>
   <trkpt lat="22.5639280" lon="88.3512990">
    <ele>10.0</ele>
    <time>2025-10-28T16:18:02Z</time>
   </trkpt>
   <trkpt lat="22.5639350" lon="88.3513010">
    <ele>10.0</ele>
    <time>2025-10-28T16:18:03Z</time>
   </trkpt>
   <trkpt lat="22.5639490" lon="88.3513090">
    <ele>10.0</ele>
    <time>2025-10-28T16:18:04Z</time>
   </trkpt>
   <trkpt lat="22.5639540" lon="88.3513080">
    <ele>10.0</ele>
    <time>2025-10-28T16:18:05Z</time>
   </trkpt>
   <trkpt lat="22.5639620" lon="88.3513110">
    <ele>10.0</ele>
    <time>2025-10-28T16:18:06Z</time>
   </trkpt>
   <trkpt lat="22.5639710" lon="88.3513140">
    <ele>10.0</ele>
    <time>2025-10-28T16:18:07Z</time>
   </trkpt>
   <trkpt lat="22.5639750" lon="88.3513210">
    <ele>10.0</ele>
    <time>2025-10-28T16:18:08Z</time>
   </trkpt>
   <trkpt lat="22.5639870" lon="88.3513230">
    <ele>10.0</ele>
    <time>2025-10-28T16:18:09Z</time>
   </trkpt>
   <trkpt lat="22.5640050" lon="88.3513220">
    <ele>10.1</ele>
    <time>2025-10-28T16:18:10Z</time>
   </trkpt>
   <trkpt lat="22.5640160" lon="88.3513230">
    <ele>10.1</ele>
    <time>2025-10-28T16:18:11Z</time>
   </trkpt>
   <trkpt lat="22.5640280" lon="88.3513250">
    <ele>10.1</ele>
    <time>2025-10-28T16:18:12Z</time>
   </trkpt>
   <trkpt lat="22.5640340" lon="88.3513340">
    <ele>10.1</ele>
    <time>2025-10-28T16:18:13Z</time>
   </trkpt>
   <trkpt lat="22.5640460" lon="88.3513320">
    <ele>10.1</ele>
    <time>2025-10-28T16:18:14Z</time>
   </trkpt>
   <trkpt lat="22.5640590" lon="88.3513380">
    <ele>10.1</ele>
    <time>2025-10-28T16:18:15Z</time>
   </trkpt>
   <trkpt lat="22.5640650" lon="88.3513480">
    <ele>10.1</ele>
    <time>2025-10-28T16:18:16Z</time>
   </trkpt>
   <trkpt lat="22.5640750" lon="88.3513580">
    <ele>10.1</ele>
    <time>2025-10-28T16:18:17Z</time>
   </trkpt>
   <trkpt lat="22.5640780" lon="88.3513630">
    <ele>10.1</ele>
    <time>2025-10-28T16:18:18Z</time>
   </trkpt>
   <trkpt lat="22.5640870" lon="88.3513610">
    <ele>10.1</ele>
    <time>2025-10-28T16:18:19Z</time>
   </trkpt>
   <trkpt lat="22.5640950" lon="88.3513680">
    <ele>10.1</ele>
    <time>2025-10-28T16:18:20Z</time>
   </trkpt>
   <trkpt lat="22.5641030" lon="88.3513760">
    <ele>10.1</ele>
    <time>2025-10-28T16:18:21Z</time>
   </trkpt>
   <trkpt lat="22.5641210" lon="88.3513820">
    <ele>10.1</ele>
    <time>2025-10-28T16:18:22Z</time>
   </trkpt>
   <trkpt lat="22.5641310" lon="88.3513850">
    <ele>10.1</ele>
    <time>2025-10-28T16:18:23Z</time>
   </trkpt>
   <trkpt lat="22.5641420" lon="88.3513870">
    <ele>10.2</ele>
    <time>2025-10-28T16:18:24Z</time>
   </trkpt>
   <trkpt lat="22.5641700" lon="88.3513980">
    <ele>10.2</ele>
    <time>2025-10-28T16:18:25Z</time>
   </trkpt>
   <trkpt lat="22.5641960" lon="88.3514050">
    <ele>10.2</ele>
    <time>2025-10-28T16:18:26Z</time>
   </trkpt>
   <trkpt lat="22.5642030" lon="88.3514070">
    <ele>10.2</ele>
    <time>2025-10-28T16:18:27Z</time>
   </trkpt>
   <trkpt lat="22.5642110" lon="88.3514090">
    <ele>10.2</ele>
    <time>2025-10-28T16:18:28Z</time>
   </trkpt>
   <trkpt lat="22.5642250" lon="88.3514090">
    <ele>10.2</ele>
    <time>2025-10-28T16:18:29Z</time>
   </trkpt>
   <trkpt lat="22.5642460" lon="88.3514080">
    <ele>10.2</ele>
    <time>2025-10-28T16:18:30Z</time>
   </trkpt>
   <trkpt lat="22.5642680" lon="88.3514130">
    <ele>10.2</ele>
    <time>2025-10-28T16:18:31Z</time>
   </trkpt>
   <trkpt lat="22.5642770" lon="88.3514140">
    <ele>10.2</ele>
    <time>2025-10-28T16:18:32Z</time>
   </trkpt>
   <trkpt lat="22.5642860" lon="88.3514160">
    <ele>10.2</ele>
    <time>2025-10-28T16:18:33Z</time>
   </trkpt>
   <trkpt lat="22.5643180" lon="88.3514100">
    <ele>10.3</ele>
    <time>2025-10-28T16:18:34Z</time>
   </trkpt>
   <trkpt lat="22.5643290" lon="88.3514090">
    <ele>10.3</ele>
    <time>2025-10-28T16:18:35Z</time>
   </trkpt>
   <trkpt lat="22.5643550" lon="88.3514160">
    <ele>10.3</ele>
    <time>2025-10-28T16:18:36Z</time>
   </trkpt>
   <trkpt lat="22.5643620" lon="88.3514160">
    <ele>10.3</ele>
    <time>2025-10-28T16:18:37Z</time>
   </trkpt>
   <trkpt lat="22.5643690" lon="88.3514160">
    <ele>10.3</ele>
    <time>2025-10-28T16:18:38Z</time>
   </trkpt>
   <trkpt lat="22.5643770" lon="88.3514090">
    <ele>10.3</ele>
    <time>2025-10-28T16:18:39Z</time>
   </trkpt>
   <trkpt lat="22.5644000" lon="88.3514040">
    <ele>10.3</ele>
    <time>2025-10-28T16:18:40Z</time>
   </trkpt>
   <trkpt lat="22.5644270" lon="88.3514000">
    <ele>10.3</ele>
    <time>2025-10-28T16:18:41Z</time>
   </trkpt>
   <trkpt lat="22.5644570" lon="88.3514000">
    <ele>10.3</ele>
    <time>2025-10-28T16:18:42Z</time>
   </trkpt>
   <trkpt lat="22.5644640" lon="88.3513970">
    <ele>10.3</ele>
    <time>2025-10-28T16:18:43Z</time>
   </trkpt>
   <trkpt lat="22.5644840" lon="88.3513990">
    <ele>10.3</ele>
    <time>2025-10-28T16:18:44Z</time>
   </trkpt>
   <trkpt lat="22.5644870" lon="88.3514080">
    <ele>10.3</ele>
    <time>2025-10-28T16:18:45Z</time>
   </trkpt>
   <trkpt lat="22.5644910" lon="88.3514170">
    <ele>10.3</ele>
    <time>2025-10-28T16:18:46Z</time>
   </trkpt>
   <trkpt lat="22.5644970" lon="88.3514210">
    <ele>10.3</ele>
    <time>2025-10-28T16:18:47Z</time>
   </trkpt>
   <trkpt lat="22.5645070" lon="88.3514310">
    <ele>10.3</ele>
    <time>2025-10-28T16:18:48Z</time>
   </trkpt>
   <trkpt lat="22.5645170" lon="88.3514340">
    <ele>10.3</ele>
    <time>2025-10-28T16:18:49Z</time>
   </trkpt>
   <trkpt lat="22.5645160" lon="88.3514400">
    <ele>10.3</ele>
    <time>2025-10-28T16:18:50Z</time>
   </trkpt>
   <trkpt lat="22.5645170" lon="88.3514430">
    <ele>10.3</ele>
    <time>2025-10-28T16:18:51Z</time>
   </trkpt>
   <trkpt lat="22.5645230" lon="88.3514460">
    <ele>10.3</ele>
    <time>2025-10-28T16:18:52Z</time>
   </trkpt>
   <trkpt lat="22.5645300" lon="88.3514460">
    <ele>10.3</ele>
    <time>2025-10-28T16:18:53Z</time>
   </trkpt>
   <trkpt lat="22.5645590" lon="88.3514530">
    <ele>10.3</ele>
    <time>2025-10-28T16:18:55Z</time>
   </trkpt>
   <trkpt lat="22.5645730" lon="88.3514550">
    <ele>10.3</ele>
    <time>2025-10-28T16:18:56Z</time>
   </trkpt>
   <trkpt lat="22.5645790" lon="88.3514540">
    <ele>10.3</ele>
    <time>2025-10-28T16:18:57Z</time>
   </trkpt>
   <trkpt lat="22.5645900" lon="88.3514580">
    <ele>10.3</ele>
    <time>2025-10-28T16:18:58Z</time>
   </trkpt>
   <trkpt lat="22.5646110" lon="88.3514660">
    <ele>10.3</ele>
    <time>2025-10-28T16:18:59Z</time>
   </trkpt>
   <trkpt lat="22.5646170" lon="88.3514720">
    <ele>10.3</ele>
    <time>2025-10-28T16:19:00Z</time>
   </trkpt>
   <trkpt lat="22.5646230" lon="88.3514770">
    <ele>10.3</ele>
    <time>2025-10-28T16:19:01Z</time>
   </trkpt>
   <trkpt lat="22.5646360" lon="88.3514710">
    <ele>10.3</ele>
    <time>2025-10-28T16:19:02Z</time>
   </trkpt>
   <trkpt lat="22.5646440" lon="88.3514760">
    <ele>10.3</ele>
    <time>2025-10-28T16:19:03Z</time>
   </trkpt>
   <trkpt lat="22.5646530" lon="88.3514800">
    <ele>10.3</ele>
    <time>2025-10-28T16:19:04Z</time>
   </trkpt>
   <trkpt lat="22.5646610" lon="88.3514850">
    <ele>10.3</ele>
    <time>2025-10-28T16:19:05Z</time>
   </trkpt>
   <trkpt lat="22.5646780" lon="88.3514830">
    <ele>10.3</ele>
    <time>2025-10-28T16:19:06Z</time>
   </trkpt>
   <trkpt lat="22.5646970" lon="88.3514820">
    <ele>10.3</ele>
    <time>2025-10-28T16:19:07Z</time>
   </trkpt>
   <trkpt lat="22.5647170" lon="88.3514830">
    <ele>10.3</ele>
    <time>2025-10-28T16:19:08Z</time>
   </trkpt>
   <trkpt lat="22.5647260" lon="88.3514850">
    <ele>10.3</ele>
    <time>2025-10-28T16:19:09Z</time>
   </trkpt>
   <trkpt lat="22.5647480" lon="88.3514920">
    <ele>10.3</ele>
    <time>2025-10-28T16:19:10Z</time>
   </trkpt>
   <trkpt lat="22.5647570" lon="88.3514960">
    <ele>10.3</ele>
    <time>2025-10-28T16:19:11Z</time>
   </trkpt>
   <trkpt lat="22.5647660" lon="88.3515000">
    <ele>10.3</ele>
    <time>2025-10-28T16:19:12Z</time>
   </trkpt>
   <trkpt lat="22.5647830" lon="88.3515010">
    <ele>10.3</ele>
    <time>2025-10-28T16:19:13Z</time>
   </trkpt>
   <trkpt lat="22.5647980" lon="88.3515120">
    <ele>10.3</ele>
    <time>2025-10-28T16:19:14Z</time>
   </trkpt>
   <trkpt lat="22.5648180" lon="88.3515310">
    <ele>10.3</ele>
    <time>2025-10-28T16:19:15Z</time>
   </trkpt>
   <trkpt lat="22.5648280" lon="88.3515400">
    <ele>10.3</ele>
    <time>2025-10-28T16:19:16Z</time>
   </trkpt>
   <trkpt lat="22.5648640" lon="88.3515290">
    <ele>10.3</ele>
    <time>2025-10-28T16:19:17Z</time>
   </trkpt>
   <trkpt lat="22.5649010" lon="88.3515370">
    <ele>10.3</ele>
    <time>2025-10-28T16:19:18Z</time>
   </trkpt>
   <trkpt lat="22.5649130" lon="88.3515360">
    <ele>10.3</ele>
    <time>2025-10-28T16:19:19Z</time>
   </trkpt>
   <trkpt lat="22.5649240" lon="88.3515350">
    <ele>10.4</ele>
    <time>2025-10-28T16:19:20Z</time>
   </trkpt>
   <trkpt lat="22.5649420" lon="88.3515370">
    <ele>10.4</ele>
    <time>2025-10-28T16:19:21Z</time>
   </trkpt>
   <trkpt lat="22.5649590" lon="88.3515450">
    <ele>10.4</ele>
    <time>2025-10-28T16:19:22Z</time>
   </trkpt>
   <trkpt lat="22.5649770" lon="88.3515440">
    <ele>10.4</ele>
    <time>2025-10-28T16:19:23Z</time>
   </trkpt>
   <trkpt lat="22.5649970" lon="88.3515420">
    <ele>10.4</ele>
    <time>2025-10-28T16:19:24Z</time>
   </trkpt>
   <trkpt lat="22.5650080" lon="88.3515460">
    <ele>10.4</ele>
    <time>2025-10-28T16:19:25Z</time>
   </trkpt>
   <trkpt lat="22.5650200" lon="88.3515450">
    <ele>10.4</ele>
    <time>2025-10-28T16:19:26Z</time>
   </trkpt>
   <trkpt lat="22.5650330" lon="88.3515590">
    <ele>10.4</ele>
    <time>2025-10-28T16:19:27Z</time>
   </trkpt>
   <trkpt lat="22.5650480" lon="88.3515720">
    <ele>10.4</ele>
    <time>2025-10-28T16:19:28Z</time>
   </trkpt>
   <trkpt lat="22.5650560" lon="88.3515780">
    <ele>10.4</ele>
    <time>2025-10-28T16:19:29Z</time>
   </trkpt>
   <trkpt lat="22.5650640" lon="88.3515830">
    <ele>10.4</ele>
    <time>2025-10-28T16:19:30Z</time>
   </trkpt>
   <trkpt lat="22.5650770" lon="88.3515910">
    <ele>10.4</ele>
    <time>2025-10-28T16:19:31Z</time>
   </trkpt>
   <trkpt lat="22.5650910" lon="88.3515990">
    <ele>10.4</ele>
    <time>2025-10-28T16:19:32Z</time>
   </trkpt>
   <trkpt lat="22.5651170" lon="88.3515940">
    <ele>10.4</ele>
    <time>2025-10-28T16:19:33Z</time>
   </trkpt>
   <trkpt lat="22.5651230" lon="88.3515970">
    <ele>10.4</ele>
    <time>2025-10-28T16:19:34Z</time>
   </trkpt>
   <trkpt lat="22.5651300" lon="88.3515990">
    <ele>10.4</ele>
    <time>2025-10-28T16:19:35Z</time>
   </trkpt>
   <trkpt lat="22.5651440" lon="88.3516000">
    <ele>10.4</ele>
    <time>2025-10-28T16:19:36Z</time>
   </trkpt>
   <trkpt lat="22.5651650" lon="88.3515880">
    <ele>10.4</ele>
    <time>2025-10-28T16:19:37Z</time>
   </trkpt>
   <trkpt lat="22.5651920" lon="88.3515930">
    <ele>10.4</ele>
    <time>2025-10-28T16:19:38Z</time>
   </trkpt>
   <trkpt lat="22.5652010" lon="88.3516010">
    <ele>10.4</ele>
    <time>2025-10-28T16:19:39Z</time>
   </trkpt>
   <trkpt lat="22.5652070" lon="88.3515950">
    <ele>10.4</ele>
    <time>2025-10-28T16:19:40Z</time>
   </trkpt>
   <trkpt lat="22.5652150" lon="88.3515990">
    <ele>10.4</ele>
    <time>2025-10-28T16:19:41Z</time>
   </trkpt>
   <trkpt lat="22.5652270" lon="88.3516050">
    <ele>10.4</ele>
    <time>2025-10-28T16:19:42Z</time>
   </trkpt>
   <trkpt lat="22.5652340" lon="88.3516110">
    <ele>10.4</ele>
    <time>2025-10-28T16:19:43Z</time>
   </trkpt>
   <trkpt lat="22.5652470" lon="88.3516170">
    <ele>10.4</ele>
    <time>2025-10-28T16:19:44Z</time>
   </trkpt>
   <trkpt lat="22.5652580" lon="88.3516270">
    <ele>10.3</ele>
    <time>2025-10-28T16:19:45Z</time>
   </trkpt>
   <trkpt lat="22.5652750" lon="88.3516400">
    <ele>10.3</ele>
    <time>2025-10-28T16:19:46Z</time>
   </trkpt>
   <trkpt lat="22.5652790" lon="88.3516470">
    <ele>10.3</ele>
    <time>2025-10-28T16:19:47Z</time>
   </trkpt>
   <trkpt lat="22.5652760" lon="88.3516520">
    <ele>10.3</ele>
    <time>2025-10-28T16:19:48Z</time>
   </trkpt>
   <trkpt lat="22.5652750" lon="88.3516680">
    <ele>10.3</ele>
    <time>2025-10-28T16:19:49Z</time>
   </trkpt>
   <trkpt lat="22.5652770" lon="88.3516800">
    <ele>10.3</ele>
    <time>2025-10-28T16:19:50Z</time>
   </trkpt>
   <trkpt lat="22.5652740" lon="88.3516790">
    <ele>10.3</ele>
    <time>2025-10-28T16:19:51Z</time>
   </trkpt>
   <trkpt lat="22.5652720" lon="88.3516720">
    <ele>10.2</ele>
    <time>2025-10-28T16:19:52Z</time>
   </trkpt>
   <trkpt lat="22.5652660" lon="88.3516640">
    <ele>10.2</ele>
    <time>2025-10-28T16:19:53Z</time>
   </trkpt>
   <trkpt lat="22.5652640" lon="88.3516590">
    <ele>10.2</ele>
    <time>2025-10-28T16:19:54Z</time>
   </trkpt>
   <trkpt lat="22.5652720" lon="88.3516560">
    <ele>10.2</ele>
    <time>2025-10-28T16:19:55Z</time>
   </trkpt>
   <trkpt lat="22.5652930" lon="88.3516530">
    <ele>10.2</ele>
    <time>2025-10-28T16:19:56Z</time>
   </trkpt>
   <trkpt lat="22.5653080" lon="88.3516610">
    <ele>10.2</ele>
    <time>2025-10-28T16:19:57Z</time>
   </trkpt>
   <trkpt lat="22.5653160" lon="88.3516740">
    <ele>10.2</ele>
    <time>2025-10-28T16:19:58Z</time>
   </trkpt>
   <trkpt lat="22.5653210" lon="88.3516890">
    <ele>10.2</ele>
    <time>2025-10-28T16:19:59Z</time>
   </trkpt>
   <trkpt lat="22.5653230" lon="88.3516960">
    <ele>10.2</ele>
    <time>2025-10-28T16:20:00Z</time>
   </trkpt>
   <trkpt lat="22.5653210" lon="88.3517040">
    <ele>10.2</ele>
    <time>2025-10-28T16:20:01Z</time>
   </trkpt>
   <trkpt lat="22.5653260" lon="88.3517060">
    <ele>10.2</ele>
    <time>2025-10-28T16:20:02Z</time>
   </trkpt>
   <trkpt lat="22.5653370" lon="88.3517150">
    <ele>10.2</ele>
    <time>2025-10-28T16:20:03Z</time>
   </trkpt>
   <trkpt lat="22.5653480" lon="88.3517160">
    <ele>10.2</ele>
    <time>2025-10-28T16:20:04Z</time>
   </trkpt>
   <trkpt lat="22.5653550" lon="88.3517210">
    <ele>10.2</ele>
    <time>2025-10-28T16:20:05Z</time>
   </trkpt>
   <trkpt lat="22.5653650" lon="88.3517300">
    <ele>10.2</ele>
    <time>2025-10-28T16:20:06Z</time>
   </trkpt>
   <trkpt lat="22.5653730" lon="88.3517400">
    <ele>10.2</ele>
    <time>2025-10-28T16:20:07Z</time>
   </trkpt>
   <trkpt lat="22.5653750" lon="88.3517410">
    <ele>10.2</ele>
    <time>2025-10-28T16:20:08Z</time>
   </trkpt>
   <trkpt lat="22.5653840" lon="88.3517520">
    <ele>10.2</ele>
    <time>2025-10-28T16:20:09Z</time>
   </trkpt>
   <trkpt lat="22.5653950" lon="88.3517570">
    <ele>10.2</ele>
    <time>2025-10-28T16:20:10Z</time>
   </trkpt>
   <trkpt lat="22.5654070" lon="88.3517640">
    <ele>10.2</ele>
    <time>2025-10-28T16:20:11Z</time>
   </trkpt>
   <trkpt lat="22.5654220" lon="88.3517700">
    <ele>10.2</ele>
    <time>2025-10-28T16:20:12Z</time>
   </trkpt>
   <trkpt lat="22.5654420" lon="88.3517740">
    <ele>10.2</ele>
    <time>2025-10-28T16:20:13Z</time>
   </trkpt>
   <trkpt lat="22.5654510" lon="88.3517790">
    <ele>10.2</ele>
    <time>2025-10-28T16:20:14Z</time>
   </trkpt>
   <trkpt lat="22.5654590" lon="88.3517830">
    <ele>10.2</ele>
    <time>2025-10-28T16:20:15Z</time>
   </trkpt>
   <trkpt lat="22.5654680" lon="88.3517920">
    <ele>10.2</ele>
    <time>2025-10-28T16:20:16Z</time>
   </trkpt>
   <trkpt lat="22.5654720" lon="88.3518110">
    <ele>10.2</ele>
    <time>2025-10-28T16:20:17Z</time>
   </trkpt>
   <trkpt lat="22.5654810" lon="88.3518300">
    <ele>10.2</ele>
    <time>2025-10-28T16:20:18Z</time>
   </trkpt>
   <trkpt lat="22.5654920" lon="88.3518360">
    <ele>10.2</ele>
    <time>2025-10-28T16:20:19Z</time>
   </trkpt>
   <trkpt lat="22.5655140" lon="88.3518560">
    <ele>10.2</ele>
    <time>2025-10-28T16:20:20Z</time>
   </trkpt>
   <trkpt lat="22.5655230" lon="88.3518630">
    <ele>10.2</ele>
    <time>2025-10-28T16:20:21Z</time>
   </trkpt>
   <trkpt lat="22.5655400" lon="88.3518710">
    <ele>10.2</ele>
    <time>2025-10-28T16:20:22Z</time>
   </trkpt>
   <trkpt lat="22.5655480" lon="88.3518740">
    <ele>10.2</ele>
    <time>2025-10-28T16:20:23Z</time>
   </trkpt>
   <trkpt lat="22.5655570" lon="88.3518760">
    <ele>10.2</ele>
    <time>2025-10-28T16:20:24Z</time>
   </trkpt>
   <trkpt lat="22.5655640" lon="88.3518770">
    <ele>10.2</ele>
    <time>2025-10-28T16:20:25Z</time>
   </trkpt>
   <trkpt lat="22.5655760" lon="88.3518820">
    <ele>10.2</ele>
    <time>2025-10-28T16:20:26Z</time>
   </trkpt>
   <trkpt lat="22.5655860" lon="88.3518870">
    <ele>10.2</ele>
    <time>2025-10-28T16:20:27Z</time>
   </trkpt>
   <trkpt lat="22.5656000" lon="88.3518920">
    <ele>10.3</ele>
    <time>2025-10-28T16:20:28Z</time>
   </trkpt>
   <trkpt lat="22.5656120" lon="88.3519010">
    <ele>10.3</ele>
    <time>2025-10-28T16:20:29Z</time>
   </trkpt>
   <trkpt lat="22.5656330" lon="88.3519110">
    <ele>10.3</ele>
    <time>2025-10-28T16:20:30Z</time>
   </trkpt>
   <trkpt lat="22.5656400" lon="88.3519170">
    <ele>10.3</ele>
    <time>2025-10-28T16:20:31Z</time>
   </trkpt>
   <trkpt lat="22.5656470" lon="88.3519230">
    <ele>10.3</ele>
    <time>2025-10-28T16:20:32Z</time>
   </trkpt>
   <trkpt lat="22.5656500" lon="88.3519270">
    <ele>10.3</ele>
    <time>2025-10-28T16:20:33Z</time>
   </trkpt>
   <trkpt lat="22.5656600" lon="88.3519280">
    <ele>10.3</ele>
    <time>2025-10-28T16:20:34Z</time>
   </trkpt>
   <trkpt lat="22.5656740" lon="88.3519310">
    <ele>10.3</ele>
    <time>2025-10-28T16:20:35Z</time>
   </trkpt>
   <trkpt lat="22.5656890" lon="88.3519290">
    <ele>10.3</ele>
    <time>2025-10-28T16:20:36Z</time>
   </trkpt>
   <trkpt lat="22.5657030" lon="88.3519250">
    <ele>10.3</ele>
    <time>2025-10-28T16:20:37Z</time>
   </trkpt>
   <trkpt lat="22.5657210" lon="88.3519280">
    <ele>10.3</ele>
    <time>2025-10-28T16:20:38Z</time>
   </trkpt>
   <trkpt lat="22.5657360" lon="88.3519260">
    <ele>10.3</ele>
    <time>2025-10-28T16:20:39Z</time>
   </trkpt>
   <trkpt lat="22.5657630" lon="88.3519330">
    <ele>10.3</ele>
    <time>2025-10-28T16:20:40Z</time>
   </trkpt>
   <trkpt lat="22.5657720" lon="88.3519360">
    <ele>10.4</ele>
    <time>2025-10-28T16:20:41Z</time>
   </trkpt>
   <trkpt lat="22.5657780" lon="88.3519340">
    <ele>10.4</ele>
    <time>2025-10-28T16:20:42Z</time>
   </trkpt>
   <trkpt lat="22.5657890" lon="88.3519360">
    <ele>10.4</ele>
    <time>2025-10-28T16:20:43Z</time>
   </trkpt>
   <trkpt lat="22.5657930" lon="88.3519400">
    <ele>10.4</ele>
    <time>2025-10-28T16:20:44Z</time>
   </trkpt>
   <trkpt lat="22.5658030" lon="88.3519480">
    <ele>10.4</ele>
    <time>2025-10-28T16:20:45Z</time>
   </trkpt>
   <trkpt lat="22.5658190" lon="88.3519570">
    <ele>10.4</ele>
    <time>2025-10-28T16:20:46Z</time>
   </trkpt>
   <trkpt lat="22.5658350" lon="88.3519620">
    <ele>10.4</ele>
    <time>2025-10-28T16:20:47Z</time>
   </trkpt>
   <trkpt lat="22.5658560" lon="88.3519750">
    <ele>10.4</ele>
    <time>2025-10-28T16:20:48Z</time>
   </trkpt>
   <trkpt lat="22.5658610" lon="88.3519790">
    <ele>10.4</ele>
    <time>2025-10-28T16:20:49Z</time>
   </trkpt>
   <trkpt lat="22.5658670" lon="88.3519840">
    <ele>10.4</ele>
    <time>2025-10-28T16:20:50Z</time>
   </trkpt>
   <trkpt lat="22.5658850" lon="88.3519980">
    <ele>10.5</ele>
    <time>2025-10-28T16:20:51Z</time>
   </trkpt>
   <trkpt lat="22.5658890" lon="88.3520070">
    <ele>10.5</ele>
    <time>2025-10-28T16:20:52Z</time>
   </trkpt>
   <trkpt lat="22.5658950" lon="88.3520170">
    <ele>10.5</ele>
    <time>2025-10-28T16:20:53Z</time>
   </trkpt>
   <trkpt lat="22.5658970" lon="88.3520360">
    <ele>10.5</ele>
    <time>2025-10-28T16:20:54Z</time>
   </trkpt>
   <trkpt lat="22.5658940" lon="88.3520550">
    <ele>10.5</ele>
    <time>2025-10-28T16:20:55Z</time>
   </trkpt>
   <trkpt lat="22.5658940" lon="88.3520740">
    <ele>10.5</ele>
    <time>2025-10-28T16:20:56Z</time>
   </trkpt>
   <trkpt lat="22.5659010" lon="88.3520910">
    <ele>10.5</ele>
    <time>2025-10-28T16:20:57Z</time>
   </trkpt>
   <trkpt lat="22.5658970" lon="88.3521070">
    <ele>10.5</ele>
    <time>2025-10-28T16:20:58Z</time>
   </trkpt>
   <trkpt lat="22.5659010" lon="88.3521180">
    <ele>10.6</ele>
    <time>2025-10-28T16:20:59Z</time>
   </trkpt>
   <trkpt lat="22.5659140" lon="88.3521330">
    <ele>10.6</ele>
    <time>2025-10-28T16:21:01Z</time>
   </trkpt>
   <trkpt lat="22.5659200" lon="88.3521510">
    <ele>10.6</ele>
    <time>2025-10-28T16:21:02Z</time>
   </trkpt>
   <trkpt lat="22.5659240" lon="88.3521700">
    <ele>10.6</ele>
    <time>2025-10-28T16:21:03Z</time>
   </trkpt>
   <trkpt lat="22.5659260" lon="88.3521860">
    <ele>10.6</ele>
    <time>2025-10-28T16:21:04Z</time>
   </trkpt>
   <trkpt lat="22.5659250" lon="88.3522020">
    <ele>10.6</ele>
    <time>2025-10-28T16:21:05Z</time>
   </trkpt>
   <trkpt lat="22.5659320" lon="88.3522180">
    <ele>10.6</ele>
    <time>2025-10-28T16:21:06Z</time>
   </trkpt>
   <trkpt lat="22.5659370" lon="88.3522240">
    <ele>10.6</ele>
    <time>2025-10-28T16:21:07Z</time>
   </trkpt>
   <trkpt lat="22.5659410" lon="88.3522300">
    <ele>10.6</ele>
    <time>2025-10-28T16:21:08Z</time>
   </trkpt>
   <trkpt lat="22.5659450" lon="88.3522360">
    <ele>10.6</ele>
    <time>2025-10-28T16:21:09Z</time>
   </trkpt>
   <trkpt lat="22.5659580" lon="88.3522540">
    <ele>10.7</ele>
    <time>2025-10-28T16:21:10Z</time>
   </trkpt>
   <trkpt lat="22.5659600" lon="88.3522600">
    <ele>10.7</ele>
    <time>2025-10-28T16:21:11Z</time>
   </trkpt>
   <trkpt lat="22.5659670" lon="88.3522560">
    <ele>10.7</ele>
    <time>2025-10-28T16:21:12Z</time>
   </trkpt>
   <trkpt lat="22.5659730" lon="88.3522580">
    <ele>10.7</ele>
    <time>2025-10-28T16:21:13Z</time>
   </trkpt>
   <trkpt lat="22.5659810" lon="88.3522630">
    <ele>10.7</ele>
    <time>2025-10-28T16:21:14Z</time>
   </trkpt>
   <trkpt lat="22.5659920" lon="88.3522760">
    <ele>10.7</ele>
    <time>2025-10-28T16:21:15Z</time>
   </trkpt>
   <trkpt lat="22.5660070" lon="88.3522930">
    <ele>10.7</ele>
    <time>2025-10-28T16:21:16Z</time>
   </trkpt>
   <trkpt lat="22.5660200" lon="88.3522970">
    <ele>10.7</ele>
    <time>2025-10-28T16:21:17Z</time>
   </trkpt>
   <trkpt lat="22.5660360" lon="88.3523140">
    <ele>10.7</ele>
    <time>2025-10-28T16:21:18Z</time>
   </trkpt>
   <trkpt lat="22.5660480" lon="88.3523260">
    <ele>10.7</ele>
    <time>2025-10-28T16:21:19Z</time>
   </trkpt>
   <trkpt lat="22.5660540" lon="88.3523320">
    <ele>10.7</ele>
    <time>2025-10-28T16:21:20Z</time>
   </trkpt>
   <trkpt lat="22.5660520" lon="88.3523440">
    <ele>10.7</ele>
    <time>2025-10-28T16:21:21Z</time>
   </trkpt>
   <trkpt lat="22.5660590" lon="88.3523550">
    <ele>10.8</ele>
    <time>2025-10-28T16:21:22Z</time>
   </trkpt>
   <trkpt lat="22.5660650" lon="88.3523640">
    <ele>10.8</ele>
    <time>2025-10-28T16:21:23Z</time>
   </trkpt>
   <trkpt lat="22.5660670" lon="88.3523870">
    <ele>10.8</ele>
    <time>2025-10-28T16:21:24Z</time>
   </trkpt>
   <trkpt lat="22.5660610" lon="88.3524010">
    <ele>10.8</ele>
    <time>2025-10-28T16:21:25Z</time>
   </trkpt>
   <trkpt lat="22.5660600" lon="88.3524130">
    <ele>10.8</ele>
    <time>2025-10-28T16:21:26Z</time>
   </trkpt>
   <trkpt lat="22.5660610" lon="88.3524180">
    <ele>10.8</ele>
    <time>2025-10-28T16:21:27Z</time>
   </trkpt>
   <trkpt lat="22.5660600" lon="88.3524360">
    <ele>10.8</ele>
    <time>2025-10-28T16:21:28Z</time>
   </trkpt>
   <trkpt lat="22.5660640" lon="88.3524520">
    <ele>10.8</ele>
    <time>2025-10-28T16:21:29Z</time>
   </trkpt>
   <trkpt lat="22.5660670" lon="88.3524680">
    <ele>10.8</ele>
    <time>2025-10-28T16:21:30Z</time>
   </trkpt>
   <trkpt lat="22.5660680" lon="88.3524730">
    <ele>10.8</ele>
    <time>2025-10-28T16:21:31Z</time>
   </trkpt>
   <trkpt lat="22.5660710" lon="88.3524800">
    <ele>10.8</ele>
    <time>2025-10-28T16:21:32Z</time>
   </trkpt>
   <trkpt lat="22.5660710" lon="88.3524880">
    <ele>10.8</ele>
    <time>2025-10-28T16:21:33Z</time>
   </trkpt>
   <trkpt lat="22.5660830" lon="88.3524940">
    <ele>10.8</ele>
    <time>2025-10-28T16:21:34Z</time>
   </trkpt>
   <trkpt lat="22.5660910" lon="88.3525020">
    <ele>10.8</ele>
    <time>2025-10-28T16:21:35Z</time>
   </trkpt>
   <trkpt lat="22.5660980" lon="88.3525110">
    <ele>10.8</ele>
    <time>2025-10-28T16:21:36Z</time>
   </trkpt>
   <trkpt lat="22.5661060" lon="88.3525190">
    <ele>10.8</ele>
    <time>2025-10-28T16:21:37Z</time>
   </trkpt>
   <trkpt lat="22.5661160" lon="88.3525250">
    <ele>10.8</ele>
    <time>2025-10-28T16:21:38Z</time>
   </trkpt>
   <trkpt lat="22.5661200" lon="88.3525310">
    <ele>10.8</ele>
    <time>2025-10-28T16:21:39Z</time>
   </trkpt>
   <trkpt lat="22.5661260" lon="88.3525460">
    <ele>10.8</ele>
    <time>2025-10-28T16:21:40Z</time>
   </trkpt>
   <trkpt lat="22.5661500" lon="88.3525620">
    <ele>10.9</ele>
    <time>2025-10-28T16:21:41Z</time>
   </trkpt>
   <trkpt lat="22.5661570" lon="88.3525680">
    <ele>10.9</ele>
    <time>2025-10-28T16:21:42Z</time>
   </trkpt>
   <trkpt lat="22.5661650" lon="88.3525760">
    <ele>10.9</ele>
    <time>2025-10-28T16:21:43Z</time>
   </trkpt>
   <trkpt lat="22.5661800" lon="88.3525880">
    <ele>10.9</ele>
    <time>2025-10-28T16:21:44Z</time>
   </trkpt>
   <trkpt lat="22.5661780" lon="88.3525950">
    <ele>10.9</ele>
    <time>2025-10-28T16:21:45Z</time>
   </trkpt>
   <trkpt lat="22.5661820" lon="88.3526110">
    <ele>10.9</ele>
    <time>2025-10-28T16:21:46Z</time>
   </trkpt>
   <trkpt lat="22.5661910" lon="88.3526210">
    <ele>10.9</ele>
    <time>2025-10-28T16:21:47Z</time>
   </trkpt>
   <trkpt lat="22.5661960" lon="88.3526320">
    <ele>10.9</ele>
    <time>2025-10-28T16:21:48Z</time>
   </trkpt>
   <trkpt lat="22.5662110" lon="88.3526430">
    <ele>10.9</ele>
    <time>2025-10-28T16:21:49Z</time>
   </trkpt>
   <trkpt lat="22.5662250" lon="88.3526600">
    <ele>10.9</ele>
    <time>2025-10-28T16:21:50Z</time>
   </trkpt>
   <trkpt lat="22.5662300" lon="88.3526670">
    <ele>10.9</ele>
    <time>2025-10-28T16:21:51Z</time>
   </trkpt>
   <trkpt lat="22.5662350" lon="88.3526740">
    <ele>10.9</ele>
    <time>2025-10-28T16:21:52Z</time>
   </trkpt>
   <trkpt lat="22.5662450" lon="88.3526870">
    <ele>10.9</ele>
    <time>2025-10-28T16:21:53Z</time>
   </trkpt>
   <trkpt lat="22.5662540" lon="88.3526980">
    <ele>10.9</ele>
    <time>2025-10-28T16:21:54Z</time>
   </trkpt>
   <trkpt lat="22.5662660" lon="88.3527170">
    <ele>10.9</ele>
    <time>2025-10-28T16:21:55Z</time>
   </trkpt>
   <trkpt lat="22.5662700" lon="88.3527230">
    <ele>10.9</ele>
    <time>2025-10-28T16:21:56Z</time>
   </trkpt>
   <trkpt lat="22.5662750" lon="88.3527300">
    <ele>10.9</ele>
    <time>2025-10-28T16:21:57Z</time>
   </trkpt>
   <trkpt lat="22.5662860" lon="88.3527510">
    <ele>10.9</ele>
    <time>2025-10-28T16:21:58Z</time>
   </trkpt>
   <trkpt lat="22.5662900" lon="88.3527590">
    <ele>10.9</ele>
    <time>2025-10-28T16:21:59Z</time>
   </trkpt>
   <trkpt lat="22.5662930" lon="88.3527680">
    <ele>10.9</ele>
    <time>2025-10-28T16:22:00Z</time>
   </trkpt>
   <trkpt lat="22.5662990" lon="88.3527900">
    <ele>10.9</ele>
    <time>2025-10-28T16:22:01Z</time>
   </trkpt>
   <trkpt lat="22.5663070" lon="88.3528020">
    <ele>10.9</ele>
    <time>2025-10-28T16:22:02Z</time>
   </trkpt>
   <trkpt lat="22.5663140" lon="88.3528280">
    <ele>10.9</ele>
    <time>2025-10-28T16:22:03Z</time>
   </trkpt>
   <trkpt lat="22.5663160" lon="88.3528370">
    <ele>10.9</ele>
    <time>2025-10-28T16:22:04Z</time>
   </trkpt>
   <trkpt lat="22.5663170" lon="88.3528460">
    <ele>10.9</ele>
    <time>2025-10-28T16:22:05Z</time>
   </trkpt>
   <trkpt lat="22.5663250" lon="88.3528610">
    <ele>10.9</ele>
    <time>2025-10-28T16:22:06Z</time>
   </trkpt>
   <trkpt lat="22.5663340" lon="88.3528750">
    <ele>10.9</ele>
    <time>2025-10-28T16:22:07Z</time>
   </trkpt>
   <trkpt lat="22.5663430" lon="88.3528970">
    <ele>10.9</ele>
    <time>2025-10-28T16:22:08Z</time>
   </trkpt>
   <trkpt lat="22.5663460" lon="88.3529080">
    <ele>10.9</ele>
    <time>2025-10-28T16:22:09Z</time>
   </trkpt>
   <trkpt lat="22.5663490" lon="88.3529240">
    <ele>10.9</ele>
    <time>2025-10-28T16:22:10Z</time>
   </trkpt>
   <trkpt lat="22.5663540" lon="88.3529420">
    <ele>10.9</ele>
    <time>2025-10-28T16:22:11Z</time>
   </trkpt>
   <trkpt lat="22.5663470" lon="88.3529580">
    <ele>10.9</ele>
    <time>2025-10-28T16:22:12Z</time>
   </trkpt>
   <trkpt lat="22.5663500" lon="88.3529770">
    <ele>10.9</ele>
    <time>2025-10-28T16:22:13Z</time>
   </trkpt>
   <trkpt lat="22.5663590" lon="88.3530090">
    <ele>10.9</ele>
    <time>2025-10-28T16:22:14Z</time>
   </trkpt>
   <trkpt lat="22.5663620" lon="88.3530170">
    <ele>10.9</ele>
    <time>2025-10-28T16:22:15Z</time>
   </trkpt>
   <trkpt lat="22.5663830" lon="88.3530360">
    <ele>10.9</ele>
    <time>2025-10-28T16:22:16Z</time>
   </trkpt>
   <trkpt lat="22.5663870" lon="88.3530460">
    <ele>10.9</ele>
    <time>2025-10-28T16:22:17Z</time>
   </trkpt>
   <trkpt lat="22.5663820" lon="88.3530710">
    <ele>10.9</ele>
    <time>2025-10-28T16:22:18Z</time>
   </trkpt>
   <trkpt lat="22.5663800" lon="88.3530810">
    <ele>10.9</ele>
    <time>2025-10-28T16:22:19Z</time>
   </trkpt>
   <trkpt lat="22.5663770" lon="88.3530910">
    <ele>10.9</ele>
    <time>2025-10-28T16:22:20Z</time>
   </trkpt>
   <trkpt lat="22.5663910" lon="88.3531060">
    <ele>10.9</ele>
    <time>2025-10-28T16:22:21Z</time>
   </trkpt>
   <trkpt lat="22.5663920" lon="88.3531210">
    <ele>10.9</ele>
    <time>2025-10-28T16:22:22Z</time>
   </trkpt>
   <trkpt lat="22.5663640" lon="88.3531470">
    <ele>10.9</ele>
    <time>2025-10-28T16:22:23Z</time>
   </trkpt>
   <trkpt lat="22.5663590" lon="88.3531750">
    <ele>10.9</ele>
    <time>2025-10-28T16:22:24Z</time>
   </trkpt>
   <trkpt lat="22.5663610" lon="88.3531840">
    <ele>10.9</ele>
    <time>2025-10-28T16:22:25Z</time>
   </trkpt>
   <trkpt lat="22.5663640" lon="88.3531930">
    <ele>10.9</ele>
    <time>2025-10-28T16:22:26Z</time>
   </trkpt>
   <trkpt lat="22.5663640" lon="88.3532060">
    <ele>10.9</ele>
    <time>2025-10-28T16:22:27Z</time>
   </trkpt>
   <trkpt lat="22.5663640" lon="88.3532140">
    <ele>10.9</ele>
    <time>2025-10-28T16:22:28Z</time>
   </trkpt>
   <trkpt lat="22.5663740" lon="88.3532170">
    <ele>10.9</ele>
    <time>2025-10-28T16:22:29Z</time>
   </trkpt>
   <trkpt lat="22.5663660" lon="88.3532230">
    <ele>10.9</ele>
    <time>2025-10-28T16:22:30Z</time>
   </trkpt>
   <trkpt lat="22.5663690" lon="88.3532300">
    <ele>10.9</ele>
    <time>2025-10-28T16:22:31Z</time>
   </trkpt>
   <trkpt lat="22.5663730" lon="88.3532440">
    <ele>10.9</ele>
    <time>2025-10-28T16:22:32Z</time>
   </trkpt>
   <trkpt lat="22.5663750" lon="88.3532600">
    <ele>10.9</ele>
    <time>2025-10-28T16:22:33Z</time>
   </trkpt>
   <trkpt lat="22.5663780" lon="88.3532750">
    <ele>10.9</ele>
    <time>2025-10-28T16:22:34Z</time>
   </trkpt>
   <trkpt lat="22.5663860" lon="88.3532820">
    <ele>10.9</ele>
    <time>2025-10-28T16:22:35Z</time>
   </trkpt>
   <trkpt lat="22.5663930" lon="88.3532880">
    <ele>10.9</ele>
    <time>2025-10-28T16:22:36Z</time>
   </trkpt>
   <trkpt lat="22.5664000" lon="88.3532950">
    <ele>10.9</ele>
    <time>2025-10-28T16:22:37Z</time>
   </trkpt>
   <trkpt lat="22.5664080" lon="88.3533070">
    <ele>10.9</ele>
    <time>2025-10-28T16:22:38Z</time>
   </trkpt>
   <trkpt lat="22.5664130" lon="88.3533200">
    <ele>10.9</ele>
    <time>2025-10-28T16:22:39Z</time>
   </trkpt>
   <trkpt lat="22.5664120" lon="88.3533310">
    <ele>11.0</ele>
    <time>2025-10-28T16:22:40Z</time>
   </trkpt>
   <trkpt lat="22.5664250" lon="88.3533400">
    <ele>11.0</ele>
    <time>2025-10-28T16:22:41Z</time>
   </trkpt>
   <trkpt lat="22.5664320" lon="88.3533460">
    <ele>11.0</ele>
    <time>2025-10-28T16:22:42Z</time>
   </trkpt>
   <trkpt lat="22.5664380" lon="88.3533510">
    <ele>11.0</ele>
    <time>2025-10-28T16:22:43Z</time>
   </trkpt>
   <trkpt lat="22.5664450" lon="88.3533570">
    <ele>11.0</ele>
    <time>2025-10-28T16:22:44Z</time>
   </trkpt>
   <trkpt lat="22.5664420" lon="88.3533550">
    <ele>11.0</ele>
    <time>2025-10-28T16:22:45Z</time>
   </trkpt>
   <trkpt lat="22.5664430" lon="88.3533580">
    <ele>11.0</ele>
    <time>2025-10-28T16:22:46Z</time>
   </trkpt>
   <trkpt lat="22.5664440" lon="88.3533620">
    <ele>11.0</ele>
    <time>2025-10-28T16:22:47Z</time>
   </trkpt>
   <trkpt lat="22.5664430" lon="88.3533590">
    <ele>11.0</ele>
    <time>2025-10-28T16:22:48Z</time>
   </trkpt>
   <trkpt lat="22.5664410" lon="88.3533610">
    <ele>11.0</ele>
    <time>2025-10-28T16:22:49Z</time>
   </trkpt>
   <trkpt lat="22.5664400" lon="88.3533610">
    <ele>11.0</ele>
    <time>2025-10-28T16:22:50Z</time>
   </trkpt>
   <trkpt lat="22.5664400" lon="88.3533670">
    <ele>11.0</ele>
    <time>2025-10-28T16:22:51Z</time>
   </trkpt>
   <trkpt lat="22.5664350" lon="88.3533700">
    <ele>11.0</ele>
    <time>2025-10-28T16:22:52Z</time>
   </trkpt>
   <trkpt lat="22.5664340" lon="88.3533690">
    <ele>11.0</ele>
    <time>2025-10-28T16:22:53Z</time>
   </trkpt>
   <trkpt lat="22.5664370" lon="88.3533700">
    <ele>11.0</ele>
    <time>2025-10-28T16:22:54Z</time>
   </trkpt>
   <trkpt lat="22.5664360" lon="88.3533650">
    <ele>11.0</ele>
    <time>2025-10-28T16:22:55Z</time>
   </trkpt>
   <trkpt lat="22.5664390" lon="88.3533680">
    <ele>11.0</ele>
    <time>2025-10-28T16:22:56Z</time>
   </trkpt>
   <trkpt lat="22.5664420" lon="88.3533730">
    <ele>11.0</ele>
    <time>2025-10-28T16:22:57Z</time>
   </trkpt>
   <trkpt lat="22.5664430" lon="88.3533750">
    <ele>11.0</ele>
    <time>2025-10-28T16:22:58Z</time>
   </trkpt>
   <trkpt lat="22.5664440" lon="88.3533760">
    <ele>11.0</ele>
    <time>2025-10-28T16:22:59Z</time>
   </trkpt>
   <trkpt lat="22.5664460" lon="88.3533720">
    <ele>11.0</ele>
    <time>2025-10-28T16:23:00Z</time>
   </trkpt>
   <trkpt lat="22.5664430" lon="88.3533700">
    <ele>11.0</ele>
    <time>2025-10-28T16:23:01Z</time>
   </trkpt>
   <trkpt lat="22.5664430" lon="88.3533670">
    <ele>11.0</ele>
    <time>2025-10-28T16:23:02Z</time>
   </trkpt>
   <trkpt lat="22.5664430" lon="88.3533670">
    <ele>11.0</ele>
    <time>2025-10-28T16:23:03Z</time>
   </trkpt>
   <trkpt lat="22.5664440" lon="88.3533670">
    <ele>11.0</ele>
    <time>2025-10-28T16:23:04Z</time>
   </trkpt>
   <trkpt lat="22.5664400" lon="88.3533740">
    <ele>11.0</ele>
    <time>2025-10-28T16:23:05Z</time>
   </trkpt>
   <trkpt lat="22.5664400" lon="88.3533730">
    <ele>11.0</ele>
    <time>2025-10-28T16:23:06Z</time>
   </trkpt>
   <trkpt lat="22.5664410" lon="88.3533780">
    <ele>11.0</ele>
    <time>2025-10-28T16:23:07Z</time>
   </trkpt>
   <trkpt lat="22.5664390" lon="88.3533760">
    <ele>11.0</ele>
    <time>2025-10-28T16:23:08Z</time>
   </trkpt>
   <trkpt lat="22.5664450" lon="88.3533890">
    <ele>11.0</ele>
    <time>2025-10-28T16:23:09Z</time>
   </trkpt>
   <trkpt lat="22.5664470" lon="88.3533860">
    <ele>11.0</ele>
    <time>2025-10-28T16:23:10Z</time>
   </trkpt>
   <trkpt lat="22.5664470" lon="88.3533900">
    <ele>11.0</ele>
    <time>2025-10-28T16:23:11Z</time>
   </trkpt>
   <trkpt lat="22.5664460" lon="88.3533890">
    <ele>11.0</ele>
    <time>2025-10-28T16:23:12Z</time>
   </trkpt>
   <trkpt lat="22.5664450" lon="88.3533840">
    <ele>11.0</ele>
    <time>2025-10-28T16:23:13Z</time>
   </trkpt>
   <trkpt lat="22.5664430" lon="88.3533870">
    <ele>11.0</ele>
    <time>2025-10-28T16:23:14Z</time>
   </trkpt>
   <trkpt lat="22.5664440" lon="88.3533870">
    <ele>11.0</ele>
    <time>2025-10-28T16:23:15Z</time>
   </trkpt>
   <trkpt lat="22.5664430" lon="88.3533860">
    <ele>11.0</ele>
    <time>2025-10-28T16:23:16Z</time>
   </trkpt>
   <trkpt lat="22.5664460" lon="88.3533860">
    <ele>11.0</ele>
    <time>2025-10-28T16:23:17Z</time>
   </trkpt>
   <trkpt lat="22.5664450" lon="88.3533860">
    <ele>11.0</ele>
    <time>2025-10-28T16:23:18Z</time>
   </trkpt>
   <trkpt lat="22.5664470" lon="88.3533870">
    <ele>11.0</ele>
    <time>2025-10-28T16:23:19Z</time>
   </trkpt>
   <trkpt lat="22.5664710" lon="88.3534030">
    <ele>11.0</ele>
    <time>2025-10-28T16:23:20Z</time>
   </trkpt>
   <trkpt lat="22.5664700" lon="88.3533970">
    <ele>11.0</ele>
    <time>2025-10-28T16:23:21Z</time>
   </trkpt>
   <trkpt lat="22.5664670" lon="88.3533940">
    <ele>11.0</ele>
    <time>2025-10-28T16:23:22Z</time>
   </trkpt>
   <trkpt lat="22.5664710" lon="88.3533940">
    <ele>11.0</ele>
    <time>2025-10-28T16:23:23Z</time>
   </trkpt>
   <trkpt lat="22.5664710" lon="88.3533940">
    <ele>11.0</ele>
    <time>2025-10-28T16:23:24Z</time>
   </trkpt>
   <trkpt lat="22.5664750" lon="88.3533920">
    <ele>11.0</ele>
    <time>2025-10-28T16:23:25Z</time>
   </trkpt>
   <trkpt lat="22.5664750" lon="88.3533920">
    <ele>11.0</ele>
    <time>2025-10-28T16:23:26Z</time>
   </trkpt>
   <trkpt lat="22.5664750" lon="88.3533920">
    <ele>11.0</ele>
    <time>2025-10-28T16:23:27Z</time>
   </trkpt>
   <trkpt lat="22.5664830" lon="88.3533890">
    <ele>11.0</ele>
    <time>2025-10-28T16:23:28Z</time>
   </trkpt>
   <trkpt lat="22.5664880" lon="88.3533880">
    <ele>11.0</ele>
    <time>2025-10-28T16:23:29Z</time>
   </trkpt>
   <trkpt lat="22.5664850" lon="88.3533830">
    <ele>11.0</ele>
    <time>2025-10-28T16:23:30Z</time>
   </trkpt>
   <trkpt lat="22.5664800" lon="88.3533830">
    <ele>11.0</ele>
    <time>2025-10-28T16:23:31Z</time>
   </trkpt>
   <trkpt lat="22.5664800" lon="88.3533820">
    <ele>11.0</ele>
    <time>2025-10-28T16:23:32Z</time>
   </trkpt>
   <trkpt lat="22.5664760" lon="88.3533820">
    <ele>11.0</ele>
    <time>2025-10-28T16:23:33Z</time>
   </trkpt>
   <trkpt lat="22.5664740" lon="88.3533820">
    <ele>11.0</ele>
    <time>2025-10-28T16:23:34Z</time>
   </trkpt>
   <trkpt lat="22.5664690" lon="88.3533850">
    <ele>11.0</ele>
    <time>2025-10-28T16:23:35Z</time>
   </trkpt>
   <trkpt lat="22.5664670" lon="88.3533860">
    <ele>11.0</ele>
    <time>2025-10-28T16:23:36Z</time>
   </trkpt>
   <trkpt lat="22.5664680" lon="88.3533830">
    <ele>11.0</ele>
    <time>2025-10-28T16:23:37Z</time>
   </trkpt>
   <trkpt lat="22.5664680" lon="88.3533830">
    <ele>11.0</ele>
    <time>2025-10-28T16:23:38Z</time>
   </trkpt>
   <trkpt lat="22.5664700" lon="88.3533780">
    <ele>11.0</ele>
    <time>2025-10-28T16:23:39Z</time>
   </trkpt>
   <trkpt lat="22.5664690" lon="88.3533770">
    <ele>11.0</ele>
    <time>2025-10-28T16:23:40Z</time>
   </trkpt>
   <trkpt lat="22.5664850" lon="88.3533770">
    <ele>11.0</ele>
    <time>2025-10-28T16:23:41Z</time>
   </trkpt>
   <trkpt lat="22.5664850" lon="88.3533760">
    <ele>11.0</ele>
    <time>2025-10-28T16:23:42Z</time>
   </trkpt>
   <trkpt lat="22.5664850" lon="88.3533760">
    <ele>11.0</ele>
    <time>2025-10-28T16:23:43Z</time>
   </trkpt>
   <trkpt lat="22.5664880" lon="88.3533780">
    <ele>11.0</ele>
    <time>2025-10-28T16:23:44Z</time>
   </trkpt>
   <trkpt lat="22.5664810" lon="88.3533700">
    <ele>11.0</ele>
    <time>2025-10-28T16:23:45Z</time>
   </trkpt>
   <trkpt lat="22.5664780" lon="88.3533670">
    <ele>11.0</ele>
    <time>2025-10-28T16:23:46Z</time>
   </trkpt>
   <trkpt lat="22.5664750" lon="88.3533690">
    <ele>11.0</ele>
    <time>2025-10-28T16:23:47Z</time>
   </trkpt>
   <trkpt lat="22.5664690" lon="88.3533690">
    <ele>11.0</ele>
    <time>2025-10-28T16:23:48Z</time>
   </trkpt>
   <trkpt lat="22.5664680" lon="88.3533730">
    <ele>11.1</ele>
    <time>2025-10-28T16:23:49Z</time>
   </trkpt>
   <trkpt lat="22.5664630" lon="88.3533760">
    <ele>11.1</ele>
    <time>2025-10-28T16:23:50Z</time>
   </trkpt>
   <trkpt lat="22.5664590" lon="88.3533780">
    <ele>11.1</ele>
    <time>2025-10-28T16:23:51Z</time>
   </trkpt>
   <trkpt lat="22.5664610" lon="88.3533800">
    <ele>11.1</ele>
    <time>2025-10-28T16:23:52Z</time>
   </trkpt>
   <trkpt lat="22.5664560" lon="88.3533850">
    <ele>11.1</ele>
    <time>2025-10-28T16:23:53Z</time>
   </trkpt>
   <trkpt lat="22.5664560" lon="88.3533850">
    <ele>11.1</ele>
    <time>2025-10-28T16:23:54Z</time>
   </trkpt>
   <trkpt lat="22.5664480" lon="88.3533880">
    <ele>11.1</ele>
    <time>2025-10-28T16:23:55Z</time>
   </trkpt>
   <trkpt lat="22.5664470" lon="88.3533890">
    <ele>11.1</ele>
    <time>2025-10-28T16:23:56Z</time>
   </trkpt>
   <trkpt lat="22.5664420" lon="88.3533920">
    <ele>11.1</ele>
    <time>2025-10-28T16:23:57Z</time>
   </trkpt>
   <trkpt lat="22.5664390" lon="88.3533850">
    <ele>11.1</ele>
    <time>2025-10-28T16:23:58Z</time>
   </trkpt>
   <trkpt lat="22.5664370" lon="88.3533920">
    <ele>11.1</ele>
    <time>2025-10-28T16:23:59Z</time>
   </trkpt>
   <trkpt lat="22.5664340" lon="88.3533910">
    <ele>11.1</ele>
    <time>2025-10-28T16:24:00Z</time>
   </trkpt>
   <trkpt lat="22.5664310" lon="88.3533910">
    <ele>11.1</ele>
    <time>2025-10-28T16:24:01Z</time>
   </trkpt>
   <trkpt lat="22.5664290" lon="88.3533930">
    <ele>11.1</ele>
    <time>2025-10-28T16:24:02Z</time>
   </trkpt>
   <trkpt lat="22.5664300" lon="88.3533980">
    <ele>11.1</ele>
    <time>2025-10-28T16:24:03Z</time>
   </trkpt>
   <trkpt lat="22.5664300" lon="88.3533990">
    <ele>11.1</ele>
    <time>2025-10-28T16:24:04Z</time>
   </trkpt>
   <trkpt lat="22.5664330" lon="88.3534010">
    <ele>11.1</ele>
    <time>2025-10-28T16:24:05Z</time>
   </trkpt>
   <trkpt lat="22.5664310" lon="88.3533930">
    <ele>11.1</ele>
    <time>2025-10-28T16:24:06Z</time>
   </trkpt>
   <trkpt lat="22.5664250" lon="88.3533850">
    <ele>11.1</ele>
    <time>2025-10-28T16:24:07Z</time>
   </trkpt>
   <trkpt lat="22.5664240" lon="88.3533840">
    <ele>11.1</ele>
    <time>2025-10-28T16:24:08Z</time>
   </trkpt>
   <trkpt lat="22.5664260" lon="88.3533850">
    <ele>11.1</ele>
    <time>2025-10-28T16:24:09Z</time>
   </trkpt>
   <trkpt lat="22.5664220" lon="88.3533900">
    <ele>11.1</ele>
    <time>2025-10-28T16:24:10Z</time>
   </trkpt>
   <trkpt lat="22.5664320" lon="88.3533930">
    <ele>11.1</ele>
    <time>2025-10-28T16:24:11Z</time>
   </trkpt>
   <trkpt lat="22.5664420" lon="88.3533920">
    <ele>11.1</ele>
    <time>2025-10-28T16:24:12Z</time>
   </trkpt>
   <trkpt lat="22.5664510" lon="88.3533780">
    <ele>11.1</ele>
    <time>2025-10-28T16:24:13Z</time>
   </trkpt>
   <trkpt lat="22.5664460" lon="88.3533730">
    <ele>11.1</ele>
    <time>2025-10-28T16:24:14Z</time>
   </trkpt>
   <trkpt lat="22.5664430" lon="88.3533790">
    <ele>11.1</ele>
    <time>2025-10-28T16:24:15Z</time>
   </trkpt>
   <trkpt lat="22.5664520" lon="88.3533750">
    <ele>11.1</ele>
    <time>2025-10-28T16:24:16Z</time>
   </trkpt>
   <trkpt lat="22.5664560" lon="88.3533780">
    <ele>11.1</ele>
    <time>2025-10-28T16:24:17Z</time>
   </trkpt>
   <trkpt lat="22.5664630" lon="88.3533820">
    <ele>11.1</ele>
    <time>2025-10-28T16:24:18Z</time>
   </trkpt>
   <trkpt lat="22.5664670" lon="88.3533850">
    <ele>11.1</ele>
    <time>2025-10-28T16:24:19Z</time>
   </trkpt>
   <trkpt lat="22.5664690" lon="88.3533800">
    <ele>11.1</ele>
    <time>2025-10-28T16:24:20Z</time>
   </trkpt>
   <trkpt lat="22.5664660" lon="88.3533800">
    <ele>11.1</ele>
    <time>2025-10-28T16:24:21Z</time>
   </trkpt>
   <trkpt lat="22.5664690" lon="88.3533750">
    <ele>11.1</ele>
    <time>2025-10-28T16:24:22Z</time>
   </trkpt>
   <trkpt lat="22.5664750" lon="88.3533730">
    <ele>11.2</ele>
    <time>2025-10-28T16:24:23Z</time>
   </trkpt>
   <trkpt lat="22.5664730" lon="88.3533690">
    <ele>11.2</ele>
    <time>2025-10-28T16:24:24Z</time>
   </trkpt>
   <trkpt lat="22.5664730" lon="88.3533800">
    <ele>11.2</ele>
    <time>2025-10-28T16:24:25Z</time>
   </trkpt>
   <trkpt lat="22.5664660" lon="88.3533840">
    <ele>11.2</ele>
    <time>2025-10-28T16:24:26Z</time>
   </trkpt>
   <trkpt lat="22.5664540" lon="88.3533880">
    <ele>11.2</ele>
    <time>2025-10-28T16:24:27Z</time>
   </trkpt>
   <trkpt lat="22.5664500" lon="88.3533900">
    <ele>11.2</ele>
    <time>2025-10-28T16:24:28Z</time>
   </trkpt>
   <trkpt lat="22.5664490" lon="88.3533960">
    <ele>11.2</ele>
    <time>2025-10-28T16:24:29Z</time>
   </trkpt>
   <trkpt lat="22.5664490" lon="88.3533990">
    <ele>11.2</ele>
    <time>2025-10-28T16:24:30Z</time>
   </trkpt>
   <trkpt lat="22.5664440" lon="88.3534010">
    <ele>11.2</ele>
    <time>2025-10-28T16:24:31Z</time>
   </trkpt>
   <trkpt lat="22.5664400" lon="88.3534020">
    <ele>11.2</ele>
    <time>2025-10-28T16:24:32Z</time>
   </trkpt>
   <trkpt lat="22.5664380" lon="88.3534040">
    <ele>11.2</ele>
    <time>2025-10-28T16:24:33Z</time>
   </trkpt>
   <trkpt lat="22.5664400" lon="88.3534060">
    <ele>11.2</ele>
    <time>2025-10-28T16:24:34Z</time>
   </trkpt>
   <trkpt lat="22.5664400" lon="88.3534040">
    <ele>11.2</ele>
    <time>2025-10-28T16:24:35Z</time>
   </trkpt>
   <trkpt lat="22.5664360" lon="88.3534030">
    <ele>11.2</ele>
    <time>2025-10-28T16:24:36Z</time>
   </trkpt>
   <trkpt lat="22.5664360" lon="88.3534030">
    <ele>11.2</ele>
    <time>2025-10-28T16:24:37Z</time>
   </trkpt>
   <trkpt lat="22.5664380" lon="88.3534040">
    <ele>11.2</ele>
    <time>2025-10-28T16:24:38Z</time>
   </trkpt>
   <trkpt lat="22.5664420" lon="88.3534080">
    <ele>11.2</ele>
    <time>2025-10-28T16:24:39Z</time>
   </trkpt>
   <trkpt lat="22.5664400" lon="88.3534070">
    <ele>11.2</ele>
    <time>2025-10-28T16:24:40Z</time>
   </trkpt>
   <trkpt lat="22.5664370" lon="88.3534100">
    <ele>11.2</ele>
    <time>2025-10-28T16:24:41Z</time>
   </trkpt>
   <trkpt lat="22.5664360" lon="88.3534120">
    <ele>11.2</ele>
    <time>2025-10-28T16:24:42Z</time>
   </trkpt>
   <trkpt lat="22.5664360" lon="88.3534120">
    <ele>11.2</ele>
    <time>2025-10-28T16:24:43Z</time>
   </trkpt>
   <trkpt lat="22.5664430" lon="88.3534120">
    <ele>11.2</ele>
    <time>2025-10-28T16:24:44Z</time>
   </trkpt>
   <trkpt lat="22.5664460" lon="88.3534150">
    <ele>11.2</ele>
    <time>2025-10-28T16:24:45Z</time>
   </trkpt>
   <trkpt lat="22.5664390" lon="88.3534080">
    <ele>11.2</ele>
    <time>2025-10-28T16:24:46Z</time>
   </trkpt>
   <trkpt lat="22.5664440" lon="88.3533990">
    <ele>11.2</ele>
    <time>2025-10-28T16:24:47Z</time>
   </trkpt>
   <trkpt lat="22.5664620" lon="88.3533980">
    <ele>11.2</ele>
    <time>2025-10-28T16:24:48Z</time>
   </trkpt>
   <trkpt lat="22.5664690" lon="88.3534030">
    <ele>11.2</ele>
    <time>2025-10-28T16:24:49Z</time>
   </trkpt>
   <trkpt lat="22.5664760" lon="88.3534110">
    <ele>11.2</ele>
    <time>2025-10-28T16:24:50Z</time>
   </trkpt>
   <trkpt lat="22.5664670" lon="88.3534010">
    <ele>11.2</ele>
    <time>2025-10-28T16:24:51Z</time>
   </trkpt>
   <trkpt lat="22.5664430" lon="88.3534030">
    <ele>11.2</ele>
    <time>2025-10-28T16:24:52Z</time>
   </trkpt>
   <trkpt lat="22.5664430" lon="88.3534020">
    <ele>11.2</ele>
    <time>2025-10-28T16:24:53Z</time>
   </trkpt>
   <trkpt lat="22.5664430" lon="88.3534020">
    <ele>11.2</ele>
    <time>2025-10-28T16:24:54Z</time>
   </trkpt>
   <trkpt lat="22.5664430" lon="88.3534020">
    <ele>11.2</ele>
    <time>2025-10-28T16:24:55Z</time>
   </trkpt>
   <trkpt lat="22.5664440" lon="88.3533910">
    <ele>11.2</ele>
    <time>2025-10-28T16:24:56Z</time>
   </trkpt>
   <trkpt lat="22.5664460" lon="88.3533870">
    <ele>11.2</ele>
    <time>2025-10-28T16:24:57Z</time>
   </trkpt>
   <trkpt lat="22.5664480" lon="88.3533830">
    <ele>11.2</ele>
    <time>2025-10-28T16:24:58Z</time>
   </trkpt>
   <trkpt lat="22.5664510" lon="88.3533790">
    <ele>11.2</ele>
    <time>2025-10-28T16:24:59Z</time>
   </trkpt>
   <trkpt lat="22.5664530" lon="88.3533750">
    <ele>11.2</ele>
    <time>2025-10-28T16:25:00Z</time>
   </trkpt>
   <trkpt lat="22.5664550" lon="88.3533720">
    <ele>11.2</ele>
    <time>2025-10-28T16:25:01Z</time>
   </trkpt>
   <trkpt lat="22.5664570" lon="88.3533680">
    <ele>11.2</ele>
    <time>2025-10-28T16:25:02Z</time>
   </trkpt>
   <trkpt lat="22.5664600" lon="88.3533640">
    <ele>11.2</ele>
    <time>2025-10-28T16:25:03Z</time>
   </trkpt>
   <trkpt lat="22.5664620" lon="88.3533600">
    <ele>11.2</ele>
    <time>2025-10-28T16:25:04Z</time>
   </trkpt>
   <trkpt lat="22.5664640" lon="88.3533560">
    <ele>11.2</ele>
    <time>2025-10-28T16:25:05Z</time>
   </trkpt>
   <trkpt lat="22.5664640" lon="88.3533560">
    <ele>11.2</ele>
    <time>2025-10-28T16:25:06Z</time>
   </trkpt>
   <trkpt lat="22.5664640" lon="88.3533560">
    <ele>11.2</ele>
    <time>2025-10-28T16:25:07Z</time>
   </trkpt>
   <trkpt lat="22.5664640" lon="88.3533560">
    <ele>11.2</ele>
    <time>2025-10-28T16:25:08Z</time>
   </trkpt>
   <trkpt lat="22.5664560" lon="88.3533670">
    <ele>11.2</ele>
    <time>2025-10-28T16:25:09Z</time>
   </trkpt>
   <trkpt lat="22.5664450" lon="88.3533670">
    <ele>11.2</ele>
    <time>2025-10-28T16:25:10Z</time>
   </trkpt>
   <trkpt lat="22.5664450" lon="88.3533720">
    <ele>11.2</ele>
    <time>2025-10-28T16:25:11Z</time>
   </trkpt>
   <trkpt lat="22.5664450" lon="88.3533720">
    <ele>11.2</ele>
    <time>2025-10-28T16:25:12Z</time>
   </trkpt>
   <trkpt lat="22.5664400" lon="88.3533690">
    <ele>11.2</ele>
    <time>2025-10-28T16:25:13Z</time>
   </trkpt>
   <trkpt lat="22.5664530" lon="88.3533690">
    <ele>11.2</ele>
    <time>2025-10-28T16:25:14Z</time>
   </trkpt>
   <trkpt lat="22.5664650" lon="88.3533690">
    <ele>11.3</ele>
    <time>2025-10-28T16:25:15Z</time>
   </trkpt>
   <trkpt lat="22.5664770" lon="88.3533700">
    <ele>11.3</ele>
    <time>2025-10-28T16:25:16Z</time>
   </trkpt>
   <trkpt lat="22.5664900" lon="88.3533700">
    <ele>11.3</ele>
    <time>2025-10-28T16:25:17Z</time>
   </trkpt>
   <trkpt lat="22.5664860" lon="88.3533820">
    <ele>11.3</ele>
    <time>2025-10-28T16:25:18Z</time>
   </trkpt>
   <trkpt lat="22.5664760" lon="88.3533970">
    <ele>11.3</ele>
    <time>2025-10-28T16:25:19Z</time>
   </trkpt>
   <trkpt lat="22.5664660" lon="88.3534170">
    <ele>11.3</ele>
    <time>2025-10-28T16:25:20Z</time>
   </trkpt>
   <trkpt lat="22.5664460" lon="88.3534370">
    <ele>11.3</ele>
    <time>2025-10-28T16:25:21Z</time>
   </trkpt>
   <trkpt lat="22.5664270" lon="88.3534560">
    <ele>11.3</ele>
    <time>2025-10-28T16:25:22Z</time>
   </trkpt>
   <trkpt lat="22.5664240" lon="88.3534620">
    <ele>11.3</ele>
    <time>2025-10-28T16:25:23Z</time>
   </trkpt>
   <trkpt lat="22.5664150" lon="88.3534720">
    <ele>11.3</ele>
    <time>2025-10-28T16:25:24Z</time>
   </trkpt>
   <trkpt lat="22.5664060" lon="88.3534720">
    <ele>11.3</ele>
    <time>2025-10-28T16:25:25Z</time>
   </trkpt>
   <trkpt lat="22.5663970" lon="88.3534770">
    <ele>11.3</ele>
    <time>2025-10-28T16:25:26Z</time>
   </trkpt>
   <trkpt lat="22.5663870" lon="88.3534850">
    <ele>11.4</ele>
    <time>2025-10-28T16:25:27Z</time>
   </trkpt>
   <trkpt lat="22.5663790" lon="88.3534960">
    <ele>11.4</ele>
    <time>2025-10-28T16:25:28Z</time>
   </trkpt>
   <trkpt lat="22.5663720" lon="88.3535030">
    <ele>11.4</ele>
    <time>2025-10-28T16:25:29Z</time>
   </trkpt>
   <trkpt lat="22.5663540" lon="88.3535180">
    <ele>11.4</ele>
    <time>2025-10-28T16:25:30Z</time>
   </trkpt>
   <trkpt lat="22.5663480" lon="88.3535240">
    <ele>11.4</ele>
    <time>2025-10-28T16:25:31Z</time>
   </trkpt>
   <trkpt lat="22.5663410" lon="88.3535310">
    <ele>11.4</ele>
    <time>2025-10-28T16:25:32Z</time>
   </trkpt>
   <trkpt lat="22.5663320" lon="88.3535390">
    <ele>11.4</ele>
    <time>2025-10-28T16:25:33Z</time>
   </trkpt>
   <trkpt lat="22.5663310" lon="88.3535430">
    <ele>11.4</ele>
    <time>2025-10-28T16:25:34Z</time>
   </trkpt>
   <trkpt lat="22.5663270" lon="88.3535460">
    <ele>11.4</ele>
    <time>2025-10-28T16:25:35Z</time>
   </trkpt>
   <trkpt lat="22.5663220" lon="88.3535490">
    <ele>11.4</ele>
    <time>2025-10-28T16:25:36Z</time>
   </trkpt>
   <trkpt lat="22.5663150" lon="88.3535520">
    <ele>11.4</ele>
    <time>2025-10-28T16:25:37Z</time>
   </trkpt>
   <trkpt lat="22.5662990" lon="88.3535610">
    <ele>11.4</ele>
    <time>2025-10-28T16:25:38Z</time>
   </trkpt>
   <trkpt lat="22.5662960" lon="88.3535840">
    <ele>11.4</ele>
    <time>2025-10-28T16:25:39Z</time>
   </trkpt>
   <trkpt lat="22.5662770" lon="88.3536090">
    <ele>11.4</ele>
    <time>2025-10-28T16:25:40Z</time>
   </trkpt>
   <trkpt lat="22.5662710" lon="88.3536180">
    <ele>11.4</ele>
    <time>2025-10-28T16:25:41Z</time>
   </trkpt>
   <trkpt lat="22.5662830" lon="88.3536270">
    <ele>11.4</ele>
    <time>2025-10-28T16:25:42Z</time>
   </trkpt>
   <trkpt lat="22.5662850" lon="88.3536370">
    <ele>11.4</ele>
    <time>2025-10-28T16:25:43Z</time>
   </trkpt>
   <trkpt lat="22.5662800" lon="88.3536490">
    <ele>11.4</ele>
    <time>2025-10-28T16:25:44Z</time>
   </trkpt>
   <trkpt lat="22.5662640" lon="88.3536760">
    <ele>11.4</ele>
    <time>2025-10-28T16:25:45Z</time>
   </trkpt>
   <trkpt lat="22.5662620" lon="88.3536830">
    <ele>11.4</ele>
    <time>2025-10-28T16:25:46Z</time>
   </trkpt>
   <trkpt lat="22.5662630" lon="88.3536940">
    <ele>11.4</ele>
    <time>2025-10-28T16:25:47Z</time>
   </trkpt>
   <trkpt lat="22.5662580" lon="88.3537050">
    <ele>11.4</ele>
    <time>2025-10-28T16:25:48Z</time>
   </trkpt>
   <trkpt lat="22.5662430" lon="88.3537150">
    <ele>11.4</ele>
    <time>2025-10-28T16:25:49Z</time>
   </trkpt>
   <trkpt lat="22.5662360" lon="88.3537330">
    <ele>11.4</ele>
    <time>2025-10-28T16:25:50Z</time>
   </trkpt>
   <trkpt lat="22.5662250" lon="88.3537460">
    <ele>11.4</ele>
    <time>2025-10-28T16:25:51Z</time>
   </trkpt>
   <trkpt lat="22.5661990" lon="88.3537580">
    <ele>11.5</ele>
    <time>2025-10-28T16:25:52Z</time>
   </trkpt>
   <trkpt lat="22.5661870" lon="88.3537620">
    <ele>11.5</ele>
    <time>2025-10-28T16:25:53Z</time>
   </trkpt>
   <trkpt lat="22.5661760" lon="88.3537670">
    <ele>11.5</ele>
    <time>2025-10-28T16:25:54Z</time>
   </trkpt>
   <trkpt lat="22.5661460" lon="88.3537830">
    <ele>11.5</ele>
    <time>2025-10-28T16:25:55Z</time>
   </trkpt>
   <trkpt lat="22.5661400" lon="88.3537900">
    <ele>11.5</ele>
    <time>2025-10-28T16:25:56Z</time>
   </trkpt>
   <trkpt lat="22.5661520" lon="88.3538040">
    <ele>11.5</ele>
    <time>2025-10-28T16:25:57Z</time>
   </trkpt>
   <trkpt lat="22.5661520" lon="88.3538190">
    <ele>11.5</ele>
    <time>2025-10-28T16:25:58Z</time>
   </trkpt>
   <trkpt lat="22.5661440" lon="88.3538260">
    <ele>11.5</ele>
    <time>2025-10-28T16:25:59Z</time>
   </trkpt>
   <trkpt lat="22.5661370" lon="88.3538350">
    <ele>11.5</ele>
    <time>2025-10-28T16:26:00Z</time>
   </trkpt>
   <trkpt lat="22.5661350" lon="88.3538390">
    <ele>11.5</ele>
    <time>2025-10-28T16:26:01Z</time>
   </trkpt>
   <trkpt lat="22.5661250" lon="88.3538370">
    <ele>11.5</ele>
    <time>2025-10-28T16:26:02Z</time>
   </trkpt>
   <trkpt lat="22.5661170" lon="88.3538410">
    <ele>11.5</ele>
    <time>2025-10-28T16:26:03Z</time>
   </trkpt>
   <trkpt lat="22.5660990" lon="88.3538470">
    <ele>11.5</ele>
    <time>2025-10-28T16:26:04Z</time>
   </trkpt>
   <trkpt lat="22.5660830" lon="88.3538330">
    <ele>11.5</ele>
    <time>2025-10-28T16:26:05Z</time>
   </trkpt>
   <trkpt lat="22.5660700" lon="88.3538420">
    <ele>11.5</ele>
    <time>2025-10-28T16:26:06Z</time>
   </trkpt>
   <trkpt lat="22.5660630" lon="88.3538390">
    <ele>11.5</ele>
    <time>2025-10-28T16:26:07Z</time>
   </trkpt>
   <trkpt lat="22.5660500" lon="88.3538510">
    <ele>11.5</ele>
    <time>2025-10-28T16:26:08Z</time>
   </trkpt>
   <trkpt lat="22.5660460" lon="88.3538580">
    <ele>11.5</ele>
    <time>2025-10-28T16:26:09Z</time>
   </trkpt>
   <trkpt lat="22.5660260" lon="88.3538610">
    <ele>11.5</ele>
    <time>2025-10-28T16:26:10Z</time>
   </trkpt>
   <trkpt lat="22.5660230" lon="88.3538710">
    <ele>11.5</ele>
    <time>2025-10-28T16:26:11Z</time>
   </trkpt>
   <trkpt lat="22.5660220" lon="88.3538740">
    <ele>11.5</ele>
    <time>2025-10-28T16:26:12Z</time>
   </trkpt>
   <trkpt lat="22.5660130" lon="88.3538760">
    <ele>11.5</ele>
    <time>2025-10-28T16:26:13Z</time>
   </trkpt>
   <trkpt lat="22.5659990" lon="88.3538820">
    <ele>11.5</ele>
    <time>2025-10-28T16:26:14Z</time>
   </trkpt>
   <trkpt lat="22.5659890" lon="88.3538850">
    <ele>11.5</ele>
    <time>2025-10-28T16:26:15Z</time>
   </trkpt>
   <trkpt lat="22.5659630" lon="88.3539000">
    <ele>11.5</ele>
    <time>2025-10-28T16:26:16Z</time>
   </trkpt>
   <trkpt lat="22.5659500" lon="88.3539080">
    <ele>11.5</ele>
    <time>2025-10-28T16:26:17Z</time>
   </trkpt>
   <trkpt lat="22.5659390" lon="88.3539220">
    <ele>11.5</ele>
    <time>2025-10-28T16:26:18Z</time>
   </trkpt>
   <trkpt lat="22.5659250" lon="88.3539280">
    <ele>11.5</ele>
    <time>2025-10-28T16:26:19Z</time>
   </trkpt>
   <trkpt lat="22.5659110" lon="88.3539270">
    <ele>11.5</ele>
    <time>2025-10-28T16:26:20Z</time>
   </trkpt>
   <trkpt lat="22.5659080" lon="88.3539400">
    <ele>11.5</ele>
    <time>2025-10-28T16:26:21Z</time>
   </trkpt>
   <trkpt lat="22.5659120" lon="88.3539550">
    <ele>11.4</ele>
    <time>2025-10-28T16:26:22Z</time>
   </trkpt>
   <trkpt lat="22.5659070" lon="88.3539660">
    <ele>11.4</ele>
    <time>2025-10-28T16:26:23Z</time>
   </trkpt>
   <trkpt lat="22.5659020" lon="88.3539780">
    <ele>11.4</ele>
    <time>2025-10-28T16:26:24Z</time>
   </trkpt>
   <trkpt lat="22.5659080" lon="88.3539850">
    <ele>11.4</ele>
    <time>2025-10-28T16:26:25Z</time>
   </trkpt>
   <trkpt lat="22.5659220" lon="88.3539930">
    <ele>11.4</ele>
    <time>2025-10-28T16:26:26Z</time>
   </trkpt>
   <trkpt lat="22.5659310" lon="88.3540020">
    <ele>11.4</ele>
    <time>2025-10-28T16:26:27Z</time>
   </trkpt>
   <trkpt lat="22.5659590" lon="88.3539930">
    <ele>11.4</ele>
    <time>2025-10-28T16:26:28Z</time>
   </trkpt>
   <trkpt lat="22.5659670" lon="88.3539910">
    <ele>11.4</ele>
    <time>2025-10-28T16:26:29Z</time>
   </trkpt>
   <trkpt lat="22.5659800" lon="88.3540090">
    <ele>11.4</ele>
    <time>2025-10-28T16:26:30Z</time>
   </trkpt>
   <trkpt lat="22.5659850" lon="88.3540170">
    <ele>11.4</ele>
    <time>2025-10-28T16:26:31Z</time>
   </trkpt>
   <trkpt lat="22.5659890" lon="88.3540250">
    <ele>11.4</ele>
    <time>2025-10-28T16:26:32Z</time>
   </trkpt>
   <trkpt lat="22.5659930" lon="88.3540380">
    <ele>11.4</ele>
    <time>2025-10-28T16:26:33Z</time>
   </trkpt>
   <trkpt lat="22.5660050" lon="88.3540500">
    <ele>11.4</ele>
    <time>2025-10-28T16:26:34Z</time>
   </trkpt>
   <trkpt lat="22.5660100" lon="88.3540810">
    <ele>11.4</ele>
    <time>2025-10-28T16:26:35Z</time>
   </trkpt>
   <trkpt lat="22.5660110" lon="88.3541010">
    <ele>11.4</ele>
    <time>2025-10-28T16:26:36Z</time>
   </trkpt>
   <trkpt lat="22.5660150" lon="88.3541110">
    <ele>11.4</ele>
    <time>2025-10-28T16:26:37Z</time>
   </trkpt>
   <trkpt lat="22.5660180" lon="88.3541210">
    <ele>11.4</ele>
    <time>2025-10-28T16:26:38Z</time>
   </trkpt>
   <trkpt lat="22.5660200" lon="88.3541400">
    <ele>11.4</ele>
    <time>2025-10-28T16:26:39Z</time>
   </trkpt>
   <trkpt lat="22.5660270" lon="88.3541510">
    <ele>11.4</ele>
    <time>2025-10-28T16:26:40Z</time>
   </trkpt>
   <trkpt lat="22.5660380" lon="88.3541630">
    <ele>11.4</ele>
    <time>2025-10-28T16:26:41Z</time>
   </trkpt>
   <trkpt lat="22.5660480" lon="88.3541760">
    <ele>11.4</ele>
    <time>2025-10-28T16:26:42Z</time>
   </trkpt>
   <trkpt lat="22.5660720" lon="88.3541890">
    <ele>11.4</ele>
    <time>2025-10-28T16:26:43Z</time>
   </trkpt>
   <trkpt lat="22.5660800" lon="88.3541900">
    <ele>11.4</ele>
    <time>2025-10-28T16:26:44Z</time>
   </trkpt>
   <trkpt lat="22.5660890" lon="88.3541920">
    <ele>11.4</ele>
    <time>2025-10-28T16:26:45Z</time>
   </trkpt>
   <trkpt lat="22.5661020" lon="88.3542090">
    <ele>11.4</ele>
    <time>2025-10-28T16:26:46Z</time>
   </trkpt>
   <trkpt lat="22.5661050" lon="88.3542020">
    <ele>11.4</ele>
    <time>2025-10-28T16:26:47Z</time>
   </trkpt>
   <trkpt lat="22.5661130" lon="88.3542090">
    <ele>11.4</ele>
    <time>2025-10-28T16:26:48Z</time>
   </trkpt>
   <trkpt lat="22.5661160" lon="88.3542140">
    <ele>11.4</ele>
    <time>2025-10-28T16:26:49Z</time>
   </trkpt>
   <trkpt lat="22.5661290" lon="88.3542170">
    <ele>11.4</ele>
    <time>2025-10-28T16:26:50Z</time>
   </trkpt>
   <trkpt lat="22.5661450" lon="88.3542020">
    <ele>11.4</ele>
    <time>2025-10-28T16:26:51Z</time>
   </trkpt>
   <trkpt lat="22.5661580" lon="88.3542110">
    <ele>11.4</ele>
    <time>2025-10-28T16:26:52Z</time>
   </trkpt>
   <trkpt lat="22.5661740" lon="88.3542150">
    <ele>11.4</ele>
    <time>2025-10-28T16:26:53Z</time>
   </trkpt>
   <trkpt lat="22.5661800" lon="88.3542200">
    <ele>11.3</ele>
    <time>2025-10-28T16:26:54Z</time>
   </trkpt>
   <trkpt lat="22.5661860" lon="88.3542260">
    <ele>11.3</ele>
    <time>2025-10-28T16:26:55Z</time>
   </trkpt>
   <trkpt lat="22.5661940" lon="88.3542250">
    <ele>11.3</ele>
    <time>2025-10-28T16:26:56Z</time>
   </trkpt>
   <trkpt lat="22.5662030" lon="88.3542320">
    <ele>11.3</ele>
    <time>2025-10-28T16:26:57Z</time>
   </trkpt>
   <trkpt lat="22.5662100" lon="88.3542420">
    <ele>11.3</ele>
    <time>2025-10-28T16:26:58Z</time>
   </trkpt>
   <trkpt lat="22.5662140" lon="88.3542400">
    <ele>11.3</ele>
    <time>2025-10-28T16:26:59Z</time>
   </trkpt>
   <trkpt lat="22.5662210" lon="88.3542460">
    <ele>11.3</ele>
    <time>2025-10-28T16:27:00Z</time>
   </trkpt>
   <trkpt lat="22.5662310" lon="88.3542520">
    <ele>11.3</ele>
    <time>2025-10-28T16:27:01Z</time>
   </trkpt>
   <trkpt lat="22.5662420" lon="88.3542550">
    <ele>11.3</ele>
    <time>2025-10-28T16:27:02Z</time>
   </trkpt>
   <trkpt lat="22.5662490" lon="88.3542650">
    <ele>11.3</ele>
    <time>2025-10-28T16:27:03Z</time>
   </trkpt>
   <trkpt lat="22.5662580" lon="88.3542670">
    <ele>11.3</ele>
    <time>2025-10-28T16:27:04Z</time>
   </trkpt>
   <trkpt lat="22.5662830" lon="88.3542800">
    <ele>11.3</ele>
    <time>2025-10-28T16:27:05Z</time>
   </trkpt>
   <trkpt lat="22.5662960" lon="88.3542810">
    <ele>11.3</ele>
    <time>2025-10-28T16:27:06Z</time>
   </trkpt>
   <trkpt lat="22.5663080" lon="88.3542830">
    <ele>11.3</ele>
    <time>2025-10-28T16:27:07Z</time>
   </trkpt>
   <trkpt lat="22.5663200" lon="88.3542900">
    <ele>11.3</ele>
    <time>2025-10-28T16:27:08Z</time>
   </trkpt>
   <trkpt lat="22.5663410" lon="88.3542890">
    <ele>11.3</ele>
    <time>2025-10-28T16:27:09Z</time>
   </trkpt>
   <trkpt lat="22.5663680" lon="88.3542920">
    <ele>11.3</ele>
    <time>2025-10-28T16:27:10Z</time>
   </trkpt>
   <trkpt lat="22.5663900" lon="88.3542980">
    <ele>11.3</ele>
    <time>2025-10-28T16:27:11Z</time>
   </trkpt>
   <trkpt lat="22.5663970" lon="88.3542990">
    <ele>11.3</ele>
    <time>2025-10-28T16:27:12Z</time>
   </trkpt>
   <trkpt lat="22.5664050" lon="88.3543010">
    <ele>11.3</ele>
    <time>2025-10-28T16:27:13Z</time>
   </trkpt>
   <trkpt lat="22.5664160" lon="88.3543220">
    <ele>11.3</ele>
    <time>2025-10-28T16:27:14Z</time>
   </trkpt>
   <trkpt lat="22.5664140" lon="88.3543350">
    <ele>11.4</ele>
    <time>2025-10-28T16:27:15Z</time>
   </trkpt>
   <trkpt lat="22.5664120" lon="88.3543480">
    <ele>11.5</ele>
    <time>2025-10-28T16:27:16Z</time>
   </trkpt>
   <trkpt lat="22.5663990" lon="88.3543800">
    <ele>11.7</ele>
    <time>2025-10-28T16:27:17Z</time>
   </trkpt>
   <trkpt lat="22.5663990" lon="88.3543880">
    <ele>11.7</ele>
    <time>2025-10-28T16:27:18Z</time>
   </trkpt>
   <trkpt lat="22.5663940" lon="88.3544090">
    <ele>11.9</ele>
    <time>2025-10-28T16:27:19Z</time>
   </trkpt>
   <trkpt lat="22.5663910" lon="88.3544200">
    <ele>11.9</ele>
    <time>2025-10-28T16:27:20Z</time>
   </trkpt>
   <trkpt lat="22.5663870" lon="88.3544320">
    <ele>12.0</ele>
    <time>2025-10-28T16:27:21Z</time>
   </trkpt>
   <trkpt lat="22.5663840" lon="88.3544460">
    <ele>12.1</ele>
    <time>2025-10-28T16:27:22Z</time>
   </trkpt>
   <trkpt lat="22.5663840" lon="88.3544560">
    <ele>12.1</ele>
    <time>2025-10-28T16:27:23Z</time>
   </trkpt>
   <trkpt lat="22.5663830" lon="88.3544670">
    <ele>12.2</ele>
    <time>2025-10-28T16:27:24Z</time>
   </trkpt>
   <trkpt lat="22.5663810" lon="88.3544900">
    <ele>12.3</ele>
    <time>2025-10-28T16:27:25Z</time>
   </trkpt>
   <trkpt lat="22.5663780" lon="88.3545000">
    <ele>12.4</ele>
    <time>2025-10-28T16:27:26Z</time>
   </trkpt>
   <trkpt lat="22.5663760" lon="88.3545100">
    <ele>12.4</ele>
    <time>2025-10-28T16:27:27Z</time>
   </trkpt>
   <trkpt lat="22.5663680" lon="88.3545280">
    <ele>12.6</ele>
    <time>2025-10-28T16:27:28Z</time>
   </trkpt>
   <trkpt lat="22.5663650" lon="88.3545390">
    <ele>12.6</ele>
    <time>2025-10-28T16:27:29Z</time>
   </trkpt>
   <trkpt lat="22.5663610" lon="88.3545510">
    <ele>12.7</ele>
    <time>2025-10-28T16:27:30Z</time>
   </trkpt>
   <trkpt lat="22.5663480" lon="88.3545830">
    <ele>12.9</ele>
    <time>2025-10-28T16:27:31Z</time>
   </trkpt>
   <trkpt lat="22.5663460" lon="88.3545940">
    <ele>12.9</ele>
    <time>2025-10-28T16:27:32Z</time>
   </trkpt>
   <trkpt lat="22.5663300" lon="88.3546100">
    <ele>13.1</ele>
    <time>2025-10-28T16:27:33Z</time>
   </trkpt>
   <trkpt lat="22.5663250" lon="88.3546220">
    <ele>13.1</ele>
    <time>2025-10-28T16:27:34Z</time>
   </trkpt>
   <trkpt lat="22.5662870" lon="88.3546260">
    <ele>13.4</ele>
    <time>2025-10-28T16:27:35Z</time>
   </trkpt>
   <trkpt lat="22.5662500" lon="88.3546290">
    <ele>13.6</ele>
    <time>2025-10-28T16:27:36Z</time>
   </trkpt>
   <trkpt lat="22.5662300" lon="88.3546260">
    <ele>13.7</ele>
    <time>2025-10-28T16:27:37Z</time>
   </trkpt>
   <trkpt lat="22.5662110" lon="88.3546400">
    <ele>13.8</ele>
    <time>2025-10-28T16:27:38Z</time>
   </trkpt>
   <trkpt lat="22.5662030" lon="88.3546440">
    <ele>13.8</ele>
    <time>2025-10-28T16:27:39Z</time>
   </trkpt>
   <trkpt lat="22.5661950" lon="88.3546540">
    <ele>13.9</ele>
    <time>2025-10-28T16:27:40Z</time>
   </trkpt>
   <trkpt lat="22.5661860" lon="88.3546570">
    <ele>14.0</ele>
    <time>2025-10-28T16:27:41Z</time>
   </trkpt>
   <trkpt lat="22.5661760" lon="88.3546590">
    <ele>14.0</ele>
    <time>2025-10-28T16:27:42Z</time>
   </trkpt>
   <trkpt lat="22.5661670" lon="88.3546620">
    <ele>14.1</ele>
    <time>2025-10-28T16:27:43Z</time>
   </trkpt>
   <trkpt lat="22.5661580" lon="88.3546640">
    <ele>14.1</ele>
    <time>2025-10-28T16:27:44Z</time>
   </trkpt>
   <trkpt lat="22.5661320" lon="88.3546770">
    <ele>14.3</ele>
    <time>2025-10-28T16:27:45Z</time>
   </trkpt>
   <trkpt lat="22.5661240" lon="88.3546820">
    <ele>14.3</ele>
    <time>2025-10-28T16:27:46Z</time>
   </trkpt>
   <trkpt lat="22.5661150" lon="88.3546970">
    <ele>14.4</ele>
    <time>2025-10-28T16:27:47Z</time>
   </trkpt>
   <trkpt lat="22.5661060" lon="88.3547060">
    <ele>14.5</ele>
    <time>2025-10-28T16:27:48Z</time>
   </trkpt>
   <trkpt lat="22.5660870" lon="88.3547110">
    <ele>14.6</ele>
    <time>2025-10-28T16:27:49Z</time>
   </trkpt>
   <trkpt lat="22.5660850" lon="88.3547310">
    <ele>14.7</ele>
    <time>2025-10-28T16:27:50Z</time>
   </trkpt>
   <trkpt lat="22.5661060" lon="88.3547620">
    <ele>14.9</ele>
    <time>2025-10-28T16:27:51Z</time>
   </trkpt>
   <trkpt lat="22.5661060" lon="88.3547780">
    <ele>14.9</ele>
    <time>2025-10-28T16:27:52Z</time>
   </trkpt>
   <trkpt lat="22.5661120" lon="88.3547930">
    <ele>15.0</ele>
    <time>2025-10-28T16:27:53Z</time>
   </trkpt>
   <trkpt lat="22.5661090" lon="88.3548150">
    <ele>14.9</ele>
    <time>2025-10-28T16:27:54Z</time>
   </trkpt>
   <trkpt lat="22.5660990" lon="88.3548180">
    <ele>14.8</ele>
    <time>2025-10-28T16:27:55Z</time>
   </trkpt>
   <trkpt lat="22.5660860" lon="88.3548160">
    <ele>14.7</ele>
    <time>2025-10-28T16:27:56Z</time>
   </trkpt>
   <trkpt lat="22.5660730" lon="88.3548280">
    <ele>14.6</ele>
    <time>2025-10-28T16:27:57Z</time>
   </trkpt>
   <trkpt lat="22.5660650" lon="88.3548340">
    <ele>14.6</ele>
    <time>2025-10-28T16:27:58Z</time>
   </trkpt>
   <trkpt lat="22.5660630" lon="88.3548370">
    <ele>14.5</ele>
    <time>2025-10-28T16:27:59Z</time>
   </trkpt>
   <trkpt lat="22.5660460" lon="88.3548550">
    <ele>14.4</ele>
    <time>2025-10-28T16:28:00Z</time>
   </trkpt>
   <trkpt lat="22.5660400" lon="88.3548640">
    <ele>14.3</ele>
    <time>2025-10-28T16:28:01Z</time>
   </trkpt>
   <trkpt lat="22.5660330" lon="88.3548730">
    <ele>14.3</ele>
    <time>2025-10-28T16:28:02Z</time>
   </trkpt>
   <trkpt lat="22.5660240" lon="88.3548830">
    <ele>14.2</ele>
    <time>2025-10-28T16:28:03Z</time>
   </trkpt>
   <trkpt lat="22.5660070" lon="88.3548920">
    <ele>14.1</ele>
    <time>2025-10-28T16:28:04Z</time>
   </trkpt>
   <trkpt lat="22.5659840" lon="88.3549110">
    <ele>13.9</ele>
    <time>2025-10-28T16:28:05Z</time>
   </trkpt>
   <trkpt lat="22.5659760" lon="88.3549170">
    <ele>13.9</ele>
    <time>2025-10-28T16:28:06Z</time>
   </trkpt>
   <trkpt lat="22.5659400" lon="88.3549240">
    <ele>13.7</ele>
    <time>2025-10-28T16:28:07Z</time>
   </trkpt>
   <trkpt lat="22.5659530" lon="88.3549390">
    <ele>13.6</ele>
    <time>2025-10-28T16:28:08Z</time>
   </trkpt>
   <trkpt lat="22.5659510" lon="88.3549400">
    <ele>13.6</ele>
    <time>2025-10-28T16:28:09Z</time>
   </trkpt>
   <trkpt lat="22.5659450" lon="88.3549600">
    <ele>13.5</ele>
    <time>2025-10-28T16:28:10Z</time>
   </trkpt>
   <trkpt lat="22.5659340" lon="88.3549730">
    <ele>13.4</ele>
    <time>2025-10-28T16:28:11Z</time>
   </trkpt>
   <trkpt lat="22.5659380" lon="88.3549920">
    <ele>13.3</ele>
    <time>2025-10-28T16:28:12Z</time>
   </trkpt>
   <trkpt lat="22.5659140" lon="88.3550160">
    <ele>13.1</ele>
    <time>2025-10-28T16:28:13Z</time>
   </trkpt>
   <trkpt lat="22.5658940" lon="88.3550250">
    <ele>13.0</ele>
    <time>2025-10-28T16:28:14Z</time>
   </trkpt>
   <trkpt lat="22.5659060" lon="88.3550420">
    <ele>12.9</ele>
    <time>2025-10-28T16:28:15Z</time>
   </trkpt>
   <trkpt lat="22.5659050" lon="88.3550570">
    <ele>12.8</ele>
    <time>2025-10-28T16:28:16Z</time>
   </trkpt>
   <trkpt lat="22.5659160" lon="88.3550730">
    <ele>12.7</ele>
    <time>2025-10-28T16:28:17Z</time>
   </trkpt>
   <trkpt lat="22.5659170" lon="88.3550850">
    <ele>12.6</ele>
    <time>2025-10-28T16:28:18Z</time>
   </trkpt>
   <trkpt lat="22.5659110" lon="88.3550890">
    <ele>12.6</ele>
    <time>2025-10-28T16:28:19Z</time>
   </trkpt>
   <trkpt lat="22.5659120" lon="88.3551000">
    <ele>12.5</ele>
    <time>2025-10-28T16:28:20Z</time>
   </trkpt>
   <trkpt lat="22.5659030" lon="88.3551030">
    <ele>12.5</ele>
    <time>2025-10-28T16:28:21Z</time>
   </trkpt>
   <trkpt lat="22.5658990" lon="88.3551100">
    <ele>12.4</ele>
    <time>2025-10-28T16:28:22Z</time>
   </trkpt>
   <trkpt lat="22.5658920" lon="88.3551180">
    <ele>12.4</ele>
    <time>2025-10-28T16:28:23Z</time>
   </trkpt>
   <trkpt lat="22.5658820" lon="88.3551290">
    <ele>12.3</ele>
    <time>2025-10-28T16:28:24Z</time>
   </trkpt>
   <trkpt lat="22.5658750" lon="88.3551300">
    <ele>12.2</ele>
    <time>2025-10-28T16:28:25Z</time>
   </trkpt>
   <trkpt lat="22.5658550" lon="88.3551320">
    <ele>12.1</ele>
    <time>2025-10-28T16:28:26Z</time>
   </trkpt>
   <trkpt lat="22.5658470" lon="88.3551390">
    <ele>12.1</ele>
    <time>2025-10-28T16:28:27Z</time>
   </trkpt>
   <trkpt lat="22.5658410" lon="88.3551360">
    <ele>12.0</ele>
    <time>2025-10-28T16:28:28Z</time>
   </trkpt>
   <trkpt lat="22.5658590" lon="88.3551560">
    <ele>12.0</ele>
    <time>2025-10-28T16:28:29Z</time>
   </trkpt>
   <trkpt lat="22.5658710" lon="88.3551650">
    <ele>12.0</ele>
    <time>2025-10-28T16:28:30Z</time>
   </trkpt>
   <trkpt lat="22.5658980" lon="88.3551960">
    <ele>12.1</ele>
    <time>2025-10-28T16:28:31Z</time>
   </trkpt>
   <trkpt lat="22.5659040" lon="88.3552110">
    <ele>12.1</ele>
    <time>2025-10-28T16:28:32Z</time>
   </trkpt>
   <trkpt lat="22.5659200" lon="88.3552370">
    <ele>12.1</ele>
    <time>2025-10-28T16:28:33Z</time>
   </trkpt>
   <trkpt lat="22.5659250" lon="88.3552530">
    <ele>12.1</ele>
    <time>2025-10-28T16:28:34Z</time>
   </trkpt>
   <trkpt lat="22.5659290" lon="88.3552710">
    <ele>12.1</ele>
    <time>2025-10-28T16:28:35Z</time>
   </trkpt>
   <trkpt lat="22.5659470" lon="88.3552930">
    <ele>12.1</ele>
    <time>2025-10-28T16:28:36Z</time>
   </trkpt>
   <trkpt lat="22.5659560" lon="88.3552980">
    <ele>12.1</ele>
    <time>2025-10-28T16:28:37Z</time>
   </trkpt>
   <trkpt lat="22.5659690" lon="88.3553170">
    <ele>12.1</ele>
    <time>2025-10-28T16:28:38Z</time>
   </trkpt>
   <trkpt lat="22.5659760" lon="88.3553250">
    <ele>12.1</ele>
    <time>2025-10-28T16:28:39Z</time>
   </trkpt>
   <trkpt lat="22.5659820" lon="88.3553330">
    <ele>12.1</ele>
    <time>2025-10-28T16:28:40Z</time>
   </trkpt>
   <trkpt lat="22.5659890" lon="88.3553400">
    <ele>12.1</ele>
    <time>2025-10-28T16:28:41Z</time>
   </trkpt>
   <trkpt lat="22.5660010" lon="88.3553440">
    <ele>12.1</ele>
    <time>2025-10-28T16:28:42Z</time>
   </trkpt>
   <trkpt lat="22.5660090" lon="88.3553520">
    <ele>12.1</ele>
    <time>2025-10-28T16:28:43Z</time>
   </trkpt>
   <trkpt lat="22.5660360" lon="88.3553760">
    <ele>12.1</ele>
    <time>2025-10-28T16:28:44Z</time>
   </trkpt>
   <trkpt lat="22.5660410" lon="88.3553850">
    <ele>12.1</ele>
    <time>2025-10-28T16:28:45Z</time>
   </trkpt>
   <trkpt lat="22.5660430" lon="88.3553940">
    <ele>12.1</ele>
    <time>2025-10-28T16:28:46Z</time>
   </trkpt>
   <trkpt lat="22.5660480" lon="88.3553990">
    <ele>12.1</ele>
    <time>2025-10-28T16:28:47Z</time>
   </trkpt>
   <trkpt lat="22.5660580" lon="88.3554130">
    <ele>12.1</ele>
    <time>2025-10-28T16:28:48Z</time>
   </trkpt>
   <trkpt lat="22.5660780" lon="88.3554380">
    <ele>12.1</ele>
    <time>2025-10-28T16:28:49Z</time>
   </trkpt>
   <trkpt lat="22.5660850" lon="88.3554490">
    <ele>12.1</ele>
    <time>2025-10-28T16:28:50Z</time>
   </trkpt>
   <trkpt lat="22.5660920" lon="88.3554600">
    <ele>12.1</ele>
    <time>2025-10-28T16:28:51Z</time>
   </trkpt>
   <trkpt lat="22.5661060" lon="88.3554910">
    <ele>12.1</ele>
    <time>2025-10-28T16:28:52Z</time>
   </trkpt>
   <trkpt lat="22.5661120" lon="88.3555050">
    <ele>12.1</ele>
    <time>2025-10-28T16:28:53Z</time>
   </trkpt>
   <trkpt lat="22.5661260" lon="88.3555360">
    <ele>12.1</ele>
    <time>2025-10-28T16:28:54Z</time>
   </trkpt>
   <trkpt lat="22.5661410" lon="88.3555610">
    <ele>12.1</ele>
    <time>2025-10-28T16:28:55Z</time>
   </trkpt>
   <trkpt lat="22.5661450" lon="88.3555750">
    <ele>12.2</ele>
    <time>2025-10-28T16:28:56Z</time>
   </trkpt>
   <trkpt lat="22.5661640" lon="88.3555660">
    <ele>12.2</ele>
    <time>2025-10-28T16:28:57Z</time>
   </trkpt>
   <trkpt lat="22.5661740" lon="88.3555720">
    <ele>12.2</ele>
    <time>2025-10-28T16:28:58Z</time>
   </trkpt>
   <trkpt lat="22.5661670" lon="88.3555650">
    <ele>12.2</ele>
    <time>2025-10-28T16:28:59Z</time>
   </trkpt>
   <trkpt lat="22.5661730" lon="88.3555580">
    <ele>12.2</ele>
    <time>2025-10-28T16:29:00Z</time>
   </trkpt>
   <trkpt lat="22.5661820" lon="88.3555610">
    <ele>12.2</ele>
    <time>2025-10-28T16:29:01Z</time>
   </trkpt>
   <trkpt lat="22.5662030" lon="88.3555570">
    <ele>12.3</ele>
    <time>2025-10-28T16:29:02Z</time>
   </trkpt>
   <trkpt lat="22.5662180" lon="88.3555700">
    <ele>12.3</ele>
    <time>2025-10-28T16:29:03Z</time>
   </trkpt>
   <trkpt lat="22.5662220" lon="88.3555800">
    <ele>12.3</ele>
    <time>2025-10-28T16:29:04Z</time>
   </trkpt>
   <trkpt lat="22.5662310" lon="88.3555790">
    <ele>12.3</ele>
    <time>2025-10-28T16:29:05Z</time>
   </trkpt>
   <trkpt lat="22.5662410" lon="88.3555870">
    <ele>12.4</ele>
    <time>2025-10-28T16:29:06Z</time>
   </trkpt>
   <trkpt lat="22.5662530" lon="88.3555790">
    <ele>12.4</ele>
    <time>2025-10-28T16:29:07Z</time>
   </trkpt>
   <trkpt lat="22.5662570" lon="88.3555850">
    <ele>12.4</ele>
    <time>2025-10-28T16:29:08Z</time>
   </trkpt>
   <trkpt lat="22.5662660" lon="88.3555880">
    <ele>12.4</ele>
    <time>2025-10-28T16:29:09Z</time>
   </trkpt>
   <trkpt lat="22.5662740" lon="88.3556110">
    <ele>12.5</ele>
    <time>2025-10-28T16:29:10Z</time>
   </trkpt>
   <trkpt lat="22.5662810" lon="88.3556310">
    <ele>12.5</ele>
    <time>2025-10-28T16:29:11Z</time>
   </trkpt>
   <trkpt lat="22.5662820" lon="88.3556460">
    <ele>12.6</ele>
    <time>2025-10-28T16:29:12Z</time>
   </trkpt>
   <trkpt lat="22.5662960" lon="88.3556600">
    <ele>12.6</ele>
    <time>2025-10-28T16:29:13Z</time>
   </trkpt>
   <trkpt lat="22.5663030" lon="88.3556700">
    <ele>12.6</ele>
    <time>2025-10-28T16:29:14Z</time>
   </trkpt>
   <trkpt lat="22.5663090" lon="88.3556810">
    <ele>12.6</ele>
    <time>2025-10-28T16:29:15Z</time>
   </trkpt>
   <trkpt lat="22.5663270" lon="88.3557040">
    <ele>12.7</ele>
    <time>2025-10-28T16:29:16Z</time>
   </trkpt>
   <trkpt lat="22.5663330" lon="88.3557160">
    <ele>12.7</ele>
    <time>2025-10-28T16:29:17Z</time>
   </trkpt>
   <trkpt lat="22.5663620" lon="88.3557340">
    <ele>12.8</ele>
    <time>2025-10-28T16:29:18Z</time>
   </trkpt>
   <trkpt lat="22.5663690" lon="88.3557450">
    <ele>12.8</ele>
    <time>2025-10-28T16:29:19Z</time>
   </trkpt>
   <trkpt lat="22.5663750" lon="88.3557710">
    <ele>12.8</ele>
    <time>2025-10-28T16:29:20Z</time>
   </trkpt>
   <trkpt lat="22.5663720" lon="88.3557840">
    <ele>12.8</ele>
    <time>2025-10-28T16:29:21Z</time>
   </trkpt>
   <trkpt lat="22.5663690" lon="88.3557960">
    <ele>12.8</ele>
    <time>2025-10-28T16:29:22Z</time>
   </trkpt>
   <trkpt lat="22.5663880" lon="88.3558020">
    <ele>12.8</ele>
    <time>2025-10-28T16:29:23Z</time>
   </trkpt>
   <trkpt lat="22.5664010" lon="88.3558190">
    <ele>12.8</ele>
    <time>2025-10-28T16:29:25Z</time>
   </trkpt>
   <trkpt lat="22.5664060" lon="88.3558360">
    <ele>12.8</ele>
    <time>2025-10-28T16:29:26Z</time>
   </trkpt>
   <trkpt lat="22.5664210" lon="88.3558340">
    <ele>12.9</ele>
    <time>2025-10-28T16:29:27Z</time>
   </trkpt>
   <trkpt lat="22.5664260" lon="88.3558460">
    <ele>12.9</ele>
    <time>2025-10-28T16:29:28Z</time>
   </trkpt>
   <trkpt lat="22.5664470" lon="88.3558550">
    <ele>12.9</ele>
    <time>2025-10-28T16:29:29Z</time>
   </trkpt>
   <trkpt lat="22.5664490" lon="88.3558670">
    <ele>12.9</ele>
    <time>2025-10-28T16:29:30Z</time>
   </trkpt>
   <trkpt lat="22.5664520" lon="88.3558780">
    <ele>12.9</ele>
    <time>2025-10-28T16:29:31Z</time>
   </trkpt>
   <trkpt lat="22.5664560" lon="88.3558990">
    <ele>12.9</ele>
    <time>2025-10-28T16:29:32Z</time>
   </trkpt>
   <trkpt lat="22.5664780" lon="88.3558900">
    <ele>12.9</ele>
    <time>2025-10-28T16:29:33Z</time>
   </trkpt>
   <trkpt lat="22.5664960" lon="88.3558980">
    <ele>12.9</ele>
    <time>2025-10-28T16:29:34Z</time>
   </trkpt>
   <trkpt lat="22.5665030" lon="88.3559040">
    <ele>12.9</ele>
    <time>2025-10-28T16:29:35Z</time>
   </trkpt>
   <trkpt lat="22.5665090" lon="88.3559110">
    <ele>12.9</ele>
    <time>2025-10-28T16:29:36Z</time>
   </trkpt>
   <trkpt lat="22.5665160" lon="88.3559170">
    <ele>12.9</ele>
    <time>2025-10-28T16:29:37Z</time>
   </trkpt>
   <trkpt lat="22.5665190" lon="88.3559440">
    <ele>12.9</ele>
    <time>2025-10-28T16:29:38Z</time>
   </trkpt>
   <trkpt lat="22.5665230" lon="88.3559410">
    <ele>12.9</ele>
    <time>2025-10-28T16:29:39Z</time>
   </trkpt>
   <trkpt lat="22.5665190" lon="88.3559460">
    <ele>12.9</ele>
    <time>2025-10-28T16:29:40Z</time>
   </trkpt>
   <trkpt lat="22.5665220" lon="88.3559540">
    <ele>12.9</ele>
    <time>2025-10-28T16:29:41Z</time>
   </trkpt>
   <trkpt lat="22.5665360" lon="88.3559660">
    <ele>13.0</ele>
    <time>2025-10-28T16:29:42Z</time>
   </trkpt>
   <trkpt lat="22.5665360" lon="88.3559690">
    <ele>13.0</ele>
    <time>2025-10-28T16:29:43Z</time>
   </trkpt>
   <trkpt lat="22.5665410" lon="88.3559700">
    <ele>13.0</ele>
    <time>2025-10-28T16:29:44Z</time>
   </trkpt>
   <trkpt lat="22.5665450" lon="88.3559780">
    <ele>13.0</ele>
    <time>2025-10-28T16:29:45Z</time>
   </trkpt>
   <trkpt lat="22.5665660" lon="88.3559830">
    <ele>13.0</ele>
    <time>2025-10-28T16:29:46Z</time>
   </trkpt>
   <trkpt lat="22.5665710" lon="88.3559900">
    <ele>13.0</ele>
    <time>2025-10-28T16:29:47Z</time>
   </trkpt>
   <trkpt lat="22.5665750" lon="88.3559970">
    <ele>13.0</ele>
    <time>2025-10-28T16:29:48Z</time>
   </trkpt>
   <trkpt lat="22.5665790" lon="88.3560040">
    <ele>13.0</ele>
    <time>2025-10-28T16:29:49Z</time>
   </trkpt>
   <trkpt lat="22.5666030" lon="88.3560150">
    <ele>13.0</ele>
    <time>2025-10-28T16:29:50Z</time>
   </trkpt>
   <trkpt lat="22.5666140" lon="88.3560150">
    <ele>13.0</ele>
    <time>2025-10-28T16:29:51Z</time>
   </trkpt>
   <trkpt lat="22.5666220" lon="88.3560130">
    <ele>13.0</ele>
    <time>2025-10-28T16:29:52Z</time>
   </trkpt>
   <trkpt lat="22.5666380" lon="88.3560180">
    <ele>13.0</ele>
    <time>2025-10-28T16:29:53Z</time>
   </trkpt>
   <trkpt lat="22.5666490" lon="88.3560150">
    <ele>13.0</ele>
    <time>2025-10-28T16:29:54Z</time>
   </trkpt>
   <trkpt lat="22.5666660" lon="88.3560250">
    <ele>13.0</ele>
    <time>2025-10-28T16:29:55Z</time>
   </trkpt>
   <trkpt lat="22.5666770" lon="88.3560290">
    <ele>13.0</ele>
    <time>2025-10-28T16:29:56Z</time>
   </trkpt>
   <trkpt lat="22.5666880" lon="88.3560330">
    <ele>13.0</ele>
    <time>2025-10-28T16:29:57Z</time>
   </trkpt>
   <trkpt lat="22.5667010" lon="88.3560370">
    <ele>13.0</ele>
    <time>2025-10-28T16:29:58Z</time>
   </trkpt>
   <trkpt lat="22.5667140" lon="88.3560430">
    <ele>13.0</ele>
    <time>2025-10-28T16:29:59Z</time>
   </trkpt>
   <trkpt lat="22.5667440" lon="88.3560520">
    <ele>12.9</ele>
    <time>2025-10-28T16:30:00Z</time>
   </trkpt>
   <trkpt lat="22.5667530" lon="88.3560590">
    <ele>12.8</ele>
    <time>2025-10-28T16:30:01Z</time>
   </trkpt>
   <trkpt lat="22.5667760" lon="88.3560630">
    <ele>12.8</ele>
    <time>2025-10-28T16:30:02Z</time>
   </trkpt>
   <trkpt lat="22.5667840" lon="88.3560670">
    <ele>12.7</ele>
    <time>2025-10-28T16:30:03Z</time>
   </trkpt>
   <trkpt lat="22.5667940" lon="88.3560740">
    <ele>12.7</ele>
    <time>2025-10-28T16:30:04Z</time>
   </trkpt>
   <trkpt lat="22.5668020" lon="88.3560770">
    <ele>12.7</ele>
    <time>2025-10-28T16:30:05Z</time>
   </trkpt>
   <trkpt lat="22.5668090" lon="88.3560850">
    <ele>12.6</ele>
    <time>2025-10-28T16:30:06Z</time>
   </trkpt>
   <trkpt lat="22.5668190" lon="88.3561050">
    <ele>12.6</ele>
    <time>2025-10-28T16:30:07Z</time>
   </trkpt>
   <trkpt lat="22.5668230" lon="88.3561140">
    <ele>12.6</ele>
    <time>2025-10-28T16:30:08Z</time>
   </trkpt>
   <trkpt lat="22.5668280" lon="88.3561220">
    <ele>12.5</ele>
    <time>2025-10-28T16:30:09Z</time>
   </trkpt>
   <trkpt lat="22.5668530" lon="88.3561500">
    <ele>12.4</ele>
    <time>2025-10-28T16:30:10Z</time>
   </trkpt>
   <trkpt lat="22.5668710" lon="88.3561740">
    <ele>12.3</ele>
    <time>2025-10-28T16:30:11Z</time>
   </trkpt>
   <trkpt lat="22.5668740" lon="88.3561860">
    <ele>12.3</ele>
    <time>2025-10-28T16:30:12Z</time>
   </trkpt>
   <trkpt lat="22.5668800" lon="88.3562070">
    <ele>12.2</ele>
    <time>2025-10-28T16:30:13Z</time>
   </trkpt>
   <trkpt lat="22.5668850" lon="88.3562230">
    <ele>12.2</ele>
    <time>2025-10-28T16:30:14Z</time>
   </trkpt>
   <trkpt lat="22.5668880" lon="88.3562430">
    <ele>12.1</ele>
    <time>2025-10-28T16:30:15Z</time>
   </trkpt>
   <trkpt lat="22.5669040" lon="88.3562370">
    <ele>12.1</ele>
    <time>2025-10-28T16:30:16Z</time>
   </trkpt>
   <trkpt lat="22.5669150" lon="88.3562400">
    <ele>12.0</ele>
    <time>2025-10-28T16:30:17Z</time>
   </trkpt>
   <trkpt lat="22.5669220" lon="88.3562460">
    <ele>12.0</ele>
    <time>2025-10-28T16:30:18Z</time>
   </trkpt>
   <trkpt lat="22.5669270" lon="88.3562600">
    <ele>12.0</ele>
    <time>2025-10-28T16:30:19Z</time>
   </trkpt>
   <trkpt lat="22.5669260" lon="88.3562650">
    <ele>11.9</ele>
    <time>2025-10-28T16:30:20Z</time>
   </trkpt>
   <trkpt lat="22.5669190" lon="88.3562760">
    <ele>11.9</ele>
    <time>2025-10-28T16:30:21Z</time>
   </trkpt>
   <trkpt lat="22.5669230" lon="88.3562890">
    <ele>11.9</ele>
    <time>2025-10-28T16:30:22Z</time>
   </trkpt>
   <trkpt lat="22.5669310" lon="88.3562970">
    <ele>11.8</ele>
    <time>2025-10-28T16:30:23Z</time>
   </trkpt>
   <trkpt lat="22.5669400" lon="88.3563030">
    <ele>11.8</ele>
    <time>2025-10-28T16:30:24Z</time>
   </trkpt>
   <trkpt lat="22.5669540" lon="88.3563140">
    <ele>11.7</ele>
    <time>2025-10-28T16:30:25Z</time>
   </trkpt>
   <trkpt lat="22.5669730" lon="88.3563110">
    <ele>11.7</ele>
    <time>2025-10-28T16:30:26Z</time>
   </trkpt>
   <trkpt lat="22.5669860" lon="88.3563180">
    <ele>11.6</ele>
    <time>2025-10-28T16:30:27Z</time>
   </trkpt>
   <trkpt lat="22.5670040" lon="88.3563220">
    <ele>11.6</ele>
    <time>2025-10-28T16:30:28Z</time>
   </trkpt>
   <trkpt lat="22.5670110" lon="88.3563170">
    <ele>11.5</ele>
    <time>2025-10-28T16:30:29Z</time>
   </trkpt>
   <trkpt lat="22.5670250" lon="88.3563210">
    <ele>11.5</ele>
    <time>2025-10-28T16:30:30Z</time>
   </trkpt>
   <trkpt lat="22.5670400" lon="88.3563200">
    <ele>11.4</ele>
    <time>2025-10-28T16:30:31Z</time>
   </trkpt>
   <trkpt lat="22.5670490" lon="88.3563250">
    <ele>11.4</ele>
    <time>2025-10-28T16:30:32Z</time>
   </trkpt>
   <trkpt lat="22.5670650" lon="88.3563340">
    <ele>11.4</ele>
    <time>2025-10-28T16:30:33Z</time>
   </trkpt>
   <trkpt lat="22.5670740" lon="88.3563400">
    <ele>11.3</ele>
    <time>2025-10-28T16:30:34Z</time>
   </trkpt>
   <trkpt lat="22.5670800" lon="88.3563530">
    <ele>11.3</ele>
    <time>2025-10-28T16:30:35Z</time>
   </trkpt>
   <trkpt lat="22.5670890" lon="88.3563610">
    <ele>11.2</ele>
    <time>2025-10-28T16:30:36Z</time>
   </trkpt>
   <trkpt lat="22.5671020" lon="88.3563750">
    <ele>11.2</ele>
    <time>2025-10-28T16:30:37Z</time>
   </trkpt>
   <trkpt lat="22.5671070" lon="88.3563850">
    <ele>11.1</ele>
    <time>2025-10-28T16:30:38Z</time>
   </trkpt>
   <trkpt lat="22.5671130" lon="88.3563940">
    <ele>11.1</ele>
    <time>2025-10-28T16:30:39Z</time>
   </trkpt>
   <trkpt lat="22.5671230" lon="88.3564050">
    <ele>11.1</ele>
    <time>2025-10-28T16:30:40Z</time>
   </trkpt>
   <trkpt lat="22.5671350" lon="88.3564170">
    <ele>11.0</ele>
    <time>2025-10-28T16:30:41Z</time>
   </trkpt>
   <trkpt lat="22.5671480" lon="88.3564200">
    <ele>11.0</ele>
    <time>2025-10-28T16:30:42Z</time>
   </trkpt>
   <trkpt lat="22.5671610" lon="88.3564310">
    <ele>10.9</ele>
    <time>2025-10-28T16:30:43Z</time>
   </trkpt>
   <trkpt lat="22.5671790" lon="88.3564500">
    <ele>10.8</ele>
    <time>2025-10-28T16:30:44Z</time>
   </trkpt>
   <trkpt lat="22.5671820" lon="88.3564550">
    <ele>10.8</ele>
    <time>2025-10-28T16:30:45Z</time>
   </trkpt>
   <trkpt lat="22.5672010" lon="88.3564680">
    <ele>10.8</ele>
    <time>2025-10-28T16:30:46Z</time>
   </trkpt>
   <trkpt lat="22.5672070" lon="88.3564740">
    <ele>10.7</ele>
    <time>2025-10-28T16:30:47Z</time>
   </trkpt>
   <trkpt lat="22.5672120" lon="88.3564800">
    <ele>10.7</ele>
    <time>2025-10-28T16:30:48Z</time>
   </trkpt>
   <trkpt lat="22.5672210" lon="88.3565040">
    <ele>10.6</ele>
    <time>2025-10-28T16:30:49Z</time>
   </trkpt>
   <trkpt lat="22.5672280" lon="88.3565080">
    <ele>10.6</ele>
    <time>2025-10-28T16:30:50Z</time>
   </trkpt>
   <trkpt lat="22.5672350" lon="88.3565130">
    <ele>10.6</ele>
    <time>2025-10-28T16:30:51Z</time>
   </trkpt>
   <trkpt lat="22.5672570" lon="88.3565300">
    <ele>10.5</ele>
    <time>2025-10-28T16:30:52Z</time>
   </trkpt>
   <trkpt lat="22.5672660" lon="88.3565380">
    <ele>10.5</ele>
    <time>2025-10-28T16:30:53Z</time>
   </trkpt>
   <trkpt lat="22.5672840" lon="88.3565500">
    <ele>10.5</ele>
    <time>2025-10-28T16:30:54Z</time>
   </trkpt>
   <trkpt lat="22.5672870" lon="88.3565600">
    <ele>10.4</ele>
    <time>2025-10-28T16:30:55Z</time>
   </trkpt>
   <trkpt lat="22.5672960" lon="88.3565780">
    <ele>10.4</ele>
    <time>2025-10-28T16:30:56Z</time>
   </trkpt>
   <trkpt lat="22.5673050" lon="88.3565840">
    <ele>10.4</ele>
    <time>2025-10-28T16:30:57Z</time>
   </trkpt>
   <trkpt lat="22.5673130" lon="88.3565890">
    <ele>10.4</ele>
    <time>2025-10-28T16:30:58Z</time>
   </trkpt>
   <trkpt lat="22.5673190" lon="88.3566010">
    <ele>10.3</ele>
    <time>2025-10-28T16:30:59Z</time>
   </trkpt>
   <trkpt lat="22.5673230" lon="88.3566120">
    <ele>10.3</ele>
    <time>2025-10-28T16:31:00Z</time>
   </trkpt>
   <trkpt lat="22.5673260" lon="88.3566230">
    <ele>10.3</ele>
    <time>2025-10-28T16:31:01Z</time>
   </trkpt>
   <trkpt lat="22.5673320" lon="88.3566400">
    <ele>10.3</ele>
    <time>2025-10-28T16:31:02Z</time>
   </trkpt>
   <trkpt lat="22.5673380" lon="88.3566500">
    <ele>10.2</ele>
    <time>2025-10-28T16:31:03Z</time>
   </trkpt>
   <trkpt lat="22.5673040" lon="88.3566860">
    <ele>10.1</ele>
    <time>2025-10-28T16:31:04Z</time>
   </trkpt>
   <trkpt lat="22.5672790" lon="88.3567120">
    <ele>10.1</ele>
    <time>2025-10-28T16:31:05Z</time>
   </trkpt>
   <trkpt lat="22.5672620" lon="88.3567370">
    <ele>10.0</ele>
    <time>2025-10-28T16:31:06Z</time>
   </trkpt>
   <trkpt lat="22.5672580" lon="88.3567450">
    <ele>10.1</ele>
    <time>2025-10-28T16:31:07Z</time>
   </trkpt>
   <trkpt lat="22.5672530" lon="88.3567610">
    <ele>10.1</ele>
    <time>2025-10-28T16:31:08Z</time>
   </trkpt>
   <trkpt lat="22.5672340" lon="88.3567580">
    <ele>10.1</ele>
    <time>2025-10-28T16:31:09Z</time>
   </trkpt>
   <trkpt lat="22.5672260" lon="88.3567640">
    <ele>10.1</ele>
    <time>2025-10-28T16:31:10Z</time>
   </trkpt>
   <trkpt lat="22.5672200" lon="88.3567770">
    <ele>10.1</ele>
    <time>2025-10-28T16:31:11Z</time>
   </trkpt>
   <trkpt lat="22.5672120" lon="88.3567890">
    <ele>10.1</ele>
    <time>2025-10-28T16:31:12Z</time>
   </trkpt>
   <trkpt lat="22.5672000" lon="88.3568010">
    <ele>10.1</ele>
    <time>2025-10-28T16:31:13Z</time>
   </trkpt>
   <trkpt lat="22.5671930" lon="88.3568120">
    <ele>10.1</ele>
    <time>2025-10-28T16:31:14Z</time>
   </trkpt>
   <trkpt lat="22.5671730" lon="88.3568340">
    <ele>10.1</ele>
    <time>2025-10-28T16:31:15Z</time>
   </trkpt>
   <trkpt lat="22.5671660" lon="88.3568400">
    <ele>10.1</ele>
    <time>2025-10-28T16:31:16Z</time>
   </trkpt>
   <trkpt lat="22.5671510" lon="88.3568480">
    <ele>10.1</ele>
    <time>2025-10-28T16:31:17Z</time>
   </trkpt>
   <trkpt lat="22.5671370" lon="88.3568550">
    <ele>10.1</ele>
    <time>2025-10-28T16:31:18Z</time>
   </trkpt>
   <trkpt lat="22.5671330" lon="88.3568620">
    <ele>10.1</ele>
    <time>2025-10-28T16:31:19Z</time>
   </trkpt>
   <trkpt lat="22.5671240" lon="88.3568880">
    <ele>10.1</ele>
    <time>2025-10-28T16:31:20Z</time>
   </trkpt>
   <trkpt lat="22.5671090" lon="88.3568970">
    <ele>10.1</ele>
    <time>2025-10-28T16:31:21Z</time>
   </trkpt>
   <trkpt lat="22.5670960" lon="88.3569030">
    <ele>10.1</ele>
    <time>2025-10-28T16:31:22Z</time>
   </trkpt>
   <trkpt lat="22.5670840" lon="88.3569160">
    <ele>10.1</ele>
    <time>2025-10-28T16:31:23Z</time>
   </trkpt>
   <trkpt lat="22.5670720" lon="88.3569280">
    <ele>10.1</ele>
    <time>2025-10-28T16:31:24Z</time>
   </trkpt>
   <trkpt lat="22.5670700" lon="88.3569480">
    <ele>10.1</ele>
    <time>2025-10-28T16:31:25Z</time>
   </trkpt>
   <trkpt lat="22.5670620" lon="88.3569570">
    <ele>10.2</ele>
    <time>2025-10-28T16:31:26Z</time>
   </trkpt>
   <trkpt lat="22.5670470" lon="88.3569550">
    <ele>10.2</ele>
    <time>2025-10-28T16:31:27Z</time>
   </trkpt>
   <trkpt lat="22.5670380" lon="88.3569650">
    <ele>10.2</ele>
    <time>2025-10-28T16:31:28Z</time>
   </trkpt>
   <trkpt lat="22.5670380" lon="88.3569680">
    <ele>10.2</ele>
    <time>2025-10-28T16:31:29Z</time>
   </trkpt>
   <trkpt lat="22.5670220" lon="88.3569770">
    <ele>10.2</ele>
    <time>2025-10-28T16:31:31Z</time>
   </trkpt>
   <trkpt lat="22.5670140" lon="88.3569980">
    <ele>10.2</ele>
    <time>2025-10-28T16:31:32Z</time>
   </trkpt>
   <trkpt lat="22.5670110" lon="88.3570060">
    <ele>10.2</ele>
    <time>2025-10-28T16:31:33Z</time>
   </trkpt>
   <trkpt lat="22.5670070" lon="88.3570130">
    <ele>10.2</ele>
    <time>2025-10-28T16:31:34Z</time>
   </trkpt>
   <trkpt lat="22.5669950" lon="88.3570220">
    <ele>10.3</ele>
    <time>2025-10-28T16:31:35Z</time>
   </trkpt>
   <trkpt lat="22.5669820" lon="88.3570400">
    <ele>10.5</ele>
    <time>2025-10-28T16:31:36Z</time>
   </trkpt>
   <trkpt lat="22.5669800" lon="88.3570590">
    <ele>10.6</ele>
    <time>2025-10-28T16:31:37Z</time>
   </trkpt>
   <trkpt lat="22.5669740" lon="88.3570750">
    <ele>10.7</ele>
    <time>2025-10-28T16:31:38Z</time>
   </trkpt>
   <trkpt lat="22.5669650" lon="88.3570850">
    <ele>10.8</ele>
    <time>2025-10-28T16:31:39Z</time>
   </trkpt>
   <trkpt lat="22.5669530" lon="88.3571030">
    <ele>11.0</ele>
    <time>2025-10-28T16:31:40Z</time>
   </trkpt>
   <trkpt lat="22.5669430" lon="88.3571110">
    <ele>11.1</ele>
    <time>2025-10-28T16:31:41Z</time>
   </trkpt>
   <trkpt lat="22.5669370" lon="88.3571090">
    <ele>11.2</ele>
    <time>2025-10-28T16:31:42Z</time>
   </trkpt>
   <trkpt lat="22.5669280" lon="88.3571130">
    <ele>11.2</ele>
    <time>2025-10-28T16:31:43Z</time>
   </trkpt>
   <trkpt lat="22.5669210" lon="88.3571280">
    <ele>11.4</ele>
    <time>2025-10-28T16:31:44Z</time>
   </trkpt>
   <trkpt lat="22.5669170" lon="88.3571340">
    <ele>11.4</ele>
    <time>2025-10-28T16:31:45Z</time>
   </trkpt>
   <trkpt lat="22.5669120" lon="88.3571410">
    <ele>11.5</ele>
    <time>2025-10-28T16:31:46Z</time>
   </trkpt>
   <trkpt lat="22.5669080" lon="88.3571470">
    <ele>11.5</ele>
    <time>2025-10-28T16:31:47Z</time>
   </trkpt>
   <trkpt lat="22.5669040" lon="88.3571530">
    <ele>11.6</ele>
    <time>2025-10-28T16:31:48Z</time>
   </trkpt>
   <trkpt lat="22.5669060" lon="88.3571600">
    <ele>11.7</ele>
    <time>2025-10-28T16:31:49Z</time>
   </trkpt>
   <trkpt lat="22.5668950" lon="88.3571660">
    <ele>11.8</ele>
    <time>2025-10-28T16:31:50Z</time>
   </trkpt>
   <trkpt lat="22.5668800" lon="88.3571820">
    <ele>11.9</ele>
    <time>2025-10-28T16:31:51Z</time>
   </trkpt>
   <trkpt lat="22.5668850" lon="88.3571890">
    <ele>12.0</ele>
    <time>2025-10-28T16:31:52Z</time>
   </trkpt>
   <trkpt lat="22.5668620" lon="88.3571730">
    <ele>12.2</ele>
    <time>2025-10-28T16:31:53Z</time>
   </trkpt>
   <trkpt lat="22.5668480" lon="88.3571710">
    <ele>12.3</ele>
    <time>2025-10-28T16:31:54Z</time>
   </trkpt>
   <trkpt lat="22.5668410" lon="88.3571890">
    <ele>12.5</ele>
    <time>2025-10-28T16:31:55Z</time>
   </trkpt>
   <trkpt lat="22.5668260" lon="88.3572000">
    <ele>12.6</ele>
    <time>2025-10-28T16:31:56Z</time>
   </trkpt>
   <trkpt lat="22.5668090" lon="88.3572150">
    <ele>12.8</ele>
    <time>2025-10-28T16:31:57Z</time>
   </trkpt>
   <trkpt lat="22.5668020" lon="88.3572220">
    <ele>12.9</ele>
    <time>2025-10-28T16:31:58Z</time>
   </trkpt>
   <trkpt lat="22.5667940" lon="88.3572280">
    <ele>12.9</ele>
    <time>2025-10-28T16:31:59Z</time>
   </trkpt>
   <trkpt lat="22.5667740" lon="88.3572400">
    <ele>13.1</ele>
    <time>2025-10-28T16:32:00Z</time>
   </trkpt>
   <trkpt lat="22.5667630" lon="88.3572390">
    <ele>13.2</ele>
    <time>2025-10-28T16:32:01Z</time>
   </trkpt>
   <trkpt lat="22.5667560" lon="88.3572490">
    <ele>13.3</ele>
    <time>2025-10-28T16:32:02Z</time>
   </trkpt>
   <trkpt lat="22.5667350" lon="88.3572540">
    <ele>13.5</ele>
    <time>2025-10-28T16:32:03Z</time>
   </trkpt>
   <trkpt lat="22.5667200" lon="88.3572520">
    <ele>13.6</ele>
    <time>2025-10-28T16:32:04Z</time>
   </trkpt>
   <trkpt lat="22.5667060" lon="88.3572580">
    <ele>13.7</ele>
    <time>2025-10-28T16:32:05Z</time>
   </trkpt>
   <trkpt lat="22.5666830" lon="88.3572780">
    <ele>14.0</ele>
    <time>2025-10-28T16:32:06Z</time>
   </trkpt>
   <trkpt lat="22.5666770" lon="88.3572850">
    <ele>14.0</ele>
    <time>2025-10-28T16:32:07Z</time>
   </trkpt>
   <trkpt lat="22.5666820" lon="88.3573190">
    <ele>14.3</ele>
    <time>2025-10-28T16:32:08Z</time>
   </trkpt>
   <trkpt lat="22.5666990" lon="88.3573480">
    <ele>14.5</ele>
    <time>2025-10-28T16:32:09Z</time>
   </trkpt>
   <trkpt lat="22.5666970" lon="88.3573610">
    <ele>14.6</ele>
    <time>2025-10-28T16:32:10Z</time>
   </trkpt>
   <trkpt lat="22.5666850" lon="88.3573660">
    <ele>14.7</ele>
    <time>2025-10-28T16:32:11Z</time>
   </trkpt>
   <trkpt lat="22.5666790" lon="88.3573700">
    <ele>14.8</ele>
    <time>2025-10-28T16:32:12Z</time>
   </trkpt>
   <trkpt lat="22.5666670" lon="88.3573800">
    <ele>14.9</ele>
    <time>2025-10-28T16:32:13Z</time>
   </trkpt>
   <trkpt lat="22.5666600" lon="88.3573840">
    <ele>14.8</ele>
    <time>2025-10-28T16:32:14Z</time>
   </trkpt>
   <trkpt lat="22.5666520" lon="88.3573880">
    <ele>14.8</ele>
    <time>2025-10-28T16:32:15Z</time>
   </trkpt>
   <trkpt lat="22.5666450" lon="88.3573920">
    <ele>14.8</ele>
    <time>2025-10-28T16:32:16Z</time>
   </trkpt>
   <trkpt lat="22.5666380" lon="88.3573970">
    <ele>14.7</ele>
    <time>2025-10-28T16:32:17Z</time>
   </trkpt>
   <trkpt lat="22.5666260" lon="88.3574040">
    <ele>14.7</ele>
    <time>2025-10-28T16:32:18Z</time>
   </trkpt>
   <trkpt lat="22.5666160" lon="88.3574140">
    <ele>14.6</ele>
    <time>2025-10-28T16:32:19Z</time>
   </trkpt>
   <trkpt lat="22.5665990" lon="88.3574350">
    <ele>14.5</ele>
    <time>2025-10-28T16:32:20Z</time>
   </trkpt>
   <trkpt lat="22.5665930" lon="88.3574430">
    <ele>14.5</ele>
    <time>2025-10-28T16:32:21Z</time>
   </trkpt>
   <trkpt lat="22.5665880" lon="88.3574500">
    <ele>14.4</ele>
    <time>2025-10-28T16:32:22Z</time>
   </trkpt>
   <trkpt lat="22.5665800" lon="88.3574600">
    <ele>14.4</ele>
    <time>2025-10-28T16:32:23Z</time>
   </trkpt>
   <trkpt lat="22.5665720" lon="88.3574690">
    <ele>14.3</ele>
    <time>2025-10-28T16:32:24Z</time>
   </trkpt>
   <trkpt lat="22.5665610" lon="88.3574760">
    <ele>14.3</ele>
    <time>2025-10-28T16:32:25Z</time>
   </trkpt>
   <trkpt lat="22.5665600" lon="88.3574820">
    <ele>14.3</ele>
    <time>2025-10-28T16:32:26Z</time>
   </trkpt>
   <trkpt lat="22.5665480" lon="88.3574860">
    <ele>14.2</ele>
    <time>2025-10-28T16:32:27Z</time>
   </trkpt>
   <trkpt lat="22.5665370" lon="88.3574950">
    <ele>14.1</ele>
    <time>2025-10-28T16:32:28Z</time>
   </trkpt>
   <trkpt lat="22.5665260" lon="88.3575180">
    <ele>14.0</ele>
    <time>2025-10-28T16:32:29Z</time>
   </trkpt>
   <trkpt lat="22.5665170" lon="88.3575230">
    <ele>14.0</ele>
    <time>2025-10-28T16:32:30Z</time>
   </trkpt>
   <trkpt lat="22.5665080" lon="88.3575270">
    <ele>14.0</ele>
    <time>2025-10-28T16:32:31Z</time>
   </trkpt>
   <trkpt lat="22.5665030" lon="88.3575380">
    <ele>13.9</ele>
    <time>2025-10-28T16:32:32Z</time>
   </trkpt>
   <trkpt lat="22.5664960" lon="88.3575490">
    <ele>13.9</ele>
    <time>2025-10-28T16:32:33Z</time>
   </trkpt>
   <trkpt lat="22.5664870" lon="88.3575600">
    <ele>13.8</ele>
    <time>2025-10-28T16:32:34Z</time>
   </trkpt>
   <trkpt lat="22.5664750" lon="88.3575740">
    <ele>13.7</ele>
    <time>2025-10-28T16:32:35Z</time>
   </trkpt>
   <trkpt lat="22.5664580" lon="88.3575890">
    <ele>13.6</ele>
    <time>2025-10-28T16:32:36Z</time>
   </trkpt>
   <trkpt lat="22.5664510" lon="88.3575960">
    <ele>13.6</ele>
    <time>2025-10-28T16:32:37Z</time>
   </trkpt>
   <trkpt lat="22.5664430" lon="88.3576040">
    <ele>13.5</ele>
    <time>2025-10-28T16:32:38Z</time>
   </trkpt>
   <trkpt lat="22.5664350" lon="88.3576120">
    <ele>13.5</ele>
    <time>2025-10-28T16:32:39Z</time>
   </trkpt>
   <trkpt lat="22.5664340" lon="88.3576260">
    <ele>13.5</ele>
    <time>2025-10-28T16:32:40Z</time>
   </trkpt>
   <trkpt lat="22.5664200" lon="88.3576430">
    <ele>13.4</ele>
    <time>2025-10-28T16:32:41Z</time>
   </trkpt>
   <trkpt lat="22.5664010" lon="88.3576600">
    <ele>13.3</ele>
    <time>2025-10-28T16:32:42Z</time>
   </trkpt>
   <trkpt lat="22.5663910" lon="88.3576720">
    <ele>13.2</ele>
    <time>2025-10-28T16:32:43Z</time>
   </trkpt>
   <trkpt lat="22.5663770" lon="88.3576820">
    <ele>13.2</ele>
    <time>2025-10-28T16:32:44Z</time>
   </trkpt>
   <trkpt lat="22.5663660" lon="88.3576870">
    <ele>13.1</ele>
    <time>2025-10-28T16:32:45Z</time>
   </trkpt>
   <trkpt lat="22.5663570" lon="88.3577060">
    <ele>13.0</ele>
    <time>2025-10-28T16:32:46Z</time>
   </trkpt>
   <trkpt lat="22.5663440" lon="88.3577080">
    <ele>13.0</ele>
    <time>2025-10-28T16:32:47Z</time>
   </trkpt>
   <trkpt lat="22.5663400" lon="88.3577190">
    <ele>12.9</ele>
    <time>2025-10-28T16:32:48Z</time>
   </trkpt>
   <trkpt lat="22.5663350" lon="88.3577250">
    <ele>12.9</ele>
    <time>2025-10-28T16:32:49Z</time>
   </trkpt>
   <trkpt lat="22.5663320" lon="88.3577360">
    <ele>12.9</ele>
    <time>2025-10-28T16:32:50Z</time>
   </trkpt>
   <trkpt lat="22.5663240" lon="88.3577460">
    <ele>12.9</ele>
    <time>2025-10-28T16:32:51Z</time>
   </trkpt>
   <trkpt lat="22.5663140" lon="88.3577530">
    <ele>12.8</ele>
    <time>2025-10-28T16:32:52Z</time>
   </trkpt>
   <trkpt lat="22.5663040" lon="88.3577640">
    <ele>12.8</ele>
    <time>2025-10-28T16:32:53Z</time>
   </trkpt>
   <trkpt lat="22.5662900" lon="88.3577780">
    <ele>12.8</ele>
    <time>2025-10-28T16:32:54Z</time>
   </trkpt>
   <trkpt lat="22.5662790" lon="88.3577900">
    <ele>12.7</ele>
    <time>2025-10-28T16:32:55Z</time>
   </trkpt>
   <trkpt lat="22.5662680" lon="88.3578050">
    <ele>12.7</ele>
    <time>2025-10-28T16:32:56Z</time>
   </trkpt>
   <trkpt lat="22.5662490" lon="88.3578290">
    <ele>12.6</ele>
    <time>2025-10-28T16:32:57Z</time>
   </trkpt>
   <trkpt lat="22.5662430" lon="88.3578370">
    <ele>12.6</ele>
    <time>2025-10-28T16:32:58Z</time>
   </trkpt>
   <trkpt lat="22.5662320" lon="88.3578520">
    <ele>12.6</ele>
    <time>2025-10-28T16:32:59Z</time>
   </trkpt>
   <trkpt lat="22.5662230" lon="88.3578700">
    <ele>12.5</ele>
    <time>2025-10-28T16:33:00Z</time>
   </trkpt>
   <trkpt lat="22.5662150" lon="88.3578810">
    <ele>12.5</ele>
    <time>2025-10-28T16:33:01Z</time>
   </trkpt>
   <trkpt lat="22.5662080" lon="88.3578800">
    <ele>12.5</ele>
    <time>2025-10-28T16:33:02Z</time>
   </trkpt>
   <trkpt lat="22.5661950" lon="88.3578790">
    <ele>12.4</ele>
    <time>2025-10-28T16:33:03Z</time>
   </trkpt>
   <trkpt lat="22.5661780" lon="88.3578910">
    <ele>12.4</ele>
    <time>2025-10-28T16:33:04Z</time>
   </trkpt>
   <trkpt lat="22.5661700" lon="88.3578990">
    <ele>12.4</ele>
    <time>2025-10-28T16:33:05Z</time>
   </trkpt>
   <trkpt lat="22.5661630" lon="88.3579070">
    <ele>12.3</ele>
    <time>2025-10-28T16:33:06Z</time>
   </trkpt>
   <trkpt lat="22.5661530" lon="88.3579170">
    <ele>12.3</ele>
    <time>2025-10-28T16:33:07Z</time>
   </trkpt>
   <trkpt lat="22.5661520" lon="88.3579270">
    <ele>12.3</ele>
    <time>2025-10-28T16:33:08Z</time>
   </trkpt>
   <trkpt lat="22.5661410" lon="88.3579320">
    <ele>12.4</ele>
    <time>2025-10-28T16:33:09Z</time>
   </trkpt>
   <trkpt lat="22.5661350" lon="88.3579430">
    <ele>12.5</ele>
    <time>2025-10-28T16:33:10Z</time>
   </trkpt>
   <trkpt lat="22.5661230" lon="88.3579520">
    <ele>12.6</ele>
    <time>2025-10-28T16:33:11Z</time>
   </trkpt>
   <trkpt lat="22.5661130" lon="88.3579580">
    <ele>12.7</ele>
    <time>2025-10-28T16:33:12Z</time>
   </trkpt>
   <trkpt lat="22.5661070" lon="88.3579640">
    <ele>12.8</ele>
    <time>2025-10-28T16:33:13Z</time>
   </trkpt>
   <trkpt lat="22.5660950" lon="88.3579670">
    <ele>12.9</ele>
    <time>2025-10-28T16:33:14Z</time>
   </trkpt>
   <trkpt lat="22.5660830" lon="88.3579740">
    <ele>13.0</ele>
    <time>2025-10-28T16:33:15Z</time>
   </trkpt>
   <trkpt lat="22.5660690" lon="88.3579840">
    <ele>13.2</ele>
    <time>2025-10-28T16:33:16Z</time>
   </trkpt>
   <trkpt lat="22.5660530" lon="88.3579890">
    <ele>13.4</ele>
    <time>2025-10-28T16:33:17Z</time>
   </trkpt>
   <trkpt lat="22.5660350" lon="88.3579930">
    <ele>13.5</ele>
    <time>2025-10-28T16:33:18Z</time>
   </trkpt>
   <trkpt lat="22.5660260" lon="88.3579990">
    <ele>13.6</ele>
    <time>2025-10-28T16:33:19Z</time>
   </trkpt>
   <trkpt lat="22.5660220" lon="88.3580120">
    <ele>13.7</ele>
    <time>2025-10-28T16:33:20Z</time>
   </trkpt>
   <trkpt lat="22.5660170" lon="88.3580120">
    <ele>13.8</ele>
    <time>2025-10-28T16:33:21Z</time>
   </trkpt>
   <trkpt lat="22.5660060" lon="88.3580290">
    <ele>14.0</ele>
    <time>2025-10-28T16:33:22Z</time>
   </trkpt>
   <trkpt lat="22.5659980" lon="88.3580370">
    <ele>14.1</ele>
    <time>2025-10-28T16:33:23Z</time>
   </trkpt>
   <trkpt lat="22.5659980" lon="88.3580360">
    <ele>14.1</ele>
    <time>2025-10-28T16:33:24Z</time>
   </trkpt>
   <trkpt lat="22.5660010" lon="88.3580320">
    <ele>14.1</ele>
    <time>2025-10-28T16:33:25Z</time>
   </trkpt>
   <trkpt lat="22.5659900" lon="88.3580550">
    <ele>14.3</ele>
    <time>2025-10-28T16:33:26Z</time>
   </trkpt>
   <trkpt lat="22.5659830" lon="88.3580740">
    <ele>14.5</ele>
    <time>2025-10-28T16:33:27Z</time>
   </trkpt>
   <trkpt lat="22.5659770" lon="88.3580870">
    <ele>14.6</ele>
    <time>2025-10-28T16:33:28Z</time>
   </trkpt>
   <trkpt lat="22.5659740" lon="88.3581030">
    <ele>14.8</ele>
    <time>2025-10-28T16:33:29Z</time>
   </trkpt>
   <trkpt lat="22.5659720" lon="88.3581220">
    <ele>14.9</ele>
    <time>2025-10-28T16:33:30Z</time>
   </trkpt>
   <trkpt lat="22.5659690" lon="88.3581210">
    <ele>14.9</ele>
    <time>2025-10-28T16:33:31Z</time>
   </trkpt>
   <trkpt lat="22.5659640" lon="88.3581370">
    <ele>14.9</ele>
    <time>2025-10-28T16:33:32Z</time>
   </trkpt>
   <trkpt lat="22.5659650" lon="88.3581550">
    <ele>14.9</ele>
    <time>2025-10-28T16:33:33Z</time>
   </trkpt>
   <trkpt lat="22.5659400" lon="88.3581740">
    <ele>14.9</ele>
    <time>2025-10-28T16:33:34Z</time>
   </trkpt>
   <trkpt lat="22.5659290" lon="88.3581790">
    <ele>14.9</ele>
    <time>2025-10-28T16:33:35Z</time>
   </trkpt>
   <trkpt lat="22.5659160" lon="88.3581950">
    <ele>14.9</ele>
    <time>2025-10-28T16:33:37Z</time>
   </trkpt>
   <trkpt lat="22.5659030" lon="88.3582060">
    <ele>14.9</ele>
    <time>2025-10-28T16:33:38Z</time>
   </trkpt>
   <trkpt lat="22.5658980" lon="88.3582150">
    <ele>14.9</ele>
    <time>2025-10-28T16:33:39Z</time>
   </trkpt>
   <trkpt lat="22.5658900" lon="88.3582200">
    <ele>14.9</ele>
    <time>2025-10-28T16:33:40Z</time>
   </trkpt>
   <trkpt lat="22.5658760" lon="88.3582240">
    <ele>14.9</ele>
    <time>2025-10-28T16:33:41Z</time>
   </trkpt>
   <trkpt lat="22.5658610" lon="88.3582280">
    <ele>14.9</ele>
    <time>2025-10-28T16:33:42Z</time>
   </trkpt>
   <trkpt lat="22.5658430" lon="88.3582350">
    <ele>14.9</ele>
    <time>2025-10-28T16:33:43Z</time>
   </trkpt>
   <trkpt lat="22.5658280" lon="88.3582440">
    <ele>15.0</ele>
    <time>2025-10-28T16:33:44Z</time>
   </trkpt>
   <trkpt lat="22.5658240" lon="88.3582620">
    <ele>15.0</ele>
    <time>2025-10-28T16:33:45Z</time>
   </trkpt>
   <trkpt lat="22.5658210" lon="88.3582720">
    <ele>15.0</ele>
    <time>2025-10-28T16:33:46Z</time>
   </trkpt>
   <trkpt lat="22.5658150" lon="88.3582930">
    <ele>15.0</ele>
    <time>2025-10-28T16:33:47Z</time>
   </trkpt>
   <trkpt lat="22.5657880" lon="88.3583050">
    <ele>15.0</ele>
    <time>2025-10-28T16:33:48Z</time>
   </trkpt>
   <trkpt lat="22.5657820" lon="88.3583100">
    <ele>15.0</ele>
    <time>2025-10-28T16:33:49Z</time>
   </trkpt>
   <trkpt lat="22.5657760" lon="88.3583160">
    <ele>15.0</ele>
    <time>2025-10-28T16:33:50Z</time>
   </trkpt>
   <trkpt lat="22.5657570" lon="88.3583240">
    <ele>15.0</ele>
    <time>2025-10-28T16:33:51Z</time>
   </trkpt>
   <trkpt lat="22.5657510" lon="88.3583340">
    <ele>15.0</ele>
    <time>2025-10-28T16:33:52Z</time>
   </trkpt>
   <trkpt lat="22.5657450" lon="88.3583450">
    <ele>15.0</ele>
    <time>2025-10-28T16:33:53Z</time>
   </trkpt>
   <trkpt lat="22.5657370" lon="88.3583540">
    <ele>15.0</ele>
    <time>2025-10-28T16:33:54Z</time>
   </trkpt>
   <trkpt lat="22.5657290" lon="88.3583600">
    <ele>15.0</ele>
    <time>2025-10-28T16:33:55Z</time>
   </trkpt>
   <trkpt lat="22.5657210" lon="88.3583740">
    <ele>15.0</ele>
    <time>2025-10-28T16:33:56Z</time>
   </trkpt>
   <trkpt lat="22.5657080" lon="88.3583850">
    <ele>15.0</ele>
    <time>2025-10-28T16:33:57Z</time>
   </trkpt>
   <trkpt lat="22.5656970" lon="88.3583970">
    <ele>15.0</ele>
    <time>2025-10-28T16:33:58Z</time>
   </trkpt>
   <trkpt lat="22.5656870" lon="88.3584060">
    <ele>15.0</ele>
    <time>2025-10-28T16:33:59Z</time>
   </trkpt>
   <trkpt lat="22.5656810" lon="88.3584160">
    <ele>15.0</ele>
    <time>2025-10-28T16:34:00Z</time>
   </trkpt>
   <trkpt lat="22.5656720" lon="88.3584210">
    <ele>15.0</ele>
    <time>2025-10-28T16:34:01Z</time>
   </trkpt>
   <trkpt lat="22.5656650" lon="88.3584300">
    <ele>15.0</ele>
    <time>2025-10-28T16:34:02Z</time>
   </trkpt>
   <trkpt lat="22.5656630" lon="88.3584330">
    <ele>15.0</ele>
    <time>2025-10-28T16:34:03Z</time>
   </trkpt>
   <trkpt lat="22.5656590" lon="88.3584480">
    <ele>14.9</ele>
    <time>2025-10-28T16:34:04Z</time>
   </trkpt>
   <trkpt lat="22.5656550" lon="88.3584630">
    <ele>14.9</ele>
    <time>2025-10-28T16:34:05Z</time>
   </trkpt>
   <trkpt lat="22.5656450" lon="88.3584790">
    <ele>14.9</ele>
    <time>2025-10-28T16:34:06Z</time>
   </trkpt>
   <trkpt lat="22.5656360" lon="88.3584850">
    <ele>14.9</ele>
    <time>2025-10-28T16:34:07Z</time>
   </trkpt>
   <trkpt lat="22.5656270" lon="88.3584910">
    <ele>14.9</ele>
    <time>2025-10-28T16:34:08Z</time>
   </trkpt>
   <trkpt lat="22.5656220" lon="88.3584960">
    <ele>14.9</ele>
    <time>2025-10-28T16:34:09Z</time>
   </trkpt>
   <trkpt lat="22.5656230" lon="88.3584970">
    <ele>14.9</ele>
    <time>2025-10-28T16:34:10Z</time>
   </trkpt>
   <trkpt lat="22.5656300" lon="88.3585080">
    <ele>14.9</ele>
    <time>2025-10-28T16:34:11Z</time>
   </trkpt>
   <trkpt lat="22.5656360" lon="88.3585270">
    <ele>14.9</ele>
    <time>2025-10-28T16:34:12Z</time>
   </trkpt>
   <trkpt lat="22.5656430" lon="88.3585420">
    <ele>14.9</ele>
    <time>2025-10-28T16:34:13Z</time>
   </trkpt>
   <trkpt lat="22.5656490" lon="88.3585540">
    <ele>14.9</ele>
    <time>2025-10-28T16:34:14Z</time>
   </trkpt>
   <trkpt lat="22.5656530" lon="88.3585710">
    <ele>14.9</ele>
    <time>2025-10-28T16:34:15Z</time>
   </trkpt>
   <trkpt lat="22.5656540" lon="88.3585800">
    <ele>14.9</ele>
    <time>2025-10-28T16:34:16Z</time>
   </trkpt>
   <trkpt lat="22.5656510" lon="88.3585880">
    <ele>14.9</ele>
    <time>2025-10-28T16:34:17Z</time>
   </trkpt>
   <trkpt lat="22.5656520" lon="88.3585990">
    <ele>14.9</ele>
    <time>2025-10-28T16:34:18Z</time>
   </trkpt>
   <trkpt lat="22.5656510" lon="88.3586120">
    <ele>14.9</ele>
    <time>2025-10-28T16:34:19Z</time>
   </trkpt>
   <trkpt lat="22.5656470" lon="88.3586250">
    <ele>14.9</ele>
    <time>2025-10-28T16:34:20Z</time>
   </trkpt>
   <trkpt lat="22.5656360" lon="88.3586450">
    <ele>14.9</ele>
    <time>2025-10-28T16:34:21Z</time>
   </trkpt>
   <trkpt lat="22.5656320" lon="88.3586530">
    <ele>14.9</ele>
    <time>2025-10-28T16:34:22Z</time>
   </trkpt>
   <trkpt lat="22.5656270" lon="88.3586610">
    <ele>14.9</ele>
    <time>2025-10-28T16:34:23Z</time>
   </trkpt>
   <trkpt lat="22.5656200" lon="88.3586720">
    <ele>14.8</ele>
    <time>2025-10-28T16:34:24Z</time>
   </trkpt>
   <trkpt lat="22.5656170" lon="88.3586820">
    <ele>14.8</ele>
    <time>2025-10-28T16:34:25Z</time>
   </trkpt>
   <trkpt lat="22.5656200" lon="88.3586910">
    <ele>14.8</ele>
    <time>2025-10-28T16:34:26Z</time>
   </trkpt>
   <trkpt lat="22.5656180" lon="88.3587040">
    <ele>14.8</ele>
    <time>2025-10-28T16:34:27Z</time>
   </trkpt>
   <trkpt lat="22.5656170" lon="88.3587180">
    <ele>14.7</ele>
    <time>2025-10-28T16:34:28Z</time>
   </trkpt>
   <trkpt lat="22.5656120" lon="88.3587280">
    <ele>14.7</ele>
    <time>2025-10-28T16:34:29Z</time>
   </trkpt>
   <trkpt lat="22.5655990" lon="88.3587480">
    <ele>14.6</ele>
    <time>2025-10-28T16:34:30Z</time>
   </trkpt>
   <trkpt lat="22.5655940" lon="88.3587540">
    <ele>14.6</ele>
    <time>2025-10-28T16:34:31Z</time>
   </trkpt>
   <trkpt lat="22.5655900" lon="88.3587600">
    <ele>14.6</ele>
    <time>2025-10-28T16:34:32Z</time>
   </trkpt>
   <trkpt lat="22.5655770" lon="88.3587780">
    <ele>14.5</ele>
    <time>2025-10-28T16:34:33Z</time>
   </trkpt>
   <trkpt lat="22.5655720" lon="88.3587870">
    <ele>14.5</ele>
    <time>2025-10-28T16:34:34Z</time>
   </trkpt>
   <trkpt lat="22.5655660" lon="88.3587950">
    <ele>14.4</ele>
    <time>2025-10-28T16:34:35Z</time>
   </trkpt>
   <trkpt lat="22.5655540" lon="88.3588070">
    <ele>14.4</ele>
    <time>2025-10-28T16:34:36Z</time>
   </trkpt>
   <trkpt lat="22.5655460" lon="88.3588180">
    <ele>14.4</ele>
    <time>2025-10-28T16:34:37Z</time>
   </trkpt>
   <trkpt lat="22.5655430" lon="88.3588300">
    <ele>14.3</ele>
    <time>2025-10-28T16:34:38Z</time>
   </trkpt>
   <trkpt lat="22.5655450" lon="88.3588370">
    <ele>14.3</ele>
    <time>2025-10-28T16:34:39Z</time>
   </trkpt>
   <trkpt lat="22.5655460" lon="88.3588450">
    <ele>14.3</ele>
    <time>2025-10-28T16:34:40Z</time>
   </trkpt>
   <trkpt lat="22.5655480" lon="88.3588520">
    <ele>14.2</ele>
    <time>2025-10-28T16:34:41Z</time>
   </trkpt>
   <trkpt lat="22.5655500" lon="88.3588590">
    <ele>14.2</ele>
    <time>2025-10-28T16:34:42Z</time>
   </trkpt>
   <trkpt lat="22.5655580" lon="88.3588670">
    <ele>14.2</ele>
    <time>2025-10-28T16:34:43Z</time>
   </trkpt>
   <trkpt lat="22.5655610" lon="88.3588760">
    <ele>14.2</ele>
    <time>2025-10-28T16:34:44Z</time>
   </trkpt>
   <trkpt lat="22.5655650" lon="88.3588860">
    <ele>14.1</ele>
    <time>2025-10-28T16:34:45Z</time>
   </trkpt>
   <trkpt lat="22.5655680" lon="88.3588960">
    <ele>14.1</ele>
    <time>2025-10-28T16:34:46Z</time>
   </trkpt>
   <trkpt lat="22.5655670" lon="88.3589130">
    <ele>14.0</ele>
    <time>2025-10-28T16:34:47Z</time>
   </trkpt>
   <trkpt lat="22.5655670" lon="88.3589270">
    <ele>14.0</ele>
    <time>2025-10-28T16:34:48Z</time>
   </trkpt>
   <trkpt lat="22.5655650" lon="88.3589520">
    <ele>14.0</ele>
    <time>2025-10-28T16:34:49Z</time>
   </trkpt>
   <trkpt lat="22.5655650" lon="88.3589610">
    <ele>14.0</ele>
    <time>2025-10-28T16:34:50Z</time>
   </trkpt>
   <trkpt lat="22.5655650" lon="88.3589710">
    <ele>14.0</ele>
    <time>2025-10-28T16:34:51Z</time>
   </trkpt>
   <trkpt lat="22.5655620" lon="88.3589930">
    <ele>14.1</ele>
    <time>2025-10-28T16:34:52Z</time>
   </trkpt>
   <trkpt lat="22.5655540" lon="88.3590040">
    <ele>14.0</ele>
    <time>2025-10-28T16:34:53Z</time>
   </trkpt>
   <trkpt lat="22.5655390" lon="88.3590290">
    <ele>13.9</ele>
    <time>2025-10-28T16:34:54Z</time>
   </trkpt>
   <trkpt lat="22.5655330" lon="88.3590360">
    <ele>13.9</ele>
    <time>2025-10-28T16:34:55Z</time>
   </trkpt>
   <trkpt lat="22.5655130" lon="88.3590630">
    <ele>13.8</ele>
    <time>2025-10-28T16:34:56Z</time>
   </trkpt>
   <trkpt lat="22.5655080" lon="88.3590700">
    <ele>13.7</ele>
    <time>2025-10-28T16:34:57Z</time>
   </trkpt>
   <trkpt lat="22.5654980" lon="88.3590850">
    <ele>13.7</ele>
    <time>2025-10-28T16:34:58Z</time>
   </trkpt>
   <trkpt lat="22.5654880" lon="88.3591000">
    <ele>13.6</ele>
    <time>2025-10-28T16:34:59Z</time>
   </trkpt>
   <trkpt lat="22.5654830" lon="88.3591130">
    <ele>13.6</ele>
    <time>2025-10-28T16:35:00Z</time>
   </trkpt>
   <trkpt lat="22.5654740" lon="88.3591200">
    <ele>13.5</ele>
    <time>2025-10-28T16:35:01Z</time>
   </trkpt>
   <trkpt lat="22.5654660" lon="88.3591290">
    <ele>13.5</ele>
    <time>2025-10-28T16:35:02Z</time>
   </trkpt>
   <trkpt lat="22.5654590" lon="88.3591390">
    <ele>13.4</ele>
    <time>2025-10-28T16:35:03Z</time>
   </trkpt>
   <trkpt lat="22.5654520" lon="88.3591510">
    <ele>13.4</ele>
    <time>2025-10-28T16:35:04Z</time>
   </trkpt>
   <trkpt lat="22.5654510" lon="88.3591550">
    <ele>13.4</ele>
    <time>2025-10-28T16:35:05Z</time>
   </trkpt>
   <trkpt lat="22.5654470" lon="88.3591690">
    <ele>13.3</ele>
    <time>2025-10-28T16:35:06Z</time>
   </trkpt>
   <trkpt lat="22.5654380" lon="88.3591750">
    <ele>13.3</ele>
    <time>2025-10-28T16:35:07Z</time>
   </trkpt>
   <trkpt lat="22.5654310" lon="88.3591770">
    <ele>13.3</ele>
    <time>2025-10-28T16:35:08Z</time>
   </trkpt>
   <trkpt lat="22.5654180" lon="88.3591880">
    <ele>13.2</ele>
    <time>2025-10-28T16:35:09Z</time>
   </trkpt>
   <trkpt lat="22.5654030" lon="88.3592000">
    <ele>13.1</ele>
    <time>2025-10-28T16:35:10Z</time>
   </trkpt>
   <trkpt lat="22.5653910" lon="88.3592020">
    <ele>13.1</ele>
    <time>2025-10-28T16:35:11Z</time>
   </trkpt>
   <trkpt lat="22.5653850" lon="88.3592140">
    <ele>13.1</ele>
    <time>2025-10-28T16:35:12Z</time>
   </trkpt>
   <trkpt lat="22.5653780" lon="88.3592270">
    <ele>13.0</ele>
    <time>2025-10-28T16:35:13Z</time>
   </trkpt>
   <trkpt lat="22.5653630" lon="88.3592350">
    <ele>12.9</ele>
    <time>2025-10-28T16:35:14Z</time>
   </trkpt>
   <trkpt lat="22.5653610" lon="88.3592440">
    <ele>12.9</ele>
    <time>2025-10-28T16:35:15Z</time>
   </trkpt>
   <trkpt lat="22.5653540" lon="88.3592550">
    <ele>12.9</ele>
    <time>2025-10-28T16:35:16Z</time>
   </trkpt>
   <trkpt lat="22.5653430" lon="88.3592650">
    <ele>12.8</ele>
    <time>2025-10-28T16:35:17Z</time>
   </trkpt>
   <trkpt lat="22.5653400" lon="88.3592810">
    <ele>12.8</ele>
    <time>2025-10-28T16:35:18Z</time>
   </trkpt>
   <trkpt lat="22.5653420" lon="88.3592920">
    <ele>12.7</ele>
    <time>2025-10-28T16:35:19Z</time>
   </trkpt>
   <trkpt lat="22.5653470" lon="88.3593050">
    <ele>12.7</ele>
    <time>2025-10-28T16:35:20Z</time>
   </trkpt>
   <trkpt lat="22.5653500" lon="88.3593170">
    <ele>12.6</ele>
    <time>2025-10-28T16:35:21Z</time>
   </trkpt>
   <trkpt lat="22.5653540" lon="88.3593330">
    <ele>12.6</ele>
    <time>2025-10-28T16:35:22Z</time>
   </trkpt>
   <trkpt lat="22.5653560" lon="88.3593550">
    <ele>12.5</ele>
    <time>2025-10-28T16:35:23Z</time>
   </trkpt>
   <trkpt lat="22.5653610" lon="88.3593840">
    <ele>12.4</ele>
    <time>2025-10-28T16:35:24Z</time>
   </trkpt>
   <trkpt lat="22.5653630" lon="88.3593970">
    <ele>12.4</ele>
    <time>2025-10-28T16:35:25Z</time>
   </trkpt>
   <trkpt lat="22.5653740" lon="88.3594230">
    <ele>12.3</ele>
    <time>2025-10-28T16:35:26Z</time>
   </trkpt>
   <trkpt lat="22.5653820" lon="88.3594310">
    <ele>12.2</ele>
    <time>2025-10-28T16:35:27Z</time>
   </trkpt>
   <trkpt lat="22.5653870" lon="88.3594440">
    <ele>12.2</ele>
    <time>2025-10-28T16:35:28Z</time>
   </trkpt>
   <trkpt lat="22.5654010" lon="88.3594580">
    <ele>12.1</ele>
    <time>2025-10-28T16:35:29Z</time>
   </trkpt>
   <trkpt lat="22.5654150" lon="88.3594700">
    <ele>12.0</ele>
    <time>2025-10-28T16:35:30Z</time>
   </trkpt>
   <trkpt lat="22.5654200" lon="88.3594740">
    <ele>12.0</ele>
    <time>2025-10-28T16:35:31Z</time>
   </trkpt>
   <trkpt lat="22.5654270" lon="88.3594810">
    <ele>12.0</ele>
    <time>2025-10-28T16:35:32Z</time>
   </trkpt>
   <trkpt lat="22.5654380" lon="88.3594900">
    <ele>11.9</ele>
    <time>2025-10-28T16:35:33Z</time>
   </trkpt>
   <trkpt lat="22.5654470" lon="88.3594990">
    <ele>11.9</ele>
    <time>2025-10-28T16:35:34Z</time>
   </trkpt>
   <trkpt lat="22.5654530" lon="88.3595070">
    <ele>11.9</ele>
    <time>2025-10-28T16:35:35Z</time>
   </trkpt>
   <trkpt lat="22.5654550" lon="88.3595260">
    <ele>11.8</ele>
    <time>2025-10-28T16:35:36Z</time>
   </trkpt>
   <trkpt lat="22.5654580" lon="88.3595330">
    <ele>11.8</ele>
    <time>2025-10-28T16:35:37Z</time>
   </trkpt>
   <trkpt lat="22.5654610" lon="88.3595400">
    <ele>11.8</ele>
    <time>2025-10-28T16:35:38Z</time>
   </trkpt>
   <trkpt lat="22.5654640" lon="88.3595470">
    <ele>11.8</ele>
    <time>2025-10-28T16:35:39Z</time>
   </trkpt>
   <trkpt lat="22.5654620" lon="88.3595530">
    <ele>11.8</ele>
    <time>2025-10-28T16:35:40Z</time>
   </trkpt>
   <trkpt lat="22.5654690" lon="88.3595500">
    <ele>11.7</ele>
    <time>2025-10-28T16:35:41Z</time>
   </trkpt>
   <trkpt lat="22.5654800" lon="88.3595460">
    <ele>11.7</ele>
    <time>2025-10-28T16:35:42Z</time>
   </trkpt>
   <trkpt lat="22.5654990" lon="88.3595520">
    <ele>11.6</ele>
    <time>2025-10-28T16:35:43Z</time>
   </trkpt>
   <trkpt lat="22.5655300" lon="88.3595720">
    <ele>11.5</ele>
    <time>2025-10-28T16:35:44Z</time>
   </trkpt>
   <trkpt lat="22.5655460" lon="88.3595810">
    <ele>11.5</ele>
    <time>2025-10-28T16:35:45Z</time>
   </trkpt>
   <trkpt lat="22.5655680" lon="88.3595890">
    <ele>11.4</ele>
    <time>2025-10-28T16:35:46Z</time>
   </trkpt>
   <trkpt lat="22.5655800" lon="88.3595830">
    <ele>11.3</ele>
    <time>2025-10-28T16:35:47Z</time>
   </trkpt>
   <trkpt lat="22.5655960" lon="88.3595810">
    <ele>11.3</ele>
    <time>2025-10-28T16:35:48Z</time>
   </trkpt>
   <trkpt lat="22.5656160" lon="88.3595830">
    <ele>11.2</ele>
    <time>2025-10-28T16:35:49Z</time>
   </trkpt>
   <trkpt lat="22.5656360" lon="88.3595810">
    <ele>11.1</ele>
    <time>2025-10-28T16:35:50Z</time>
   </trkpt>
   <trkpt lat="22.5656470" lon="88.3595810">
    <ele>11.1</ele>
    <time>2025-10-28T16:35:51Z</time>
   </trkpt>
   <trkpt lat="22.5656590" lon="88.3595820">
    <ele>11.1</ele>
    <time>2025-10-28T16:35:52Z</time>
   </trkpt>
   <trkpt lat="22.5656730" lon="88.3595840">
    <ele>11.0</ele>
    <time>2025-10-28T16:35:53Z</time>
   </trkpt>
   <trkpt lat="22.5656900" lon="88.3595850">
    <ele>10.9</ele>
    <time>2025-10-28T16:35:54Z</time>
   </trkpt>
   <trkpt lat="22.5657020" lon="88.3595830">
    <ele>10.9</ele>
    <time>2025-10-28T16:35:55Z</time>
   </trkpt>
   <trkpt lat="22.5657200" lon="88.3595850">
    <ele>10.8</ele>
    <time>2025-10-28T16:35:56Z</time>
   </trkpt>
   <trkpt lat="22.5657360" lon="88.3595900">
    <ele>10.7</ele>
    <time>2025-10-28T16:35:57Z</time>
   </trkpt>
   <trkpt lat="22.5657460" lon="88.3595920">
    <ele>10.7</ele>
    <time>2025-10-28T16:35:58Z</time>
   </trkpt>
   <trkpt lat="22.5657560" lon="88.3595950">
    <ele>10.6</ele>
    <time>2025-10-28T16:35:59Z</time>
   </trkpt>
   <trkpt lat="22.5657640" lon="88.3595930">
    <ele>10.6</ele>
    <time>2025-10-28T16:36:00Z</time>
   </trkpt>
   <trkpt lat="22.5657740" lon="88.3595980">
    <ele>10.6</ele>
    <time>2025-10-28T16:36:01Z</time>
   </trkpt>
   <trkpt lat="22.5657830" lon="88.3595920">
    <ele>10.5</ele>
    <time>2025-10-28T16:36:02Z</time>
   </trkpt>
   <trkpt lat="22.5657940" lon="88.3595860">
    <ele>10.5</ele>
    <time>2025-10-28T16:36:03Z</time>
   </trkpt>
   <trkpt lat="22.5658030" lon="88.3595890">
    <ele>10.5</ele>
    <time>2025-10-28T16:36:04Z</time>
   </trkpt>
   <trkpt lat="22.5658160" lon="88.3595940">
    <ele>10.4</ele>
    <time>2025-10-28T16:36:05Z</time>
   </trkpt>
   <trkpt lat="22.5658290" lon="88.3595980">
    <ele>10.4</ele>
    <time>2025-10-28T16:36:06Z</time>
   </trkpt>
   <trkpt lat="22.5658390" lon="88.3596000">
    <ele>10.3</ele>
    <time>2025-10-28T16:36:07Z</time>
   </trkpt>
   <trkpt lat="22.5658510" lon="88.3596050">
    <ele>10.3</ele>
    <time>2025-10-28T16:36:08Z</time>
   </trkpt>
   <trkpt lat="22.5658670" lon="88.3596170">
    <ele>10.2</ele>
    <time>2025-10-28T16:36:09Z</time>
   </trkpt>
   <trkpt lat="22.5658770" lon="88.3596270">
    <ele>10.2</ele>
    <time>2025-10-28T16:36:10Z</time>
   </trkpt>
   <trkpt lat="22.5658840" lon="88.3596420">
    <ele>10.2</ele>
    <time>2025-10-28T16:36:11Z</time>
   </trkpt>
   <trkpt lat="22.5658830" lon="88.3596650">
    <ele>10.1</ele>
    <time>2025-10-28T16:36:12Z</time>
   </trkpt>
   <trkpt lat="22.5658840" lon="88.3596790">
    <ele>10.0</ele>
    <time>2025-10-28T16:36:13Z</time>
   </trkpt>
   <trkpt lat="22.5658980" lon="88.3596870">
    <ele>10.0</ele>
    <time>2025-10-28T16:36:14Z</time>
   </trkpt>
   <trkpt lat="22.5659090" lon="88.3596890">
    <ele>9.9</ele>
    <time>2025-10-28T16:36:15Z</time>
   </trkpt>
   <trkpt lat="22.5659230" lon="88.3596910">
    <ele>9.9</ele>
    <time>2025-10-28T16:36:16Z</time>
   </trkpt>
   <trkpt lat="22.5659310" lon="88.3596920">
    <ele>9.9</ele>
    <time>2025-10-28T16:36:17Z</time>
   </trkpt>
   <trkpt lat="22.5659410" lon="88.3596990">
    <ele>9.8</ele>
    <time>2025-10-28T16:36:18Z</time>
   </trkpt>
   <trkpt lat="22.5659470" lon="88.3596960">
    <ele>9.8</ele>
    <time>2025-10-28T16:36:19Z</time>
   </trkpt>
   <trkpt lat="22.5659540" lon="88.3596990">
    <ele>9.7</ele>
    <time>2025-10-28T16:36:20Z</time>
   </trkpt>
   <trkpt lat="22.5659590" lon="88.3597010">
    <ele>9.7</ele>
    <time>2025-10-28T16:36:21Z</time>
   </trkpt>
   <trkpt lat="22.5659730" lon="88.3597120">
    <ele>9.7</ele>
    <time>2025-10-28T16:36:22Z</time>
   </trkpt>
   <trkpt lat="22.5659800" lon="88.3597190">
    <ele>9.6</ele>
    <time>2025-10-28T16:36:23Z</time>
   </trkpt>
   <trkpt lat="22.5659840" lon="88.3597340">
    <ele>9.6</ele>
    <time>2025-10-28T16:36:24Z</time>
   </trkpt>
   <trkpt lat="22.5659900" lon="88.3597400">
    <ele>9.5</ele>
    <time>2025-10-28T16:36:25Z</time>
   </trkpt>
   <trkpt lat="22.5659940" lon="88.3597390">
    <ele>9.5</ele>
    <time>2025-10-28T16:36:26Z</time>
   </trkpt>
   <trkpt lat="22.5660060" lon="88.3597460">
    <ele>9.5</ele>
    <time>2025-10-28T16:36:27Z</time>
   </trkpt>
   <trkpt lat="22.5660160" lon="88.3597510">
    <ele>9.4</ele>
    <time>2025-10-28T16:36:28Z</time>
   </trkpt>
   <trkpt lat="22.5660310" lon="88.3597530">
    <ele>9.3</ele>
    <time>2025-10-28T16:36:29Z</time>
   </trkpt>
   <trkpt lat="22.5660460" lon="88.3597680">
    <ele>9.3</ele>
    <time>2025-10-28T16:36:30Z</time>
   </trkpt>
   <trkpt lat="22.5660630" lon="88.3597710">
    <ele>9.2</ele>
    <time>2025-10-28T16:36:31Z</time>
   </trkpt>
   <trkpt lat="22.5660750" lon="88.3597760">
    <ele>9.1</ele>
    <time>2025-10-28T16:36:32Z</time>
   </trkpt>
   <trkpt lat="22.5660910" lon="88.3597840">
    <ele>9.1</ele>
    <time>2025-10-28T16:36:33Z</time>
   </trkpt>
   <trkpt lat="22.5661040" lon="88.3597890">
    <ele>9.0</ele>
    <time>2025-10-28T16:36:34Z</time>
   </trkpt>
   <trkpt lat="22.5661220" lon="88.3597900">
    <ele>8.9</ele>
    <time>2025-10-28T16:36:35Z</time>
   </trkpt>
   <trkpt lat="22.5661360" lon="88.3597900">
    <ele>8.9</ele>
    <time>2025-10-28T16:36:36Z</time>
   </trkpt>
   <trkpt lat="22.5661570" lon="88.3597960">
    <ele>8.8</ele>
    <time>2025-10-28T16:36:37Z</time>
   </trkpt>
   <trkpt lat="22.5661660" lon="88.3597980">
    <ele>8.7</ele>
    <time>2025-10-28T16:36:38Z</time>
   </trkpt>
   <trkpt lat="22.5661750" lon="88.3597990">
    <ele>8.7</ele>
    <time>2025-10-28T16:36:39Z</time>
   </trkpt>
   <trkpt lat="22.5662010" lon="88.3598030">
    <ele>8.6</ele>
    <time>2025-10-28T16:36:40Z</time>
   </trkpt>
   <trkpt lat="22.5662080" lon="88.3598040">
    <ele>8.6</ele>
    <time>2025-10-28T16:36:41Z</time>
   </trkpt>
   <trkpt lat="22.5662150" lon="88.3598050">
    <ele>8.5</ele>
    <time>2025-10-28T16:36:42Z</time>
   </trkpt>
   <trkpt lat="22.5662360" lon="88.3598090">
    <ele>8.4</ele>
    <time>2025-10-28T16:36:43Z</time>
   </trkpt>
   <trkpt lat="22.5662440" lon="88.3598100">
    <ele>8.4</ele>
    <time>2025-10-28T16:36:44Z</time>
   </trkpt>
   <trkpt lat="22.5662520" lon="88.3598110">
    <ele>8.4</ele>
    <time>2025-10-28T16:36:45Z</time>
   </trkpt>
   <trkpt lat="22.5662700" lon="88.3598110">
    <ele>8.3</ele>
    <time>2025-10-28T16:36:46Z</time>
   </trkpt>
   <trkpt lat="22.5662770" lon="88.3598140">
    <ele>8.3</ele>
    <time>2025-10-28T16:36:47Z</time>
   </trkpt>
   <trkpt lat="22.5662850" lon="88.3598160">
    <ele>8.2</ele>
    <time>2025-10-28T16:36:48Z</time>
   </trkpt>
   <trkpt lat="22.5662920" lon="88.3598190">
    <ele>8.2</ele>
    <time>2025-10-28T16:36:49Z</time>
   </trkpt>
   <trkpt lat="22.5663060" lon="88.3598140">
    <ele>8.1</ele>
    <time>2025-10-28T16:36:50Z</time>
   </trkpt>
   <trkpt lat="22.5663160" lon="88.3598130">
    <ele>8.1</ele>
    <time>2025-10-28T16:36:51Z</time>
   </trkpt>
   <trkpt lat="22.5663270" lon="88.3598120">
    <ele>8.1</ele>
    <time>2025-10-28T16:36:52Z</time>
   </trkpt>
   <trkpt lat="22.5663330" lon="88.3598090">
    <ele>8.1</ele>
    <time>2025-10-28T16:36:53Z</time>
   </trkpt>
   <trkpt lat="22.5663370" lon="88.3598120">
    <ele>8.1</ele>
    <time>2025-10-28T16:36:54Z</time>
   </trkpt>
   <trkpt lat="22.5663470" lon="88.3598150">
    <ele>8.1</ele>
    <time>2025-10-28T16:36:55Z</time>
   </trkpt>
   <trkpt lat="22.5663530" lon="88.3598200">
    <ele>8.1</ele>
    <time>2025-10-28T16:36:56Z</time>
   </trkpt>
   <trkpt lat="22.5663540" lon="88.3598290">
    <ele>8.1</ele>
    <time>2025-10-28T16:36:57Z</time>
   </trkpt>
   <trkpt lat="22.5663490" lon="88.3598370">
    <ele>8.1</ele>
    <time>2025-10-28T16:36:58Z</time>
   </trkpt>
   <trkpt lat="22.5663420" lon="88.3598520">
    <ele>8.1</ele>
    <time>2025-10-28T16:36:59Z</time>
   </trkpt>
   <trkpt lat="22.5663410" lon="88.3598630">
    <ele>8.1</ele>
    <time>2025-10-28T16:37:00Z</time>
   </trkpt>
   <trkpt lat="22.5663550" lon="88.3598780">
    <ele>8.1</ele>
    <time>2025-10-28T16:37:01Z</time>
   </trkpt>
   <trkpt lat="22.5663630" lon="88.3598800">
    <ele>8.1</ele>
    <time>2025-10-28T16:37:02Z</time>
   </trkpt>
   <trkpt lat="22.5663710" lon="88.3598830">
    <ele>8.1</ele>
    <time>2025-10-28T16:37:03Z</time>
   </trkpt>
   <trkpt lat="22.5663790" lon="88.3598850">
    <ele>8.1</ele>
    <time>2025-10-28T16:37:04Z</time>
   </trkpt>
   <trkpt lat="22.5663920" lon="88.3598800">
    <ele>8.1</ele>
    <time>2025-10-28T16:37:05Z</time>
   </trkpt>
   <trkpt lat="22.5664130" lon="88.3598830">
    <ele>8.1</ele>
    <time>2025-10-28T16:37:06Z</time>
   </trkpt>
   <trkpt lat="22.5664300" lon="88.3598870">
    <ele>8.1</ele>
    <time>2025-10-28T16:37:07Z</time>
   </trkpt>
   <trkpt lat="22.5664450" lon="88.3598920">
    <ele>8.1</ele>
    <time>2025-10-28T16:37:08Z</time>
   </trkpt>
   <trkpt lat="22.5664800" lon="88.3598990">
    <ele>8.1</ele>
    <time>2025-10-28T16:37:09Z</time>
   </trkpt>
   <trkpt lat="22.5664960" lon="88.3599080">
    <ele>8.1</ele>
    <time>2025-10-28T16:37:10Z</time>
   </trkpt>
   <trkpt lat="22.5665020" lon="88.3599040">
    <ele>8.1</ele>
    <time>2025-10-28T16:37:11Z</time>
   </trkpt>
   <trkpt lat="22.5665180" lon="88.3598980">
    <ele>8.1</ele>
    <time>2025-10-28T16:37:12Z</time>
   </trkpt>
   <trkpt lat="22.5665260" lon="88.3598980">
    <ele>8.1</ele>
    <time>2025-10-28T16:37:13Z</time>
   </trkpt>
   <trkpt lat="22.5665350" lon="88.3598960">
    <ele>8.1</ele>
    <time>2025-10-28T16:37:14Z</time>
   </trkpt>
   <trkpt lat="22.5665490" lon="88.3599000">
    <ele>8.1</ele>
    <time>2025-10-28T16:37:15Z</time>
   </trkpt>
   <trkpt lat="22.5665580" lon="88.3599100">
    <ele>8.2</ele>
    <time>2025-10-28T16:37:16Z</time>
   </trkpt>
   <trkpt lat="22.5665720" lon="88.3599170">
    <ele>8.2</ele>
    <time>2025-10-28T16:37:17Z</time>
   </trkpt>
   <trkpt lat="22.5665870" lon="88.3599190">
    <ele>8.2</ele>
    <time>2025-10-28T16:37:18Z</time>
   </trkpt>
   <trkpt lat="22.5665980" lon="88.3599250">
    <ele>8.3</ele>
    <time>2025-10-28T16:37:19Z</time>
   </trkpt>
   <trkpt lat="22.5666130" lon="88.3599110">
    <ele>8.3</ele>
    <time>2025-10-28T16:37:20Z</time>
   </trkpt>
   <trkpt lat="22.5666270" lon="88.3599100">
    <ele>8.3</ele>
    <time>2025-10-28T16:37:21Z</time>
   </trkpt>
   <trkpt lat="22.5666390" lon="88.3599070">
    <ele>8.3</ele>
    <time>2025-10-28T16:37:22Z</time>
   </trkpt>
   <trkpt lat="22.5666480" lon="88.3599020">
    <ele>8.4</ele>
    <time>2025-10-28T16:37:23Z</time>
   </trkpt>
   <trkpt lat="22.5666680" lon="88.3598910">
    <ele>8.4</ele>
    <time>2025-10-28T16:37:24Z</time>
   </trkpt>
   <trkpt lat="22.5666750" lon="88.3598900">
    <ele>8.4</ele>
    <time>2025-10-28T16:37:25Z</time>
   </trkpt>
   <trkpt lat="22.5666830" lon="88.3598890">
    <ele>8.4</ele>
    <time>2025-10-28T16:37:26Z</time>
   </trkpt>
   <trkpt lat="22.5667010" lon="88.3598910">
    <ele>8.5</ele>
    <time>2025-10-28T16:37:27Z</time>
   </trkpt>
   <trkpt lat="22.5667110" lon="88.3598970">
    <ele>8.5</ele>
    <time>2025-10-28T16:37:28Z</time>
   </trkpt>
   <trkpt lat="22.5667220" lon="88.3599010">
    <ele>8.5</ele>
    <time>2025-10-28T16:37:29Z</time>
   </trkpt>
   <trkpt lat="22.5667320" lon="88.3599040">
    <ele>8.5</ele>
    <time>2025-10-28T16:37:30Z</time>
   </trkpt>
   <trkpt lat="22.5667390" lon="88.3599060">
    <ele>8.6</ele>
    <time>2025-10-28T16:37:31Z</time>
   </trkpt>
   <trkpt lat="22.5667440" lon="88.3599110">
    <ele>8.6</ele>
    <time>2025-10-28T16:37:32Z</time>
   </trkpt>
   <trkpt lat="22.5667590" lon="88.3599160">
    <ele>8.6</ele>
    <time>2025-10-28T16:37:33Z</time>
   </trkpt>
   <trkpt lat="22.5667740" lon="88.3599200">
    <ele>8.6</ele>
    <time>2025-10-28T16:37:34Z</time>
   </trkpt>
   <trkpt lat="22.5667800" lon="88.3599300">
    <ele>8.7</ele>
    <time>2025-10-28T16:37:35Z</time>
   </trkpt>
   <trkpt lat="22.5667930" lon="88.3599360">
    <ele>8.7</ele>
    <time>2025-10-28T16:37:36Z</time>
   </trkpt>
   <trkpt lat="22.5668020" lon="88.3599420">
    <ele>8.7</ele>
    <time>2025-10-28T16:37:37Z</time>
   </trkpt>
   <trkpt lat="22.5668060" lon="88.3599510">
    <ele>8.7</ele>
    <time>2025-10-28T16:37:38Z</time>
   </trkpt>
   <trkpt lat="22.5668180" lon="88.3599610">
    <ele>8.8</ele>
    <time>2025-10-28T16:37:39Z</time>
   </trkpt>
   <trkpt lat="22.5668290" lon="88.3599640">
    <ele>8.8</ele>
    <time>2025-10-28T16:37:40Z</time>
   </trkpt>
   <trkpt lat="22.5668400" lon="88.3599640">
    <ele>8.8</ele>
    <time>2025-10-28T16:37:41Z</time>
   </trkpt>
   <trkpt lat="22.5668500" lon="88.3599700">
    <ele>8.8</ele>
    <time>2025-10-28T16:37:42Z</time>
   </trkpt>
   <trkpt lat="22.5668640" lon="88.3599730">
    <ele>8.9</ele>
    <time>2025-10-28T16:37:43Z</time>
   </trkpt>
   <trkpt lat="22.5668790" lon="88.3599750">
    <ele>8.9</ele>
    <time>2025-10-28T16:37:44Z</time>
   </trkpt>
   <trkpt lat="22.5668940" lon="88.3599770">
    <ele>8.9</ele>
    <time>2025-10-28T16:37:45Z</time>
   </trkpt>
   <trkpt lat="22.5669020" lon="88.3599790">
    <ele>8.9</ele>
    <time>2025-10-28T16:37:46Z</time>
   </trkpt>
   <trkpt lat="22.5669110" lon="88.3599800">
    <ele>9.0</ele>
    <time>2025-10-28T16:37:47Z</time>
   </trkpt>
   <trkpt lat="22.5669290" lon="88.3599850">
    <ele>9.0</ele>
    <time>2025-10-28T16:37:48Z</time>
   </trkpt>
   <trkpt lat="22.5669450" lon="88.3599880">
    <ele>9.0</ele>
    <time>2025-10-28T16:37:49Z</time>
   </trkpt>
   <trkpt lat="22.5669580" lon="88.3599900">
    <ele>9.1</ele>
    <time>2025-10-28T16:37:50Z</time>
   </trkpt>
   <trkpt lat="22.5669700" lon="88.3599920">
    <ele>9.1</ele>
    <time>2025-10-28T16:37:51Z</time>
   </trkpt>
   <trkpt lat="22.5669890" lon="88.3599930">
    <ele>9.1</ele>
    <time>2025-10-28T16:37:52Z</time>
   </trkpt>
   <trkpt lat="22.5670080" lon="88.3599990">
    <ele>9.2</ele>
    <time>2025-10-28T16:37:53Z</time>
   </trkpt>
   <trkpt lat="22.5670130" lon="88.3600040">
    <ele>9.2</ele>
    <time>2025-10-28T16:37:54Z</time>
   </trkpt>
   <trkpt lat="22.5670190" lon="88.3600090">
    <ele>9.2</ele>
    <time>2025-10-28T16:37:55Z</time>
   </trkpt>
   <trkpt lat="22.5670240" lon="88.3600140">
    <ele>9.2</ele>
    <time>2025-10-28T16:37:56Z</time>
   </trkpt>
   <trkpt lat="22.5670340" lon="88.3600280">
    <ele>9.3</ele>
    <time>2025-10-28T16:37:57Z</time>
   </trkpt>
   <trkpt lat="22.5670410" lon="88.3600390">
    <ele>9.3</ele>
    <time>2025-10-28T16:37:58Z</time>
   </trkpt>
   <trkpt lat="22.5670460" lon="88.3600540">
    <ele>9.4</ele>
    <time>2025-10-28T16:37:59Z</time>
   </trkpt>
   <trkpt lat="22.5670540" lon="88.3600600">
    <ele>9.4</ele>
    <time>2025-10-28T16:38:00Z</time>
   </trkpt>
   <trkpt lat="22.5670620" lon="88.3600650">
    <ele>9.4</ele>
    <time>2025-10-28T16:38:01Z</time>
   </trkpt>
   <trkpt lat="22.5670840" lon="88.3600690">
    <ele>9.5</ele>
    <time>2025-10-28T16:38:02Z</time>
   </trkpt>
   <trkpt lat="22.5670930" lon="88.3600710">
    <ele>9.5</ele>
    <time>2025-10-28T16:38:03Z</time>
   </trkpt>
   <trkpt lat="22.5671030" lon="88.3600730">
    <ele>9.6</ele>
    <time>2025-10-28T16:38:04Z</time>
   </trkpt>
   <trkpt lat="22.5671160" lon="88.3600740">
    <ele>9.6</ele>
    <time>2025-10-28T16:38:05Z</time>
   </trkpt>
   <trkpt lat="22.5671320" lon="88.3600730">
    <ele>9.7</ele>
    <time>2025-10-28T16:38:06Z</time>
   </trkpt>
   <trkpt lat="22.5671490" lon="88.3600730">
    <ele>9.7</ele>
    <time>2025-10-28T16:38:07Z</time>
   </trkpt>
   <trkpt lat="22.5671640" lon="88.3600720">
    <ele>9.8</ele>
    <time>2025-10-28T16:38:08Z</time>
   </trkpt>
   <trkpt lat="22.5671740" lon="88.3600810">
    <ele>9.8</ele>
    <time>2025-10-28T16:38:09Z</time>
   </trkpt>
   <trkpt lat="22.5671900" lon="88.3600820">
    <ele>9.9</ele>
    <time>2025-10-28T16:38:10Z</time>
   </trkpt>
   <trkpt lat="22.5672080" lon="88.3600910">
    <ele>9.9</ele>
    <time>2025-10-28T16:38:11Z</time>
   </trkpt>
   <trkpt lat="22.5672160" lon="88.3600950">
    <ele>10.0</ele>
    <time>2025-10-28T16:38:12Z</time>
   </trkpt>
   <trkpt lat="22.5672240" lon="88.3600990">
    <ele>10.0</ele>
    <time>2025-10-28T16:38:13Z</time>
   </trkpt>
   <trkpt lat="22.5672380" lon="88.3601030">
    <ele>10.0</ele>
    <time>2025-10-28T16:38:14Z</time>
   </trkpt>
   <trkpt lat="22.5672530" lon="88.3601060">
    <ele>10.1</ele>
    <time>2025-10-28T16:38:15Z</time>
   </trkpt>
   <trkpt lat="22.5672600" lon="88.3601140">
    <ele>10.1</ele>
    <time>2025-10-28T16:38:16Z</time>
   </trkpt>
   <trkpt lat="22.5672690" lon="88.3601240">
    <ele>10.2</ele>
    <time>2025-10-28T16:38:17Z</time>
   </trkpt>
   <trkpt lat="22.5672780" lon="88.3601300">
    <ele>10.2</ele>
    <time>2025-10-28T16:38:18Z</time>
   </trkpt>
   <trkpt lat="22.5673000" lon="88.3601310">
    <ele>10.2</ele>
    <time>2025-10-28T16:38:19Z</time>
   </trkpt>
   <trkpt lat="22.5673090" lon="88.3601310">
    <ele>10.3</ele>
    <time>2025-10-28T16:38:20Z</time>
   </trkpt>
   <trkpt lat="22.5673190" lon="88.3601310">
    <ele>10.3</ele>
    <time>2025-10-28T16:38:21Z</time>
   </trkpt>
   <trkpt lat="22.5673300" lon="88.3601320">
    <ele>10.3</ele>
    <time>2025-10-28T16:38:22Z</time>
   </trkpt>
   <trkpt lat="22.5673460" lon="88.3601350">
    <ele>10.4</ele>
    <time>2025-10-28T16:38:23Z</time>
   </trkpt>
   <trkpt lat="22.5673600" lon="88.3601380">
    <ele>10.4</ele>
    <time>2025-10-28T16:38:24Z</time>
   </trkpt>
   <trkpt lat="22.5673710" lon="88.3601430">
    <ele>10.4</ele>
    <time>2025-10-28T16:38:25Z</time>
   </trkpt>
   <trkpt lat="22.5673790" lon="88.3601430">
    <ele>10.5</ele>
    <time>2025-10-28T16:38:26Z</time>
   </trkpt>
   <trkpt lat="22.5674010" lon="88.3601480">
    <ele>10.5</ele>
    <time>2025-10-28T16:38:27Z</time>
   </trkpt>
   <trkpt lat="22.5674100" lon="88.3601480">
    <ele>10.5</ele>
    <time>2025-10-28T16:38:28Z</time>
   </trkpt>
   <trkpt lat="22.5674200" lon="88.3601480">
    <ele>10.6</ele>
    <time>2025-10-28T16:38:29Z</time>
   </trkpt>
   <trkpt lat="22.5674410" lon="88.3601480">
    <ele>10.6</ele>
    <time>2025-10-28T16:38:30Z</time>
   </trkpt>
   <trkpt lat="22.5674500" lon="88.3601530">
    <ele>10.6</ele>
    <time>2025-10-28T16:38:31Z</time>
   </trkpt>
   <trkpt lat="22.5674590" lon="88.3601580">
    <ele>10.7</ele>
    <time>2025-10-28T16:38:32Z</time>
   </trkpt>
   <trkpt lat="22.5674730" lon="88.3601610">
    <ele>10.7</ele>
    <time>2025-10-28T16:38:33Z</time>
   </trkpt>
   <trkpt lat="22.5674840" lon="88.3601610">
    <ele>10.7</ele>
    <time>2025-10-28T16:38:34Z</time>
   </trkpt>
   <trkpt lat="22.5674930" lon="88.3601570">
    <ele>10.8</ele>
    <time>2025-10-28T16:38:35Z</time>
   </trkpt>
   <trkpt lat="22.5674980" lon="88.3601520">
    <ele>10.8</ele>
    <time>2025-10-28T16:38:36Z</time>
   </trkpt>
   <trkpt lat="22.5675190" lon="88.3601590">
    <ele>10.7</ele>
    <time>2025-10-28T16:38:37Z</time>
   </trkpt>
   <trkpt lat="22.5675160" lon="88.3601610">
    <ele>10.6</ele>
    <time>2025-10-28T16:38:38Z</time>
   </trkpt>
   <trkpt lat="22.5675260" lon="88.3601560">
    <ele>10.6</ele>
    <time>2025-10-28T16:38:39Z</time>
   </trkpt>
   <trkpt lat="22.5675370" lon="88.3601550">
    <ele>10.5</ele>
    <time>2025-10-28T16:38:40Z</time>
   </trkpt>
   <trkpt lat="22.5675540" lon="88.3601580">
    <ele>10.5</ele>
    <time>2025-10-28T16:38:41Z</time>
   </trkpt>
   <trkpt lat="22.5675660" lon="88.3601630">
    <ele>10.4</ele>
    <time>2025-10-28T16:38:42Z</time>
   </trkpt>
   <trkpt lat="22.5675830" lon="88.3601650">
    <ele>10.3</ele>
    <time>2025-10-28T16:38:43Z</time>
   </trkpt>
   <trkpt lat="22.5675990" lon="88.3601680">
    <ele>10.2</ele>
    <time>2025-10-28T16:38:44Z</time>
   </trkpt>
   <trkpt lat="22.5676110" lon="88.3601690">
    <ele>10.2</ele>
    <time>2025-10-28T16:38:45Z</time>
   </trkpt>
   <trkpt lat="22.5676320" lon="88.3601730">
    <ele>10.1</ele>
    <time>2025-10-28T16:38:46Z</time>
   </trkpt>
   <trkpt lat="22.5676420" lon="88.3601750">
    <ele>10.1</ele>
    <time>2025-10-28T16:38:47Z</time>
   </trkpt>
   <trkpt lat="22.5676510" lon="88.3601780">
    <ele>10.0</ele>
    <time>2025-10-28T16:38:48Z</time>
   </trkpt>
   <trkpt lat="22.5676610" lon="88.3601810">
    <ele>10.0</ele>
    <time>2025-10-28T16:38:49Z</time>
   </trkpt>
   <trkpt lat="22.5676730" lon="88.3601830">
    <ele>9.9</ele>
    <time>2025-10-28T16:38:50Z</time>
   </trkpt>
   <trkpt lat="22.5676800" lon="88.3601860">
    <ele>9.9</ele>
    <time>2025-10-28T16:38:51Z</time>
   </trkpt>
   <trkpt lat="22.5676890" lon="88.3601930">
    <ele>9.8</ele>
    <time>2025-10-28T16:38:52Z</time>
   </trkpt>
   <trkpt lat="22.5677040" lon="88.3602000">
    <ele>9.8</ele>
    <time>2025-10-28T16:38:53Z</time>
   </trkpt>
   <trkpt lat="22.5677210" lon="88.3602030">
    <ele>9.7</ele>
    <time>2025-10-28T16:38:54Z</time>
   </trkpt>
   <trkpt lat="22.5677370" lon="88.3602070">
    <ele>9.6</ele>
    <time>2025-10-28T16:38:55Z</time>
   </trkpt>
   <trkpt lat="22.5677420" lon="88.3602040">
    <ele>9.6</ele>
    <time>2025-10-28T16:38:56Z</time>
   </trkpt>
   <trkpt lat="22.5677570" lon="88.3602130">
    <ele>9.5</ele>
    <time>2025-10-28T16:38:57Z</time>
   </trkpt>
   <trkpt lat="22.5677700" lon="88.3602150">
    <ele>9.5</ele>
    <time>2025-10-28T16:38:58Z</time>
   </trkpt>
   <trkpt lat="22.5677840" lon="88.3602230">
    <ele>9.4</ele>
    <time>2025-10-28T16:38:59Z</time>
   </trkpt>
   <trkpt lat="22.5677970" lon="88.3602240">
    <ele>9.4</ele>
    <time>2025-10-28T16:39:00Z</time>
   </trkpt>
   <trkpt lat="22.5678090" lon="88.3602250">
    <ele>9.3</ele>
    <time>2025-10-28T16:39:01Z</time>
   </trkpt>
   <trkpt lat="22.5678260" lon="88.3602290">
    <ele>9.3</ele>
    <time>2025-10-28T16:39:02Z</time>
   </trkpt>
   <trkpt lat="22.5678390" lon="88.3602290">
    <ele>9.2</ele>
    <time>2025-10-28T16:39:03Z</time>
   </trkpt>
   <trkpt lat="22.5678600" lon="88.3602360">
    <ele>9.2</ele>
    <time>2025-10-28T16:39:04Z</time>
   </trkpt>
   <trkpt lat="22.5678690" lon="88.3602410">
    <ele>9.1</ele>
    <time>2025-10-28T16:39:05Z</time>
   </trkpt>
   <trkpt lat="22.5678770" lon="88.3602460">
    <ele>9.1</ele>
    <time>2025-10-28T16:39:06Z</time>
   </trkpt>
   <trkpt lat="22.5678880" lon="88.3602540">
    <ele>9.0</ele>
    <time>2025-10-28T16:39:07Z</time>
   </trkpt>
   <trkpt lat="22.5679030" lon="88.3602570">
    <ele>9.0</ele>
    <time>2025-10-28T16:39:08Z</time>
   </trkpt>
   <trkpt lat="22.5679130" lon="88.3602570">
    <ele>9.0</ele>
    <time>2025-10-28T16:39:09Z</time>
   </trkpt>
   <trkpt lat="22.5679170" lon="88.3602640">
    <ele>8.9</ele>
    <time>2025-10-28T16:39:10Z</time>
   </trkpt>
   <trkpt lat="22.5679250" lon="88.3602660">
    <ele>8.9</ele>
    <time>2025-10-28T16:39:11Z</time>
   </trkpt>
   <trkpt lat="22.5679370" lon="88.3602700">
    <ele>8.8</ele>
    <time>2025-10-28T16:39:12Z</time>
   </trkpt>
   <trkpt lat="22.5679480" lon="88.3602670">
    <ele>8.8</ele>
    <time>2025-10-28T16:39:13Z</time>
   </trkpt>
   <trkpt lat="22.5679560" lon="88.3602650">
    <ele>8.8</ele>
    <time>2025-10-28T16:39:14Z</time>
   </trkpt>
   <trkpt lat="22.5679700" lon="88.3602640">
    <ele>8.7</ele>
    <time>2025-10-28T16:39:15Z</time>
   </trkpt>
   <trkpt lat="22.5679880" lon="88.3602560">
    <ele>8.6</ele>
    <time>2025-10-28T16:39:16Z</time>
   </trkpt>
   <trkpt lat="22.5679940" lon="88.3602530">
    <ele>8.6</ele>
    <time>2025-10-28T16:39:17Z</time>
   </trkpt>
   <trkpt lat="22.5680000" lon="88.3602510">
    <ele>8.6</ele>
    <time>2025-10-28T16:39:18Z</time>
   </trkpt>
   <trkpt lat="22.5680060" lon="88.3602480">
    <ele>8.5</ele>
    <time>2025-10-28T16:39:19Z</time>
   </trkpt>
   <trkpt lat="22.5680190" lon="88.3602390">
    <ele>8.5</ele>
    <time>2025-10-28T16:39:20Z</time>
   </trkpt>
   <trkpt lat="22.5680310" lon="88.3602340">
    <ele>8.4</ele>
    <time>2025-10-28T16:39:21Z</time>
   </trkpt>
   <trkpt lat="22.5680450" lon="88.3602340">
    <ele>8.3</ele>
    <time>2025-10-28T16:39:22Z</time>
   </trkpt>
   <trkpt lat="22.5680620" lon="88.3602320">
    <ele>8.3</ele>
    <time>2025-10-28T16:39:23Z</time>
   </trkpt>
   <trkpt lat="22.5680760" lon="88.3602330">
    <ele>8.2</ele>
    <time>2025-10-28T16:39:24Z</time>
   </trkpt>
   <trkpt lat="22.5680960" lon="88.3602360">
    <ele>8.1</ele>
    <time>2025-10-28T16:39:25Z</time>
   </trkpt>
   <trkpt lat="22.5681110" lon="88.3602310">
    <ele>8.0</ele>
    <time>2025-10-28T16:39:26Z</time>
   </trkpt>
   <trkpt lat="22.5681320" lon="88.3602320">
    <ele>8.0</ele>
    <time>2025-10-28T16:39:27Z</time>
   </trkpt>
   <trkpt lat="22.5681520" lon="88.3602360">
    <ele>8.0</ele>
    <time>2025-10-28T16:39:28Z</time>
   </trkpt>
   <trkpt lat="22.5681620" lon="88.3602370">
    <ele>8.0</ele>
    <time>2025-10-28T16:39:29Z</time>
   </trkpt>
   <trkpt lat="22.5681730" lon="88.3602370">
    <ele>8.0</ele>
    <time>2025-10-28T16:39:30Z</time>
   </trkpt>
   <trkpt lat="22.5681870" lon="88.3602430">
    <ele>8.0</ele>
    <time>2025-10-28T16:39:31Z</time>
   </trkpt>
   <trkpt lat="22.5682060" lon="88.3602530">
    <ele>8.0</ele>
    <time>2025-10-28T16:39:32Z</time>
   </trkpt>
   <trkpt lat="22.5682350" lon="88.3602610">
    <ele>8.0</ele>
    <time>2025-10-28T16:39:33Z</time>
   </trkpt>
   <trkpt lat="22.5682440" lon="88.3602590">
    <ele>8.0</ele>
    <time>2025-10-28T16:39:34Z</time>
   </trkpt>
   <trkpt lat="22.5682650" lon="88.3602580">
    <ele>8.0</ele>
    <time>2025-10-28T16:39:35Z</time>
   </trkpt>
   <trkpt lat="22.5682720" lon="88.3602610">
    <ele>8.0</ele>
    <time>2025-10-28T16:39:36Z</time>
   </trkpt>
   <trkpt lat="22.5682820" lon="88.3602600">
    <ele>8.0</ele>
    <time>2025-10-28T16:39:37Z</time>
   </trkpt>
   <trkpt lat="22.5682930" lon="88.3602600">
    <ele>8.0</ele>
    <time>2025-10-28T16:39:38Z</time>
   </trkpt>
   <trkpt lat="22.5683030" lon="88.3602600">
    <ele>8.0</ele>
    <time>2025-10-28T16:39:39Z</time>
   </trkpt>
   <trkpt lat="22.5683130" lon="88.3602600">
    <ele>8.0</ele>
    <time>2025-10-28T16:39:40Z</time>
   </trkpt>
   <trkpt lat="22.5683130" lon="88.3602630">
    <ele>8.0</ele>
    <time>2025-10-28T16:39:41Z</time>
   </trkpt>
   <trkpt lat="22.5683200" lon="88.3602740">
    <ele>8.0</ele>
    <time>2025-10-28T16:39:42Z</time>
   </trkpt>
   <trkpt lat="22.5683340" lon="88.3602840">
    <ele>8.0</ele>
    <time>2025-10-28T16:39:43Z</time>
   </trkpt>
   <trkpt lat="22.5683400" lon="88.3603150">
    <ele>8.0</ele>
    <time>2025-10-28T16:39:44Z</time>
   </trkpt>
   <trkpt lat="22.5683370" lon="88.3603280">
    <ele>8.0</ele>
    <time>2025-10-28T16:39:45Z</time>
   </trkpt>
   <trkpt lat="22.5683280" lon="88.3603600">
    <ele>8.0</ele>
    <time>2025-10-28T16:39:46Z</time>
   </trkpt>
   <trkpt lat="22.5683210" lon="88.3604050">
    <ele>8.0</ele>
    <time>2025-10-28T16:39:47Z</time>
   </trkpt>
   <trkpt lat="22.5683220" lon="88.3604240">
    <ele>8.0</ele>
    <time>2025-10-28T16:39:48Z</time>
   </trkpt>
   <trkpt lat="22.5683180" lon="88.3604600">
    <ele>8.1</ele>
    <time>2025-10-28T16:39:49Z</time>
   </trkpt>
   <trkpt lat="22.5683150" lon="88.3604700">
    <ele>8.1</ele>
    <time>2025-10-28T16:39:50Z</time>
   </trkpt>
   <trkpt lat="22.5683140" lon="88.3604910">
    <ele>8.1</ele>
    <time>2025-10-28T16:39:51Z</time>
   </trkpt>
   <trkpt lat="22.5683170" lon="88.3605070">
    <ele>8.1</ele>
    <time>2025-10-28T16:39:52Z</time>
   </trkpt>
   <trkpt lat="22.5683180" lon="88.3605430">
    <ele>8.1</ele>
    <time>2025-10-28T16:39:53Z</time>
   </trkpt>
   <trkpt lat="22.5683160" lon="88.3605550">
    <ele>8.1</ele>
    <time>2025-10-28T16:39:54Z</time>
   </trkpt>
   <trkpt lat="22.5683090" lon="88.3605680">
    <ele>8.1</ele>
    <time>2025-10-28T16:39:55Z</time>
   </trkpt>
   <trkpt lat="22.5682980" lon="88.3605830">
    <ele>8.1</ele>
    <time>2025-10-28T16:39:56Z</time>
   </trkpt>
   <trkpt lat="22.5682920" lon="88.3606060">
    <ele>8.1</ele>
    <time>2025-10-28T16:39:57Z</time>
   </trkpt>
   <trkpt lat="22.5682950" lon="88.3606150">
    <ele>8.1</ele>
    <time>2025-10-28T16:39:58Z</time>
   </trkpt>
   <trkpt lat="22.5682970" lon="88.3606230">
    <ele>8.1</ele>
    <time>2025-10-28T16:39:59Z</time>
   </trkpt>
   <trkpt lat="22.5683090" lon="88.3606510">
    <ele>8.2</ele>
    <time>2025-10-28T16:40:00Z</time>
   </trkpt>
   <trkpt lat="22.5683150" lon="88.3606570">
    <ele>8.2</ele>
    <time>2025-10-28T16:40:01Z</time>
   </trkpt>
   <trkpt lat="22.5683070" lon="88.3606780">
    <ele>8.3</ele>
    <time>2025-10-28T16:40:02Z</time>
   </trkpt>
   <trkpt lat="22.5683000" lon="88.3606860">
    <ele>8.3</ele>
    <time>2025-10-28T16:40:03Z</time>
   </trkpt>
   <trkpt lat="22.5682940" lon="88.3606940">
    <ele>8.4</ele>
    <time>2025-10-28T16:40:04Z</time>
   </trkpt>
   <trkpt lat="22.5682920" lon="88.3607120">
    <ele>8.5</ele>
    <time>2025-10-28T16:40:05Z</time>
   </trkpt>
   <trkpt lat="22.5682640" lon="88.3607140">
    <ele>8.6</ele>
    <time>2025-10-28T16:40:06Z</time>
   </trkpt>
   <trkpt lat="22.5682450" lon="88.3607420">
    <ele>8.8</ele>
    <time>2025-10-28T16:40:07Z</time>
   </trkpt>
   <trkpt lat="22.5682420" lon="88.3607540">
    <ele>8.8</ele>
    <time>2025-10-28T16:40:08Z</time>
   </trkpt>
   <trkpt lat="22.5682330" lon="88.3607880">
    <ele>9.0</ele>
    <time>2025-10-28T16:40:09Z</time>
   </trkpt>
   <trkpt lat="22.5682260" lon="88.3607950">
    <ele>9.1</ele>
    <time>2025-10-28T16:40:10Z</time>
   </trkpt>
   <trkpt lat="22.5682180" lon="88.3607970">
    <ele>9.1</ele>
    <time>2025-10-28T16:40:11Z</time>
   </trkpt>
   <trkpt lat="22.5682130" lon="88.3608030">
    <ele>9.1</ele>
    <time>2025-10-28T16:40:12Z</time>
   </trkpt>
   <trkpt lat="22.5682060" lon="88.3608200">
    <ele>9.2</ele>
    <time>2025-10-28T16:40:13Z</time>
   </trkpt>
   <trkpt lat="22.5681980" lon="88.3608420">
    <ele>9.4</ele>
    <time>2025-10-28T16:40:14Z</time>
   </trkpt>
   <trkpt lat="22.5681940" lon="88.3608530">
    <ele>9.4</ele>
    <time>2025-10-28T16:40:15Z</time>
   </trkpt>
   <trkpt lat="22.5681910" lon="88.3608640">
    <ele>9.5</ele>
    <time>2025-10-28T16:40:16Z</time>
   </trkpt>
   <trkpt lat="22.5681880" lon="88.3608800">
    <ele>9.5</ele>
    <time>2025-10-28T16:40:17Z</time>
   </trkpt>
   <trkpt lat="22.5681820" lon="88.3608960">
    <ele>9.6</ele>
    <time>2025-10-28T16:40:18Z</time>
   </trkpt>
   <trkpt lat="22.5681740" lon="88.3609190">
    <ele>9.8</ele>
    <time>2025-10-28T16:40:19Z</time>
   </trkpt>
   <trkpt lat="22.5681730" lon="88.3609280">
    <ele>9.8</ele>
    <time>2025-10-28T16:40:20Z</time>
   </trkpt>
   <trkpt lat="22.5681710" lon="88.3609370">
    <ele>9.8</ele>
    <time>2025-10-28T16:40:21Z</time>
   </trkpt>
   <trkpt lat="22.5681560" lon="88.3609550">
    <ele>10.0</ele>
    <time>2025-10-28T16:40:22Z</time>
   </trkpt>
   <trkpt lat="22.5681510" lon="88.3609630">
    <ele>10.1</ele>
    <time>2025-10-28T16:40:23Z</time>
   </trkpt>
   <trkpt lat="22.5681450" lon="88.3609700">
    <ele>10.1</ele>
    <time>2025-10-28T16:40:24Z</time>
   </trkpt>
   <trkpt lat="22.5681320" lon="88.3609800">
    <ele>10.3</ele>
    <time>2025-10-28T16:40:25Z</time>
   </trkpt>
   <trkpt lat="22.5681220" lon="88.3609910">
    <ele>10.5</ele>
    <time>2025-10-28T16:40:26Z</time>
   </trkpt>
   <trkpt lat="22.5681150" lon="88.3609960">
    <ele>10.6</ele>
    <time>2025-10-28T16:40:27Z</time>
   </trkpt>
   <trkpt lat="22.5681060" lon="88.3610100">
    <ele>10.7</ele>
    <time>2025-10-28T16:40:28Z</time>
   </trkpt>
   <trkpt lat="22.5680980" lon="88.3610190">
    <ele>10.9</ele>
    <time>2025-10-28T16:40:29Z</time>
   </trkpt>
   <trkpt lat="22.5680710" lon="88.3610340">
    <ele>11.2</ele>
    <time>2025-10-28T16:40:30Z</time>
   </trkpt>
   <trkpt lat="22.5680620" lon="88.3610390">
    <ele>11.3</ele>
    <time>2025-10-28T16:40:31Z</time>
   </trkpt>
   <trkpt lat="22.5680540" lon="88.3610540">
    <ele>11.5</ele>
    <time>2025-10-28T16:40:32Z</time>
   </trkpt>
   <trkpt lat="22.5680400" lon="88.3610630">
    <ele>11.7</ele>
    <time>2025-10-28T16:40:33Z</time>
   </trkpt>
   <trkpt lat="22.5680210" lon="88.3610690">
    <ele>11.9</ele>
    <time>2025-10-28T16:40:34Z</time>
   </trkpt>
   <trkpt lat="22.5680160" lon="88.3610820">
    <ele>12.0</ele>
    <time>2025-10-28T16:40:35Z</time>
   </trkpt>
   <trkpt lat="22.5680020" lon="88.3611000">
    <ele>12.3</ele>
    <time>2025-10-28T16:40:36Z</time>
   </trkpt>
   <trkpt lat="22.5680010" lon="88.3611080">
    <ele>12.4</ele>
    <time>2025-10-28T16:40:37Z</time>
   </trkpt>
   <trkpt lat="22.5680000" lon="88.3611170">
    <ele>12.5</ele>
    <time>2025-10-28T16:40:38Z</time>
   </trkpt>
   <trkpt lat="22.5679880" lon="88.3611360">
    <ele>12.7</ele>
    <time>2025-10-28T16:40:39Z</time>
   </trkpt>
   <trkpt lat="22.5679830" lon="88.3611430">
    <ele>12.8</ele>
    <time>2025-10-28T16:40:40Z</time>
   </trkpt>
   <trkpt lat="22.5679780" lon="88.3611510">
    <ele>12.9</ele>
    <time>2025-10-28T16:40:41Z</time>
   </trkpt>
   <trkpt lat="22.5679680" lon="88.3611600">
    <ele>12.9</ele>
    <time>2025-10-28T16:40:42Z</time>
   </trkpt>
   <trkpt lat="22.5679560" lon="88.3611680">
    <ele>12.9</ele>
    <time>2025-10-28T16:40:43Z</time>
   </trkpt>
   <trkpt lat="22.5679560" lon="88.3611870">
    <ele>12.9</ele>
    <time>2025-10-28T16:40:44Z</time>
   </trkpt>
   <trkpt lat="22.5679640" lon="88.3612040">
    <ele>12.9</ele>
    <time>2025-10-28T16:40:45Z</time>
   </trkpt>
   <trkpt lat="22.5679740" lon="88.3612210">
    <ele>12.9</ele>
    <time>2025-10-28T16:40:46Z</time>
   </trkpt>
   <trkpt lat="22.5679750" lon="88.3612370">
    <ele>12.9</ele>
    <time>2025-10-28T16:40:47Z</time>
   </trkpt>
   <trkpt lat="22.5679700" lon="88.3612620">
    <ele>12.9</ele>
    <time>2025-10-28T16:40:48Z</time>
   </trkpt>
   <trkpt lat="22.5679680" lon="88.3612700">
    <ele>12.9</ele>
    <time>2025-10-28T16:40:49Z</time>
   </trkpt>
   <trkpt lat="22.5679670" lon="88.3612780">
    <ele>12.9</ele>
    <time>2025-10-28T16:40:50Z</time>
   </trkpt>
   <trkpt lat="22.5679650" lon="88.3613030">
    <ele>12.9</ele>
    <time>2025-10-28T16:40:51Z</time>
   </trkpt>
   <trkpt lat="22.5679630" lon="88.3613120">
    <ele>12.9</ele>
    <time>2025-10-28T16:40:52Z</time>
   </trkpt>
   <trkpt lat="22.5679600" lon="88.3613200">
    <ele>12.9</ele>
    <time>2025-10-28T16:40:53Z</time>
   </trkpt>
   <trkpt lat="22.5679490" lon="88.3613380">
    <ele>12.9</ele>
    <time>2025-10-28T16:40:54Z</time>
   </trkpt>
   <trkpt lat="22.5679430" lon="88.3613450">
    <ele>12.9</ele>
    <time>2025-10-28T16:40:55Z</time>
   </trkpt>
   <trkpt lat="22.5679370" lon="88.3613510">
    <ele>12.9</ele>
    <time>2025-10-28T16:40:56Z</time>
   </trkpt>
   <trkpt lat="22.5679200" lon="88.3613670">
    <ele>12.9</ele>
    <time>2025-10-28T16:40:57Z</time>
   </trkpt>
   <trkpt lat="22.5679140" lon="88.3613730">
    <ele>12.9</ele>
    <time>2025-10-28T16:40:58Z</time>
   </trkpt>
   <trkpt lat="22.5679080" lon="88.3613800">
    <ele>12.9</ele>
    <time>2025-10-28T16:40:59Z</time>
   </trkpt>
   <trkpt lat="22.5679030" lon="88.3613910">
    <ele>12.9</ele>
    <time>2025-10-28T16:41:00Z</time>
   </trkpt>
   <trkpt lat="22.5678970" lon="88.3614020">
    <ele>12.9</ele>
    <time>2025-10-28T16:41:01Z</time>
   </trkpt>
   <trkpt lat="22.5678900" lon="88.3614130">
    <ele>12.9</ele>
    <time>2025-10-28T16:41:02Z</time>
   </trkpt>
   <trkpt lat="22.5678820" lon="88.3614240">
    <ele>12.9</ele>
    <time>2025-10-28T16:41:03Z</time>
   </trkpt>
   <trkpt lat="22.5678740" lon="88.3614330">
    <ele>12.8</ele>
    <time>2025-10-28T16:41:04Z</time>
   </trkpt>
   <trkpt lat="22.5678690" lon="88.3614420">
    <ele>12.8</ele>
    <time>2025-10-28T16:41:05Z</time>
   </trkpt>
   <trkpt lat="22.5678640" lon="88.3614510">
    <ele>12.8</ele>
    <time>2025-10-28T16:41:06Z</time>
   </trkpt>
   <trkpt lat="22.5678580" lon="88.3614600">
    <ele>12.8</ele>
    <time>2025-10-28T16:41:07Z</time>
   </trkpt>
   <trkpt lat="22.5678490" lon="88.3614690">
    <ele>12.8</ele>
    <time>2025-10-28T16:41:08Z</time>
   </trkpt>
   <trkpt lat="22.5678300" lon="88.3614780">
    <ele>12.7</ele>
    <time>2025-10-28T16:41:09Z</time>
   </trkpt>
   <trkpt lat="22.5678220" lon="88.3614790">
    <ele>12.7</ele>
    <time>2025-10-28T16:41:10Z</time>
   </trkpt>
   <trkpt lat="22.5678140" lon="88.3614810">
    <ele>12.7</ele>
    <time>2025-10-28T16:41:11Z</time>
   </trkpt>
   <trkpt lat="22.5677950" lon="88.3614900">
    <ele>12.7</ele>
    <time>2025-10-28T16:41:12Z</time>
   </trkpt>
   <trkpt lat="22.5677870" lon="88.3614950">
    <ele>12.7</ele>
    <time>2025-10-28T16:41:13Z</time>
   </trkpt>
   <trkpt lat="22.5677800" lon="88.3615000">
    <ele>12.7</ele>
    <time>2025-10-28T16:41:14Z</time>
   </trkpt>
   <trkpt lat="22.5677660" lon="88.3615110">
    <ele>12.6</ele>
    <time>2025-10-28T16:41:15Z</time>
   </trkpt>
   <trkpt lat="22.5677570" lon="88.3615220">
    <ele>12.6</ele>
    <time>2025-10-28T16:41:16Z</time>
   </trkpt>
   <trkpt lat="22.5677490" lon="88.3615350">
    <ele>12.6</ele>
    <time>2025-10-28T16:41:17Z</time>
   </trkpt>
   <trkpt lat="22.5677390" lon="88.3615470">
    <ele>12.6</ele>
    <time>2025-10-28T16:41:18Z</time>
   </trkpt>
   <trkpt lat="22.5677340" lon="88.3615600">
    <ele>12.5</ele>
    <time>2025-10-28T16:41:19Z</time>
   </trkpt>
   <trkpt lat="22.5677240" lon="88.3615740">
    <ele>12.5</ele>
    <time>2025-10-28T16:41:20Z</time>
   </trkpt>
   <trkpt lat="22.5677140" lon="88.3615970">
    <ele>12.5</ele>
    <time>2025-10-28T16:41:21Z</time>
   </trkpt>
   <trkpt lat="22.5677120" lon="88.3616040">
    <ele>12.5</ele>
    <time>2025-10-28T16:41:22Z</time>
   </trkpt>
   <trkpt lat="22.5677090" lon="88.3616120">
    <ele>12.4</ele>
    <time>2025-10-28T16:41:23Z</time>
   </trkpt>
   <trkpt lat="22.5677030" lon="88.3616260">
    <ele>12.4</ele>
    <time>2025-10-28T16:41:24Z</time>
   </trkpt>
   <trkpt lat="22.5676910" lon="88.3616370">
    <ele>12.4</ele>
    <time>2025-10-28T16:41:25Z</time>
   </trkpt>
   <trkpt lat="22.5676880" lon="88.3616400">
    <ele>12.4</ele>
    <time>2025-10-28T16:41:26Z</time>
   </trkpt>
   <trkpt lat="22.5676780" lon="88.3616510">
    <ele>12.4</ele>
    <time>2025-10-28T16:41:27Z</time>
   </trkpt>
   <trkpt lat="22.5676680" lon="88.3616600">
    <ele>12.3</ele>
    <time>2025-10-28T16:41:28Z</time>
   </trkpt>
   <trkpt lat="22.5676510" lon="88.3616720">
    <ele>12.3</ele>
    <time>2025-10-28T16:41:29Z</time>
   </trkpt>
   <trkpt lat="22.5676440" lon="88.3616790">
    <ele>12.3</ele>
    <time>2025-10-28T16:41:30Z</time>
   </trkpt>
   <trkpt lat="22.5676380" lon="88.3616860">
    <ele>12.3</ele>
    <time>2025-10-28T16:41:31Z</time>
   </trkpt>
   <trkpt lat="22.5676270" lon="88.3616980">
    <ele>12.2</ele>
    <time>2025-10-28T16:41:32Z</time>
   </trkpt>
   <trkpt lat="22.5676190" lon="88.3617130">
    <ele>12.2</ele>
    <time>2025-10-28T16:41:33Z</time>
   </trkpt>
   <trkpt lat="22.5676070" lon="88.3617240">
    <ele>12.2</ele>
    <time>2025-10-28T16:41:34Z</time>
   </trkpt>
   <trkpt lat="22.5676000" lon="88.3617340">
    <ele>12.2</ele>
    <time>2025-10-28T16:41:35Z</time>
   </trkpt>
   <trkpt lat="22.5675930" lon="88.3617430">
    <ele>12.2</ele>
    <time>2025-10-28T16:41:36Z</time>
   </trkpt>
   <trkpt lat="22.5675870" lon="88.3617540">
    <ele>12.1</ele>
    <time>2025-10-28T16:41:37Z</time>
   </trkpt>
   <trkpt lat="22.5675780" lon="88.3617650">
    <ele>12.1</ele>
    <time>2025-10-28T16:41:38Z</time>
   </trkpt>
   <trkpt lat="22.5675690" lon="88.3617760">
    <ele>12.1</ele>
    <time>2025-10-28T16:41:39Z</time>
   </trkpt>
   <trkpt lat="22.5675640" lon="88.3617930">
    <ele>12.1</ele>
    <time>2025-10-28T16:41:40Z</time>
   </trkpt>
   <trkpt lat="22.5675470" lon="88.3618010">
    <ele>12.1</ele>
    <time>2025-10-28T16:41:41Z</time>
   </trkpt>
   <trkpt lat="22.5675360" lon="88.3618040">
    <ele>12.1</ele>
    <time>2025-10-28T16:41:42Z</time>
   </trkpt>
   <trkpt lat="22.5675250" lon="88.3618070">
    <ele>12.1</ele>
    <time>2025-10-28T16:41:43Z</time>
   </trkpt>
   <trkpt lat="22.5675100" lon="88.3618250">
    <ele>12.0</ele>
    <time>2025-10-28T16:41:44Z</time>
   </trkpt>
   <trkpt lat="22.5675030" lon="88.3618350">
    <ele>12.0</ele>
    <time>2025-10-28T16:41:45Z</time>
   </trkpt>
   <trkpt lat="22.5674970" lon="88.3618440">
    <ele>12.0</ele>
    <time>2025-10-28T16:41:46Z</time>
   </trkpt>
   <trkpt lat="22.5674880" lon="88.3618520">
    <ele>12.0</ele>
    <time>2025-10-28T16:41:47Z</time>
   </trkpt>
   <trkpt lat="22.5674780" lon="88.3618660">
    <ele>12.0</ele>
    <time>2025-10-28T16:41:48Z</time>
   </trkpt>
   <trkpt lat="22.5674650" lon="88.3618910">
    <ele>12.0</ele>
    <time>2025-10-28T16:41:49Z</time>
   </trkpt>
   <trkpt lat="22.5674600" lon="88.3618990">
    <ele>12.0</ele>
    <time>2025-10-28T16:41:50Z</time>
   </trkpt>
   <trkpt lat="22.5674550" lon="88.3619070">
    <ele>12.0</ele>
    <time>2025-10-28T16:41:51Z</time>
   </trkpt>
   <trkpt lat="22.5674470" lon="88.3619200">
    <ele>12.1</ele>
    <time>2025-10-28T16:41:52Z</time>
   </trkpt>
   <trkpt lat="22.5674340" lon="88.3619290">
    <ele>12.1</ele>
    <time>2025-10-28T16:41:53Z</time>
   </trkpt>
   <trkpt lat="22.5674220" lon="88.3619350">
    <ele>12.1</ele>
    <time>2025-10-28T16:41:54Z</time>
   </trkpt>
   <trkpt lat="22.5674020" lon="88.3619420">
    <ele>12.1</ele>
    <time>2025-10-28T16:41:55Z</time>
   </trkpt>
   <trkpt lat="22.5673880" lon="88.3619530">
    <ele>12.1</ele>
    <time>2025-10-28T16:41:56Z</time>
   </trkpt>
   <trkpt lat="22.5673780" lon="88.3619580">
    <ele>12.1</ele>
    <time>2025-10-28T16:41:57Z</time>
   </trkpt>
   <trkpt lat="22.5673670" lon="88.3619630">
    <ele>12.1</ele>
    <time>2025-10-28T16:41:58Z</time>
   </trkpt>
   <trkpt lat="22.5673520" lon="88.3619740">
    <ele>12.1</ele>
    <time>2025-10-28T16:41:59Z</time>
   </trkpt>
   <trkpt lat="22.5673380" lon="88.3619830">
    <ele>12.1</ele>
    <time>2025-10-28T16:42:00Z</time>
   </trkpt>
   <trkpt lat="22.5673230" lon="88.3619980">
    <ele>12.1</ele>
    <time>2025-10-28T16:42:01Z</time>
   </trkpt>
   <trkpt lat="22.5673170" lon="88.3620040">
    <ele>12.1</ele>
    <time>2025-10-28T16:42:02Z</time>
   </trkpt>
   <trkpt lat="22.5673120" lon="88.3620110">
    <ele>12.1</ele>
    <time>2025-10-28T16:42:03Z</time>
   </trkpt>
   <trkpt lat="22.5673070" lon="88.3620340">
    <ele>12.1</ele>
    <time>2025-10-28T16:42:04Z</time>
   </trkpt>
   <trkpt lat="22.5673040" lon="88.3620430">
    <ele>12.1</ele>
    <time>2025-10-28T16:42:05Z</time>
   </trkpt>
   <trkpt lat="22.5673010" lon="88.3620520">
    <ele>12.1</ele>
    <time>2025-10-28T16:42:06Z</time>
   </trkpt>
   <trkpt lat="22.5672930" lon="88.3620750">
    <ele>12.1</ele>
    <time>2025-10-28T16:42:07Z</time>
   </trkpt>
   <trkpt lat="22.5672900" lon="88.3620850">
    <ele>12.1</ele>
    <time>2025-10-28T16:42:08Z</time>
   </trkpt>
   <trkpt lat="22.5672880" lon="88.3620940">
    <ele>12.1</ele>
    <time>2025-10-28T16:42:09Z</time>
   </trkpt>
   <trkpt lat="22.5672760" lon="88.3621100">
    <ele>12.1</ele>
    <time>2025-10-28T16:42:10Z</time>
   </trkpt>
   <trkpt lat="22.5672710" lon="88.3621190">
    <ele>12.1</ele>
    <time>2025-10-28T16:42:11Z</time>
   </trkpt>
   <trkpt lat="22.5672670" lon="88.3621270">
    <ele>12.1</ele>
    <time>2025-10-28T16:42:12Z</time>
   </trkpt>
   <trkpt lat="22.5672630" lon="88.3621410">
    <ele>12.1</ele>
    <time>2025-10-28T16:42:13Z</time>
   </trkpt>
   <trkpt lat="22.5672500" lon="88.3621510">
    <ele>12.1</ele>
    <time>2025-10-28T16:42:14Z</time>
   </trkpt>
   <trkpt lat="22.5672490" lon="88.3621630">
    <ele>12.1</ele>
    <time>2025-10-28T16:42:15Z</time>
   </trkpt>
   <trkpt lat="22.5672410" lon="88.3621740">
    <ele>12.1</ele>
    <time>2025-10-28T16:42:16Z</time>
   </trkpt>
   <trkpt lat="22.5672430" lon="88.3621870">
    <ele>12.1</ele>
    <time>2025-10-28T16:42:17Z</time>
   </trkpt>
   <trkpt lat="22.5672240" lon="88.3621960">
    <ele>12.0</ele>
    <time>2025-10-28T16:42:18Z</time>
   </trkpt>
   <trkpt lat="22.5672170" lon="88.3622020">
    <ele>12.0</ele>
    <time>2025-10-28T16:42:19Z</time>
   </trkpt>
   <trkpt lat="22.5672100" lon="88.3622070">
    <ele>12.0</ele>
    <time>2025-10-28T16:42:20Z</time>
   </trkpt>
   <trkpt lat="22.5671990" lon="88.3622140">
    <ele>11.9</ele>
    <time>2025-10-28T16:42:21Z</time>
   </trkpt>
   <trkpt lat="22.5671950" lon="88.3622220">
    <ele>11.9</ele>
    <time>2025-10-28T16:42:22Z</time>
   </trkpt>
   <trkpt lat="22.5671980" lon="88.3622260">
    <ele>11.9</ele>
    <time>2025-10-28T16:42:23Z</time>
   </trkpt>
   <trkpt lat="22.5671990" lon="88.3622360">
    <ele>11.8</ele>
    <time>2025-10-28T16:42:24Z</time>
   </trkpt>
   <trkpt lat="22.5672070" lon="88.3622430">
    <ele>11.8</ele>
    <time>2025-10-28T16:42:25Z</time>
   </trkpt>
   <trkpt lat="22.5672110" lon="88.3622630">
    <ele>11.8</ele>
    <time>2025-10-28T16:42:26Z</time>
   </trkpt>
   <trkpt lat="22.5672240" lon="88.3622950">
    <ele>11.7</ele>
    <time>2025-10-28T16:42:27Z</time>
   </trkpt>
   <trkpt lat="22.5672280" lon="88.3623030">
    <ele>11.6</ele>
    <time>2025-10-28T16:42:28Z</time>
   </trkpt>
   <trkpt lat="22.5672530" lon="88.3623200">
    <ele>11.5</ele>
    <time>2025-10-28T16:42:29Z</time>
   </trkpt>
   <trkpt lat="22.5672590" lon="88.3623250">
    <ele>11.5</ele>
    <time>2025-10-28T16:42:30Z</time>
   </trkpt>
   <trkpt lat="22.5672700" lon="88.3623350">
    <ele>11.5</ele>
    <time>2025-10-28T16:42:31Z</time>
   </trkpt>
   <trkpt lat="22.5672790" lon="88.3623490">
    <ele>11.4</ele>
    <time>2025-10-28T16:42:32Z</time>
   </trkpt>
   <trkpt lat="22.5672860" lon="88.3623600">
    <ele>11.4</ele>
    <time>2025-10-28T16:42:33Z</time>
   </trkpt>
   <trkpt lat="22.5672970" lon="88.3623610">
    <ele>11.3</ele>
    <time>2025-10-28T16:42:34Z</time>
   </trkpt>
   <trkpt lat="22.5673110" lon="88.3623640">
    <ele>11.3</ele>
    <time>2025-10-28T16:42:35Z</time>
   </trkpt>
   <trkpt lat="22.5673260" lon="88.3623660">
    <ele>11.2</ele>
    <time>2025-10-28T16:42:36Z</time>
   </trkpt>
   <trkpt lat="22.5673390" lon="88.3623650">
    <ele>11.2</ele>
    <time>2025-10-28T16:42:37Z</time>
   </trkpt>
   <trkpt lat="22.5673540" lon="88.3623700">
    <ele>11.1</ele>
    <time>2025-10-28T16:42:38Z</time>
   </trkpt>
   <trkpt lat="22.5673680" lon="88.3623790">
    <ele>11.1</ele>
    <time>2025-10-28T16:42:39Z</time>
   </trkpt>
   <trkpt lat="22.5673870" lon="88.3623910">
    <ele>11.1</ele>
    <time>2025-10-28T16:42:40Z</time>
   </trkpt>
   <trkpt lat="22.5673950" lon="88.3623950">
    <ele>11.1</ele>
    <time>2025-10-28T16:42:41Z</time>
   </trkpt>
   <trkpt lat="22.5674020" lon="88.3623980">
    <ele>11.1</ele>
    <time>2025-10-28T16:42:42Z</time>
   </trkpt>
   <trkpt lat="22.5674210" lon="88.3624230">
    <ele>11.1</ele>
    <time>2025-10-28T16:42:43Z</time>
   </trkpt>
   <trkpt lat="22.5674250" lon="88.3624290">
    <ele>11.1</ele>
    <time>2025-10-28T16:42:44Z</time>
   </trkpt>
   <trkpt lat="22.5674370" lon="88.3624350">
    <ele>11.1</ele>
    <time>2025-10-28T16:42:45Z</time>
   </trkpt>
   <trkpt lat="22.5674480" lon="88.3624450">
    <ele>11.1</ele>
    <time>2025-10-28T16:42:46Z</time>
   </trkpt>
   <trkpt lat="22.5674590" lon="88.3624450">
    <ele>11.1</ele>
    <time>2025-10-28T16:42:47Z</time>
   </trkpt>
   <trkpt lat="22.5674670" lon="88.3624530">
    <ele>11.1</ele>
    <time>2025-10-28T16:42:48Z</time>
   </trkpt>
   <trkpt lat="22.5674770" lon="88.3624580">
    <ele>11.1</ele>
    <time>2025-10-28T16:42:49Z</time>
   </trkpt>
   <trkpt lat="22.5674830" lon="88.3624580">
    <ele>11.1</ele>
    <time>2025-10-28T16:42:50Z</time>
   </trkpt>
   <trkpt lat="22.5674940" lon="88.3624630">
    <ele>11.1</ele>
    <time>2025-10-28T16:42:51Z</time>
   </trkpt>
   <trkpt lat="22.5675080" lon="88.3624700">
    <ele>11.1</ele>
    <time>2025-10-28T16:42:52Z</time>
   </trkpt>
   <trkpt lat="22.5675240" lon="88.3624790">
    <ele>11.2</ele>
    <time>2025-10-28T16:42:53Z</time>
   </trkpt>
   <trkpt lat="22.5675340" lon="88.3624800">
    <ele>11.3</ele>
    <time>2025-10-28T16:42:54Z</time>
   </trkpt>
   <trkpt lat="22.5675440" lon="88.3624820">
    <ele>11.3</ele>
    <time>2025-10-28T16:42:55Z</time>
   </trkpt>
   <trkpt lat="22.5675590" lon="88.3624850">
    <ele>11.4</ele>
    <time>2025-10-28T16:42:56Z</time>
   </trkpt>
   <trkpt lat="22.5675700" lon="88.3624930">
    <ele>11.4</ele>
    <time>2025-10-28T16:42:57Z</time>
   </trkpt>
   <trkpt lat="22.5675920" lon="88.3625020">
    <ele>11.5</ele>
    <time>2025-10-28T16:42:58Z</time>
   </trkpt>
   <trkpt lat="22.5675980" lon="88.3625050">
    <ele>11.6</ele>
    <time>2025-10-28T16:42:59Z</time>
   </trkpt>
   <trkpt lat="22.5676040" lon="88.3625090">
    <ele>11.6</ele>
    <time>2025-10-28T16:43:00Z</time>
   </trkpt>
   <trkpt lat="22.5676110" lon="88.3625140">
    <ele>11.6</ele>
    <time>2025-10-28T16:43:01Z</time>
   </trkpt>
   <trkpt lat="22.5676250" lon="88.3625200">
    <ele>11.7</ele>
    <time>2025-10-28T16:43:02Z</time>
   </trkpt>
   <trkpt lat="22.5676350" lon="88.3625240">
    <ele>11.7</ele>
    <time>2025-10-28T16:43:03Z</time>
   </trkpt>
   <trkpt lat="22.5676500" lon="88.3625250">
    <ele>11.8</ele>
    <time>2025-10-28T16:43:04Z</time>
   </trkpt>
   <trkpt lat="22.5676640" lon="88.3625270">
    <ele>11.9</ele>
    <time>2025-10-28T16:43:05Z</time>
   </trkpt>
   <trkpt lat="22.5676780" lon="88.3625350">
    <ele>11.9</ele>
    <time>2025-10-28T16:43:06Z</time>
   </trkpt>
   <trkpt lat="22.5676860" lon="88.3625450">
    <ele>12.0</ele>
    <time>2025-10-28T16:43:07Z</time>
   </trkpt>
   <trkpt lat="22.5676980" lon="88.3625530">
    <ele>12.1</ele>
    <time>2025-10-28T16:43:08Z</time>
   </trkpt>
   <trkpt lat="22.5677090" lon="88.3625630">
    <ele>12.1</ele>
    <time>2025-10-28T16:43:09Z</time>
   </trkpt>
   <trkpt lat="22.5677190" lon="88.3625710">
    <ele>12.2</ele>
    <time>2025-10-28T16:43:10Z</time>
   </trkpt>
   <trkpt lat="22.5677270" lon="88.3625780">
    <ele>12.2</ele>
    <time>2025-10-28T16:43:11Z</time>
   </trkpt>
   <trkpt lat="22.5677370" lon="88.3625880">
    <ele>12.3</ele>
    <time>2025-10-28T16:43:12Z</time>
   </trkpt>
   <trkpt lat="22.5677460" lon="88.3626020">
    <ele>12.4</ele>
    <time>2025-10-28T16:43:13Z</time>
   </trkpt>
   <trkpt lat="22.5677600" lon="88.3626120">
    <ele>12.4</ele>
    <time>2025-10-28T16:43:14Z</time>
   </trkpt>
   <trkpt lat="22.5677770" lon="88.3626290">
    <ele>12.5</ele>
    <time>2025-10-28T16:43:15Z</time>
   </trkpt>
   <trkpt lat="22.5677830" lon="88.3626330">
    <ele>12.6</ele>
    <time>2025-10-28T16:43:16Z</time>
   </trkpt>
   <trkpt lat="22.5677900" lon="88.3626370">
    <ele>12.6</ele>
    <time>2025-10-28T16:43:17Z</time>
   </trkpt>
   <trkpt lat="22.5678090" lon="88.3626500">
    <ele>12.7</ele>
    <time>2025-10-28T16:43:18Z</time>
   </trkpt>
   <trkpt lat="22.5678150" lon="88.3626550">
    <ele>12.7</ele>
    <time>2025-10-28T16:43:19Z</time>
   </trkpt>
   <trkpt lat="22.5678220" lon="88.3626610">
    <ele>12.8</ele>
    <time>2025-10-28T16:43:20Z</time>
   </trkpt>
   <trkpt lat="22.5678340" lon="88.3626680">
    <ele>12.8</ele>
    <time>2025-10-28T16:43:21Z</time>
   </trkpt>
   <trkpt lat="22.5678440" lon="88.3626760">
    <ele>12.8</ele>
    <time>2025-10-28T16:43:22Z</time>
   </trkpt>
   <trkpt lat="22.5678480" lon="88.3626880">
    <ele>12.7</ele>
    <time>2025-10-28T16:43:23Z</time>
   </trkpt>
   <trkpt lat="22.5678580" lon="88.3626910">
    <ele>12.7</ele>
    <time>2025-10-28T16:43:24Z</time>
   </trkpt>
   <trkpt lat="22.5678700" lon="88.3626980">
    <ele>12.7</ele>
    <time>2025-10-28T16:43:25Z</time>
   </trkpt>
   <trkpt lat="22.5678800" lon="88.3627040">
    <ele>12.7</ele>
    <time>2025-10-28T16:43:26Z</time>
   </trkpt>
   <trkpt lat="22.5678920" lon="88.3627070">
    <ele>12.7</ele>
    <time>2025-10-28T16:43:27Z</time>
   </trkpt>
   <trkpt lat="22.5679060" lon="88.3627150">
    <ele>12.6</ele>
    <time>2025-10-28T16:43:28Z</time>
   </trkpt>
   <trkpt lat="22.5679150" lon="88.3627200">
    <ele>12.6</ele>
    <time>2025-10-28T16:43:29Z</time>
   </trkpt>
   <trkpt lat="22.5679240" lon="88.3627240">
    <ele>12.6</ele>
    <time>2025-10-28T16:43:30Z</time>
   </trkpt>
   <trkpt lat="22.5679340" lon="88.3627290">
    <ele>12.6</ele>
    <time>2025-10-28T16:43:31Z</time>
   </trkpt>
   <trkpt lat="22.5679440" lon="88.3627380">
    <ele>12.5</ele>
    <time>2025-10-28T16:43:32Z</time>
   </trkpt>
   <trkpt lat="22.5679560" lon="88.3627420">
    <ele>12.5</ele>
    <time>2025-10-28T16:43:33Z</time>
   </trkpt>
   <trkpt lat="22.5679620" lon="88.3627500">
    <ele>12.5</ele>
    <time>2025-10-28T16:43:34Z</time>
   </trkpt>
   <trkpt lat="22.5679770" lon="88.3627560">
    <ele>12.5</ele>
    <time>2025-10-28T16:43:35Z</time>
   </trkpt>
   <trkpt lat="22.5679920" lon="88.3627590">
    <ele>12.5</ele>
    <time>2025-10-28T16:43:36Z</time>
   </trkpt>
   <trkpt lat="22.5680120" lon="88.3627600">
    <ele>12.4</ele>
    <time>2025-10-28T16:43:37Z</time>
   </trkpt>
   <trkpt lat="22.5680220" lon="88.3627600">
    <ele>12.4</ele>
    <time>2025-10-28T16:43:38Z</time>
   </trkpt>
   <trkpt lat="22.5680310" lon="88.3627600">
    <ele>12.4</ele>
    <time>2025-10-28T16:43:39Z</time>
   </trkpt>
   <trkpt lat="22.5680530" lon="88.3627700">
    <ele>12.3</ele>
    <time>2025-10-28T16:43:40Z</time>
   </trkpt>
   <trkpt lat="22.5680610" lon="88.3627750">
    <ele>12.3</ele>
    <time>2025-10-28T16:43:41Z</time>
   </trkpt>
   <trkpt lat="22.5680680" lon="88.3627810">
    <ele>12.3</ele>
    <time>2025-10-28T16:43:42Z</time>
   </trkpt>
   <trkpt lat="22.5680860" lon="88.3627860">
    <ele>12.3</ele>
    <time>2025-10-28T16:43:43Z</time>
   </trkpt>
   <trkpt lat="22.5681000" lon="88.3627900">
    <ele>12.3</ele>
    <time>2025-10-28T16:43:44Z</time>
   </trkpt>
   <trkpt lat="22.5681070" lon="88.3627890">
    <ele>12.2</ele>
    <time>2025-10-28T16:43:45Z</time>
   </trkpt>
   <trkpt lat="22.5681180" lon="88.3627950">
    <ele>12.2</ele>
    <time>2025-10-28T16:43:46Z</time>
   </trkpt>
   <trkpt lat="22.5681310" lon="88.3628070">
    <ele>12.2</ele>
    <time>2025-10-28T16:43:47Z</time>
   </trkpt>
   <trkpt lat="22.5681450" lon="88.3628100">
    <ele>12.2</ele>
    <time>2025-10-28T16:43:48Z</time>
   </trkpt>
   <trkpt lat="22.5681560" lon="88.3628190">
    <ele>12.1</ele>
    <time>2025-10-28T16:43:49Z</time>
   </trkpt>
   <trkpt lat="22.5681730" lon="88.3628290">
    <ele>12.1</ele>
    <time>2025-10-28T16:43:50Z</time>
   </trkpt>
   <trkpt lat="22.5681810" lon="88.3628350">
    <ele>12.1</ele>
    <time>2025-10-28T16:43:51Z</time>
   </trkpt>
   <trkpt lat="22.5681890" lon="88.3628400">
    <ele>12.1</ele>
    <time>2025-10-28T16:43:52Z</time>
   </trkpt>
   <trkpt lat="22.5682000" lon="88.3628450">
    <ele>12.1</ele>
    <time>2025-10-28T16:43:53Z</time>
   </trkpt>
   <trkpt lat="22.5682160" lon="88.3628490">
    <ele>12.0</ele>
    <time>2025-10-28T16:43:54Z</time>
   </trkpt>
   <trkpt lat="22.5682270" lon="88.3628530">
    <ele>12.0</ele>
    <time>2025-10-28T16:43:55Z</time>
   </trkpt>
   <trkpt lat="22.5682370" lon="88.3628610">
    <ele>12.0</ele>
    <time>2025-10-28T16:43:56Z</time>
   </trkpt>
   <trkpt lat="22.5682420" lon="88.3628750">
    <ele>12.0</ele>
    <time>2025-10-28T16:43:57Z</time>
   </trkpt>
   <trkpt lat="22.5682460" lon="88.3628860">
    <ele>11.9</ele>
    <time>2025-10-28T16:43:58Z</time>
   </trkpt>
   <trkpt lat="22.5682580" lon="88.3629020">
    <ele>11.9</ele>
    <time>2025-10-28T16:43:59Z</time>
   </trkpt>
   <trkpt lat="22.5682650" lon="88.3629080">
    <ele>11.9</ele>
    <time>2025-10-28T16:44:00Z</time>
   </trkpt>
   <trkpt lat="22.5682760" lon="88.3629140">
    <ele>11.9</ele>
    <time>2025-10-28T16:44:01Z</time>
   </trkpt>
   <trkpt lat="22.5682810" lon="88.3629260">
    <ele>11.9</ele>
    <time>2025-10-28T16:44:02Z</time>
   </trkpt>
   <trkpt lat="22.5682990" lon="88.3629370">
    <ele>11.8</ele>
    <time>2025-10-28T16:44:03Z</time>
   </trkpt>
   <trkpt lat="22.5683060" lon="88.3629410">
    <ele>11.8</ele>
    <time>2025-10-28T16:44:04Z</time>
   </trkpt>
   <trkpt lat="22.5683140" lon="88.3629440">
    <ele>11.8</ele>
    <time>2025-10-28T16:44:05Z</time>
   </trkpt>
   <trkpt lat="22.5683270" lon="88.3629530">
    <ele>11.8</ele>
    <time>2025-10-28T16:44:06Z</time>
   </trkpt>
   <trkpt lat="22.5683420" lon="88.3629590">
    <ele>11.7</ele>
    <time>2025-10-28T16:44:07Z</time>
   </trkpt>
   <trkpt lat="22.5683630" lon="88.3629710">
    <ele>11.7</ele>
    <time>2025-10-28T16:44:08Z</time>
   </trkpt>
   <trkpt lat="22.5683710" lon="88.3629750">
    <ele>11.7</ele>
    <time>2025-10-28T16:44:09Z</time>
   </trkpt>
   <trkpt lat="22.5683780" lon="88.3629780">
    <ele>11.7</ele>
    <time>2025-10-28T16:44:10Z</time>
   </trkpt>
   <trkpt lat="22.5683920" lon="88.3629860">
    <ele>11.6</ele>
    <time>2025-10-28T16:44:11Z</time>
   </trkpt>
   <trkpt lat="22.5684030" lon="88.3629930">
    <ele>11.6</ele>
    <time>2025-10-28T16:44:12Z</time>
   </trkpt>
   <trkpt lat="22.5684170" lon="88.3630040">
    <ele>11.6</ele>
    <time>2025-10-28T16:44:13Z</time>
   </trkpt>
   <trkpt lat="22.5684270" lon="88.3630130">
    <ele>11.6</ele>
    <time>2025-10-28T16:44:14Z</time>
   </trkpt>
   <trkpt lat="22.5684480" lon="88.3630260">
    <ele>11.5</ele>
    <time>2025-10-28T16:44:15Z</time>
   </trkpt>
   <trkpt lat="22.5684600" lon="88.3630310">
    <ele>11.5</ele>
    <time>2025-10-28T16:44:16Z</time>
   </trkpt>
   <trkpt lat="22.5684710" lon="88.3630370">
    <ele>11.5</ele>
    <time>2025-10-28T16:44:17Z</time>
   </trkpt>
   <trkpt lat="22.5684790" lon="88.3630380">
    <ele>11.5</ele>
    <time>2025-10-28T16:44:18Z</time>
   </trkpt>
   <trkpt lat="22.5684870" lon="88.3630410">
    <ele>11.5</ele>
    <time>2025-10-28T16:44:19Z</time>
   </trkpt>
   <trkpt lat="22.5684900" lon="88.3630390">
    <ele>11.4</ele>
    <time>2025-10-28T16:44:20Z</time>
   </trkpt>
   <trkpt lat="22.5685030" lon="88.3630410">
    <ele>11.4</ele>
    <time>2025-10-28T16:44:21Z</time>
   </trkpt>
   <trkpt lat="22.5685180" lon="88.3630460">
    <ele>11.4</ele>
    <time>2025-10-28T16:44:23Z</time>
   </trkpt>
   <trkpt lat="22.5685280" lon="88.3630540">
    <ele>11.4</ele>
    <time>2025-10-28T16:44:24Z</time>
   </trkpt>
   <trkpt lat="22.5685390" lon="88.3630530">
    <ele>11.4</ele>
    <time>2025-10-28T16:44:25Z</time>
   </trkpt>
   <trkpt lat="22.5685580" lon="88.3630460">
    <ele>11.3</ele>
    <time>2025-10-28T16:44:26Z</time>
   </trkpt>
   <trkpt lat="22.5685780" lon="88.3630560">
    <ele>11.3</ele>
    <time>2025-10-28T16:44:27Z</time>
   </trkpt>
   <trkpt lat="22.5685860" lon="88.3630550">
    <ele>11.3</ele>
    <time>2025-10-28T16:44:28Z</time>
   </trkpt>
   <trkpt lat="22.5685960" lon="88.3630560">
    <ele>11.2</ele>
    <time>2025-10-28T16:44:29Z</time>
   </trkpt>
   <trkpt lat="22.5686110" lon="88.3630670">
    <ele>11.2</ele>
    <time>2025-10-28T16:44:30Z</time>
   </trkpt>
   <trkpt lat="22.5686340" lon="88.3630750">
    <ele>11.2</ele>
    <time>2025-10-28T16:44:31Z</time>
   </trkpt>
   <trkpt lat="22.5686430" lon="88.3630790">
    <ele>11.2</ele>
    <time>2025-10-28T16:44:32Z</time>
   </trkpt>
   <trkpt lat="22.5686550" lon="88.3630870">
    <ele>11.1</ele>
    <time>2025-10-28T16:44:33Z</time>
   </trkpt>
   <trkpt lat="22.5686590" lon="88.3630900">
    <ele>11.1</ele>
    <time>2025-10-28T16:44:34Z</time>
   </trkpt>
   <trkpt lat="22.5686670" lon="88.3630930">
    <ele>11.1</ele>
    <time>2025-10-28T16:44:35Z</time>
   </trkpt>
   <trkpt lat="22.5686780" lon="88.3631060">
    <ele>11.1</ele>
    <time>2025-10-28T16:44:36Z</time>
   </trkpt>
   <trkpt lat="22.5686880" lon="88.3631150">
    <ele>11.1</ele>
    <time>2025-10-28T16:44:37Z</time>
   </trkpt>
   <trkpt lat="22.5687000" lon="88.3631250">
    <ele>11.0</ele>
    <time>2025-10-28T16:44:38Z</time>
   </trkpt>
   <trkpt lat="22.5687150" lon="88.3631270">
    <ele>11.0</ele>
    <time>2025-10-28T16:44:39Z</time>
   </trkpt>
   <trkpt lat="22.5687280" lon="88.3631350">
    <ele>11.0</ele>
    <time>2025-10-28T16:44:40Z</time>
   </trkpt>
   <trkpt lat="22.5687400" lon="88.3631420">
    <ele>11.0</ele>
    <time>2025-10-28T16:44:41Z</time>
   </trkpt>
   <trkpt lat="22.5687570" lon="88.3631560">
    <ele>10.9</ele>
    <time>2025-10-28T16:44:42Z</time>
   </trkpt>
   <trkpt lat="22.5687620" lon="88.3631640">
    <ele>10.9</ele>
    <time>2025-10-28T16:44:43Z</time>
   </trkpt>
   <trkpt lat="22.5687680" lon="88.3631720">
    <ele>10.9</ele>
    <time>2025-10-28T16:44:44Z</time>
   </trkpt>
   <trkpt lat="22.5687800" lon="88.3631800">
    <ele>10.9</ele>
    <time>2025-10-28T16:44:45Z</time>
   </trkpt>
   <trkpt lat="22.5687860" lon="88.3631830">
    <ele>10.8</ele>
    <time>2025-10-28T16:44:46Z</time>
   </trkpt>
   <trkpt lat="22.5687850" lon="88.3631950">
    <ele>10.8</ele>
    <time>2025-10-28T16:44:47Z</time>
   </trkpt>
   <trkpt lat="22.5687900" lon="88.3632060">
    <ele>10.8</ele>
    <time>2025-10-28T16:44:48Z</time>
   </trkpt>
   <trkpt lat="22.5688020" lon="88.3632130">
    <ele>10.8</ele>
    <time>2025-10-28T16:44:49Z</time>
   </trkpt>
   <trkpt lat="22.5688080" lon="88.3632200">
    <ele>10.8</ele>
    <time>2025-10-28T16:44:50Z</time>
   </trkpt>
   <trkpt lat="22.5688090" lon="88.3632310">
    <ele>10.7</ele>
    <time>2025-10-28T16:44:51Z</time>
   </trkpt>
   <trkpt lat="22.5688100" lon="88.3632450">
    <ele>10.7</ele>
    <time>2025-10-28T16:44:52Z</time>
   </trkpt>
   <trkpt lat="22.5688070" lon="88.3632590">
    <ele>10.7</ele>
    <time>2025-10-28T16:44:53Z</time>
   </trkpt>
   <trkpt lat="22.5687980" lon="88.3632780">
    <ele>10.6</ele>
    <time>2025-10-28T16:44:54Z</time>
   </trkpt>
   <trkpt lat="22.5687930" lon="88.3632860">
    <ele>10.6</ele>
    <time>2025-10-28T16:44:55Z</time>
   </trkpt>
   <trkpt lat="22.5687880" lon="88.3632930">
    <ele>10.6</ele>
    <time>2025-10-28T16:44:56Z</time>
   </trkpt>
   <trkpt lat="22.5687790" lon="88.3633070">
    <ele>10.6</ele>
    <time>2025-10-28T16:44:57Z</time>
   </trkpt>
   <trkpt lat="22.5687700" lon="88.3633240">
    <ele>10.6</ele>
    <time>2025-10-28T16:44:58Z</time>
   </trkpt>
   <trkpt lat="22.5687670" lon="88.3633340">
    <ele>10.6</ele>
    <time>2025-10-28T16:44:59Z</time>
   </trkpt>
   <trkpt lat="22.5687650" lon="88.3633400">
    <ele>10.5</ele>
    <time>2025-10-28T16:45:00Z</time>
   </trkpt>
   <trkpt lat="22.5687640" lon="88.3633540">
    <ele>10.5</ele>
    <time>2025-10-28T16:45:01Z</time>
   </trkpt>
   <trkpt lat="22.5687510" lon="88.3633670">
    <ele>10.5</ele>
    <time>2025-10-28T16:45:02Z</time>
   </trkpt>
   <trkpt lat="22.5687450" lon="88.3633770">
    <ele>10.5</ele>
    <time>2025-10-28T16:45:03Z</time>
   </trkpt>
   <trkpt lat="22.5687390" lon="88.3633860">
    <ele>10.5</ele>
    <time>2025-10-28T16:45:04Z</time>
   </trkpt>
   <trkpt lat="22.5687360" lon="88.3633920">
    <ele>10.5</ele>
    <time>2025-10-28T16:45:05Z</time>
   </trkpt>
   <trkpt lat="22.5687270" lon="88.3634020">
    <ele>10.4</ele>
    <time>2025-10-28T16:45:06Z</time>
   </trkpt>
   <trkpt lat="22.5687210" lon="88.3634130">
    <ele>10.4</ele>
    <time>2025-10-28T16:45:07Z</time>
   </trkpt>
   <trkpt lat="22.5687180" lon="88.3634220">
    <ele>10.4</ele>
    <time>2025-10-28T16:45:08Z</time>
   </trkpt>
   <trkpt lat="22.5687190" lon="88.3634380">
    <ele>10.4</ele>
    <time>2025-10-28T16:45:09Z</time>
   </trkpt>
   <trkpt lat="22.5687170" lon="88.3634460">
    <ele>10.4</ele>
    <time>2025-10-28T16:45:10Z</time>
   </trkpt>
   <trkpt lat="22.5687220" lon="88.3634600">
    <ele>10.3</ele>
    <time>2025-10-28T16:45:11Z</time>
   </trkpt>
   <trkpt lat="22.5687210" lon="88.3634760">
    <ele>10.3</ele>
    <time>2025-10-28T16:45:12Z</time>
   </trkpt>
   <trkpt lat="22.5687200" lon="88.3635020">
    <ele>10.3</ele>
    <time>2025-10-28T16:45:13Z</time>
   </trkpt>
   <trkpt lat="22.5687170" lon="88.3635130">
    <ele>10.2</ele>
    <time>2025-10-28T16:45:14Z</time>
   </trkpt>
   <trkpt lat="22.5687180" lon="88.3635160">
    <ele>10.2</ele>
    <time>2025-10-28T16:45:15Z</time>
   </trkpt>
   <trkpt lat="22.5687100" lon="88.3635290">
    <ele>10.2</ele>
    <time>2025-10-28T16:45:16Z</time>
   </trkpt>
   <trkpt lat="22.5687050" lon="88.3635420">
    <ele>10.2</ele>
    <time>2025-10-28T16:45:17Z</time>
   </trkpt>
   <trkpt lat="22.5687040" lon="88.3635570">
    <ele>10.2</ele>
    <time>2025-10-28T16:45:18Z</time>
   </trkpt>
   <trkpt lat="22.5687010" lon="88.3635740">
    <ele>10.2</ele>
    <time>2025-10-28T16:45:19Z</time>
   </trkpt>
   <trkpt lat="22.5687200" lon="88.3635820">
    <ele>10.2</ele>
    <time>2025-10-28T16:45:20Z</time>
   </trkpt>
   <trkpt lat="22.5687310" lon="88.3635890">
    <ele>10.2</ele>
    <time>2025-10-28T16:45:21Z</time>
   </trkpt>
   <trkpt lat="22.5687540" lon="88.3636090">
    <ele>10.2</ele>
    <time>2025-10-28T16:45:22Z</time>
   </trkpt>
   <trkpt lat="22.5687630" lon="88.3636120">
    <ele>10.2</ele>
    <time>2025-10-28T16:45:23Z</time>
   </trkpt>
   <trkpt lat="22.5687770" lon="88.3636190">
    <ele>10.2</ele>
    <time>2025-10-28T16:45:24Z</time>
   </trkpt>
   <trkpt lat="22.5687920" lon="88.3636320">
    <ele>10.2</ele>
    <time>2025-10-28T16:45:25Z</time>
   </trkpt>
   <trkpt lat="22.5688070" lon="88.3636470">
    <ele>10.2</ele>
    <time>2025-10-28T16:45:26Z</time>
   </trkpt>
   <trkpt lat="22.5688240" lon="88.3636460">
    <ele>10.2</ele>
    <time>2025-10-28T16:45:27Z</time>
   </trkpt>
   <trkpt lat="22.5688370" lon="88.3636570">
    <ele>10.3</ele>
    <time>2025-10-28T16:45:28Z</time>
   </trkpt>
   <trkpt lat="22.5688650" lon="88.3636610">
    <ele>10.3</ele>
    <time>2025-10-28T16:45:29Z</time>
   </trkpt>
   <trkpt lat="22.5688930" lon="88.3636830">
    <ele>10.3</ele>
    <time>2025-10-28T16:45:31Z</time>
   </trkpt>
   <trkpt lat="22.5689040" lon="88.3636890">
    <ele>10.3</ele>
    <time>2025-10-28T16:45:32Z</time>
   </trkpt>
   <trkpt lat="22.5689150" lon="88.3636960">
    <ele>10.3</ele>
    <time>2025-10-28T16:45:33Z</time>
   </trkpt>
   <trkpt lat="22.5689290" lon="88.3637100">
    <ele>10.3</ele>
    <time>2025-10-28T16:45:34Z</time>
   </trkpt>
   <trkpt lat="22.5689420" lon="88.3637190">
    <ele>10.3</ele>
    <time>2025-10-28T16:45:35Z</time>
   </trkpt>
   <trkpt lat="22.5689600" lon="88.3637180">
    <ele>10.3</ele>
    <time>2025-10-28T16:45:36Z</time>
   </trkpt>
   <trkpt lat="22.5689740" lon="88.3637170">
    <ele>10.4</ele>
    <time>2025-10-28T16:45:37Z</time>
   </trkpt>
   <trkpt lat="22.5689870" lon="88.3637140">
    <ele>10.4</ele>
    <time>2025-10-28T16:45:38Z</time>
   </trkpt>
   <trkpt lat="22.5690020" lon="88.3637210">
    <ele>10.4</ele>
    <time>2025-10-28T16:45:39Z</time>
   </trkpt>
   <trkpt lat="22.5690140" lon="88.3637300">
    <ele>10.4</ele>
    <time>2025-10-28T16:45:40Z</time>
   </trkpt>
   <trkpt lat="22.5690300" lon="88.3637450">
    <ele>10.4</ele>
    <time>2025-10-28T16:45:41Z</time>
   </trkpt>
   <trkpt lat="22.5690370" lon="88.3637510">
    <ele>10.4</ele>
    <time>2025-10-28T16:45:42Z</time>
   </trkpt>
   <trkpt lat="22.5690440" lon="88.3637570">
    <ele>10.4</ele>
    <time>2025-10-28T16:45:43Z</time>
   </trkpt>
   <trkpt lat="22.5690570" lon="88.3637640">
    <ele>10.4</ele>
    <time>2025-10-28T16:45:44Z</time>
   </trkpt>
   <trkpt lat="22.5690640" lon="88.3637600">
    <ele>10.4</ele>
    <time>2025-10-28T16:45:45Z</time>
   </trkpt>
   <trkpt lat="22.5690710" lon="88.3637590">
    <ele>10.4</ele>
    <time>2025-10-28T16:45:46Z</time>
   </trkpt>
   <trkpt lat="22.5690750" lon="88.3637560">
    <ele>10.4</ele>
    <time>2025-10-28T16:45:47Z</time>
   </trkpt>
   <trkpt lat="22.5690910" lon="88.3637550">
    <ele>10.4</ele>
    <time>2025-10-28T16:45:48Z</time>
   </trkpt>
   <trkpt lat="22.5691030" lon="88.3637490">
    <ele>10.5</ele>
    <time>2025-10-28T16:45:49Z</time>
   </trkpt>
   <trkpt lat="22.5691210" lon="88.3637520">
    <ele>10.5</ele>
    <time>2025-10-28T16:45:50Z</time>
   </trkpt>
   <trkpt lat="22.5691320" lon="88.3637580">
    <ele>10.5</ele>
    <time>2025-10-28T16:45:51Z</time>
   </trkpt>
   <trkpt lat="22.5691420" lon="88.3637630">
    <ele>10.5</ele>
    <time>2025-10-28T16:45:52Z</time>
   </trkpt>
   <trkpt lat="22.5691620" lon="88.3637620">
    <ele>10.5</ele>
    <time>2025-10-28T16:45:53Z</time>
   </trkpt>
   <trkpt lat="22.5691710" lon="88.3637650">
    <ele>10.5</ele>
    <time>2025-10-28T16:45:54Z</time>
   </trkpt>
   <trkpt lat="22.5691800" lon="88.3637670">
    <ele>10.5</ele>
    <time>2025-10-28T16:45:55Z</time>
   </trkpt>
   <trkpt lat="22.5692030" lon="88.3637660">
    <ele>10.5</ele>
    <time>2025-10-28T16:45:56Z</time>
   </trkpt>
   <trkpt lat="22.5692110" lon="88.3637650">
    <ele>10.5</ele>
    <time>2025-10-28T16:45:57Z</time>
   </trkpt>
   <trkpt lat="22.5692180" lon="88.3637650">
    <ele>10.5</ele>
    <time>2025-10-28T16:45:58Z</time>
   </trkpt>
   <trkpt lat="22.5692320" lon="88.3637690">
    <ele>10.5</ele>
    <time>2025-10-28T16:45:59Z</time>
   </trkpt>
   <trkpt lat="22.5692470" lon="88.3637680">
    <ele>10.6</ele>
    <time>2025-10-28T16:46:00Z</time>
   </trkpt>
   <trkpt lat="22.5692690" lon="88.3637710">
    <ele>10.6</ele>
    <time>2025-10-28T16:46:01Z</time>
   </trkpt>
   <trkpt lat="22.5692770" lon="88.3637740">
    <ele>10.6</ele>
    <time>2025-10-28T16:46:02Z</time>
   </trkpt>
   <trkpt lat="22.5692850" lon="88.3637770">
    <ele>10.6</ele>
    <time>2025-10-28T16:46:03Z</time>
   </trkpt>
   <trkpt lat="22.5692980" lon="88.3637820">
    <ele>10.6</ele>
    <time>2025-10-28T16:46:04Z</time>
   </trkpt>
   <trkpt lat="22.5693170" lon="88.3637870">
    <ele>10.6</ele>
    <time>2025-10-28T16:46:05Z</time>
   </trkpt>
   <trkpt lat="22.5693300" lon="88.3637940">
    <ele>10.6</ele>
    <time>2025-10-28T16:46:06Z</time>
   </trkpt>
   <trkpt lat="22.5693440" lon="88.3637930">
    <ele>10.6</ele>
    <time>2025-10-28T16:46:07Z</time>
   </trkpt>
   <trkpt lat="22.5693650" lon="88.3638030">
    <ele>10.6</ele>
    <time>2025-10-28T16:46:08Z</time>
   </trkpt>
   <trkpt lat="22.5693730" lon="88.3638060">
    <ele>10.6</ele>
    <time>2025-10-28T16:46:09Z</time>
   </trkpt>
   <trkpt lat="22.5693800" lon="88.3638090">
    <ele>10.6</ele>
    <time>2025-10-28T16:46:10Z</time>
   </trkpt>
   <trkpt lat="22.5693890" lon="88.3638190">
    <ele>10.7</ele>
    <time>2025-10-28T16:46:11Z</time>
   </trkpt>
   <trkpt lat="22.5694010" lon="88.3638250">
    <ele>10.7</ele>
    <time>2025-10-28T16:46:12Z</time>
   </trkpt>
   <trkpt lat="22.5693990" lon="88.3638190">
    <ele>10.7</ele>
    <time>2025-10-28T16:46:13Z</time>
   </trkpt>
   <trkpt lat="22.5694010" lon="88.3638010">
    <ele>10.7</ele>
    <time>2025-10-28T16:46:14Z</time>
   </trkpt>
   <trkpt lat="22.5694030" lon="88.3637860">
    <ele>10.7</ele>
    <time>2025-10-28T16:46:15Z</time>
   </trkpt>
   <trkpt lat="22.5694120" lon="88.3637720">
    <ele>10.7</ele>
    <time>2025-10-28T16:46:16Z</time>
   </trkpt>
   <trkpt lat="22.5694170" lon="88.3637600">
    <ele>10.7</ele>
    <time>2025-10-28T16:46:17Z</time>
   </trkpt>
   <trkpt lat="22.5694220" lon="88.3637470">
    <ele>10.7</ele>
    <time>2025-10-28T16:46:18Z</time>
   </trkpt>
   <trkpt lat="22.5694340" lon="88.3637330">
    <ele>10.7</ele>
    <time>2025-10-28T16:46:19Z</time>
   </trkpt>
   <trkpt lat="22.5694460" lon="88.3637020">
    <ele>10.7</ele>
    <time>2025-10-28T16:46:20Z</time>
   </trkpt>
   <trkpt lat="22.5694550" lon="88.3636900">
    <ele>10.8</ele>
    <time>2025-10-28T16:46:21Z</time>
   </trkpt>
   <trkpt lat="22.5694600" lon="88.3636720">
    <ele>10.8</ele>
    <time>2025-10-28T16:46:22Z</time>
   </trkpt>
   <trkpt lat="22.5694670" lon="88.3636550">
    <ele>10.8</ele>
    <time>2025-10-28T16:46:23Z</time>
   </trkpt>
   <trkpt lat="22.5694790" lon="88.3636380">
    <ele>10.8</ele>
    <time>2025-10-28T16:46:24Z</time>
   </trkpt>
   <trkpt lat="22.5694910" lon="88.3636310">
    <ele>10.8</ele>
    <time>2025-10-28T16:46:25Z</time>
   </trkpt>
   <trkpt lat="22.5695000" lon="88.3636170">
    <ele>10.8</ele>
    <time>2025-10-28T16:46:26Z</time>
   </trkpt>
   <trkpt lat="22.5695020" lon="88.3636080">
    <ele>10.8</ele>
    <time>2025-10-28T16:46:27Z</time>
   </trkpt>
   <trkpt lat="22.5695030" lon="88.3635980">
    <ele>10.8</ele>
    <time>2025-10-28T16:46:28Z</time>
   </trkpt>
   <trkpt lat="22.5695050" lon="88.3635890">
    <ele>10.8</ele>
    <time>2025-10-28T16:46:29Z</time>
   </trkpt>
   <trkpt lat="22.5694990" lon="88.3635780">
    <ele>10.8</ele>
    <time>2025-10-28T16:46:30Z</time>
   </trkpt>
   <trkpt lat="22.5694990" lon="88.3635750">
    <ele>10.8</ele>
    <time>2025-10-28T16:46:31Z</time>
   </trkpt>
   <trkpt lat="22.5694860" lon="88.3635750">
    <ele>10.9</ele>
    <time>2025-10-28T16:46:32Z</time>
   </trkpt>
   <trkpt lat="22.5694900" lon="88.3635640">
    <ele>10.9</ele>
    <time>2025-10-28T16:46:33Z</time>
   </trkpt>
   <trkpt lat="22.5694950" lon="88.3635520">
    <ele>10.9</ele>
    <time>2025-10-28T16:46:34Z</time>
   </trkpt>
   <trkpt lat="22.5695100" lon="88.3635410">
    <ele>10.9</ele>
    <time>2025-10-28T16:46:35Z</time>
   </trkpt>
   <trkpt lat="22.5695170" lon="88.3635230">
    <ele>10.9</ele>
    <time>2025-10-28T16:46:36Z</time>
   </trkpt>
   <trkpt lat="22.5695190" lon="88.3635120">
    <ele>10.9</ele>
    <time>2025-10-28T16:46:37Z</time>
   </trkpt>
   <trkpt lat="22.5695480" lon="88.3634810">
    <ele>10.9</ele>
    <time>2025-10-28T16:46:38Z</time>
   </trkpt>
   <trkpt lat="22.5695590" lon="88.3634660">
    <ele>10.9</ele>
    <time>2025-10-28T16:46:39Z</time>
   </trkpt>
   <trkpt lat="22.5695640" lon="88.3634580">
    <ele>10.9</ele>
    <time>2025-10-28T16:46:40Z</time>
   </trkpt>
   <trkpt lat="22.5695520" lon="88.3634590">
    <ele>10.9</ele>
    <time>2025-10-28T16:46:41Z</time>
   </trkpt>
   <trkpt lat="22.5695420" lon="88.3634490">
    <ele>11.0</ele>
    <time>2025-10-28T16:46:42Z</time>
   </trkpt>
   <trkpt lat="22.5695270" lon="88.3634510">
    <ele>11.0</ele>
    <time>2025-10-28T16:46:43Z</time>
   </trkpt>
   <trkpt lat="22.5695230" lon="88.3634460">
    <ele>11.0</ele>
    <time>2025-10-28T16:46:44Z</time>
   </trkpt>
   <trkpt lat="22.5695160" lon="88.3634500">
    <ele>11.0</ele>
    <time>2025-10-28T16:46:45Z</time>
   </trkpt>
   <trkpt lat="22.5695120" lon="88.3634530">
    <ele>11.0</ele>
    <time>2025-10-28T16:46:46Z</time>
   </trkpt>
  </trkseg>
 </trk>
</gpx>
