<?xml version="1.0" encoding="UTF-8"?>
<gpx creator="StravaGPX" version="1.1" xmlns="http://www.topografix.com/GPX/1/1" xmlns:xsi="http://www.w3.org/2001/XMLSchema-instance" xsi:schemaLocation="http://www.topografix.com/GPX/1/1 http://www.topografix.com/GPX/1/1/gpx.xsd">
 <metadata>
  <time>2026-04-19T12:16:24Z</time>
 </metadata>
 <trk>
  <name>Evening Walk</name>
  <type>walking</type>
  <trkseg>
   <trkpt lat="12.9076620" lon="77.6265890">
    <ele>894.7</ele>
    <time>2026-04-19T12:16:24Z</time>
   </trkpt>
   <trkpt lat="12.9076620" lon="77.6265890">
    <ele>894.7</ele>
    <time>2026-04-19T12:16:25Z</time>
   </trkpt>
   <trkpt lat="12.9076620" lon="77.6265940">
    <ele>894.7</ele>
    <time>2026-04-19T12:16:26Z</time>
   </trkpt>
   <trkpt lat="12.9076620" lon="77.6265980">
    <ele>894.8</ele>
    <time>2026-04-19T12:16:27Z</time>
   </trkpt>
   <trkpt lat="12.9076610" lon="77.6266040">
    <ele>894.8</ele>
    <time>2026-04-19T12:16:28Z</time>
   </trkpt>
   <trkpt lat="12.9076570" lon="77.6266110">
    <ele>894.8</ele>
    <time>2026-04-19T12:16:29Z</time>
   </trkpt>
   <trkpt lat="12.9076530" lon="77.6266160">
    <ele>894.8</ele>
    <time>2026-04-19T12:16:30Z</time>
   </trkpt>
   <trkpt lat="12.9076490" lon="77.6266210">
    <ele>894.8</ele>
    <time>2026-04-19T12:16:31Z</time>
   </trkpt>
   <trkpt lat="12.9076480" lon="77.6266280">
    <ele>894.8</ele>
    <time>2026-04-19T12:16:32Z</time>
   </trkpt>
   <trkpt lat="12.9076490" lon="77.6266370">
    <ele>894.8</ele>
    <time>2026-04-19T12:16:33Z</time>
   </trkpt>
   <trkpt lat="12.9076510" lon="77.6266470">
    <ele>894.8</ele>
    <time>2026-04-19T12:16:34Z</time>
   </trkpt>
   <trkpt lat="12.9076540" lon="77.6266550">
    <ele>894.8</ele>
    <time>2026-04-19T12:16:35Z</time>
   </trkpt>
   <trkpt lat="12.9076530" lon="77.6266650">
    <ele>894.8</ele>
    <time>2026-04-19T12:16:36Z</time>
   </trkpt>
   <trkpt lat="12.9076530" lon="77.6266730">
    <ele>894.8</ele>
    <time>2026-04-19T12:16:37Z</time>
   </trkpt>
   <trkpt lat="12.9076550" lon="77.6266820">
    <ele>894.9</ele>
    <time>2026-04-19T12:16:38Z</time>
   </trkpt>
   <trkpt lat="12.9076580" lon="77.6266880">
    <ele>894.9</ele>
    <time>2026-04-19T12:16:39Z</time>
   </trkpt>
   <trkpt lat="12.9076610" lon="77.6266950">
    <ele>894.9</ele>
    <time>2026-04-19T12:16:40Z</time>
   </trkpt>
   <trkpt lat="12.9076610" lon="77.6267040">
    <ele>894.9</ele>
    <time>2026-04-19T12:16:41Z</time>
   </trkpt>
   <trkpt lat="12.9076620" lon="77.6267160">
    <ele>894.9</ele>
    <time>2026-04-19T12:16:42Z</time>
   </trkpt>
   <trkpt lat="12.9076620" lon="77.6267260">
    <ele>894.9</ele>
    <time>2026-04-19T12:16:43Z</time>
   </trkpt>
   <trkpt lat="12.9076630" lon="77.6267330">
    <ele>894.9</ele>
    <time>2026-04-19T12:16:44Z</time>
   </trkpt>
   <trkpt lat="12.9076620" lon="77.6267440">
    <ele>894.9</ele>
    <time>2026-04-19T12:16:45Z</time>
   </trkpt>
   <trkpt lat="12.9076600" lon="77.6267530">
    <ele>894.9</ele>
    <time>2026-04-19T12:16:46Z</time>
   </trkpt>
   <trkpt lat="12.9076570" lon="77.6267620">
    <ele>894.9</ele>
    <time>2026-04-19T12:16:47Z</time>
   </trkpt>
   <trkpt lat="12.9076560" lon="77.6267730">
    <ele>894.9</ele>
    <time>2026-04-19T12:16:48Z</time>
   </trkpt>
   <trkpt lat="12.9076560" lon="77.6267870">
    <ele>895.0</ele>
    <time>2026-04-19T12:16:49Z</time>
   </trkpt>
   <trkpt lat="12.9076570" lon="77.6267980">
    <ele>895.0</ele>
    <time>2026-04-19T12:16:50Z</time>
   </trkpt>
   <trkpt lat="12.9076580" lon="77.6268090">
    <ele>895.0</ele>
    <time>2026-04-19T12:16:51Z</time>
   </trkpt>
   <trkpt lat="12.9076580" lon="77.6268220">
    <ele>895.0</ele>
    <time>2026-04-19T12:16:52Z</time>
   </trkpt>
   <trkpt lat="12.9076570" lon="77.6268350">
    <ele>895.0</ele>
    <time>2026-04-19T12:16:53Z</time>
   </trkpt>
   <trkpt lat="12.9076550" lon="77.6268470">
    <ele>895.0</ele>
    <time>2026-04-19T12:16:54Z</time>
   </trkpt>
   <trkpt lat="12.9076640" lon="77.6268780">
    <ele>895.0</ele>
    <time>2026-04-19T12:16:55Z</time>
   </trkpt>
   <trkpt lat="12.9076750" lon="77.6269000">
    <ele>895.0</ele>
    <time>2026-04-19T12:16:56Z</time>
   </trkpt>
   <trkpt lat="12.9076730" lon="77.6269160">
    <ele>895.0</ele>
    <time>2026-04-19T12:16:57Z</time>
   </trkpt>
   <trkpt lat="12.9076810" lon="77.6269320">
    <ele>895.0</ele>
    <time>2026-04-19T12:16:58Z</time>
   </trkpt>
   <trkpt lat="12.9076830" lon="77.6269430">
    <ele>895.0</ele>
    <time>2026-04-19T12:16:59Z</time>
   </trkpt>
   <trkpt lat="12.9076850" lon="77.6269610">
    <ele>895.0</ele>
    <time>2026-04-19T12:17:00Z</time>
   </trkpt>
   <trkpt lat="12.9076820" lon="77.6269690">
    <ele>895.0</ele>
    <time>2026-04-19T12:17:01Z</time>
   </trkpt>
   <trkpt lat="12.9076850" lon="77.6269850">
    <ele>895.0</ele>
    <time>2026-04-19T12:17:02Z</time>
   </trkpt>
   <trkpt lat="12.9076830" lon="77.6269960">
    <ele>895.0</ele>
    <time>2026-04-19T12:17:03Z</time>
   </trkpt>
   <trkpt lat="12.9076730" lon="77.6270080">
    <ele>895.0</ele>
    <time>2026-04-19T12:17:04Z</time>
   </trkpt>
   <trkpt lat="12.9076730" lon="77.6270180">
    <ele>895.0</ele>
    <time>2026-04-19T12:17:05Z</time>
   </trkpt>
   <trkpt lat="12.9076730" lon="77.6270290">
    <ele>895.0</ele>
    <time>2026-04-19T12:17:06Z</time>
   </trkpt>
   <trkpt lat="12.9076730" lon="77.6270400">
    <ele>895.0</ele>
    <time>2026-04-19T12:17:07Z</time>
   </trkpt>
   <trkpt lat="12.9076740" lon="77.6270520">
    <ele>895.0</ele>
    <time>2026-04-19T12:17:08Z</time>
   </trkpt>
   <trkpt lat="12.9076700" lon="77.6270660">
    <ele>895.0</ele>
    <time>2026-04-19T12:17:09Z</time>
   </trkpt>
   <trkpt lat="12.9076670" lon="77.6270890">
    <ele>895.0</ele>
    <time>2026-04-19T12:17:10Z</time>
   </trkpt>
   <trkpt lat="12.9076680" lon="77.6270980">
    <ele>895.0</ele>
    <time>2026-04-19T12:17:11Z</time>
   </trkpt>
   <trkpt lat="12.9076680" lon="77.6271070">
    <ele>895.0</ele>
    <time>2026-04-19T12:17:12Z</time>
   </trkpt>
   <trkpt lat="12.9076570" lon="77.6271280">
    <ele>895.0</ele>
    <time>2026-04-19T12:17:13Z</time>
   </trkpt>
   <trkpt lat="12.9076540" lon="77.6271340">
    <ele>895.0</ele>
    <time>2026-04-19T12:17:14Z</time>
   </trkpt>
   <trkpt lat="12.9076510" lon="77.6271410">
    <ele>895.0</ele>
    <time>2026-04-19T12:17:15Z</time>
   </trkpt>
   <trkpt lat="12.9076500" lon="77.6271500">
    <ele>895.0</ele>
    <time>2026-04-19T12:17:16Z</time>
   </trkpt>
   <trkpt lat="12.9076400" lon="77.6271700">
    <ele>895.0</ele>
    <time>2026-04-19T12:17:17Z</time>
   </trkpt>
   <trkpt lat="12.9076330" lon="77.6271790">
    <ele>895.0</ele>
    <time>2026-04-19T12:17:18Z</time>
   </trkpt>
   <trkpt lat="12.9076310" lon="77.6271990">
    <ele>895.0</ele>
    <time>2026-04-19T12:17:19Z</time>
   </trkpt>
   <trkpt lat="12.9076270" lon="77.6272200">
    <ele>895.0</ele>
    <time>2026-04-19T12:17:20Z</time>
   </trkpt>
   <trkpt lat="12.9076240" lon="77.6272290">
    <ele>895.0</ele>
    <time>2026-04-19T12:17:21Z</time>
   </trkpt>
   <trkpt lat="12.9076220" lon="77.6272370">
    <ele>895.0</ele>
    <time>2026-04-19T12:17:22Z</time>
   </trkpt>
   <trkpt lat="12.9076230" lon="77.6272540">
    <ele>895.0</ele>
    <time>2026-04-19T12:17:23Z</time>
   </trkpt>
   <trkpt lat="12.9076240" lon="77.6272660">
    <ele>894.9</ele>
    <time>2026-04-19T12:17:24Z</time>
   </trkpt>
   <trkpt lat="12.9076240" lon="77.6272780">
    <ele>894.9</ele>
    <time>2026-04-19T12:17:25Z</time>
   </trkpt>
   <trkpt lat="12.9076260" lon="77.6272940">
    <ele>894.9</ele>
    <time>2026-04-19T12:17:26Z</time>
   </trkpt>
   <trkpt lat="12.9076200" lon="77.6273110">
    <ele>894.9</ele>
    <time>2026-04-19T12:17:27Z</time>
   </trkpt>
   <trkpt lat="12.9076260" lon="77.6273200">
    <ele>894.9</ele>
    <time>2026-04-19T12:17:28Z</time>
   </trkpt>
   <trkpt lat="12.9076170" lon="77.6273290">
    <ele>894.8</ele>
    <time>2026-04-19T12:17:29Z</time>
   </trkpt>
   <trkpt lat="12.9076200" lon="77.6273440">
    <ele>894.8</ele>
    <time>2026-04-19T12:17:30Z</time>
   </trkpt>
   <trkpt lat="12.9076260" lon="77.6273610">
    <ele>894.7</ele>
    <time>2026-04-19T12:17:31Z</time>
   </trkpt>
   <trkpt lat="12.9076290" lon="77.6273800">
    <ele>894.6</ele>
    <time>2026-04-19T12:17:32Z</time>
   </trkpt>
   <trkpt lat="12.9076280" lon="77.6273730">
    <ele>894.6</ele>
    <time>2026-04-19T12:17:33Z</time>
   </trkpt>
   <trkpt lat="12.9076210" lon="77.6273840">
    <ele>894.6</ele>
    <time>2026-04-19T12:17:34Z</time>
   </trkpt>
   <trkpt lat="12.9076130" lon="77.6273980">
    <ele>894.5</ele>
    <time>2026-04-19T12:17:35Z</time>
   </trkpt>
   <trkpt lat="12.9076140" lon="77.6274100">
    <ele>894.5</ele>
    <time>2026-04-19T12:17:36Z</time>
   </trkpt>
   <trkpt lat="12.9075980" lon="77.6274310">
    <ele>894.4</ele>
    <time>2026-04-19T12:17:37Z</time>
   </trkpt>
   <trkpt lat="12.9075910" lon="77.6274380">
    <ele>894.3</ele>
    <time>2026-04-19T12:17:38Z</time>
   </trkpt>
   <trkpt lat="12.9075850" lon="77.6274460">
    <ele>894.3</ele>
    <time>2026-04-19T12:17:39Z</time>
   </trkpt>
   <trkpt lat="12.9075790" lon="77.6274660">
    <ele>894.2</ele>
    <time>2026-04-19T12:17:40Z</time>
   </trkpt>
   <trkpt lat="12.9075770" lon="77.6274750">
    <ele>894.2</ele>
    <time>2026-04-19T12:17:41Z</time>
   </trkpt>
   <trkpt lat="12.9075750" lon="77.6274840">
    <ele>894.1</ele>
    <time>2026-04-19T12:17:42Z</time>
   </trkpt>
   <trkpt lat="12.9075700" lon="77.6274900">
    <ele>894.1</ele>
    <time>2026-04-19T12:17:43Z</time>
   </trkpt>
   <trkpt lat="12.9075690" lon="77.6275050">
    <ele>894.1</ele>
    <time>2026-04-19T12:17:44Z</time>
   </trkpt>
   <trkpt lat="12.9075720" lon="77.6275170">
    <ele>894.0</ele>
    <time>2026-04-19T12:17:45Z</time>
   </trkpt>
   <trkpt lat="12.9075700" lon="77.6275380">
    <ele>893.9</ele>
    <time>2026-04-19T12:17:46Z</time>
   </trkpt>
   <trkpt lat="12.9075690" lon="77.6275460">
    <ele>893.9</ele>
    <time>2026-04-19T12:17:47Z</time>
   </trkpt>
   <trkpt lat="12.9075670" lon="77.6275550">
    <ele>893.9</ele>
    <time>2026-04-19T12:17:48Z</time>
   </trkpt>
   <trkpt lat="12.9075610" lon="77.6275780">
    <ele>893.8</ele>
    <time>2026-04-19T12:17:49Z</time>
   </trkpt>
   <trkpt lat="12.9075610" lon="77.6275850">
    <ele>893.8</ele>
    <time>2026-04-19T12:17:50Z</time>
   </trkpt>
   <trkpt lat="12.9075600" lon="77.6275930">
    <ele>893.8</ele>
    <time>2026-04-19T12:17:51Z</time>
   </trkpt>
   <trkpt lat="12.9075630" lon="77.6276030">
    <ele>893.7</ele>
    <time>2026-04-19T12:17:52Z</time>
   </trkpt>
   <trkpt lat="12.9075540" lon="77.6276150">
    <ele>893.7</ele>
    <time>2026-04-19T12:17:53Z</time>
   </trkpt>
   <trkpt lat="12.9075510" lon="77.6276270">
    <ele>893.7</ele>
    <time>2026-04-19T12:17:54Z</time>
   </trkpt>
   <trkpt lat="12.9075460" lon="77.6276390">
    <ele>893.6</ele>
    <time>2026-04-19T12:17:55Z</time>
   </trkpt>
   <trkpt lat="12.9075390" lon="77.6276550">
    <ele>893.6</ele>
    <time>2026-04-19T12:17:56Z</time>
   </trkpt>
   <trkpt lat="12.9075360" lon="77.6276740">
    <ele>893.6</ele>
    <time>2026-04-19T12:17:57Z</time>
   </trkpt>
   <trkpt lat="12.9075280" lon="77.6276880">
    <ele>893.5</ele>
    <time>2026-04-19T12:17:58Z</time>
   </trkpt>
   <trkpt lat="12.9075190" lon="77.6277040">
    <ele>893.5</ele>
    <time>2026-04-19T12:17:59Z</time>
   </trkpt>
   <trkpt lat="12.9075180" lon="77.6277110">
    <ele>893.5</ele>
    <time>2026-04-19T12:18:00Z</time>
   </trkpt>
   <trkpt lat="12.9075170" lon="77.6277170">
    <ele>893.5</ele>
    <time>2026-04-19T12:18:01Z</time>
   </trkpt>
   <trkpt lat="12.9075160" lon="77.6277240">
    <ele>893.4</ele>
    <time>2026-04-19T12:18:02Z</time>
   </trkpt>
   <trkpt lat="12.9075070" lon="77.6277470">
    <ele>893.4</ele>
    <time>2026-04-19T12:18:03Z</time>
   </trkpt>
   <trkpt lat="12.9075020" lon="77.6277590">
    <ele>893.4</ele>
    <time>2026-04-19T12:18:04Z</time>
   </trkpt>
   <trkpt lat="12.9074970" lon="77.6277730">
    <ele>893.3</ele>
    <time>2026-04-19T12:18:05Z</time>
   </trkpt>
   <trkpt lat="12.9074960" lon="77.6277770">
    <ele>893.3</ele>
    <time>2026-04-19T12:18:06Z</time>
   </trkpt>
   <trkpt lat="12.9074930" lon="77.6277860">
    <ele>893.3</ele>
    <time>2026-04-19T12:18:07Z</time>
   </trkpt>
   <trkpt lat="12.9074890" lon="77.6277970">
    <ele>893.3</ele>
    <time>2026-04-19T12:18:08Z</time>
   </trkpt>
   <trkpt lat="12.9074880" lon="77.6278110">
    <ele>893.3</ele>
    <time>2026-04-19T12:18:09Z</time>
   </trkpt>
   <trkpt lat="12.9074910" lon="77.6278220">
    <ele>893.3</ele>
    <time>2026-04-19T12:18:10Z</time>
   </trkpt>
   <trkpt lat="12.9074910" lon="77.6278300">
    <ele>893.2</ele>
    <time>2026-04-19T12:18:11Z</time>
   </trkpt>
   <trkpt lat="12.9074860" lon="77.6278400">
    <ele>893.2</ele>
    <time>2026-04-19T12:18:12Z</time>
   </trkpt>
   <trkpt lat="12.9074800" lon="77.6278500">
    <ele>893.2</ele>
    <time>2026-04-19T12:18:13Z</time>
   </trkpt>
   <trkpt lat="12.9074720" lon="77.6278660">
    <ele>893.2</ele>
    <time>2026-04-19T12:18:14Z</time>
   </trkpt>
   <trkpt lat="12.9074780" lon="77.6278810">
    <ele>893.2</ele>
    <time>2026-04-19T12:18:15Z</time>
   </trkpt>
   <trkpt lat="12.9074960" lon="77.6278910">
    <ele>893.2</ele>
    <time>2026-04-19T12:18:16Z</time>
   </trkpt>
   <trkpt lat="12.9074970" lon="77.6279050">
    <ele>893.2</ele>
    <time>2026-04-19T12:18:17Z</time>
   </trkpt>
   <trkpt lat="12.9074960" lon="77.6279170">
    <ele>893.2</ele>
    <time>2026-04-19T12:18:18Z</time>
   </trkpt>
   <trkpt lat="12.9074970" lon="77.6279260">
    <ele>893.2</ele>
    <time>2026-04-19T12:18:19Z</time>
   </trkpt>
   <trkpt lat="12.9074980" lon="77.6279350">
    <ele>893.2</ele>
    <time>2026-04-19T12:18:20Z</time>
   </trkpt>
   <trkpt lat="12.9074880" lon="77.6279430">
    <ele>893.2</ele>
    <time>2026-04-19T12:18:21Z</time>
   </trkpt>
   <trkpt lat="12.9074720" lon="77.6279460">
    <ele>893.2</ele>
    <time>2026-04-19T12:18:22Z</time>
   </trkpt>
   <trkpt lat="12.9074610" lon="77.6279330">
    <ele>893.2</ele>
    <time>2026-04-19T12:18:23Z</time>
   </trkpt>
   <trkpt lat="12.9074490" lon="77.6279290">
    <ele>893.3</ele>
    <time>2026-04-19T12:18:24Z</time>
   </trkpt>
   <trkpt lat="12.9074130" lon="77.6279250">
    <ele>893.3</ele>
    <time>2026-04-19T12:18:25Z</time>
   </trkpt>
   <trkpt lat="12.9074030" lon="77.6279250">
    <ele>893.3</ele>
    <time>2026-04-19T12:18:26Z</time>
   </trkpt>
   <trkpt lat="12.9073900" lon="77.6279230">
    <ele>893.3</ele>
    <time>2026-04-19T12:18:27Z</time>
   </trkpt>
   <trkpt lat="12.9073770" lon="77.6279250">
    <ele>893.3</ele>
    <time>2026-04-19T12:18:28Z</time>
   </trkpt>
   <trkpt lat="12.9073660" lon="77.6279250">
    <ele>893.3</ele>
    <time>2026-04-19T12:18:29Z</time>
   </trkpt>
   <trkpt lat="12.9073490" lon="77.6279240">
    <ele>893.3</ele>
    <time>2026-04-19T12:18:30Z</time>
   </trkpt>
   <trkpt lat="12.9073350" lon="77.6279250">
    <ele>893.3</ele>
    <time>2026-04-19T12:18:31Z</time>
   </trkpt>
   <trkpt lat="12.9073300" lon="77.6279300">
    <ele>893.3</ele>
    <time>2026-04-19T12:18:32Z</time>
   </trkpt>
   <trkpt lat="12.9073180" lon="77.6279270">
    <ele>893.3</ele>
    <time>2026-04-19T12:18:33Z</time>
   </trkpt>
   <trkpt lat="12.9073070" lon="77.6279250">
    <ele>893.3</ele>
    <time>2026-04-19T12:18:34Z</time>
   </trkpt>
   <trkpt lat="12.9072920" lon="77.6279220">
    <ele>893.3</ele>
    <time>2026-04-19T12:18:35Z</time>
   </trkpt>
   <trkpt lat="12.9072820" lon="77.6279240">
    <ele>893.3</ele>
    <time>2026-04-19T12:18:36Z</time>
   </trkpt>
   <trkpt lat="12.9072730" lon="77.6279220">
    <ele>893.3</ele>
    <time>2026-04-19T12:18:37Z</time>
   </trkpt>
   <trkpt lat="12.9072660" lon="77.6279260">
    <ele>893.3</ele>
    <time>2026-04-19T12:18:38Z</time>
   </trkpt>
   <trkpt lat="12.9072550" lon="77.6279240">
    <ele>893.3</ele>
    <time>2026-04-19T12:18:39Z</time>
   </trkpt>
   <trkpt lat="12.9072440" lon="77.6279230">
    <ele>893.3</ele>
    <time>2026-04-19T12:18:40Z</time>
   </trkpt>
   <trkpt lat="12.9072350" lon="77.6279190">
    <ele>893.3</ele>
    <time>2026-04-19T12:18:41Z</time>
   </trkpt>
   <trkpt lat="12.9072260" lon="77.6279160">
    <ele>893.3</ele>
    <time>2026-04-19T12:18:42Z</time>
   </trkpt>
   <trkpt lat="12.9072140" lon="77.6279110">
    <ele>893.3</ele>
    <time>2026-04-19T12:18:43Z</time>
   </trkpt>
   <trkpt lat="12.9071980" lon="77.6279110">
    <ele>893.3</ele>
    <time>2026-04-19T12:18:44Z</time>
   </trkpt>
   <trkpt lat="12.9071860" lon="77.6279170">
    <ele>893.3</ele>
    <time>2026-04-19T12:18:45Z</time>
   </trkpt>
   <trkpt lat="12.9071660" lon="77.6279080">
    <ele>893.3</ele>
    <time>2026-04-19T12:18:46Z</time>
   </trkpt>
   <trkpt lat="12.9071590" lon="77.6279020">
    <ele>893.3</ele>
    <time>2026-04-19T12:18:47Z</time>
   </trkpt>
   <trkpt lat="12.9071510" lon="77.6278970">
    <ele>893.3</ele>
    <time>2026-04-19T12:18:48Z</time>
   </trkpt>
   <trkpt lat="12.9071300" lon="77.6278900">
    <ele>893.3</ele>
    <time>2026-04-19T12:18:49Z</time>
   </trkpt>
   <trkpt lat="12.9071190" lon="77.6278880">
    <ele>893.4</ele>
    <time>2026-04-19T12:18:50Z</time>
   </trkpt>
   <trkpt lat="12.9071070" lon="77.6278850">
    <ele>893.4</ele>
    <time>2026-04-19T12:18:51Z</time>
   </trkpt>
   <trkpt lat="12.9070950" lon="77.6278810">
    <ele>893.4</ele>
    <time>2026-04-19T12:18:52Z</time>
   </trkpt>
   <trkpt lat="12.9070830" lon="77.6278720">
    <ele>893.4</ele>
    <time>2026-04-19T12:18:53Z</time>
   </trkpt>
   <trkpt lat="12.9070690" lon="77.6278710">
    <ele>893.4</ele>
    <time>2026-04-19T12:18:54Z</time>
   </trkpt>
   <trkpt lat="12.9070580" lon="77.6278700">
    <ele>893.4</ele>
    <time>2026-04-19T12:18:55Z</time>
   </trkpt>
   <trkpt lat="12.9070470" lon="77.6278730">
    <ele>893.4</ele>
    <time>2026-04-19T12:18:56Z</time>
   </trkpt>
   <trkpt lat="12.9070240" lon="77.6278670">
    <ele>893.5</ele>
    <time>2026-04-19T12:18:57Z</time>
   </trkpt>
   <trkpt lat="12.9070170" lon="77.6278650">
    <ele>893.5</ele>
    <time>2026-04-19T12:18:58Z</time>
   </trkpt>
   <trkpt lat="12.9070090" lon="77.6278640">
    <ele>893.5</ele>
    <time>2026-04-19T12:18:59Z</time>
   </trkpt>
   <trkpt lat="12.9069870" lon="77.6278600">
    <ele>893.5</ele>
    <time>2026-04-19T12:19:00Z</time>
   </trkpt>
   <trkpt lat="12.9069790" lon="77.6278590">
    <ele>893.5</ele>
    <time>2026-04-19T12:19:01Z</time>
   </trkpt>
   <trkpt lat="12.9069710" lon="77.6278590">
    <ele>893.6</ele>
    <time>2026-04-19T12:19:02Z</time>
   </trkpt>
   <trkpt lat="12.9069570" lon="77.6278620">
    <ele>893.6</ele>
    <time>2026-04-19T12:19:03Z</time>
   </trkpt>
   <trkpt lat="12.9069490" lon="77.6278650">
    <ele>893.6</ele>
    <time>2026-04-19T12:19:04Z</time>
   </trkpt>
   <trkpt lat="12.9069440" lon="77.6278690">
    <ele>893.6</ele>
    <time>2026-04-19T12:19:05Z</time>
   </trkpt>
   <trkpt lat="12.9069240" lon="77.6278780">
    <ele>893.6</ele>
    <time>2026-04-19T12:19:06Z</time>
   </trkpt>
   <trkpt lat="12.9069150" lon="77.6278830">
    <ele>893.7</ele>
    <time>2026-04-19T12:19:07Z</time>
   </trkpt>
   <trkpt lat="12.9069070" lon="77.6278890">
    <ele>893.7</ele>
    <time>2026-04-19T12:19:08Z</time>
   </trkpt>
   <trkpt lat="12.9068930" lon="77.6278940">
    <ele>893.7</ele>
    <time>2026-04-19T12:19:09Z</time>
   </trkpt>
   <trkpt lat="12.9068790" lon="77.6278950">
    <ele>893.7</ele>
    <time>2026-04-19T12:19:10Z</time>
   </trkpt>
   <trkpt lat="12.9068540" lon="77.6278970">
    <ele>893.8</ele>
    <time>2026-04-19T12:19:11Z</time>
   </trkpt>
   <trkpt lat="12.9068450" lon="77.6278980">
    <ele>893.8</ele>
    <time>2026-04-19T12:19:12Z</time>
   </trkpt>
   <trkpt lat="12.9068370" lon="77.6279000">
    <ele>893.8</ele>
    <time>2026-04-19T12:19:13Z</time>
   </trkpt>
   <trkpt lat="12.9068290" lon="77.6278970">
    <ele>893.8</ele>
    <time>2026-04-19T12:19:14Z</time>
   </trkpt>
   <trkpt lat="12.9068180" lon="77.6278930">
    <ele>893.9</ele>
    <time>2026-04-19T12:19:15Z</time>
   </trkpt>
   <trkpt lat="12.9068050" lon="77.6278930">
    <ele>893.9</ele>
    <time>2026-04-19T12:19:16Z</time>
   </trkpt>
   <trkpt lat="12.9067880" lon="77.6278970">
    <ele>894.0</ele>
    <time>2026-04-19T12:19:17Z</time>
   </trkpt>
   <trkpt lat="12.9067720" lon="77.6278950">
    <ele>894.0</ele>
    <time>2026-04-19T12:19:18Z</time>
   </trkpt>
   <trkpt lat="12.9067620" lon="77.6278910">
    <ele>894.0</ele>
    <time>2026-04-19T12:19:19Z</time>
   </trkpt>
   <trkpt lat="12.9067530" lon="77.6278890">
    <ele>894.1</ele>
    <time>2026-04-19T12:19:20Z</time>
   </trkpt>
   <trkpt lat="12.9067390" lon="77.6278930">
    <ele>894.1</ele>
    <time>2026-04-19T12:19:21Z</time>
   </trkpt>
   <trkpt lat="12.9067280" lon="77.6278920">
    <ele>894.1</ele>
    <time>2026-04-19T12:19:22Z</time>
   </trkpt>
   <trkpt lat="12.9067210" lon="77.6278930">
    <ele>894.2</ele>
    <time>2026-04-19T12:19:23Z</time>
   </trkpt>
   <trkpt lat="12.9067100" lon="77.6278940">
    <ele>894.2</ele>
    <time>2026-04-19T12:19:24Z</time>
   </trkpt>
   <trkpt lat="12.9067060" lon="77.6278920">
    <ele>894.2</ele>
    <time>2026-04-19T12:19:25Z</time>
   </trkpt>
   <trkpt lat="12.9066880" lon="77.6278890">
    <ele>894.3</ele>
    <time>2026-04-19T12:19:26Z</time>
   </trkpt>
   <trkpt lat="12.9066770" lon="77.6278880">
    <ele>894.3</ele>
    <time>2026-04-19T12:19:27Z</time>
   </trkpt>
   <trkpt lat="12.9066480" lon="77.6278840">
    <ele>894.4</ele>
    <time>2026-04-19T12:19:28Z</time>
   </trkpt>
   <trkpt lat="12.9066360" lon="77.6278830">
    <ele>894.4</ele>
    <time>2026-04-19T12:19:29Z</time>
   </trkpt>
   <trkpt lat="12.9066040" lon="77.6278820">
    <ele>894.5</ele>
    <time>2026-04-19T12:19:30Z</time>
   </trkpt>
   <trkpt lat="12.9065970" lon="77.6278810">
    <ele>894.6</ele>
    <time>2026-04-19T12:19:31Z</time>
   </trkpt>
   <trkpt lat="12.9065700" lon="77.6278870">
    <ele>894.6</ele>
    <time>2026-04-19T12:19:32Z</time>
   </trkpt>
   <trkpt lat="12.9065600" lon="77.6278870">
    <ele>894.7</ele>
    <time>2026-04-19T12:19:33Z</time>
   </trkpt>
   <trkpt lat="12.9065450" lon="77.6278970">
    <ele>894.7</ele>
    <time>2026-04-19T12:19:34Z</time>
   </trkpt>
   <trkpt lat="12.9065370" lon="77.6279010">
    <ele>894.7</ele>
    <time>2026-04-19T12:19:35Z</time>
   </trkpt>
   <trkpt lat="12.9065300" lon="77.6279060">
    <ele>894.8</ele>
    <time>2026-04-19T12:19:36Z</time>
   </trkpt>
   <trkpt lat="12.9065220" lon="77.6279100">
    <ele>894.8</ele>
    <time>2026-04-19T12:19:37Z</time>
   </trkpt>
   <trkpt lat="12.9065300" lon="77.6279170">
    <ele>894.5</ele>
    <time>2026-04-19T12:19:38Z</time>
   </trkpt>
   <trkpt lat="12.9065220" lon="77.6279240">
    <ele>894.8</ele>
    <time>2026-04-19T12:19:39Z</time>
   </trkpt>
   <trkpt lat="12.9065300" lon="77.6279280">
    <ele>894.5</ele>
    <time>2026-04-19T12:19:40Z</time>
   </trkpt>
   <trkpt lat="12.9065320" lon="77.6279400">
    <ele>894.5</ele>
    <time>2026-04-19T12:19:41Z</time>
   </trkpt>
   <trkpt lat="12.9065480" lon="77.6279660">
    <ele>894.5</ele>
    <time>2026-04-19T12:19:42Z</time>
   </trkpt>
   <trkpt lat="12.9065540" lon="77.6279740">
    <ele>894.5</ele>
    <time>2026-04-19T12:19:43Z</time>
   </trkpt>
   <trkpt lat="12.9065630" lon="77.6279940">
    <ele>894.5</ele>
    <time>2026-04-19T12:19:44Z</time>
   </trkpt>
   <trkpt lat="12.9065680" lon="77.6280020">
    <ele>894.3</ele>
    <time>2026-04-19T12:19:45Z</time>
   </trkpt>
   <trkpt lat="12.9065720" lon="77.6280100">
    <ele>894.3</ele>
    <time>2026-04-19T12:19:46Z</time>
   </trkpt>
   <trkpt lat="12.9065880" lon="77.6280180">
    <ele>894.3</ele>
    <time>2026-04-19T12:19:47Z</time>
   </trkpt>
   <trkpt lat="12.9066010" lon="77.6280230">
    <ele>894.3</ele>
    <time>2026-04-19T12:19:48Z</time>
   </trkpt>
   <trkpt lat="12.9066260" lon="77.6280400">
    <ele>894.1</ele>
    <time>2026-04-19T12:19:49Z</time>
   </trkpt>
   <trkpt lat="12.9066300" lon="77.6280470">
    <ele>894.1</ele>
    <time>2026-04-19T12:19:50Z</time>
   </trkpt>
   <trkpt lat="12.9066220" lon="77.6280500">
    <ele>894.1</ele>
    <time>2026-04-19T12:19:51Z</time>
   </trkpt>
   <trkpt lat="12.9066160" lon="77.6280610">
    <ele>894.1</ele>
    <time>2026-04-19T12:19:52Z</time>
   </trkpt>
   <trkpt lat="12.9066050" lon="77.6280670">
    <ele>894.3</ele>
    <time>2026-04-19T12:19:53Z</time>
   </trkpt>
   <trkpt lat="12.9066040" lon="77.6280680">
    <ele>894.2</ele>
    <time>2026-04-19T12:19:54Z</time>
   </trkpt>
   <trkpt lat="12.9066060" lon="77.6280740">
    <ele>894.2</ele>
    <time>2026-04-19T12:19:55Z</time>
   </trkpt>
   <trkpt lat="12.9066070" lon="77.6280810">
    <ele>894.2</ele>
    <time>2026-04-19T12:19:56Z</time>
   </trkpt>
   <trkpt lat="12.9066090" lon="77.6280870">
    <ele>894.1</ele>
    <time>2026-04-19T12:19:57Z</time>
   </trkpt>
   <trkpt lat="12.9066110" lon="77.6280930">
    <ele>894.1</ele>
    <time>2026-04-19T12:19:58Z</time>
   </trkpt>
   <trkpt lat="12.9066130" lon="77.6280990">
    <ele>894.1</ele>
    <time>2026-04-19T12:19:59Z</time>
   </trkpt>
   <trkpt lat="12.9066140" lon="77.6281060">
    <ele>894.1</ele>
    <time>2026-04-19T12:20:00Z</time>
   </trkpt>
   <trkpt lat="12.9066160" lon="77.6281120">
    <ele>894.1</ele>
    <time>2026-04-19T12:20:01Z</time>
   </trkpt>
   <trkpt lat="12.9066020" lon="77.6281440">
    <ele>894.2</ele>
    <time>2026-04-19T12:20:02Z</time>
   </trkpt>
   <trkpt lat="12.9066000" lon="77.6281540">
    <ele>894.2</ele>
    <time>2026-04-19T12:20:03Z</time>
   </trkpt>
   <trkpt lat="12.9066330" lon="77.6281540">
    <ele>894.1</ele>
    <time>2026-04-19T12:20:04Z</time>
   </trkpt>
   <trkpt lat="12.9066400" lon="77.6281670">
    <ele>894.1</ele>
    <time>2026-04-19T12:20:05Z</time>
   </trkpt>
   <trkpt lat="12.9066510" lon="77.6281820">
    <ele>894.4</ele>
    <time>2026-04-19T12:20:06Z</time>
   </trkpt>
   <trkpt lat="12.9066590" lon="77.6282110">
    <ele>894.4</ele>
    <time>2026-04-19T12:20:07Z</time>
   </trkpt>
   <trkpt lat="12.9066600" lon="77.6282210">
    <ele>894.4</ele>
    <time>2026-04-19T12:20:08Z</time>
   </trkpt>
   <trkpt lat="12.9066630" lon="77.6282340">
    <ele>894.4</ele>
    <time>2026-04-19T12:20:09Z</time>
   </trkpt>
   <trkpt lat="12.9066550" lon="77.6282370">
    <ele>894.3</ele>
    <time>2026-04-19T12:20:10Z</time>
   </trkpt>
   <trkpt lat="12.9066520" lon="77.6282420">
    <ele>894.3</ele>
    <time>2026-04-19T12:20:11Z</time>
   </trkpt>
   <trkpt lat="12.9066560" lon="77.6282560">
    <ele>894.3</ele>
    <time>2026-04-19T12:20:12Z</time>
   </trkpt>
   <trkpt lat="12.9066560" lon="77.6282630">
    <ele>894.3</ele>
    <time>2026-04-19T12:20:13Z</time>
   </trkpt>
   <trkpt lat="12.9066530" lon="77.6282700">
    <ele>894.3</ele>
    <time>2026-04-19T12:20:14Z</time>
   </trkpt>
   <trkpt lat="12.9066490" lon="77.6282870">
    <ele>894.0</ele>
    <time>2026-04-19T12:20:15Z</time>
   </trkpt>
   <trkpt lat="12.9066540" lon="77.6282960">
    <ele>894.2</ele>
    <time>2026-04-19T12:20:16Z</time>
   </trkpt>
   <trkpt lat="12.9066600" lon="77.6283210">
    <ele>894.2</ele>
    <time>2026-04-19T12:20:17Z</time>
   </trkpt>
   <trkpt lat="12.9066630" lon="77.6283510">
    <ele>893.9</ele>
    <time>2026-04-19T12:20:18Z</time>
   </trkpt>
   <trkpt lat="12.9066730" lon="77.6283740">
    <ele>893.6</ele>
    <time>2026-04-19T12:20:19Z</time>
   </trkpt>
   <trkpt lat="12.9066800" lon="77.6283800">
    <ele>893.6</ele>
    <time>2026-04-19T12:20:20Z</time>
   </trkpt>
   <trkpt lat="12.9066910" lon="77.6283960">
    <ele>893.6</ele>
    <time>2026-04-19T12:20:21Z</time>
   </trkpt>
   <trkpt lat="12.9067050" lon="77.6284000">
    <ele>893.7</ele>
    <time>2026-04-19T12:20:22Z</time>
   </trkpt>
   <trkpt lat="12.9067130" lon="77.6284060">
    <ele>893.7</ele>
    <time>2026-04-19T12:20:23Z</time>
   </trkpt>
   <trkpt lat="12.9067260" lon="77.6284110">
    <ele>893.3</ele>
    <time>2026-04-19T12:20:24Z</time>
   </trkpt>
   <trkpt lat="12.9067360" lon="77.6284180">
    <ele>893.3</ele>
    <time>2026-04-19T12:20:25Z</time>
   </trkpt>
   <trkpt lat="12.9067440" lon="77.6284240">
    <ele>893.3</ele>
    <time>2026-04-19T12:20:26Z</time>
   </trkpt>
   <trkpt lat="12.9067490" lon="77.6284340">
    <ele>893.3</ele>
    <time>2026-04-19T12:20:27Z</time>
   </trkpt>
   <trkpt lat="12.9067600" lon="77.6284400">
    <ele>893.3</ele>
    <time>2026-04-19T12:20:28Z</time>
   </trkpt>
   <trkpt lat="12.9067850" lon="77.6284510">
    <ele>892.9</ele>
    <time>2026-04-19T12:20:29Z</time>
   </trkpt>
   <trkpt lat="12.9067960" lon="77.6284560">
    <ele>892.8</ele>
    <time>2026-04-19T12:20:30Z</time>
   </trkpt>
   <trkpt lat="12.9068100" lon="77.6284650">
    <ele>892.8</ele>
    <time>2026-04-19T12:20:31Z</time>
   </trkpt>
   <trkpt lat="12.9068190" lon="77.6284810">
    <ele>892.8</ele>
    <time>2026-04-19T12:20:32Z</time>
   </trkpt>
   <trkpt lat="12.9068240" lon="77.6284900">
    <ele>892.8</ele>
    <time>2026-04-19T12:20:33Z</time>
   </trkpt>
   <trkpt lat="12.9068330" lon="77.6285020">
    <ele>892.3</ele>
    <time>2026-04-19T12:20:34Z</time>
   </trkpt>
   <trkpt lat="12.9068250" lon="77.6285020">
    <ele>892.3</ele>
    <time>2026-04-19T12:20:35Z</time>
   </trkpt>
   <trkpt lat="12.9068190" lon="77.6285090">
    <ele>892.3</ele>
    <time>2026-04-19T12:20:36Z</time>
   </trkpt>
   <trkpt lat="12.9068280" lon="77.6285340">
    <ele>892.3</ele>
    <time>2026-04-19T12:20:37Z</time>
   </trkpt>
   <trkpt lat="12.9068340" lon="77.6285470">
    <ele>891.8</ele>
    <time>2026-04-19T12:20:38Z</time>
   </trkpt>
   <trkpt lat="12.9068390" lon="77.6285630">
    <ele>891.8</ele>
    <time>2026-04-19T12:20:39Z</time>
   </trkpt>
   <trkpt lat="12.9068510" lon="77.6285750">
    <ele>891.8</ele>
    <time>2026-04-19T12:20:40Z</time>
   </trkpt>
   <trkpt lat="12.9068530" lon="77.6285860">
    <ele>891.3</ele>
    <time>2026-04-19T12:20:42Z</time>
   </trkpt>
   <trkpt lat="12.9068530" lon="77.6285990">
    <ele>891.3</ele>
    <time>2026-04-19T12:20:43Z</time>
   </trkpt>
   <trkpt lat="12.9068580" lon="77.6286050">
    <ele>891.3</ele>
    <time>2026-04-19T12:20:44Z</time>
   </trkpt>
   <trkpt lat="12.9068630" lon="77.6286200">
    <ele>891.3</ele>
    <time>2026-04-19T12:20:45Z</time>
   </trkpt>
   <trkpt lat="12.9068660" lon="77.6286280">
    <ele>890.9</ele>
    <time>2026-04-19T12:20:46Z</time>
   </trkpt>
   <trkpt lat="12.9068680" lon="77.6286370">
    <ele>890.9</ele>
    <time>2026-04-19T12:20:47Z</time>
   </trkpt>
   <trkpt lat="12.9068700" lon="77.6286450">
    <ele>890.9</ele>
    <time>2026-04-19T12:20:48Z</time>
   </trkpt>
   <trkpt lat="12.9068700" lon="77.6286650">
    <ele>890.7</ele>
    <time>2026-04-19T12:20:49Z</time>
   </trkpt>
   <trkpt lat="12.9068700" lon="77.6286740">
    <ele>890.7</ele>
    <time>2026-04-19T12:20:50Z</time>
   </trkpt>
   <trkpt lat="12.9068700" lon="77.6286830">
    <ele>890.7</ele>
    <time>2026-04-19T12:20:51Z</time>
   </trkpt>
   <trkpt lat="12.9068750" lon="77.6287020">
    <ele>890.7</ele>
    <time>2026-04-19T12:20:52Z</time>
   </trkpt>
   <trkpt lat="12.9068780" lon="77.6287160">
    <ele>890.6</ele>
    <time>2026-04-19T12:20:53Z</time>
   </trkpt>
   <trkpt lat="12.9068800" lon="77.6287310">
    <ele>890.6</ele>
    <time>2026-04-19T12:20:54Z</time>
   </trkpt>
   <trkpt lat="12.9068780" lon="77.6287430">
    <ele>890.6</ele>
    <time>2026-04-19T12:20:55Z</time>
   </trkpt>
   <trkpt lat="12.9068770" lon="77.6287630">
    <ele>890.4</ele>
    <time>2026-04-19T12:20:56Z</time>
   </trkpt>
   <trkpt lat="12.9068890" lon="77.6287900">
    <ele>890.4</ele>
    <time>2026-04-19T12:20:57Z</time>
   </trkpt>
   <trkpt lat="12.9069000" lon="77.6288120">
    <ele>890.3</ele>
    <time>2026-04-19T12:20:58Z</time>
   </trkpt>
   <trkpt lat="12.9069020" lon="77.6288190">
    <ele>890.1</ele>
    <time>2026-04-19T12:20:59Z</time>
   </trkpt>
   <trkpt lat="12.9069030" lon="77.6288260">
    <ele>890.1</ele>
    <time>2026-04-19T12:21:00Z</time>
   </trkpt>
   <trkpt lat="12.9069020" lon="77.6288270">
    <ele>890.1</ele>
    <time>2026-04-19T12:21:01Z</time>
   </trkpt>
   <trkpt lat="12.9069060" lon="77.6288400">
    <ele>890.1</ele>
    <time>2026-04-19T12:21:02Z</time>
   </trkpt>
   <trkpt lat="12.9069090" lon="77.6288530">
    <ele>890.1</ele>
    <time>2026-04-19T12:21:03Z</time>
   </trkpt>
   <trkpt lat="12.9069170" lon="77.6288660">
    <ele>890.1</ele>
    <time>2026-04-19T12:21:04Z</time>
   </trkpt>
   <trkpt lat="12.9069190" lon="77.6288740">
    <ele>890.1</ele>
    <time>2026-04-19T12:21:05Z</time>
   </trkpt>
   <trkpt lat="12.9069300" lon="77.6288820">
    <ele>890.1</ele>
    <time>2026-04-19T12:21:06Z</time>
   </trkpt>
   <trkpt lat="12.9069360" lon="77.6288940">
    <ele>890.1</ele>
    <time>2026-04-19T12:21:07Z</time>
   </trkpt>
   <trkpt lat="12.9069380" lon="77.6289090">
    <ele>890.1</ele>
    <time>2026-04-19T12:21:08Z</time>
   </trkpt>
   <trkpt lat="12.9069520" lon="77.6289410">
    <ele>889.9</ele>
    <time>2026-04-19T12:21:09Z</time>
   </trkpt>
   <trkpt lat="12.9069570" lon="77.6289510">
    <ele>889.9</ele>
    <time>2026-04-19T12:21:10Z</time>
   </trkpt>
   <trkpt lat="12.9069630" lon="77.6289710">
    <ele>889.9</ele>
    <time>2026-04-19T12:21:11Z</time>
   </trkpt>
   <trkpt lat="12.9069680" lon="77.6289800">
    <ele>889.9</ele>
    <time>2026-04-19T12:21:12Z</time>
   </trkpt>
   <trkpt lat="12.9069720" lon="77.6289890">
    <ele>889.9</ele>
    <time>2026-04-19T12:21:13Z</time>
   </trkpt>
   <trkpt lat="12.9069740" lon="77.6289980">
    <ele>889.9</ele>
    <time>2026-04-19T12:21:14Z</time>
   </trkpt>
   <trkpt lat="12.9069690" lon="77.6289990">
    <ele>889.9</ele>
    <time>2026-04-19T12:21:15Z</time>
   </trkpt>
   <trkpt lat="12.9069670" lon="77.6290010">
    <ele>889.9</ele>
    <time>2026-04-19T12:21:16Z</time>
   </trkpt>
   <trkpt lat="12.9069610" lon="77.6290020">
    <ele>889.9</ele>
    <time>2026-04-19T12:21:17Z</time>
   </trkpt>
   <trkpt lat="12.9069690" lon="77.6290150">
    <ele>890.1</ele>
    <time>2026-04-19T12:21:18Z</time>
   </trkpt>
   <trkpt lat="12.9069660" lon="77.6290130">
    <ele>890.1</ele>
    <time>2026-04-19T12:21:19Z</time>
   </trkpt>
   <trkpt lat="12.9069650" lon="77.6290120">
    <ele>890.1</ele>
    <time>2026-04-19T12:21:20Z</time>
   </trkpt>
   <trkpt lat="12.9069650" lon="77.6290120">
    <ele>890.1</ele>
    <time>2026-04-19T12:21:21Z</time>
   </trkpt>
   <trkpt lat="12.9069580" lon="77.6290140">
    <ele>890.1</ele>
    <time>2026-04-19T12:21:22Z</time>
   </trkpt>
   <trkpt lat="12.9069590" lon="77.6290140">
    <ele>890.1</ele>
    <time>2026-04-19T12:21:23Z</time>
   </trkpt>
   <trkpt lat="12.9069590" lon="77.6290140">
    <ele>890.1</ele>
    <time>2026-04-19T12:21:24Z</time>
   </trkpt>
   <trkpt lat="12.9069650" lon="77.6290040">
    <ele>889.9</ele>
    <time>2026-04-19T12:21:25Z</time>
   </trkpt>
   <trkpt lat="12.9069670" lon="77.6290080">
    <ele>889.9</ele>
    <time>2026-04-19T12:21:26Z</time>
   </trkpt>
   <trkpt lat="12.9069680" lon="77.6290140">
    <ele>890.1</ele>
    <time>2026-04-19T12:21:27Z</time>
   </trkpt>
   <trkpt lat="12.9069720" lon="77.6290240">
    <ele>890.1</ele>
    <time>2026-04-19T12:21:28Z</time>
   </trkpt>
   <trkpt lat="12.9069740" lon="77.6290260">
    <ele>890.1</ele>
    <time>2026-04-19T12:21:29Z</time>
   </trkpt>
   <trkpt lat="12.9069720" lon="77.6290230">
    <ele>890.1</ele>
    <time>2026-04-19T12:21:30Z</time>
   </trkpt>
   <trkpt lat="12.9069720" lon="77.6290230">
    <ele>890.1</ele>
    <time>2026-04-19T12:21:31Z</time>
   </trkpt>
   <trkpt lat="12.9069720" lon="77.6290230">
    <ele>890.1</ele>
    <time>2026-04-19T12:21:32Z</time>
   </trkpt>
   <trkpt lat="12.9069690" lon="77.6290310">
    <ele>890.1</ele>
    <time>2026-04-19T12:21:33Z</time>
   </trkpt>
   <trkpt lat="12.9069690" lon="77.6290330">
    <ele>890.1</ele>
    <time>2026-04-19T12:21:34Z</time>
   </trkpt>
   <trkpt lat="12.9069700" lon="77.6290330">
    <ele>890.1</ele>
    <time>2026-04-19T12:21:35Z</time>
   </trkpt>
   <trkpt lat="12.9069690" lon="77.6290280">
    <ele>890.1</ele>
    <time>2026-04-19T12:21:36Z</time>
   </trkpt>
   <trkpt lat="12.9069800" lon="77.6290370">
    <ele>890.1</ele>
    <time>2026-04-19T12:21:37Z</time>
   </trkpt>
   <trkpt lat="12.9069920" lon="77.6290530">
    <ele>890.3</ele>
    <time>2026-04-19T12:21:38Z</time>
   </trkpt>
   <trkpt lat="12.9069960" lon="77.6290580">
    <ele>890.3</ele>
    <time>2026-04-19T12:21:39Z</time>
   </trkpt>
   <trkpt lat="12.9069990" lon="77.6290630">
    <ele>890.3</ele>
    <time>2026-04-19T12:21:40Z</time>
   </trkpt>
   <trkpt lat="12.9070020" lon="77.6290680">
    <ele>890.3</ele>
    <time>2026-04-19T12:21:41Z</time>
   </trkpt>
   <trkpt lat="12.9070210" lon="77.6290920">
    <ele>890.3</ele>
    <time>2026-04-19T12:21:42Z</time>
   </trkpt>
   <trkpt lat="12.9070220" lon="77.6291010">
    <ele>890.6</ele>
    <time>2026-04-19T12:21:43Z</time>
   </trkpt>
   <trkpt lat="12.9070270" lon="77.6291200">
    <ele>890.6</ele>
    <time>2026-04-19T12:21:44Z</time>
   </trkpt>
   <trkpt lat="12.9070330" lon="77.6291410">
    <ele>890.8</ele>
    <time>2026-04-19T12:21:45Z</time>
   </trkpt>
   <trkpt lat="12.9070320" lon="77.6291450">
    <ele>890.8</ele>
    <time>2026-04-19T12:21:46Z</time>
   </trkpt>
   <trkpt lat="12.9070250" lon="77.6291550">
    <ele>890.8</ele>
    <time>2026-04-19T12:21:47Z</time>
   </trkpt>
   <trkpt lat="12.9070180" lon="77.6291640">
    <ele>890.8</ele>
    <time>2026-04-19T12:21:48Z</time>
   </trkpt>
   <trkpt lat="12.9070120" lon="77.6291710">
    <ele>890.8</ele>
    <time>2026-04-19T12:21:49Z</time>
   </trkpt>
   <trkpt lat="12.9070070" lon="77.6291770">
    <ele>890.8</ele>
    <time>2026-04-19T12:21:50Z</time>
   </trkpt>
   <trkpt lat="12.9070010" lon="77.6291840">
    <ele>890.8</ele>
    <time>2026-04-19T12:21:51Z</time>
   </trkpt>
   <trkpt lat="12.9069980" lon="77.6291810">
    <ele>890.8</ele>
    <time>2026-04-19T12:21:52Z</time>
   </trkpt>
   <trkpt lat="12.9069950" lon="77.6291830">
    <ele>890.8</ele>
    <time>2026-04-19T12:21:53Z</time>
   </trkpt>
   <trkpt lat="12.9069950" lon="77.6291890">
    <ele>890.8</ele>
    <time>2026-04-19T12:21:54Z</time>
   </trkpt>
   <trkpt lat="12.9069900" lon="77.6291990">
    <ele>890.8</ele>
    <time>2026-04-19T12:21:55Z</time>
   </trkpt>
   <trkpt lat="12.9069920" lon="77.6292130">
    <ele>890.8</ele>
    <time>2026-04-19T12:21:56Z</time>
   </trkpt>
   <trkpt lat="12.9069980" lon="77.6292200">
    <ele>890.8</ele>
    <time>2026-04-19T12:21:57Z</time>
   </trkpt>
   <trkpt lat="12.9069960" lon="77.6292300">
    <ele>890.9</ele>
    <time>2026-04-19T12:21:58Z</time>
   </trkpt>
   <trkpt lat="12.9069960" lon="77.6292460">
    <ele>890.9</ele>
    <time>2026-04-19T12:21:59Z</time>
   </trkpt>
   <trkpt lat="12.9069860" lon="77.6292410">
    <ele>890.9</ele>
    <time>2026-04-19T12:22:00Z</time>
   </trkpt>
   <trkpt lat="12.9069780" lon="77.6292380">
    <ele>890.9</ele>
    <time>2026-04-19T12:22:01Z</time>
   </trkpt>
   <trkpt lat="12.9069670" lon="77.6292470">
    <ele>890.9</ele>
    <time>2026-04-19T12:22:02Z</time>
   </trkpt>
   <trkpt lat="12.9069520" lon="77.6292650">
    <ele>890.9</ele>
    <time>2026-04-19T12:22:03Z</time>
   </trkpt>
   <trkpt lat="12.9069440" lon="77.6292690">
    <ele>890.9</ele>
    <time>2026-04-19T12:22:04Z</time>
   </trkpt>
   <trkpt lat="12.9069370" lon="77.6292730">
    <ele>890.9</ele>
    <time>2026-04-19T12:22:05Z</time>
   </trkpt>
   <trkpt lat="12.9069280" lon="77.6292700">
    <ele>890.9</ele>
    <time>2026-04-19T12:22:06Z</time>
   </trkpt>
   <trkpt lat="12.9069200" lon="77.6292730">
    <ele>890.9</ele>
    <time>2026-04-19T12:22:07Z</time>
   </trkpt>
   <trkpt lat="12.9069100" lon="77.6292790">
    <ele>890.9</ele>
    <time>2026-04-19T12:22:08Z</time>
   </trkpt>
   <trkpt lat="12.9069100" lon="77.6292840">
    <ele>890.9</ele>
    <time>2026-04-19T12:22:09Z</time>
   </trkpt>
   <trkpt lat="12.9068970" lon="77.6292960">
    <ele>891.0</ele>
    <time>2026-04-19T12:22:10Z</time>
   </trkpt>
   <trkpt lat="12.9068880" lon="77.6293020">
    <ele>891.0</ele>
    <time>2026-04-19T12:22:11Z</time>
   </trkpt>
   <trkpt lat="12.9068800" lon="77.6293090">
    <ele>891.0</ele>
    <time>2026-04-19T12:22:12Z</time>
   </trkpt>
   <trkpt lat="12.9068590" lon="77.6293190">
    <ele>891.0</ele>
    <time>2026-04-19T12:22:13Z</time>
   </trkpt>
   <trkpt lat="12.9068530" lon="77.6293250">
    <ele>891.0</ele>
    <time>2026-04-19T12:22:14Z</time>
   </trkpt>
   <trkpt lat="12.9068460" lon="77.6293300">
    <ele>891.0</ele>
    <time>2026-04-19T12:22:15Z</time>
   </trkpt>
   <trkpt lat="12.9068350" lon="77.6293340">
    <ele>891.0</ele>
    <time>2026-04-19T12:22:16Z</time>
   </trkpt>
   <trkpt lat="12.9068160" lon="77.6293410">
    <ele>891.0</ele>
    <time>2026-04-19T12:22:17Z</time>
   </trkpt>
   <trkpt lat="12.9067960" lon="77.6293470">
    <ele>891.1</ele>
    <time>2026-04-19T12:22:18Z</time>
   </trkpt>
   <trkpt lat="12.9067880" lon="77.6293530">
    <ele>891.1</ele>
    <time>2026-04-19T12:22:19Z</time>
   </trkpt>
   <trkpt lat="12.9067790" lon="77.6293580">
    <ele>891.1</ele>
    <time>2026-04-19T12:22:20Z</time>
   </trkpt>
   <trkpt lat="12.9067590" lon="77.6293610">
    <ele>891.1</ele>
    <time>2026-04-19T12:22:21Z</time>
   </trkpt>
   <trkpt lat="12.9067500" lon="77.6293620">
    <ele>891.1</ele>
    <time>2026-04-19T12:22:22Z</time>
   </trkpt>
   <trkpt lat="12.9067400" lon="77.6293620">
    <ele>891.1</ele>
    <time>2026-04-19T12:22:23Z</time>
   </trkpt>
   <trkpt lat="12.9067260" lon="77.6293690">
    <ele>891.1</ele>
    <time>2026-04-19T12:22:24Z</time>
   </trkpt>
   <trkpt lat="12.9067190" lon="77.6293830">
    <ele>891.2</ele>
    <time>2026-04-19T12:22:25Z</time>
   </trkpt>
   <trkpt lat="12.9067020" lon="77.6293960">
    <ele>891.2</ele>
    <time>2026-04-19T12:22:26Z</time>
   </trkpt>
   <trkpt lat="12.9066950" lon="77.6294020">
    <ele>891.2</ele>
    <time>2026-04-19T12:22:27Z</time>
   </trkpt>
   <trkpt lat="12.9066870" lon="77.6294070">
    <ele>891.2</ele>
    <time>2026-04-19T12:22:28Z</time>
   </trkpt>
   <trkpt lat="12.9066700" lon="77.6294130">
    <ele>891.2</ele>
    <time>2026-04-19T12:22:29Z</time>
   </trkpt>
   <trkpt lat="12.9066520" lon="77.6294130">
    <ele>891.2</ele>
    <time>2026-04-19T12:22:30Z</time>
   </trkpt>
   <trkpt lat="12.9066410" lon="77.6294310">
    <ele>891.2</ele>
    <time>2026-04-19T12:22:31Z</time>
   </trkpt>
   <trkpt lat="12.9066300" lon="77.6294360">
    <ele>891.2</ele>
    <time>2026-04-19T12:22:32Z</time>
   </trkpt>
   <trkpt lat="12.9066180" lon="77.6294450">
    <ele>891.2</ele>
    <time>2026-04-19T12:22:33Z</time>
   </trkpt>
   <trkpt lat="12.9066110" lon="77.6294410">
    <ele>891.2</ele>
    <time>2026-04-19T12:22:34Z</time>
   </trkpt>
   <trkpt lat="12.9065970" lon="77.6294480">
    <ele>891.2</ele>
    <time>2026-04-19T12:22:35Z</time>
   </trkpt>
   <trkpt lat="12.9065880" lon="77.6294460">
    <ele>891.2</ele>
    <time>2026-04-19T12:22:36Z</time>
   </trkpt>
   <trkpt lat="12.9065760" lon="77.6294510">
    <ele>891.3</ele>
    <time>2026-04-19T12:22:37Z</time>
   </trkpt>
   <trkpt lat="12.9065620" lon="77.6294560">
    <ele>891.3</ele>
    <time>2026-04-19T12:22:38Z</time>
   </trkpt>
   <trkpt lat="12.9065570" lon="77.6294680">
    <ele>891.3</ele>
    <time>2026-04-19T12:22:39Z</time>
   </trkpt>
   <trkpt lat="12.9065540" lon="77.6294760">
    <ele>891.3</ele>
    <time>2026-04-19T12:22:40Z</time>
   </trkpt>
   <trkpt lat="12.9065480" lon="77.6294800">
    <ele>891.3</ele>
    <time>2026-04-19T12:22:41Z</time>
   </trkpt>
   <trkpt lat="12.9065410" lon="77.6294900">
    <ele>891.3</ele>
    <time>2026-04-19T12:22:42Z</time>
   </trkpt>
   <trkpt lat="12.9065360" lon="77.6294990">
    <ele>891.3</ele>
    <time>2026-04-19T12:22:43Z</time>
   </trkpt>
   <trkpt lat="12.9065270" lon="77.6295070">
    <ele>891.3</ele>
    <time>2026-04-19T12:22:44Z</time>
   </trkpt>
   <trkpt lat="12.9065140" lon="77.6295120">
    <ele>891.3</ele>
    <time>2026-04-19T12:22:45Z</time>
   </trkpt>
   <trkpt lat="12.9065030" lon="77.6295200">
    <ele>891.3</ele>
    <time>2026-04-19T12:22:46Z</time>
   </trkpt>
   <trkpt lat="12.9064970" lon="77.6295280">
    <ele>891.3</ele>
    <time>2026-04-19T12:22:48Z</time>
   </trkpt>
   <trkpt lat="12.9064860" lon="77.6295370">
    <ele>891.3</ele>
    <time>2026-04-19T12:22:49Z</time>
   </trkpt>
   <trkpt lat="12.9064810" lon="77.6295350">
    <ele>891.3</ele>
    <time>2026-04-19T12:22:50Z</time>
   </trkpt>
   <trkpt lat="12.9064780" lon="77.6295370">
    <ele>891.3</ele>
    <time>2026-04-19T12:22:51Z</time>
   </trkpt>
   <trkpt lat="12.9064730" lon="77.6295410">
    <ele>891.3</ele>
    <time>2026-04-19T12:22:52Z</time>
   </trkpt>
   <trkpt lat="12.9064660" lon="77.6295490">
    <ele>891.3</ele>
    <time>2026-04-19T12:22:53Z</time>
   </trkpt>
   <trkpt lat="12.9064580" lon="77.6295520">
    <ele>891.3</ele>
    <time>2026-04-19T12:22:54Z</time>
   </trkpt>
   <trkpt lat="12.9064510" lon="77.6295580">
    <ele>891.3</ele>
    <time>2026-04-19T12:22:55Z</time>
   </trkpt>
   <trkpt lat="12.9064430" lon="77.6295690">
    <ele>891.3</ele>
    <time>2026-04-19T12:22:56Z</time>
   </trkpt>
   <trkpt lat="12.9064310" lon="77.6295840">
    <ele>891.3</ele>
    <time>2026-04-19T12:22:57Z</time>
   </trkpt>
   <trkpt lat="12.9064280" lon="77.6295970">
    <ele>891.3</ele>
    <time>2026-04-19T12:22:58Z</time>
   </trkpt>
   <trkpt lat="12.9064240" lon="77.6296160">
    <ele>891.2</ele>
    <time>2026-04-19T12:22:59Z</time>
   </trkpt>
   <trkpt lat="12.9064230" lon="77.6296290">
    <ele>891.2</ele>
    <time>2026-04-19T12:23:00Z</time>
   </trkpt>
   <trkpt lat="12.9064170" lon="77.6296450">
    <ele>891.2</ele>
    <time>2026-04-19T12:23:01Z</time>
   </trkpt>
   <trkpt lat="12.9064120" lon="77.6296620">
    <ele>891.2</ele>
    <time>2026-04-19T12:23:02Z</time>
   </trkpt>
   <trkpt lat="12.9064050" lon="77.6296780">
    <ele>891.1</ele>
    <time>2026-04-19T12:23:03Z</time>
   </trkpt>
   <trkpt lat="12.9064070" lon="77.6296870">
    <ele>891.1</ele>
    <time>2026-04-19T12:23:04Z</time>
   </trkpt>
   <trkpt lat="12.9064060" lon="77.6296990">
    <ele>891.0</ele>
    <time>2026-04-19T12:23:05Z</time>
   </trkpt>
   <trkpt lat="12.9064020" lon="77.6297120">
    <ele>891.0</ele>
    <time>2026-04-19T12:23:06Z</time>
   </trkpt>
   <trkpt lat="12.9063980" lon="77.6297360">
    <ele>890.9</ele>
    <time>2026-04-19T12:23:07Z</time>
   </trkpt>
   <trkpt lat="12.9063990" lon="77.6297410">
    <ele>890.9</ele>
    <time>2026-04-19T12:23:08Z</time>
   </trkpt>
   <trkpt lat="12.9063990" lon="77.6297560">
    <ele>890.8</ele>
    <time>2026-04-19T12:23:09Z</time>
   </trkpt>
   <trkpt lat="12.9064060" lon="77.6297750">
    <ele>890.7</ele>
    <time>2026-04-19T12:23:10Z</time>
   </trkpt>
   <trkpt lat="12.9064120" lon="77.6297910">
    <ele>890.7</ele>
    <time>2026-04-19T12:23:11Z</time>
   </trkpt>
   <trkpt lat="12.9064170" lon="77.6298070">
    <ele>890.6</ele>
    <time>2026-04-19T12:23:12Z</time>
   </trkpt>
   <trkpt lat="12.9064280" lon="77.6298250">
    <ele>890.5</ele>
    <time>2026-04-19T12:23:13Z</time>
   </trkpt>
   <trkpt lat="12.9064310" lon="77.6298340">
    <ele>890.5</ele>
    <time>2026-04-19T12:23:14Z</time>
   </trkpt>
   <trkpt lat="12.9064350" lon="77.6298440">
    <ele>890.4</ele>
    <time>2026-04-19T12:23:15Z</time>
   </trkpt>
   <trkpt lat="12.9064370" lon="77.6298560">
    <ele>890.4</ele>
    <time>2026-04-19T12:23:16Z</time>
   </trkpt>
   <trkpt lat="12.9064380" lon="77.6298680">
    <ele>890.4</ele>
    <time>2026-04-19T12:23:17Z</time>
   </trkpt>
   <trkpt lat="12.9064420" lon="77.6298790">
    <ele>890.3</ele>
    <time>2026-04-19T12:23:18Z</time>
   </trkpt>
   <trkpt lat="12.9064400" lon="77.6299050">
    <ele>890.2</ele>
    <time>2026-04-19T12:23:19Z</time>
   </trkpt>
   <trkpt lat="12.9064410" lon="77.6299010">
    <ele>890.2</ele>
    <time>2026-04-19T12:23:20Z</time>
   </trkpt>
   <trkpt lat="12.9064440" lon="77.6299110">
    <ele>890.2</ele>
    <time>2026-04-19T12:23:21Z</time>
   </trkpt>
   <trkpt lat="12.9064460" lon="77.6299370">
    <ele>890.1</ele>
    <time>2026-04-19T12:23:22Z</time>
   </trkpt>
   <trkpt lat="12.9064470" lon="77.6299460">
    <ele>890.0</ele>
    <time>2026-04-19T12:23:23Z</time>
   </trkpt>
   <trkpt lat="12.9064480" lon="77.6299550">
    <ele>890.0</ele>
    <time>2026-04-19T12:23:24Z</time>
   </trkpt>
   <trkpt lat="12.9064640" lon="77.6299860">
    <ele>889.9</ele>
    <time>2026-04-19T12:23:25Z</time>
   </trkpt>
   <trkpt lat="12.9064720" lon="77.6299920">
    <ele>889.9</ele>
    <time>2026-04-19T12:23:26Z</time>
   </trkpt>
   <trkpt lat="12.9064760" lon="77.6300020">
    <ele>889.8</ele>
    <time>2026-04-19T12:23:27Z</time>
   </trkpt>
   <trkpt lat="12.9064750" lon="77.6300080">
    <ele>889.8</ele>
    <time>2026-04-19T12:23:28Z</time>
   </trkpt>
   <trkpt lat="12.9064730" lon="77.6300140">
    <ele>889.8</ele>
    <time>2026-04-19T12:23:29Z</time>
   </trkpt>
   <trkpt lat="12.9064720" lon="77.6300210">
    <ele>889.7</ele>
    <time>2026-04-19T12:23:30Z</time>
   </trkpt>
   <trkpt lat="12.9064700" lon="77.6300270">
    <ele>889.7</ele>
    <time>2026-04-19T12:23:31Z</time>
   </trkpt>
   <trkpt lat="12.9064690" lon="77.6300330">
    <ele>889.7</ele>
    <time>2026-04-19T12:23:32Z</time>
   </trkpt>
   <trkpt lat="12.9064670" lon="77.6300390">
    <ele>889.7</ele>
    <time>2026-04-19T12:23:33Z</time>
   </trkpt>
   <trkpt lat="12.9064670" lon="77.6300610">
    <ele>889.6</ele>
    <time>2026-04-19T12:23:34Z</time>
   </trkpt>
   <trkpt lat="12.9064690" lon="77.6300700">
    <ele>889.6</ele>
    <time>2026-04-19T12:23:35Z</time>
   </trkpt>
   <trkpt lat="12.9064700" lon="77.6300830">
    <ele>889.5</ele>
    <time>2026-04-19T12:23:36Z</time>
   </trkpt>
   <trkpt lat="12.9064700" lon="77.6301000">
    <ele>889.5</ele>
    <time>2026-04-19T12:23:37Z</time>
   </trkpt>
   <trkpt lat="12.9064750" lon="77.6301130">
    <ele>889.4</ele>
    <time>2026-04-19T12:23:38Z</time>
   </trkpt>
   <trkpt lat="12.9064660" lon="77.6301480">
    <ele>889.3</ele>
    <time>2026-04-19T12:23:39Z</time>
   </trkpt>
   <trkpt lat="12.9064730" lon="77.6301520">
    <ele>889.3</ele>
    <time>2026-04-19T12:23:40Z</time>
   </trkpt>
   <trkpt lat="12.9064810" lon="77.6301610">
    <ele>889.3</ele>
    <time>2026-04-19T12:23:41Z</time>
   </trkpt>
   <trkpt lat="12.9064840" lon="77.6301730">
    <ele>889.2</ele>
    <time>2026-04-19T12:23:42Z</time>
   </trkpt>
   <trkpt lat="12.9064890" lon="77.6301800">
    <ele>889.2</ele>
    <time>2026-04-19T12:23:43Z</time>
   </trkpt>
   <trkpt lat="12.9064950" lon="77.6301880">
    <ele>889.2</ele>
    <time>2026-04-19T12:23:44Z</time>
   </trkpt>
   <trkpt lat="12.9065000" lon="77.6301950">
    <ele>889.1</ele>
    <time>2026-04-19T12:23:45Z</time>
   </trkpt>
   <trkpt lat="12.9065170" lon="77.6302270">
    <ele>889.0</ele>
    <time>2026-04-19T12:23:46Z</time>
   </trkpt>
   <trkpt lat="12.9065220" lon="77.6302350">
    <ele>889.0</ele>
    <time>2026-04-19T12:23:47Z</time>
   </trkpt>
   <trkpt lat="12.9065270" lon="77.6302530">
    <ele>889.0</ele>
    <time>2026-04-19T12:23:48Z</time>
   </trkpt>
   <trkpt lat="12.9065260" lon="77.6302630">
    <ele>888.9</ele>
    <time>2026-04-19T12:23:49Z</time>
   </trkpt>
   <trkpt lat="12.9065260" lon="77.6302730">
    <ele>888.9</ele>
    <time>2026-04-19T12:23:50Z</time>
   </trkpt>
   <trkpt lat="12.9065200" lon="77.6302860">
    <ele>888.9</ele>
    <time>2026-04-19T12:23:51Z</time>
   </trkpt>
   <trkpt lat="12.9065180" lon="77.6302980">
    <ele>888.8</ele>
    <time>2026-04-19T12:23:52Z</time>
   </trkpt>
   <trkpt lat="12.9065190" lon="77.6303090">
    <ele>888.8</ele>
    <time>2026-04-19T12:23:53Z</time>
   </trkpt>
   <trkpt lat="12.9065210" lon="77.6303200">
    <ele>888.8</ele>
    <time>2026-04-19T12:23:54Z</time>
   </trkpt>
   <trkpt lat="12.9065220" lon="77.6303330">
    <ele>888.8</ele>
    <time>2026-04-19T12:23:55Z</time>
   </trkpt>
   <trkpt lat="12.9065290" lon="77.6303450">
    <ele>888.7</ele>
    <time>2026-04-19T12:23:56Z</time>
   </trkpt>
   <trkpt lat="12.9065400" lon="77.6303640">
    <ele>888.7</ele>
    <time>2026-04-19T12:23:57Z</time>
   </trkpt>
   <trkpt lat="12.9065420" lon="77.6303740">
    <ele>888.6</ele>
    <time>2026-04-19T12:23:58Z</time>
   </trkpt>
   <trkpt lat="12.9065440" lon="77.6303830">
    <ele>888.6</ele>
    <time>2026-04-19T12:23:59Z</time>
   </trkpt>
   <trkpt lat="12.9065450" lon="77.6303980">
    <ele>888.6</ele>
    <time>2026-04-19T12:24:00Z</time>
   </trkpt>
   <trkpt lat="12.9065410" lon="77.6304190">
    <ele>888.5</ele>
    <time>2026-04-19T12:24:01Z</time>
   </trkpt>
   <trkpt lat="12.9065480" lon="77.6304390">
    <ele>888.5</ele>
    <time>2026-04-19T12:24:02Z</time>
   </trkpt>
   <trkpt lat="12.9065500" lon="77.6304520">
    <ele>888.4</ele>
    <time>2026-04-19T12:24:03Z</time>
   </trkpt>
   <trkpt lat="12.9065520" lon="77.6304650">
    <ele>888.4</ele>
    <time>2026-04-19T12:24:04Z</time>
   </trkpt>
   <trkpt lat="12.9065520" lon="77.6304740">
    <ele>888.4</ele>
    <time>2026-04-19T12:24:05Z</time>
   </trkpt>
   <trkpt lat="12.9065770" lon="77.6304580">
    <ele>888.3</ele>
    <time>2026-04-19T12:24:06Z</time>
   </trkpt>
   <trkpt lat="12.9065810" lon="77.6304680">
    <ele>888.3</ele>
    <time>2026-04-19T12:24:07Z</time>
   </trkpt>
   <trkpt lat="12.9065850" lon="77.6304820">
    <ele>888.3</ele>
    <time>2026-04-19T12:24:08Z</time>
   </trkpt>
   <trkpt lat="12.9065850" lon="77.6304960">
    <ele>888.2</ele>
    <time>2026-04-19T12:24:09Z</time>
   </trkpt>
   <trkpt lat="12.9065850" lon="77.6305090">
    <ele>888.2</ele>
    <time>2026-04-19T12:24:10Z</time>
   </trkpt>
   <trkpt lat="12.9065830" lon="77.6305330">
    <ele>888.2</ele>
    <time>2026-04-19T12:24:11Z</time>
   </trkpt>
   <trkpt lat="12.9065810" lon="77.6305420">
    <ele>888.2</ele>
    <time>2026-04-19T12:24:12Z</time>
   </trkpt>
   <trkpt lat="12.9065780" lon="77.6305500">
    <ele>888.1</ele>
    <time>2026-04-19T12:24:13Z</time>
   </trkpt>
   <trkpt lat="12.9065690" lon="77.6305670">
    <ele>888.1</ele>
    <time>2026-04-19T12:24:14Z</time>
   </trkpt>
   <trkpt lat="12.9065600" lon="77.6305790">
    <ele>888.1</ele>
    <time>2026-04-19T12:24:15Z</time>
   </trkpt>
   <trkpt lat="12.9065640" lon="77.6305900">
    <ele>888.1</ele>
    <time>2026-04-19T12:24:16Z</time>
   </trkpt>
   <trkpt lat="12.9065520" lon="77.6306100">
    <ele>888.0</ele>
    <time>2026-04-19T12:24:17Z</time>
   </trkpt>
   <trkpt lat="12.9065680" lon="77.6306230">
    <ele>888.0</ele>
    <time>2026-04-19T12:24:18Z</time>
   </trkpt>
   <trkpt lat="12.9065710" lon="77.6306320">
    <ele>888.0</ele>
    <time>2026-04-19T12:24:19Z</time>
   </trkpt>
   <trkpt lat="12.9065750" lon="77.6306410">
    <ele>887.9</ele>
    <time>2026-04-19T12:24:20Z</time>
   </trkpt>
   <trkpt lat="12.9065720" lon="77.6306570">
    <ele>887.9</ele>
    <time>2026-04-19T12:24:21Z</time>
   </trkpt>
   <trkpt lat="12.9065760" lon="77.6306720">
    <ele>887.9</ele>
    <time>2026-04-19T12:24:22Z</time>
   </trkpt>
   <trkpt lat="12.9065770" lon="77.6306860">
    <ele>887.9</ele>
    <time>2026-04-19T12:24:23Z</time>
   </trkpt>
   <trkpt lat="12.9065810" lon="77.6307060">
    <ele>887.8</ele>
    <time>2026-04-19T12:24:24Z</time>
   </trkpt>
   <trkpt lat="12.9065760" lon="77.6307180">
    <ele>887.8</ele>
    <time>2026-04-19T12:24:25Z</time>
   </trkpt>
   <trkpt lat="12.9065800" lon="77.6307360">
    <ele>887.8</ele>
    <time>2026-04-19T12:24:26Z</time>
   </trkpt>
   <trkpt lat="12.9065810" lon="77.6307430">
    <ele>887.8</ele>
    <time>2026-04-19T12:24:27Z</time>
   </trkpt>
   <trkpt lat="12.9065760" lon="77.6307560">
    <ele>887.7</ele>
    <time>2026-04-19T12:24:28Z</time>
   </trkpt>
   <trkpt lat="12.9065800" lon="77.6307670">
    <ele>887.7</ele>
    <time>2026-04-19T12:24:29Z</time>
   </trkpt>
   <trkpt lat="12.9065900" lon="77.6307750">
    <ele>887.7</ele>
    <time>2026-04-19T12:24:30Z</time>
   </trkpt>
   <trkpt lat="12.9065900" lon="77.6307820">
    <ele>887.7</ele>
    <time>2026-04-19T12:24:31Z</time>
   </trkpt>
   <trkpt lat="12.9065890" lon="77.6307890">
    <ele>887.7</ele>
    <time>2026-04-19T12:24:32Z</time>
   </trkpt>
   <trkpt lat="12.9065880" lon="77.6307950">
    <ele>887.6</ele>
    <time>2026-04-19T12:24:33Z</time>
   </trkpt>
   <trkpt lat="12.9065880" lon="77.6308020">
    <ele>887.6</ele>
    <time>2026-04-19T12:24:34Z</time>
   </trkpt>
   <trkpt lat="12.9065870" lon="77.6308090">
    <ele>887.6</ele>
    <time>2026-04-19T12:24:35Z</time>
   </trkpt>
   <trkpt lat="12.9065880" lon="77.6308330">
    <ele>887.6</ele>
    <time>2026-04-19T12:24:36Z</time>
   </trkpt>
   <trkpt lat="12.9065870" lon="77.6308430">
    <ele>887.5</ele>
    <time>2026-04-19T12:24:37Z</time>
   </trkpt>
   <trkpt lat="12.9065870" lon="77.6308520">
    <ele>887.5</ele>
    <time>2026-04-19T12:24:38Z</time>
   </trkpt>
   <trkpt lat="12.9065910" lon="77.6308610">
    <ele>887.5</ele>
    <time>2026-04-19T12:24:39Z</time>
   </trkpt>
   <trkpt lat="12.9065950" lon="77.6308710">
    <ele>887.5</ele>
    <time>2026-04-19T12:24:40Z</time>
   </trkpt>
   <trkpt lat="12.9065940" lon="77.6308800">
    <ele>887.5</ele>
    <time>2026-04-19T12:24:41Z</time>
   </trkpt>
   <trkpt lat="12.9065990" lon="77.6308930">
    <ele>887.4</ele>
    <time>2026-04-19T12:24:42Z</time>
   </trkpt>
   <trkpt lat="12.9066030" lon="77.6309030">
    <ele>887.4</ele>
    <time>2026-04-19T12:24:43Z</time>
   </trkpt>
   <trkpt lat="12.9066070" lon="77.6309120">
    <ele>887.4</ele>
    <time>2026-04-19T12:24:44Z</time>
   </trkpt>
   <trkpt lat="12.9066110" lon="77.6309220">
    <ele>887.4</ele>
    <time>2026-04-19T12:24:45Z</time>
   </trkpt>
   <trkpt lat="12.9066160" lon="77.6309410">
    <ele>887.3</ele>
    <time>2026-04-19T12:24:46Z</time>
   </trkpt>
   <trkpt lat="12.9066260" lon="77.6309540">
    <ele>887.3</ele>
    <time>2026-04-19T12:24:47Z</time>
   </trkpt>
   <trkpt lat="12.9066230" lon="77.6309740">
    <ele>887.3</ele>
    <time>2026-04-19T12:24:48Z</time>
   </trkpt>
   <trkpt lat="12.9066210" lon="77.6309800">
    <ele>887.2</ele>
    <time>2026-04-19T12:24:49Z</time>
   </trkpt>
   <trkpt lat="12.9066200" lon="77.6309860">
    <ele>887.2</ele>
    <time>2026-04-19T12:24:50Z</time>
   </trkpt>
   <trkpt lat="12.9066180" lon="77.6309920">
    <ele>887.2</ele>
    <time>2026-04-19T12:24:51Z</time>
   </trkpt>
   <trkpt lat="12.9066080" lon="77.6310080">
    <ele>887.2</ele>
    <time>2026-04-19T12:24:52Z</time>
   </trkpt>
   <trkpt lat="12.9066000" lon="77.6310280">
    <ele>887.1</ele>
    <time>2026-04-19T12:24:54Z</time>
   </trkpt>
   <trkpt lat="12.9066030" lon="77.6310400">
    <ele>887.1</ele>
    <time>2026-04-19T12:24:55Z</time>
   </trkpt>
   <trkpt lat="12.9066020" lon="77.6310560">
    <ele>887.1</ele>
    <time>2026-04-19T12:24:56Z</time>
   </trkpt>
   <trkpt lat="12.9066070" lon="77.6310650">
    <ele>887.1</ele>
    <time>2026-04-19T12:24:57Z</time>
   </trkpt>
   <trkpt lat="12.9066090" lon="77.6310870">
    <ele>887.0</ele>
    <time>2026-04-19T12:24:58Z</time>
   </trkpt>
   <trkpt lat="12.9066170" lon="77.6311240">
    <ele>886.9</ele>
    <time>2026-04-19T12:24:59Z</time>
   </trkpt>
   <trkpt lat="12.9066260" lon="77.6311420">
    <ele>886.9</ele>
    <time>2026-04-19T12:25:00Z</time>
   </trkpt>
   <trkpt lat="12.9066360" lon="77.6311520">
    <ele>886.9</ele>
    <time>2026-04-19T12:25:01Z</time>
   </trkpt>
   <trkpt lat="12.9066450" lon="77.6311610">
    <ele>886.8</ele>
    <time>2026-04-19T12:25:02Z</time>
   </trkpt>
   <trkpt lat="12.9066500" lon="77.6311630">
    <ele>886.8</ele>
    <time>2026-04-19T12:25:03Z</time>
   </trkpt>
   <trkpt lat="12.9066510" lon="77.6311680">
    <ele>886.8</ele>
    <time>2026-04-19T12:25:04Z</time>
   </trkpt>
   <trkpt lat="12.9066510" lon="77.6311740">
    <ele>886.8</ele>
    <time>2026-04-19T12:25:05Z</time>
   </trkpt>
   <trkpt lat="12.9066510" lon="77.6311790">
    <ele>886.8</ele>
    <time>2026-04-19T12:25:06Z</time>
   </trkpt>
   <trkpt lat="12.9066510" lon="77.6311840">
    <ele>886.8</ele>
    <time>2026-04-19T12:25:07Z</time>
   </trkpt>
   <trkpt lat="12.9066520" lon="77.6311890">
    <ele>886.8</ele>
    <time>2026-04-19T12:25:08Z</time>
   </trkpt>
   <trkpt lat="12.9066520" lon="77.6311950">
    <ele>886.8</ele>
    <time>2026-04-19T12:25:09Z</time>
   </trkpt>
   <trkpt lat="12.9066520" lon="77.6312000">
    <ele>886.8</ele>
    <time>2026-04-19T12:25:10Z</time>
   </trkpt>
   <trkpt lat="12.9066530" lon="77.6312160">
    <ele>886.7</ele>
    <time>2026-04-19T12:25:11Z</time>
   </trkpt>
   <trkpt lat="12.9066520" lon="77.6312220">
    <ele>886.7</ele>
    <time>2026-04-19T12:25:12Z</time>
   </trkpt>
   <trkpt lat="12.9066510" lon="77.6312360">
    <ele>886.7</ele>
    <time>2026-04-19T12:25:13Z</time>
   </trkpt>
   <trkpt lat="12.9066470" lon="77.6312620">
    <ele>886.6</ele>
    <time>2026-04-19T12:25:14Z</time>
   </trkpt>
   <trkpt lat="12.9066490" lon="77.6312730">
    <ele>886.6</ele>
    <time>2026-04-19T12:25:15Z</time>
   </trkpt>
   <trkpt lat="12.9066480" lon="77.6313020">
    <ele>886.5</ele>
    <time>2026-04-19T12:25:16Z</time>
   </trkpt>
   <trkpt lat="12.9066490" lon="77.6313110">
    <ele>886.5</ele>
    <time>2026-04-19T12:25:17Z</time>
   </trkpt>
   <trkpt lat="12.9066500" lon="77.6313190">
    <ele>886.5</ele>
    <time>2026-04-19T12:25:18Z</time>
   </trkpt>
   <trkpt lat="12.9066540" lon="77.6313350">
    <ele>886.5</ele>
    <time>2026-04-19T12:25:19Z</time>
   </trkpt>
   <trkpt lat="12.9066570" lon="77.6313520">
    <ele>886.5</ele>
    <time>2026-04-19T12:25:20Z</time>
   </trkpt>
   <trkpt lat="12.9066700" lon="77.6313570">
    <ele>886.4</ele>
    <time>2026-04-19T12:25:21Z</time>
   </trkpt>
   <trkpt lat="12.9066690" lon="77.6313600">
    <ele>886.4</ele>
    <time>2026-04-19T12:25:22Z</time>
   </trkpt>
   <trkpt lat="12.9066780" lon="77.6313670">
    <ele>886.4</ele>
    <time>2026-04-19T12:25:23Z</time>
   </trkpt>
   <trkpt lat="12.9066810" lon="77.6313740">
    <ele>886.4</ele>
    <time>2026-04-19T12:25:24Z</time>
   </trkpt>
   <trkpt lat="12.9066870" lon="77.6313950">
    <ele>886.4</ele>
    <time>2026-04-19T12:25:25Z</time>
   </trkpt>
   <trkpt lat="12.9066920" lon="77.6314040">
    <ele>886.3</ele>
    <time>2026-04-19T12:25:26Z</time>
   </trkpt>
   <trkpt lat="12.9066970" lon="77.6314130">
    <ele>886.3</ele>
    <time>2026-04-19T12:25:27Z</time>
   </trkpt>
   <trkpt lat="12.9066930" lon="77.6314420">
    <ele>886.3</ele>
    <time>2026-04-19T12:25:28Z</time>
   </trkpt>
   <trkpt lat="12.9066940" lon="77.6314510">
    <ele>886.3</ele>
    <time>2026-04-19T12:25:29Z</time>
   </trkpt>
   <trkpt lat="12.9067050" lon="77.6314990">
    <ele>886.2</ele>
    <time>2026-04-19T12:25:30Z</time>
   </trkpt>
   <trkpt lat="12.9067050" lon="77.6315140">
    <ele>886.2</ele>
    <time>2026-04-19T12:25:31Z</time>
   </trkpt>
   <trkpt lat="12.9067020" lon="77.6315170">
    <ele>886.2</ele>
    <time>2026-04-19T12:25:32Z</time>
   </trkpt>
   <trkpt lat="12.9066980" lon="77.6315190">
    <ele>886.2</ele>
    <time>2026-04-19T12:25:33Z</time>
   </trkpt>
   <trkpt lat="12.9066980" lon="77.6315290">
    <ele>886.2</ele>
    <time>2026-04-19T12:25:34Z</time>
   </trkpt>
   <trkpt lat="12.9066970" lon="77.6315420">
    <ele>886.2</ele>
    <time>2026-04-19T12:25:35Z</time>
   </trkpt>
   <trkpt lat="12.9066920" lon="77.6315540">
    <ele>886.2</ele>
    <time>2026-04-19T12:25:36Z</time>
   </trkpt>
   <trkpt lat="12.9066920" lon="77.6315600">
    <ele>886.2</ele>
    <time>2026-04-19T12:25:37Z</time>
   </trkpt>
   <trkpt lat="12.9066930" lon="77.6315590">
    <ele>886.2</ele>
    <time>2026-04-19T12:25:38Z</time>
   </trkpt>
   <trkpt lat="12.9066970" lon="77.6315640">
    <ele>886.2</ele>
    <time>2026-04-19T12:25:39Z</time>
   </trkpt>
   <trkpt lat="12.9067050" lon="77.6315770">
    <ele>886.1</ele>
    <time>2026-04-19T12:25:40Z</time>
   </trkpt>
   <trkpt lat="12.9066950" lon="77.6316070">
    <ele>886.1</ele>
    <time>2026-04-19T12:25:41Z</time>
   </trkpt>
   <trkpt lat="12.9066960" lon="77.6316140">
    <ele>886.1</ele>
    <time>2026-04-19T12:25:42Z</time>
   </trkpt>
   <trkpt lat="12.9067050" lon="77.6316210">
    <ele>886.1</ele>
    <time>2026-04-19T12:25:43Z</time>
   </trkpt>
   <trkpt lat="12.9067070" lon="77.6316260">
    <ele>886.1</ele>
    <time>2026-04-19T12:25:44Z</time>
   </trkpt>
   <trkpt lat="12.9067130" lon="77.6316390">
    <ele>886.1</ele>
    <time>2026-04-19T12:25:45Z</time>
   </trkpt>
   <trkpt lat="12.9067220" lon="77.6316540">
    <ele>886.1</ele>
    <time>2026-04-19T12:25:46Z</time>
   </trkpt>
   <trkpt lat="12.9067250" lon="77.6316630">
    <ele>886.1</ele>
    <time>2026-04-19T12:25:47Z</time>
   </trkpt>
   <trkpt lat="12.9067280" lon="77.6316710">
    <ele>886.1</ele>
    <time>2026-04-19T12:25:48Z</time>
   </trkpt>
   <trkpt lat="12.9067310" lon="77.6316800">
    <ele>886.1</ele>
    <time>2026-04-19T12:25:49Z</time>
   </trkpt>
   <trkpt lat="12.9067410" lon="77.6317030">
    <ele>886.0</ele>
    <time>2026-04-19T12:25:50Z</time>
   </trkpt>
   <trkpt lat="12.9067420" lon="77.6317110">
    <ele>886.0</ele>
    <time>2026-04-19T12:25:51Z</time>
   </trkpt>
   <trkpt lat="12.9067440" lon="77.6317180">
    <ele>886.0</ele>
    <time>2026-04-19T12:25:52Z</time>
   </trkpt>
   <trkpt lat="12.9067450" lon="77.6317310">
    <ele>886.0</ele>
    <time>2026-04-19T12:25:53Z</time>
   </trkpt>
   <trkpt lat="12.9067400" lon="77.6317380">
    <ele>886.0</ele>
    <time>2026-04-19T12:25:54Z</time>
   </trkpt>
   <trkpt lat="12.9067450" lon="77.6317460">
    <ele>886.0</ele>
    <time>2026-04-19T12:25:55Z</time>
   </trkpt>
   <trkpt lat="12.9067340" lon="77.6317610">
    <ele>886.0</ele>
    <time>2026-04-19T12:25:56Z</time>
   </trkpt>
   <trkpt lat="12.9067320" lon="77.6317730">
    <ele>886.0</ele>
    <time>2026-04-19T12:25:57Z</time>
   </trkpt>
   <trkpt lat="12.9067250" lon="77.6317730">
    <ele>885.9</ele>
    <time>2026-04-19T12:25:58Z</time>
   </trkpt>
   <trkpt lat="12.9067190" lon="77.6317860">
    <ele>885.9</ele>
    <time>2026-04-19T12:25:59Z</time>
   </trkpt>
   <trkpt lat="12.9067190" lon="77.6317970">
    <ele>885.9</ele>
    <time>2026-04-19T12:26:00Z</time>
   </trkpt>
   <trkpt lat="12.9067200" lon="77.6318090">
    <ele>885.9</ele>
    <time>2026-04-19T12:26:01Z</time>
   </trkpt>
   <trkpt lat="12.9067230" lon="77.6318220">
    <ele>885.9</ele>
    <time>2026-04-19T12:26:02Z</time>
   </trkpt>
   <trkpt lat="12.9067260" lon="77.6318390">
    <ele>885.9</ele>
    <time>2026-04-19T12:26:03Z</time>
   </trkpt>
   <trkpt lat="12.9067200" lon="77.6318620">
    <ele>885.8</ele>
    <time>2026-04-19T12:26:04Z</time>
   </trkpt>
   <trkpt lat="12.9067170" lon="77.6318740">
    <ele>885.8</ele>
    <time>2026-04-19T12:26:05Z</time>
   </trkpt>
   <trkpt lat="12.9067130" lon="77.6318850">
    <ele>885.8</ele>
    <time>2026-04-19T12:26:06Z</time>
   </trkpt>
   <trkpt lat="12.9067200" lon="77.6318970">
    <ele>885.8</ele>
    <time>2026-04-19T12:26:07Z</time>
   </trkpt>
   <trkpt lat="12.9067280" lon="77.6319120">
    <ele>885.8</ele>
    <time>2026-04-19T12:26:08Z</time>
   </trkpt>
   <trkpt lat="12.9067290" lon="77.6319190">
    <ele>885.8</ele>
    <time>2026-04-19T12:26:09Z</time>
   </trkpt>
   <trkpt lat="12.9067290" lon="77.6319300">
    <ele>885.8</ele>
    <time>2026-04-19T12:26:10Z</time>
   </trkpt>
   <trkpt lat="12.9067300" lon="77.6319400">
    <ele>885.8</ele>
    <time>2026-04-19T12:26:11Z</time>
   </trkpt>
   <trkpt lat="12.9067340" lon="77.6319610">
    <ele>885.7</ele>
    <time>2026-04-19T12:26:12Z</time>
   </trkpt>
   <trkpt lat="12.9067360" lon="77.6319690">
    <ele>885.7</ele>
    <time>2026-04-19T12:26:13Z</time>
   </trkpt>
   <trkpt lat="12.9067370" lon="77.6319780">
    <ele>885.7</ele>
    <time>2026-04-19T12:26:14Z</time>
   </trkpt>
   <trkpt lat="12.9067410" lon="77.6319880">
    <ele>885.7</ele>
    <time>2026-04-19T12:26:15Z</time>
   </trkpt>
   <trkpt lat="12.9067430" lon="77.6320020">
    <ele>885.7</ele>
    <time>2026-04-19T12:26:16Z</time>
   </trkpt>
   <trkpt lat="12.9067480" lon="77.6320080">
    <ele>885.7</ele>
    <time>2026-04-19T12:26:17Z</time>
   </trkpt>
   <trkpt lat="12.9067490" lon="77.6320170">
    <ele>885.7</ele>
    <time>2026-04-19T12:26:18Z</time>
   </trkpt>
   <trkpt lat="12.9067550" lon="77.6320280">
    <ele>885.7</ele>
    <time>2026-04-19T12:26:19Z</time>
   </trkpt>
   <trkpt lat="12.9067590" lon="77.6320390">
    <ele>885.7</ele>
    <time>2026-04-19T12:26:20Z</time>
   </trkpt>
   <trkpt lat="12.9067610" lon="77.6320410">
    <ele>885.6</ele>
    <time>2026-04-19T12:26:21Z</time>
   </trkpt>
   <trkpt lat="12.9067650" lon="77.6320530">
    <ele>885.6</ele>
    <time>2026-04-19T12:26:22Z</time>
   </trkpt>
   <trkpt lat="12.9067620" lon="77.6320670">
    <ele>885.6</ele>
    <time>2026-04-19T12:26:23Z</time>
   </trkpt>
   <trkpt lat="12.9067670" lon="77.6320780">
    <ele>885.6</ele>
    <time>2026-04-19T12:26:24Z</time>
   </trkpt>
   <trkpt lat="12.9067670" lon="77.6320880">
    <ele>885.6</ele>
    <time>2026-04-19T12:26:25Z</time>
   </trkpt>
   <trkpt lat="12.9067730" lon="77.6320980">
    <ele>885.6</ele>
    <time>2026-04-19T12:26:26Z</time>
   </trkpt>
   <trkpt lat="12.9067720" lon="77.6321190">
    <ele>885.6</ele>
    <time>2026-04-19T12:26:27Z</time>
   </trkpt>
   <trkpt lat="12.9067710" lon="77.6321280">
    <ele>885.6</ele>
    <time>2026-04-19T12:26:28Z</time>
   </trkpt>
   <trkpt lat="12.9067690" lon="77.6321370">
    <ele>885.5</ele>
    <time>2026-04-19T12:26:29Z</time>
   </trkpt>
   <trkpt lat="12.9067710" lon="77.6321450">
    <ele>885.5</ele>
    <time>2026-04-19T12:26:30Z</time>
   </trkpt>
   <trkpt lat="12.9067740" lon="77.6321600">
    <ele>885.5</ele>
    <time>2026-04-19T12:26:31Z</time>
   </trkpt>
   <trkpt lat="12.9067770" lon="77.6321710">
    <ele>885.5</ele>
    <time>2026-04-19T12:26:32Z</time>
   </trkpt>
   <trkpt lat="12.9067760" lon="77.6321770">
    <ele>885.5</ele>
    <time>2026-04-19T12:26:33Z</time>
   </trkpt>
   <trkpt lat="12.9067740" lon="77.6321850">
    <ele>885.5</ele>
    <time>2026-04-19T12:26:34Z</time>
   </trkpt>
   <trkpt lat="12.9067770" lon="77.6322020">
    <ele>885.4</ele>
    <time>2026-04-19T12:26:35Z</time>
   </trkpt>
   <trkpt lat="12.9067790" lon="77.6322120">
    <ele>885.4</ele>
    <time>2026-04-19T12:26:36Z</time>
   </trkpt>
   <trkpt lat="12.9067780" lon="77.6322230">
    <ele>885.4</ele>
    <time>2026-04-19T12:26:37Z</time>
   </trkpt>
   <trkpt lat="12.9067780" lon="77.6322340">
    <ele>885.4</ele>
    <time>2026-04-19T12:26:38Z</time>
   </trkpt>
   <trkpt lat="12.9067780" lon="77.6322430">
    <ele>885.4</ele>
    <time>2026-04-19T12:26:39Z</time>
   </trkpt>
   <trkpt lat="12.9067750" lon="77.6322550">
    <ele>885.4</ele>
    <time>2026-04-19T12:26:40Z</time>
   </trkpt>
   <trkpt lat="12.9067750" lon="77.6322670">
    <ele>885.4</ele>
    <time>2026-04-19T12:26:41Z</time>
   </trkpt>
   <trkpt lat="12.9067740" lon="77.6322800">
    <ele>885.3</ele>
    <time>2026-04-19T12:26:42Z</time>
   </trkpt>
   <trkpt lat="12.9067730" lon="77.6322910">
    <ele>885.3</ele>
    <time>2026-04-19T12:26:43Z</time>
   </trkpt>
   <trkpt lat="12.9067730" lon="77.6322990">
    <ele>885.3</ele>
    <time>2026-04-19T12:26:44Z</time>
   </trkpt>
   <trkpt lat="12.9067720" lon="77.6323100">
    <ele>885.3</ele>
    <time>2026-04-19T12:26:45Z</time>
   </trkpt>
   <trkpt lat="12.9067710" lon="77.6323190">
    <ele>885.3</ele>
    <time>2026-04-19T12:26:46Z</time>
   </trkpt>
   <trkpt lat="12.9067700" lon="77.6323360">
    <ele>885.3</ele>
    <time>2026-04-19T12:26:47Z</time>
   </trkpt>
   <trkpt lat="12.9067680" lon="77.6323510">
    <ele>885.2</ele>
    <time>2026-04-19T12:26:48Z</time>
   </trkpt>
   <trkpt lat="12.9067650" lon="77.6323560">
    <ele>885.2</ele>
    <time>2026-04-19T12:26:49Z</time>
   </trkpt>
   <trkpt lat="12.9067630" lon="77.6323680">
    <ele>885.2</ele>
    <time>2026-04-19T12:26:50Z</time>
   </trkpt>
   <trkpt lat="12.9067630" lon="77.6323810">
    <ele>885.2</ele>
    <time>2026-04-19T12:26:51Z</time>
   </trkpt>
   <trkpt lat="12.9067630" lon="77.6323910">
    <ele>885.2</ele>
    <time>2026-04-19T12:26:52Z</time>
   </trkpt>
   <trkpt lat="12.9067600" lon="77.6324010">
    <ele>885.2</ele>
    <time>2026-04-19T12:26:53Z</time>
   </trkpt>
   <trkpt lat="12.9067580" lon="77.6324160">
    <ele>885.2</ele>
    <time>2026-04-19T12:26:54Z</time>
   </trkpt>
   <trkpt lat="12.9067580" lon="77.6324320">
    <ele>885.2</ele>
    <time>2026-04-19T12:26:55Z</time>
   </trkpt>
   <trkpt lat="12.9067610" lon="77.6324390">
    <ele>885.2</ele>
    <time>2026-04-19T12:26:56Z</time>
   </trkpt>
   <trkpt lat="12.9067620" lon="77.6324420">
    <ele>885.1</ele>
    <time>2026-04-19T12:26:57Z</time>
   </trkpt>
   <trkpt lat="12.9067670" lon="77.6324530">
    <ele>885.1</ele>
    <time>2026-04-19T12:26:58Z</time>
   </trkpt>
   <trkpt lat="12.9067670" lon="77.6324610">
    <ele>885.1</ele>
    <time>2026-04-19T12:26:59Z</time>
   </trkpt>
   <trkpt lat="12.9067640" lon="77.6324680">
    <ele>885.1</ele>
    <time>2026-04-19T12:27:00Z</time>
   </trkpt>
   <trkpt lat="12.9067650" lon="77.6324810">
    <ele>885.1</ele>
    <time>2026-04-19T12:27:01Z</time>
   </trkpt>
   <trkpt lat="12.9067660" lon="77.6324880">
    <ele>885.1</ele>
    <time>2026-04-19T12:27:02Z</time>
   </trkpt>
   <trkpt lat="12.9067670" lon="77.6324910">
    <ele>885.1</ele>
    <time>2026-04-19T12:27:03Z</time>
   </trkpt>
   <trkpt lat="12.9067690" lon="77.6324970">
    <ele>885.1</ele>
    <time>2026-04-19T12:27:04Z</time>
   </trkpt>
   <trkpt lat="12.9067700" lon="77.6325060">
    <ele>885.1</ele>
    <time>2026-04-19T12:27:05Z</time>
   </trkpt>
   <trkpt lat="12.9067700" lon="77.6325190">
    <ele>885.0</ele>
    <time>2026-04-19T12:27:06Z</time>
   </trkpt>
   <trkpt lat="12.9067690" lon="77.6325270">
    <ele>885.0</ele>
    <time>2026-04-19T12:27:07Z</time>
   </trkpt>
   <trkpt lat="12.9067720" lon="77.6325390">
    <ele>885.0</ele>
    <time>2026-04-19T12:27:08Z</time>
   </trkpt>
   <trkpt lat="12.9067730" lon="77.6325450">
    <ele>885.0</ele>
    <time>2026-04-19T12:27:09Z</time>
   </trkpt>
   <trkpt lat="12.9067740" lon="77.6325450">
    <ele>885.0</ele>
    <time>2026-04-19T12:27:10Z</time>
   </trkpt>
   <trkpt lat="12.9067740" lon="77.6325460">
    <ele>885.0</ele>
    <time>2026-04-19T12:27:11Z</time>
   </trkpt>
   <trkpt lat="12.9067710" lon="77.6325440">
    <ele>885.0</ele>
    <time>2026-04-19T12:27:12Z</time>
   </trkpt>
   <trkpt lat="12.9067710" lon="77.6325400">
    <ele>885.0</ele>
    <time>2026-04-19T12:27:13Z</time>
   </trkpt>
   <trkpt lat="12.9067710" lon="77.6325390">
    <ele>885.0</ele>
    <time>2026-04-19T12:27:14Z</time>
   </trkpt>
   <trkpt lat="12.9067710" lon="77.6325430">
    <ele>885.0</ele>
    <time>2026-04-19T12:27:15Z</time>
   </trkpt>
   <trkpt lat="12.9067680" lon="77.6325440">
    <ele>885.0</ele>
    <time>2026-04-19T12:27:16Z</time>
   </trkpt>
   <trkpt lat="12.9067680" lon="77.6325430">
    <ele>885.0</ele>
    <time>2026-04-19T12:27:17Z</time>
   </trkpt>
   <trkpt lat="12.9067650" lon="77.6325420">
    <ele>884.9</ele>
    <time>2026-04-19T12:27:18Z</time>
   </trkpt>
   <trkpt lat="12.9067630" lon="77.6325590">
    <ele>884.9</ele>
    <time>2026-04-19T12:27:19Z</time>
   </trkpt>
   <trkpt lat="12.9067640" lon="77.6325750">
    <ele>884.9</ele>
    <time>2026-04-19T12:27:20Z</time>
   </trkpt>
   <trkpt lat="12.9067640" lon="77.6325880">
    <ele>884.9</ele>
    <time>2026-04-19T12:27:21Z</time>
   </trkpt>
   <trkpt lat="12.9067680" lon="77.6326120">
    <ele>884.9</ele>
    <time>2026-04-19T12:27:22Z</time>
   </trkpt>
   <trkpt lat="12.9067720" lon="77.6326240">
    <ele>884.9</ele>
    <time>2026-04-19T12:27:23Z</time>
   </trkpt>
   <trkpt lat="12.9067760" lon="77.6326350">
    <ele>884.8</ele>
    <time>2026-04-19T12:27:24Z</time>
   </trkpt>
   <trkpt lat="12.9067730" lon="77.6326430">
    <ele>884.8</ele>
    <time>2026-04-19T12:27:25Z</time>
   </trkpt>
   <trkpt lat="12.9067700" lon="77.6326560">
    <ele>884.8</ele>
    <time>2026-04-19T12:27:26Z</time>
   </trkpt>
   <trkpt lat="12.9067670" lon="77.6326680">
    <ele>884.8</ele>
    <time>2026-04-19T12:27:27Z</time>
   </trkpt>
   <trkpt lat="12.9067650" lon="77.6326810">
    <ele>884.8</ele>
    <time>2026-04-19T12:27:28Z</time>
   </trkpt>
   <trkpt lat="12.9067530" lon="77.6326920">
    <ele>884.8</ele>
    <time>2026-04-19T12:27:29Z</time>
   </trkpt>
   <trkpt lat="12.9067460" lon="77.6326960">
    <ele>884.8</ele>
    <time>2026-04-19T12:27:30Z</time>
   </trkpt>
   <trkpt lat="12.9067400" lon="77.6327020">
    <ele>884.7</ele>
    <time>2026-04-19T12:27:31Z</time>
   </trkpt>
   <trkpt lat="12.9067340" lon="77.6327130">
    <ele>884.7</ele>
    <time>2026-04-19T12:27:32Z</time>
   </trkpt>
   <trkpt lat="12.9067320" lon="77.6327270">
    <ele>884.7</ele>
    <time>2026-04-19T12:27:33Z</time>
   </trkpt>
   <trkpt lat="12.9067340" lon="77.6327430">
    <ele>884.7</ele>
    <time>2026-04-19T12:27:34Z</time>
   </trkpt>
   <trkpt lat="12.9067380" lon="77.6327470">
    <ele>884.7</ele>
    <time>2026-04-19T12:27:35Z</time>
   </trkpt>
   <trkpt lat="12.9067370" lon="77.6327640">
    <ele>884.7</ele>
    <time>2026-04-19T12:27:36Z</time>
   </trkpt>
   <trkpt lat="12.9067380" lon="77.6327760">
    <ele>884.7</ele>
    <time>2026-04-19T12:27:37Z</time>
   </trkpt>
   <trkpt lat="12.9067350" lon="77.6327910">
    <ele>884.7</ele>
    <time>2026-04-19T12:27:38Z</time>
   </trkpt>
   <trkpt lat="12.9067340" lon="77.6327940">
    <ele>884.7</ele>
    <time>2026-04-19T12:27:39Z</time>
   </trkpt>
   <trkpt lat="12.9067360" lon="77.6328160">
    <ele>884.7</ele>
    <time>2026-04-19T12:27:40Z</time>
   </trkpt>
   <trkpt lat="12.9067380" lon="77.6328250">
    <ele>884.7</ele>
    <time>2026-04-19T12:27:41Z</time>
   </trkpt>
   <trkpt lat="12.9067390" lon="77.6328340">
    <ele>884.6</ele>
    <time>2026-04-19T12:27:42Z</time>
   </trkpt>
   <trkpt lat="12.9067420" lon="77.6328500">
    <ele>884.6</ele>
    <time>2026-04-19T12:27:43Z</time>
   </trkpt>
   <trkpt lat="12.9067450" lon="77.6328670">
    <ele>884.6</ele>
    <time>2026-04-19T12:27:44Z</time>
   </trkpt>
   <trkpt lat="12.9067440" lon="77.6328860">
    <ele>884.6</ele>
    <time>2026-04-19T12:27:45Z</time>
   </trkpt>
   <trkpt lat="12.9067450" lon="77.6328960">
    <ele>884.6</ele>
    <time>2026-04-19T12:27:46Z</time>
   </trkpt>
   <trkpt lat="12.9067450" lon="77.6329050">
    <ele>884.6</ele>
    <time>2026-04-19T12:27:47Z</time>
   </trkpt>
   <trkpt lat="12.9067430" lon="77.6329190">
    <ele>884.6</ele>
    <time>2026-04-19T12:27:48Z</time>
   </trkpt>
   <trkpt lat="12.9067420" lon="77.6329270">
    <ele>884.6</ele>
    <time>2026-04-19T12:27:49Z</time>
   </trkpt>
   <trkpt lat="12.9067430" lon="77.6329330">
    <ele>884.6</ele>
    <time>2026-04-19T12:27:50Z</time>
   </trkpt>
   <trkpt lat="12.9067430" lon="77.6329540">
    <ele>884.6</ele>
    <time>2026-04-19T12:27:51Z</time>
   </trkpt>
   <trkpt lat="12.9067430" lon="77.6329640">
    <ele>884.6</ele>
    <time>2026-04-19T12:27:52Z</time>
   </trkpt>
   <trkpt lat="12.9067420" lon="77.6329750">
    <ele>884.6</ele>
    <time>2026-04-19T12:27:53Z</time>
   </trkpt>
   <trkpt lat="12.9067420" lon="77.6330040">
    <ele>884.6</ele>
    <time>2026-04-19T12:27:54Z</time>
   </trkpt>
   <trkpt lat="12.9067400" lon="77.6330120">
    <ele>884.6</ele>
    <time>2026-04-19T12:27:55Z</time>
   </trkpt>
   <trkpt lat="12.9067340" lon="77.6330320">
    <ele>884.6</ele>
    <time>2026-04-19T12:27:56Z</time>
   </trkpt>
   <trkpt lat="12.9067330" lon="77.6330410">
    <ele>884.6</ele>
    <time>2026-04-19T12:27:57Z</time>
   </trkpt>
   <trkpt lat="12.9067310" lon="77.6330510">
    <ele>884.6</ele>
    <time>2026-04-19T12:27:58Z</time>
   </trkpt>
   <trkpt lat="12.9067230" lon="77.6330740">
    <ele>884.6</ele>
    <time>2026-04-19T12:27:59Z</time>
   </trkpt>
   <trkpt lat="12.9067220" lon="77.6330810">
    <ele>884.6</ele>
    <time>2026-04-19T12:28:00Z</time>
   </trkpt>
   <trkpt lat="12.9067220" lon="77.6330890">
    <ele>884.6</ele>
    <time>2026-04-19T12:28:01Z</time>
   </trkpt>
   <trkpt lat="12.9067190" lon="77.6331010">
    <ele>884.6</ele>
    <time>2026-04-19T12:28:02Z</time>
   </trkpt>
   <trkpt lat="12.9067210" lon="77.6331100">
    <ele>884.6</ele>
    <time>2026-04-19T12:28:03Z</time>
   </trkpt>
   <trkpt lat="12.9067220" lon="77.6331180">
    <ele>884.6</ele>
    <time>2026-04-19T12:28:04Z</time>
   </trkpt>
   <trkpt lat="12.9067240" lon="77.6331270">
    <ele>884.6</ele>
    <time>2026-04-19T12:28:05Z</time>
   </trkpt>
   <trkpt lat="12.9067230" lon="77.6331480">
    <ele>884.6</ele>
    <time>2026-04-19T12:28:06Z</time>
   </trkpt>
   <trkpt lat="12.9067240" lon="77.6331570">
    <ele>884.6</ele>
    <time>2026-04-19T12:28:07Z</time>
   </trkpt>
   <trkpt lat="12.9067250" lon="77.6331650">
    <ele>884.5</ele>
    <time>2026-04-19T12:28:08Z</time>
   </trkpt>
   <trkpt lat="12.9067280" lon="77.6331740">
    <ele>884.5</ele>
    <time>2026-04-19T12:28:09Z</time>
   </trkpt>
   <trkpt lat="12.9067330" lon="77.6331830">
    <ele>884.5</ele>
    <time>2026-04-19T12:28:10Z</time>
   </trkpt>
   <trkpt lat="12.9067400" lon="77.6331940">
    <ele>884.5</ele>
    <time>2026-04-19T12:28:11Z</time>
   </trkpt>
   <trkpt lat="12.9067410" lon="77.6332100">
    <ele>884.5</ele>
    <time>2026-04-19T12:28:12Z</time>
   </trkpt>
   <trkpt lat="12.9067560" lon="77.6332250">
    <ele>884.5</ele>
    <time>2026-04-19T12:28:13Z</time>
   </trkpt>
   <trkpt lat="12.9067650" lon="77.6332430">
    <ele>884.5</ele>
    <time>2026-04-19T12:28:14Z</time>
   </trkpt>
   <trkpt lat="12.9067690" lon="77.6332510">
    <ele>884.5</ele>
    <time>2026-04-19T12:28:15Z</time>
   </trkpt>
   <trkpt lat="12.9067720" lon="77.6332600">
    <ele>884.5</ele>
    <time>2026-04-19T12:28:16Z</time>
   </trkpt>
   <trkpt lat="12.9067720" lon="77.6332730">
    <ele>884.5</ele>
    <time>2026-04-19T12:28:17Z</time>
   </trkpt>
   <trkpt lat="12.9067740" lon="77.6332880">
    <ele>884.5</ele>
    <time>2026-04-19T12:28:18Z</time>
   </trkpt>
   <trkpt lat="12.9067730" lon="77.6333020">
    <ele>884.5</ele>
    <time>2026-04-19T12:28:19Z</time>
   </trkpt>
   <trkpt lat="12.9067770" lon="77.6333160">
    <ele>884.5</ele>
    <time>2026-04-19T12:28:20Z</time>
   </trkpt>
   <trkpt lat="12.9067810" lon="77.6333380">
    <ele>884.5</ele>
    <time>2026-04-19T12:28:21Z</time>
   </trkpt>
   <trkpt lat="12.9067820" lon="77.6333450">
    <ele>884.5</ele>
    <time>2026-04-19T12:28:22Z</time>
   </trkpt>
   <trkpt lat="12.9067820" lon="77.6333530">
    <ele>884.5</ele>
    <time>2026-04-19T12:28:23Z</time>
   </trkpt>
   <trkpt lat="12.9067860" lon="77.6333700">
    <ele>884.5</ele>
    <time>2026-04-19T12:28:24Z</time>
   </trkpt>
   <trkpt lat="12.9067880" lon="77.6333800">
    <ele>884.5</ele>
    <time>2026-04-19T12:28:25Z</time>
   </trkpt>
   <trkpt lat="12.9067910" lon="77.6333900">
    <ele>884.5</ele>
    <time>2026-04-19T12:28:26Z</time>
   </trkpt>
   <trkpt lat="12.9067980" lon="77.6333980">
    <ele>884.6</ele>
    <time>2026-04-19T12:28:27Z</time>
   </trkpt>
   <trkpt lat="12.9068020" lon="77.6334060">
    <ele>884.6</ele>
    <time>2026-04-19T12:28:28Z</time>
   </trkpt>
   <trkpt lat="12.9068050" lon="77.6334160">
    <ele>884.6</ele>
    <time>2026-04-19T12:28:29Z</time>
   </trkpt>
   <trkpt lat="12.9068100" lon="77.6334300">
    <ele>884.6</ele>
    <time>2026-04-19T12:28:30Z</time>
   </trkpt>
   <trkpt lat="12.9068110" lon="77.6334440">
    <ele>884.6</ele>
    <time>2026-04-19T12:28:31Z</time>
   </trkpt>
   <trkpt lat="12.9068090" lon="77.6334570">
    <ele>884.6</ele>
    <time>2026-04-19T12:28:32Z</time>
   </trkpt>
   <trkpt lat="12.9068020" lon="77.6334770">
    <ele>884.6</ele>
    <time>2026-04-19T12:28:33Z</time>
   </trkpt>
   <trkpt lat="12.9068030" lon="77.6334930">
    <ele>884.6</ele>
    <time>2026-04-19T12:28:34Z</time>
   </trkpt>
   <trkpt lat="12.9068060" lon="77.6335000">
    <ele>884.6</ele>
    <time>2026-04-19T12:28:35Z</time>
   </trkpt>
   <trkpt lat="12.9068080" lon="77.6335080">
    <ele>884.6</ele>
    <time>2026-04-19T12:28:36Z</time>
   </trkpt>
   <trkpt lat="12.9068100" lon="77.6335160">
    <ele>884.6</ele>
    <time>2026-04-19T12:28:37Z</time>
   </trkpt>
   <trkpt lat="12.9068190" lon="77.6335340">
    <ele>884.6</ele>
    <time>2026-04-19T12:28:38Z</time>
   </trkpt>
   <trkpt lat="12.9068220" lon="77.6335420">
    <ele>884.6</ele>
    <time>2026-04-19T12:28:39Z</time>
   </trkpt>
   <trkpt lat="12.9068250" lon="77.6335510">
    <ele>884.6</ele>
    <time>2026-04-19T12:28:40Z</time>
   </trkpt>
   <trkpt lat="12.9068350" lon="77.6335720">
    <ele>884.6</ele>
    <time>2026-04-19T12:28:41Z</time>
   </trkpt>
   <trkpt lat="12.9068390" lon="77.6335810">
    <ele>884.6</ele>
    <time>2026-04-19T12:28:42Z</time>
   </trkpt>
   <trkpt lat="12.9068440" lon="77.6335910">
    <ele>884.6</ele>
    <time>2026-04-19T12:28:43Z</time>
   </trkpt>
   <trkpt lat="12.9068530" lon="77.6336130">
    <ele>884.6</ele>
    <time>2026-04-19T12:28:44Z</time>
   </trkpt>
   <trkpt lat="12.9068570" lon="77.6336200">
    <ele>884.6</ele>
    <time>2026-04-19T12:28:45Z</time>
   </trkpt>
   <trkpt lat="12.9068610" lon="77.6336280">
    <ele>884.6</ele>
    <time>2026-04-19T12:28:46Z</time>
   </trkpt>
   <trkpt lat="12.9068610" lon="77.6336390">
    <ele>884.6</ele>
    <time>2026-04-19T12:28:47Z</time>
   </trkpt>
   <trkpt lat="12.9068700" lon="77.6336470">
    <ele>884.6</ele>
    <time>2026-04-19T12:28:48Z</time>
   </trkpt>
   <trkpt lat="12.9068710" lon="77.6336590">
    <ele>884.6</ele>
    <time>2026-04-19T12:28:49Z</time>
   </trkpt>
   <trkpt lat="12.9068650" lon="77.6336720">
    <ele>884.6</ele>
    <time>2026-04-19T12:28:50Z</time>
   </trkpt>
   <trkpt lat="12.9068730" lon="77.6336870">
    <ele>884.6</ele>
    <time>2026-04-19T12:28:51Z</time>
   </trkpt>
   <trkpt lat="12.9068730" lon="77.6337000">
    <ele>884.6</ele>
    <time>2026-04-19T12:28:52Z</time>
   </trkpt>
   <trkpt lat="12.9068800" lon="77.6337060">
    <ele>884.6</ele>
    <time>2026-04-19T12:28:53Z</time>
   </trkpt>
   <trkpt lat="12.9068840" lon="77.6337200">
    <ele>884.6</ele>
    <time>2026-04-19T12:28:54Z</time>
   </trkpt>
   <trkpt lat="12.9068860" lon="77.6337320">
    <ele>884.6</ele>
    <time>2026-04-19T12:28:55Z</time>
   </trkpt>
   <trkpt lat="12.9068930" lon="77.6337420">
    <ele>884.6</ele>
    <time>2026-04-19T12:28:56Z</time>
   </trkpt>
   <trkpt lat="12.9068990" lon="77.6337540">
    <ele>884.6</ele>
    <time>2026-04-19T12:28:57Z</time>
   </trkpt>
   <trkpt lat="12.9069040" lon="77.6337680">
    <ele>884.6</ele>
    <time>2026-04-19T12:28:58Z</time>
   </trkpt>
   <trkpt lat="12.9069150" lon="77.6337790">
    <ele>884.6</ele>
    <time>2026-04-19T12:28:59Z</time>
   </trkpt>
   <trkpt lat="12.9069200" lon="77.6337950">
    <ele>884.6</ele>
    <time>2026-04-19T12:29:00Z</time>
   </trkpt>
   <trkpt lat="12.9069230" lon="77.6338080">
    <ele>884.6</ele>
    <time>2026-04-19T12:29:01Z</time>
   </trkpt>
   <trkpt lat="12.9069260" lon="77.6338180">
    <ele>884.6</ele>
    <time>2026-04-19T12:29:02Z</time>
   </trkpt>
   <trkpt lat="12.9069290" lon="77.6338280">
    <ele>884.6</ele>
    <time>2026-04-19T12:29:03Z</time>
   </trkpt>
   <trkpt lat="12.9069360" lon="77.6338390">
    <ele>884.6</ele>
    <time>2026-04-19T12:29:04Z</time>
   </trkpt>
   <trkpt lat="12.9069410" lon="77.6338580">
    <ele>884.6</ele>
    <time>2026-04-19T12:29:05Z</time>
   </trkpt>
   <trkpt lat="12.9069420" lon="77.6338680">
    <ele>884.6</ele>
    <time>2026-04-19T12:29:06Z</time>
   </trkpt>
   <trkpt lat="12.9069440" lon="77.6338770">
    <ele>884.6</ele>
    <time>2026-04-19T12:29:07Z</time>
   </trkpt>
   <trkpt lat="12.9069500" lon="77.6338990">
    <ele>884.6</ele>
    <time>2026-04-19T12:29:08Z</time>
   </trkpt>
   <trkpt lat="12.9069530" lon="77.6339070">
    <ele>884.6</ele>
    <time>2026-04-19T12:29:09Z</time>
   </trkpt>
   <trkpt lat="12.9069560" lon="77.6339140">
    <ele>884.6</ele>
    <time>2026-04-19T12:29:10Z</time>
   </trkpt>
   <trkpt lat="12.9069610" lon="77.6339300">
    <ele>884.6</ele>
    <time>2026-04-19T12:29:11Z</time>
   </trkpt>
   <trkpt lat="12.9069650" lon="77.6339450">
    <ele>884.6</ele>
    <time>2026-04-19T12:29:12Z</time>
   </trkpt>
   <trkpt lat="12.9069690" lon="77.6339600">
    <ele>884.6</ele>
    <time>2026-04-19T12:29:13Z</time>
   </trkpt>
   <trkpt lat="12.9069730" lon="77.6339800">
    <ele>884.6</ele>
    <time>2026-04-19T12:29:14Z</time>
   </trkpt>
   <trkpt lat="12.9069780" lon="77.6340000">
    <ele>884.6</ele>
    <time>2026-04-19T12:29:15Z</time>
   </trkpt>
   <trkpt lat="12.9069810" lon="77.6340090">
    <ele>884.6</ele>
    <time>2026-04-19T12:29:16Z</time>
   </trkpt>
   <trkpt lat="12.9069830" lon="77.6340180">
    <ele>884.6</ele>
    <time>2026-04-19T12:29:17Z</time>
   </trkpt>
   <trkpt lat="12.9069880" lon="77.6340270">
    <ele>884.6</ele>
    <time>2026-04-19T12:29:18Z</time>
   </trkpt>
   <trkpt lat="12.9069860" lon="77.6340250">
    <ele>884.6</ele>
    <time>2026-04-19T12:29:19Z</time>
   </trkpt>
   <trkpt lat="12.9069960" lon="77.6340300">
    <ele>884.6</ele>
    <time>2026-04-19T12:29:20Z</time>
   </trkpt>
   <trkpt lat="12.9070010" lon="77.6340460">
    <ele>884.6</ele>
    <time>2026-04-19T12:29:21Z</time>
   </trkpt>
   <trkpt lat="12.9070080" lon="77.6340590">
    <ele>884.6</ele>
    <time>2026-04-19T12:29:22Z</time>
   </trkpt>
   <trkpt lat="12.9070120" lon="77.6340680">
    <ele>884.6</ele>
    <time>2026-04-19T12:29:23Z</time>
   </trkpt>
   <trkpt lat="12.9070140" lon="77.6340650">
    <ele>884.6</ele>
    <time>2026-04-19T12:29:24Z</time>
   </trkpt>
   <trkpt lat="12.9070220" lon="77.6340710">
    <ele>884.6</ele>
    <time>2026-04-19T12:29:25Z</time>
   </trkpt>
   <trkpt lat="12.9070310" lon="77.6340870">
    <ele>884.6</ele>
    <time>2026-04-19T12:29:26Z</time>
   </trkpt>
   <trkpt lat="12.9070370" lon="77.6341010">
    <ele>884.6</ele>
    <time>2026-04-19T12:29:27Z</time>
   </trkpt>
   <trkpt lat="12.9070390" lon="77.6341150">
    <ele>884.6</ele>
    <time>2026-04-19T12:29:28Z</time>
   </trkpt>
   <trkpt lat="12.9070410" lon="77.6341300">
    <ele>884.6</ele>
    <time>2026-04-19T12:29:29Z</time>
   </trkpt>
   <trkpt lat="12.9070470" lon="77.6341450">
    <ele>884.6</ele>
    <time>2026-04-19T12:29:30Z</time>
   </trkpt>
   <trkpt lat="12.9070570" lon="77.6341520">
    <ele>884.6</ele>
    <time>2026-04-19T12:29:31Z</time>
   </trkpt>
   <trkpt lat="12.9070690" lon="77.6341610">
    <ele>884.6</ele>
    <time>2026-04-19T12:29:32Z</time>
   </trkpt>
   <trkpt lat="12.9070760" lon="77.6341750">
    <ele>884.6</ele>
    <time>2026-04-19T12:29:33Z</time>
   </trkpt>
   <trkpt lat="12.9070850" lon="77.6341890">
    <ele>884.6</ele>
    <time>2026-04-19T12:29:34Z</time>
   </trkpt>
   <trkpt lat="12.9070970" lon="77.6342000">
    <ele>884.6</ele>
    <time>2026-04-19T12:29:35Z</time>
   </trkpt>
   <trkpt lat="12.9071000" lon="77.6342090">
    <ele>884.6</ele>
    <time>2026-04-19T12:29:36Z</time>
   </trkpt>
   <trkpt lat="12.9071040" lon="77.6342240">
    <ele>884.6</ele>
    <time>2026-04-19T12:29:37Z</time>
   </trkpt>
   <trkpt lat="12.9071110" lon="77.6342350">
    <ele>884.6</ele>
    <time>2026-04-19T12:29:38Z</time>
   </trkpt>
   <trkpt lat="12.9071220" lon="77.6342550">
    <ele>884.6</ele>
    <time>2026-04-19T12:29:39Z</time>
   </trkpt>
   <trkpt lat="12.9071240" lon="77.6342630">
    <ele>884.6</ele>
    <time>2026-04-19T12:29:40Z</time>
   </trkpt>
   <trkpt lat="12.9071250" lon="77.6342720">
    <ele>884.6</ele>
    <time>2026-04-19T12:29:41Z</time>
   </trkpt>
   <trkpt lat="12.9071240" lon="77.6342830">
    <ele>884.6</ele>
    <time>2026-04-19T12:29:42Z</time>
   </trkpt>
   <trkpt lat="12.9071220" lon="77.6342930">
    <ele>884.6</ele>
    <time>2026-04-19T12:29:43Z</time>
   </trkpt>
   <trkpt lat="12.9071170" lon="77.6343050">
    <ele>884.6</ele>
    <time>2026-04-19T12:29:44Z</time>
   </trkpt>
   <trkpt lat="12.9071120" lon="77.6343060">
    <ele>884.6</ele>
    <time>2026-04-19T12:29:45Z</time>
   </trkpt>
   <trkpt lat="12.9071150" lon="77.6343050">
    <ele>884.6</ele>
    <time>2026-04-19T12:29:46Z</time>
   </trkpt>
   <trkpt lat="12.9071120" lon="77.6343020">
    <ele>884.6</ele>
    <time>2026-04-19T12:29:47Z</time>
   </trkpt>
   <trkpt lat="12.9071120" lon="77.6343140">
    <ele>884.6</ele>
    <time>2026-04-19T12:29:48Z</time>
   </trkpt>
   <trkpt lat="12.9071090" lon="77.6343230">
    <ele>884.6</ele>
    <time>2026-04-19T12:29:49Z</time>
   </trkpt>
   <trkpt lat="12.9071140" lon="77.6343330">
    <ele>884.6</ele>
    <time>2026-04-19T12:29:50Z</time>
   </trkpt>
   <trkpt lat="12.9071190" lon="77.6343490">
    <ele>884.6</ele>
    <time>2026-04-19T12:29:51Z</time>
   </trkpt>
   <trkpt lat="12.9071240" lon="77.6343580">
    <ele>884.6</ele>
    <time>2026-04-19T12:29:52Z</time>
   </trkpt>
   <trkpt lat="12.9071300" lon="77.6343660">
    <ele>884.6</ele>
    <time>2026-04-19T12:29:53Z</time>
   </trkpt>
   <trkpt lat="12.9071370" lon="77.6343770">
    <ele>884.6</ele>
    <time>2026-04-19T12:29:54Z</time>
   </trkpt>
   <trkpt lat="12.9071490" lon="77.6343930">
    <ele>884.6</ele>
    <time>2026-04-19T12:29:55Z</time>
   </trkpt>
   <trkpt lat="12.9071580" lon="77.6344070">
    <ele>884.7</ele>
    <time>2026-04-19T12:29:56Z</time>
   </trkpt>
   <trkpt lat="12.9071650" lon="77.6344170">
    <ele>884.7</ele>
    <time>2026-04-19T12:29:57Z</time>
   </trkpt>
   <trkpt lat="12.9071740" lon="77.6344300">
    <ele>884.7</ele>
    <time>2026-04-19T12:29:58Z</time>
   </trkpt>
   <trkpt lat="12.9071830" lon="77.6344380">
    <ele>884.7</ele>
    <time>2026-04-19T12:29:59Z</time>
   </trkpt>
   <trkpt lat="12.9071850" lon="77.6344470">
    <ele>884.7</ele>
    <time>2026-04-19T12:30:00Z</time>
   </trkpt>
   <trkpt lat="12.9071890" lon="77.6344590">
    <ele>884.7</ele>
    <time>2026-04-19T12:30:01Z</time>
   </trkpt>
   <trkpt lat="12.9071920" lon="77.6344670">
    <ele>884.7</ele>
    <time>2026-04-19T12:30:02Z</time>
   </trkpt>
   <trkpt lat="12.9071920" lon="77.6344770">
    <ele>884.7</ele>
    <time>2026-04-19T12:30:03Z</time>
   </trkpt>
   <trkpt lat="12.9072020" lon="77.6344970">
    <ele>884.7</ele>
    <time>2026-04-19T12:30:04Z</time>
   </trkpt>
   <trkpt lat="12.9072040" lon="77.6345080">
    <ele>884.7</ele>
    <time>2026-04-19T12:30:05Z</time>
   </trkpt>
   <trkpt lat="12.9072070" lon="77.6345180">
    <ele>884.7</ele>
    <time>2026-04-19T12:30:06Z</time>
   </trkpt>
   <trkpt lat="12.9072130" lon="77.6345330">
    <ele>884.7</ele>
    <time>2026-04-19T12:30:07Z</time>
   </trkpt>
   <trkpt lat="12.9072180" lon="77.6345420">
    <ele>884.7</ele>
    <time>2026-04-19T12:30:08Z</time>
   </trkpt>
   <trkpt lat="12.9072180" lon="77.6345510">
    <ele>884.7</ele>
    <time>2026-04-19T12:30:09Z</time>
   </trkpt>
   <trkpt lat="12.9072290" lon="77.6345610">
    <ele>884.7</ele>
    <time>2026-04-19T12:30:10Z</time>
   </trkpt>
   <trkpt lat="12.9072320" lon="77.6345780">
    <ele>884.7</ele>
    <time>2026-04-19T12:30:11Z</time>
   </trkpt>
   <trkpt lat="12.9072400" lon="77.6345930">
    <ele>884.7</ele>
    <time>2026-04-19T12:30:12Z</time>
   </trkpt>
   <trkpt lat="12.9072440" lon="77.6346080">
    <ele>884.7</ele>
    <time>2026-04-19T12:30:13Z</time>
   </trkpt>
   <trkpt lat="12.9072480" lon="77.6346230">
    <ele>884.7</ele>
    <time>2026-04-19T12:30:14Z</time>
   </trkpt>
   <trkpt lat="12.9072510" lon="77.6346360">
    <ele>884.7</ele>
    <time>2026-04-19T12:30:15Z</time>
   </trkpt>
   <trkpt lat="12.9072540" lon="77.6346480">
    <ele>884.7</ele>
    <time>2026-04-19T12:30:16Z</time>
   </trkpt>
   <trkpt lat="12.9072580" lon="77.6346580">
    <ele>884.7</ele>
    <time>2026-04-19T12:30:17Z</time>
   </trkpt>
   <trkpt lat="12.9072590" lon="77.6346690">
    <ele>884.7</ele>
    <time>2026-04-19T12:30:18Z</time>
   </trkpt>
   <trkpt lat="12.9072590" lon="77.6346790">
    <ele>884.7</ele>
    <time>2026-04-19T12:30:19Z</time>
   </trkpt>
   <trkpt lat="12.9072530" lon="77.6346930">
    <ele>884.7</ele>
    <time>2026-04-19T12:30:20Z</time>
   </trkpt>
   <trkpt lat="12.9072590" lon="77.6347050">
    <ele>884.7</ele>
    <time>2026-04-19T12:30:21Z</time>
   </trkpt>
   <trkpt lat="12.9072620" lon="77.6347160">
    <ele>884.7</ele>
    <time>2026-04-19T12:30:22Z</time>
   </trkpt>
   <trkpt lat="12.9072650" lon="77.6347200">
    <ele>884.7</ele>
    <time>2026-04-19T12:30:23Z</time>
   </trkpt>
   <trkpt lat="12.9072670" lon="77.6347180">
    <ele>884.7</ele>
    <time>2026-04-19T12:30:24Z</time>
   </trkpt>
   <trkpt lat="12.9072670" lon="77.6347240">
    <ele>884.7</ele>
    <time>2026-04-19T12:30:25Z</time>
   </trkpt>
   <trkpt lat="12.9072640" lon="77.6347340">
    <ele>884.7</ele>
    <time>2026-04-19T12:30:26Z</time>
   </trkpt>
   <trkpt lat="12.9072690" lon="77.6347570">
    <ele>884.8</ele>
    <time>2026-04-19T12:30:27Z</time>
   </trkpt>
   <trkpt lat="12.9072720" lon="77.6347630">
    <ele>884.8</ele>
    <time>2026-04-19T12:30:28Z</time>
   </trkpt>
   <trkpt lat="12.9072760" lon="77.6347700">
    <ele>884.8</ele>
    <time>2026-04-19T12:30:29Z</time>
   </trkpt>
   <trkpt lat="12.9072760" lon="77.6347920">
    <ele>884.8</ele>
    <time>2026-04-19T12:30:30Z</time>
   </trkpt>
   <trkpt lat="12.9072760" lon="77.6348040">
    <ele>884.8</ele>
    <time>2026-04-19T12:30:31Z</time>
   </trkpt>
   <trkpt lat="12.9072760" lon="77.6348130">
    <ele>884.8</ele>
    <time>2026-04-19T12:30:32Z</time>
   </trkpt>
   <trkpt lat="12.9072830" lon="77.6348250">
    <ele>884.8</ele>
    <time>2026-04-19T12:30:33Z</time>
   </trkpt>
   <trkpt lat="12.9072860" lon="77.6348370">
    <ele>884.8</ele>
    <time>2026-04-19T12:30:34Z</time>
   </trkpt>
   <trkpt lat="12.9072860" lon="77.6348440">
    <ele>884.8</ele>
    <time>2026-04-19T12:30:35Z</time>
   </trkpt>
   <trkpt lat="12.9072860" lon="77.6348570">
    <ele>884.8</ele>
    <time>2026-04-19T12:30:36Z</time>
   </trkpt>
   <trkpt lat="12.9072880" lon="77.6348680">
    <ele>884.8</ele>
    <time>2026-04-19T12:30:37Z</time>
   </trkpt>
   <trkpt lat="12.9072870" lon="77.6348740">
    <ele>884.8</ele>
    <time>2026-04-19T12:30:38Z</time>
   </trkpt>
   <trkpt lat="12.9072900" lon="77.6348840">
    <ele>884.8</ele>
    <time>2026-04-19T12:30:39Z</time>
   </trkpt>
   <trkpt lat="12.9072930" lon="77.6348980">
    <ele>884.8</ele>
    <time>2026-04-19T12:30:40Z</time>
   </trkpt>
   <trkpt lat="12.9072980" lon="77.6349070">
    <ele>884.8</ele>
    <time>2026-04-19T12:30:41Z</time>
   </trkpt>
   <trkpt lat="12.9073070" lon="77.6349240">
    <ele>884.8</ele>
    <time>2026-04-19T12:30:42Z</time>
   </trkpt>
   <trkpt lat="12.9073130" lon="77.6349370">
    <ele>884.8</ele>
    <time>2026-04-19T12:30:43Z</time>
   </trkpt>
   <trkpt lat="12.9073160" lon="77.6349520">
    <ele>884.8</ele>
    <time>2026-04-19T12:30:44Z</time>
   </trkpt>
   <trkpt lat="12.9073180" lon="77.6349630">
    <ele>884.8</ele>
    <time>2026-04-19T12:30:45Z</time>
   </trkpt>
   <trkpt lat="12.9073210" lon="77.6349660">
    <ele>884.8</ele>
    <time>2026-04-19T12:30:46Z</time>
   </trkpt>
   <trkpt lat="12.9073190" lon="77.6349740">
    <ele>884.8</ele>
    <time>2026-04-19T12:30:47Z</time>
   </trkpt>
   <trkpt lat="12.9073220" lon="77.6349870">
    <ele>884.9</ele>
    <time>2026-04-19T12:30:48Z</time>
   </trkpt>
   <trkpt lat="12.9073220" lon="77.6349970">
    <ele>884.9</ele>
    <time>2026-04-19T12:30:49Z</time>
   </trkpt>
   <trkpt lat="12.9073240" lon="77.6350070">
    <ele>884.9</ele>
    <time>2026-04-19T12:30:50Z</time>
   </trkpt>
   <trkpt lat="12.9073230" lon="77.6350170">
    <ele>884.9</ele>
    <time>2026-04-19T12:30:51Z</time>
   </trkpt>
   <trkpt lat="12.9073320" lon="77.6350190">
    <ele>884.9</ele>
    <time>2026-04-19T12:30:52Z</time>
   </trkpt>
   <trkpt lat="12.9073400" lon="77.6350240">
    <ele>884.9</ele>
    <time>2026-04-19T12:30:53Z</time>
   </trkpt>
   <trkpt lat="12.9073440" lon="77.6350240">
    <ele>884.9</ele>
    <time>2026-04-19T12:30:54Z</time>
   </trkpt>
   <trkpt lat="12.9073460" lon="77.6350290">
    <ele>884.9</ele>
    <time>2026-04-19T12:30:55Z</time>
   </trkpt>
   <trkpt lat="12.9073370" lon="77.6350280">
    <ele>884.9</ele>
    <time>2026-04-19T12:30:56Z</time>
   </trkpt>
   <trkpt lat="12.9073310" lon="77.6350350">
    <ele>884.9</ele>
    <time>2026-04-19T12:30:57Z</time>
   </trkpt>
   <trkpt lat="12.9073340" lon="77.6350350">
    <ele>884.9</ele>
    <time>2026-04-19T12:30:58Z</time>
   </trkpt>
   <trkpt lat="12.9073370" lon="77.6350380">
    <ele>884.9</ele>
    <time>2026-04-19T12:30:59Z</time>
   </trkpt>
   <trkpt lat="12.9073390" lon="77.6350470">
    <ele>884.9</ele>
    <time>2026-04-19T12:31:00Z</time>
   </trkpt>
   <trkpt lat="12.9073400" lon="77.6350520">
    <ele>884.9</ele>
    <time>2026-04-19T12:31:01Z</time>
   </trkpt>
   <trkpt lat="12.9073460" lon="77.6350580">
    <ele>884.9</ele>
    <time>2026-04-19T12:31:02Z</time>
   </trkpt>
   <trkpt lat="12.9073580" lon="77.6350620">
    <ele>884.9</ele>
    <time>2026-04-19T12:31:03Z</time>
   </trkpt>
   <trkpt lat="12.9073670" lon="77.6350650">
    <ele>884.9</ele>
    <time>2026-04-19T12:31:04Z</time>
   </trkpt>
   <trkpt lat="12.9073650" lon="77.6350630">
    <ele>884.9</ele>
    <time>2026-04-19T12:31:05Z</time>
   </trkpt>
   <trkpt lat="12.9073720" lon="77.6350790">
    <ele>884.9</ele>
    <time>2026-04-19T12:31:06Z</time>
   </trkpt>
   <trkpt lat="12.9073710" lon="77.6350840">
    <ele>884.9</ele>
    <time>2026-04-19T12:31:07Z</time>
   </trkpt>
   <trkpt lat="12.9073720" lon="77.6350850">
    <ele>884.9</ele>
    <time>2026-04-19T12:31:08Z</time>
   </trkpt>
   <trkpt lat="12.9073720" lon="77.6350920">
    <ele>885.0</ele>
    <time>2026-04-19T12:31:09Z</time>
   </trkpt>
   <trkpt lat="12.9073680" lon="77.6351130">
    <ele>885.0</ele>
    <time>2026-04-19T12:31:10Z</time>
   </trkpt>
   <trkpt lat="12.9073680" lon="77.6351250">
    <ele>885.0</ele>
    <time>2026-04-19T12:31:11Z</time>
   </trkpt>
   <trkpt lat="12.9073680" lon="77.6351380">
    <ele>885.1</ele>
    <time>2026-04-19T12:31:12Z</time>
   </trkpt>
   <trkpt lat="12.9073680" lon="77.6351610">
    <ele>885.1</ele>
    <time>2026-04-19T12:31:13Z</time>
   </trkpt>
   <trkpt lat="12.9073680" lon="77.6351690">
    <ele>885.1</ele>
    <time>2026-04-19T12:31:14Z</time>
   </trkpt>
   <trkpt lat="12.9073690" lon="77.6351760">
    <ele>885.1</ele>
    <time>2026-04-19T12:31:15Z</time>
   </trkpt>
   <trkpt lat="12.9073680" lon="77.6351850">
    <ele>885.2</ele>
    <time>2026-04-19T12:31:16Z</time>
   </trkpt>
   <trkpt lat="12.9073650" lon="77.6351920">
    <ele>885.2</ele>
    <time>2026-04-19T12:31:17Z</time>
   </trkpt>
   <trkpt lat="12.9073670" lon="77.6352040">
    <ele>885.2</ele>
    <time>2026-04-19T12:31:18Z</time>
   </trkpt>
   <trkpt lat="12.9073550" lon="77.6352250">
    <ele>885.2</ele>
    <time>2026-04-19T12:31:19Z</time>
   </trkpt>
   <trkpt lat="12.9073520" lon="77.6352330">
    <ele>885.3</ele>
    <time>2026-04-19T12:31:20Z</time>
   </trkpt>
   <trkpt lat="12.9073480" lon="77.6352410">
    <ele>885.3</ele>
    <time>2026-04-19T12:31:21Z</time>
   </trkpt>
   <trkpt lat="12.9073320" lon="77.6352490">
    <ele>885.3</ele>
    <time>2026-04-19T12:31:22Z</time>
   </trkpt>
   <trkpt lat="12.9073270" lon="77.6352600">
    <ele>885.4</ele>
    <time>2026-04-19T12:31:23Z</time>
   </trkpt>
   <trkpt lat="12.9073280" lon="77.6352750">
    <ele>885.4</ele>
    <time>2026-04-19T12:31:24Z</time>
   </trkpt>
   <trkpt lat="12.9073260" lon="77.6352920">
    <ele>885.4</ele>
    <time>2026-04-19T12:31:25Z</time>
   </trkpt>
   <trkpt lat="12.9073220" lon="77.6353070">
    <ele>885.4</ele>
    <time>2026-04-19T12:31:26Z</time>
   </trkpt>
   <trkpt lat="12.9073220" lon="77.6353230">
    <ele>885.5</ele>
    <time>2026-04-19T12:31:27Z</time>
   </trkpt>
   <trkpt lat="12.9073080" lon="77.6353420">
    <ele>885.5</ele>
    <time>2026-04-19T12:31:28Z</time>
   </trkpt>
   <trkpt lat="12.9073070" lon="77.6353500">
    <ele>885.5</ele>
    <time>2026-04-19T12:31:29Z</time>
   </trkpt>
   <trkpt lat="12.9073050" lon="77.6353580">
    <ele>885.5</ele>
    <time>2026-04-19T12:31:30Z</time>
   </trkpt>
   <trkpt lat="12.9072930" lon="77.6353770">
    <ele>885.6</ele>
    <time>2026-04-19T12:31:31Z</time>
   </trkpt>
   <trkpt lat="12.9072920" lon="77.6353850">
    <ele>885.6</ele>
    <time>2026-04-19T12:31:32Z</time>
   </trkpt>
   <trkpt lat="12.9072910" lon="77.6353930">
    <ele>885.6</ele>
    <time>2026-04-19T12:31:33Z</time>
   </trkpt>
   <trkpt lat="12.9072880" lon="77.6354110">
    <ele>885.7</ele>
    <time>2026-04-19T12:31:34Z</time>
   </trkpt>
   <trkpt lat="12.9072840" lon="77.6354180">
    <ele>885.7</ele>
    <time>2026-04-19T12:31:35Z</time>
   </trkpt>
   <trkpt lat="12.9072810" lon="77.6354260">
    <ele>885.7</ele>
    <time>2026-04-19T12:31:36Z</time>
   </trkpt>
   <trkpt lat="12.9072770" lon="77.6354330">
    <ele>885.7</ele>
    <time>2026-04-19T12:31:37Z</time>
   </trkpt>
   <trkpt lat="12.9072720" lon="77.6354450">
    <ele>885.7</ele>
    <time>2026-04-19T12:31:38Z</time>
   </trkpt>
   <trkpt lat="12.9072700" lon="77.6354530">
    <ele>885.7</ele>
    <time>2026-04-19T12:31:39Z</time>
   </trkpt>
   <trkpt lat="12.9072720" lon="77.6354630">
    <ele>885.8</ele>
    <time>2026-04-19T12:31:40Z</time>
   </trkpt>
   <trkpt lat="12.9072750" lon="77.6354770">
    <ele>885.8</ele>
    <time>2026-04-19T12:31:41Z</time>
   </trkpt>
   <trkpt lat="12.9072650" lon="77.6354930">
    <ele>885.8</ele>
    <time>2026-04-19T12:31:42Z</time>
   </trkpt>
   <trkpt lat="12.9072580" lon="77.6355140">
    <ele>885.9</ele>
    <time>2026-04-19T12:31:43Z</time>
   </trkpt>
   <trkpt lat="12.9072530" lon="77.6355220">
    <ele>885.9</ele>
    <time>2026-04-19T12:31:44Z</time>
   </trkpt>
   <trkpt lat="12.9072490" lon="77.6355310">
    <ele>885.9</ele>
    <time>2026-04-19T12:31:45Z</time>
   </trkpt>
   <trkpt lat="12.9072530" lon="77.6355390">
    <ele>885.9</ele>
    <time>2026-04-19T12:31:46Z</time>
   </trkpt>
   <trkpt lat="12.9072510" lon="77.6355490">
    <ele>885.9</ele>
    <time>2026-04-19T12:31:47Z</time>
   </trkpt>
   <trkpt lat="12.9072540" lon="77.6355600">
    <ele>886.0</ele>
    <time>2026-04-19T12:31:48Z</time>
   </trkpt>
   <trkpt lat="12.9072500" lon="77.6355720">
    <ele>886.0</ele>
    <time>2026-04-19T12:31:49Z</time>
   </trkpt>
   <trkpt lat="12.9072450" lon="77.6355820">
    <ele>886.0</ele>
    <time>2026-04-19T12:31:50Z</time>
   </trkpt>
   <trkpt lat="12.9072400" lon="77.6355780">
    <ele>886.0</ele>
    <time>2026-04-19T12:31:51Z</time>
   </trkpt>
   <trkpt lat="12.9072360" lon="77.6355870">
    <ele>886.0</ele>
    <time>2026-04-19T12:31:52Z</time>
   </trkpt>
   <trkpt lat="12.9072200" lon="77.6355910">
    <ele>886.1</ele>
    <time>2026-04-19T12:31:53Z</time>
   </trkpt>
   <trkpt lat="12.9072170" lon="77.6355970">
    <ele>886.1</ele>
    <time>2026-04-19T12:31:54Z</time>
   </trkpt>
   <trkpt lat="12.9072200" lon="77.6356100">
    <ele>886.1</ele>
    <time>2026-04-19T12:31:55Z</time>
   </trkpt>
   <trkpt lat="12.9072160" lon="77.6356270">
    <ele>886.1</ele>
    <time>2026-04-19T12:31:56Z</time>
   </trkpt>
   <trkpt lat="12.9072210" lon="77.6356450">
    <ele>886.2</ele>
    <time>2026-04-19T12:31:57Z</time>
   </trkpt>
   <trkpt lat="12.9072110" lon="77.6356660">
    <ele>886.2</ele>
    <time>2026-04-19T12:31:58Z</time>
   </trkpt>
   <trkpt lat="12.9072130" lon="77.6356780">
    <ele>886.2</ele>
    <time>2026-04-19T12:31:59Z</time>
   </trkpt>
   <trkpt lat="12.9072050" lon="77.6356970">
    <ele>886.3</ele>
    <time>2026-04-19T12:32:00Z</time>
   </trkpt>
   <trkpt lat="12.9072020" lon="77.6357060">
    <ele>886.3</ele>
    <time>2026-04-19T12:32:01Z</time>
   </trkpt>
   <trkpt lat="12.9071880" lon="77.6357070">
    <ele>886.3</ele>
    <time>2026-04-19T12:32:02Z</time>
   </trkpt>
   <trkpt lat="12.9071760" lon="77.6357120">
    <ele>886.3</ele>
    <time>2026-04-19T12:32:03Z</time>
   </trkpt>
   <trkpt lat="12.9071700" lon="77.6357220">
    <ele>886.4</ele>
    <time>2026-04-19T12:32:04Z</time>
   </trkpt>
   <trkpt lat="12.9071720" lon="77.6357390">
    <ele>886.4</ele>
    <time>2026-04-19T12:32:05Z</time>
   </trkpt>
   <trkpt lat="12.9071710" lon="77.6357570">
    <ele>886.4</ele>
    <time>2026-04-19T12:32:06Z</time>
   </trkpt>
   <trkpt lat="12.9071620" lon="77.6357770">
    <ele>886.5</ele>
    <time>2026-04-19T12:32:07Z</time>
   </trkpt>
   <trkpt lat="12.9071550" lon="77.6357830">
    <ele>886.5</ele>
    <time>2026-04-19T12:32:08Z</time>
   </trkpt>
   <trkpt lat="12.9071480" lon="77.6357890">
    <ele>886.5</ele>
    <time>2026-04-19T12:32:09Z</time>
   </trkpt>
   <trkpt lat="12.9071400" lon="77.6358040">
    <ele>886.5</ele>
    <time>2026-04-19T12:32:10Z</time>
   </trkpt>
   <trkpt lat="12.9071310" lon="77.6358140">
    <ele>886.6</ele>
    <time>2026-04-19T12:32:11Z</time>
   </trkpt>
   <trkpt lat="12.9071270" lon="77.6358260">
    <ele>886.6</ele>
    <time>2026-04-19T12:32:12Z</time>
   </trkpt>
   <trkpt lat="12.9071240" lon="77.6358360">
    <ele>886.6</ele>
    <time>2026-04-19T12:32:13Z</time>
   </trkpt>
   <trkpt lat="12.9071220" lon="77.6358450">
    <ele>886.6</ele>
    <time>2026-04-19T12:32:14Z</time>
   </trkpt>
   <trkpt lat="12.9071190" lon="77.6358540">
    <ele>886.6</ele>
    <time>2026-04-19T12:32:15Z</time>
   </trkpt>
   <trkpt lat="12.9071080" lon="77.6358680">
    <ele>886.7</ele>
    <time>2026-04-19T12:32:16Z</time>
   </trkpt>
   <trkpt lat="12.9070990" lon="77.6358800">
    <ele>886.7</ele>
    <time>2026-04-19T12:32:17Z</time>
   </trkpt>
   <trkpt lat="12.9070950" lon="77.6358970">
    <ele>886.7</ele>
    <time>2026-04-19T12:32:18Z</time>
   </trkpt>
   <trkpt lat="12.9070890" lon="77.6359100">
    <ele>886.8</ele>
    <time>2026-04-19T12:32:19Z</time>
   </trkpt>
   <trkpt lat="12.9070770" lon="77.6359180">
    <ele>886.8</ele>
    <time>2026-04-19T12:32:20Z</time>
   </trkpt>
   <trkpt lat="12.9070770" lon="77.6359280">
    <ele>886.8</ele>
    <time>2026-04-19T12:32:21Z</time>
   </trkpt>
   <trkpt lat="12.9070660" lon="77.6359360">
    <ele>886.8</ele>
    <time>2026-04-19T12:32:22Z</time>
   </trkpt>
   <trkpt lat="12.9070540" lon="77.6359470">
    <ele>886.9</ele>
    <time>2026-04-19T12:32:23Z</time>
   </trkpt>
   <trkpt lat="12.9070560" lon="77.6359590">
    <ele>886.9</ele>
    <time>2026-04-19T12:32:24Z</time>
   </trkpt>
   <trkpt lat="12.9070540" lon="77.6359690">
    <ele>886.9</ele>
    <time>2026-04-19T12:32:25Z</time>
   </trkpt>
   <trkpt lat="12.9070490" lon="77.6359830">
    <ele>886.9</ele>
    <time>2026-04-19T12:32:26Z</time>
   </trkpt>
   <trkpt lat="12.9070490" lon="77.6360000">
    <ele>887.0</ele>
    <time>2026-04-19T12:32:27Z</time>
   </trkpt>
   <trkpt lat="12.9070420" lon="77.6360170">
    <ele>887.0</ele>
    <time>2026-04-19T12:32:28Z</time>
   </trkpt>
   <trkpt lat="12.9070320" lon="77.6360260">
    <ele>887.0</ele>
    <time>2026-04-19T12:32:29Z</time>
   </trkpt>
   <trkpt lat="12.9070280" lon="77.6360390">
    <ele>887.0</ele>
    <time>2026-04-19T12:32:30Z</time>
   </trkpt>
   <trkpt lat="12.9070210" lon="77.6360590">
    <ele>887.1</ele>
    <time>2026-04-19T12:32:31Z</time>
   </trkpt>
   <trkpt lat="12.9070140" lon="77.6360760">
    <ele>887.1</ele>
    <time>2026-04-19T12:32:32Z</time>
   </trkpt>
   <trkpt lat="12.9070120" lon="77.6360830">
    <ele>887.1</ele>
    <time>2026-04-19T12:32:33Z</time>
   </trkpt>
   <trkpt lat="12.9070110" lon="77.6360890">
    <ele>887.1</ele>
    <time>2026-04-19T12:32:34Z</time>
   </trkpt>
   <trkpt lat="12.9070090" lon="77.6360950">
    <ele>887.2</ele>
    <time>2026-04-19T12:32:35Z</time>
   </trkpt>
   <trkpt lat="12.9070040" lon="77.6361110">
    <ele>887.2</ele>
    <time>2026-04-19T12:32:36Z</time>
   </trkpt>
   <trkpt lat="12.9069980" lon="77.6361270">
    <ele>887.2</ele>
    <time>2026-04-19T12:32:37Z</time>
   </trkpt>
   <trkpt lat="12.9069930" lon="77.6361340">
    <ele>887.3</ele>
    <time>2026-04-19T12:32:38Z</time>
   </trkpt>
   <trkpt lat="12.9069880" lon="77.6361460">
    <ele>887.3</ele>
    <time>2026-04-19T12:32:39Z</time>
   </trkpt>
   <trkpt lat="12.9069810" lon="77.6361530">
    <ele>887.3</ele>
    <time>2026-04-19T12:32:40Z</time>
   </trkpt>
   <trkpt lat="12.9069770" lon="77.6361680">
    <ele>887.4</ele>
    <time>2026-04-19T12:32:41Z</time>
   </trkpt>
   <trkpt lat="12.9069740" lon="77.6361760">
    <ele>887.4</ele>
    <time>2026-04-19T12:32:42Z</time>
   </trkpt>
   <trkpt lat="12.9069710" lon="77.6361830">
    <ele>887.4</ele>
    <time>2026-04-19T12:32:43Z</time>
   </trkpt>
   <trkpt lat="12.9069680" lon="77.6361900">
    <ele>887.4</ele>
    <time>2026-04-19T12:32:44Z</time>
   </trkpt>
   <trkpt lat="12.9069650" lon="77.6362010">
    <ele>887.5</ele>
    <time>2026-04-19T12:32:45Z</time>
   </trkpt>
   <trkpt lat="12.9069650" lon="77.6362140">
    <ele>887.5</ele>
    <time>2026-04-19T12:32:46Z</time>
   </trkpt>
   <trkpt lat="12.9069610" lon="77.6362260">
    <ele>887.5</ele>
    <time>2026-04-19T12:32:47Z</time>
   </trkpt>
   <trkpt lat="12.9069580" lon="77.6362340">
    <ele>887.5</ele>
    <time>2026-04-19T12:32:48Z</time>
   </trkpt>
   <trkpt lat="12.9069500" lon="77.6362460">
    <ele>887.6</ele>
    <time>2026-04-19T12:32:49Z</time>
   </trkpt>
   <trkpt lat="12.9069440" lon="77.6362570">
    <ele>887.6</ele>
    <time>2026-04-19T12:32:50Z</time>
   </trkpt>
   <trkpt lat="12.9069410" lon="77.6362660">
    <ele>887.6</ele>
    <time>2026-04-19T12:32:51Z</time>
   </trkpt>
   <trkpt lat="12.9069390" lon="77.6362780">
    <ele>887.7</ele>
    <time>2026-04-19T12:32:52Z</time>
   </trkpt>
   <trkpt lat="12.9069340" lon="77.6362860">
    <ele>887.7</ele>
    <time>2026-04-19T12:32:53Z</time>
   </trkpt>
   <trkpt lat="12.9069260" lon="77.6363010">
    <ele>887.7</ele>
    <time>2026-04-19T12:32:54Z</time>
   </trkpt>
   <trkpt lat="12.9069220" lon="77.6363140">
    <ele>887.8</ele>
    <time>2026-04-19T12:32:55Z</time>
   </trkpt>
   <trkpt lat="12.9069230" lon="77.6363220">
    <ele>887.8</ele>
    <time>2026-04-19T12:32:56Z</time>
   </trkpt>
   <trkpt lat="12.9069180" lon="77.6363370">
    <ele>887.9</ele>
    <time>2026-04-19T12:32:57Z</time>
   </trkpt>
   <trkpt lat="12.9069160" lon="77.6363480">
    <ele>887.9</ele>
    <time>2026-04-19T12:32:58Z</time>
   </trkpt>
   <trkpt lat="12.9069150" lon="77.6363600">
    <ele>887.9</ele>
    <time>2026-04-19T12:32:59Z</time>
   </trkpt>
   <trkpt lat="12.9069120" lon="77.6363710">
    <ele>888.0</ele>
    <time>2026-04-19T12:33:00Z</time>
   </trkpt>
   <trkpt lat="12.9069070" lon="77.6363810">
    <ele>888.0</ele>
    <time>2026-04-19T12:33:01Z</time>
   </trkpt>
   <trkpt lat="12.9069010" lon="77.6363910">
    <ele>888.1</ele>
    <time>2026-04-19T12:33:02Z</time>
   </trkpt>
   <trkpt lat="12.9068960" lon="77.6364010">
    <ele>888.1</ele>
    <time>2026-04-19T12:33:03Z</time>
   </trkpt>
   <trkpt lat="12.9068930" lon="77.6364110">
    <ele>888.1</ele>
    <time>2026-04-19T12:33:04Z</time>
   </trkpt>
   <trkpt lat="12.9068930" lon="77.6364230">
    <ele>888.2</ele>
    <time>2026-04-19T12:33:05Z</time>
   </trkpt>
   <trkpt lat="12.9068870" lon="77.6364360">
    <ele>888.2</ele>
    <time>2026-04-19T12:33:06Z</time>
   </trkpt>
   <trkpt lat="12.9068830" lon="77.6364470">
    <ele>888.3</ele>
    <time>2026-04-19T12:33:07Z</time>
   </trkpt>
   <trkpt lat="12.9068770" lon="77.6364570">
    <ele>888.3</ele>
    <time>2026-04-19T12:33:08Z</time>
   </trkpt>
   <trkpt lat="12.9068700" lon="77.6364650">
    <ele>888.3</ele>
    <time>2026-04-19T12:33:09Z</time>
   </trkpt>
   <trkpt lat="12.9068670" lon="77.6364710">
    <ele>888.4</ele>
    <time>2026-04-19T12:33:10Z</time>
   </trkpt>
   <trkpt lat="12.9068630" lon="77.6364880">
    <ele>888.4</ele>
    <time>2026-04-19T12:33:11Z</time>
   </trkpt>
   <trkpt lat="12.9068570" lon="77.6365040">
    <ele>888.5</ele>
    <time>2026-04-19T12:33:12Z</time>
   </trkpt>
   <trkpt lat="12.9068490" lon="77.6365250">
    <ele>888.6</ele>
    <time>2026-04-19T12:33:13Z</time>
   </trkpt>
   <trkpt lat="12.9068420" lon="77.6365340">
    <ele>888.6</ele>
    <time>2026-04-19T12:33:14Z</time>
   </trkpt>
   <trkpt lat="12.9068350" lon="77.6365430">
    <ele>888.7</ele>
    <time>2026-04-19T12:33:15Z</time>
   </trkpt>
   <trkpt lat="12.9068280" lon="77.6365490">
    <ele>888.7</ele>
    <time>2026-04-19T12:33:16Z</time>
   </trkpt>
   <trkpt lat="12.9068200" lon="77.6365590">
    <ele>888.7</ele>
    <time>2026-04-19T12:33:17Z</time>
   </trkpt>
   <trkpt lat="12.9068050" lon="77.6365680">
    <ele>888.8</ele>
    <time>2026-04-19T12:33:18Z</time>
   </trkpt>
   <trkpt lat="12.9068010" lon="77.6365710">
    <ele>888.8</ele>
    <time>2026-04-19T12:33:19Z</time>
   </trkpt>
   <trkpt lat="12.9067950" lon="77.6365810">
    <ele>888.9</ele>
    <time>2026-04-19T12:33:20Z</time>
   </trkpt>
   <trkpt lat="12.9067770" lon="77.6366010">
    <ele>889.0</ele>
    <time>2026-04-19T12:33:21Z</time>
   </trkpt>
   <trkpt lat="12.9067710" lon="77.6366090">
    <ele>889.0</ele>
    <time>2026-04-19T12:33:22Z</time>
   </trkpt>
   <trkpt lat="12.9067660" lon="77.6366200">
    <ele>889.1</ele>
    <time>2026-04-19T12:33:23Z</time>
   </trkpt>
   <trkpt lat="12.9067570" lon="77.6366310">
    <ele>889.1</ele>
    <time>2026-04-19T12:33:24Z</time>
   </trkpt>
   <trkpt lat="12.9067540" lon="77.6366380">
    <ele>889.2</ele>
    <time>2026-04-19T12:33:25Z</time>
   </trkpt>
   <trkpt lat="12.9067490" lon="77.6366470">
    <ele>889.2</ele>
    <time>2026-04-19T12:33:26Z</time>
   </trkpt>
   <trkpt lat="12.9067460" lon="77.6366590">
    <ele>889.3</ele>
    <time>2026-04-19T12:33:27Z</time>
   </trkpt>
   <trkpt lat="12.9067430" lon="77.6366700">
    <ele>889.3</ele>
    <time>2026-04-19T12:33:28Z</time>
   </trkpt>
   <trkpt lat="12.9067280" lon="77.6366860">
    <ele>889.4</ele>
    <time>2026-04-19T12:33:29Z</time>
   </trkpt>
   <trkpt lat="12.9067250" lon="77.6366940">
    <ele>889.4</ele>
    <time>2026-04-19T12:33:30Z</time>
   </trkpt>
   <trkpt lat="12.9067230" lon="77.6367030">
    <ele>889.5</ele>
    <time>2026-04-19T12:33:31Z</time>
   </trkpt>
   <trkpt lat="12.9067180" lon="77.6367170">
    <ele>889.5</ele>
    <time>2026-04-19T12:33:32Z</time>
   </trkpt>
   <trkpt lat="12.9067170" lon="77.6367230">
    <ele>889.6</ele>
    <time>2026-04-19T12:33:33Z</time>
   </trkpt>
   <trkpt lat="12.9067150" lon="77.6367350">
    <ele>889.6</ele>
    <time>2026-04-19T12:33:34Z</time>
   </trkpt>
   <trkpt lat="12.9067090" lon="77.6367510">
    <ele>889.7</ele>
    <time>2026-04-19T12:33:35Z</time>
   </trkpt>
   <trkpt lat="12.9067020" lon="77.6367600">
    <ele>889.7</ele>
    <time>2026-04-19T12:33:36Z</time>
   </trkpt>
   <trkpt lat="12.9066950" lon="77.6367700">
    <ele>889.8</ele>
    <time>2026-04-19T12:33:37Z</time>
   </trkpt>
   <trkpt lat="12.9066860" lon="77.6367740">
    <ele>889.8</ele>
    <time>2026-04-19T12:33:38Z</time>
   </trkpt>
   <trkpt lat="12.9066760" lon="77.6367810">
    <ele>889.9</ele>
    <time>2026-04-19T12:33:39Z</time>
   </trkpt>
   <trkpt lat="12.9066710" lon="77.6367930">
    <ele>889.9</ele>
    <time>2026-04-19T12:33:40Z</time>
   </trkpt>
   <trkpt lat="12.9066700" lon="77.6368070">
    <ele>890.0</ele>
    <time>2026-04-19T12:33:41Z</time>
   </trkpt>
   <trkpt lat="12.9066710" lon="77.6368110">
    <ele>890.0</ele>
    <time>2026-04-19T12:33:42Z</time>
   </trkpt>
   <trkpt lat="12.9066730" lon="77.6368220">
    <ele>890.0</ele>
    <time>2026-04-19T12:33:43Z</time>
   </trkpt>
   <trkpt lat="12.9066680" lon="77.6368470">
    <ele>890.1</ele>
    <time>2026-04-19T12:33:44Z</time>
   </trkpt>
   <trkpt lat="12.9066700" lon="77.6368550">
    <ele>890.1</ele>
    <time>2026-04-19T12:33:45Z</time>
   </trkpt>
   <trkpt lat="12.9066710" lon="77.6368560">
    <ele>890.1</ele>
    <time>2026-04-19T12:33:46Z</time>
   </trkpt>
   <trkpt lat="12.9066680" lon="77.6368620">
    <ele>890.2</ele>
    <time>2026-04-19T12:33:47Z</time>
   </trkpt>
   <trkpt lat="12.9066630" lon="77.6368650">
    <ele>890.2</ele>
    <time>2026-04-19T12:33:48Z</time>
   </trkpt>
   <trkpt lat="12.9066560" lon="77.6368770">
    <ele>890.2</ele>
    <time>2026-04-19T12:33:49Z</time>
   </trkpt>
   <trkpt lat="12.9066520" lon="77.6368920">
    <ele>890.3</ele>
    <time>2026-04-19T12:33:50Z</time>
   </trkpt>
   <trkpt lat="12.9066480" lon="77.6369060">
    <ele>890.3</ele>
    <time>2026-04-19T12:33:51Z</time>
   </trkpt>
   <trkpt lat="12.9066410" lon="77.6369200">
    <ele>890.4</ele>
    <time>2026-04-19T12:33:52Z</time>
   </trkpt>
   <trkpt lat="12.9066330" lon="77.6369160">
    <ele>890.4</ele>
    <time>2026-04-19T12:33:53Z</time>
   </trkpt>
   <trkpt lat="12.9066320" lon="77.6369240">
    <ele>890.4</ele>
    <time>2026-04-19T12:33:54Z</time>
   </trkpt>
   <trkpt lat="12.9066290" lon="77.6369370">
    <ele>890.5</ele>
    <time>2026-04-19T12:33:55Z</time>
   </trkpt>
   <trkpt lat="12.9066320" lon="77.6369470">
    <ele>890.5</ele>
    <time>2026-04-19T12:33:56Z</time>
   </trkpt>
   <trkpt lat="12.9066320" lon="77.6369630">
    <ele>890.6</ele>
    <time>2026-04-19T12:33:57Z</time>
   </trkpt>
   <trkpt lat="12.9066260" lon="77.6369710">
    <ele>890.6</ele>
    <time>2026-04-19T12:33:58Z</time>
   </trkpt>
   <trkpt lat="12.9066220" lon="77.6369850">
    <ele>890.6</ele>
    <time>2026-04-19T12:33:59Z</time>
   </trkpt>
   <trkpt lat="12.9066200" lon="77.6369910">
    <ele>890.6</ele>
    <time>2026-04-19T12:34:00Z</time>
   </trkpt>
   <trkpt lat="12.9066140" lon="77.6370040">
    <ele>890.7</ele>
    <time>2026-04-19T12:34:01Z</time>
   </trkpt>
   <trkpt lat="12.9066040" lon="77.6370240">
    <ele>890.8</ele>
    <time>2026-04-19T12:34:02Z</time>
   </trkpt>
   <trkpt lat="12.9066020" lon="77.6370310">
    <ele>890.8</ele>
    <time>2026-04-19T12:34:03Z</time>
   </trkpt>
   <trkpt lat="12.9066000" lon="77.6370390">
    <ele>890.8</ele>
    <time>2026-04-19T12:34:04Z</time>
   </trkpt>
   <trkpt lat="12.9065860" lon="77.6370710">
    <ele>890.9</ele>
    <time>2026-04-19T12:34:05Z</time>
   </trkpt>
   <trkpt lat="12.9065820" lon="77.6370760">
    <ele>890.9</ele>
    <time>2026-04-19T12:34:06Z</time>
   </trkpt>
   <trkpt lat="12.9065870" lon="77.6370890">
    <ele>891.0</ele>
    <time>2026-04-19T12:34:07Z</time>
   </trkpt>
   <trkpt lat="12.9065870" lon="77.6371000">
    <ele>891.0</ele>
    <time>2026-04-19T12:34:08Z</time>
   </trkpt>
   <trkpt lat="12.9065890" lon="77.6371130">
    <ele>891.0</ele>
    <time>2026-04-19T12:34:09Z</time>
   </trkpt>
   <trkpt lat="12.9065820" lon="77.6371280">
    <ele>891.1</ele>
    <time>2026-04-19T12:34:10Z</time>
   </trkpt>
   <trkpt lat="12.9065780" lon="77.6371390">
    <ele>891.1</ele>
    <time>2026-04-19T12:34:11Z</time>
   </trkpt>
   <trkpt lat="12.9065710" lon="77.6371490">
    <ele>891.1</ele>
    <time>2026-04-19T12:34:12Z</time>
   </trkpt>
   <trkpt lat="12.9065640" lon="77.6371560">
    <ele>891.2</ele>
    <time>2026-04-19T12:34:13Z</time>
   </trkpt>
   <trkpt lat="12.9065590" lon="77.6371670">
    <ele>891.2</ele>
    <time>2026-04-19T12:34:14Z</time>
   </trkpt>
   <trkpt lat="12.9065540" lon="77.6371850">
    <ele>891.3</ele>
    <time>2026-04-19T12:34:15Z</time>
   </trkpt>
   <trkpt lat="12.9065530" lon="77.6371960">
    <ele>891.3</ele>
    <time>2026-04-19T12:34:16Z</time>
   </trkpt>
   <trkpt lat="12.9065530" lon="77.6372060">
    <ele>891.3</ele>
    <time>2026-04-19T12:34:17Z</time>
   </trkpt>
   <trkpt lat="12.9065090" lon="77.6372170">
    <ele>891.4</ele>
    <time>2026-04-19T12:34:18Z</time>
   </trkpt>
   <trkpt lat="12.9064890" lon="77.6372180">
    <ele>891.5</ele>
    <time>2026-04-19T12:34:19Z</time>
   </trkpt>
   <trkpt lat="12.9064730" lon="77.6372250">
    <ele>891.6</ele>
    <time>2026-04-19T12:34:20Z</time>
   </trkpt>
   <trkpt lat="12.9064740" lon="77.6372260">
    <ele>891.6</ele>
    <time>2026-04-19T12:34:21Z</time>
   </trkpt>
   <trkpt lat="12.9064760" lon="77.6372320">
    <ele>891.6</ele>
    <time>2026-04-19T12:34:22Z</time>
   </trkpt>
   <trkpt lat="12.9064710" lon="77.6372500">
    <ele>891.6</ele>
    <time>2026-04-19T12:34:23Z</time>
   </trkpt>
   <trkpt lat="12.9064710" lon="77.6372680">
    <ele>891.7</ele>
    <time>2026-04-19T12:34:24Z</time>
   </trkpt>
   <trkpt lat="12.9064690" lon="77.6372820">
    <ele>891.7</ele>
    <time>2026-04-19T12:34:25Z</time>
   </trkpt>
   <trkpt lat="12.9064660" lon="77.6372930">
    <ele>891.8</ele>
    <time>2026-04-19T12:34:26Z</time>
   </trkpt>
   <trkpt lat="12.9064600" lon="77.6373020">
    <ele>891.8</ele>
    <time>2026-04-19T12:34:27Z</time>
   </trkpt>
   <trkpt lat="12.9064550" lon="77.6373120">
    <ele>891.8</ele>
    <time>2026-04-19T12:34:28Z</time>
   </trkpt>
   <trkpt lat="12.9064530" lon="77.6373270">
    <ele>891.8</ele>
    <time>2026-04-19T12:34:29Z</time>
   </trkpt>
   <trkpt lat="12.9064490" lon="77.6373400">
    <ele>891.9</ele>
    <time>2026-04-19T12:34:30Z</time>
   </trkpt>
   <trkpt lat="12.9064480" lon="77.6373560">
    <ele>891.9</ele>
    <time>2026-04-19T12:34:31Z</time>
   </trkpt>
   <trkpt lat="12.9064500" lon="77.6373700">
    <ele>892.0</ele>
    <time>2026-04-19T12:34:32Z</time>
   </trkpt>
   <trkpt lat="12.9064430" lon="77.6373790">
    <ele>892.0</ele>
    <time>2026-04-19T12:34:33Z</time>
   </trkpt>
   <trkpt lat="12.9064420" lon="77.6373880">
    <ele>892.0</ele>
    <time>2026-04-19T12:34:34Z</time>
   </trkpt>
   <trkpt lat="12.9064410" lon="77.6373900">
    <ele>892.0</ele>
    <time>2026-04-19T12:34:35Z</time>
   </trkpt>
   <trkpt lat="12.9064340" lon="77.6373850">
    <ele>892.0</ele>
    <time>2026-04-19T12:34:36Z</time>
   </trkpt>
   <trkpt lat="12.9064330" lon="77.6373900">
    <ele>892.1</ele>
    <time>2026-04-19T12:34:37Z</time>
   </trkpt>
   <trkpt lat="12.9064310" lon="77.6373990">
    <ele>892.1</ele>
    <time>2026-04-19T12:34:38Z</time>
   </trkpt>
   <trkpt lat="12.9064290" lon="77.6374030">
    <ele>892.1</ele>
    <time>2026-04-19T12:34:39Z</time>
   </trkpt>
   <trkpt lat="12.9064270" lon="77.6374110">
    <ele>892.1</ele>
    <time>2026-04-19T12:34:40Z</time>
   </trkpt>
   <trkpt lat="12.9064210" lon="77.6374180">
    <ele>892.1</ele>
    <time>2026-04-19T12:34:41Z</time>
   </trkpt>
   <trkpt lat="12.9064140" lon="77.6374210">
    <ele>892.2</ele>
    <time>2026-04-19T12:34:42Z</time>
   </trkpt>
   <trkpt lat="12.9064060" lon="77.6374280">
    <ele>892.2</ele>
    <time>2026-04-19T12:34:43Z</time>
   </trkpt>
   <trkpt lat="12.9064030" lon="77.6374520">
    <ele>892.2</ele>
    <time>2026-04-19T12:34:44Z</time>
   </trkpt>
   <trkpt lat="12.9063950" lon="77.6374700">
    <ele>892.3</ele>
    <time>2026-04-19T12:34:45Z</time>
   </trkpt>
   <trkpt lat="12.9063930" lon="77.6374780">
    <ele>892.3</ele>
    <time>2026-04-19T12:34:46Z</time>
   </trkpt>
   <trkpt lat="12.9063900" lon="77.6374870">
    <ele>892.3</ele>
    <time>2026-04-19T12:34:47Z</time>
   </trkpt>
   <trkpt lat="12.9063880" lon="77.6375040">
    <ele>892.4</ele>
    <time>2026-04-19T12:34:48Z</time>
   </trkpt>
   <trkpt lat="12.9063890" lon="77.6375150">
    <ele>892.4</ele>
    <time>2026-04-19T12:34:49Z</time>
   </trkpt>
   <trkpt lat="12.9063850" lon="77.6375290">
    <ele>892.5</ele>
    <time>2026-04-19T12:34:50Z</time>
   </trkpt>
   <trkpt lat="12.9063790" lon="77.6375450">
    <ele>892.5</ele>
    <time>2026-04-19T12:34:51Z</time>
   </trkpt>
   <trkpt lat="12.9063740" lon="77.6375570">
    <ele>892.5</ele>
    <time>2026-04-19T12:34:52Z</time>
   </trkpt>
   <trkpt lat="12.9063630" lon="77.6375610">
    <ele>892.6</ele>
    <time>2026-04-19T12:34:53Z</time>
   </trkpt>
   <trkpt lat="12.9063550" lon="77.6375720">
    <ele>892.6</ele>
    <time>2026-04-19T12:34:54Z</time>
   </trkpt>
   <trkpt lat="12.9063450" lon="77.6375860">
    <ele>892.7</ele>
    <time>2026-04-19T12:34:55Z</time>
   </trkpt>
   <trkpt lat="12.9063420" lon="77.6375940">
    <ele>892.7</ele>
    <time>2026-04-19T12:34:56Z</time>
   </trkpt>
   <trkpt lat="12.9063390" lon="77.6376010">
    <ele>892.7</ele>
    <time>2026-04-19T12:34:57Z</time>
   </trkpt>
   <trkpt lat="12.9063360" lon="77.6376080">
    <ele>892.7</ele>
    <time>2026-04-19T12:34:58Z</time>
   </trkpt>
   <trkpt lat="12.9063260" lon="77.6376250">
    <ele>892.8</ele>
    <time>2026-04-19T12:34:59Z</time>
   </trkpt>
   <trkpt lat="12.9063200" lon="77.6376330">
    <ele>892.8</ele>
    <time>2026-04-19T12:35:00Z</time>
   </trkpt>
   <trkpt lat="12.9063150" lon="77.6376420">
    <ele>892.8</ele>
    <time>2026-04-19T12:35:01Z</time>
   </trkpt>
   <trkpt lat="12.9063150" lon="77.6376630">
    <ele>892.9</ele>
    <time>2026-04-19T12:35:02Z</time>
   </trkpt>
   <trkpt lat="12.9063140" lon="77.6376720">
    <ele>892.9</ele>
    <time>2026-04-19T12:35:03Z</time>
   </trkpt>
   <trkpt lat="12.9063130" lon="77.6376800">
    <ele>892.9</ele>
    <time>2026-04-19T12:35:04Z</time>
   </trkpt>
   <trkpt lat="12.9063080" lon="77.6376930">
    <ele>893.0</ele>
    <time>2026-04-19T12:35:05Z</time>
   </trkpt>
   <trkpt lat="12.9063020" lon="77.6376980">
    <ele>893.0</ele>
    <time>2026-04-19T12:35:06Z</time>
   </trkpt>
   <trkpt lat="12.9063020" lon="77.6377090">
    <ele>893.0</ele>
    <time>2026-04-19T12:35:07Z</time>
   </trkpt>
   <trkpt lat="12.9063030" lon="77.6377250">
    <ele>893.1</ele>
    <time>2026-04-19T12:35:08Z</time>
   </trkpt>
   <trkpt lat="12.9063040" lon="77.6377320">
    <ele>893.1</ele>
    <time>2026-04-19T12:35:09Z</time>
   </trkpt>
   <trkpt lat="12.9063020" lon="77.6377460">
    <ele>893.2</ele>
    <time>2026-04-19T12:35:10Z</time>
   </trkpt>
   <trkpt lat="12.9062900" lon="77.6377570">
    <ele>893.2</ele>
    <time>2026-04-19T12:35:11Z</time>
   </trkpt>
   <trkpt lat="12.9062780" lon="77.6377700">
    <ele>893.2</ele>
    <time>2026-04-19T12:35:12Z</time>
   </trkpt>
   <trkpt lat="12.9062590" lon="77.6377810">
    <ele>893.3</ele>
    <time>2026-04-19T12:35:13Z</time>
   </trkpt>
   <trkpt lat="12.9062540" lon="77.6377870">
    <ele>893.3</ele>
    <time>2026-04-19T12:35:14Z</time>
   </trkpt>
   <trkpt lat="12.9062490" lon="77.6377930">
    <ele>893.3</ele>
    <time>2026-04-19T12:35:15Z</time>
   </trkpt>
   <trkpt lat="12.9062460" lon="77.6377980">
    <ele>893.4</ele>
    <time>2026-04-19T12:35:16Z</time>
   </trkpt>
   <trkpt lat="12.9062440" lon="77.6378090">
    <ele>893.4</ele>
    <time>2026-04-19T12:35:17Z</time>
   </trkpt>
   <trkpt lat="12.9062360" lon="77.6378260">
    <ele>893.4</ele>
    <time>2026-04-19T12:35:18Z</time>
   </trkpt>
   <trkpt lat="12.9062370" lon="77.6378340">
    <ele>893.4</ele>
    <time>2026-04-19T12:35:19Z</time>
   </trkpt>
   <trkpt lat="12.9062370" lon="77.6378450">
    <ele>893.5</ele>
    <time>2026-04-19T12:35:20Z</time>
   </trkpt>
   <trkpt lat="12.9062300" lon="77.6378570">
    <ele>893.5</ele>
    <time>2026-04-19T12:35:21Z</time>
   </trkpt>
   <trkpt lat="12.9062260" lon="77.6378670">
    <ele>893.5</ele>
    <time>2026-04-19T12:35:22Z</time>
   </trkpt>
   <trkpt lat="12.9062150" lon="77.6378760">
    <ele>893.6</ele>
    <time>2026-04-19T12:35:23Z</time>
   </trkpt>
   <trkpt lat="12.9062170" lon="77.6378910">
    <ele>893.6</ele>
    <time>2026-04-19T12:35:24Z</time>
   </trkpt>
   <trkpt lat="12.9062100" lon="77.6379040">
    <ele>893.7</ele>
    <time>2026-04-19T12:35:25Z</time>
   </trkpt>
   <trkpt lat="12.9062040" lon="77.6379210">
    <ele>893.7</ele>
    <time>2026-04-19T12:35:26Z</time>
   </trkpt>
   <trkpt lat="12.9062040" lon="77.6379370">
    <ele>893.7</ele>
    <time>2026-04-19T12:35:27Z</time>
   </trkpt>
   <trkpt lat="12.9061990" lon="77.6379510">
    <ele>893.8</ele>
    <time>2026-04-19T12:35:28Z</time>
   </trkpt>
   <trkpt lat="12.9061950" lon="77.6379620">
    <ele>893.8</ele>
    <time>2026-04-19T12:35:29Z</time>
   </trkpt>
   <trkpt lat="12.9061880" lon="77.6379730">
    <ele>893.8</ele>
    <time>2026-04-19T12:35:30Z</time>
   </trkpt>
   <trkpt lat="12.9061840" lon="77.6379800">
    <ele>893.8</ele>
    <time>2026-04-19T12:35:31Z</time>
   </trkpt>
   <trkpt lat="12.9061820" lon="77.6379870">
    <ele>893.9</ele>
    <time>2026-04-19T12:35:32Z</time>
   </trkpt>
   <trkpt lat="12.9061780" lon="77.6379940">
    <ele>893.9</ele>
    <time>2026-04-19T12:35:33Z</time>
   </trkpt>
   <trkpt lat="12.9061700" lon="77.6380040">
    <ele>893.9</ele>
    <time>2026-04-19T12:35:34Z</time>
   </trkpt>
   <trkpt lat="12.9061640" lon="77.6380120">
    <ele>893.9</ele>
    <time>2026-04-19T12:35:35Z</time>
   </trkpt>
   <trkpt lat="12.9061540" lon="77.6380210">
    <ele>894.0</ele>
    <time>2026-04-19T12:35:36Z</time>
   </trkpt>
   <trkpt lat="12.9061520" lon="77.6380290">
    <ele>894.0</ele>
    <time>2026-04-19T12:35:37Z</time>
   </trkpt>
   <trkpt lat="12.9061540" lon="77.6380390">
    <ele>894.0</ele>
    <time>2026-04-19T12:35:38Z</time>
   </trkpt>
   <trkpt lat="12.9061530" lon="77.6380490">
    <ele>894.0</ele>
    <time>2026-04-19T12:35:39Z</time>
   </trkpt>
   <trkpt lat="12.9061470" lon="77.6380640">
    <ele>894.1</ele>
    <time>2026-04-19T12:35:40Z</time>
   </trkpt>
   <trkpt lat="12.9061450" lon="77.6380760">
    <ele>894.1</ele>
    <time>2026-04-19T12:35:41Z</time>
   </trkpt>
   <trkpt lat="12.9061450" lon="77.6380970">
    <ele>894.2</ele>
    <time>2026-04-19T12:35:42Z</time>
   </trkpt>
   <trkpt lat="12.9061470" lon="77.6381060">
    <ele>894.2</ele>
    <time>2026-04-19T12:35:43Z</time>
   </trkpt>
   <trkpt lat="12.9061430" lon="77.6381210">
    <ele>894.2</ele>
    <time>2026-04-19T12:35:44Z</time>
   </trkpt>
   <trkpt lat="12.9061450" lon="77.6381310">
    <ele>894.2</ele>
    <time>2026-04-19T12:35:45Z</time>
   </trkpt>
   <trkpt lat="12.9061400" lon="77.6381330">
    <ele>894.2</ele>
    <time>2026-04-19T12:35:46Z</time>
   </trkpt>
   <trkpt lat="12.9061400" lon="77.6381440">
    <ele>894.3</ele>
    <time>2026-04-19T12:35:47Z</time>
   </trkpt>
   <trkpt lat="12.9061360" lon="77.6381600">
    <ele>894.3</ele>
    <time>2026-04-19T12:35:48Z</time>
   </trkpt>
   <trkpt lat="12.9061310" lon="77.6381730">
    <ele>894.3</ele>
    <time>2026-04-19T12:35:49Z</time>
   </trkpt>
   <trkpt lat="12.9061260" lon="77.6381800">
    <ele>894.4</ele>
    <time>2026-04-19T12:35:50Z</time>
   </trkpt>
   <trkpt lat="12.9061230" lon="77.6381880">
    <ele>894.4</ele>
    <time>2026-04-19T12:35:51Z</time>
   </trkpt>
   <trkpt lat="12.9061160" lon="77.6382090">
    <ele>894.4</ele>
    <time>2026-04-19T12:35:52Z</time>
   </trkpt>
   <trkpt lat="12.9061120" lon="77.6382220">
    <ele>894.5</ele>
    <time>2026-04-19T12:35:53Z</time>
   </trkpt>
   <trkpt lat="12.9061100" lon="77.6382380">
    <ele>894.5</ele>
    <time>2026-04-19T12:35:54Z</time>
   </trkpt>
   <trkpt lat="12.9061060" lon="77.6382550">
    <ele>894.5</ele>
    <time>2026-04-19T12:35:55Z</time>
   </trkpt>
   <trkpt lat="12.9061000" lon="77.6382700">
    <ele>894.6</ele>
    <time>2026-04-19T12:35:56Z</time>
   </trkpt>
   <trkpt lat="12.9060950" lon="77.6382740">
    <ele>894.6</ele>
    <time>2026-04-19T12:35:57Z</time>
   </trkpt>
   <trkpt lat="12.9060910" lon="77.6382780">
    <ele>894.6</ele>
    <time>2026-04-19T12:35:58Z</time>
   </trkpt>
   <trkpt lat="12.9060860" lon="77.6382820">
    <ele>894.6</ele>
    <time>2026-04-19T12:35:59Z</time>
   </trkpt>
   <trkpt lat="12.9060820" lon="77.6382860">
    <ele>894.6</ele>
    <time>2026-04-19T12:36:00Z</time>
   </trkpt>
   <trkpt lat="12.9060700" lon="77.6382940">
    <ele>894.6</ele>
    <time>2026-04-19T12:36:01Z</time>
   </trkpt>
   <trkpt lat="12.9060720" lon="77.6383080">
    <ele>894.7</ele>
    <time>2026-04-19T12:36:02Z</time>
   </trkpt>
   <trkpt lat="12.9060750" lon="77.6383170">
    <ele>894.7</ele>
    <time>2026-04-19T12:36:03Z</time>
   </trkpt>
   <trkpt lat="12.9060750" lon="77.6383220">
    <ele>894.7</ele>
    <time>2026-04-19T12:36:04Z</time>
   </trkpt>
   <trkpt lat="12.9060670" lon="77.6383270">
    <ele>894.7</ele>
    <time>2026-04-19T12:36:05Z</time>
   </trkpt>
   <trkpt lat="12.9060600" lon="77.6383360">
    <ele>894.7</ele>
    <time>2026-04-19T12:36:06Z</time>
   </trkpt>
   <trkpt lat="12.9060520" lon="77.6383450">
    <ele>894.8</ele>
    <time>2026-04-19T12:36:07Z</time>
   </trkpt>
   <trkpt lat="12.9060490" lon="77.6383620">
    <ele>894.8</ele>
    <time>2026-04-19T12:36:08Z</time>
   </trkpt>
   <trkpt lat="12.9060480" lon="77.6383760">
    <ele>894.8</ele>
    <time>2026-04-19T12:36:09Z</time>
   </trkpt>
   <trkpt lat="12.9060430" lon="77.6383940">
    <ele>894.9</ele>
    <time>2026-04-19T12:36:10Z</time>
   </trkpt>
   <trkpt lat="12.9060410" lon="77.6384010">
    <ele>894.9</ele>
    <time>2026-04-19T12:36:11Z</time>
   </trkpt>
   <trkpt lat="12.9060380" lon="77.6384070">
    <ele>894.9</ele>
    <time>2026-04-19T12:36:12Z</time>
   </trkpt>
   <trkpt lat="12.9060350" lon="77.6384140">
    <ele>894.9</ele>
    <time>2026-04-19T12:36:13Z</time>
   </trkpt>
   <trkpt lat="12.9060300" lon="77.6384210">
    <ele>894.9</ele>
    <time>2026-04-19T12:36:14Z</time>
   </trkpt>
   <trkpt lat="12.9060230" lon="77.6384340">
    <ele>895.0</ele>
    <time>2026-04-19T12:36:15Z</time>
   </trkpt>
   <trkpt lat="12.9060190" lon="77.6384480">
    <ele>895.0</ele>
    <time>2026-04-19T12:36:16Z</time>
   </trkpt>
   <trkpt lat="12.9060120" lon="77.6384610">
    <ele>895.0</ele>
    <time>2026-04-19T12:36:17Z</time>
   </trkpt>
   <trkpt lat="12.9060080" lon="77.6384690">
    <ele>895.0</ele>
    <time>2026-04-19T12:36:18Z</time>
   </trkpt>
   <trkpt lat="12.9060030" lon="77.6384770">
    <ele>895.1</ele>
    <time>2026-04-19T12:36:19Z</time>
   </trkpt>
   <trkpt lat="12.9059980" lon="77.6384850">
    <ele>895.1</ele>
    <time>2026-04-19T12:36:20Z</time>
   </trkpt>
   <trkpt lat="12.9059910" lon="77.6384960">
    <ele>895.1</ele>
    <time>2026-04-19T12:36:21Z</time>
   </trkpt>
   <trkpt lat="12.9059890" lon="77.6385130">
    <ele>895.2</ele>
    <time>2026-04-19T12:36:22Z</time>
   </trkpt>
   <trkpt lat="12.9059850" lon="77.6385290">
    <ele>895.2</ele>
    <time>2026-04-19T12:36:23Z</time>
   </trkpt>
   <trkpt lat="12.9059820" lon="77.6385430">
    <ele>895.2</ele>
    <time>2026-04-19T12:36:24Z</time>
   </trkpt>
   <trkpt lat="12.9059800" lon="77.6385550">
    <ele>895.2</ele>
    <time>2026-04-19T12:36:25Z</time>
   </trkpt>
   <trkpt lat="12.9059800" lon="77.6385650">
    <ele>895.2</ele>
    <time>2026-04-19T12:36:26Z</time>
   </trkpt>
   <trkpt lat="12.9059810" lon="77.6385760">
    <ele>895.2</ele>
    <time>2026-04-19T12:36:27Z</time>
   </trkpt>
   <trkpt lat="12.9059800" lon="77.6385920">
    <ele>895.3</ele>
    <time>2026-04-19T12:36:28Z</time>
   </trkpt>
   <trkpt lat="12.9059730" lon="77.6386060">
    <ele>895.3</ele>
    <time>2026-04-19T12:36:29Z</time>
   </trkpt>
   <trkpt lat="12.9059620" lon="77.6386330">
    <ele>895.3</ele>
    <time>2026-04-19T12:36:30Z</time>
   </trkpt>
   <trkpt lat="12.9059590" lon="77.6386430">
    <ele>895.3</ele>
    <time>2026-04-19T12:36:31Z</time>
   </trkpt>
   <trkpt lat="12.9059550" lon="77.6386410">
    <ele>895.3</ele>
    <time>2026-04-19T12:36:32Z</time>
   </trkpt>
   <trkpt lat="12.9059520" lon="77.6386470">
    <ele>895.3</ele>
    <time>2026-04-19T12:36:33Z</time>
   </trkpt>
   <trkpt lat="12.9059530" lon="77.6386510">
    <ele>895.3</ele>
    <time>2026-04-19T12:36:34Z</time>
   </trkpt>
   <trkpt lat="12.9059440" lon="77.6386570">
    <ele>895.4</ele>
    <time>2026-04-19T12:36:35Z</time>
   </trkpt>
   <trkpt lat="12.9059330" lon="77.6386650">
    <ele>895.4</ele>
    <time>2026-04-19T12:36:36Z</time>
   </trkpt>
   <trkpt lat="12.9059250" lon="77.6386810">
    <ele>895.4</ele>
    <time>2026-04-19T12:36:37Z</time>
   </trkpt>
   <trkpt lat="12.9059200" lon="77.6386890">
    <ele>895.4</ele>
    <time>2026-04-19T12:36:38Z</time>
   </trkpt>
   <trkpt lat="12.9059140" lon="77.6386960">
    <ele>895.5</ele>
    <time>2026-04-19T12:36:39Z</time>
   </trkpt>
   <trkpt lat="12.9059100" lon="77.6387040">
    <ele>895.5</ele>
    <time>2026-04-19T12:36:40Z</time>
   </trkpt>
   <trkpt lat="12.9058960" lon="77.6387100">
    <ele>895.5</ele>
    <time>2026-04-19T12:36:41Z</time>
   </trkpt>
   <trkpt lat="12.9058840" lon="77.6387190">
    <ele>895.6</ele>
    <time>2026-04-19T12:36:42Z</time>
   </trkpt>
   <trkpt lat="12.9058630" lon="77.6387410">
    <ele>895.6</ele>
    <time>2026-04-19T12:36:43Z</time>
   </trkpt>
   <trkpt lat="12.9058560" lon="77.6387470">
    <ele>895.6</ele>
    <time>2026-04-19T12:36:44Z</time>
   </trkpt>
   <trkpt lat="12.9058500" lon="77.6387700">
    <ele>895.7</ele>
    <time>2026-04-19T12:36:45Z</time>
   </trkpt>
   <trkpt lat="12.9058500" lon="77.6387770">
    <ele>895.7</ele>
    <time>2026-04-19T12:36:46Z</time>
   </trkpt>
   <trkpt lat="12.9058510" lon="77.6387850">
    <ele>895.7</ele>
    <time>2026-04-19T12:36:47Z</time>
   </trkpt>
   <trkpt lat="12.9058460" lon="77.6387930">
    <ele>895.7</ele>
    <time>2026-04-19T12:36:48Z</time>
   </trkpt>
   <trkpt lat="12.9058440" lon="77.6388010">
    <ele>895.8</ele>
    <time>2026-04-19T12:36:49Z</time>
   </trkpt>
   <trkpt lat="12.9058420" lon="77.6388150">
    <ele>895.8</ele>
    <time>2026-04-19T12:36:50Z</time>
   </trkpt>
   <trkpt lat="12.9058320" lon="77.6388330">
    <ele>895.8</ele>
    <time>2026-04-19T12:36:51Z</time>
   </trkpt>
   <trkpt lat="12.9058290" lon="77.6388430">
    <ele>895.9</ele>
    <time>2026-04-19T12:36:52Z</time>
   </trkpt>
   <trkpt lat="12.9058250" lon="77.6388520">
    <ele>895.9</ele>
    <time>2026-04-19T12:36:53Z</time>
   </trkpt>
   <trkpt lat="12.9058250" lon="77.6388740">
    <ele>895.9</ele>
    <time>2026-04-19T12:36:54Z</time>
   </trkpt>
   <trkpt lat="12.9058240" lon="77.6388850">
    <ele>896.0</ele>
    <time>2026-04-19T12:36:55Z</time>
   </trkpt>
   <trkpt lat="12.9058240" lon="77.6388950">
    <ele>896.0</ele>
    <time>2026-04-19T12:36:56Z</time>
   </trkpt>
   <trkpt lat="12.9058050" lon="77.6389120">
    <ele>896.0</ele>
    <time>2026-04-19T12:36:57Z</time>
   </trkpt>
   <trkpt lat="12.9057900" lon="77.6389140">
    <ele>896.1</ele>
    <time>2026-04-19T12:36:58Z</time>
   </trkpt>
   <trkpt lat="12.9057780" lon="77.6389320">
    <ele>896.1</ele>
    <time>2026-04-19T12:36:59Z</time>
   </trkpt>
   <trkpt lat="12.9057840" lon="77.6389480">
    <ele>896.1</ele>
    <time>2026-04-19T12:37:00Z</time>
   </trkpt>
   <trkpt lat="12.9057920" lon="77.6389580">
    <ele>896.2</ele>
    <time>2026-04-19T12:37:01Z</time>
   </trkpt>
   <trkpt lat="12.9057880" lon="77.6389650">
    <ele>896.2</ele>
    <time>2026-04-19T12:37:02Z</time>
   </trkpt>
   <trkpt lat="12.9057760" lon="77.6389720">
    <ele>896.2</ele>
    <time>2026-04-19T12:37:03Z</time>
   </trkpt>
   <trkpt lat="12.9057690" lon="77.6389790">
    <ele>896.2</ele>
    <time>2026-04-19T12:37:04Z</time>
   </trkpt>
   <trkpt lat="12.9057600" lon="77.6389940">
    <ele>896.3</ele>
    <time>2026-04-19T12:37:05Z</time>
   </trkpt>
   <trkpt lat="12.9057590" lon="77.6390020">
    <ele>896.3</ele>
    <time>2026-04-19T12:37:06Z</time>
   </trkpt>
   <trkpt lat="12.9057570" lon="77.6390090">
    <ele>896.3</ele>
    <time>2026-04-19T12:37:07Z</time>
   </trkpt>
   <trkpt lat="12.9057550" lon="77.6390160">
    <ele>896.3</ele>
    <time>2026-04-19T12:37:08Z</time>
   </trkpt>
   <trkpt lat="12.9057490" lon="77.6390240">
    <ele>896.3</ele>
    <time>2026-04-19T12:37:09Z</time>
   </trkpt>
   <trkpt lat="12.9057440" lon="77.6390240">
    <ele>896.4</ele>
    <time>2026-04-19T12:37:10Z</time>
   </trkpt>
   <trkpt lat="12.9057390" lon="77.6390240">
    <ele>896.4</ele>
    <time>2026-04-19T12:37:11Z</time>
   </trkpt>
   <trkpt lat="12.9057340" lon="77.6390240">
    <ele>896.4</ele>
    <time>2026-04-19T12:37:12Z</time>
   </trkpt>
   <trkpt lat="12.9057290" lon="77.6390240">
    <ele>896.4</ele>
    <time>2026-04-19T12:37:13Z</time>
   </trkpt>
   <trkpt lat="12.9057240" lon="77.6390240">
    <ele>896.4</ele>
    <time>2026-04-19T12:37:14Z</time>
   </trkpt>
   <trkpt lat="12.9057190" lon="77.6390240">
    <ele>896.4</ele>
    <time>2026-04-19T12:37:15Z</time>
   </trkpt>
   <trkpt lat="12.9056990" lon="77.6390370">
    <ele>896.5</ele>
    <time>2026-04-19T12:37:16Z</time>
   </trkpt>
   <trkpt lat="12.9056930" lon="77.6390410">
    <ele>896.5</ele>
    <time>2026-04-19T12:37:17Z</time>
   </trkpt>
   <trkpt lat="12.9056870" lon="77.6390440">
    <ele>896.5</ele>
    <time>2026-04-19T12:37:18Z</time>
   </trkpt>
   <trkpt lat="12.9056750" lon="77.6390500">
    <ele>896.5</ele>
    <time>2026-04-19T12:37:19Z</time>
   </trkpt>
   <trkpt lat="12.9056520" lon="77.6390530">
    <ele>896.6</ele>
    <time>2026-04-19T12:37:20Z</time>
   </trkpt>
   <trkpt lat="12.9056310" lon="77.6390540">
    <ele>896.6</ele>
    <time>2026-04-19T12:37:21Z</time>
   </trkpt>
   <trkpt lat="12.9056250" lon="77.6390560">
    <ele>896.6</ele>
    <time>2026-04-19T12:37:22Z</time>
   </trkpt>
   <trkpt lat="12.9056200" lon="77.6390570">
    <ele>896.6</ele>
    <time>2026-04-19T12:37:23Z</time>
   </trkpt>
   <trkpt lat="12.9056140" lon="77.6390580">
    <ele>896.6</ele>
    <time>2026-04-19T12:37:24Z</time>
   </trkpt>
   <trkpt lat="12.9056030" lon="77.6390610">
    <ele>896.7</ele>
    <time>2026-04-19T12:37:25Z</time>
   </trkpt>
   <trkpt lat="12.9055780" lon="77.6390580">
    <ele>896.7</ele>
    <time>2026-04-19T12:37:26Z</time>
   </trkpt>
   <trkpt lat="12.9055700" lon="77.6390650">
    <ele>896.7</ele>
    <time>2026-04-19T12:37:27Z</time>
   </trkpt>
   <trkpt lat="12.9055550" lon="77.6390710">
    <ele>896.8</ele>
    <time>2026-04-19T12:37:28Z</time>
   </trkpt>
   <trkpt lat="12.9055410" lon="77.6390750">
    <ele>896.8</ele>
    <time>2026-04-19T12:37:30Z</time>
   </trkpt>
   <trkpt lat="12.9055190" lon="77.6390830">
    <ele>896.9</ele>
    <time>2026-04-19T12:37:31Z</time>
   </trkpt>
   <trkpt lat="12.9055120" lon="77.6390840">
    <ele>896.9</ele>
    <time>2026-04-19T12:37:32Z</time>
   </trkpt>
   <trkpt lat="12.9055050" lon="77.6390860">
    <ele>896.9</ele>
    <time>2026-04-19T12:37:33Z</time>
   </trkpt>
   <trkpt lat="12.9055010" lon="77.6391010">
    <ele>896.9</ele>
    <time>2026-04-19T12:37:34Z</time>
   </trkpt>
   <trkpt lat="12.9055020" lon="77.6391090">
    <ele>897.0</ele>
    <time>2026-04-19T12:37:35Z</time>
   </trkpt>
   <trkpt lat="12.9055040" lon="77.6391170">
    <ele>897.0</ele>
    <time>2026-04-19T12:37:36Z</time>
   </trkpt>
   <trkpt lat="12.9055050" lon="77.6391250">
    <ele>897.0</ele>
    <time>2026-04-19T12:37:37Z</time>
   </trkpt>
   <trkpt lat="12.9055000" lon="77.6391400">
    <ele>897.0</ele>
    <time>2026-04-19T12:37:38Z</time>
   </trkpt>
   <trkpt lat="12.9054940" lon="77.6391530">
    <ele>897.1</ele>
    <time>2026-04-19T12:37:39Z</time>
   </trkpt>
   <trkpt lat="12.9054890" lon="77.6391670">
    <ele>897.1</ele>
    <time>2026-04-19T12:37:40Z</time>
   </trkpt>
   <trkpt lat="12.9054930" lon="77.6391760">
    <ele>897.1</ele>
    <time>2026-04-19T12:37:41Z</time>
   </trkpt>
   <trkpt lat="12.9054860" lon="77.6391890">
    <ele>897.1</ele>
    <time>2026-04-19T12:37:42Z</time>
   </trkpt>
   <trkpt lat="12.9054800" lon="77.6392080">
    <ele>897.2</ele>
    <time>2026-04-19T12:37:43Z</time>
   </trkpt>
   <trkpt lat="12.9054770" lon="77.6392180">
    <ele>897.2</ele>
    <time>2026-04-19T12:37:44Z</time>
   </trkpt>
   <trkpt lat="12.9054750" lon="77.6392280">
    <ele>897.2</ele>
    <time>2026-04-19T12:37:45Z</time>
   </trkpt>
   <trkpt lat="12.9054690" lon="77.6392390">
    <ele>897.3</ele>
    <time>2026-04-19T12:37:46Z</time>
   </trkpt>
   <trkpt lat="12.9054550" lon="77.6392530">
    <ele>897.3</ele>
    <time>2026-04-19T12:37:47Z</time>
   </trkpt>
   <trkpt lat="12.9054450" lon="77.6392700">
    <ele>897.3</ele>
    <time>2026-04-19T12:37:48Z</time>
   </trkpt>
   <trkpt lat="12.9054380" lon="77.6392770">
    <ele>897.4</ele>
    <time>2026-04-19T12:37:49Z</time>
   </trkpt>
   <trkpt lat="12.9054320" lon="77.6392850">
    <ele>897.4</ele>
    <time>2026-04-19T12:37:50Z</time>
   </trkpt>
   <trkpt lat="12.9054070" lon="77.6393020">
    <ele>897.4</ele>
    <time>2026-04-19T12:37:51Z</time>
   </trkpt>
   <trkpt lat="12.9054030" lon="77.6393080">
    <ele>897.4</ele>
    <time>2026-04-19T12:37:52Z</time>
   </trkpt>
   <trkpt lat="12.9053860" lon="77.6393140">
    <ele>897.5</ele>
    <time>2026-04-19T12:37:53Z</time>
   </trkpt>
   <trkpt lat="12.9053870" lon="77.6393180">
    <ele>897.5</ele>
    <time>2026-04-19T12:37:54Z</time>
   </trkpt>
   <trkpt lat="12.9053950" lon="77.6393370">
    <ele>897.5</ele>
    <time>2026-04-19T12:37:55Z</time>
   </trkpt>
   <trkpt lat="12.9053900" lon="77.6393550">
    <ele>897.5</ele>
    <time>2026-04-19T12:37:56Z</time>
   </trkpt>
   <trkpt lat="12.9053830" lon="77.6393570">
    <ele>897.6</ele>
    <time>2026-04-19T12:37:57Z</time>
   </trkpt>
   <trkpt lat="12.9053750" lon="77.6393590">
    <ele>897.6</ele>
    <time>2026-04-19T12:37:58Z</time>
   </trkpt>
   <trkpt lat="12.9053670" lon="77.6393610">
    <ele>897.6</ele>
    <time>2026-04-19T12:37:59Z</time>
   </trkpt>
   <trkpt lat="12.9053590" lon="77.6393710">
    <ele>897.6</ele>
    <time>2026-04-19T12:38:00Z</time>
   </trkpt>
   <trkpt lat="12.9053440" lon="77.6393820">
    <ele>897.6</ele>
    <time>2026-04-19T12:38:01Z</time>
   </trkpt>
   <trkpt lat="12.9053310" lon="77.6393940">
    <ele>897.6</ele>
    <time>2026-04-19T12:38:02Z</time>
   </trkpt>
   <trkpt lat="12.9053240" lon="77.6394050">
    <ele>897.7</ele>
    <time>2026-04-19T12:38:03Z</time>
   </trkpt>
   <trkpt lat="12.9053170" lon="77.6394230">
    <ele>897.7</ele>
    <time>2026-04-19T12:38:04Z</time>
   </trkpt>
   <trkpt lat="12.9053150" lon="77.6394330">
    <ele>897.7</ele>
    <time>2026-04-19T12:38:05Z</time>
   </trkpt>
   <trkpt lat="12.9053130" lon="77.6394420">
    <ele>897.7</ele>
    <time>2026-04-19T12:38:06Z</time>
   </trkpt>
   <trkpt lat="12.9053070" lon="77.6394570">
    <ele>897.7</ele>
    <time>2026-04-19T12:38:07Z</time>
   </trkpt>
   <trkpt lat="12.9053070" lon="77.6394720">
    <ele>897.8</ele>
    <time>2026-04-19T12:38:08Z</time>
   </trkpt>
   <trkpt lat="12.9053160" lon="77.6394780">
    <ele>897.8</ele>
    <time>2026-04-19T12:38:09Z</time>
   </trkpt>
   <trkpt lat="12.9053120" lon="77.6394910">
    <ele>897.8</ele>
    <time>2026-04-19T12:38:10Z</time>
   </trkpt>
   <trkpt lat="12.9053100" lon="77.6395040">
    <ele>897.8</ele>
    <time>2026-04-19T12:38:11Z</time>
   </trkpt>
   <trkpt lat="12.9053020" lon="77.6395100">
    <ele>897.8</ele>
    <time>2026-04-19T12:38:12Z</time>
   </trkpt>
   <trkpt lat="12.9052960" lon="77.6395130">
    <ele>897.8</ele>
    <time>2026-04-19T12:38:13Z</time>
   </trkpt>
   <trkpt lat="12.9052930" lon="77.6395200">
    <ele>897.8</ele>
    <time>2026-04-19T12:38:14Z</time>
   </trkpt>
   <trkpt lat="12.9052920" lon="77.6395360">
    <ele>897.9</ele>
    <time>2026-04-19T12:38:15Z</time>
   </trkpt>
   <trkpt lat="12.9052840" lon="77.6395570">
    <ele>897.9</ele>
    <time>2026-04-19T12:38:16Z</time>
   </trkpt>
   <trkpt lat="12.9052800" lon="77.6395660">
    <ele>897.9</ele>
    <time>2026-04-19T12:38:17Z</time>
   </trkpt>
   <trkpt lat="12.9052750" lon="77.6395740">
    <ele>897.9</ele>
    <time>2026-04-19T12:38:18Z</time>
   </trkpt>
   <trkpt lat="12.9052710" lon="77.6395880">
    <ele>897.9</ele>
    <time>2026-04-19T12:38:19Z</time>
   </trkpt>
   <trkpt lat="12.9052620" lon="77.6396040">
    <ele>897.9</ele>
    <time>2026-04-19T12:38:20Z</time>
   </trkpt>
   <trkpt lat="12.9052470" lon="77.6396070">
    <ele>897.9</ele>
    <time>2026-04-19T12:38:21Z</time>
   </trkpt>
   <trkpt lat="12.9052300" lon="77.6395990">
    <ele>897.9</ele>
    <time>2026-04-19T12:38:22Z</time>
   </trkpt>
   <trkpt lat="12.9052130" lon="77.6395990">
    <ele>898.0</ele>
    <time>2026-04-19T12:38:23Z</time>
   </trkpt>
   <trkpt lat="12.9052050" lon="77.6396130">
    <ele>898.0</ele>
    <time>2026-04-19T12:38:24Z</time>
   </trkpt>
   <trkpt lat="12.9051910" lon="77.6396250">
    <ele>898.0</ele>
    <time>2026-04-19T12:38:25Z</time>
   </trkpt>
   <trkpt lat="12.9051870" lon="77.6396400">
    <ele>898.0</ele>
    <time>2026-04-19T12:38:26Z</time>
   </trkpt>
   <trkpt lat="12.9051790" lon="77.6396550">
    <ele>898.0</ele>
    <time>2026-04-19T12:38:27Z</time>
   </trkpt>
   <trkpt lat="12.9051740" lon="77.6396690">
    <ele>898.0</ele>
    <time>2026-04-19T12:38:28Z</time>
   </trkpt>
   <trkpt lat="12.9051630" lon="77.6396780">
    <ele>898.0</ele>
    <time>2026-04-19T12:38:29Z</time>
   </trkpt>
   <trkpt lat="12.9051450" lon="77.6396840">
    <ele>898.1</ele>
    <time>2026-04-19T12:38:30Z</time>
   </trkpt>
   <trkpt lat="12.9051370" lon="77.6396960">
    <ele>898.1</ele>
    <time>2026-04-19T12:38:31Z</time>
   </trkpt>
   <trkpt lat="12.9051300" lon="77.6397080">
    <ele>898.1</ele>
    <time>2026-04-19T12:38:32Z</time>
   </trkpt>
   <trkpt lat="12.9051460" lon="77.6397280">
    <ele>898.1</ele>
    <time>2026-04-19T12:38:33Z</time>
   </trkpt>
   <trkpt lat="12.9051410" lon="77.6397350">
    <ele>898.1</ele>
    <time>2026-04-19T12:38:34Z</time>
   </trkpt>
   <trkpt lat="12.9051340" lon="77.6397500">
    <ele>898.1</ele>
    <time>2026-04-19T12:38:35Z</time>
   </trkpt>
   <trkpt lat="12.9051250" lon="77.6397630">
    <ele>898.1</ele>
    <time>2026-04-19T12:38:36Z</time>
   </trkpt>
   <trkpt lat="12.9051210" lon="77.6397810">
    <ele>898.1</ele>
    <time>2026-04-19T12:38:37Z</time>
   </trkpt>
   <trkpt lat="12.9051180" lon="77.6397890">
    <ele>898.1</ele>
    <time>2026-04-19T12:38:38Z</time>
   </trkpt>
   <trkpt lat="12.9051200" lon="77.6397930">
    <ele>898.1</ele>
    <time>2026-04-19T12:38:39Z</time>
   </trkpt>
   <trkpt lat="12.9051080" lon="77.6397970">
    <ele>898.1</ele>
    <time>2026-04-19T12:38:40Z</time>
   </trkpt>
   <trkpt lat="12.9051050" lon="77.6398100">
    <ele>898.1</ele>
    <time>2026-04-19T12:38:41Z</time>
   </trkpt>
   <trkpt lat="12.9050990" lon="77.6398240">
    <ele>898.1</ele>
    <time>2026-04-19T12:38:42Z</time>
   </trkpt>
   <trkpt lat="12.9050940" lon="77.6398370">
    <ele>898.1</ele>
    <time>2026-04-19T12:38:43Z</time>
   </trkpt>
   <trkpt lat="12.9050870" lon="77.6398530">
    <ele>898.1</ele>
    <time>2026-04-19T12:38:44Z</time>
   </trkpt>
   <trkpt lat="12.9050810" lon="77.6398630">
    <ele>898.2</ele>
    <time>2026-04-19T12:38:45Z</time>
   </trkpt>
   <trkpt lat="12.9050790" lon="77.6398750">
    <ele>898.2</ele>
    <time>2026-04-19T12:38:46Z</time>
   </trkpt>
   <trkpt lat="12.9050730" lon="77.6398820">
    <ele>898.2</ele>
    <time>2026-04-19T12:38:47Z</time>
   </trkpt>
   <trkpt lat="12.9050670" lon="77.6398920">
    <ele>898.2</ele>
    <time>2026-04-19T12:38:48Z</time>
   </trkpt>
   <trkpt lat="12.9050570" lon="77.6399000">
    <ele>898.2</ele>
    <time>2026-04-19T12:38:49Z</time>
   </trkpt>
   <trkpt lat="12.9050500" lon="77.6399070">
    <ele>898.2</ele>
    <time>2026-04-19T12:38:50Z</time>
   </trkpt>
   <trkpt lat="12.9050400" lon="77.6399240">
    <ele>898.2</ele>
    <time>2026-04-19T12:38:51Z</time>
   </trkpt>
   <trkpt lat="12.9050320" lon="77.6399310">
    <ele>898.2</ele>
    <time>2026-04-19T12:38:52Z</time>
   </trkpt>
   <trkpt lat="12.9050250" lon="77.6399370">
    <ele>898.2</ele>
    <time>2026-04-19T12:38:53Z</time>
   </trkpt>
   <trkpt lat="12.9050090" lon="77.6399480">
    <ele>898.2</ele>
    <time>2026-04-19T12:38:54Z</time>
   </trkpt>
   <trkpt lat="12.9050070" lon="77.6399650">
    <ele>898.2</ele>
    <time>2026-04-19T12:38:55Z</time>
   </trkpt>
   <trkpt lat="12.9049850" lon="77.6399880">
    <ele>898.2</ele>
    <time>2026-04-19T12:38:56Z</time>
   </trkpt>
   <trkpt lat="12.9049790" lon="77.6399960">
    <ele>898.2</ele>
    <time>2026-04-19T12:38:57Z</time>
   </trkpt>
   <trkpt lat="12.9049770" lon="77.6399930">
    <ele>898.2</ele>
    <time>2026-04-19T12:38:58Z</time>
   </trkpt>
   <trkpt lat="12.9049680" lon="77.6399990">
    <ele>898.2</ele>
    <time>2026-04-19T12:38:59Z</time>
   </trkpt>
   <trkpt lat="12.9049600" lon="77.6400090">
    <ele>898.2</ele>
    <time>2026-04-19T12:39:00Z</time>
   </trkpt>
   <trkpt lat="12.9049510" lon="77.6400170">
    <ele>898.2</ele>
    <time>2026-04-19T12:39:01Z</time>
   </trkpt>
   <trkpt lat="12.9049400" lon="77.6400270">
    <ele>898.2</ele>
    <time>2026-04-19T12:39:02Z</time>
   </trkpt>
   <trkpt lat="12.9049370" lon="77.6400370">
    <ele>898.2</ele>
    <time>2026-04-19T12:39:03Z</time>
   </trkpt>
   <trkpt lat="12.9049290" lon="77.6400460">
    <ele>898.2</ele>
    <time>2026-04-19T12:39:04Z</time>
   </trkpt>
   <trkpt lat="12.9049320" lon="77.6400550">
    <ele>898.2</ele>
    <time>2026-04-19T12:39:05Z</time>
   </trkpt>
   <trkpt lat="12.9049320" lon="77.6400610">
    <ele>898.2</ele>
    <time>2026-04-19T12:39:06Z</time>
   </trkpt>
   <trkpt lat="12.9049270" lon="77.6400700">
    <ele>898.2</ele>
    <time>2026-04-19T12:39:07Z</time>
   </trkpt>
   <trkpt lat="12.9049300" lon="77.6400790">
    <ele>898.2</ele>
    <time>2026-04-19T12:39:08Z</time>
   </trkpt>
   <trkpt lat="12.9049250" lon="77.6400900">
    <ele>898.2</ele>
    <time>2026-04-19T12:39:09Z</time>
   </trkpt>
   <trkpt lat="12.9049180" lon="77.6401050">
    <ele>898.2</ele>
    <time>2026-04-19T12:39:10Z</time>
   </trkpt>
   <trkpt lat="12.9049180" lon="77.6401100">
    <ele>898.2</ele>
    <time>2026-04-19T12:39:11Z</time>
   </trkpt>
   <trkpt lat="12.9049120" lon="77.6401240">
    <ele>898.2</ele>
    <time>2026-04-19T12:39:12Z</time>
   </trkpt>
   <trkpt lat="12.9049120" lon="77.6401340">
    <ele>898.2</ele>
    <time>2026-04-19T12:39:13Z</time>
   </trkpt>
   <trkpt lat="12.9049040" lon="77.6401510">
    <ele>898.2</ele>
    <time>2026-04-19T12:39:14Z</time>
   </trkpt>
   <trkpt lat="12.9048960" lon="77.6401600">
    <ele>898.2</ele>
    <time>2026-04-19T12:39:15Z</time>
   </trkpt>
   <trkpt lat="12.9048890" lon="77.6401680">
    <ele>898.2</ele>
    <time>2026-04-19T12:39:16Z</time>
   </trkpt>
   <trkpt lat="12.9048790" lon="77.6401900">
    <ele>898.2</ele>
    <time>2026-04-19T12:39:17Z</time>
   </trkpt>
   <trkpt lat="12.9048740" lon="77.6401960">
    <ele>898.2</ele>
    <time>2026-04-19T12:39:18Z</time>
   </trkpt>
   <trkpt lat="12.9048700" lon="77.6402030">
    <ele>898.2</ele>
    <time>2026-04-19T12:39:19Z</time>
   </trkpt>
   <trkpt lat="12.9048700" lon="77.6402100">
    <ele>898.2</ele>
    <time>2026-04-19T12:39:20Z</time>
   </trkpt>
   <trkpt lat="12.9048710" lon="77.6402200">
    <ele>898.1</ele>
    <time>2026-04-19T12:39:21Z</time>
   </trkpt>
   <trkpt lat="12.9048630" lon="77.6402320">
    <ele>898.1</ele>
    <time>2026-04-19T12:39:22Z</time>
   </trkpt>
   <trkpt lat="12.9048540" lon="77.6402520">
    <ele>898.1</ele>
    <time>2026-04-19T12:39:23Z</time>
   </trkpt>
   <trkpt lat="12.9048500" lon="77.6402590">
    <ele>898.1</ele>
    <time>2026-04-19T12:39:24Z</time>
   </trkpt>
   <trkpt lat="12.9048450" lon="77.6402670">
    <ele>898.1</ele>
    <time>2026-04-19T12:39:25Z</time>
   </trkpt>
   <trkpt lat="12.9048360" lon="77.6402730">
    <ele>898.1</ele>
    <time>2026-04-19T12:39:26Z</time>
   </trkpt>
   <trkpt lat="12.9048310" lon="77.6402830">
    <ele>898.1</ele>
    <time>2026-04-19T12:39:27Z</time>
   </trkpt>
   <trkpt lat="12.9048230" lon="77.6402840">
    <ele>898.1</ele>
    <time>2026-04-19T12:39:28Z</time>
   </trkpt>
   <trkpt lat="12.9048090" lon="77.6402850">
    <ele>898.1</ele>
    <time>2026-04-19T12:39:29Z</time>
   </trkpt>
   <trkpt lat="12.9047920" lon="77.6402860">
    <ele>898.1</ele>
    <time>2026-04-19T12:39:30Z</time>
   </trkpt>
   <trkpt lat="12.9047770" lon="77.6402900">
    <ele>898.1</ele>
    <time>2026-04-19T12:39:31Z</time>
   </trkpt>
   <trkpt lat="12.9047730" lon="77.6402860">
    <ele>898.1</ele>
    <time>2026-04-19T12:39:32Z</time>
   </trkpt>
   <trkpt lat="12.9047700" lon="77.6402920">
    <ele>898.1</ele>
    <time>2026-04-19T12:39:33Z</time>
   </trkpt>
   <trkpt lat="12.9047630" lon="77.6403020">
    <ele>898.1</ele>
    <time>2026-04-19T12:39:34Z</time>
   </trkpt>
   <trkpt lat="12.9047410" lon="77.6403200">
    <ele>898.1</ele>
    <time>2026-04-19T12:39:36Z</time>
   </trkpt>
   <trkpt lat="12.9047320" lon="77.6403260">
    <ele>898.1</ele>
    <time>2026-04-19T12:39:37Z</time>
   </trkpt>
   <trkpt lat="12.9047270" lon="77.6403570">
    <ele>898.1</ele>
    <time>2026-04-19T12:39:38Z</time>
   </trkpt>
   <trkpt lat="12.9047210" lon="77.6403630">
    <ele>898.1</ele>
    <time>2026-04-19T12:39:39Z</time>
   </trkpt>
   <trkpt lat="12.9047100" lon="77.6403720">
    <ele>898.1</ele>
    <time>2026-04-19T12:39:40Z</time>
   </trkpt>
  </trkseg>
 </trk>
</gpx>
