<?xml version="1.0" encoding="UTF-8"?>
<gpx creator="StravaGPX" version="1.1" xmlns="http://www.topografix.com/GPX/1/1" xmlns:xsi="http://www.w3.org/2001/XMLSchema-instance" xsi:schemaLocation="http://www.topografix.com/GPX/1/1 http://www.topografix.com/GPX/1/1/gpx.xsd">
 <metadata>
  <time>2026-07-01T02:34:52Z</time>
 </metadata>
 <trk>
  <name>Morning ride</name>
  <type>cycling</type>
  <trkseg>
   <trkpt lat="12.9054000" lon="77.6035130">
    <ele>894.7</ele>
    <time>2026-07-01T02:34:52Z</time>
   </trkpt>
   <trkpt lat="12.9054000" lon="77.6035130">
    <ele>894.7</ele>
    <time>2026-07-01T02:34:53Z</time>
   </trkpt>
   <trkpt lat="12.9054000" lon="77.6035130">
    <ele>894.7</ele>
    <time>2026-07-01T02:34:54Z</time>
   </trkpt>
   <trkpt lat="12.9054000" lon="77.6035130">
    <ele>894.7</ele>
    <time>2026-07-01T02:34:55Z</time>
   </trkpt>
   <trkpt lat="12.9054000" lon="77.6035130">
    <ele>894.7</ele>
    <time>2026-07-01T02:34:56Z</time>
   </trkpt>
   <trkpt lat="12.9054000" lon="77.6035130">
    <ele>894.7</ele>
    <time>2026-07-01T02:34:57Z</time>
   </trkpt>
   <trkpt lat="12.9054000" lon="77.6035130">
    <ele>894.7</ele>
    <time>2026-07-01T02:34:58Z</time>
   </trkpt>
   <trkpt lat="12.9053990" lon="77.6035120">
    <ele>894.7</ele>
    <time>2026-07-01T02:34:59Z</time>
   </trkpt>
   <trkpt lat="12.9053980" lon="77.6035110">
    <ele>894.7</ele>
    <time>2026-07-01T02:35:00Z</time>
   </trkpt>
   <trkpt lat="12.9053960" lon="77.6035110">
    <ele>894.7</ele>
    <time>2026-07-01T02:35:01Z</time>
   </trkpt>
   <trkpt lat="12.9053960" lon="77.6035130">
    <ele>894.7</ele>
    <time>2026-07-01T02:35:02Z</time>
   </trkpt>
   <trkpt lat="12.9054080" lon="77.6034510">
    <ele>894.7</ele>
    <time>2026-07-01T02:35:10Z</time>
   </trkpt>
   <trkpt lat="12.9054130" lon="77.6034270">
    <ele>894.6</ele>
    <time>2026-07-01T02:35:11Z</time>
   </trkpt>
   <trkpt lat="12.9054110" lon="77.6034050">
    <ele>894.6</ele>
    <time>2026-07-01T02:35:12Z</time>
   </trkpt>
   <trkpt lat="12.9054160" lon="77.6033800">
    <ele>894.6</ele>
    <time>2026-07-01T02:35:13Z</time>
   </trkpt>
   <trkpt lat="12.9054200" lon="77.6033550">
    <ele>894.6</ele>
    <time>2026-07-01T02:35:14Z</time>
   </trkpt>
   <trkpt lat="12.9054210" lon="77.6033310">
    <ele>894.6</ele>
    <time>2026-07-01T02:35:15Z</time>
   </trkpt>
   <trkpt lat="12.9054240" lon="77.6033010">
    <ele>894.6</ele>
    <time>2026-07-01T02:35:16Z</time>
   </trkpt>
   <trkpt lat="12.9054240" lon="77.6032670">
    <ele>894.6</ele>
    <time>2026-07-01T02:35:17Z</time>
   </trkpt>
   <trkpt lat="12.9054260" lon="77.6032390">
    <ele>894.5</ele>
    <time>2026-07-01T02:35:18Z</time>
   </trkpt>
   <trkpt lat="12.9054250" lon="77.6032070">
    <ele>894.5</ele>
    <time>2026-07-01T02:35:19Z</time>
   </trkpt>
   <trkpt lat="12.9054230" lon="77.6031750">
    <ele>894.5</ele>
    <time>2026-07-01T02:35:20Z</time>
   </trkpt>
   <trkpt lat="12.9054210" lon="77.6031410">
    <ele>894.5</ele>
    <time>2026-07-01T02:35:21Z</time>
   </trkpt>
   <trkpt lat="12.9054230" lon="77.6031130">
    <ele>894.5</ele>
    <time>2026-07-01T02:35:22Z</time>
   </trkpt>
   <trkpt lat="12.9054270" lon="77.6030790">
    <ele>894.5</ele>
    <time>2026-07-01T02:35:23Z</time>
   </trkpt>
   <trkpt lat="12.9054290" lon="77.6030470">
    <ele>894.5</ele>
    <time>2026-07-01T02:35:24Z</time>
   </trkpt>
   <trkpt lat="12.9054270" lon="77.6030110">
    <ele>894.5</ele>
    <time>2026-07-01T02:35:25Z</time>
   </trkpt>
   <trkpt lat="12.9054240" lon="77.6029770">
    <ele>894.5</ele>
    <time>2026-07-01T02:35:26Z</time>
   </trkpt>
   <trkpt lat="12.9054290" lon="77.6029460">
    <ele>894.5</ele>
    <time>2026-07-01T02:35:27Z</time>
   </trkpt>
   <trkpt lat="12.9054270" lon="77.6029150">
    <ele>894.5</ele>
    <time>2026-07-01T02:35:28Z</time>
   </trkpt>
   <trkpt lat="12.9054270" lon="77.6028810">
    <ele>894.5</ele>
    <time>2026-07-01T02:35:29Z</time>
   </trkpt>
   <trkpt lat="12.9054290" lon="77.6028510">
    <ele>894.5</ele>
    <time>2026-07-01T02:35:30Z</time>
   </trkpt>
   <trkpt lat="12.9054340" lon="77.6028180">
    <ele>894.5</ele>
    <time>2026-07-01T02:35:31Z</time>
   </trkpt>
   <trkpt lat="12.9054330" lon="77.6027820">
    <ele>894.5</ele>
    <time>2026-07-01T02:35:32Z</time>
   </trkpt>
   <trkpt lat="12.9054300" lon="77.6027480">
    <ele>894.5</ele>
    <time>2026-07-01T02:35:33Z</time>
   </trkpt>
   <trkpt lat="12.9054380" lon="77.6027130">
    <ele>894.6</ele>
    <time>2026-07-01T02:35:34Z</time>
   </trkpt>
   <trkpt lat="12.9054330" lon="77.6026770">
    <ele>894.6</ele>
    <time>2026-07-01T02:35:35Z</time>
   </trkpt>
   <trkpt lat="12.9054280" lon="77.6026420">
    <ele>894.6</ele>
    <time>2026-07-01T02:35:36Z</time>
   </trkpt>
   <trkpt lat="12.9054240" lon="77.6026070">
    <ele>894.7</ele>
    <time>2026-07-01T02:35:37Z</time>
   </trkpt>
   <trkpt lat="12.9054250" lon="77.6025740">
    <ele>894.7</ele>
    <time>2026-07-01T02:35:38Z</time>
   </trkpt>
   <trkpt lat="12.9054240" lon="77.6025430">
    <ele>894.7</ele>
    <time>2026-07-01T02:35:39Z</time>
   </trkpt>
   <trkpt lat="12.9054260" lon="77.6025150">
    <ele>894.7</ele>
    <time>2026-07-01T02:35:40Z</time>
   </trkpt>
   <trkpt lat="12.9054300" lon="77.6024900">
    <ele>894.8</ele>
    <time>2026-07-01T02:35:41Z</time>
   </trkpt>
   <trkpt lat="12.9054300" lon="77.6024650">
    <ele>894.8</ele>
    <time>2026-07-01T02:35:42Z</time>
   </trkpt>
   <trkpt lat="12.9054290" lon="77.6024340">
    <ele>894.8</ele>
    <time>2026-07-01T02:35:43Z</time>
   </trkpt>
   <trkpt lat="12.9054280" lon="77.6023990">
    <ele>894.8</ele>
    <time>2026-07-01T02:35:44Z</time>
   </trkpt>
   <trkpt lat="12.9054290" lon="77.6023630">
    <ele>894.8</ele>
    <time>2026-07-01T02:35:45Z</time>
   </trkpt>
   <trkpt lat="12.9054300" lon="77.6023230">
    <ele>894.8</ele>
    <time>2026-07-01T02:35:46Z</time>
   </trkpt>
   <trkpt lat="12.9054280" lon="77.6022860">
    <ele>894.8</ele>
    <time>2026-07-01T02:35:47Z</time>
   </trkpt>
   <trkpt lat="12.9054270" lon="77.6022500">
    <ele>894.8</ele>
    <time>2026-07-01T02:35:48Z</time>
   </trkpt>
   <trkpt lat="12.9054250" lon="77.6022170">
    <ele>894.9</ele>
    <time>2026-07-01T02:35:49Z</time>
   </trkpt>
   <trkpt lat="12.9054280" lon="77.6021850">
    <ele>894.9</ele>
    <time>2026-07-01T02:35:50Z</time>
   </trkpt>
   <trkpt lat="12.9054290" lon="77.6021520">
    <ele>894.9</ele>
    <time>2026-07-01T02:35:51Z</time>
   </trkpt>
   <trkpt lat="12.9054270" lon="77.6021230">
    <ele>895.0</ele>
    <time>2026-07-01T02:35:52Z</time>
   </trkpt>
   <trkpt lat="12.9054250" lon="77.6020960">
    <ele>895.0</ele>
    <time>2026-07-01T02:35:53Z</time>
   </trkpt>
   <trkpt lat="12.9054190" lon="77.6020710">
    <ele>895.1</ele>
    <time>2026-07-01T02:35:54Z</time>
   </trkpt>
   <trkpt lat="12.9054190" lon="77.6020450">
    <ele>895.1</ele>
    <time>2026-07-01T02:35:55Z</time>
   </trkpt>
   <trkpt lat="12.9054210" lon="77.6020200">
    <ele>895.2</ele>
    <time>2026-07-01T02:35:56Z</time>
   </trkpt>
   <trkpt lat="12.9054250" lon="77.6019990">
    <ele>895.2</ele>
    <time>2026-07-01T02:35:57Z</time>
   </trkpt>
   <trkpt lat="12.9054280" lon="77.6019810">
    <ele>895.2</ele>
    <time>2026-07-01T02:35:58Z</time>
   </trkpt>
   <trkpt lat="12.9054350" lon="77.6019700">
    <ele>895.3</ele>
    <time>2026-07-01T02:35:59Z</time>
   </trkpt>
   <trkpt lat="12.9054410" lon="77.6019580">
    <ele>895.3</ele>
    <time>2026-07-01T02:36:00Z</time>
   </trkpt>
   <trkpt lat="12.9054470" lon="77.6019490">
    <ele>895.3</ele>
    <time>2026-07-01T02:36:01Z</time>
   </trkpt>
   <trkpt lat="12.9054530" lon="77.6019400">
    <ele>895.3</ele>
    <time>2026-07-01T02:36:02Z</time>
   </trkpt>
   <trkpt lat="12.9054540" lon="77.6019360">
    <ele>895.3</ele>
    <time>2026-07-01T02:36:03Z</time>
   </trkpt>
   <trkpt lat="12.9054510" lon="77.6019420">
    <ele>895.3</ele>
    <time>2026-07-01T02:36:04Z</time>
   </trkpt>
   <trkpt lat="12.9054510" lon="77.6019430">
    <ele>895.3</ele>
    <time>2026-07-01T02:36:05Z</time>
   </trkpt>
   <trkpt lat="12.9054510" lon="77.6019430">
    <ele>895.3</ele>
    <time>2026-07-01T02:36:06Z</time>
   </trkpt>
   <trkpt lat="12.9054510" lon="77.6019430">
    <ele>895.3</ele>
    <time>2026-07-01T02:36:07Z</time>
   </trkpt>
   <trkpt lat="12.9054470" lon="77.6019370">
    <ele>895.3</ele>
    <time>2026-07-01T02:36:08Z</time>
   </trkpt>
   <trkpt lat="12.9054510" lon="77.6019290">
    <ele>895.3</ele>
    <time>2026-07-01T02:36:09Z</time>
   </trkpt>
   <trkpt lat="12.9054540" lon="77.6019160">
    <ele>895.3</ele>
    <time>2026-07-01T02:36:10Z</time>
   </trkpt>
   <trkpt lat="12.9054590" lon="77.6018950">
    <ele>895.3</ele>
    <time>2026-07-01T02:36:11Z</time>
   </trkpt>
   <trkpt lat="12.9054650" lon="77.6018690">
    <ele>895.3</ele>
    <time>2026-07-01T02:36:12Z</time>
   </trkpt>
   <trkpt lat="12.9054730" lon="77.6018450">
    <ele>895.3</ele>
    <time>2026-07-01T02:36:13Z</time>
   </trkpt>
   <trkpt lat="12.9054810" lon="77.6018230">
    <ele>895.3</ele>
    <time>2026-07-01T02:36:14Z</time>
   </trkpt>
   <trkpt lat="12.9054900" lon="77.6017970">
    <ele>895.4</ele>
    <time>2026-07-01T02:36:15Z</time>
   </trkpt>
   <trkpt lat="12.9055070" lon="77.6017830">
    <ele>895.4</ele>
    <time>2026-07-01T02:36:16Z</time>
   </trkpt>
   <trkpt lat="12.9055230" lon="77.6017630">
    <ele>895.4</ele>
    <time>2026-07-01T02:36:17Z</time>
   </trkpt>
   <trkpt lat="12.9055420" lon="77.6017440">
    <ele>895.4</ele>
    <time>2026-07-01T02:36:18Z</time>
   </trkpt>
   <trkpt lat="12.9055610" lon="77.6017290">
    <ele>895.4</ele>
    <time>2026-07-01T02:36:19Z</time>
   </trkpt>
   <trkpt lat="12.9055720" lon="77.6017160">
    <ele>895.4</ele>
    <time>2026-07-01T02:36:20Z</time>
   </trkpt>
   <trkpt lat="12.9055830" lon="77.6017010">
    <ele>895.4</ele>
    <time>2026-07-01T02:36:21Z</time>
   </trkpt>
   <trkpt lat="12.9056090" lon="77.6016910">
    <ele>895.4</ele>
    <time>2026-07-01T02:36:22Z</time>
   </trkpt>
   <trkpt lat="12.9056340" lon="77.6016960">
    <ele>895.5</ele>
    <time>2026-07-01T02:36:23Z</time>
   </trkpt>
   <trkpt lat="12.9056600" lon="77.6016940">
    <ele>895.5</ele>
    <time>2026-07-01T02:36:24Z</time>
   </trkpt>
   <trkpt lat="12.9056850" lon="77.6016880">
    <ele>895.5</ele>
    <time>2026-07-01T02:36:25Z</time>
   </trkpt>
   <trkpt lat="12.9057070" lon="77.6016810">
    <ele>895.5</ele>
    <time>2026-07-01T02:36:26Z</time>
   </trkpt>
   <trkpt lat="12.9057260" lon="77.6016740">
    <ele>895.5</ele>
    <time>2026-07-01T02:36:27Z</time>
   </trkpt>
   <trkpt lat="12.9057460" lon="77.6016680">
    <ele>895.6</ele>
    <time>2026-07-01T02:36:28Z</time>
   </trkpt>
   <trkpt lat="12.9057610" lon="77.6016630">
    <ele>895.6</ele>
    <time>2026-07-01T02:36:29Z</time>
   </trkpt>
   <trkpt lat="12.9057720" lon="77.6016610">
    <ele>895.6</ele>
    <time>2026-07-01T02:36:30Z</time>
   </trkpt>
   <trkpt lat="12.9057820" lon="77.6016570">
    <ele>895.6</ele>
    <time>2026-07-01T02:36:31Z</time>
   </trkpt>
   <trkpt lat="12.9057870" lon="77.6016540">
    <ele>895.6</ele>
    <time>2026-07-01T02:36:32Z</time>
   </trkpt>
   <trkpt lat="12.9057820" lon="77.6016560">
    <ele>895.6</ele>
    <time>2026-07-01T02:36:33Z</time>
   </trkpt>
   <trkpt lat="12.9057850" lon="77.6016560">
    <ele>895.6</ele>
    <time>2026-07-01T02:36:34Z</time>
   </trkpt>
   <trkpt lat="12.9057870" lon="77.6016560">
    <ele>895.6</ele>
    <time>2026-07-01T02:36:35Z</time>
   </trkpt>
   <trkpt lat="12.9057870" lon="77.6016560">
    <ele>895.6</ele>
    <time>2026-07-01T02:36:36Z</time>
   </trkpt>
   <trkpt lat="12.9057880" lon="77.6016580">
    <ele>895.6</ele>
    <time>2026-07-01T02:36:37Z</time>
   </trkpt>
   <trkpt lat="12.9057900" lon="77.6016570">
    <ele>895.6</ele>
    <time>2026-07-01T02:36:38Z</time>
   </trkpt>
   <trkpt lat="12.9057880" lon="77.6016580">
    <ele>895.6</ele>
    <time>2026-07-01T02:36:39Z</time>
   </trkpt>
   <trkpt lat="12.9057880" lon="77.6016590">
    <ele>895.6</ele>
    <time>2026-07-01T02:36:40Z</time>
   </trkpt>
   <trkpt lat="12.9057880" lon="77.6016590">
    <ele>895.6</ele>
    <time>2026-07-01T02:36:41Z</time>
   </trkpt>
   <trkpt lat="12.9057880" lon="77.6016590">
    <ele>895.6</ele>
    <time>2026-07-01T02:36:42Z</time>
   </trkpt>
   <trkpt lat="12.9058230" lon="77.6016280">
    <ele>895.7</ele>
    <time>2026-07-01T02:37:00Z</time>
   </trkpt>
   <trkpt lat="12.9058440" lon="77.6016250">
    <ele>895.7</ele>
    <time>2026-07-01T02:37:01Z</time>
   </trkpt>
   <trkpt lat="12.9058680" lon="77.6016230">
    <ele>895.7</ele>
    <time>2026-07-01T02:37:02Z</time>
   </trkpt>
   <trkpt lat="12.9058900" lon="77.6016190">
    <ele>895.8</ele>
    <time>2026-07-01T02:37:03Z</time>
   </trkpt>
   <trkpt lat="12.9059120" lon="77.6016110">
    <ele>895.8</ele>
    <time>2026-07-01T02:37:04Z</time>
   </trkpt>
   <trkpt lat="12.9059330" lon="77.6016020">
    <ele>895.9</ele>
    <time>2026-07-01T02:37:05Z</time>
   </trkpt>
   <trkpt lat="12.9059550" lon="77.6015920">
    <ele>895.9</ele>
    <time>2026-07-01T02:37:06Z</time>
   </trkpt>
   <trkpt lat="12.9059740" lon="77.6015830">
    <ele>896.0</ele>
    <time>2026-07-01T02:37:07Z</time>
   </trkpt>
   <trkpt lat="12.9059920" lon="77.6015690">
    <ele>896.0</ele>
    <time>2026-07-01T02:37:08Z</time>
   </trkpt>
   <trkpt lat="12.9060110" lon="77.6015550">
    <ele>896.1</ele>
    <time>2026-07-01T02:37:09Z</time>
   </trkpt>
   <trkpt lat="12.9060290" lon="77.6015390">
    <ele>896.2</ele>
    <time>2026-07-01T02:37:10Z</time>
   </trkpt>
   <trkpt lat="12.9060490" lon="77.6015330">
    <ele>896.2</ele>
    <time>2026-07-01T02:37:11Z</time>
   </trkpt>
   <trkpt lat="12.9060730" lon="77.6015290">
    <ele>896.3</ele>
    <time>2026-07-01T02:37:12Z</time>
   </trkpt>
   <trkpt lat="12.9060930" lon="77.6015190">
    <ele>896.3</ele>
    <time>2026-07-01T02:37:13Z</time>
   </trkpt>
   <trkpt lat="12.9061100" lon="77.6015090">
    <ele>896.4</ele>
    <time>2026-07-01T02:37:14Z</time>
   </trkpt>
   <trkpt lat="12.9061250" lon="77.6014970">
    <ele>896.4</ele>
    <time>2026-07-01T02:37:15Z</time>
   </trkpt>
   <trkpt lat="12.9061360" lon="77.6014860">
    <ele>896.5</ele>
    <time>2026-07-01T02:37:16Z</time>
   </trkpt>
   <trkpt lat="12.9061530" lon="77.6014750">
    <ele>896.5</ele>
    <time>2026-07-01T02:37:17Z</time>
   </trkpt>
   <trkpt lat="12.9061710" lon="77.6014650">
    <ele>896.6</ele>
    <time>2026-07-01T02:37:18Z</time>
   </trkpt>
   <trkpt lat="12.9061890" lon="77.6014540">
    <ele>896.6</ele>
    <time>2026-07-01T02:37:19Z</time>
   </trkpt>
   <trkpt lat="12.9062090" lon="77.6014440">
    <ele>896.7</ele>
    <time>2026-07-01T02:37:20Z</time>
   </trkpt>
   <trkpt lat="12.9062250" lon="77.6014330">
    <ele>896.7</ele>
    <time>2026-07-01T02:37:21Z</time>
   </trkpt>
   <trkpt lat="12.9062370" lon="77.6014190">
    <ele>896.8</ele>
    <time>2026-07-01T02:37:22Z</time>
   </trkpt>
   <trkpt lat="12.9062480" lon="77.6014030">
    <ele>896.8</ele>
    <time>2026-07-01T02:37:23Z</time>
   </trkpt>
   <trkpt lat="12.9062590" lon="77.6013890">
    <ele>896.9</ele>
    <time>2026-07-01T02:37:24Z</time>
   </trkpt>
   <trkpt lat="12.9062700" lon="77.6013770">
    <ele>896.9</ele>
    <time>2026-07-01T02:37:25Z</time>
   </trkpt>
   <trkpt lat="12.9062780" lon="77.6013640">
    <ele>897.0</ele>
    <time>2026-07-01T02:37:26Z</time>
   </trkpt>
   <trkpt lat="12.9062850" lon="77.6013490">
    <ele>897.0</ele>
    <time>2026-07-01T02:37:27Z</time>
   </trkpt>
   <trkpt lat="12.9062940" lon="77.6013320">
    <ele>897.1</ele>
    <time>2026-07-01T02:37:28Z</time>
   </trkpt>
   <trkpt lat="12.9063050" lon="77.6013150">
    <ele>897.2</ele>
    <time>2026-07-01T02:37:29Z</time>
   </trkpt>
   <trkpt lat="12.9063170" lon="77.6013010">
    <ele>897.2</ele>
    <time>2026-07-01T02:37:30Z</time>
   </trkpt>
   <trkpt lat="12.9063310" lon="77.6012860">
    <ele>897.3</ele>
    <time>2026-07-01T02:37:31Z</time>
   </trkpt>
   <trkpt lat="12.9063460" lon="77.6012690">
    <ele>897.4</ele>
    <time>2026-07-01T02:37:32Z</time>
   </trkpt>
   <trkpt lat="12.9063630" lon="77.6012540">
    <ele>897.4</ele>
    <time>2026-07-01T02:37:33Z</time>
   </trkpt>
   <trkpt lat="12.9063810" lon="77.6012410">
    <ele>897.5</ele>
    <time>2026-07-01T02:37:34Z</time>
   </trkpt>
   <trkpt lat="12.9064000" lon="77.6012250">
    <ele>897.6</ele>
    <time>2026-07-01T02:37:35Z</time>
   </trkpt>
   <trkpt lat="12.9064170" lon="77.6012090">
    <ele>897.6</ele>
    <time>2026-07-01T02:37:36Z</time>
   </trkpt>
   <trkpt lat="12.9064380" lon="77.6011940">
    <ele>897.7</ele>
    <time>2026-07-01T02:37:37Z</time>
   </trkpt>
   <trkpt lat="12.9064590" lon="77.6011800">
    <ele>897.8</ele>
    <time>2026-07-01T02:37:38Z</time>
   </trkpt>
   <trkpt lat="12.9064800" lon="77.6011670">
    <ele>897.9</ele>
    <time>2026-07-01T02:37:39Z</time>
   </trkpt>
   <trkpt lat="12.9064970" lon="77.6011510">
    <ele>897.9</ele>
    <time>2026-07-01T02:37:40Z</time>
   </trkpt>
   <trkpt lat="12.9065140" lon="77.6011370">
    <ele>898.0</ele>
    <time>2026-07-01T02:37:41Z</time>
   </trkpt>
   <trkpt lat="12.9065360" lon="77.6011230">
    <ele>898.1</ele>
    <time>2026-07-01T02:37:42Z</time>
   </trkpt>
   <trkpt lat="12.9065530" lon="77.6011060">
    <ele>898.1</ele>
    <time>2026-07-01T02:37:43Z</time>
   </trkpt>
   <trkpt lat="12.9065720" lon="77.6010930">
    <ele>898.2</ele>
    <time>2026-07-01T02:37:44Z</time>
   </trkpt>
   <trkpt lat="12.9065950" lon="77.6010810">
    <ele>898.3</ele>
    <time>2026-07-01T02:37:45Z</time>
   </trkpt>
   <trkpt lat="12.9066120" lon="77.6010660">
    <ele>898.3</ele>
    <time>2026-07-01T02:37:46Z</time>
   </trkpt>
   <trkpt lat="12.9066310" lon="77.6010520">
    <ele>898.4</ele>
    <time>2026-07-01T02:37:47Z</time>
   </trkpt>
   <trkpt lat="12.9066500" lon="77.6010370">
    <ele>898.4</ele>
    <time>2026-07-01T02:37:48Z</time>
   </trkpt>
   <trkpt lat="12.9066720" lon="77.6010240">
    <ele>898.5</ele>
    <time>2026-07-01T02:37:49Z</time>
   </trkpt>
   <trkpt lat="12.9066900" lon="77.6010110">
    <ele>898.6</ele>
    <time>2026-07-01T02:37:50Z</time>
   </trkpt>
   <trkpt lat="12.9067050" lon="77.6009970">
    <ele>898.6</ele>
    <time>2026-07-01T02:37:51Z</time>
   </trkpt>
   <trkpt lat="12.9067220" lon="77.6009830">
    <ele>898.7</ele>
    <time>2026-07-01T02:37:52Z</time>
   </trkpt>
   <trkpt lat="12.9067390" lon="77.6009700">
    <ele>898.7</ele>
    <time>2026-07-01T02:37:53Z</time>
   </trkpt>
   <trkpt lat="12.9067580" lon="77.6009570">
    <ele>898.8</ele>
    <time>2026-07-01T02:37:54Z</time>
   </trkpt>
   <trkpt lat="12.9067730" lon="77.6009440">
    <ele>898.8</ele>
    <time>2026-07-01T02:37:55Z</time>
   </trkpt>
   <trkpt lat="12.9067890" lon="77.6009290">
    <ele>898.9</ele>
    <time>2026-07-01T02:37:56Z</time>
   </trkpt>
   <trkpt lat="12.9068070" lon="77.6009140">
    <ele>899.0</ele>
    <time>2026-07-01T02:37:57Z</time>
   </trkpt>
   <trkpt lat="12.9068230" lon="77.6009030">
    <ele>899.0</ele>
    <time>2026-07-01T02:37:58Z</time>
   </trkpt>
   <trkpt lat="12.9068370" lon="77.6008910">
    <ele>899.1</ele>
    <time>2026-07-01T02:37:59Z</time>
   </trkpt>
   <trkpt lat="12.9068530" lon="77.6008780">
    <ele>899.1</ele>
    <time>2026-07-01T02:38:00Z</time>
   </trkpt>
   <trkpt lat="12.9068680" lon="77.6008670">
    <ele>899.2</ele>
    <time>2026-07-01T02:38:01Z</time>
   </trkpt>
   <trkpt lat="12.9068820" lon="77.6008560">
    <ele>899.2</ele>
    <time>2026-07-01T02:38:02Z</time>
   </trkpt>
   <trkpt lat="12.9068930" lon="77.6008430">
    <ele>899.2</ele>
    <time>2026-07-01T02:38:03Z</time>
   </trkpt>
   <trkpt lat="12.9069070" lon="77.6008280">
    <ele>899.3</ele>
    <time>2026-07-01T02:38:04Z</time>
   </trkpt>
   <trkpt lat="12.9069150" lon="77.6008120">
    <ele>899.3</ele>
    <time>2026-07-01T02:38:05Z</time>
   </trkpt>
   <trkpt lat="12.9069180" lon="77.6007950">
    <ele>899.4</ele>
    <time>2026-07-01T02:38:06Z</time>
   </trkpt>
   <trkpt lat="12.9069200" lon="77.6007850">
    <ele>899.4</ele>
    <time>2026-07-01T02:38:07Z</time>
   </trkpt>
   <trkpt lat="12.9069240" lon="77.6007770">
    <ele>899.4</ele>
    <time>2026-07-01T02:38:08Z</time>
   </trkpt>
   <trkpt lat="12.9069260" lon="77.6007710">
    <ele>899.5</ele>
    <time>2026-07-01T02:38:09Z</time>
   </trkpt>
   <trkpt lat="12.9069200" lon="77.6007690">
    <ele>899.5</ele>
    <time>2026-07-01T02:38:10Z</time>
   </trkpt>
   <trkpt lat="12.9069170" lon="77.6007670">
    <ele>899.5</ele>
    <time>2026-07-01T02:38:11Z</time>
   </trkpt>
   <trkpt lat="12.9069140" lon="77.6007650">
    <ele>899.5</ele>
    <time>2026-07-01T02:38:12Z</time>
   </trkpt>
   <trkpt lat="12.9069100" lon="77.6007540">
    <ele>899.5</ele>
    <time>2026-07-01T02:38:13Z</time>
   </trkpt>
   <trkpt lat="12.9069080" lon="77.6007340">
    <ele>899.6</ele>
    <time>2026-07-01T02:38:14Z</time>
   </trkpt>
   <trkpt lat="12.9069170" lon="77.6007160">
    <ele>899.6</ele>
    <time>2026-07-01T02:38:15Z</time>
   </trkpt>
   <trkpt lat="12.9069350" lon="77.6007000">
    <ele>899.7</ele>
    <time>2026-07-01T02:38:16Z</time>
   </trkpt>
   <trkpt lat="12.9069570" lon="77.6006860">
    <ele>899.8</ele>
    <time>2026-07-01T02:38:17Z</time>
   </trkpt>
   <trkpt lat="12.9069750" lon="77.6006690">
    <ele>899.9</ele>
    <time>2026-07-01T02:38:18Z</time>
   </trkpt>
   <trkpt lat="12.9069940" lon="77.6006480">
    <ele>899.9</ele>
    <time>2026-07-01T02:38:19Z</time>
   </trkpt>
   <trkpt lat="12.9070140" lon="77.6006300">
    <ele>900.0</ele>
    <time>2026-07-01T02:38:20Z</time>
   </trkpt>
   <trkpt lat="12.9070330" lon="77.6006160">
    <ele>900.1</ele>
    <time>2026-07-01T02:38:21Z</time>
   </trkpt>
   <trkpt lat="12.9070490" lon="77.6006030">
    <ele>900.1</ele>
    <time>2026-07-01T02:38:22Z</time>
   </trkpt>
   <trkpt lat="12.9070660" lon="77.6005880">
    <ele>900.2</ele>
    <time>2026-07-01T02:38:23Z</time>
   </trkpt>
   <trkpt lat="12.9070810" lon="77.6005810">
    <ele>900.2</ele>
    <time>2026-07-01T02:38:24Z</time>
   </trkpt>
   <trkpt lat="12.9070950" lon="77.6005740">
    <ele>900.3</ele>
    <time>2026-07-01T02:38:25Z</time>
   </trkpt>
   <trkpt lat="12.9071070" lon="77.6005640">
    <ele>900.3</ele>
    <time>2026-07-01T02:38:26Z</time>
   </trkpt>
   <trkpt lat="12.9071180" lon="77.6005550">
    <ele>900.4</ele>
    <time>2026-07-01T02:38:27Z</time>
   </trkpt>
   <trkpt lat="12.9071330" lon="77.6005470">
    <ele>900.5</ele>
    <time>2026-07-01T02:38:28Z</time>
   </trkpt>
   <trkpt lat="12.9071430" lon="77.6005390">
    <ele>900.5</ele>
    <time>2026-07-01T02:38:29Z</time>
   </trkpt>
   <trkpt lat="12.9071520" lon="77.6005280">
    <ele>900.6</ele>
    <time>2026-07-01T02:38:30Z</time>
   </trkpt>
   <trkpt lat="12.9071590" lon="77.6005140">
    <ele>900.7</ele>
    <time>2026-07-01T02:38:31Z</time>
   </trkpt>
   <trkpt lat="12.9071660" lon="77.6004960">
    <ele>900.7</ele>
    <time>2026-07-01T02:38:32Z</time>
   </trkpt>
   <trkpt lat="12.9071720" lon="77.6004770">
    <ele>900.7</ele>
    <time>2026-07-01T02:38:33Z</time>
   </trkpt>
   <trkpt lat="12.9071740" lon="77.6004550">
    <ele>900.7</ele>
    <time>2026-07-01T02:38:34Z</time>
   </trkpt>
   <trkpt lat="12.9071710" lon="77.6004330">
    <ele>900.7</ele>
    <time>2026-07-01T02:38:35Z</time>
   </trkpt>
   <trkpt lat="12.9071670" lon="77.6004090">
    <ele>900.7</ele>
    <time>2026-07-01T02:38:36Z</time>
   </trkpt>
   <trkpt lat="12.9071630" lon="77.6003840">
    <ele>900.7</ele>
    <time>2026-07-01T02:38:37Z</time>
   </trkpt>
   <trkpt lat="12.9071570" lon="77.6003580">
    <ele>900.7</ele>
    <time>2026-07-01T02:38:38Z</time>
   </trkpt>
   <trkpt lat="12.9071510" lon="77.6003330">
    <ele>900.7</ele>
    <time>2026-07-01T02:38:39Z</time>
   </trkpt>
   <trkpt lat="12.9071460" lon="77.6003100">
    <ele>900.7</ele>
    <time>2026-07-01T02:38:40Z</time>
   </trkpt>
   <trkpt lat="12.9071430" lon="77.6002900">
    <ele>900.7</ele>
    <time>2026-07-01T02:38:41Z</time>
   </trkpt>
   <trkpt lat="12.9071370" lon="77.6002680">
    <ele>900.7</ele>
    <time>2026-07-01T02:38:42Z</time>
   </trkpt>
   <trkpt lat="12.9071320" lon="77.6002390">
    <ele>900.8</ele>
    <time>2026-07-01T02:38:43Z</time>
   </trkpt>
   <trkpt lat="12.9071300" lon="77.6002140">
    <ele>900.8</ele>
    <time>2026-07-01T02:38:44Z</time>
   </trkpt>
   <trkpt lat="12.9071230" lon="77.6001920">
    <ele>900.8</ele>
    <time>2026-07-01T02:38:45Z</time>
   </trkpt>
   <trkpt lat="12.9071160" lon="77.6001640">
    <ele>900.8</ele>
    <time>2026-07-01T02:38:46Z</time>
   </trkpt>
   <trkpt lat="12.9071040" lon="77.6001370">
    <ele>900.8</ele>
    <time>2026-07-01T02:38:47Z</time>
   </trkpt>
   <trkpt lat="12.9070940" lon="77.6001100">
    <ele>900.9</ele>
    <time>2026-07-01T02:38:48Z</time>
   </trkpt>
   <trkpt lat="12.9070830" lon="77.6000810">
    <ele>900.9</ele>
    <time>2026-07-01T02:38:49Z</time>
   </trkpt>
   <trkpt lat="12.9070700" lon="77.6000540">
    <ele>900.9</ele>
    <time>2026-07-01T02:38:50Z</time>
   </trkpt>
   <trkpt lat="12.9070570" lon="77.6000230">
    <ele>900.9</ele>
    <time>2026-07-01T02:38:51Z</time>
   </trkpt>
   <trkpt lat="12.9070490" lon="77.5999990">
    <ele>900.9</ele>
    <time>2026-07-01T02:38:52Z</time>
   </trkpt>
   <trkpt lat="12.9070410" lon="77.5999690">
    <ele>900.9</ele>
    <time>2026-07-01T02:38:53Z</time>
   </trkpt>
   <trkpt lat="12.9070360" lon="77.5999420">
    <ele>900.9</ele>
    <time>2026-07-01T02:38:54Z</time>
   </trkpt>
   <trkpt lat="12.9070270" lon="77.5999200">
    <ele>900.9</ele>
    <time>2026-07-01T02:38:55Z</time>
   </trkpt>
   <trkpt lat="12.9070220" lon="77.5998880">
    <ele>900.9</ele>
    <time>2026-07-01T02:38:56Z</time>
   </trkpt>
   <trkpt lat="12.9070120" lon="77.5998620">
    <ele>900.9</ele>
    <time>2026-07-01T02:38:57Z</time>
   </trkpt>
   <trkpt lat="12.9070130" lon="77.5998340">
    <ele>900.9</ele>
    <time>2026-07-01T02:38:58Z</time>
   </trkpt>
   <trkpt lat="12.9070000" lon="77.5998060">
    <ele>900.9</ele>
    <time>2026-07-01T02:38:59Z</time>
   </trkpt>
   <trkpt lat="12.9069900" lon="77.5997810">
    <ele>900.9</ele>
    <time>2026-07-01T02:39:00Z</time>
   </trkpt>
   <trkpt lat="12.9069780" lon="77.5997560">
    <ele>900.9</ele>
    <time>2026-07-01T02:39:01Z</time>
   </trkpt>
   <trkpt lat="12.9069640" lon="77.5997240">
    <ele>900.9</ele>
    <time>2026-07-01T02:39:02Z</time>
   </trkpt>
   <trkpt lat="12.9069560" lon="77.5996910">
    <ele>900.9</ele>
    <time>2026-07-01T02:39:03Z</time>
   </trkpt>
   <trkpt lat="12.9069480" lon="77.5996550">
    <ele>900.9</ele>
    <time>2026-07-01T02:39:04Z</time>
   </trkpt>
   <trkpt lat="12.9069470" lon="77.5996310">
    <ele>900.9</ele>
    <time>2026-07-01T02:39:05Z</time>
   </trkpt>
   <trkpt lat="12.9069410" lon="77.5996100">
    <ele>900.9</ele>
    <time>2026-07-01T02:39:06Z</time>
   </trkpt>
   <trkpt lat="12.9069270" lon="77.5995760">
    <ele>900.9</ele>
    <time>2026-07-01T02:39:07Z</time>
   </trkpt>
   <trkpt lat="12.9069170" lon="77.5995480">
    <ele>900.9</ele>
    <time>2026-07-01T02:39:08Z</time>
   </trkpt>
   <trkpt lat="12.9069100" lon="77.5995180">
    <ele>900.9</ele>
    <time>2026-07-01T02:39:09Z</time>
   </trkpt>
   <trkpt lat="12.9069020" lon="77.5994920">
    <ele>901.0</ele>
    <time>2026-07-01T02:39:10Z</time>
   </trkpt>
   <trkpt lat="12.9068960" lon="77.5994650">
    <ele>901.0</ele>
    <time>2026-07-01T02:39:11Z</time>
   </trkpt>
   <trkpt lat="12.9068920" lon="77.5994350">
    <ele>901.0</ele>
    <time>2026-07-01T02:39:12Z</time>
   </trkpt>
   <trkpt lat="12.9068820" lon="77.5994080">
    <ele>901.0</ele>
    <time>2026-07-01T02:39:13Z</time>
   </trkpt>
   <trkpt lat="12.9068710" lon="77.5993770">
    <ele>901.1</ele>
    <time>2026-07-01T02:39:14Z</time>
   </trkpt>
   <trkpt lat="12.9068600" lon="77.5993450">
    <ele>901.1</ele>
    <time>2026-07-01T02:39:15Z</time>
   </trkpt>
   <trkpt lat="12.9068520" lon="77.5993180">
    <ele>901.1</ele>
    <time>2026-07-01T02:39:16Z</time>
   </trkpt>
   <trkpt lat="12.9068460" lon="77.5992890">
    <ele>901.2</ele>
    <time>2026-07-01T02:39:17Z</time>
   </trkpt>
   <trkpt lat="12.9068330" lon="77.5992590">
    <ele>901.2</ele>
    <time>2026-07-01T02:39:18Z</time>
   </trkpt>
   <trkpt lat="12.9068180" lon="77.5992300">
    <ele>901.2</ele>
    <time>2026-07-01T02:39:19Z</time>
   </trkpt>
   <trkpt lat="12.9068130" lon="77.5992000">
    <ele>901.2</ele>
    <time>2026-07-01T02:39:20Z</time>
   </trkpt>
   <trkpt lat="12.9068060" lon="77.5991730">
    <ele>901.2</ele>
    <time>2026-07-01T02:39:21Z</time>
   </trkpt>
   <trkpt lat="12.9067980" lon="77.5991440">
    <ele>901.2</ele>
    <time>2026-07-01T02:39:22Z</time>
   </trkpt>
   <trkpt lat="12.9067930" lon="77.5991150">
    <ele>901.2</ele>
    <time>2026-07-01T02:39:23Z</time>
   </trkpt>
   <trkpt lat="12.9067920" lon="77.5990860">
    <ele>901.2</ele>
    <time>2026-07-01T02:39:24Z</time>
   </trkpt>
   <trkpt lat="12.9067820" lon="77.5990570">
    <ele>901.2</ele>
    <time>2026-07-01T02:39:25Z</time>
   </trkpt>
   <trkpt lat="12.9067690" lon="77.5990240">
    <ele>901.3</ele>
    <time>2026-07-01T02:39:26Z</time>
   </trkpt>
   <trkpt lat="12.9067610" lon="77.5989930">
    <ele>901.3</ele>
    <time>2026-07-01T02:39:27Z</time>
   </trkpt>
   <trkpt lat="12.9067530" lon="77.5989670">
    <ele>901.3</ele>
    <time>2026-07-01T02:39:28Z</time>
   </trkpt>
   <trkpt lat="12.9067540" lon="77.5989340">
    <ele>901.3</ele>
    <time>2026-07-01T02:39:29Z</time>
   </trkpt>
   <trkpt lat="12.9067400" lon="77.5989110">
    <ele>901.3</ele>
    <time>2026-07-01T02:39:30Z</time>
   </trkpt>
   <trkpt lat="12.9067310" lon="77.5988790">
    <ele>901.3</ele>
    <time>2026-07-01T02:39:31Z</time>
   </trkpt>
   <trkpt lat="12.9067290" lon="77.5988510">
    <ele>901.3</ele>
    <time>2026-07-01T02:39:32Z</time>
   </trkpt>
   <trkpt lat="12.9067220" lon="77.5988240">
    <ele>901.3</ele>
    <time>2026-07-01T02:39:33Z</time>
   </trkpt>
   <trkpt lat="12.9067250" lon="77.5987930">
    <ele>901.3</ele>
    <time>2026-07-01T02:39:34Z</time>
   </trkpt>
   <trkpt lat="12.9067160" lon="77.5987650">
    <ele>901.2</ele>
    <time>2026-07-01T02:39:35Z</time>
   </trkpt>
   <trkpt lat="12.9067050" lon="77.5987330">
    <ele>901.2</ele>
    <time>2026-07-01T02:39:36Z</time>
   </trkpt>
   <trkpt lat="12.9066950" lon="77.5987090">
    <ele>901.2</ele>
    <time>2026-07-01T02:39:37Z</time>
   </trkpt>
   <trkpt lat="12.9066840" lon="77.5986790">
    <ele>901.2</ele>
    <time>2026-07-01T02:39:38Z</time>
   </trkpt>
   <trkpt lat="12.9066740" lon="77.5986520">
    <ele>901.2</ele>
    <time>2026-07-01T02:39:39Z</time>
   </trkpt>
   <trkpt lat="12.9066650" lon="77.5986240">
    <ele>901.2</ele>
    <time>2026-07-01T02:39:40Z</time>
   </trkpt>
   <trkpt lat="12.9066540" lon="77.5985980">
    <ele>901.2</ele>
    <time>2026-07-01T02:39:41Z</time>
   </trkpt>
   <trkpt lat="12.9066450" lon="77.5985680">
    <ele>901.2</ele>
    <time>2026-07-01T02:39:42Z</time>
   </trkpt>
   <trkpt lat="12.9066380" lon="77.5985380">
    <ele>901.2</ele>
    <time>2026-07-01T02:39:43Z</time>
   </trkpt>
   <trkpt lat="12.9066350" lon="77.5985120">
    <ele>901.3</ele>
    <time>2026-07-01T02:39:44Z</time>
   </trkpt>
   <trkpt lat="12.9066250" lon="77.5984840">
    <ele>901.3</ele>
    <time>2026-07-01T02:39:45Z</time>
   </trkpt>
   <trkpt lat="12.9066210" lon="77.5984570">
    <ele>901.3</ele>
    <time>2026-07-01T02:39:46Z</time>
   </trkpt>
   <trkpt lat="12.9066130" lon="77.5984300">
    <ele>901.3</ele>
    <time>2026-07-01T02:39:47Z</time>
   </trkpt>
   <trkpt lat="12.9066060" lon="77.5984020">
    <ele>901.3</ele>
    <time>2026-07-01T02:39:48Z</time>
   </trkpt>
   <trkpt lat="12.9065990" lon="77.5983660">
    <ele>901.4</ele>
    <time>2026-07-01T02:39:49Z</time>
   </trkpt>
   <trkpt lat="12.9065920" lon="77.5983350">
    <ele>901.4</ele>
    <time>2026-07-01T02:39:50Z</time>
   </trkpt>
   <trkpt lat="12.9065810" lon="77.5983030">
    <ele>901.4</ele>
    <time>2026-07-01T02:39:51Z</time>
   </trkpt>
   <trkpt lat="12.9065710" lon="77.5982710">
    <ele>901.4</ele>
    <time>2026-07-01T02:39:52Z</time>
   </trkpt>
   <trkpt lat="12.9065580" lon="77.5982400">
    <ele>901.4</ele>
    <time>2026-07-01T02:39:53Z</time>
   </trkpt>
   <trkpt lat="12.9065470" lon="77.5982070">
    <ele>901.4</ele>
    <time>2026-07-01T02:39:54Z</time>
   </trkpt>
   <trkpt lat="12.9065390" lon="77.5981720">
    <ele>901.3</ele>
    <time>2026-07-01T02:39:55Z</time>
   </trkpt>
   <trkpt lat="12.9065280" lon="77.5981400">
    <ele>901.3</ele>
    <time>2026-07-01T02:39:56Z</time>
   </trkpt>
   <trkpt lat="12.9065220" lon="77.5981080">
    <ele>901.3</ele>
    <time>2026-07-01T02:39:57Z</time>
   </trkpt>
   <trkpt lat="12.9065130" lon="77.5980760">
    <ele>901.3</ele>
    <time>2026-07-01T02:39:58Z</time>
   </trkpt>
   <trkpt lat="12.9065030" lon="77.5980470">
    <ele>901.3</ele>
    <time>2026-07-01T02:39:59Z</time>
   </trkpt>
   <trkpt lat="12.9064970" lon="77.5980130">
    <ele>901.3</ele>
    <time>2026-07-01T02:40:00Z</time>
   </trkpt>
   <trkpt lat="12.9064880" lon="77.5979760">
    <ele>901.3</ele>
    <time>2026-07-01T02:40:01Z</time>
   </trkpt>
   <trkpt lat="12.9064720" lon="77.5979490">
    <ele>901.3</ele>
    <time>2026-07-01T02:40:02Z</time>
   </trkpt>
   <trkpt lat="12.9064610" lon="77.5979180">
    <ele>901.3</ele>
    <time>2026-07-01T02:40:03Z</time>
   </trkpt>
   <trkpt lat="12.9064510" lon="77.5978890">
    <ele>901.3</ele>
    <time>2026-07-01T02:40:04Z</time>
   </trkpt>
   <trkpt lat="12.9064430" lon="77.5978570">
    <ele>901.4</ele>
    <time>2026-07-01T02:40:05Z</time>
   </trkpt>
   <trkpt lat="12.9064360" lon="77.5978270">
    <ele>901.4</ele>
    <time>2026-07-01T02:40:06Z</time>
   </trkpt>
   <trkpt lat="12.9064390" lon="77.5977970">
    <ele>901.4</ele>
    <time>2026-07-01T02:40:07Z</time>
   </trkpt>
   <trkpt lat="12.9064190" lon="77.5977640">
    <ele>901.3</ele>
    <time>2026-07-01T02:40:08Z</time>
   </trkpt>
   <trkpt lat="12.9064080" lon="77.5977410">
    <ele>901.3</ele>
    <time>2026-07-01T02:40:09Z</time>
   </trkpt>
   <trkpt lat="12.9064010" lon="77.5977090">
    <ele>901.3</ele>
    <time>2026-07-01T02:40:10Z</time>
   </trkpt>
   <trkpt lat="12.9063900" lon="77.5976780">
    <ele>901.3</ele>
    <time>2026-07-01T02:40:11Z</time>
   </trkpt>
   <trkpt lat="12.9063820" lon="77.5976460">
    <ele>901.3</ele>
    <time>2026-07-01T02:40:12Z</time>
   </trkpt>
   <trkpt lat="12.9063700" lon="77.5976160">
    <ele>901.3</ele>
    <time>2026-07-01T02:40:13Z</time>
   </trkpt>
   <trkpt lat="12.9063630" lon="77.5975900">
    <ele>901.2</ele>
    <time>2026-07-01T02:40:14Z</time>
   </trkpt>
   <trkpt lat="12.9063470" lon="77.5975570">
    <ele>901.2</ele>
    <time>2026-07-01T02:40:15Z</time>
   </trkpt>
   <trkpt lat="12.9063390" lon="77.5975250">
    <ele>901.2</ele>
    <time>2026-07-01T02:40:16Z</time>
   </trkpt>
   <trkpt lat="12.9063260" lon="77.5974960">
    <ele>901.2</ele>
    <time>2026-07-01T02:40:17Z</time>
   </trkpt>
   <trkpt lat="12.9063150" lon="77.5974700">
    <ele>901.2</ele>
    <time>2026-07-01T02:40:18Z</time>
   </trkpt>
   <trkpt lat="12.9063090" lon="77.5974420">
    <ele>901.1</ele>
    <time>2026-07-01T02:40:19Z</time>
   </trkpt>
   <trkpt lat="12.9063060" lon="77.5974200">
    <ele>901.1</ele>
    <time>2026-07-01T02:40:20Z</time>
   </trkpt>
   <trkpt lat="12.9062950" lon="77.5973800">
    <ele>901.1</ele>
    <time>2026-07-01T02:40:21Z</time>
   </trkpt>
   <trkpt lat="12.9062840" lon="77.5973510">
    <ele>901.1</ele>
    <time>2026-07-01T02:40:22Z</time>
   </trkpt>
   <trkpt lat="12.9062720" lon="77.5973220">
    <ele>901.1</ele>
    <time>2026-07-01T02:40:23Z</time>
   </trkpt>
   <trkpt lat="12.9062590" lon="77.5972880">
    <ele>901.0</ele>
    <time>2026-07-01T02:40:24Z</time>
   </trkpt>
   <trkpt lat="12.9062560" lon="77.5972580">
    <ele>901.0</ele>
    <time>2026-07-01T02:40:25Z</time>
   </trkpt>
   <trkpt lat="12.9062530" lon="77.5972300">
    <ele>901.0</ele>
    <time>2026-07-01T02:40:26Z</time>
   </trkpt>
   <trkpt lat="12.9062350" lon="77.5971920">
    <ele>901.0</ele>
    <time>2026-07-01T02:40:27Z</time>
   </trkpt>
   <trkpt lat="12.9062290" lon="77.5971580">
    <ele>900.9</ele>
    <time>2026-07-01T02:40:28Z</time>
   </trkpt>
   <trkpt lat="12.9062180" lon="77.5971240">
    <ele>900.9</ele>
    <time>2026-07-01T02:40:29Z</time>
   </trkpt>
   <trkpt lat="12.9062080" lon="77.5970900">
    <ele>900.9</ele>
    <time>2026-07-01T02:40:30Z</time>
   </trkpt>
   <trkpt lat="12.9062020" lon="77.5970600">
    <ele>900.8</ele>
    <time>2026-07-01T02:40:31Z</time>
   </trkpt>
   <trkpt lat="12.9061890" lon="77.5970210">
    <ele>900.8</ele>
    <time>2026-07-01T02:40:32Z</time>
   </trkpt>
   <trkpt lat="12.9061810" lon="77.5969890">
    <ele>900.8</ele>
    <time>2026-07-01T02:40:33Z</time>
   </trkpt>
   <trkpt lat="12.9061740" lon="77.5969570">
    <ele>900.7</ele>
    <time>2026-07-01T02:40:34Z</time>
   </trkpt>
   <trkpt lat="12.9061660" lon="77.5969210">
    <ele>900.7</ele>
    <time>2026-07-01T02:40:35Z</time>
   </trkpt>
   <trkpt lat="12.9061550" lon="77.5968880">
    <ele>900.6</ele>
    <time>2026-07-01T02:40:36Z</time>
   </trkpt>
   <trkpt lat="12.9061430" lon="77.5968500">
    <ele>900.6</ele>
    <time>2026-07-01T02:40:37Z</time>
   </trkpt>
   <trkpt lat="12.9061310" lon="77.5968190">
    <ele>900.5</ele>
    <time>2026-07-01T02:40:38Z</time>
   </trkpt>
   <trkpt lat="12.9061210" lon="77.5967840">
    <ele>900.5</ele>
    <time>2026-07-01T02:40:39Z</time>
   </trkpt>
   <trkpt lat="12.9061130" lon="77.5967450">
    <ele>900.4</ele>
    <time>2026-07-01T02:40:40Z</time>
   </trkpt>
   <trkpt lat="12.9061090" lon="77.5967170">
    <ele>900.3</ele>
    <time>2026-07-01T02:40:41Z</time>
   </trkpt>
   <trkpt lat="12.9061010" lon="77.5966800">
    <ele>900.3</ele>
    <time>2026-07-01T02:40:42Z</time>
   </trkpt>
   <trkpt lat="12.9060950" lon="77.5966490">
    <ele>900.2</ele>
    <time>2026-07-01T02:40:43Z</time>
   </trkpt>
   <trkpt lat="12.9060860" lon="77.5966240">
    <ele>900.2</ele>
    <time>2026-07-01T02:40:44Z</time>
   </trkpt>
   <trkpt lat="12.9060820" lon="77.5966020">
    <ele>900.1</ele>
    <time>2026-07-01T02:40:45Z</time>
   </trkpt>
   <trkpt lat="12.9060710" lon="77.5965810">
    <ele>900.1</ele>
    <time>2026-07-01T02:40:46Z</time>
   </trkpt>
   <trkpt lat="12.9060570" lon="77.5965530">
    <ele>900.0</ele>
    <time>2026-07-01T02:40:47Z</time>
   </trkpt>
   <trkpt lat="12.9060480" lon="77.5965220">
    <ele>900.0</ele>
    <time>2026-07-01T02:40:48Z</time>
   </trkpt>
   <trkpt lat="12.9060410" lon="77.5964920">
    <ele>900.0</ele>
    <time>2026-07-01T02:40:49Z</time>
   </trkpt>
   <trkpt lat="12.9060340" lon="77.5964620">
    <ele>900.0</ele>
    <time>2026-07-01T02:40:50Z</time>
   </trkpt>
   <trkpt lat="12.9060300" lon="77.5964300">
    <ele>900.0</ele>
    <time>2026-07-01T02:40:51Z</time>
   </trkpt>
   <trkpt lat="12.9060260" lon="77.5963960">
    <ele>900.0</ele>
    <time>2026-07-01T02:40:52Z</time>
   </trkpt>
   <trkpt lat="12.9060230" lon="77.5963650">
    <ele>900.0</ele>
    <time>2026-07-01T02:40:53Z</time>
   </trkpt>
   <trkpt lat="12.9060190" lon="77.5963290">
    <ele>899.9</ele>
    <time>2026-07-01T02:40:54Z</time>
   </trkpt>
   <trkpt lat="12.9060190" lon="77.5962930">
    <ele>899.9</ele>
    <time>2026-07-01T02:40:55Z</time>
   </trkpt>
   <trkpt lat="12.9060230" lon="77.5962680">
    <ele>899.9</ele>
    <time>2026-07-01T02:40:56Z</time>
   </trkpt>
   <trkpt lat="12.9060260" lon="77.5962360">
    <ele>899.9</ele>
    <time>2026-07-01T02:40:57Z</time>
   </trkpt>
   <trkpt lat="12.9060310" lon="77.5962050">
    <ele>899.9</ele>
    <time>2026-07-01T02:40:58Z</time>
   </trkpt>
   <trkpt lat="12.9060340" lon="77.5961760">
    <ele>899.9</ele>
    <time>2026-07-01T02:40:59Z</time>
   </trkpt>
   <trkpt lat="12.9060380" lon="77.5961460">
    <ele>899.8</ele>
    <time>2026-07-01T02:41:00Z</time>
   </trkpt>
   <trkpt lat="12.9060410" lon="77.5961190">
    <ele>899.8</ele>
    <time>2026-07-01T02:41:01Z</time>
   </trkpt>
   <trkpt lat="12.9060400" lon="77.5960900">
    <ele>899.8</ele>
    <time>2026-07-01T02:41:02Z</time>
   </trkpt>
   <trkpt lat="12.9060410" lon="77.5960620">
    <ele>899.8</ele>
    <time>2026-07-01T02:41:03Z</time>
   </trkpt>
   <trkpt lat="12.9060450" lon="77.5960340">
    <ele>899.7</ele>
    <time>2026-07-01T02:41:04Z</time>
   </trkpt>
   <trkpt lat="12.9060460" lon="77.5960080">
    <ele>899.7</ele>
    <time>2026-07-01T02:41:05Z</time>
   </trkpt>
   <trkpt lat="12.9060550" lon="77.5959770">
    <ele>899.7</ele>
    <time>2026-07-01T02:41:06Z</time>
   </trkpt>
   <trkpt lat="12.9060640" lon="77.5959480">
    <ele>899.7</ele>
    <time>2026-07-01T02:41:07Z</time>
   </trkpt>
   <trkpt lat="12.9060690" lon="77.5959180">
    <ele>899.7</ele>
    <time>2026-07-01T02:41:08Z</time>
   </trkpt>
   <trkpt lat="12.9060750" lon="77.5958940">
    <ele>899.6</ele>
    <time>2026-07-01T02:41:09Z</time>
   </trkpt>
   <trkpt lat="12.9060800" lon="77.5958660">
    <ele>899.6</ele>
    <time>2026-07-01T02:41:10Z</time>
   </trkpt>
   <trkpt lat="12.9060850" lon="77.5958370">
    <ele>899.6</ele>
    <time>2026-07-01T02:41:11Z</time>
   </trkpt>
   <trkpt lat="12.9060910" lon="77.5958070">
    <ele>899.6</ele>
    <time>2026-07-01T02:41:12Z</time>
   </trkpt>
   <trkpt lat="12.9060940" lon="77.5957750">
    <ele>899.6</ele>
    <time>2026-07-01T02:41:13Z</time>
   </trkpt>
   <trkpt lat="12.9060930" lon="77.5957430">
    <ele>899.6</ele>
    <time>2026-07-01T02:41:14Z</time>
   </trkpt>
   <trkpt lat="12.9061000" lon="77.5957070">
    <ele>899.5</ele>
    <time>2026-07-01T02:41:15Z</time>
   </trkpt>
   <trkpt lat="12.9061000" lon="77.5956730">
    <ele>899.5</ele>
    <time>2026-07-01T02:41:16Z</time>
   </trkpt>
   <trkpt lat="12.9061010" lon="77.5956350">
    <ele>899.5</ele>
    <time>2026-07-01T02:41:17Z</time>
   </trkpt>
   <trkpt lat="12.9061010" lon="77.5956000">
    <ele>899.5</ele>
    <time>2026-07-01T02:41:18Z</time>
   </trkpt>
   <trkpt lat="12.9061050" lon="77.5955680">
    <ele>899.5</ele>
    <time>2026-07-01T02:41:19Z</time>
   </trkpt>
   <trkpt lat="12.9061100" lon="77.5955350">
    <ele>899.5</ele>
    <time>2026-07-01T02:41:20Z</time>
   </trkpt>
   <trkpt lat="12.9061150" lon="77.5955040">
    <ele>899.4</ele>
    <time>2026-07-01T02:41:21Z</time>
   </trkpt>
   <trkpt lat="12.9061180" lon="77.5954730">
    <ele>899.4</ele>
    <time>2026-07-01T02:41:22Z</time>
   </trkpt>
   <trkpt lat="12.9061220" lon="77.5954390">
    <ele>899.4</ele>
    <time>2026-07-01T02:41:23Z</time>
   </trkpt>
   <trkpt lat="12.9061260" lon="77.5954060">
    <ele>899.4</ele>
    <time>2026-07-01T02:41:24Z</time>
   </trkpt>
   <trkpt lat="12.9061320" lon="77.5953710">
    <ele>899.3</ele>
    <time>2026-07-01T02:41:25Z</time>
   </trkpt>
   <trkpt lat="12.9061360" lon="77.5953410">
    <ele>899.3</ele>
    <time>2026-07-01T02:41:26Z</time>
   </trkpt>
   <trkpt lat="12.9061420" lon="77.5953040">
    <ele>899.3</ele>
    <time>2026-07-01T02:41:27Z</time>
   </trkpt>
   <trkpt lat="12.9061440" lon="77.5952740">
    <ele>899.2</ele>
    <time>2026-07-01T02:41:28Z</time>
   </trkpt>
   <trkpt lat="12.9061430" lon="77.5952430">
    <ele>899.2</ele>
    <time>2026-07-01T02:41:29Z</time>
   </trkpt>
   <trkpt lat="12.9061460" lon="77.5952180">
    <ele>899.2</ele>
    <time>2026-07-01T02:41:30Z</time>
   </trkpt>
   <trkpt lat="12.9061520" lon="77.5951910">
    <ele>899.2</ele>
    <time>2026-07-01T02:41:31Z</time>
   </trkpt>
   <trkpt lat="12.9061570" lon="77.5951660">
    <ele>899.1</ele>
    <time>2026-07-01T02:41:32Z</time>
   </trkpt>
   <trkpt lat="12.9061640" lon="77.5951390">
    <ele>899.1</ele>
    <time>2026-07-01T02:41:33Z</time>
   </trkpt>
   <trkpt lat="12.9061600" lon="77.5951210">
    <ele>899.1</ele>
    <time>2026-07-01T02:41:34Z</time>
   </trkpt>
   <trkpt lat="12.9061710" lon="77.5951190">
    <ele>899.1</ele>
    <time>2026-07-01T02:41:35Z</time>
   </trkpt>
   <trkpt lat="12.9061680" lon="77.5951110">
    <ele>899.1</ele>
    <time>2026-07-01T02:41:36Z</time>
   </trkpt>
   <trkpt lat="12.9061670" lon="77.5951020">
    <ele>899.0</ele>
    <time>2026-07-01T02:41:37Z</time>
   </trkpt>
   <trkpt lat="12.9061670" lon="77.5951050">
    <ele>899.0</ele>
    <time>2026-07-01T02:41:39Z</time>
   </trkpt>
   <trkpt lat="12.9061660" lon="77.5951070">
    <ele>899.0</ele>
    <time>2026-07-01T02:41:40Z</time>
   </trkpt>
   <trkpt lat="12.9061660" lon="77.5951070">
    <ele>899.0</ele>
    <time>2026-07-01T02:41:41Z</time>
   </trkpt>
   <trkpt lat="12.9061660" lon="77.5951070">
    <ele>899.0</ele>
    <time>2026-07-01T02:41:42Z</time>
   </trkpt>
   <trkpt lat="12.9061660" lon="77.5951070">
    <ele>899.0</ele>
    <time>2026-07-01T02:41:43Z</time>
   </trkpt>
   <trkpt lat="12.9061660" lon="77.5951070">
    <ele>899.0</ele>
    <time>2026-07-01T02:41:44Z</time>
   </trkpt>
   <trkpt lat="12.9061660" lon="77.5951070">
    <ele>899.0</ele>
    <time>2026-07-01T02:41:45Z</time>
   </trkpt>
   <trkpt lat="12.9061660" lon="77.5951070">
    <ele>899.0</ele>
    <time>2026-07-01T02:41:46Z</time>
   </trkpt>
   <trkpt lat="12.9061660" lon="77.5951070">
    <ele>899.0</ele>
    <time>2026-07-01T02:41:47Z</time>
   </trkpt>
   <trkpt lat="12.9061540" lon="77.5950230">
    <ele>899.0</ele>
    <time>2026-07-01T02:42:06Z</time>
   </trkpt>
   <trkpt lat="12.9061510" lon="77.5949980">
    <ele>899.0</ele>
    <time>2026-07-01T02:42:07Z</time>
   </trkpt>
   <trkpt lat="12.9061480" lon="77.5949690">
    <ele>899.0</ele>
    <time>2026-07-01T02:42:08Z</time>
   </trkpt>
   <trkpt lat="12.9061430" lon="77.5949420">
    <ele>899.0</ele>
    <time>2026-07-01T02:42:09Z</time>
   </trkpt>
   <trkpt lat="12.9061400" lon="77.5949120">
    <ele>899.0</ele>
    <time>2026-07-01T02:42:10Z</time>
   </trkpt>
   <trkpt lat="12.9061400" lon="77.5948820">
    <ele>898.9</ele>
    <time>2026-07-01T02:42:11Z</time>
   </trkpt>
   <trkpt lat="12.9061440" lon="77.5948550">
    <ele>898.9</ele>
    <time>2026-07-01T02:42:12Z</time>
   </trkpt>
   <trkpt lat="12.9061470" lon="77.5948250">
    <ele>898.9</ele>
    <time>2026-07-01T02:42:13Z</time>
   </trkpt>
   <trkpt lat="12.9061420" lon="77.5947930">
    <ele>898.9</ele>
    <time>2026-07-01T02:42:14Z</time>
   </trkpt>
   <trkpt lat="12.9061400" lon="77.5947600">
    <ele>898.9</ele>
    <time>2026-07-01T02:42:15Z</time>
   </trkpt>
   <trkpt lat="12.9061410" lon="77.5947270">
    <ele>898.9</ele>
    <time>2026-07-01T02:42:16Z</time>
   </trkpt>
   <trkpt lat="12.9061470" lon="77.5947000">
    <ele>898.8</ele>
    <time>2026-07-01T02:42:17Z</time>
   </trkpt>
   <trkpt lat="12.9061410" lon="77.5946650">
    <ele>898.8</ele>
    <time>2026-07-01T02:42:18Z</time>
   </trkpt>
   <trkpt lat="12.9061410" lon="77.5946310">
    <ele>898.8</ele>
    <time>2026-07-01T02:42:19Z</time>
   </trkpt>
   <trkpt lat="12.9061370" lon="77.5946000">
    <ele>898.8</ele>
    <time>2026-07-01T02:42:20Z</time>
   </trkpt>
   <trkpt lat="12.9061380" lon="77.5945630">
    <ele>898.7</ele>
    <time>2026-07-01T02:42:21Z</time>
   </trkpt>
   <trkpt lat="12.9061260" lon="77.5945320">
    <ele>898.7</ele>
    <time>2026-07-01T02:42:22Z</time>
   </trkpt>
   <trkpt lat="12.9061340" lon="77.5944950">
    <ele>898.7</ele>
    <time>2026-07-01T02:42:23Z</time>
   </trkpt>
   <trkpt lat="12.9061310" lon="77.5944610">
    <ele>898.7</ele>
    <time>2026-07-01T02:42:24Z</time>
   </trkpt>
   <trkpt lat="12.9061350" lon="77.5944270">
    <ele>898.6</ele>
    <time>2026-07-01T02:42:25Z</time>
   </trkpt>
   <trkpt lat="12.9061390" lon="77.5943960">
    <ele>898.6</ele>
    <time>2026-07-01T02:42:26Z</time>
   </trkpt>
   <trkpt lat="12.9061370" lon="77.5943660">
    <ele>898.6</ele>
    <time>2026-07-01T02:42:27Z</time>
   </trkpt>
   <trkpt lat="12.9061320" lon="77.5943360">
    <ele>898.6</ele>
    <time>2026-07-01T02:42:28Z</time>
   </trkpt>
   <trkpt lat="12.9061260" lon="77.5943070">
    <ele>898.6</ele>
    <time>2026-07-01T02:42:29Z</time>
   </trkpt>
   <trkpt lat="12.9061200" lon="77.5942820">
    <ele>898.6</ele>
    <time>2026-07-01T02:42:30Z</time>
   </trkpt>
   <trkpt lat="12.9061230" lon="77.5942560">
    <ele>898.6</ele>
    <time>2026-07-01T02:42:31Z</time>
   </trkpt>
   <trkpt lat="12.9061270" lon="77.5942310">
    <ele>898.5</ele>
    <time>2026-07-01T02:42:32Z</time>
   </trkpt>
   <trkpt lat="12.9061280" lon="77.5942050">
    <ele>898.5</ele>
    <time>2026-07-01T02:42:33Z</time>
   </trkpt>
   <trkpt lat="12.9061300" lon="77.5941810">
    <ele>898.5</ele>
    <time>2026-07-01T02:42:34Z</time>
   </trkpt>
   <trkpt lat="12.9061360" lon="77.5941550">
    <ele>898.5</ele>
    <time>2026-07-01T02:42:35Z</time>
   </trkpt>
   <trkpt lat="12.9061390" lon="77.5941260">
    <ele>898.5</ele>
    <time>2026-07-01T02:42:36Z</time>
   </trkpt>
   <trkpt lat="12.9061380" lon="77.5940980">
    <ele>898.5</ele>
    <time>2026-07-01T02:42:37Z</time>
   </trkpt>
   <trkpt lat="12.9061330" lon="77.5940730">
    <ele>898.5</ele>
    <time>2026-07-01T02:42:38Z</time>
   </trkpt>
   <trkpt lat="12.9061190" lon="77.5940480">
    <ele>898.5</ele>
    <time>2026-07-01T02:42:39Z</time>
   </trkpt>
   <trkpt lat="12.9061230" lon="77.5940190">
    <ele>898.5</ele>
    <time>2026-07-01T02:42:40Z</time>
   </trkpt>
   <trkpt lat="12.9061330" lon="77.5939920">
    <ele>898.5</ele>
    <time>2026-07-01T02:42:41Z</time>
   </trkpt>
   <trkpt lat="12.9061370" lon="77.5939670">
    <ele>898.5</ele>
    <time>2026-07-01T02:42:42Z</time>
   </trkpt>
   <trkpt lat="12.9061360" lon="77.5939440">
    <ele>898.5</ele>
    <time>2026-07-01T02:42:43Z</time>
   </trkpt>
   <trkpt lat="12.9061410" lon="77.5939210">
    <ele>898.5</ele>
    <time>2026-07-01T02:42:44Z</time>
   </trkpt>
   <trkpt lat="12.9061450" lon="77.5938930">
    <ele>898.5</ele>
    <time>2026-07-01T02:42:45Z</time>
   </trkpt>
   <trkpt lat="12.9061450" lon="77.5938700">
    <ele>898.5</ele>
    <time>2026-07-01T02:42:46Z</time>
   </trkpt>
   <trkpt lat="12.9061470" lon="77.5938430">
    <ele>898.5</ele>
    <time>2026-07-01T02:42:47Z</time>
   </trkpt>
   <trkpt lat="12.9061510" lon="77.5938160">
    <ele>898.5</ele>
    <time>2026-07-01T02:42:48Z</time>
   </trkpt>
   <trkpt lat="12.9061480" lon="77.5937910">
    <ele>898.5</ele>
    <time>2026-07-01T02:42:49Z</time>
   </trkpt>
   <trkpt lat="12.9061490" lon="77.5937690">
    <ele>898.6</ele>
    <time>2026-07-01T02:42:50Z</time>
   </trkpt>
   <trkpt lat="12.9061450" lon="77.5937470">
    <ele>898.6</ele>
    <time>2026-07-01T02:42:51Z</time>
   </trkpt>
   <trkpt lat="12.9061470" lon="77.5937200">
    <ele>898.6</ele>
    <time>2026-07-01T02:42:52Z</time>
   </trkpt>
   <trkpt lat="12.9061440" lon="77.5936920">
    <ele>898.6</ele>
    <time>2026-07-01T02:42:53Z</time>
   </trkpt>
   <trkpt lat="12.9061460" lon="77.5936630">
    <ele>898.6</ele>
    <time>2026-07-01T02:42:54Z</time>
   </trkpt>
   <trkpt lat="12.9061460" lon="77.5936350">
    <ele>898.6</ele>
    <time>2026-07-01T02:42:55Z</time>
   </trkpt>
   <trkpt lat="12.9061460" lon="77.5936080">
    <ele>898.6</ele>
    <time>2026-07-01T02:42:56Z</time>
   </trkpt>
   <trkpt lat="12.9061480" lon="77.5935810">
    <ele>898.6</ele>
    <time>2026-07-01T02:42:57Z</time>
   </trkpt>
   <trkpt lat="12.9061520" lon="77.5935570">
    <ele>898.6</ele>
    <time>2026-07-01T02:42:58Z</time>
   </trkpt>
   <trkpt lat="12.9061570" lon="77.5935290">
    <ele>898.6</ele>
    <time>2026-07-01T02:42:59Z</time>
   </trkpt>
   <trkpt lat="12.9061600" lon="77.5935020">
    <ele>898.6</ele>
    <time>2026-07-01T02:43:00Z</time>
   </trkpt>
   <trkpt lat="12.9061680" lon="77.5934730">
    <ele>898.6</ele>
    <time>2026-07-01T02:43:01Z</time>
   </trkpt>
   <trkpt lat="12.9061770" lon="77.5934450">
    <ele>898.6</ele>
    <time>2026-07-01T02:43:02Z</time>
   </trkpt>
   <trkpt lat="12.9061840" lon="77.5934170">
    <ele>898.6</ele>
    <time>2026-07-01T02:43:03Z</time>
   </trkpt>
   <trkpt lat="12.9061930" lon="77.5933950">
    <ele>898.6</ele>
    <time>2026-07-01T02:43:04Z</time>
   </trkpt>
   <trkpt lat="12.9061990" lon="77.5933620">
    <ele>898.5</ele>
    <time>2026-07-01T02:43:05Z</time>
   </trkpt>
   <trkpt lat="12.9062010" lon="77.5933450">
    <ele>898.5</ele>
    <time>2026-07-01T02:43:06Z</time>
   </trkpt>
   <trkpt lat="12.9062040" lon="77.5933220">
    <ele>898.6</ele>
    <time>2026-07-01T02:43:07Z</time>
   </trkpt>
   <trkpt lat="12.9062090" lon="77.5932950">
    <ele>898.6</ele>
    <time>2026-07-01T02:43:08Z</time>
   </trkpt>
   <trkpt lat="12.9062110" lon="77.5932690">
    <ele>898.6</ele>
    <time>2026-07-01T02:43:09Z</time>
   </trkpt>
   <trkpt lat="12.9062180" lon="77.5932460">
    <ele>898.6</ele>
    <time>2026-07-01T02:43:10Z</time>
   </trkpt>
   <trkpt lat="12.9062240" lon="77.5932150">
    <ele>898.6</ele>
    <time>2026-07-01T02:43:11Z</time>
   </trkpt>
   <trkpt lat="12.9062230" lon="77.5931820">
    <ele>898.6</ele>
    <time>2026-07-01T02:43:12Z</time>
   </trkpt>
   <trkpt lat="12.9062220" lon="77.5931570">
    <ele>898.7</ele>
    <time>2026-07-01T02:43:13Z</time>
   </trkpt>
   <trkpt lat="12.9062240" lon="77.5931240">
    <ele>898.7</ele>
    <time>2026-07-01T02:43:14Z</time>
   </trkpt>
   <trkpt lat="12.9062190" lon="77.5930950">
    <ele>898.7</ele>
    <time>2026-07-01T02:43:15Z</time>
   </trkpt>
   <trkpt lat="12.9062210" lon="77.5930680">
    <ele>898.7</ele>
    <time>2026-07-01T02:43:16Z</time>
   </trkpt>
   <trkpt lat="12.9062230" lon="77.5930400">
    <ele>898.7</ele>
    <time>2026-07-01T02:43:17Z</time>
   </trkpt>
   <trkpt lat="12.9062240" lon="77.5930090">
    <ele>898.7</ele>
    <time>2026-07-01T02:43:18Z</time>
   </trkpt>
   <trkpt lat="12.9062250" lon="77.5929800">
    <ele>898.7</ele>
    <time>2026-07-01T02:43:19Z</time>
   </trkpt>
   <trkpt lat="12.9062200" lon="77.5929520">
    <ele>898.8</ele>
    <time>2026-07-01T02:43:20Z</time>
   </trkpt>
   <trkpt lat="12.9062150" lon="77.5929160">
    <ele>898.8</ele>
    <time>2026-07-01T02:43:21Z</time>
   </trkpt>
   <trkpt lat="12.9062130" lon="77.5928850">
    <ele>898.8</ele>
    <time>2026-07-01T02:43:22Z</time>
   </trkpt>
   <trkpt lat="12.9062140" lon="77.5928540">
    <ele>898.9</ele>
    <time>2026-07-01T02:43:23Z</time>
   </trkpt>
   <trkpt lat="12.9062140" lon="77.5928210">
    <ele>898.9</ele>
    <time>2026-07-01T02:43:24Z</time>
   </trkpt>
   <trkpt lat="12.9062110" lon="77.5927890">
    <ele>899.0</ele>
    <time>2026-07-01T02:43:25Z</time>
   </trkpt>
   <trkpt lat="12.9062080" lon="77.5927610">
    <ele>899.0</ele>
    <time>2026-07-01T02:43:26Z</time>
   </trkpt>
   <trkpt lat="12.9062090" lon="77.5927300">
    <ele>899.1</ele>
    <time>2026-07-01T02:43:27Z</time>
   </trkpt>
   <trkpt lat="12.9062100" lon="77.5927000">
    <ele>899.1</ele>
    <time>2026-07-01T02:43:28Z</time>
   </trkpt>
   <trkpt lat="12.9062140" lon="77.5926700">
    <ele>899.2</ele>
    <time>2026-07-01T02:43:29Z</time>
   </trkpt>
   <trkpt lat="12.9062160" lon="77.5926380">
    <ele>899.3</ele>
    <time>2026-07-01T02:43:30Z</time>
   </trkpt>
   <trkpt lat="12.9062130" lon="77.5926130">
    <ele>899.3</ele>
    <time>2026-07-01T02:43:31Z</time>
   </trkpt>
   <trkpt lat="12.9062150" lon="77.5925860">
    <ele>899.4</ele>
    <time>2026-07-01T02:43:32Z</time>
   </trkpt>
   <trkpt lat="12.9062170" lon="77.5925570">
    <ele>899.4</ele>
    <time>2026-07-01T02:43:33Z</time>
   </trkpt>
   <trkpt lat="12.9062160" lon="77.5925310">
    <ele>899.5</ele>
    <time>2026-07-01T02:43:34Z</time>
   </trkpt>
   <trkpt lat="12.9062170" lon="77.5925120">
    <ele>899.5</ele>
    <time>2026-07-01T02:43:35Z</time>
   </trkpt>
   <trkpt lat="12.9062150" lon="77.5924850">
    <ele>899.6</ele>
    <time>2026-07-01T02:43:36Z</time>
   </trkpt>
   <trkpt lat="12.9062130" lon="77.5924610">
    <ele>899.6</ele>
    <time>2026-07-01T02:43:37Z</time>
   </trkpt>
   <trkpt lat="12.9062120" lon="77.5924370">
    <ele>899.7</ele>
    <time>2026-07-01T02:43:38Z</time>
   </trkpt>
   <trkpt lat="12.9062090" lon="77.5924120">
    <ele>899.7</ele>
    <time>2026-07-01T02:43:39Z</time>
   </trkpt>
   <trkpt lat="12.9062090" lon="77.5923890">
    <ele>899.8</ele>
    <time>2026-07-01T02:43:40Z</time>
   </trkpt>
   <trkpt lat="12.9062090" lon="77.5923610">
    <ele>899.8</ele>
    <time>2026-07-01T02:43:41Z</time>
   </trkpt>
   <trkpt lat="12.9062100" lon="77.5923360">
    <ele>899.9</ele>
    <time>2026-07-01T02:43:42Z</time>
   </trkpt>
   <trkpt lat="12.9062110" lon="77.5923100">
    <ele>900.0</ele>
    <time>2026-07-01T02:43:43Z</time>
   </trkpt>
   <trkpt lat="12.9062130" lon="77.5922840">
    <ele>900.0</ele>
    <time>2026-07-01T02:43:44Z</time>
   </trkpt>
   <trkpt lat="12.9062140" lon="77.5922580">
    <ele>900.1</ele>
    <time>2026-07-01T02:43:45Z</time>
   </trkpt>
   <trkpt lat="12.9062160" lon="77.5922330">
    <ele>900.2</ele>
    <time>2026-07-01T02:43:46Z</time>
   </trkpt>
   <trkpt lat="12.9062170" lon="77.5922090">
    <ele>900.2</ele>
    <time>2026-07-01T02:43:47Z</time>
   </trkpt>
   <trkpt lat="12.9062180" lon="77.5921800">
    <ele>900.3</ele>
    <time>2026-07-01T02:43:48Z</time>
   </trkpt>
   <trkpt lat="12.9062210" lon="77.5921540">
    <ele>900.4</ele>
    <time>2026-07-01T02:43:49Z</time>
   </trkpt>
   <trkpt lat="12.9062230" lon="77.5921240">
    <ele>900.5</ele>
    <time>2026-07-01T02:43:50Z</time>
   </trkpt>
   <trkpt lat="12.9062200" lon="77.5920950">
    <ele>900.6</ele>
    <time>2026-07-01T02:43:51Z</time>
   </trkpt>
   <trkpt lat="12.9062230" lon="77.5920680">
    <ele>900.7</ele>
    <time>2026-07-01T02:43:52Z</time>
   </trkpt>
   <trkpt lat="12.9062210" lon="77.5920390">
    <ele>900.8</ele>
    <time>2026-07-01T02:43:53Z</time>
   </trkpt>
   <trkpt lat="12.9062200" lon="77.5920120">
    <ele>900.9</ele>
    <time>2026-07-01T02:43:54Z</time>
   </trkpt>
   <trkpt lat="12.9062200" lon="77.5919840">
    <ele>900.9</ele>
    <time>2026-07-01T02:43:55Z</time>
   </trkpt>
   <trkpt lat="12.9062190" lon="77.5919570">
    <ele>901.0</ele>
    <time>2026-07-01T02:43:56Z</time>
   </trkpt>
   <trkpt lat="12.9062220" lon="77.5919180">
    <ele>901.0</ele>
    <time>2026-07-01T02:43:57Z</time>
   </trkpt>
   <trkpt lat="12.9062200" lon="77.5918890">
    <ele>901.1</ele>
    <time>2026-07-01T02:43:58Z</time>
   </trkpt>
   <trkpt lat="12.9062170" lon="77.5918600">
    <ele>901.1</ele>
    <time>2026-07-01T02:43:59Z</time>
   </trkpt>
   <trkpt lat="12.9062160" lon="77.5918260">
    <ele>901.1</ele>
    <time>2026-07-01T02:44:00Z</time>
   </trkpt>
   <trkpt lat="12.9062210" lon="77.5918010">
    <ele>901.1</ele>
    <time>2026-07-01T02:44:01Z</time>
   </trkpt>
   <trkpt lat="12.9062190" lon="77.5917710">
    <ele>901.2</ele>
    <time>2026-07-01T02:44:02Z</time>
   </trkpt>
   <trkpt lat="12.9062180" lon="77.5917490">
    <ele>901.2</ele>
    <time>2026-07-01T02:44:03Z</time>
   </trkpt>
   <trkpt lat="12.9062210" lon="77.5917260">
    <ele>901.2</ele>
    <time>2026-07-01T02:44:04Z</time>
   </trkpt>
   <trkpt lat="12.9062190" lon="77.5917010">
    <ele>901.3</ele>
    <time>2026-07-01T02:44:05Z</time>
   </trkpt>
   <trkpt lat="12.9062170" lon="77.5916740">
    <ele>901.3</ele>
    <time>2026-07-01T02:44:06Z</time>
   </trkpt>
   <trkpt lat="12.9062140" lon="77.5916480">
    <ele>901.4</ele>
    <time>2026-07-01T02:44:07Z</time>
   </trkpt>
   <trkpt lat="12.9062150" lon="77.5916220">
    <ele>901.5</ele>
    <time>2026-07-01T02:44:08Z</time>
   </trkpt>
   <trkpt lat="12.9062130" lon="77.5915980">
    <ele>901.5</ele>
    <time>2026-07-01T02:44:09Z</time>
   </trkpt>
   <trkpt lat="12.9062120" lon="77.5915710">
    <ele>901.6</ele>
    <time>2026-07-01T02:44:10Z</time>
   </trkpt>
   <trkpt lat="12.9062140" lon="77.5915480">
    <ele>901.6</ele>
    <time>2026-07-01T02:44:11Z</time>
   </trkpt>
   <trkpt lat="12.9062130" lon="77.5915220">
    <ele>901.7</ele>
    <time>2026-07-01T02:44:12Z</time>
   </trkpt>
   <trkpt lat="12.9062100" lon="77.5915020">
    <ele>901.8</ele>
    <time>2026-07-01T02:44:13Z</time>
   </trkpt>
   <trkpt lat="12.9062120" lon="77.5914780">
    <ele>901.8</ele>
    <time>2026-07-01T02:44:14Z</time>
   </trkpt>
   <trkpt lat="12.9062160" lon="77.5914560">
    <ele>901.9</ele>
    <time>2026-07-01T02:44:15Z</time>
   </trkpt>
   <trkpt lat="12.9062170" lon="77.5914330">
    <ele>901.9</ele>
    <time>2026-07-01T02:44:16Z</time>
   </trkpt>
   <trkpt lat="12.9062190" lon="77.5914120">
    <ele>902.0</ele>
    <time>2026-07-01T02:44:17Z</time>
   </trkpt>
   <trkpt lat="12.9062200" lon="77.5913900">
    <ele>902.0</ele>
    <time>2026-07-01T02:44:18Z</time>
   </trkpt>
   <trkpt lat="12.9062200" lon="77.5913700">
    <ele>902.1</ele>
    <time>2026-07-01T02:44:19Z</time>
   </trkpt>
   <trkpt lat="12.9062200" lon="77.5913480">
    <ele>902.1</ele>
    <time>2026-07-01T02:44:20Z</time>
   </trkpt>
   <trkpt lat="12.9062210" lon="77.5913260">
    <ele>902.2</ele>
    <time>2026-07-01T02:44:21Z</time>
   </trkpt>
   <trkpt lat="12.9062230" lon="77.5913060">
    <ele>902.2</ele>
    <time>2026-07-01T02:44:22Z</time>
   </trkpt>
   <trkpt lat="12.9062240" lon="77.5912850">
    <ele>902.3</ele>
    <time>2026-07-01T02:44:23Z</time>
   </trkpt>
   <trkpt lat="12.9062250" lon="77.5912630">
    <ele>902.3</ele>
    <time>2026-07-01T02:44:24Z</time>
   </trkpt>
   <trkpt lat="12.9062250" lon="77.5912420">
    <ele>902.4</ele>
    <time>2026-07-01T02:44:25Z</time>
   </trkpt>
   <trkpt lat="12.9062230" lon="77.5912240">
    <ele>902.4</ele>
    <time>2026-07-01T02:44:26Z</time>
   </trkpt>
   <trkpt lat="12.9062270" lon="77.5912040">
    <ele>902.5</ele>
    <time>2026-07-01T02:44:27Z</time>
   </trkpt>
   <trkpt lat="12.9062290" lon="77.5911800">
    <ele>902.5</ele>
    <time>2026-07-01T02:44:28Z</time>
   </trkpt>
   <trkpt lat="12.9062310" lon="77.5911510">
    <ele>902.6</ele>
    <time>2026-07-01T02:44:29Z</time>
   </trkpt>
   <trkpt lat="12.9062290" lon="77.5911320">
    <ele>902.6</ele>
    <time>2026-07-01T02:44:30Z</time>
   </trkpt>
   <trkpt lat="12.9062280" lon="77.5911110">
    <ele>902.7</ele>
    <time>2026-07-01T02:44:31Z</time>
   </trkpt>
   <trkpt lat="12.9062280" lon="77.5910930">
    <ele>902.7</ele>
    <time>2026-07-01T02:44:32Z</time>
   </trkpt>
   <trkpt lat="12.9062270" lon="77.5910710">
    <ele>902.8</ele>
    <time>2026-07-01T02:44:33Z</time>
   </trkpt>
   <trkpt lat="12.9062290" lon="77.5910480">
    <ele>902.8</ele>
    <time>2026-07-01T02:44:34Z</time>
   </trkpt>
   <trkpt lat="12.9062320" lon="77.5910250">
    <ele>902.9</ele>
    <time>2026-07-01T02:44:35Z</time>
   </trkpt>
   <trkpt lat="12.9062340" lon="77.5910060">
    <ele>902.9</ele>
    <time>2026-07-01T02:44:36Z</time>
   </trkpt>
   <trkpt lat="12.9062350" lon="77.5909820">
    <ele>903.0</ele>
    <time>2026-07-01T02:44:37Z</time>
   </trkpt>
   <trkpt lat="12.9062400" lon="77.5909600">
    <ele>903.0</ele>
    <time>2026-07-01T02:44:38Z</time>
   </trkpt>
   <trkpt lat="12.9062400" lon="77.5909380">
    <ele>903.1</ele>
    <time>2026-07-01T02:44:39Z</time>
   </trkpt>
   <trkpt lat="12.9062380" lon="77.5909190">
    <ele>903.1</ele>
    <time>2026-07-01T02:44:40Z</time>
   </trkpt>
   <trkpt lat="12.9062450" lon="77.5908930">
    <ele>903.2</ele>
    <time>2026-07-01T02:44:41Z</time>
   </trkpt>
   <trkpt lat="12.9062460" lon="77.5908750">
    <ele>903.2</ele>
    <time>2026-07-01T02:44:42Z</time>
   </trkpt>
   <trkpt lat="12.9062380" lon="77.5908490">
    <ele>903.3</ele>
    <time>2026-07-01T02:44:43Z</time>
   </trkpt>
   <trkpt lat="12.9062380" lon="77.5908370">
    <ele>903.3</ele>
    <time>2026-07-01T02:44:44Z</time>
   </trkpt>
   <trkpt lat="12.9062420" lon="77.5908100">
    <ele>903.4</ele>
    <time>2026-07-01T02:44:45Z</time>
   </trkpt>
   <trkpt lat="12.9062430" lon="77.5907860">
    <ele>903.5</ele>
    <time>2026-07-01T02:44:46Z</time>
   </trkpt>
   <trkpt lat="12.9062430" lon="77.5907660">
    <ele>903.5</ele>
    <time>2026-07-01T02:44:47Z</time>
   </trkpt>
   <trkpt lat="12.9062430" lon="77.5907450">
    <ele>903.6</ele>
    <time>2026-07-01T02:44:48Z</time>
   </trkpt>
   <trkpt lat="12.9062480" lon="77.5907230">
    <ele>903.6</ele>
    <time>2026-07-01T02:44:49Z</time>
   </trkpt>
   <trkpt lat="12.9062440" lon="77.5906980">
    <ele>903.7</ele>
    <time>2026-07-01T02:44:50Z</time>
   </trkpt>
   <trkpt lat="12.9062420" lon="77.5906690">
    <ele>903.7</ele>
    <time>2026-07-01T02:44:51Z</time>
   </trkpt>
   <trkpt lat="12.9062390" lon="77.5906520">
    <ele>903.8</ele>
    <time>2026-07-01T02:44:52Z</time>
   </trkpt>
   <trkpt lat="12.9062330" lon="77.5906340">
    <ele>903.8</ele>
    <time>2026-07-01T02:44:53Z</time>
   </trkpt>
   <trkpt lat="12.9062360" lon="77.5906090">
    <ele>903.9</ele>
    <time>2026-07-01T02:44:54Z</time>
   </trkpt>
   <trkpt lat="12.9062350" lon="77.5905810">
    <ele>904.0</ele>
    <time>2026-07-01T02:44:55Z</time>
   </trkpt>
   <trkpt lat="12.9062350" lon="77.5905570">
    <ele>904.1</ele>
    <time>2026-07-01T02:44:56Z</time>
   </trkpt>
   <trkpt lat="12.9062360" lon="77.5905300">
    <ele>904.1</ele>
    <time>2026-07-01T02:44:57Z</time>
   </trkpt>
   <trkpt lat="12.9062420" lon="77.5905070">
    <ele>904.2</ele>
    <time>2026-07-01T02:44:58Z</time>
   </trkpt>
   <trkpt lat="12.9062470" lon="77.5904840">
    <ele>904.3</ele>
    <time>2026-07-01T02:44:59Z</time>
   </trkpt>
   <trkpt lat="12.9062470" lon="77.5904630">
    <ele>904.3</ele>
    <time>2026-07-01T02:45:00Z</time>
   </trkpt>
   <trkpt lat="12.9062410" lon="77.5904400">
    <ele>904.4</ele>
    <time>2026-07-01T02:45:01Z</time>
   </trkpt>
   <trkpt lat="12.9062410" lon="77.5904150">
    <ele>904.5</ele>
    <time>2026-07-01T02:45:02Z</time>
   </trkpt>
   <trkpt lat="12.9062410" lon="77.5903970">
    <ele>904.6</ele>
    <time>2026-07-01T02:45:03Z</time>
   </trkpt>
   <trkpt lat="12.9062370" lon="77.5903740">
    <ele>904.6</ele>
    <time>2026-07-01T02:45:04Z</time>
   </trkpt>
   <trkpt lat="12.9062390" lon="77.5903550">
    <ele>904.7</ele>
    <time>2026-07-01T02:45:05Z</time>
   </trkpt>
   <trkpt lat="12.9062370" lon="77.5903390">
    <ele>904.7</ele>
    <time>2026-07-01T02:45:06Z</time>
   </trkpt>
   <trkpt lat="12.9062350" lon="77.5903160">
    <ele>904.8</ele>
    <time>2026-07-01T02:45:07Z</time>
   </trkpt>
   <trkpt lat="12.9062380" lon="77.5902960">
    <ele>904.8</ele>
    <time>2026-07-01T02:45:08Z</time>
   </trkpt>
   <trkpt lat="12.9062440" lon="77.5902710">
    <ele>904.9</ele>
    <time>2026-07-01T02:45:09Z</time>
   </trkpt>
   <trkpt lat="12.9062420" lon="77.5902500">
    <ele>904.9</ele>
    <time>2026-07-01T02:45:10Z</time>
   </trkpt>
   <trkpt lat="12.9062380" lon="77.5902230">
    <ele>905.0</ele>
    <time>2026-07-01T02:45:11Z</time>
   </trkpt>
   <trkpt lat="12.9062370" lon="77.5901980">
    <ele>905.0</ele>
    <time>2026-07-01T02:45:12Z</time>
   </trkpt>
   <trkpt lat="12.9062430" lon="77.5901720">
    <ele>905.0</ele>
    <time>2026-07-01T02:45:13Z</time>
   </trkpt>
   <trkpt lat="12.9062420" lon="77.5901470">
    <ele>905.0</ele>
    <time>2026-07-01T02:45:14Z</time>
   </trkpt>
   <trkpt lat="12.9062400" lon="77.5901190">
    <ele>905.0</ele>
    <time>2026-07-01T02:45:15Z</time>
   </trkpt>
   <trkpt lat="12.9062420" lon="77.5900930">
    <ele>905.1</ele>
    <time>2026-07-01T02:45:16Z</time>
   </trkpt>
   <trkpt lat="12.9062400" lon="77.5900700">
    <ele>905.1</ele>
    <time>2026-07-01T02:45:17Z</time>
   </trkpt>
   <trkpt lat="12.9062430" lon="77.5900450">
    <ele>905.1</ele>
    <time>2026-07-01T02:45:18Z</time>
   </trkpt>
   <trkpt lat="12.9062440" lon="77.5900260">
    <ele>905.1</ele>
    <time>2026-07-01T02:45:19Z</time>
   </trkpt>
   <trkpt lat="12.9062470" lon="77.5900080">
    <ele>905.1</ele>
    <time>2026-07-01T02:45:20Z</time>
   </trkpt>
   <trkpt lat="12.9062460" lon="77.5899880">
    <ele>905.2</ele>
    <time>2026-07-01T02:45:21Z</time>
   </trkpt>
   <trkpt lat="12.9062430" lon="77.5899600">
    <ele>905.2</ele>
    <time>2026-07-01T02:45:22Z</time>
   </trkpt>
   <trkpt lat="12.9062450" lon="77.5899420">
    <ele>905.2</ele>
    <time>2026-07-01T02:45:23Z</time>
   </trkpt>
   <trkpt lat="12.9062490" lon="77.5899220">
    <ele>905.2</ele>
    <time>2026-07-01T02:45:24Z</time>
   </trkpt>
   <trkpt lat="12.9062510" lon="77.5898930">
    <ele>905.3</ele>
    <time>2026-07-01T02:45:25Z</time>
   </trkpt>
   <trkpt lat="12.9062530" lon="77.5898660">
    <ele>905.3</ele>
    <time>2026-07-01T02:45:26Z</time>
   </trkpt>
   <trkpt lat="12.9062510" lon="77.5898400">
    <ele>905.3</ele>
    <time>2026-07-01T02:45:27Z</time>
   </trkpt>
   <trkpt lat="12.9062580" lon="77.5898280">
    <ele>905.3</ele>
    <time>2026-07-01T02:45:28Z</time>
   </trkpt>
   <trkpt lat="12.9062580" lon="77.5897980">
    <ele>905.4</ele>
    <time>2026-07-01T02:45:29Z</time>
   </trkpt>
   <trkpt lat="12.9062510" lon="77.5897720">
    <ele>905.4</ele>
    <time>2026-07-01T02:45:30Z</time>
   </trkpt>
   <trkpt lat="12.9062510" lon="77.5897380">
    <ele>905.4</ele>
    <time>2026-07-01T02:45:31Z</time>
   </trkpt>
   <trkpt lat="12.9062510" lon="77.5897140">
    <ele>905.5</ele>
    <time>2026-07-01T02:45:32Z</time>
   </trkpt>
   <trkpt lat="12.9062500" lon="77.5896970">
    <ele>905.5</ele>
    <time>2026-07-01T02:45:33Z</time>
   </trkpt>
   <trkpt lat="12.9062390" lon="77.5896660">
    <ele>905.5</ele>
    <time>2026-07-01T02:45:34Z</time>
   </trkpt>
   <trkpt lat="12.9062400" lon="77.5896360">
    <ele>905.6</ele>
    <time>2026-07-01T02:45:35Z</time>
   </trkpt>
   <trkpt lat="12.9062440" lon="77.5896110">
    <ele>905.6</ele>
    <time>2026-07-01T02:45:36Z</time>
   </trkpt>
   <trkpt lat="12.9062430" lon="77.5895840">
    <ele>905.7</ele>
    <time>2026-07-01T02:45:37Z</time>
   </trkpt>
   <trkpt lat="12.9062460" lon="77.5895630">
    <ele>905.7</ele>
    <time>2026-07-01T02:45:39Z</time>
   </trkpt>
   <trkpt lat="12.9062410" lon="77.5895290">
    <ele>905.8</ele>
    <time>2026-07-01T02:45:40Z</time>
   </trkpt>
   <trkpt lat="12.9062400" lon="77.5895040">
    <ele>905.8</ele>
    <time>2026-07-01T02:45:41Z</time>
   </trkpt>
   <trkpt lat="12.9062420" lon="77.5894770">
    <ele>905.9</ele>
    <time>2026-07-01T02:45:42Z</time>
   </trkpt>
   <trkpt lat="12.9062440" lon="77.5894500">
    <ele>906.0</ele>
    <time>2026-07-01T02:45:43Z</time>
   </trkpt>
   <trkpt lat="12.9062480" lon="77.5894240">
    <ele>906.0</ele>
    <time>2026-07-01T02:45:44Z</time>
   </trkpt>
   <trkpt lat="12.9062490" lon="77.5893960">
    <ele>906.1</ele>
    <time>2026-07-01T02:45:45Z</time>
   </trkpt>
   <trkpt lat="12.9062480" lon="77.5893710">
    <ele>906.1</ele>
    <time>2026-07-01T02:45:46Z</time>
   </trkpt>
   <trkpt lat="12.9062490" lon="77.5893450">
    <ele>906.2</ele>
    <time>2026-07-01T02:45:47Z</time>
   </trkpt>
   <trkpt lat="12.9062480" lon="77.5893210">
    <ele>906.2</ele>
    <time>2026-07-01T02:45:48Z</time>
   </trkpt>
   <trkpt lat="12.9062470" lon="77.5893010">
    <ele>906.3</ele>
    <time>2026-07-01T02:45:49Z</time>
   </trkpt>
   <trkpt lat="12.9062490" lon="77.5892740">
    <ele>906.3</ele>
    <time>2026-07-01T02:45:50Z</time>
   </trkpt>
   <trkpt lat="12.9062450" lon="77.5892520">
    <ele>906.4</ele>
    <time>2026-07-01T02:45:51Z</time>
   </trkpt>
   <trkpt lat="12.9062450" lon="77.5892240">
    <ele>906.4</ele>
    <time>2026-07-01T02:45:52Z</time>
   </trkpt>
   <trkpt lat="12.9062450" lon="77.5892060">
    <ele>906.5</ele>
    <time>2026-07-01T02:45:53Z</time>
   </trkpt>
   <trkpt lat="12.9062510" lon="77.5891860">
    <ele>906.5</ele>
    <time>2026-07-01T02:45:54Z</time>
   </trkpt>
   <trkpt lat="12.9062470" lon="77.5891310">
    <ele>906.6</ele>
    <time>2026-07-01T02:45:55Z</time>
   </trkpt>
   <trkpt lat="12.9062470" lon="77.5891070">
    <ele>906.7</ele>
    <time>2026-07-01T02:45:56Z</time>
   </trkpt>
   <trkpt lat="12.9062500" lon="77.5890850">
    <ele>906.7</ele>
    <time>2026-07-01T02:45:57Z</time>
   </trkpt>
   <trkpt lat="12.9062490" lon="77.5890550">
    <ele>906.8</ele>
    <time>2026-07-01T02:45:58Z</time>
   </trkpt>
   <trkpt lat="12.9062520" lon="77.5890300">
    <ele>906.8</ele>
    <time>2026-07-01T02:45:59Z</time>
   </trkpt>
   <trkpt lat="12.9062480" lon="77.5890060">
    <ele>906.9</ele>
    <time>2026-07-01T02:46:00Z</time>
   </trkpt>
   <trkpt lat="12.9062460" lon="77.5889790">
    <ele>906.9</ele>
    <time>2026-07-01T02:46:01Z</time>
   </trkpt>
   <trkpt lat="12.9062460" lon="77.5889530">
    <ele>907.0</ele>
    <time>2026-07-01T02:46:02Z</time>
   </trkpt>
   <trkpt lat="12.9062520" lon="77.5889350">
    <ele>907.0</ele>
    <time>2026-07-01T02:46:03Z</time>
   </trkpt>
   <trkpt lat="12.9062560" lon="77.5889160">
    <ele>907.1</ele>
    <time>2026-07-01T02:46:04Z</time>
   </trkpt>
   <trkpt lat="12.9062550" lon="77.5888870">
    <ele>907.1</ele>
    <time>2026-07-01T02:46:05Z</time>
   </trkpt>
   <trkpt lat="12.9062590" lon="77.5888610">
    <ele>907.2</ele>
    <time>2026-07-01T02:46:06Z</time>
   </trkpt>
   <trkpt lat="12.9062560" lon="77.5888430">
    <ele>907.2</ele>
    <time>2026-07-01T02:46:07Z</time>
   </trkpt>
   <trkpt lat="12.9062490" lon="77.5888210">
    <ele>907.3</ele>
    <time>2026-07-01T02:46:08Z</time>
   </trkpt>
   <trkpt lat="12.9062450" lon="77.5887990">
    <ele>907.3</ele>
    <time>2026-07-01T02:46:09Z</time>
   </trkpt>
   <trkpt lat="12.9062500" lon="77.5887850">
    <ele>907.4</ele>
    <time>2026-07-01T02:46:10Z</time>
   </trkpt>
   <trkpt lat="12.9062490" lon="77.5887630">
    <ele>907.4</ele>
    <time>2026-07-01T02:46:11Z</time>
   </trkpt>
   <trkpt lat="12.9062490" lon="77.5887440">
    <ele>907.5</ele>
    <time>2026-07-01T02:46:12Z</time>
   </trkpt>
   <trkpt lat="12.9062450" lon="77.5887190">
    <ele>907.5</ele>
    <time>2026-07-01T02:46:13Z</time>
   </trkpt>
   <trkpt lat="12.9062430" lon="77.5886990">
    <ele>907.6</ele>
    <time>2026-07-01T02:46:14Z</time>
   </trkpt>
   <trkpt lat="12.9062480" lon="77.5886780">
    <ele>907.6</ele>
    <time>2026-07-01T02:46:15Z</time>
   </trkpt>
   <trkpt lat="12.9062460" lon="77.5886510">
    <ele>907.7</ele>
    <time>2026-07-01T02:46:16Z</time>
   </trkpt>
   <trkpt lat="12.9062480" lon="77.5886260">
    <ele>907.7</ele>
    <time>2026-07-01T02:46:17Z</time>
   </trkpt>
   <trkpt lat="12.9062470" lon="77.5885940">
    <ele>907.8</ele>
    <time>2026-07-01T02:46:18Z</time>
   </trkpt>
   <trkpt lat="12.9062500" lon="77.5885670">
    <ele>907.8</ele>
    <time>2026-07-01T02:46:19Z</time>
   </trkpt>
   <trkpt lat="12.9062500" lon="77.5885470">
    <ele>907.9</ele>
    <time>2026-07-01T02:46:20Z</time>
   </trkpt>
   <trkpt lat="12.9062520" lon="77.5885250">
    <ele>907.9</ele>
    <time>2026-07-01T02:46:21Z</time>
   </trkpt>
   <trkpt lat="12.9062430" lon="77.5885060">
    <ele>908.0</ele>
    <time>2026-07-01T02:46:22Z</time>
   </trkpt>
   <trkpt lat="12.9062450" lon="77.5884800">
    <ele>908.0</ele>
    <time>2026-07-01T02:46:23Z</time>
   </trkpt>
   <trkpt lat="12.9062470" lon="77.5884640">
    <ele>908.0</ele>
    <time>2026-07-01T02:46:24Z</time>
   </trkpt>
   <trkpt lat="12.9062440" lon="77.5884400">
    <ele>908.1</ele>
    <time>2026-07-01T02:46:25Z</time>
   </trkpt>
   <trkpt lat="12.9062440" lon="77.5884160">
    <ele>908.1</ele>
    <time>2026-07-01T02:46:26Z</time>
   </trkpt>
   <trkpt lat="12.9062420" lon="77.5883910">
    <ele>908.2</ele>
    <time>2026-07-01T02:46:27Z</time>
   </trkpt>
   <trkpt lat="12.9062370" lon="77.5883640">
    <ele>908.2</ele>
    <time>2026-07-01T02:46:28Z</time>
   </trkpt>
   <trkpt lat="12.9062360" lon="77.5883380">
    <ele>908.3</ele>
    <time>2026-07-01T02:46:29Z</time>
   </trkpt>
   <trkpt lat="12.9062370" lon="77.5883110">
    <ele>908.3</ele>
    <time>2026-07-01T02:46:30Z</time>
   </trkpt>
   <trkpt lat="12.9062340" lon="77.5882920">
    <ele>908.4</ele>
    <time>2026-07-01T02:46:31Z</time>
   </trkpt>
   <trkpt lat="12.9062300" lon="77.5882630">
    <ele>908.4</ele>
    <time>2026-07-01T02:46:32Z</time>
   </trkpt>
   <trkpt lat="12.9062320" lon="77.5882360">
    <ele>908.5</ele>
    <time>2026-07-01T02:46:33Z</time>
   </trkpt>
   <trkpt lat="12.9062370" lon="77.5882070">
    <ele>908.6</ele>
    <time>2026-07-01T02:46:34Z</time>
   </trkpt>
   <trkpt lat="12.9062410" lon="77.5881930">
    <ele>908.6</ele>
    <time>2026-07-01T02:46:35Z</time>
   </trkpt>
   <trkpt lat="12.9062480" lon="77.5881700">
    <ele>908.6</ele>
    <time>2026-07-01T02:46:36Z</time>
   </trkpt>
   <trkpt lat="12.9062480" lon="77.5881510">
    <ele>908.7</ele>
    <time>2026-07-01T02:46:37Z</time>
   </trkpt>
   <trkpt lat="12.9062500" lon="77.5881340">
    <ele>908.7</ele>
    <time>2026-07-01T02:46:38Z</time>
   </trkpt>
   <trkpt lat="12.9062540" lon="77.5881080">
    <ele>908.8</ele>
    <time>2026-07-01T02:46:39Z</time>
   </trkpt>
   <trkpt lat="12.9062540" lon="77.5880790">
    <ele>908.8</ele>
    <time>2026-07-01T02:46:40Z</time>
   </trkpt>
   <trkpt lat="12.9062530" lon="77.5880560">
    <ele>908.8</ele>
    <time>2026-07-01T02:46:41Z</time>
   </trkpt>
   <trkpt lat="12.9062490" lon="77.5880290">
    <ele>908.9</ele>
    <time>2026-07-01T02:46:42Z</time>
   </trkpt>
   <trkpt lat="12.9062550" lon="77.5880050">
    <ele>908.9</ele>
    <time>2026-07-01T02:46:43Z</time>
   </trkpt>
   <trkpt lat="12.9062550" lon="77.5879790">
    <ele>909.0</ele>
    <time>2026-07-01T02:46:44Z</time>
   </trkpt>
   <trkpt lat="12.9062560" lon="77.5879560">
    <ele>909.0</ele>
    <time>2026-07-01T02:46:45Z</time>
   </trkpt>
   <trkpt lat="12.9062580" lon="77.5879320">
    <ele>909.0</ele>
    <time>2026-07-01T02:46:46Z</time>
   </trkpt>
   <trkpt lat="12.9062640" lon="77.5879010">
    <ele>909.1</ele>
    <time>2026-07-01T02:46:47Z</time>
   </trkpt>
   <trkpt lat="12.9062580" lon="77.5878750">
    <ele>909.1</ele>
    <time>2026-07-01T02:46:48Z</time>
   </trkpt>
   <trkpt lat="12.9062610" lon="77.5878460">
    <ele>909.2</ele>
    <time>2026-07-01T02:46:49Z</time>
   </trkpt>
   <trkpt lat="12.9062630" lon="77.5878260">
    <ele>909.2</ele>
    <time>2026-07-01T02:46:50Z</time>
   </trkpt>
   <trkpt lat="12.9062570" lon="77.5878000">
    <ele>909.2</ele>
    <time>2026-07-01T02:46:51Z</time>
   </trkpt>
   <trkpt lat="12.9062560" lon="77.5877800">
    <ele>909.3</ele>
    <time>2026-07-01T02:46:52Z</time>
   </trkpt>
   <trkpt lat="12.9062560" lon="77.5877540">
    <ele>909.3</ele>
    <time>2026-07-01T02:46:53Z</time>
   </trkpt>
   <trkpt lat="12.9062580" lon="77.5877250">
    <ele>909.3</ele>
    <time>2026-07-01T02:46:54Z</time>
   </trkpt>
   <trkpt lat="12.9062590" lon="77.5876980">
    <ele>909.4</ele>
    <time>2026-07-01T02:46:55Z</time>
   </trkpt>
   <trkpt lat="12.9062560" lon="77.5876740">
    <ele>909.4</ele>
    <time>2026-07-01T02:46:56Z</time>
   </trkpt>
   <trkpt lat="12.9062430" lon="77.5876490">
    <ele>909.4</ele>
    <time>2026-07-01T02:46:57Z</time>
   </trkpt>
   <trkpt lat="12.9062490" lon="77.5876280">
    <ele>909.4</ele>
    <time>2026-07-01T02:46:58Z</time>
   </trkpt>
   <trkpt lat="12.9062520" lon="77.5876040">
    <ele>909.4</ele>
    <time>2026-07-01T02:46:59Z</time>
   </trkpt>
   <trkpt lat="12.9062490" lon="77.5875770">
    <ele>909.5</ele>
    <time>2026-07-01T02:47:00Z</time>
   </trkpt>
   <trkpt lat="12.9062480" lon="77.5875480">
    <ele>909.5</ele>
    <time>2026-07-01T02:47:01Z</time>
   </trkpt>
   <trkpt lat="12.9062460" lon="77.5875240">
    <ele>909.5</ele>
    <time>2026-07-01T02:47:02Z</time>
   </trkpt>
   <trkpt lat="12.9062390" lon="77.5875010">
    <ele>909.5</ele>
    <time>2026-07-01T02:47:03Z</time>
   </trkpt>
   <trkpt lat="12.9062320" lon="77.5874750">
    <ele>909.5</ele>
    <time>2026-07-01T02:47:04Z</time>
   </trkpt>
   <trkpt lat="12.9062270" lon="77.5874520">
    <ele>909.5</ele>
    <time>2026-07-01T02:47:05Z</time>
   </trkpt>
   <trkpt lat="12.9062210" lon="77.5874260">
    <ele>909.5</ele>
    <time>2026-07-01T02:47:06Z</time>
   </trkpt>
   <trkpt lat="12.9062160" lon="77.5874020">
    <ele>909.5</ele>
    <time>2026-07-01T02:47:07Z</time>
   </trkpt>
   <trkpt lat="12.9062100" lon="77.5873740">
    <ele>909.5</ele>
    <time>2026-07-01T02:47:08Z</time>
   </trkpt>
   <trkpt lat="12.9062100" lon="77.5873470">
    <ele>909.5</ele>
    <time>2026-07-01T02:47:09Z</time>
   </trkpt>
   <trkpt lat="12.9062080" lon="77.5873190">
    <ele>909.6</ele>
    <time>2026-07-01T02:47:10Z</time>
   </trkpt>
   <trkpt lat="12.9062070" lon="77.5872920">
    <ele>909.6</ele>
    <time>2026-07-01T02:47:11Z</time>
   </trkpt>
   <trkpt lat="12.9062050" lon="77.5872690">
    <ele>909.6</ele>
    <time>2026-07-01T02:47:12Z</time>
   </trkpt>
   <trkpt lat="12.9062030" lon="77.5872460">
    <ele>909.6</ele>
    <time>2026-07-01T02:47:13Z</time>
   </trkpt>
   <trkpt lat="12.9062020" lon="77.5872230">
    <ele>909.6</ele>
    <time>2026-07-01T02:47:14Z</time>
   </trkpt>
   <trkpt lat="12.9062040" lon="77.5871950">
    <ele>909.6</ele>
    <time>2026-07-01T02:47:15Z</time>
   </trkpt>
   <trkpt lat="12.9062080" lon="77.5871690">
    <ele>909.6</ele>
    <time>2026-07-01T02:47:16Z</time>
   </trkpt>
   <trkpt lat="12.9062100" lon="77.5871410">
    <ele>909.6</ele>
    <time>2026-07-01T02:47:17Z</time>
   </trkpt>
   <trkpt lat="12.9062110" lon="77.5871170">
    <ele>909.6</ele>
    <time>2026-07-01T02:47:18Z</time>
   </trkpt>
   <trkpt lat="12.9062090" lon="77.5870920">
    <ele>909.6</ele>
    <time>2026-07-01T02:47:19Z</time>
   </trkpt>
   <trkpt lat="12.9062050" lon="77.5870670">
    <ele>909.6</ele>
    <time>2026-07-01T02:47:20Z</time>
   </trkpt>
   <trkpt lat="12.9062070" lon="77.5870380">
    <ele>909.6</ele>
    <time>2026-07-01T02:47:21Z</time>
   </trkpt>
   <trkpt lat="12.9062090" lon="77.5870120">
    <ele>909.7</ele>
    <time>2026-07-01T02:47:22Z</time>
   </trkpt>
   <trkpt lat="12.9062100" lon="77.5869850">
    <ele>909.7</ele>
    <time>2026-07-01T02:47:23Z</time>
   </trkpt>
   <trkpt lat="12.9062090" lon="77.5869590">
    <ele>909.7</ele>
    <time>2026-07-01T02:47:24Z</time>
   </trkpt>
   <trkpt lat="12.9062090" lon="77.5869310">
    <ele>909.7</ele>
    <time>2026-07-01T02:47:25Z</time>
   </trkpt>
   <trkpt lat="12.9062100" lon="77.5869020">
    <ele>909.7</ele>
    <time>2026-07-01T02:47:26Z</time>
   </trkpt>
   <trkpt lat="12.9062120" lon="77.5868750">
    <ele>909.7</ele>
    <time>2026-07-01T02:47:27Z</time>
   </trkpt>
   <trkpt lat="12.9062110" lon="77.5868470">
    <ele>909.7</ele>
    <time>2026-07-01T02:47:28Z</time>
   </trkpt>
   <trkpt lat="12.9062090" lon="77.5868190">
    <ele>909.7</ele>
    <time>2026-07-01T02:47:29Z</time>
   </trkpt>
   <trkpt lat="12.9062040" lon="77.5867910">
    <ele>909.7</ele>
    <time>2026-07-01T02:47:30Z</time>
   </trkpt>
   <trkpt lat="12.9062040" lon="77.5867630">
    <ele>909.7</ele>
    <time>2026-07-01T02:47:31Z</time>
   </trkpt>
   <trkpt lat="12.9062000" lon="77.5867360">
    <ele>909.7</ele>
    <time>2026-07-01T02:47:32Z</time>
   </trkpt>
   <trkpt lat="12.9061990" lon="77.5867080">
    <ele>909.7</ele>
    <time>2026-07-01T02:47:33Z</time>
   </trkpt>
   <trkpt lat="12.9062040" lon="77.5866820">
    <ele>909.7</ele>
    <time>2026-07-01T02:47:34Z</time>
   </trkpt>
   <trkpt lat="12.9062040" lon="77.5866550">
    <ele>909.7</ele>
    <time>2026-07-01T02:47:35Z</time>
   </trkpt>
   <trkpt lat="12.9062020" lon="77.5866290">
    <ele>909.7</ele>
    <time>2026-07-01T02:47:36Z</time>
   </trkpt>
   <trkpt lat="12.9062000" lon="77.5866040">
    <ele>909.7</ele>
    <time>2026-07-01T02:47:37Z</time>
   </trkpt>
   <trkpt lat="12.9061980" lon="77.5865760">
    <ele>909.8</ele>
    <time>2026-07-01T02:47:38Z</time>
   </trkpt>
   <trkpt lat="12.9062000" lon="77.5865500">
    <ele>909.8</ele>
    <time>2026-07-01T02:47:39Z</time>
   </trkpt>
   <trkpt lat="12.9061990" lon="77.5865210">
    <ele>909.8</ele>
    <time>2026-07-01T02:47:40Z</time>
   </trkpt>
   <trkpt lat="12.9061990" lon="77.5864960">
    <ele>909.8</ele>
    <time>2026-07-01T02:47:41Z</time>
   </trkpt>
   <trkpt lat="12.9062030" lon="77.5864700">
    <ele>909.9</ele>
    <time>2026-07-01T02:47:42Z</time>
   </trkpt>
   <trkpt lat="12.9062060" lon="77.5864450">
    <ele>909.9</ele>
    <time>2026-07-01T02:47:43Z</time>
   </trkpt>
   <trkpt lat="12.9062060" lon="77.5864240">
    <ele>909.9</ele>
    <time>2026-07-01T02:47:45Z</time>
   </trkpt>
   <trkpt lat="12.9062050" lon="77.5864000">
    <ele>909.9</ele>
    <time>2026-07-01T02:47:46Z</time>
   </trkpt>
   <trkpt lat="12.9062080" lon="77.5863740">
    <ele>910.0</ele>
    <time>2026-07-01T02:47:47Z</time>
   </trkpt>
   <trkpt lat="12.9062070" lon="77.5863480">
    <ele>910.0</ele>
    <time>2026-07-01T02:47:48Z</time>
   </trkpt>
   <trkpt lat="12.9062040" lon="77.5863240">
    <ele>910.0</ele>
    <time>2026-07-01T02:47:49Z</time>
   </trkpt>
   <trkpt lat="12.9062020" lon="77.5863000">
    <ele>910.0</ele>
    <time>2026-07-01T02:47:50Z</time>
   </trkpt>
   <trkpt lat="12.9062040" lon="77.5862750">
    <ele>910.1</ele>
    <time>2026-07-01T02:47:51Z</time>
   </trkpt>
   <trkpt lat="12.9062030" lon="77.5862490">
    <ele>910.1</ele>
    <time>2026-07-01T02:47:52Z</time>
   </trkpt>
   <trkpt lat="12.9062000" lon="77.5862260">
    <ele>910.1</ele>
    <time>2026-07-01T02:47:53Z</time>
   </trkpt>
   <trkpt lat="12.9061990" lon="77.5861990">
    <ele>910.2</ele>
    <time>2026-07-01T02:47:54Z</time>
   </trkpt>
   <trkpt lat="12.9062040" lon="77.5861770">
    <ele>910.2</ele>
    <time>2026-07-01T02:47:55Z</time>
   </trkpt>
   <trkpt lat="12.9062050" lon="77.5861520">
    <ele>910.2</ele>
    <time>2026-07-01T02:47:56Z</time>
   </trkpt>
   <trkpt lat="12.9062050" lon="77.5861250">
    <ele>910.3</ele>
    <time>2026-07-01T02:47:57Z</time>
   </trkpt>
   <trkpt lat="12.9062050" lon="77.5861020">
    <ele>910.3</ele>
    <time>2026-07-01T02:47:58Z</time>
   </trkpt>
   <trkpt lat="12.9062020" lon="77.5860770">
    <ele>910.4</ele>
    <time>2026-07-01T02:47:59Z</time>
   </trkpt>
   <trkpt lat="12.9062010" lon="77.5860550">
    <ele>910.4</ele>
    <time>2026-07-01T02:48:00Z</time>
   </trkpt>
   <trkpt lat="12.9061990" lon="77.5860330">
    <ele>910.5</ele>
    <time>2026-07-01T02:48:01Z</time>
   </trkpt>
   <trkpt lat="12.9062020" lon="77.5860130">
    <ele>910.5</ele>
    <time>2026-07-01T02:48:02Z</time>
   </trkpt>
   <trkpt lat="12.9062000" lon="77.5859720">
    <ele>910.6</ele>
    <time>2026-07-01T02:48:03Z</time>
   </trkpt>
   <trkpt lat="12.9062010" lon="77.5859540">
    <ele>910.6</ele>
    <time>2026-07-01T02:48:04Z</time>
   </trkpt>
   <trkpt lat="12.9062060" lon="77.5859340">
    <ele>910.6</ele>
    <time>2026-07-01T02:48:05Z</time>
   </trkpt>
   <trkpt lat="12.9062070" lon="77.5859160">
    <ele>910.7</ele>
    <time>2026-07-01T02:48:06Z</time>
   </trkpt>
   <trkpt lat="12.9062110" lon="77.5858990">
    <ele>910.7</ele>
    <time>2026-07-01T02:48:07Z</time>
   </trkpt>
   <trkpt lat="12.9062170" lon="77.5858850">
    <ele>910.7</ele>
    <time>2026-07-01T02:48:08Z</time>
   </trkpt>
   <trkpt lat="12.9062270" lon="77.5858780">
    <ele>910.7</ele>
    <time>2026-07-01T02:48:09Z</time>
   </trkpt>
   <trkpt lat="12.9062390" lon="77.5858710">
    <ele>910.8</ele>
    <time>2026-07-01T02:48:10Z</time>
   </trkpt>
   <trkpt lat="12.9062450" lon="77.5858620">
    <ele>910.8</ele>
    <time>2026-07-01T02:48:11Z</time>
   </trkpt>
   <trkpt lat="12.9062510" lon="77.5858520">
    <ele>910.8</ele>
    <time>2026-07-01T02:48:12Z</time>
   </trkpt>
   <trkpt lat="12.9062560" lon="77.5858490">
    <ele>910.8</ele>
    <time>2026-07-01T02:48:13Z</time>
   </trkpt>
   <trkpt lat="12.9062600" lon="77.5858410">
    <ele>910.8</ele>
    <time>2026-07-01T02:48:14Z</time>
   </trkpt>
   <trkpt lat="12.9062610" lon="77.5858370">
    <ele>910.8</ele>
    <time>2026-07-01T02:48:15Z</time>
   </trkpt>
   <trkpt lat="12.9062580" lon="77.5858410">
    <ele>910.8</ele>
    <time>2026-07-01T02:48:16Z</time>
   </trkpt>
   <trkpt lat="12.9062580" lon="77.5858390">
    <ele>910.8</ele>
    <time>2026-07-01T02:48:17Z</time>
   </trkpt>
   <trkpt lat="12.9062580" lon="77.5858390">
    <ele>910.8</ele>
    <time>2026-07-01T02:48:18Z</time>
   </trkpt>
   <trkpt lat="12.9062590" lon="77.5858380">
    <ele>910.8</ele>
    <time>2026-07-01T02:48:19Z</time>
   </trkpt>
   <trkpt lat="12.9062600" lon="77.5858380">
    <ele>910.8</ele>
    <time>2026-07-01T02:48:20Z</time>
   </trkpt>
   <trkpt lat="12.9062600" lon="77.5858380">
    <ele>910.8</ele>
    <time>2026-07-01T02:48:21Z</time>
   </trkpt>
   <trkpt lat="12.9062600" lon="77.5858370">
    <ele>910.8</ele>
    <time>2026-07-01T02:48:22Z</time>
   </trkpt>
   <trkpt lat="12.9062600" lon="77.5858360">
    <ele>910.8</ele>
    <time>2026-07-01T02:48:23Z</time>
   </trkpt>
   <trkpt lat="12.9062610" lon="77.5858350">
    <ele>910.8</ele>
    <time>2026-07-01T02:48:24Z</time>
   </trkpt>
   <trkpt lat="12.9062950" lon="77.5857940">
    <ele>911.0</ele>
    <time>2026-07-01T02:49:34Z</time>
   </trkpt>
   <trkpt lat="12.9063170" lon="77.5857720">
    <ele>911.0</ele>
    <time>2026-07-01T02:49:35Z</time>
   </trkpt>
   <trkpt lat="12.9063410" lon="77.5857520">
    <ele>911.1</ele>
    <time>2026-07-01T02:49:36Z</time>
   </trkpt>
   <trkpt lat="12.9063670" lon="77.5857340">
    <ele>911.2</ele>
    <time>2026-07-01T02:49:37Z</time>
   </trkpt>
   <trkpt lat="12.9063980" lon="77.5857210">
    <ele>911.2</ele>
    <time>2026-07-01T02:49:38Z</time>
   </trkpt>
   <trkpt lat="12.9064280" lon="77.5857090">
    <ele>911.3</ele>
    <time>2026-07-01T02:49:39Z</time>
   </trkpt>
   <trkpt lat="12.9064480" lon="77.5856920">
    <ele>911.3</ele>
    <time>2026-07-01T02:49:40Z</time>
   </trkpt>
   <trkpt lat="12.9064780" lon="77.5856730">
    <ele>911.4</ele>
    <time>2026-07-01T02:49:41Z</time>
   </trkpt>
   <trkpt lat="12.9065030" lon="77.5856600">
    <ele>911.5</ele>
    <time>2026-07-01T02:49:42Z</time>
   </trkpt>
   <trkpt lat="12.9065340" lon="77.5856520">
    <ele>911.5</ele>
    <time>2026-07-01T02:49:43Z</time>
   </trkpt>
   <trkpt lat="12.9065620" lon="77.5856470">
    <ele>911.6</ele>
    <time>2026-07-01T02:49:44Z</time>
   </trkpt>
   <trkpt lat="12.9065910" lon="77.5856430">
    <ele>911.6</ele>
    <time>2026-07-01T02:49:45Z</time>
   </trkpt>
   <trkpt lat="12.9066200" lon="77.5856420">
    <ele>911.6</ele>
    <time>2026-07-01T02:49:46Z</time>
   </trkpt>
   <trkpt lat="12.9066500" lon="77.5856450">
    <ele>911.6</ele>
    <time>2026-07-01T02:49:47Z</time>
   </trkpt>
   <trkpt lat="12.9066780" lon="77.5856490">
    <ele>911.7</ele>
    <time>2026-07-01T02:49:48Z</time>
   </trkpt>
   <trkpt lat="12.9067090" lon="77.5856440">
    <ele>911.7</ele>
    <time>2026-07-01T02:49:49Z</time>
   </trkpt>
   <trkpt lat="12.9067360" lon="77.5856480">
    <ele>911.8</ele>
    <time>2026-07-01T02:49:51Z</time>
   </trkpt>
   <trkpt lat="12.9067630" lon="77.5856500">
    <ele>911.8</ele>
    <time>2026-07-01T02:49:52Z</time>
   </trkpt>
   <trkpt lat="12.9067950" lon="77.5856490">
    <ele>911.9</ele>
    <time>2026-07-01T02:49:53Z</time>
   </trkpt>
   <trkpt lat="12.9068240" lon="77.5856500">
    <ele>912.0</ele>
    <time>2026-07-01T02:49:54Z</time>
   </trkpt>
   <trkpt lat="12.9068520" lon="77.5856510">
    <ele>912.1</ele>
    <time>2026-07-01T02:49:55Z</time>
   </trkpt>
   <trkpt lat="12.9068820" lon="77.5856530">
    <ele>912.2</ele>
    <time>2026-07-01T02:49:56Z</time>
   </trkpt>
   <trkpt lat="12.9069130" lon="77.5856500">
    <ele>912.3</ele>
    <time>2026-07-01T02:49:57Z</time>
   </trkpt>
   <trkpt lat="12.9069370" lon="77.5856480">
    <ele>912.4</ele>
    <time>2026-07-01T02:49:58Z</time>
   </trkpt>
   <trkpt lat="12.9069580" lon="77.5856410">
    <ele>912.4</ele>
    <time>2026-07-01T02:49:59Z</time>
   </trkpt>
   <trkpt lat="12.9069840" lon="77.5856340">
    <ele>912.6</ele>
    <time>2026-07-01T02:50:00Z</time>
   </trkpt>
   <trkpt lat="12.9070010" lon="77.5856180">
    <ele>913.3</ele>
    <time>2026-07-01T02:50:01Z</time>
   </trkpt>
   <trkpt lat="12.9069900" lon="77.5855910">
    <ele>913.4</ele>
    <time>2026-07-01T02:50:02Z</time>
   </trkpt>
   <trkpt lat="12.9069920" lon="77.5855600">
    <ele>913.3</ele>
    <time>2026-07-01T02:50:03Z</time>
   </trkpt>
   <trkpt lat="12.9069930" lon="77.5855280">
    <ele>913.3</ele>
    <time>2026-07-01T02:50:04Z</time>
   </trkpt>
   <trkpt lat="12.9069950" lon="77.5855020">
    <ele>913.3</ele>
    <time>2026-07-01T02:50:05Z</time>
   </trkpt>
   <trkpt lat="12.9069920" lon="77.5854710">
    <ele>913.3</ele>
    <time>2026-07-01T02:50:06Z</time>
   </trkpt>
   <trkpt lat="12.9069900" lon="77.5854370">
    <ele>913.3</ele>
    <time>2026-07-01T02:50:07Z</time>
   </trkpt>
   <trkpt lat="12.9069970" lon="77.5854110">
    <ele>913.3</ele>
    <time>2026-07-01T02:50:08Z</time>
   </trkpt>
   <trkpt lat="12.9069970" lon="77.5853470">
    <ele>913.3</ele>
    <time>2026-07-01T02:50:09Z</time>
   </trkpt>
   <trkpt lat="12.9069960" lon="77.5853160">
    <ele>913.4</ele>
    <time>2026-07-01T02:50:10Z</time>
   </trkpt>
   <trkpt lat="12.9069920" lon="77.5852840">
    <ele>913.4</ele>
    <time>2026-07-01T02:50:11Z</time>
   </trkpt>
   <trkpt lat="12.9069970" lon="77.5852520">
    <ele>913.4</ele>
    <time>2026-07-01T02:50:12Z</time>
   </trkpt>
   <trkpt lat="12.9070000" lon="77.5852230">
    <ele>913.4</ele>
    <time>2026-07-01T02:50:13Z</time>
   </trkpt>
   <trkpt lat="12.9070030" lon="77.5851900">
    <ele>913.5</ele>
    <time>2026-07-01T02:50:14Z</time>
   </trkpt>
   <trkpt lat="12.9070020" lon="77.5851550">
    <ele>913.5</ele>
    <time>2026-07-01T02:50:15Z</time>
   </trkpt>
   <trkpt lat="12.9070030" lon="77.5851250">
    <ele>913.5</ele>
    <time>2026-07-01T02:50:16Z</time>
   </trkpt>
   <trkpt lat="12.9070040" lon="77.5850920">
    <ele>913.6</ele>
    <time>2026-07-01T02:50:17Z</time>
   </trkpt>
   <trkpt lat="12.9070040" lon="77.5850600">
    <ele>913.6</ele>
    <time>2026-07-01T02:50:18Z</time>
   </trkpt>
   <trkpt lat="12.9070050" lon="77.5850340">
    <ele>913.6</ele>
    <time>2026-07-01T02:50:19Z</time>
   </trkpt>
   <trkpt lat="12.9070090" lon="77.5850030">
    <ele>913.6</ele>
    <time>2026-07-01T02:50:20Z</time>
   </trkpt>
   <trkpt lat="12.9070080" lon="77.5849780">
    <ele>913.6</ele>
    <time>2026-07-01T02:50:21Z</time>
   </trkpt>
   <trkpt lat="12.9070040" lon="77.5849530">
    <ele>913.6</ele>
    <time>2026-07-01T02:50:22Z</time>
   </trkpt>
   <trkpt lat="12.9070090" lon="77.5849350">
    <ele>913.6</ele>
    <time>2026-07-01T02:50:23Z</time>
   </trkpt>
   <trkpt lat="12.9070080" lon="77.5849190">
    <ele>913.6</ele>
    <time>2026-07-01T02:50:24Z</time>
   </trkpt>
   <trkpt lat="12.9070120" lon="77.5848950">
    <ele>913.6</ele>
    <time>2026-07-01T02:50:25Z</time>
   </trkpt>
   <trkpt lat="12.9070120" lon="77.5848660">
    <ele>913.6</ele>
    <time>2026-07-01T02:50:26Z</time>
   </trkpt>
   <trkpt lat="12.9070100" lon="77.5848410">
    <ele>913.6</ele>
    <time>2026-07-01T02:50:27Z</time>
   </trkpt>
   <trkpt lat="12.9070120" lon="77.5848170">
    <ele>913.7</ele>
    <time>2026-07-01T02:50:28Z</time>
   </trkpt>
   <trkpt lat="12.9070100" lon="77.5847880">
    <ele>913.7</ele>
    <time>2026-07-01T02:50:29Z</time>
   </trkpt>
   <trkpt lat="12.9070130" lon="77.5847570">
    <ele>913.7</ele>
    <time>2026-07-01T02:50:30Z</time>
   </trkpt>
   <trkpt lat="12.9070160" lon="77.5847300">
    <ele>913.7</ele>
    <time>2026-07-01T02:50:31Z</time>
   </trkpt>
   <trkpt lat="12.9070260" lon="77.5847060">
    <ele>913.7</ele>
    <time>2026-07-01T02:50:32Z</time>
   </trkpt>
   <trkpt lat="12.9070260" lon="77.5846750">
    <ele>913.8</ele>
    <time>2026-07-01T02:50:33Z</time>
   </trkpt>
   <trkpt lat="12.9070300" lon="77.5846430">
    <ele>913.8</ele>
    <time>2026-07-01T02:50:34Z</time>
   </trkpt>
   <trkpt lat="12.9070280" lon="77.5846200">
    <ele>913.8</ele>
    <time>2026-07-01T02:50:35Z</time>
   </trkpt>
   <trkpt lat="12.9070250" lon="77.5845920">
    <ele>913.9</ele>
    <time>2026-07-01T02:50:36Z</time>
   </trkpt>
   <trkpt lat="12.9070250" lon="77.5845620">
    <ele>913.9</ele>
    <time>2026-07-01T02:50:37Z</time>
   </trkpt>
   <trkpt lat="12.9070160" lon="77.5845360">
    <ele>913.9</ele>
    <time>2026-07-01T02:50:38Z</time>
   </trkpt>
   <trkpt lat="12.9070330" lon="77.5845040">
    <ele>914.0</ele>
    <time>2026-07-01T02:50:39Z</time>
   </trkpt>
   <trkpt lat="12.9070270" lon="77.5844730">
    <ele>914.0</ele>
    <time>2026-07-01T02:50:40Z</time>
   </trkpt>
   <trkpt lat="12.9070230" lon="77.5844440">
    <ele>914.1</ele>
    <time>2026-07-01T02:50:41Z</time>
   </trkpt>
   <trkpt lat="12.9070250" lon="77.5844180">
    <ele>914.1</ele>
    <time>2026-07-01T02:50:42Z</time>
   </trkpt>
   <trkpt lat="12.9070270" lon="77.5843930">
    <ele>914.1</ele>
    <time>2026-07-01T02:50:43Z</time>
   </trkpt>
   <trkpt lat="12.9070230" lon="77.5843630">
    <ele>914.2</ele>
    <time>2026-07-01T02:50:44Z</time>
   </trkpt>
   <trkpt lat="12.9070170" lon="77.5843350">
    <ele>914.2</ele>
    <time>2026-07-01T02:50:45Z</time>
   </trkpt>
   <trkpt lat="12.9070170" lon="77.5843040">
    <ele>914.2</ele>
    <time>2026-07-01T02:50:46Z</time>
   </trkpt>
   <trkpt lat="12.9070140" lon="77.5842770">
    <ele>914.3</ele>
    <time>2026-07-01T02:50:47Z</time>
   </trkpt>
   <trkpt lat="12.9070130" lon="77.5842490">
    <ele>914.3</ele>
    <time>2026-07-01T02:50:48Z</time>
   </trkpt>
   <trkpt lat="12.9070150" lon="77.5842190">
    <ele>914.4</ele>
    <time>2026-07-01T02:50:49Z</time>
   </trkpt>
   <trkpt lat="12.9070160" lon="77.5841930">
    <ele>914.4</ele>
    <time>2026-07-01T02:50:50Z</time>
   </trkpt>
   <trkpt lat="12.9070130" lon="77.5841640">
    <ele>914.4</ele>
    <time>2026-07-01T02:50:51Z</time>
   </trkpt>
   <trkpt lat="12.9070110" lon="77.5841360">
    <ele>914.5</ele>
    <time>2026-07-01T02:50:52Z</time>
   </trkpt>
   <trkpt lat="12.9070150" lon="77.5841100">
    <ele>914.5</ele>
    <time>2026-07-01T02:50:53Z</time>
   </trkpt>
   <trkpt lat="12.9070170" lon="77.5840850">
    <ele>914.6</ele>
    <time>2026-07-01T02:50:54Z</time>
   </trkpt>
   <trkpt lat="12.9070210" lon="77.5840570">
    <ele>914.6</ele>
    <time>2026-07-01T02:50:55Z</time>
   </trkpt>
   <trkpt lat="12.9070220" lon="77.5840330">
    <ele>914.7</ele>
    <time>2026-07-01T02:50:56Z</time>
   </trkpt>
   <trkpt lat="12.9070130" lon="77.5839980">
    <ele>914.7</ele>
    <time>2026-07-01T02:50:57Z</time>
   </trkpt>
   <trkpt lat="12.9070080" lon="77.5839750">
    <ele>914.8</ele>
    <time>2026-07-01T02:50:58Z</time>
   </trkpt>
   <trkpt lat="12.9070070" lon="77.5839490">
    <ele>914.8</ele>
    <time>2026-07-01T02:50:59Z</time>
   </trkpt>
   <trkpt lat="12.9070090" lon="77.5839210">
    <ele>914.9</ele>
    <time>2026-07-01T02:51:00Z</time>
   </trkpt>
   <trkpt lat="12.9070110" lon="77.5838970">
    <ele>914.9</ele>
    <time>2026-07-01T02:51:01Z</time>
   </trkpt>
   <trkpt lat="12.9070130" lon="77.5838790">
    <ele>915.0</ele>
    <time>2026-07-01T02:51:02Z</time>
   </trkpt>
   <trkpt lat="12.9070120" lon="77.5838700">
    <ele>915.0</ele>
    <time>2026-07-01T02:51:03Z</time>
   </trkpt>
   <trkpt lat="12.9070100" lon="77.5838530">
    <ele>915.0</ele>
    <time>2026-07-01T02:51:04Z</time>
   </trkpt>
   <trkpt lat="12.9070110" lon="77.5838320">
    <ele>915.1</ele>
    <time>2026-07-01T02:51:05Z</time>
   </trkpt>
   <trkpt lat="12.9070070" lon="77.5838070">
    <ele>915.1</ele>
    <time>2026-07-01T02:51:06Z</time>
   </trkpt>
   <trkpt lat="12.9070050" lon="77.5837910">
    <ele>915.2</ele>
    <time>2026-07-01T02:51:07Z</time>
   </trkpt>
   <trkpt lat="12.9070060" lon="77.5837710">
    <ele>915.2</ele>
    <time>2026-07-01T02:51:08Z</time>
   </trkpt>
   <trkpt lat="12.9070090" lon="77.5837510">
    <ele>915.3</ele>
    <time>2026-07-01T02:51:09Z</time>
   </trkpt>
   <trkpt lat="12.9070130" lon="77.5837280">
    <ele>915.3</ele>
    <time>2026-07-01T02:51:10Z</time>
   </trkpt>
   <trkpt lat="12.9070100" lon="77.5837060">
    <ele>915.4</ele>
    <time>2026-07-01T02:51:11Z</time>
   </trkpt>
   <trkpt lat="12.9070130" lon="77.5836830">
    <ele>915.5</ele>
    <time>2026-07-01T02:51:12Z</time>
   </trkpt>
   <trkpt lat="12.9070120" lon="77.5836570">
    <ele>915.5</ele>
    <time>2026-07-01T02:51:13Z</time>
   </trkpt>
   <trkpt lat="12.9070130" lon="77.5836330">
    <ele>915.6</ele>
    <time>2026-07-01T02:51:14Z</time>
   </trkpt>
   <trkpt lat="12.9070160" lon="77.5836120">
    <ele>915.6</ele>
    <time>2026-07-01T02:51:15Z</time>
   </trkpt>
   <trkpt lat="12.9070160" lon="77.5835910">
    <ele>915.7</ele>
    <time>2026-07-01T02:51:16Z</time>
   </trkpt>
   <trkpt lat="12.9070160" lon="77.5835730">
    <ele>915.7</ele>
    <time>2026-07-01T02:51:17Z</time>
   </trkpt>
   <trkpt lat="12.9070140" lon="77.5835530">
    <ele>915.8</ele>
    <time>2026-07-01T02:51:18Z</time>
   </trkpt>
   <trkpt lat="12.9070160" lon="77.5835300">
    <ele>915.9</ele>
    <time>2026-07-01T02:51:19Z</time>
   </trkpt>
   <trkpt lat="12.9070200" lon="77.5835080">
    <ele>915.9</ele>
    <time>2026-07-01T02:51:20Z</time>
   </trkpt>
   <trkpt lat="12.9070240" lon="77.5834880">
    <ele>916.0</ele>
    <time>2026-07-01T02:51:21Z</time>
   </trkpt>
   <trkpt lat="12.9070260" lon="77.5834680">
    <ele>916.0</ele>
    <time>2026-07-01T02:51:22Z</time>
   </trkpt>
   <trkpt lat="12.9070310" lon="77.5834450">
    <ele>916.1</ele>
    <time>2026-07-01T02:51:23Z</time>
   </trkpt>
   <trkpt lat="12.9070360" lon="77.5834200">
    <ele>916.1</ele>
    <time>2026-07-01T02:51:24Z</time>
   </trkpt>
   <trkpt lat="12.9070370" lon="77.5833950">
    <ele>916.2</ele>
    <time>2026-07-01T02:51:25Z</time>
   </trkpt>
   <trkpt lat="12.9070470" lon="77.5833730">
    <ele>916.2</ele>
    <time>2026-07-01T02:51:26Z</time>
   </trkpt>
   <trkpt lat="12.9070440" lon="77.5833520">
    <ele>916.3</ele>
    <time>2026-07-01T02:51:27Z</time>
   </trkpt>
   <trkpt lat="12.9070430" lon="77.5833200">
    <ele>916.4</ele>
    <time>2026-07-01T02:51:28Z</time>
   </trkpt>
   <trkpt lat="12.9070420" lon="77.5832910">
    <ele>916.4</ele>
    <time>2026-07-01T02:51:29Z</time>
   </trkpt>
   <trkpt lat="12.9070400" lon="77.5832750">
    <ele>916.5</ele>
    <time>2026-07-01T02:51:30Z</time>
   </trkpt>
   <trkpt lat="12.9070390" lon="77.5832540">
    <ele>916.5</ele>
    <time>2026-07-01T02:51:31Z</time>
   </trkpt>
   <trkpt lat="12.9070350" lon="77.5832300">
    <ele>916.6</ele>
    <time>2026-07-01T02:51:32Z</time>
   </trkpt>
   <trkpt lat="12.9070330" lon="77.5832090">
    <ele>916.7</ele>
    <time>2026-07-01T02:51:33Z</time>
   </trkpt>
   <trkpt lat="12.9070310" lon="77.5831870">
    <ele>916.7</ele>
    <time>2026-07-01T02:51:34Z</time>
   </trkpt>
   <trkpt lat="12.9070300" lon="77.5831640">
    <ele>916.8</ele>
    <time>2026-07-01T02:51:35Z</time>
   </trkpt>
   <trkpt lat="12.9070270" lon="77.5831360">
    <ele>916.9</ele>
    <time>2026-07-01T02:51:36Z</time>
   </trkpt>
   <trkpt lat="12.9070270" lon="77.5831130">
    <ele>916.9</ele>
    <time>2026-07-01T02:51:37Z</time>
   </trkpt>
   <trkpt lat="12.9070210" lon="77.5830930">
    <ele>917.0</ele>
    <time>2026-07-01T02:51:38Z</time>
   </trkpt>
   <trkpt lat="12.9070270" lon="77.5830750">
    <ele>917.0</ele>
    <time>2026-07-01T02:51:39Z</time>
   </trkpt>
   <trkpt lat="12.9070360" lon="77.5830580">
    <ele>917.1</ele>
    <time>2026-07-01T02:51:40Z</time>
   </trkpt>
   <trkpt lat="12.9070410" lon="77.5830350">
    <ele>917.2</ele>
    <time>2026-07-01T02:51:41Z</time>
   </trkpt>
   <trkpt lat="12.9070390" lon="77.5830170">
    <ele>917.2</ele>
    <time>2026-07-01T02:51:42Z</time>
   </trkpt>
   <trkpt lat="12.9070270" lon="77.5829830">
    <ele>917.3</ele>
    <time>2026-07-01T02:51:43Z</time>
   </trkpt>
   <trkpt lat="12.9070210" lon="77.5829680">
    <ele>917.4</ele>
    <time>2026-07-01T02:51:44Z</time>
   </trkpt>
   <trkpt lat="12.9070180" lon="77.5829410">
    <ele>917.4</ele>
    <time>2026-07-01T02:51:45Z</time>
   </trkpt>
   <trkpt lat="12.9070170" lon="77.5829210">
    <ele>917.5</ele>
    <time>2026-07-01T02:51:46Z</time>
   </trkpt>
   <trkpt lat="12.9070170" lon="77.5828990">
    <ele>917.6</ele>
    <time>2026-07-01T02:51:47Z</time>
   </trkpt>
   <trkpt lat="12.9070220" lon="77.5828830">
    <ele>917.6</ele>
    <time>2026-07-01T02:51:48Z</time>
   </trkpt>
   <trkpt lat="12.9070190" lon="77.5828590">
    <ele>917.7</ele>
    <time>2026-07-01T02:51:49Z</time>
   </trkpt>
   <trkpt lat="12.9070200" lon="77.5828290">
    <ele>917.8</ele>
    <time>2026-07-01T02:51:50Z</time>
   </trkpt>
   <trkpt lat="12.9070180" lon="77.5828060">
    <ele>917.8</ele>
    <time>2026-07-01T02:51:51Z</time>
   </trkpt>
   <trkpt lat="12.9070170" lon="77.5827830">
    <ele>917.9</ele>
    <time>2026-07-01T02:51:52Z</time>
   </trkpt>
   <trkpt lat="12.9070190" lon="77.5827610">
    <ele>917.9</ele>
    <time>2026-07-01T02:51:53Z</time>
   </trkpt>
   <trkpt lat="12.9070180" lon="77.5827340">
    <ele>918.0</ele>
    <time>2026-07-01T02:51:54Z</time>
   </trkpt>
   <trkpt lat="12.9070210" lon="77.5827170">
    <ele>918.0</ele>
    <time>2026-07-01T02:51:55Z</time>
   </trkpt>
   <trkpt lat="12.9070190" lon="77.5826920">
    <ele>918.1</ele>
    <time>2026-07-01T02:51:57Z</time>
   </trkpt>
   <trkpt lat="12.9070230" lon="77.5826700">
    <ele>918.1</ele>
    <time>2026-07-01T02:51:58Z</time>
   </trkpt>
   <trkpt lat="12.9070260" lon="77.5826430">
    <ele>918.2</ele>
    <time>2026-07-01T02:51:59Z</time>
   </trkpt>
   <trkpt lat="12.9070260" lon="77.5826190">
    <ele>918.2</ele>
    <time>2026-07-01T02:52:00Z</time>
   </trkpt>
   <trkpt lat="12.9070290" lon="77.5825950">
    <ele>918.3</ele>
    <time>2026-07-01T02:52:01Z</time>
   </trkpt>
   <trkpt lat="12.9070270" lon="77.5825720">
    <ele>918.3</ele>
    <time>2026-07-01T02:52:02Z</time>
   </trkpt>
   <trkpt lat="12.9070260" lon="77.5825500">
    <ele>918.3</ele>
    <time>2026-07-01T02:52:03Z</time>
   </trkpt>
   <trkpt lat="12.9070280" lon="77.5825280">
    <ele>918.4</ele>
    <time>2026-07-01T02:52:04Z</time>
   </trkpt>
   <trkpt lat="12.9070250" lon="77.5825020">
    <ele>918.4</ele>
    <time>2026-07-01T02:52:05Z</time>
   </trkpt>
   <trkpt lat="12.9070250" lon="77.5824790">
    <ele>918.5</ele>
    <time>2026-07-01T02:52:06Z</time>
   </trkpt>
   <trkpt lat="12.9070290" lon="77.5824570">
    <ele>918.5</ele>
    <time>2026-07-01T02:52:07Z</time>
   </trkpt>
   <trkpt lat="12.9070330" lon="77.5824330">
    <ele>918.5</ele>
    <time>2026-07-01T02:52:08Z</time>
   </trkpt>
   <trkpt lat="12.9070320" lon="77.5824120">
    <ele>918.6</ele>
    <time>2026-07-01T02:52:09Z</time>
   </trkpt>
   <trkpt lat="12.9070350" lon="77.5823900">
    <ele>918.6</ele>
    <time>2026-07-01T02:52:10Z</time>
   </trkpt>
   <trkpt lat="12.9070360" lon="77.5823710">
    <ele>918.6</ele>
    <time>2026-07-01T02:52:11Z</time>
   </trkpt>
   <trkpt lat="12.9070350" lon="77.5823510">
    <ele>918.7</ele>
    <time>2026-07-01T02:52:12Z</time>
   </trkpt>
   <trkpt lat="12.9070340" lon="77.5823300">
    <ele>918.7</ele>
    <time>2026-07-01T02:52:13Z</time>
   </trkpt>
   <trkpt lat="12.9070340" lon="77.5823070">
    <ele>918.7</ele>
    <time>2026-07-01T02:52:14Z</time>
   </trkpt>
   <trkpt lat="12.9070310" lon="77.5822500">
    <ele>918.8</ele>
    <time>2026-07-01T02:52:15Z</time>
   </trkpt>
   <trkpt lat="12.9070310" lon="77.5822240">
    <ele>918.8</ele>
    <time>2026-07-01T02:52:16Z</time>
   </trkpt>
   <trkpt lat="12.9070340" lon="77.5822010">
    <ele>918.8</ele>
    <time>2026-07-01T02:52:17Z</time>
   </trkpt>
   <trkpt lat="12.9070370" lon="77.5821740">
    <ele>918.8</ele>
    <time>2026-07-01T02:52:18Z</time>
   </trkpt>
   <trkpt lat="12.9070390" lon="77.5821520">
    <ele>918.9</ele>
    <time>2026-07-01T02:52:19Z</time>
   </trkpt>
   <trkpt lat="12.9070400" lon="77.5821260">
    <ele>918.9</ele>
    <time>2026-07-01T02:52:20Z</time>
   </trkpt>
   <trkpt lat="12.9070390" lon="77.5821000">
    <ele>918.9</ele>
    <time>2026-07-01T02:52:21Z</time>
   </trkpt>
   <trkpt lat="12.9070350" lon="77.5820740">
    <ele>918.9</ele>
    <time>2026-07-01T02:52:22Z</time>
   </trkpt>
   <trkpt lat="12.9070330" lon="77.5820480">
    <ele>918.9</ele>
    <time>2026-07-01T02:52:23Z</time>
   </trkpt>
   <trkpt lat="12.9070340" lon="77.5820220">
    <ele>918.9</ele>
    <time>2026-07-01T02:52:24Z</time>
   </trkpt>
   <trkpt lat="12.9070380" lon="77.5819960">
    <ele>919.0</ele>
    <time>2026-07-01T02:52:25Z</time>
   </trkpt>
   <trkpt lat="12.9070420" lon="77.5819760">
    <ele>919.0</ele>
    <time>2026-07-01T02:52:26Z</time>
   </trkpt>
   <trkpt lat="12.9070400" lon="77.5819450">
    <ele>919.0</ele>
    <time>2026-07-01T02:52:27Z</time>
   </trkpt>
   <trkpt lat="12.9070380" lon="77.5819220">
    <ele>919.0</ele>
    <time>2026-07-01T02:52:28Z</time>
   </trkpt>
   <trkpt lat="12.9070350" lon="77.5818950">
    <ele>919.0</ele>
    <time>2026-07-01T02:52:29Z</time>
   </trkpt>
   <trkpt lat="12.9070380" lon="77.5818680">
    <ele>919.0</ele>
    <time>2026-07-01T02:52:30Z</time>
   </trkpt>
   <trkpt lat="12.9070370" lon="77.5818410">
    <ele>919.0</ele>
    <time>2026-07-01T02:52:31Z</time>
   </trkpt>
   <trkpt lat="12.9070350" lon="77.5818140">
    <ele>919.0</ele>
    <time>2026-07-01T02:52:32Z</time>
   </trkpt>
   <trkpt lat="12.9070370" lon="77.5817830">
    <ele>919.0</ele>
    <time>2026-07-01T02:52:33Z</time>
   </trkpt>
   <trkpt lat="12.9070370" lon="77.5817670">
    <ele>919.0</ele>
    <time>2026-07-01T02:52:34Z</time>
   </trkpt>
   <trkpt lat="12.9070450" lon="77.5817330">
    <ele>919.1</ele>
    <time>2026-07-01T02:52:35Z</time>
   </trkpt>
   <trkpt lat="12.9070460" lon="77.5817060">
    <ele>919.1</ele>
    <time>2026-07-01T02:52:36Z</time>
   </trkpt>
   <trkpt lat="12.9070490" lon="77.5816820">
    <ele>919.1</ele>
    <time>2026-07-01T02:52:37Z</time>
   </trkpt>
   <trkpt lat="12.9070440" lon="77.5816520">
    <ele>919.1</ele>
    <time>2026-07-01T02:52:38Z</time>
   </trkpt>
   <trkpt lat="12.9070420" lon="77.5816320">
    <ele>919.1</ele>
    <time>2026-07-01T02:52:39Z</time>
   </trkpt>
   <trkpt lat="12.9070420" lon="77.5816050">
    <ele>919.1</ele>
    <time>2026-07-01T02:52:40Z</time>
   </trkpt>
   <trkpt lat="12.9070380" lon="77.5815810">
    <ele>919.1</ele>
    <time>2026-07-01T02:52:41Z</time>
   </trkpt>
   <trkpt lat="12.9070400" lon="77.5815570">
    <ele>919.1</ele>
    <time>2026-07-01T02:52:42Z</time>
   </trkpt>
   <trkpt lat="12.9070360" lon="77.5815310">
    <ele>919.1</ele>
    <time>2026-07-01T02:52:43Z</time>
   </trkpt>
   <trkpt lat="12.9070440" lon="77.5815150">
    <ele>919.1</ele>
    <time>2026-07-01T02:52:44Z</time>
   </trkpt>
   <trkpt lat="12.9070490" lon="77.5814930">
    <ele>919.1</ele>
    <time>2026-07-01T02:52:45Z</time>
   </trkpt>
   <trkpt lat="12.9070470" lon="77.5814650">
    <ele>919.1</ele>
    <time>2026-07-01T02:52:46Z</time>
   </trkpt>
   <trkpt lat="12.9070470" lon="77.5814420">
    <ele>919.1</ele>
    <time>2026-07-01T02:52:47Z</time>
   </trkpt>
   <trkpt lat="12.9070470" lon="77.5814280">
    <ele>919.1</ele>
    <time>2026-07-01T02:52:48Z</time>
   </trkpt>
   <trkpt lat="12.9070430" lon="77.5813980">
    <ele>919.1</ele>
    <time>2026-07-01T02:52:49Z</time>
   </trkpt>
   <trkpt lat="12.9070450" lon="77.5813730">
    <ele>919.1</ele>
    <time>2026-07-01T02:52:50Z</time>
   </trkpt>
   <trkpt lat="12.9070410" lon="77.5813440">
    <ele>919.1</ele>
    <time>2026-07-01T02:52:51Z</time>
   </trkpt>
   <trkpt lat="12.9070430" lon="77.5813160">
    <ele>919.1</ele>
    <time>2026-07-01T02:52:52Z</time>
   </trkpt>
   <trkpt lat="12.9070450" lon="77.5812880">
    <ele>919.1</ele>
    <time>2026-07-01T02:52:53Z</time>
   </trkpt>
   <trkpt lat="12.9070480" lon="77.5812580">
    <ele>919.1</ele>
    <time>2026-07-01T02:52:54Z</time>
   </trkpt>
   <trkpt lat="12.9070490" lon="77.5812260">
    <ele>919.1</ele>
    <time>2026-07-01T02:52:55Z</time>
   </trkpt>
   <trkpt lat="12.9070490" lon="77.5812010">
    <ele>919.1</ele>
    <time>2026-07-01T02:52:56Z</time>
   </trkpt>
   <trkpt lat="12.9070480" lon="77.5811750">
    <ele>919.1</ele>
    <time>2026-07-01T02:52:57Z</time>
   </trkpt>
   <trkpt lat="12.9070450" lon="77.5811520">
    <ele>919.1</ele>
    <time>2026-07-01T02:52:58Z</time>
   </trkpt>
   <trkpt lat="12.9070470" lon="77.5811270">
    <ele>919.1</ele>
    <time>2026-07-01T02:52:59Z</time>
   </trkpt>
   <trkpt lat="12.9070490" lon="77.5811010">
    <ele>919.1</ele>
    <time>2026-07-01T02:53:00Z</time>
   </trkpt>
   <trkpt lat="12.9070460" lon="77.5810760">
    <ele>919.1</ele>
    <time>2026-07-01T02:53:01Z</time>
   </trkpt>
   <trkpt lat="12.9070560" lon="77.5810510">
    <ele>919.1</ele>
    <time>2026-07-01T02:53:02Z</time>
   </trkpt>
   <trkpt lat="12.9070560" lon="77.5810280">
    <ele>919.1</ele>
    <time>2026-07-01T02:53:03Z</time>
   </trkpt>
   <trkpt lat="12.9070570" lon="77.5810160">
    <ele>919.1</ele>
    <time>2026-07-01T02:53:04Z</time>
   </trkpt>
   <trkpt lat="12.9070530" lon="77.5809880">
    <ele>919.1</ele>
    <time>2026-07-01T02:53:05Z</time>
   </trkpt>
   <trkpt lat="12.9070600" lon="77.5809580">
    <ele>919.1</ele>
    <time>2026-07-01T02:53:06Z</time>
   </trkpt>
   <trkpt lat="12.9070600" lon="77.5809300">
    <ele>919.1</ele>
    <time>2026-07-01T02:53:07Z</time>
   </trkpt>
   <trkpt lat="12.9070630" lon="77.5809050">
    <ele>919.0</ele>
    <time>2026-07-01T02:53:08Z</time>
   </trkpt>
   <trkpt lat="12.9070660" lon="77.5808790">
    <ele>919.0</ele>
    <time>2026-07-01T02:53:09Z</time>
   </trkpt>
   <trkpt lat="12.9070640" lon="77.5808470">
    <ele>919.0</ele>
    <time>2026-07-01T02:53:10Z</time>
   </trkpt>
   <trkpt lat="12.9070640" lon="77.5808210">
    <ele>918.9</ele>
    <time>2026-07-01T02:53:11Z</time>
   </trkpt>
   <trkpt lat="12.9070680" lon="77.5807870">
    <ele>918.9</ele>
    <time>2026-07-01T02:53:12Z</time>
   </trkpt>
   <trkpt lat="12.9070710" lon="77.5807490">
    <ele>918.8</ele>
    <time>2026-07-01T02:53:13Z</time>
   </trkpt>
   <trkpt lat="12.9070690" lon="77.5807290">
    <ele>918.8</ele>
    <time>2026-07-01T02:53:14Z</time>
   </trkpt>
   <trkpt lat="12.9070700" lon="77.5806900">
    <ele>918.7</ele>
    <time>2026-07-01T02:53:15Z</time>
   </trkpt>
   <trkpt lat="12.9070650" lon="77.5806740">
    <ele>918.7</ele>
    <time>2026-07-01T02:53:16Z</time>
   </trkpt>
   <trkpt lat="12.9070700" lon="77.5806560">
    <ele>918.7</ele>
    <time>2026-07-01T02:53:17Z</time>
   </trkpt>
   <trkpt lat="12.9070770" lon="77.5806260">
    <ele>918.7</ele>
    <time>2026-07-01T02:53:18Z</time>
   </trkpt>
   <trkpt lat="12.9070690" lon="77.5805970">
    <ele>918.6</ele>
    <time>2026-07-01T02:53:19Z</time>
   </trkpt>
   <trkpt lat="12.9070690" lon="77.5805630">
    <ele>918.6</ele>
    <time>2026-07-01T02:53:20Z</time>
   </trkpt>
   <trkpt lat="12.9070730" lon="77.5805300">
    <ele>918.5</ele>
    <time>2026-07-01T02:53:21Z</time>
   </trkpt>
   <trkpt lat="12.9070640" lon="77.5805140">
    <ele>918.5</ele>
    <time>2026-07-01T02:53:22Z</time>
   </trkpt>
   <trkpt lat="12.9070600" lon="77.5804890">
    <ele>918.5</ele>
    <time>2026-07-01T02:53:23Z</time>
   </trkpt>
   <trkpt lat="12.9070640" lon="77.5804620">
    <ele>918.4</ele>
    <time>2026-07-01T02:53:24Z</time>
   </trkpt>
   <trkpt lat="12.9070660" lon="77.5804340">
    <ele>918.4</ele>
    <time>2026-07-01T02:53:25Z</time>
   </trkpt>
   <trkpt lat="12.9070550" lon="77.5804120">
    <ele>918.3</ele>
    <time>2026-07-01T02:53:26Z</time>
   </trkpt>
   <trkpt lat="12.9070560" lon="77.5803810">
    <ele>918.3</ele>
    <time>2026-07-01T02:53:27Z</time>
   </trkpt>
   <trkpt lat="12.9070570" lon="77.5803480">
    <ele>918.3</ele>
    <time>2026-07-01T02:53:28Z</time>
   </trkpt>
   <trkpt lat="12.9070560" lon="77.5803190">
    <ele>918.2</ele>
    <time>2026-07-01T02:53:29Z</time>
   </trkpt>
   <trkpt lat="12.9070550" lon="77.5802970">
    <ele>918.2</ele>
    <time>2026-07-01T02:53:30Z</time>
   </trkpt>
   <trkpt lat="12.9070620" lon="77.5802710">
    <ele>918.2</ele>
    <time>2026-07-01T02:53:31Z</time>
   </trkpt>
   <trkpt lat="12.9070620" lon="77.5802410">
    <ele>918.2</ele>
    <time>2026-07-01T02:53:32Z</time>
   </trkpt>
   <trkpt lat="12.9070610" lon="77.5802170">
    <ele>918.1</ele>
    <time>2026-07-01T02:53:33Z</time>
   </trkpt>
   <trkpt lat="12.9070570" lon="77.5801840">
    <ele>918.1</ele>
    <time>2026-07-01T02:53:34Z</time>
   </trkpt>
   <trkpt lat="12.9070620" lon="77.5801540">
    <ele>918.1</ele>
    <time>2026-07-01T02:53:35Z</time>
   </trkpt>
   <trkpt lat="12.9070670" lon="77.5801130">
    <ele>918.0</ele>
    <time>2026-07-01T02:53:36Z</time>
   </trkpt>
   <trkpt lat="12.9070710" lon="77.5800750">
    <ele>918.0</ele>
    <time>2026-07-01T02:53:37Z</time>
   </trkpt>
   <trkpt lat="12.9070730" lon="77.5800350">
    <ele>918.0</ele>
    <time>2026-07-01T02:53:38Z</time>
   </trkpt>
   <trkpt lat="12.9070750" lon="77.5799960">
    <ele>917.9</ele>
    <time>2026-07-01T02:53:39Z</time>
   </trkpt>
   <trkpt lat="12.9070810" lon="77.5799560">
    <ele>917.9</ele>
    <time>2026-07-01T02:53:40Z</time>
   </trkpt>
   <trkpt lat="12.9070870" lon="77.5799210">
    <ele>917.9</ele>
    <time>2026-07-01T02:53:41Z</time>
   </trkpt>
   <trkpt lat="12.9070930" lon="77.5798810">
    <ele>917.8</ele>
    <time>2026-07-01T02:53:42Z</time>
   </trkpt>
   <trkpt lat="12.9071010" lon="77.5798500">
    <ele>917.7</ele>
    <time>2026-07-01T02:53:43Z</time>
   </trkpt>
   <trkpt lat="12.9070930" lon="77.5798040">
    <ele>917.6</ele>
    <time>2026-07-01T02:53:44Z</time>
   </trkpt>
   <trkpt lat="12.9071000" lon="77.5797690">
    <ele>917.5</ele>
    <time>2026-07-01T02:53:45Z</time>
   </trkpt>
   <trkpt lat="12.9071050" lon="77.5797330">
    <ele>917.4</ele>
    <time>2026-07-01T02:53:46Z</time>
   </trkpt>
   <trkpt lat="12.9071010" lon="77.5796860">
    <ele>917.3</ele>
    <time>2026-07-01T02:53:47Z</time>
   </trkpt>
   <trkpt lat="12.9071000" lon="77.5796450">
    <ele>917.2</ele>
    <time>2026-07-01T02:53:48Z</time>
   </trkpt>
   <trkpt lat="12.9071000" lon="77.5795990">
    <ele>917.1</ele>
    <time>2026-07-01T02:53:49Z</time>
   </trkpt>
   <trkpt lat="12.9071030" lon="77.5795590">
    <ele>917.0</ele>
    <time>2026-07-01T02:53:50Z</time>
   </trkpt>
   <trkpt lat="12.9071050" lon="77.5795200">
    <ele>917.0</ele>
    <time>2026-07-01T02:53:51Z</time>
   </trkpt>
   <trkpt lat="12.9071000" lon="77.5794760">
    <ele>916.9</ele>
    <time>2026-07-01T02:53:52Z</time>
   </trkpt>
   <trkpt lat="12.9071080" lon="77.5794370">
    <ele>916.8</ele>
    <time>2026-07-01T02:53:53Z</time>
   </trkpt>
   <trkpt lat="12.9071080" lon="77.5793930">
    <ele>916.7</ele>
    <time>2026-07-01T02:53:54Z</time>
   </trkpt>
   <trkpt lat="12.9071010" lon="77.5793540">
    <ele>916.6</ele>
    <time>2026-07-01T02:53:55Z</time>
   </trkpt>
   <trkpt lat="12.9071030" lon="77.5793150">
    <ele>916.5</ele>
    <time>2026-07-01T02:53:56Z</time>
   </trkpt>
   <trkpt lat="12.9071060" lon="77.5792790">
    <ele>916.4</ele>
    <time>2026-07-01T02:53:57Z</time>
   </trkpt>
   <trkpt lat="12.9070930" lon="77.5792350">
    <ele>916.3</ele>
    <time>2026-07-01T02:53:58Z</time>
   </trkpt>
   <trkpt lat="12.9070970" lon="77.5791920">
    <ele>916.2</ele>
    <time>2026-07-01T02:53:59Z</time>
   </trkpt>
   <trkpt lat="12.9070980" lon="77.5791570">
    <ele>916.1</ele>
    <time>2026-07-01T02:54:00Z</time>
   </trkpt>
   <trkpt lat="12.9071010" lon="77.5791080">
    <ele>915.9</ele>
    <time>2026-07-01T02:54:01Z</time>
   </trkpt>
   <trkpt lat="12.9070920" lon="77.5790750">
    <ele>915.9</ele>
    <time>2026-07-01T02:54:03Z</time>
   </trkpt>
   <trkpt lat="12.9071020" lon="77.5790320">
    <ele>915.7</ele>
    <time>2026-07-01T02:54:04Z</time>
   </trkpt>
   <trkpt lat="12.9071070" lon="77.5789910">
    <ele>915.6</ele>
    <time>2026-07-01T02:54:05Z</time>
   </trkpt>
   <trkpt lat="12.9071070" lon="77.5789530">
    <ele>915.5</ele>
    <time>2026-07-01T02:54:06Z</time>
   </trkpt>
   <trkpt lat="12.9071080" lon="77.5789080">
    <ele>915.4</ele>
    <time>2026-07-01T02:54:07Z</time>
   </trkpt>
   <trkpt lat="12.9071110" lon="77.5788680">
    <ele>915.3</ele>
    <time>2026-07-01T02:54:08Z</time>
   </trkpt>
   <trkpt lat="12.9071180" lon="77.5788250">
    <ele>915.2</ele>
    <time>2026-07-01T02:54:09Z</time>
   </trkpt>
   <trkpt lat="12.9071130" lon="77.5787820">
    <ele>915.1</ele>
    <time>2026-07-01T02:54:10Z</time>
   </trkpt>
   <trkpt lat="12.9071140" lon="77.5787410">
    <ele>915.0</ele>
    <time>2026-07-01T02:54:11Z</time>
   </trkpt>
   <trkpt lat="12.9071180" lon="77.5786940">
    <ele>914.9</ele>
    <time>2026-07-01T02:54:12Z</time>
   </trkpt>
   <trkpt lat="12.9071210" lon="77.5786570">
    <ele>914.8</ele>
    <time>2026-07-01T02:54:13Z</time>
   </trkpt>
   <trkpt lat="12.9071220" lon="77.5786190">
    <ele>914.7</ele>
    <time>2026-07-01T02:54:14Z</time>
   </trkpt>
   <trkpt lat="12.9071220" lon="77.5785780">
    <ele>914.6</ele>
    <time>2026-07-01T02:54:15Z</time>
   </trkpt>
   <trkpt lat="12.9071220" lon="77.5785340">
    <ele>914.5</ele>
    <time>2026-07-01T02:54:16Z</time>
   </trkpt>
   <trkpt lat="12.9071220" lon="77.5784940">
    <ele>914.4</ele>
    <time>2026-07-01T02:54:17Z</time>
   </trkpt>
   <trkpt lat="12.9071220" lon="77.5784690">
    <ele>914.3</ele>
    <time>2026-07-01T02:54:18Z</time>
   </trkpt>
   <trkpt lat="12.9071250" lon="77.5784510">
    <ele>914.3</ele>
    <time>2026-07-01T02:54:19Z</time>
   </trkpt>
   <trkpt lat="12.9071220" lon="77.5784210">
    <ele>914.2</ele>
    <time>2026-07-01T02:54:20Z</time>
   </trkpt>
   <trkpt lat="12.9071190" lon="77.5783800">
    <ele>914.1</ele>
    <time>2026-07-01T02:54:21Z</time>
   </trkpt>
   <trkpt lat="12.9071130" lon="77.5783290">
    <ele>914.0</ele>
    <time>2026-07-01T02:54:22Z</time>
   </trkpt>
   <trkpt lat="12.9071090" lon="77.5782970">
    <ele>913.9</ele>
    <time>2026-07-01T02:54:23Z</time>
   </trkpt>
   <trkpt lat="12.9071080" lon="77.5782630">
    <ele>913.8</ele>
    <time>2026-07-01T02:54:24Z</time>
   </trkpt>
   <trkpt lat="12.9071130" lon="77.5782340">
    <ele>913.8</ele>
    <time>2026-07-01T02:54:25Z</time>
   </trkpt>
   <trkpt lat="12.9071120" lon="77.5782010">
    <ele>913.7</ele>
    <time>2026-07-01T02:54:26Z</time>
   </trkpt>
   <trkpt lat="12.9071130" lon="77.5781690">
    <ele>913.6</ele>
    <time>2026-07-01T02:54:27Z</time>
   </trkpt>
   <trkpt lat="12.9071140" lon="77.5781370">
    <ele>913.6</ele>
    <time>2026-07-01T02:54:28Z</time>
   </trkpt>
   <trkpt lat="12.9071100" lon="77.5781010">
    <ele>913.5</ele>
    <time>2026-07-01T02:54:29Z</time>
   </trkpt>
   <trkpt lat="12.9071140" lon="77.5780700">
    <ele>913.4</ele>
    <time>2026-07-01T02:54:30Z</time>
   </trkpt>
   <trkpt lat="12.9071150" lon="77.5780380">
    <ele>913.3</ele>
    <time>2026-07-01T02:54:31Z</time>
   </trkpt>
   <trkpt lat="12.9071190" lon="77.5780100">
    <ele>913.3</ele>
    <time>2026-07-01T02:54:32Z</time>
   </trkpt>
   <trkpt lat="12.9071180" lon="77.5779780">
    <ele>913.2</ele>
    <time>2026-07-01T02:54:33Z</time>
   </trkpt>
   <trkpt lat="12.9071160" lon="77.5779440">
    <ele>913.2</ele>
    <time>2026-07-01T02:54:34Z</time>
   </trkpt>
   <trkpt lat="12.9071120" lon="77.5779100">
    <ele>913.1</ele>
    <time>2026-07-01T02:54:35Z</time>
   </trkpt>
   <trkpt lat="12.9071120" lon="77.5778750">
    <ele>913.0</ele>
    <time>2026-07-01T02:54:36Z</time>
   </trkpt>
   <trkpt lat="12.9071170" lon="77.5778360">
    <ele>912.9</ele>
    <time>2026-07-01T02:54:37Z</time>
   </trkpt>
   <trkpt lat="12.9071170" lon="77.5777920">
    <ele>912.9</ele>
    <time>2026-07-01T02:54:38Z</time>
   </trkpt>
   <trkpt lat="12.9071200" lon="77.5777500">
    <ele>912.8</ele>
    <time>2026-07-01T02:54:39Z</time>
   </trkpt>
   <trkpt lat="12.9071220" lon="77.5777070">
    <ele>912.7</ele>
    <time>2026-07-01T02:54:40Z</time>
   </trkpt>
   <trkpt lat="12.9071260" lon="77.5776650">
    <ele>912.6</ele>
    <time>2026-07-01T02:54:41Z</time>
   </trkpt>
   <trkpt lat="12.9071240" lon="77.5776230">
    <ele>912.5</ele>
    <time>2026-07-01T02:54:42Z</time>
   </trkpt>
   <trkpt lat="12.9071240" lon="77.5775810">
    <ele>912.4</ele>
    <time>2026-07-01T02:54:43Z</time>
   </trkpt>
   <trkpt lat="12.9071250" lon="77.5775390">
    <ele>912.3</ele>
    <time>2026-07-01T02:54:44Z</time>
   </trkpt>
   <trkpt lat="12.9071240" lon="77.5774990">
    <ele>912.3</ele>
    <time>2026-07-01T02:54:45Z</time>
   </trkpt>
   <trkpt lat="12.9071190" lon="77.5774590">
    <ele>912.2</ele>
    <time>2026-07-01T02:54:46Z</time>
   </trkpt>
   <trkpt lat="12.9071190" lon="77.5774180">
    <ele>912.1</ele>
    <time>2026-07-01T02:54:47Z</time>
   </trkpt>
   <trkpt lat="12.9071200" lon="77.5773770">
    <ele>912.0</ele>
    <time>2026-07-01T02:54:48Z</time>
   </trkpt>
   <trkpt lat="12.9071180" lon="77.5773350">
    <ele>911.9</ele>
    <time>2026-07-01T02:54:49Z</time>
   </trkpt>
   <trkpt lat="12.9071170" lon="77.5772920">
    <ele>911.8</ele>
    <time>2026-07-01T02:54:50Z</time>
   </trkpt>
   <trkpt lat="12.9071240" lon="77.5772500">
    <ele>911.7</ele>
    <time>2026-07-01T02:54:51Z</time>
   </trkpt>
   <trkpt lat="12.9071280" lon="77.5772070">
    <ele>911.6</ele>
    <time>2026-07-01T02:54:52Z</time>
   </trkpt>
   <trkpt lat="12.9071260" lon="77.5771650">
    <ele>911.6</ele>
    <time>2026-07-01T02:54:53Z</time>
   </trkpt>
   <trkpt lat="12.9071200" lon="77.5771250">
    <ele>911.4</ele>
    <time>2026-07-01T02:54:54Z</time>
   </trkpt>
   <trkpt lat="12.9071210" lon="77.5770850">
    <ele>911.3</ele>
    <time>2026-07-01T02:54:55Z</time>
   </trkpt>
   <trkpt lat="12.9071220" lon="77.5770460">
    <ele>911.2</ele>
    <time>2026-07-01T02:54:56Z</time>
   </trkpt>
   <trkpt lat="12.9071210" lon="77.5770040">
    <ele>911.0</ele>
    <time>2026-07-01T02:54:57Z</time>
   </trkpt>
   <trkpt lat="12.9071200" lon="77.5769590">
    <ele>910.9</ele>
    <time>2026-07-01T02:54:58Z</time>
   </trkpt>
   <trkpt lat="12.9071240" lon="77.5769160">
    <ele>910.7</ele>
    <time>2026-07-01T02:54:59Z</time>
   </trkpt>
   <trkpt lat="12.9071230" lon="77.5768730">
    <ele>910.6</ele>
    <time>2026-07-01T02:55:00Z</time>
   </trkpt>
   <trkpt lat="12.9071220" lon="77.5768310">
    <ele>910.5</ele>
    <time>2026-07-01T02:55:01Z</time>
   </trkpt>
   <trkpt lat="12.9071260" lon="77.5767860">
    <ele>910.3</ele>
    <time>2026-07-01T02:55:02Z</time>
   </trkpt>
   <trkpt lat="12.9071280" lon="77.5767420">
    <ele>910.2</ele>
    <time>2026-07-01T02:55:03Z</time>
   </trkpt>
   <trkpt lat="12.9071260" lon="77.5766970">
    <ele>910.1</ele>
    <time>2026-07-01T02:55:04Z</time>
   </trkpt>
   <trkpt lat="12.9071300" lon="77.5766500">
    <ele>909.9</ele>
    <time>2026-07-01T02:55:05Z</time>
   </trkpt>
   <trkpt lat="12.9071360" lon="77.5766060">
    <ele>909.8</ele>
    <time>2026-07-01T02:55:06Z</time>
   </trkpt>
   <trkpt lat="12.9071330" lon="77.5765630">
    <ele>909.7</ele>
    <time>2026-07-01T02:55:07Z</time>
   </trkpt>
   <trkpt lat="12.9071290" lon="77.5765130">
    <ele>909.5</ele>
    <time>2026-07-01T02:55:08Z</time>
   </trkpt>
   <trkpt lat="12.9071340" lon="77.5764660">
    <ele>909.4</ele>
    <time>2026-07-01T02:55:09Z</time>
   </trkpt>
   <trkpt lat="12.9071310" lon="77.5764290">
    <ele>909.2</ele>
    <time>2026-07-01T02:55:10Z</time>
   </trkpt>
   <trkpt lat="12.9071290" lon="77.5764030">
    <ele>909.2</ele>
    <time>2026-07-01T02:55:11Z</time>
   </trkpt>
   <trkpt lat="12.9071220" lon="77.5763780">
    <ele>909.1</ele>
    <time>2026-07-01T02:55:12Z</time>
   </trkpt>
   <trkpt lat="12.9071220" lon="77.5763490">
    <ele>909.0</ele>
    <time>2026-07-01T02:55:13Z</time>
   </trkpt>
   <trkpt lat="12.9071230" lon="77.5763180">
    <ele>908.9</ele>
    <time>2026-07-01T02:55:14Z</time>
   </trkpt>
   <trkpt lat="12.9071250" lon="77.5762860">
    <ele>908.9</ele>
    <time>2026-07-01T02:55:15Z</time>
   </trkpt>
   <trkpt lat="12.9071220" lon="77.5762570">
    <ele>908.8</ele>
    <time>2026-07-01T02:55:16Z</time>
   </trkpt>
   <trkpt lat="12.9071220" lon="77.5762260">
    <ele>908.7</ele>
    <time>2026-07-01T02:55:17Z</time>
   </trkpt>
   <trkpt lat="12.9071270" lon="77.5761940">
    <ele>908.6</ele>
    <time>2026-07-01T02:55:18Z</time>
   </trkpt>
   <trkpt lat="12.9071300" lon="77.5761630">
    <ele>908.6</ele>
    <time>2026-07-01T02:55:19Z</time>
   </trkpt>
   <trkpt lat="12.9071300" lon="77.5761350">
    <ele>908.6</ele>
    <time>2026-07-01T02:55:20Z</time>
   </trkpt>
   <trkpt lat="12.9071280" lon="77.5761070">
    <ele>908.5</ele>
    <time>2026-07-01T02:55:21Z</time>
   </trkpt>
   <trkpt lat="12.9071310" lon="77.5760810">
    <ele>908.5</ele>
    <time>2026-07-01T02:55:22Z</time>
   </trkpt>
   <trkpt lat="12.9071290" lon="77.5760590">
    <ele>908.5</ele>
    <time>2026-07-01T02:55:23Z</time>
   </trkpt>
   <trkpt lat="12.9071310" lon="77.5760420">
    <ele>908.4</ele>
    <time>2026-07-01T02:55:24Z</time>
   </trkpt>
   <trkpt lat="12.9071300" lon="77.5760280">
    <ele>908.4</ele>
    <time>2026-07-01T02:55:25Z</time>
   </trkpt>
   <trkpt lat="12.9071320" lon="77.5760110">
    <ele>908.4</ele>
    <time>2026-07-01T02:55:26Z</time>
   </trkpt>
   <trkpt lat="12.9071330" lon="77.5759950">
    <ele>908.4</ele>
    <time>2026-07-01T02:55:27Z</time>
   </trkpt>
   <trkpt lat="12.9071360" lon="77.5759730">
    <ele>908.4</ele>
    <time>2026-07-01T02:55:28Z</time>
   </trkpt>
   <trkpt lat="12.9071420" lon="77.5759490">
    <ele>908.4</ele>
    <time>2026-07-01T02:55:29Z</time>
   </trkpt>
   <trkpt lat="12.9071540" lon="77.5759270">
    <ele>908.3</ele>
    <time>2026-07-01T02:55:30Z</time>
   </trkpt>
   <trkpt lat="12.9071750" lon="77.5759070">
    <ele>908.3</ele>
    <time>2026-07-01T02:55:31Z</time>
   </trkpt>
   <trkpt lat="12.9072060" lon="77.5758920">
    <ele>908.3</ele>
    <time>2026-07-01T02:55:32Z</time>
   </trkpt>
   <trkpt lat="12.9072430" lon="77.5758930">
    <ele>908.3</ele>
    <time>2026-07-01T02:55:33Z</time>
   </trkpt>
   <trkpt lat="12.9072760" lon="77.5758960">
    <ele>908.3</ele>
    <time>2026-07-01T02:55:34Z</time>
   </trkpt>
   <trkpt lat="12.9073080" lon="77.5758950">
    <ele>908.3</ele>
    <time>2026-07-01T02:55:35Z</time>
   </trkpt>
   <trkpt lat="12.9073400" lon="77.5758910">
    <ele>908.3</ele>
    <time>2026-07-01T02:55:36Z</time>
   </trkpt>
   <trkpt lat="12.9073720" lon="77.5758880">
    <ele>908.3</ele>
    <time>2026-07-01T02:55:37Z</time>
   </trkpt>
   <trkpt lat="12.9074090" lon="77.5758850">
    <ele>908.4</ele>
    <time>2026-07-01T02:55:38Z</time>
   </trkpt>
   <trkpt lat="12.9074380" lon="77.5758830">
    <ele>908.4</ele>
    <time>2026-07-01T02:55:39Z</time>
   </trkpt>
   <trkpt lat="12.9074710" lon="77.5758870">
    <ele>908.5</ele>
    <time>2026-07-01T02:55:40Z</time>
   </trkpt>
   <trkpt lat="12.9075050" lon="77.5758920">
    <ele>908.5</ele>
    <time>2026-07-01T02:55:41Z</time>
   </trkpt>
   <trkpt lat="12.9075360" lon="77.5758980">
    <ele>908.6</ele>
    <time>2026-07-01T02:55:42Z</time>
   </trkpt>
   <trkpt lat="12.9075720" lon="77.5759030">
    <ele>908.6</ele>
    <time>2026-07-01T02:55:43Z</time>
   </trkpt>
   <trkpt lat="12.9076030" lon="77.5759020">
    <ele>908.7</ele>
    <time>2026-07-01T02:55:44Z</time>
   </trkpt>
   <trkpt lat="12.9076310" lon="77.5759010">
    <ele>908.8</ele>
    <time>2026-07-01T02:55:45Z</time>
   </trkpt>
   <trkpt lat="12.9076570" lon="77.5759010">
    <ele>908.8</ele>
    <time>2026-07-01T02:55:46Z</time>
   </trkpt>
   <trkpt lat="12.9076800" lon="77.5759010">
    <ele>908.8</ele>
    <time>2026-07-01T02:55:47Z</time>
   </trkpt>
   <trkpt lat="12.9077030" lon="77.5758990">
    <ele>908.9</ele>
    <time>2026-07-01T02:55:48Z</time>
   </trkpt>
   <trkpt lat="12.9077180" lon="77.5758910">
    <ele>908.9</ele>
    <time>2026-07-01T02:55:49Z</time>
   </trkpt>
   <trkpt lat="12.9077290" lon="77.5758800">
    <ele>909.0</ele>
    <time>2026-07-01T02:55:50Z</time>
   </trkpt>
   <trkpt lat="12.9077370" lon="77.5758620">
    <ele>909.1</ele>
    <time>2026-07-01T02:55:51Z</time>
   </trkpt>
   <trkpt lat="12.9077390" lon="77.5758370">
    <ele>909.4</ele>
    <time>2026-07-01T02:55:52Z</time>
   </trkpt>
   <trkpt lat="12.9077420" lon="77.5758080">
    <ele>909.8</ele>
    <time>2026-07-01T02:55:53Z</time>
   </trkpt>
   <trkpt lat="12.9077430" lon="77.5757840">
    <ele>910.1</ele>
    <time>2026-07-01T02:55:54Z</time>
   </trkpt>
   <trkpt lat="12.9077510" lon="77.5757630">
    <ele>910.4</ele>
    <time>2026-07-01T02:55:55Z</time>
   </trkpt>
   <trkpt lat="12.9077520" lon="77.5757350">
    <ele>910.7</ele>
    <time>2026-07-01T02:55:56Z</time>
   </trkpt>
   <trkpt lat="12.9077450" lon="77.5757040">
    <ele>911.1</ele>
    <time>2026-07-01T02:55:57Z</time>
   </trkpt>
   <trkpt lat="12.9077360" lon="77.5756780">
    <ele>911.4</ele>
    <time>2026-07-01T02:55:58Z</time>
   </trkpt>
   <trkpt lat="12.9077280" lon="77.5756410">
    <ele>911.9</ele>
    <time>2026-07-01T02:55:59Z</time>
   </trkpt>
   <trkpt lat="12.9077410" lon="77.5756070">
    <ele>912.2</ele>
    <time>2026-07-01T02:56:00Z</time>
   </trkpt>
   <trkpt lat="12.9077370" lon="77.5755800">
    <ele>912.3</ele>
    <time>2026-07-01T02:56:01Z</time>
   </trkpt>
   <trkpt lat="12.9077290" lon="77.5755440">
    <ele>912.6</ele>
    <time>2026-07-01T02:56:02Z</time>
   </trkpt>
   <trkpt lat="12.9077250" lon="77.5755200">
    <ele>912.7</ele>
    <time>2026-07-01T02:56:03Z</time>
   </trkpt>
   <trkpt lat="12.9077220" lon="77.5754860">
    <ele>912.9</ele>
    <time>2026-07-01T02:56:04Z</time>
   </trkpt>
   <trkpt lat="12.9077160" lon="77.5754560">
    <ele>913.1</ele>
    <time>2026-07-01T02:56:05Z</time>
   </trkpt>
   <trkpt lat="12.9077190" lon="77.5754360">
    <ele>913.2</ele>
    <time>2026-07-01T02:56:06Z</time>
   </trkpt>
   <trkpt lat="12.9077220" lon="77.5754150">
    <ele>913.3</ele>
    <time>2026-07-01T02:56:07Z</time>
   </trkpt>
   <trkpt lat="12.9077190" lon="77.5753930">
    <ele>913.4</ele>
    <time>2026-07-01T02:56:09Z</time>
   </trkpt>
   <trkpt lat="12.9077050" lon="77.5753740">
    <ele>913.6</ele>
    <time>2026-07-01T02:56:10Z</time>
   </trkpt>
   <trkpt lat="12.9077170" lon="77.5753460">
    <ele>913.7</ele>
    <time>2026-07-01T02:56:11Z</time>
   </trkpt>
   <trkpt lat="12.9077370" lon="77.5753340">
    <ele>913.7</ele>
    <time>2026-07-01T02:56:12Z</time>
   </trkpt>
   <trkpt lat="12.9077720" lon="77.5753410">
    <ele>913.6</ele>
    <time>2026-07-01T02:56:13Z</time>
   </trkpt>
   <trkpt lat="12.9078010" lon="77.5753390">
    <ele>913.6</ele>
    <time>2026-07-01T02:56:14Z</time>
   </trkpt>
   <trkpt lat="12.9078350" lon="77.5753410">
    <ele>913.5</ele>
    <time>2026-07-01T02:56:15Z</time>
   </trkpt>
   <trkpt lat="12.9078720" lon="77.5753430">
    <ele>913.5</ele>
    <time>2026-07-01T02:56:16Z</time>
   </trkpt>
   <trkpt lat="12.9079110" lon="77.5753360">
    <ele>913.4</ele>
    <time>2026-07-01T02:56:17Z</time>
   </trkpt>
   <trkpt lat="12.9079430" lon="77.5753300">
    <ele>913.4</ele>
    <time>2026-07-01T02:56:18Z</time>
   </trkpt>
   <trkpt lat="12.9079650" lon="77.5753280">
    <ele>913.3</ele>
    <time>2026-07-01T02:56:19Z</time>
   </trkpt>
   <trkpt lat="12.9079960" lon="77.5753250">
    <ele>913.3</ele>
    <time>2026-07-01T02:56:20Z</time>
   </trkpt>
   <trkpt lat="12.9080230" lon="77.5753310">
    <ele>913.2</ele>
    <time>2026-07-01T02:56:21Z</time>
   </trkpt>
   <trkpt lat="12.9080480" lon="77.5753280">
    <ele>913.2</ele>
    <time>2026-07-01T02:56:22Z</time>
   </trkpt>
   <trkpt lat="12.9080730" lon="77.5753220">
    <ele>913.2</ele>
    <time>2026-07-01T02:56:23Z</time>
   </trkpt>
   <trkpt lat="12.9080970" lon="77.5753200">
    <ele>913.1</ele>
    <time>2026-07-01T02:56:24Z</time>
   </trkpt>
   <trkpt lat="12.9081160" lon="77.5753230">
    <ele>913.1</ele>
    <time>2026-07-01T02:56:25Z</time>
   </trkpt>
   <trkpt lat="12.9081390" lon="77.5753220">
    <ele>913.1</ele>
    <time>2026-07-01T02:56:26Z</time>
   </trkpt>
   <trkpt lat="12.9081830" lon="77.5753150">
    <ele>913.0</ele>
    <time>2026-07-01T02:56:27Z</time>
   </trkpt>
   <trkpt lat="12.9082010" lon="77.5753110">
    <ele>913.0</ele>
    <time>2026-07-01T02:56:28Z</time>
   </trkpt>
   <trkpt lat="12.9082100" lon="77.5753050">
    <ele>912.9</ele>
    <time>2026-07-01T02:56:29Z</time>
   </trkpt>
   <trkpt lat="12.9082060" lon="77.5752820">
    <ele>912.8</ele>
    <time>2026-07-01T02:56:30Z</time>
   </trkpt>
   <trkpt lat="12.9082070" lon="77.5752560">
    <ele>912.8</ele>
    <time>2026-07-01T02:56:31Z</time>
   </trkpt>
   <trkpt lat="12.9082110" lon="77.5752310">
    <ele>912.7</ele>
    <time>2026-07-01T02:56:32Z</time>
   </trkpt>
   <trkpt lat="12.9082150" lon="77.5752100">
    <ele>912.6</ele>
    <time>2026-07-01T02:56:33Z</time>
   </trkpt>
   <trkpt lat="12.9082190" lon="77.5751880">
    <ele>912.5</ele>
    <time>2026-07-01T02:56:34Z</time>
   </trkpt>
   <trkpt lat="12.9082080" lon="77.5751600">
    <ele>912.4</ele>
    <time>2026-07-01T02:56:35Z</time>
   </trkpt>
   <trkpt lat="12.9082050" lon="77.5751340">
    <ele>912.4</ele>
    <time>2026-07-01T02:56:36Z</time>
   </trkpt>
   <trkpt lat="12.9082030" lon="77.5751050">
    <ele>912.3</ele>
    <time>2026-07-01T02:56:37Z</time>
   </trkpt>
   <trkpt lat="12.9082040" lon="77.5750710">
    <ele>912.2</ele>
    <time>2026-07-01T02:56:38Z</time>
   </trkpt>
   <trkpt lat="12.9082050" lon="77.5750500">
    <ele>912.2</ele>
    <time>2026-07-01T02:56:39Z</time>
   </trkpt>
   <trkpt lat="12.9082000" lon="77.5750300">
    <ele>912.2</ele>
    <time>2026-07-01T02:56:40Z</time>
   </trkpt>
   <trkpt lat="12.9081890" lon="77.5750110">
    <ele>912.1</ele>
    <time>2026-07-01T02:56:41Z</time>
   </trkpt>
   <trkpt lat="12.9081850" lon="77.5749930">
    <ele>912.0</ele>
    <time>2026-07-01T02:56:42Z</time>
   </trkpt>
   <trkpt lat="12.9081860" lon="77.5749700">
    <ele>911.9</ele>
    <time>2026-07-01T02:56:43Z</time>
   </trkpt>
   <trkpt lat="12.9081850" lon="77.5749420">
    <ele>911.8</ele>
    <time>2026-07-01T02:56:44Z</time>
   </trkpt>
   <trkpt lat="12.9081870" lon="77.5749100">
    <ele>911.7</ele>
    <time>2026-07-01T02:56:45Z</time>
   </trkpt>
   <trkpt lat="12.9081830" lon="77.5748790">
    <ele>911.5</ele>
    <time>2026-07-01T02:56:46Z</time>
   </trkpt>
   <trkpt lat="12.9081760" lon="77.5748470">
    <ele>911.4</ele>
    <time>2026-07-01T02:56:47Z</time>
   </trkpt>
   <trkpt lat="12.9081780" lon="77.5748190">
    <ele>911.3</ele>
    <time>2026-07-01T02:56:48Z</time>
   </trkpt>
   <trkpt lat="12.9081750" lon="77.5747970">
    <ele>911.2</ele>
    <time>2026-07-01T02:56:49Z</time>
   </trkpt>
   <trkpt lat="12.9081740" lon="77.5747770">
    <ele>911.1</ele>
    <time>2026-07-01T02:56:50Z</time>
   </trkpt>
   <trkpt lat="12.9081780" lon="77.5747510">
    <ele>911.0</ele>
    <time>2026-07-01T02:56:51Z</time>
   </trkpt>
   <trkpt lat="12.9081800" lon="77.5747230">
    <ele>910.9</ele>
    <time>2026-07-01T02:56:52Z</time>
   </trkpt>
   <trkpt lat="12.9081840" lon="77.5746890">
    <ele>910.7</ele>
    <time>2026-07-01T02:56:53Z</time>
   </trkpt>
   <trkpt lat="12.9081790" lon="77.5746580">
    <ele>910.6</ele>
    <time>2026-07-01T02:56:54Z</time>
   </trkpt>
   <trkpt lat="12.9081850" lon="77.5746310">
    <ele>910.5</ele>
    <time>2026-07-01T02:56:55Z</time>
   </trkpt>
   <trkpt lat="12.9081870" lon="77.5745960">
    <ele>910.3</ele>
    <time>2026-07-01T02:56:56Z</time>
   </trkpt>
   <trkpt lat="12.9081850" lon="77.5745660">
    <ele>910.2</ele>
    <time>2026-07-01T02:56:57Z</time>
   </trkpt>
   <trkpt lat="12.9081790" lon="77.5745360">
    <ele>910.1</ele>
    <time>2026-07-01T02:56:58Z</time>
   </trkpt>
   <trkpt lat="12.9081750" lon="77.5745030">
    <ele>909.9</ele>
    <time>2026-07-01T02:56:59Z</time>
   </trkpt>
   <trkpt lat="12.9081810" lon="77.5744750">
    <ele>909.8</ele>
    <time>2026-07-01T02:57:00Z</time>
   </trkpt>
   <trkpt lat="12.9081780" lon="77.5744410">
    <ele>909.7</ele>
    <time>2026-07-01T02:57:01Z</time>
   </trkpt>
   <trkpt lat="12.9081820" lon="77.5744120">
    <ele>909.5</ele>
    <time>2026-07-01T02:57:02Z</time>
   </trkpt>
   <trkpt lat="12.9081830" lon="77.5743820">
    <ele>909.4</ele>
    <time>2026-07-01T02:57:03Z</time>
   </trkpt>
   <trkpt lat="12.9081850" lon="77.5743500">
    <ele>909.3</ele>
    <time>2026-07-01T02:57:04Z</time>
   </trkpt>
   <trkpt lat="12.9081960" lon="77.5743260">
    <ele>909.2</ele>
    <time>2026-07-01T02:57:05Z</time>
   </trkpt>
   <trkpt lat="12.9082030" lon="77.5743000">
    <ele>909.1</ele>
    <time>2026-07-01T02:57:06Z</time>
   </trkpt>
   <trkpt lat="12.9082080" lon="77.5742670">
    <ele>908.9</ele>
    <time>2026-07-01T02:57:07Z</time>
   </trkpt>
   <trkpt lat="12.9082000" lon="77.5742360">
    <ele>908.8</ele>
    <time>2026-07-01T02:57:08Z</time>
   </trkpt>
   <trkpt lat="12.9081950" lon="77.5742090">
    <ele>908.7</ele>
    <time>2026-07-01T02:57:09Z</time>
   </trkpt>
   <trkpt lat="12.9081990" lon="77.5741880">
    <ele>908.6</ele>
    <time>2026-07-01T02:57:10Z</time>
   </trkpt>
   <trkpt lat="12.9081990" lon="77.5741570">
    <ele>908.4</ele>
    <time>2026-07-01T02:57:11Z</time>
   </trkpt>
   <trkpt lat="12.9081930" lon="77.5741310">
    <ele>908.3</ele>
    <time>2026-07-01T02:57:12Z</time>
   </trkpt>
   <trkpt lat="12.9081930" lon="77.5741100">
    <ele>908.2</ele>
    <time>2026-07-01T02:57:13Z</time>
   </trkpt>
   <trkpt lat="12.9082030" lon="77.5740950">
    <ele>908.2</ele>
    <time>2026-07-01T02:57:14Z</time>
   </trkpt>
   <trkpt lat="12.9081990" lon="77.5740710">
    <ele>908.1</ele>
    <time>2026-07-01T02:57:15Z</time>
   </trkpt>
   <trkpt lat="12.9082060" lon="77.5740410">
    <ele>908.0</ele>
    <time>2026-07-01T02:57:16Z</time>
   </trkpt>
   <trkpt lat="12.9082050" lon="77.5740190">
    <ele>908.0</ele>
    <time>2026-07-01T02:57:17Z</time>
   </trkpt>
   <trkpt lat="12.9082120" lon="77.5739930">
    <ele>908.0</ele>
    <time>2026-07-01T02:57:18Z</time>
   </trkpt>
   <trkpt lat="12.9082180" lon="77.5739690">
    <ele>907.9</ele>
    <time>2026-07-01T02:57:19Z</time>
   </trkpt>
   <trkpt lat="12.9082100" lon="77.5739500">
    <ele>907.9</ele>
    <time>2026-07-01T02:57:20Z</time>
   </trkpt>
   <trkpt lat="12.9082090" lon="77.5739220">
    <ele>907.9</ele>
    <time>2026-07-01T02:57:21Z</time>
   </trkpt>
   <trkpt lat="12.9082090" lon="77.5738950">
    <ele>907.9</ele>
    <time>2026-07-01T02:57:22Z</time>
   </trkpt>
   <trkpt lat="12.9082150" lon="77.5738700">
    <ele>907.9</ele>
    <time>2026-07-01T02:57:23Z</time>
   </trkpt>
   <trkpt lat="12.9082190" lon="77.5738450">
    <ele>907.8</ele>
    <time>2026-07-01T02:57:24Z</time>
   </trkpt>
   <trkpt lat="12.9082190" lon="77.5738210">
    <ele>907.8</ele>
    <time>2026-07-01T02:57:25Z</time>
   </trkpt>
   <trkpt lat="12.9082170" lon="77.5737980">
    <ele>907.8</ele>
    <time>2026-07-01T02:57:26Z</time>
   </trkpt>
   <trkpt lat="12.9082120" lon="77.5737790">
    <ele>907.8</ele>
    <time>2026-07-01T02:57:27Z</time>
   </trkpt>
   <trkpt lat="12.9082200" lon="77.5737580">
    <ele>907.8</ele>
    <time>2026-07-01T02:57:28Z</time>
   </trkpt>
   <trkpt lat="12.9082120" lon="77.5737440">
    <ele>907.7</ele>
    <time>2026-07-01T02:57:29Z</time>
   </trkpt>
   <trkpt lat="12.9082120" lon="77.5737240">
    <ele>907.7</ele>
    <time>2026-07-01T02:57:30Z</time>
   </trkpt>
   <trkpt lat="12.9082130" lon="77.5737080">
    <ele>907.7</ele>
    <time>2026-07-01T02:57:31Z</time>
   </trkpt>
   <trkpt lat="12.9082060" lon="77.5736940">
    <ele>907.7</ele>
    <time>2026-07-01T02:57:32Z</time>
   </trkpt>
   <trkpt lat="12.9082040" lon="77.5736790">
    <ele>907.7</ele>
    <time>2026-07-01T02:57:33Z</time>
   </trkpt>
   <trkpt lat="12.9082110" lon="77.5736750">
    <ele>907.7</ele>
    <time>2026-07-01T02:57:34Z</time>
   </trkpt>
   <trkpt lat="12.9082150" lon="77.5736660">
    <ele>907.7</ele>
    <time>2026-07-01T02:57:35Z</time>
   </trkpt>
   <trkpt lat="12.9082130" lon="77.5736550">
    <ele>907.7</ele>
    <time>2026-07-01T02:57:36Z</time>
   </trkpt>
   <trkpt lat="12.9082120" lon="77.5736490">
    <ele>907.6</ele>
    <time>2026-07-01T02:57:37Z</time>
   </trkpt>
   <trkpt lat="12.9082190" lon="77.5736490">
    <ele>907.6</ele>
    <time>2026-07-01T02:57:38Z</time>
   </trkpt>
   <trkpt lat="12.9082150" lon="77.5736430">
    <ele>907.6</ele>
    <time>2026-07-01T02:57:39Z</time>
   </trkpt>
   <trkpt lat="12.9082190" lon="77.5736430">
    <ele>907.6</ele>
    <time>2026-07-01T02:57:40Z</time>
   </trkpt>
   <trkpt lat="12.9082240" lon="77.5736410">
    <ele>907.6</ele>
    <time>2026-07-01T02:57:41Z</time>
   </trkpt>
   <trkpt lat="12.9082240" lon="77.5736410">
    <ele>907.6</ele>
    <time>2026-07-01T02:57:42Z</time>
   </trkpt>
   <trkpt lat="12.9082320" lon="77.5736400">
    <ele>907.6</ele>
    <time>2026-07-01T02:57:43Z</time>
   </trkpt>
   <trkpt lat="12.9082330" lon="77.5736350">
    <ele>907.6</ele>
    <time>2026-07-01T02:57:44Z</time>
   </trkpt>
   <trkpt lat="12.9082310" lon="77.5736390">
    <ele>907.6</ele>
    <time>2026-07-01T02:57:45Z</time>
   </trkpt>
   <trkpt lat="12.9082130" lon="77.5736320">
    <ele>907.6</ele>
    <time>2026-07-01T02:57:46Z</time>
   </trkpt>
  </trkseg>
 </trk>
</gpx>
