<?xml version="1.0" encoding="UTF-8"?>
<gpx creator="StravaGPX" version="1.1" xmlns="http://www.topografix.com/GPX/1/1" xmlns:xsi="http://www.w3.org/2001/XMLSchema-instance" xsi:schemaLocation="http://www.topografix.com/GPX/1/1 http://www.topografix.com/GPX/1/1/gpx.xsd">
 <metadata>
  <time>2026-07-01T04:15:20Z</time>
 </metadata>
 <trk>
  <name>Cycling</name>
  <type>cycling</type>
  <trkseg>
   <trkpt lat="12.9076700" lon="77.5734680">
    <ele>905.6</ele>
    <time>2026-07-01T04:15:20Z</time>
   </trkpt>
   <trkpt lat="12.9076710" lon="77.5734680">
    <ele>905.6</ele>
    <time>2026-07-01T04:15:21Z</time>
   </trkpt>
   <trkpt lat="12.9076590" lon="77.5734700">
    <ele>905.6</ele>
    <time>2026-07-01T04:15:22Z</time>
   </trkpt>
   <trkpt lat="12.9076590" lon="77.5734700">
    <ele>905.6</ele>
    <time>2026-07-01T04:15:23Z</time>
   </trkpt>
   <trkpt lat="12.9076570" lon="77.5734680">
    <ele>905.6</ele>
    <time>2026-07-01T04:15:24Z</time>
   </trkpt>
   <trkpt lat="12.9076570" lon="77.5734680">
    <ele>905.6</ele>
    <time>2026-07-01T04:15:25Z</time>
   </trkpt>
   <trkpt lat="12.9076560" lon="77.5734690">
    <ele>905.6</ele>
    <time>2026-07-01T04:15:26Z</time>
   </trkpt>
   <trkpt lat="12.9076550" lon="77.5734750">
    <ele>905.6</ele>
    <time>2026-07-01T04:15:27Z</time>
   </trkpt>
   <trkpt lat="12.9076540" lon="77.5734990">
    <ele>905.6</ele>
    <time>2026-07-01T04:15:28Z</time>
   </trkpt>
   <trkpt lat="12.9076740" lon="77.5735240">
    <ele>905.7</ele>
    <time>2026-07-01T04:15:29Z</time>
   </trkpt>
   <trkpt lat="12.9077070" lon="77.5735660">
    <ele>905.7</ele>
    <time>2026-07-01T04:15:30Z</time>
   </trkpt>
   <trkpt lat="12.9077340" lon="77.5735990">
    <ele>905.7</ele>
    <time>2026-07-01T04:15:31Z</time>
   </trkpt>
   <trkpt lat="12.9077600" lon="77.5736320">
    <ele>905.7</ele>
    <time>2026-07-01T04:15:32Z</time>
   </trkpt>
   <trkpt lat="12.9077480" lon="77.5736580">
    <ele>905.8</ele>
    <time>2026-07-01T04:15:33Z</time>
   </trkpt>
   <trkpt lat="12.9077460" lon="77.5736820">
    <ele>905.8</ele>
    <time>2026-07-01T04:15:34Z</time>
   </trkpt>
   <trkpt lat="12.9077390" lon="77.5737080">
    <ele>905.8</ele>
    <time>2026-07-01T04:15:35Z</time>
   </trkpt>
   <trkpt lat="12.9077410" lon="77.5737350">
    <ele>905.8</ele>
    <time>2026-07-01T04:15:36Z</time>
   </trkpt>
   <trkpt lat="12.9077330" lon="77.5737620">
    <ele>905.8</ele>
    <time>2026-07-01T04:15:37Z</time>
   </trkpt>
   <trkpt lat="12.9077320" lon="77.5737740">
    <ele>905.8</ele>
    <time>2026-07-01T04:15:38Z</time>
   </trkpt>
   <trkpt lat="12.9077190" lon="77.5737950">
    <ele>905.8</ele>
    <time>2026-07-01T04:15:39Z</time>
   </trkpt>
   <trkpt lat="12.9077080" lon="77.5738150">
    <ele>905.8</ele>
    <time>2026-07-01T04:15:40Z</time>
   </trkpt>
   <trkpt lat="12.9076920" lon="77.5738440">
    <ele>905.9</ele>
    <time>2026-07-01T04:15:41Z</time>
   </trkpt>
   <trkpt lat="12.9076840" lon="77.5738580">
    <ele>905.9</ele>
    <time>2026-07-01T04:15:42Z</time>
   </trkpt>
   <trkpt lat="12.9076660" lon="77.5738820">
    <ele>905.9</ele>
    <time>2026-07-01T04:15:43Z</time>
   </trkpt>
   <trkpt lat="12.9076520" lon="77.5739090">
    <ele>905.9</ele>
    <time>2026-07-01T04:15:44Z</time>
   </trkpt>
   <trkpt lat="12.9076510" lon="77.5739260">
    <ele>905.9</ele>
    <time>2026-07-01T04:15:45Z</time>
   </trkpt>
   <trkpt lat="12.9076580" lon="77.5739530">
    <ele>905.9</ele>
    <time>2026-07-01T04:15:46Z</time>
   </trkpt>
   <trkpt lat="12.9076490" lon="77.5739750">
    <ele>905.9</ele>
    <time>2026-07-01T04:15:47Z</time>
   </trkpt>
   <trkpt lat="12.9076420" lon="77.5739920">
    <ele>905.9</ele>
    <time>2026-07-01T04:15:48Z</time>
   </trkpt>
   <trkpt lat="12.9076230" lon="77.5740020">
    <ele>906.0</ele>
    <time>2026-07-01T04:15:49Z</time>
   </trkpt>
   <trkpt lat="12.9076020" lon="77.5739980">
    <ele>906.0</ele>
    <time>2026-07-01T04:15:50Z</time>
   </trkpt>
   <trkpt lat="12.9075890" lon="77.5739990">
    <ele>906.0</ele>
    <time>2026-07-01T04:15:51Z</time>
   </trkpt>
   <trkpt lat="12.9075870" lon="77.5739890">
    <ele>906.0</ele>
    <time>2026-07-01T04:15:52Z</time>
   </trkpt>
   <trkpt lat="12.9075620" lon="77.5739890">
    <ele>906.0</ele>
    <time>2026-07-01T04:15:53Z</time>
   </trkpt>
   <trkpt lat="12.9075440" lon="77.5739810">
    <ele>906.0</ele>
    <time>2026-07-01T04:15:54Z</time>
   </trkpt>
   <trkpt lat="12.9075270" lon="77.5739870">
    <ele>906.0</ele>
    <time>2026-07-01T04:15:55Z</time>
   </trkpt>
   <trkpt lat="12.9075050" lon="77.5739840">
    <ele>906.0</ele>
    <time>2026-07-01T04:15:56Z</time>
   </trkpt>
   <trkpt lat="12.9074850" lon="77.5739780">
    <ele>906.0</ele>
    <time>2026-07-01T04:15:57Z</time>
   </trkpt>
   <trkpt lat="12.9074680" lon="77.5739760">
    <ele>906.0</ele>
    <time>2026-07-01T04:15:58Z</time>
   </trkpt>
   <trkpt lat="12.9074500" lon="77.5739690">
    <ele>906.0</ele>
    <time>2026-07-01T04:15:59Z</time>
   </trkpt>
   <trkpt lat="12.9074330" lon="77.5739670">
    <ele>906.0</ele>
    <time>2026-07-01T04:16:00Z</time>
   </trkpt>
   <trkpt lat="12.9074190" lon="77.5739740">
    <ele>906.0</ele>
    <time>2026-07-01T04:16:01Z</time>
   </trkpt>
   <trkpt lat="12.9074120" lon="77.5739900">
    <ele>906.0</ele>
    <time>2026-07-01T04:16:02Z</time>
   </trkpt>
   <trkpt lat="12.9074180" lon="77.5740230">
    <ele>906.0</ele>
    <time>2026-07-01T04:16:03Z</time>
   </trkpt>
   <trkpt lat="12.9074180" lon="77.5740470">
    <ele>906.0</ele>
    <time>2026-07-01T04:16:04Z</time>
   </trkpt>
   <trkpt lat="12.9074280" lon="77.5740730">
    <ele>906.0</ele>
    <time>2026-07-01T04:16:05Z</time>
   </trkpt>
   <trkpt lat="12.9074350" lon="77.5740930">
    <ele>906.0</ele>
    <time>2026-07-01T04:16:06Z</time>
   </trkpt>
   <trkpt lat="12.9074370" lon="77.5741150">
    <ele>906.0</ele>
    <time>2026-07-01T04:16:07Z</time>
   </trkpt>
   <trkpt lat="12.9074400" lon="77.5741320">
    <ele>906.0</ele>
    <time>2026-07-01T04:16:08Z</time>
   </trkpt>
   <trkpt lat="12.9074450" lon="77.5741490">
    <ele>906.0</ele>
    <time>2026-07-01T04:16:09Z</time>
   </trkpt>
   <trkpt lat="12.9074440" lon="77.5741690">
    <ele>906.0</ele>
    <time>2026-07-01T04:16:10Z</time>
   </trkpt>
   <trkpt lat="12.9074430" lon="77.5741870">
    <ele>906.0</ele>
    <time>2026-07-01T04:16:11Z</time>
   </trkpt>
   <trkpt lat="12.9074400" lon="77.5742030">
    <ele>906.0</ele>
    <time>2026-07-01T04:16:12Z</time>
   </trkpt>
   <trkpt lat="12.9074350" lon="77.5742150">
    <ele>906.0</ele>
    <time>2026-07-01T04:16:13Z</time>
   </trkpt>
   <trkpt lat="12.9074200" lon="77.5742170">
    <ele>906.0</ele>
    <time>2026-07-01T04:16:14Z</time>
   </trkpt>
   <trkpt lat="12.9073950" lon="77.5742160">
    <ele>906.0</ele>
    <time>2026-07-01T04:16:15Z</time>
   </trkpt>
   <trkpt lat="12.9073760" lon="77.5742110">
    <ele>906.0</ele>
    <time>2026-07-01T04:16:16Z</time>
   </trkpt>
   <trkpt lat="12.9073360" lon="77.5742050">
    <ele>906.0</ele>
    <time>2026-07-01T04:16:17Z</time>
   </trkpt>
   <trkpt lat="12.9072980" lon="77.5742060">
    <ele>906.0</ele>
    <time>2026-07-01T04:16:18Z</time>
   </trkpt>
   <trkpt lat="12.9072650" lon="77.5742120">
    <ele>906.0</ele>
    <time>2026-07-01T04:16:19Z</time>
   </trkpt>
   <trkpt lat="12.9072230" lon="77.5742120">
    <ele>906.0</ele>
    <time>2026-07-01T04:16:20Z</time>
   </trkpt>
   <trkpt lat="12.9071960" lon="77.5742060">
    <ele>906.0</ele>
    <time>2026-07-01T04:16:21Z</time>
   </trkpt>
   <trkpt lat="12.9071680" lon="77.5742000">
    <ele>906.1</ele>
    <time>2026-07-01T04:16:22Z</time>
   </trkpt>
   <trkpt lat="12.9071360" lon="77.5741960">
    <ele>906.1</ele>
    <time>2026-07-01T04:16:23Z</time>
   </trkpt>
   <trkpt lat="12.9071040" lon="77.5742010">
    <ele>906.1</ele>
    <time>2026-07-01T04:16:24Z</time>
   </trkpt>
   <trkpt lat="12.9070710" lon="77.5742020">
    <ele>906.1</ele>
    <time>2026-07-01T04:16:25Z</time>
   </trkpt>
   <trkpt lat="12.9070460" lon="77.5742380">
    <ele>906.1</ele>
    <time>2026-07-01T04:16:26Z</time>
   </trkpt>
   <trkpt lat="12.9070280" lon="77.5742250">
    <ele>906.1</ele>
    <time>2026-07-01T04:16:27Z</time>
   </trkpt>
   <trkpt lat="12.9070070" lon="77.5742380">
    <ele>906.1</ele>
    <time>2026-07-01T04:16:28Z</time>
   </trkpt>
   <trkpt lat="12.9070010" lon="77.5742470">
    <ele>906.1</ele>
    <time>2026-07-01T04:16:29Z</time>
   </trkpt>
   <trkpt lat="12.9069990" lon="77.5742620">
    <ele>906.1</ele>
    <time>2026-07-01T04:16:30Z</time>
   </trkpt>
   <trkpt lat="12.9069920" lon="77.5742820">
    <ele>906.1</ele>
    <time>2026-07-01T04:16:31Z</time>
   </trkpt>
   <trkpt lat="12.9069930" lon="77.5742960">
    <ele>906.1</ele>
    <time>2026-07-01T04:16:32Z</time>
   </trkpt>
   <trkpt lat="12.9069900" lon="77.5743210">
    <ele>906.2</ele>
    <time>2026-07-01T04:16:33Z</time>
   </trkpt>
   <trkpt lat="12.9069990" lon="77.5743300">
    <ele>906.2</ele>
    <time>2026-07-01T04:16:34Z</time>
   </trkpt>
   <trkpt lat="12.9069960" lon="77.5743590">
    <ele>906.2</ele>
    <time>2026-07-01T04:16:35Z</time>
   </trkpt>
   <trkpt lat="12.9069970" lon="77.5743790">
    <ele>906.2</ele>
    <time>2026-07-01T04:16:36Z</time>
   </trkpt>
   <trkpt lat="12.9069920" lon="77.5744080">
    <ele>906.2</ele>
    <time>2026-07-01T04:16:37Z</time>
   </trkpt>
   <trkpt lat="12.9069920" lon="77.5744250">
    <ele>906.2</ele>
    <time>2026-07-01T04:16:38Z</time>
   </trkpt>
   <trkpt lat="12.9069940" lon="77.5744500">
    <ele>906.3</ele>
    <time>2026-07-01T04:16:39Z</time>
   </trkpt>
   <trkpt lat="12.9069920" lon="77.5744690">
    <ele>906.3</ele>
    <time>2026-07-01T04:16:40Z</time>
   </trkpt>
   <trkpt lat="12.9069990" lon="77.5744870">
    <ele>906.3</ele>
    <time>2026-07-01T04:16:41Z</time>
   </trkpt>
   <trkpt lat="12.9070040" lon="77.5745100">
    <ele>906.3</ele>
    <time>2026-07-01T04:16:42Z</time>
   </trkpt>
   <trkpt lat="12.9070090" lon="77.5745360">
    <ele>906.3</ele>
    <time>2026-07-01T04:16:43Z</time>
   </trkpt>
   <trkpt lat="12.9070090" lon="77.5745650">
    <ele>906.4</ele>
    <time>2026-07-01T04:16:44Z</time>
   </trkpt>
   <trkpt lat="12.9070020" lon="77.5745910">
    <ele>906.4</ele>
    <time>2026-07-01T04:16:45Z</time>
   </trkpt>
   <trkpt lat="12.9069990" lon="77.5746220">
    <ele>906.4</ele>
    <time>2026-07-01T04:16:46Z</time>
   </trkpt>
   <trkpt lat="12.9069980" lon="77.5746480">
    <ele>906.4</ele>
    <time>2026-07-01T04:16:47Z</time>
   </trkpt>
   <trkpt lat="12.9069950" lon="77.5746720">
    <ele>906.5</ele>
    <time>2026-07-01T04:16:48Z</time>
   </trkpt>
   <trkpt lat="12.9069980" lon="77.5747010">
    <ele>906.5</ele>
    <time>2026-07-01T04:16:49Z</time>
   </trkpt>
   <trkpt lat="12.9069960" lon="77.5747180">
    <ele>906.5</ele>
    <time>2026-07-01T04:16:50Z</time>
   </trkpt>
   <trkpt lat="12.9069940" lon="77.5747500">
    <ele>906.5</ele>
    <time>2026-07-01T04:16:51Z</time>
   </trkpt>
   <trkpt lat="12.9069890" lon="77.5747740">
    <ele>906.6</ele>
    <time>2026-07-01T04:16:52Z</time>
   </trkpt>
   <trkpt lat="12.9069860" lon="77.5748000">
    <ele>906.6</ele>
    <time>2026-07-01T04:16:53Z</time>
   </trkpt>
   <trkpt lat="12.9069880" lon="77.5748240">
    <ele>906.6</ele>
    <time>2026-07-01T04:16:54Z</time>
   </trkpt>
   <trkpt lat="12.9069930" lon="77.5748450">
    <ele>906.6</ele>
    <time>2026-07-01T04:16:55Z</time>
   </trkpt>
   <trkpt lat="12.9069920" lon="77.5748630">
    <ele>906.7</ele>
    <time>2026-07-01T04:16:56Z</time>
   </trkpt>
   <trkpt lat="12.9070000" lon="77.5748840">
    <ele>906.7</ele>
    <time>2026-07-01T04:16:57Z</time>
   </trkpt>
   <trkpt lat="12.9070080" lon="77.5749030">
    <ele>906.7</ele>
    <time>2026-07-01T04:16:58Z</time>
   </trkpt>
   <trkpt lat="12.9070110" lon="77.5749280">
    <ele>906.8</ele>
    <time>2026-07-01T04:16:59Z</time>
   </trkpt>
   <trkpt lat="12.9070130" lon="77.5749450">
    <ele>906.8</ele>
    <time>2026-07-01T04:17:00Z</time>
   </trkpt>
   <trkpt lat="12.9070190" lon="77.5749620">
    <ele>906.8</ele>
    <time>2026-07-01T04:17:01Z</time>
   </trkpt>
   <trkpt lat="12.9070100" lon="77.5749820">
    <ele>906.8</ele>
    <time>2026-07-01T04:17:02Z</time>
   </trkpt>
   <trkpt lat="12.9070030" lon="77.5749910">
    <ele>906.9</ele>
    <time>2026-07-01T04:17:03Z</time>
   </trkpt>
   <trkpt lat="12.9069970" lon="77.5749990">
    <ele>906.9</ele>
    <time>2026-07-01T04:17:04Z</time>
   </trkpt>
   <trkpt lat="12.9070010" lon="77.5749930">
    <ele>906.9</ele>
    <time>2026-07-01T04:17:05Z</time>
   </trkpt>
   <trkpt lat="12.9070010" lon="77.5750030">
    <ele>906.9</ele>
    <time>2026-07-01T04:17:06Z</time>
   </trkpt>
   <trkpt lat="12.9070020" lon="77.5750180">
    <ele>906.9</ele>
    <time>2026-07-01T04:17:07Z</time>
   </trkpt>
   <trkpt lat="12.9070060" lon="77.5750300">
    <ele>906.9</ele>
    <time>2026-07-01T04:17:08Z</time>
   </trkpt>
   <trkpt lat="12.9070000" lon="77.5750410">
    <ele>906.9</ele>
    <time>2026-07-01T04:17:09Z</time>
   </trkpt>
   <trkpt lat="12.9069990" lon="77.5750540">
    <ele>906.9</ele>
    <time>2026-07-01T04:17:10Z</time>
   </trkpt>
   <trkpt lat="12.9069960" lon="77.5750660">
    <ele>906.9</ele>
    <time>2026-07-01T04:17:11Z</time>
   </trkpt>
   <trkpt lat="12.9069930" lon="77.5750650">
    <ele>906.9</ele>
    <time>2026-07-01T04:17:12Z</time>
   </trkpt>
   <trkpt lat="12.9069900" lon="77.5750700">
    <ele>906.9</ele>
    <time>2026-07-01T04:17:13Z</time>
   </trkpt>
   <trkpt lat="12.9069910" lon="77.5750710">
    <ele>906.9</ele>
    <time>2026-07-01T04:17:14Z</time>
   </trkpt>
   <trkpt lat="12.9069890" lon="77.5750810">
    <ele>907.0</ele>
    <time>2026-07-01T04:17:15Z</time>
   </trkpt>
   <trkpt lat="12.9069850" lon="77.5750940">
    <ele>907.0</ele>
    <time>2026-07-01T04:17:16Z</time>
   </trkpt>
   <trkpt lat="12.9069820" lon="77.5751030">
    <ele>907.0</ele>
    <time>2026-07-01T04:17:17Z</time>
   </trkpt>
   <trkpt lat="12.9069760" lon="77.5751100">
    <ele>907.0</ele>
    <time>2026-07-01T04:17:18Z</time>
   </trkpt>
   <trkpt lat="12.9069730" lon="77.5751230">
    <ele>907.0</ele>
    <time>2026-07-01T04:17:19Z</time>
   </trkpt>
   <trkpt lat="12.9069730" lon="77.5751400">
    <ele>907.0</ele>
    <time>2026-07-01T04:17:20Z</time>
   </trkpt>
   <trkpt lat="12.9069730" lon="77.5751630">
    <ele>907.0</ele>
    <time>2026-07-01T04:17:21Z</time>
   </trkpt>
   <trkpt lat="12.9069750" lon="77.5751920">
    <ele>907.0</ele>
    <time>2026-07-01T04:17:22Z</time>
   </trkpt>
   <trkpt lat="12.9069780" lon="77.5752190">
    <ele>907.0</ele>
    <time>2026-07-01T04:17:23Z</time>
   </trkpt>
   <trkpt lat="12.9069830" lon="77.5752450">
    <ele>907.0</ele>
    <time>2026-07-01T04:17:24Z</time>
   </trkpt>
   <trkpt lat="12.9069870" lon="77.5752700">
    <ele>907.0</ele>
    <time>2026-07-01T04:17:25Z</time>
   </trkpt>
   <trkpt lat="12.9069890" lon="77.5752940">
    <ele>907.0</ele>
    <time>2026-07-01T04:17:26Z</time>
   </trkpt>
   <trkpt lat="12.9069940" lon="77.5753200">
    <ele>907.0</ele>
    <time>2026-07-01T04:17:27Z</time>
   </trkpt>
   <trkpt lat="12.9069910" lon="77.5753500">
    <ele>907.1</ele>
    <time>2026-07-01T04:17:28Z</time>
   </trkpt>
   <trkpt lat="12.9069930" lon="77.5753730">
    <ele>907.1</ele>
    <time>2026-07-01T04:17:29Z</time>
   </trkpt>
   <trkpt lat="12.9069960" lon="77.5754000">
    <ele>907.1</ele>
    <time>2026-07-01T04:17:30Z</time>
   </trkpt>
   <trkpt lat="12.9069920" lon="77.5754240">
    <ele>907.2</ele>
    <time>2026-07-01T04:17:31Z</time>
   </trkpt>
   <trkpt lat="12.9069950" lon="77.5754490">
    <ele>907.2</ele>
    <time>2026-07-01T04:17:32Z</time>
   </trkpt>
   <trkpt lat="12.9070010" lon="77.5754750">
    <ele>907.3</ele>
    <time>2026-07-01T04:17:33Z</time>
   </trkpt>
   <trkpt lat="12.9070090" lon="77.5755040">
    <ele>907.3</ele>
    <time>2026-07-01T04:17:34Z</time>
   </trkpt>
   <trkpt lat="12.9070160" lon="77.5755290">
    <ele>907.4</ele>
    <time>2026-07-01T04:17:35Z</time>
   </trkpt>
   <trkpt lat="12.9070190" lon="77.5755570">
    <ele>907.4</ele>
    <time>2026-07-01T04:17:36Z</time>
   </trkpt>
   <trkpt lat="12.9070200" lon="77.5755840">
    <ele>907.5</ele>
    <time>2026-07-01T04:17:37Z</time>
   </trkpt>
   <trkpt lat="12.9070260" lon="77.5756120">
    <ele>907.5</ele>
    <time>2026-07-01T04:17:38Z</time>
   </trkpt>
   <trkpt lat="12.9070300" lon="77.5756370">
    <ele>907.6</ele>
    <time>2026-07-01T04:17:39Z</time>
   </trkpt>
   <trkpt lat="12.9070330" lon="77.5756650">
    <ele>907.6</ele>
    <time>2026-07-01T04:17:40Z</time>
   </trkpt>
   <trkpt lat="12.9070360" lon="77.5756920">
    <ele>907.7</ele>
    <time>2026-07-01T04:17:41Z</time>
   </trkpt>
   <trkpt lat="12.9070470" lon="77.5757150">
    <ele>907.7</ele>
    <time>2026-07-01T04:17:42Z</time>
   </trkpt>
   <trkpt lat="12.9070540" lon="77.5757410">
    <ele>907.8</ele>
    <time>2026-07-01T04:17:43Z</time>
   </trkpt>
   <trkpt lat="12.9070570" lon="77.5757670">
    <ele>907.8</ele>
    <time>2026-07-01T04:17:44Z</time>
   </trkpt>
   <trkpt lat="12.9070640" lon="77.5757910">
    <ele>907.9</ele>
    <time>2026-07-01T04:17:45Z</time>
   </trkpt>
   <trkpt lat="12.9070680" lon="77.5758140">
    <ele>907.9</ele>
    <time>2026-07-01T04:17:46Z</time>
   </trkpt>
   <trkpt lat="12.9070770" lon="77.5758340">
    <ele>908.0</ele>
    <time>2026-07-01T04:17:47Z</time>
   </trkpt>
   <trkpt lat="12.9070810" lon="77.5758540">
    <ele>908.0</ele>
    <time>2026-07-01T04:17:48Z</time>
   </trkpt>
   <trkpt lat="12.9070890" lon="77.5758670">
    <ele>908.1</ele>
    <time>2026-07-01T04:17:49Z</time>
   </trkpt>
   <trkpt lat="12.9071000" lon="77.5758810">
    <ele>908.1</ele>
    <time>2026-07-01T04:17:50Z</time>
   </trkpt>
   <trkpt lat="12.9071060" lon="77.5758840">
    <ele>908.1</ele>
    <time>2026-07-01T04:17:51Z</time>
   </trkpt>
   <trkpt lat="12.9071100" lon="77.5758880">
    <ele>908.1</ele>
    <time>2026-07-01T04:17:52Z</time>
   </trkpt>
   <trkpt lat="12.9071210" lon="77.5759000">
    <ele>908.2</ele>
    <time>2026-07-01T04:17:53Z</time>
   </trkpt>
   <trkpt lat="12.9071340" lon="77.5759130">
    <ele>908.2</ele>
    <time>2026-07-01T04:17:54Z</time>
   </trkpt>
   <trkpt lat="12.9071480" lon="77.5759370">
    <ele>908.2</ele>
    <time>2026-07-01T04:17:55Z</time>
   </trkpt>
   <trkpt lat="12.9071620" lon="77.5759600">
    <ele>908.3</ele>
    <time>2026-07-01T04:17:56Z</time>
   </trkpt>
   <trkpt lat="12.9071740" lon="77.5759830">
    <ele>908.3</ele>
    <time>2026-07-01T04:17:57Z</time>
   </trkpt>
   <trkpt lat="12.9071810" lon="77.5760080">
    <ele>908.3</ele>
    <time>2026-07-01T04:17:58Z</time>
   </trkpt>
   <trkpt lat="12.9071810" lon="77.5760320">
    <ele>908.4</ele>
    <time>2026-07-01T04:17:59Z</time>
   </trkpt>
   <trkpt lat="12.9071780" lon="77.5760570">
    <ele>908.4</ele>
    <time>2026-07-01T04:18:00Z</time>
   </trkpt>
   <trkpt lat="12.9071750" lon="77.5760800">
    <ele>908.4</ele>
    <time>2026-07-01T04:18:01Z</time>
   </trkpt>
   <trkpt lat="12.9071740" lon="77.5761080">
    <ele>908.4</ele>
    <time>2026-07-01T04:18:02Z</time>
   </trkpt>
   <trkpt lat="12.9071740" lon="77.5761360">
    <ele>908.5</ele>
    <time>2026-07-01T04:18:03Z</time>
   </trkpt>
   <trkpt lat="12.9071720" lon="77.5761630">
    <ele>908.5</ele>
    <time>2026-07-01T04:18:04Z</time>
   </trkpt>
   <trkpt lat="12.9071720" lon="77.5761900">
    <ele>908.6</ele>
    <time>2026-07-01T04:18:05Z</time>
   </trkpt>
   <trkpt lat="12.9071760" lon="77.5762180">
    <ele>908.6</ele>
    <time>2026-07-01T04:18:06Z</time>
   </trkpt>
   <trkpt lat="12.9071770" lon="77.5762430">
    <ele>908.7</ele>
    <time>2026-07-01T04:18:07Z</time>
   </trkpt>
   <trkpt lat="12.9071700" lon="77.5762690">
    <ele>908.7</ele>
    <time>2026-07-01T04:18:08Z</time>
   </trkpt>
   <trkpt lat="12.9071700" lon="77.5762960">
    <ele>908.8</ele>
    <time>2026-07-01T04:18:09Z</time>
   </trkpt>
   <trkpt lat="12.9071700" lon="77.5763230">
    <ele>908.9</ele>
    <time>2026-07-01T04:18:10Z</time>
   </trkpt>
   <trkpt lat="12.9071780" lon="77.5763540">
    <ele>909.0</ele>
    <time>2026-07-01T04:18:11Z</time>
   </trkpt>
   <trkpt lat="12.9071830" lon="77.5763750">
    <ele>909.1</ele>
    <time>2026-07-01T04:18:12Z</time>
   </trkpt>
   <trkpt lat="12.9071810" lon="77.5763970">
    <ele>909.1</ele>
    <time>2026-07-01T04:18:13Z</time>
   </trkpt>
   <trkpt lat="12.9071790" lon="77.5764180">
    <ele>909.2</ele>
    <time>2026-07-01T04:18:14Z</time>
   </trkpt>
   <trkpt lat="12.9071810" lon="77.5764390">
    <ele>909.3</ele>
    <time>2026-07-01T04:18:15Z</time>
   </trkpt>
   <trkpt lat="12.9071840" lon="77.5764630">
    <ele>909.3</ele>
    <time>2026-07-01T04:18:16Z</time>
   </trkpt>
   <trkpt lat="12.9071900" lon="77.5764850">
    <ele>909.4</ele>
    <time>2026-07-01T04:18:17Z</time>
   </trkpt>
   <trkpt lat="12.9071930" lon="77.5765090">
    <ele>909.5</ele>
    <time>2026-07-01T04:18:18Z</time>
   </trkpt>
   <trkpt lat="12.9071900" lon="77.5765310">
    <ele>909.5</ele>
    <time>2026-07-01T04:18:19Z</time>
   </trkpt>
   <trkpt lat="12.9071910" lon="77.5765580">
    <ele>909.6</ele>
    <time>2026-07-01T04:18:20Z</time>
   </trkpt>
   <trkpt lat="12.9071830" lon="77.5765800">
    <ele>909.7</ele>
    <time>2026-07-01T04:18:21Z</time>
   </trkpt>
   <trkpt lat="12.9071910" lon="77.5766030">
    <ele>909.8</ele>
    <time>2026-07-01T04:18:22Z</time>
   </trkpt>
   <trkpt lat="12.9071840" lon="77.5766270">
    <ele>909.9</ele>
    <time>2026-07-01T04:18:23Z</time>
   </trkpt>
   <trkpt lat="12.9071780" lon="77.5766540">
    <ele>909.9</ele>
    <time>2026-07-01T04:18:24Z</time>
   </trkpt>
   <trkpt lat="12.9071770" lon="77.5766780">
    <ele>910.0</ele>
    <time>2026-07-01T04:18:25Z</time>
   </trkpt>
   <trkpt lat="12.9071740" lon="77.5767080">
    <ele>910.1</ele>
    <time>2026-07-01T04:18:26Z</time>
   </trkpt>
   <trkpt lat="12.9071720" lon="77.5767310">
    <ele>910.2</ele>
    <time>2026-07-01T04:18:27Z</time>
   </trkpt>
   <trkpt lat="12.9071770" lon="77.5767590">
    <ele>910.3</ele>
    <time>2026-07-01T04:18:28Z</time>
   </trkpt>
   <trkpt lat="12.9071780" lon="77.5767850">
    <ele>910.3</ele>
    <time>2026-07-01T04:18:29Z</time>
   </trkpt>
   <trkpt lat="12.9071790" lon="77.5768080">
    <ele>910.4</ele>
    <time>2026-07-01T04:18:30Z</time>
   </trkpt>
   <trkpt lat="12.9071810" lon="77.5768330">
    <ele>910.5</ele>
    <time>2026-07-01T04:18:31Z</time>
   </trkpt>
   <trkpt lat="12.9071790" lon="77.5768560">
    <ele>910.6</ele>
    <time>2026-07-01T04:18:32Z</time>
   </trkpt>
   <trkpt lat="12.9071730" lon="77.5768850">
    <ele>910.6</ele>
    <time>2026-07-01T04:18:33Z</time>
   </trkpt>
   <trkpt lat="12.9071750" lon="77.5769100">
    <ele>910.7</ele>
    <time>2026-07-01T04:18:34Z</time>
   </trkpt>
   <trkpt lat="12.9071740" lon="77.5769380">
    <ele>910.8</ele>
    <time>2026-07-01T04:18:35Z</time>
   </trkpt>
   <trkpt lat="12.9071730" lon="77.5769620">
    <ele>910.9</ele>
    <time>2026-07-01T04:18:36Z</time>
   </trkpt>
   <trkpt lat="12.9071690" lon="77.5769890">
    <ele>911.0</ele>
    <time>2026-07-01T04:18:37Z</time>
   </trkpt>
   <trkpt lat="12.9071680" lon="77.5770130">
    <ele>911.1</ele>
    <time>2026-07-01T04:18:38Z</time>
   </trkpt>
   <trkpt lat="12.9071650" lon="77.5770400">
    <ele>911.2</ele>
    <time>2026-07-01T04:18:39Z</time>
   </trkpt>
   <trkpt lat="12.9071660" lon="77.5770680">
    <ele>911.3</ele>
    <time>2026-07-01T04:18:40Z</time>
   </trkpt>
   <trkpt lat="12.9071720" lon="77.5770940">
    <ele>911.3</ele>
    <time>2026-07-01T04:18:41Z</time>
   </trkpt>
   <trkpt lat="12.9071750" lon="77.5771190">
    <ele>911.4</ele>
    <time>2026-07-01T04:18:42Z</time>
   </trkpt>
   <trkpt lat="12.9071770" lon="77.5771460">
    <ele>911.5</ele>
    <time>2026-07-01T04:18:43Z</time>
   </trkpt>
   <trkpt lat="12.9071760" lon="77.5771740">
    <ele>911.6</ele>
    <time>2026-07-01T04:18:44Z</time>
   </trkpt>
   <trkpt lat="12.9071790" lon="77.5771970">
    <ele>911.6</ele>
    <time>2026-07-01T04:18:45Z</time>
   </trkpt>
   <trkpt lat="12.9071780" lon="77.5772230">
    <ele>911.7</ele>
    <time>2026-07-01T04:18:46Z</time>
   </trkpt>
   <trkpt lat="12.9071730" lon="77.5772490">
    <ele>911.7</ele>
    <time>2026-07-01T04:18:47Z</time>
   </trkpt>
   <trkpt lat="12.9071750" lon="77.5772770">
    <ele>911.8</ele>
    <time>2026-07-01T04:18:48Z</time>
   </trkpt>
   <trkpt lat="12.9071750" lon="77.5773010">
    <ele>911.8</ele>
    <time>2026-07-01T04:18:49Z</time>
   </trkpt>
   <trkpt lat="12.9071770" lon="77.5773260">
    <ele>911.9</ele>
    <time>2026-07-01T04:18:50Z</time>
   </trkpt>
   <trkpt lat="12.9071760" lon="77.5773520">
    <ele>912.0</ele>
    <time>2026-07-01T04:18:51Z</time>
   </trkpt>
   <trkpt lat="12.9071770" lon="77.5773790">
    <ele>912.0</ele>
    <time>2026-07-01T04:18:52Z</time>
   </trkpt>
   <trkpt lat="12.9071770" lon="77.5774040">
    <ele>912.1</ele>
    <time>2026-07-01T04:18:53Z</time>
   </trkpt>
   <trkpt lat="12.9071780" lon="77.5774330">
    <ele>912.1</ele>
    <time>2026-07-01T04:18:54Z</time>
   </trkpt>
   <trkpt lat="12.9071780" lon="77.5774600">
    <ele>912.2</ele>
    <time>2026-07-01T04:18:55Z</time>
   </trkpt>
   <trkpt lat="12.9071760" lon="77.5774840">
    <ele>912.2</ele>
    <time>2026-07-01T04:18:56Z</time>
   </trkpt>
   <trkpt lat="12.9071730" lon="77.5775100">
    <ele>912.3</ele>
    <time>2026-07-01T04:18:57Z</time>
   </trkpt>
   <trkpt lat="12.9071720" lon="77.5775370">
    <ele>912.3</ele>
    <time>2026-07-01T04:18:58Z</time>
   </trkpt>
   <trkpt lat="12.9071740" lon="77.5775630">
    <ele>912.4</ele>
    <time>2026-07-01T04:18:59Z</time>
   </trkpt>
   <trkpt lat="12.9071720" lon="77.5775930">
    <ele>912.5</ele>
    <time>2026-07-01T04:19:00Z</time>
   </trkpt>
   <trkpt lat="12.9071770" lon="77.5776160">
    <ele>912.5</ele>
    <time>2026-07-01T04:19:01Z</time>
   </trkpt>
   <trkpt lat="12.9071820" lon="77.5776400">
    <ele>912.6</ele>
    <time>2026-07-01T04:19:02Z</time>
   </trkpt>
   <trkpt lat="12.9071780" lon="77.5776700">
    <ele>912.6</ele>
    <time>2026-07-01T04:19:03Z</time>
   </trkpt>
   <trkpt lat="12.9071820" lon="77.5776920">
    <ele>912.7</ele>
    <time>2026-07-01T04:19:04Z</time>
   </trkpt>
   <trkpt lat="12.9071780" lon="77.5777110">
    <ele>912.7</ele>
    <time>2026-07-01T04:19:05Z</time>
   </trkpt>
   <trkpt lat="12.9071760" lon="77.5777390">
    <ele>912.8</ele>
    <time>2026-07-01T04:19:06Z</time>
   </trkpt>
   <trkpt lat="12.9071750" lon="77.5777700">
    <ele>912.8</ele>
    <time>2026-07-01T04:19:07Z</time>
   </trkpt>
   <trkpt lat="12.9071750" lon="77.5777960">
    <ele>912.9</ele>
    <time>2026-07-01T04:19:08Z</time>
   </trkpt>
   <trkpt lat="12.9071750" lon="77.5778240">
    <ele>912.9</ele>
    <time>2026-07-01T04:19:09Z</time>
   </trkpt>
   <trkpt lat="12.9071720" lon="77.5778530">
    <ele>913.0</ele>
    <time>2026-07-01T04:19:10Z</time>
   </trkpt>
   <trkpt lat="12.9071730" lon="77.5778790">
    <ele>913.0</ele>
    <time>2026-07-01T04:19:11Z</time>
   </trkpt>
   <trkpt lat="12.9071800" lon="77.5778980">
    <ele>913.1</ele>
    <time>2026-07-01T04:19:12Z</time>
   </trkpt>
   <trkpt lat="12.9071810" lon="77.5779220">
    <ele>913.1</ele>
    <time>2026-07-01T04:19:13Z</time>
   </trkpt>
   <trkpt lat="12.9071810" lon="77.5779430">
    <ele>913.2</ele>
    <time>2026-07-01T04:19:14Z</time>
   </trkpt>
   <trkpt lat="12.9071810" lon="77.5779680">
    <ele>913.2</ele>
    <time>2026-07-01T04:19:15Z</time>
   </trkpt>
   <trkpt lat="12.9071810" lon="77.5779890">
    <ele>913.2</ele>
    <time>2026-07-01T04:19:16Z</time>
   </trkpt>
   <trkpt lat="12.9071840" lon="77.5780090">
    <ele>913.3</ele>
    <time>2026-07-01T04:19:17Z</time>
   </trkpt>
   <trkpt lat="12.9071850" lon="77.5780280">
    <ele>913.3</ele>
    <time>2026-07-01T04:19:18Z</time>
   </trkpt>
   <trkpt lat="12.9071840" lon="77.5780460">
    <ele>913.4</ele>
    <time>2026-07-01T04:19:19Z</time>
   </trkpt>
   <trkpt lat="12.9071790" lon="77.5780640">
    <ele>913.4</ele>
    <time>2026-07-01T04:19:20Z</time>
   </trkpt>
   <trkpt lat="12.9071750" lon="77.5780830">
    <ele>913.4</ele>
    <time>2026-07-01T04:19:21Z</time>
   </trkpt>
   <trkpt lat="12.9071760" lon="77.5781030">
    <ele>913.5</ele>
    <time>2026-07-01T04:19:22Z</time>
   </trkpt>
   <trkpt lat="12.9071780" lon="77.5781210">
    <ele>913.5</ele>
    <time>2026-07-01T04:19:23Z</time>
   </trkpt>
   <trkpt lat="12.9071810" lon="77.5781340">
    <ele>913.6</ele>
    <time>2026-07-01T04:19:24Z</time>
   </trkpt>
   <trkpt lat="12.9071780" lon="77.5781520">
    <ele>913.6</ele>
    <time>2026-07-01T04:19:25Z</time>
   </trkpt>
   <trkpt lat="12.9071780" lon="77.5781690">
    <ele>913.6</ele>
    <time>2026-07-01T04:19:26Z</time>
   </trkpt>
   <trkpt lat="12.9071750" lon="77.5781870">
    <ele>913.7</ele>
    <time>2026-07-01T04:19:27Z</time>
   </trkpt>
   <trkpt lat="12.9071750" lon="77.5782030">
    <ele>913.7</ele>
    <time>2026-07-01T04:19:28Z</time>
   </trkpt>
   <trkpt lat="12.9071790" lon="77.5782100">
    <ele>913.7</ele>
    <time>2026-07-01T04:19:29Z</time>
   </trkpt>
   <trkpt lat="12.9071810" lon="77.5782200">
    <ele>913.7</ele>
    <time>2026-07-01T04:19:30Z</time>
   </trkpt>
   <trkpt lat="12.9071850" lon="77.5782400">
    <ele>913.8</ele>
    <time>2026-07-01T04:19:31Z</time>
   </trkpt>
   <trkpt lat="12.9071870" lon="77.5782570">
    <ele>913.8</ele>
    <time>2026-07-01T04:19:32Z</time>
   </trkpt>
   <trkpt lat="12.9071810" lon="77.5782760">
    <ele>913.9</ele>
    <time>2026-07-01T04:19:33Z</time>
   </trkpt>
   <trkpt lat="12.9071800" lon="77.5782910">
    <ele>913.9</ele>
    <time>2026-07-01T04:19:34Z</time>
   </trkpt>
   <trkpt lat="12.9071790" lon="77.5783110">
    <ele>913.9</ele>
    <time>2026-07-01T04:19:35Z</time>
   </trkpt>
   <trkpt lat="12.9071840" lon="77.5783290">
    <ele>914.0</ele>
    <time>2026-07-01T04:19:36Z</time>
   </trkpt>
   <trkpt lat="12.9071890" lon="77.5783480">
    <ele>914.0</ele>
    <time>2026-07-01T04:19:37Z</time>
   </trkpt>
   <trkpt lat="12.9071900" lon="77.5783620">
    <ele>914.1</ele>
    <time>2026-07-01T04:19:38Z</time>
   </trkpt>
   <trkpt lat="12.9071860" lon="77.5783860">
    <ele>914.1</ele>
    <time>2026-07-01T04:19:39Z</time>
   </trkpt>
   <trkpt lat="12.9071790" lon="77.5784070">
    <ele>914.2</ele>
    <time>2026-07-01T04:19:40Z</time>
   </trkpt>
   <trkpt lat="12.9071760" lon="77.5784310">
    <ele>914.2</ele>
    <time>2026-07-01T04:19:41Z</time>
   </trkpt>
   <trkpt lat="12.9071800" lon="77.5784560">
    <ele>914.3</ele>
    <time>2026-07-01T04:19:42Z</time>
   </trkpt>
   <trkpt lat="12.9071810" lon="77.5784790">
    <ele>914.3</ele>
    <time>2026-07-01T04:19:43Z</time>
   </trkpt>
   <trkpt lat="12.9071800" lon="77.5784980">
    <ele>914.4</ele>
    <time>2026-07-01T04:19:44Z</time>
   </trkpt>
   <trkpt lat="12.9071790" lon="77.5785130">
    <ele>914.4</ele>
    <time>2026-07-01T04:19:45Z</time>
   </trkpt>
   <trkpt lat="12.9071800" lon="77.5785310">
    <ele>914.5</ele>
    <time>2026-07-01T04:19:46Z</time>
   </trkpt>
   <trkpt lat="12.9071810" lon="77.5785570">
    <ele>914.5</ele>
    <time>2026-07-01T04:19:47Z</time>
   </trkpt>
   <trkpt lat="12.9071800" lon="77.5785800">
    <ele>914.6</ele>
    <time>2026-07-01T04:19:48Z</time>
   </trkpt>
   <trkpt lat="12.9071770" lon="77.5786040">
    <ele>914.7</ele>
    <time>2026-07-01T04:19:49Z</time>
   </trkpt>
   <trkpt lat="12.9071720" lon="77.5786260">
    <ele>914.7</ele>
    <time>2026-07-01T04:19:50Z</time>
   </trkpt>
   <trkpt lat="12.9071690" lon="77.5786500">
    <ele>914.8</ele>
    <time>2026-07-01T04:19:51Z</time>
   </trkpt>
   <trkpt lat="12.9071680" lon="77.5786770">
    <ele>914.8</ele>
    <time>2026-07-01T04:19:52Z</time>
   </trkpt>
   <trkpt lat="12.9071760" lon="77.5787030">
    <ele>914.9</ele>
    <time>2026-07-01T04:19:53Z</time>
   </trkpt>
   <trkpt lat="12.9071810" lon="77.5787290">
    <ele>915.0</ele>
    <time>2026-07-01T04:19:54Z</time>
   </trkpt>
   <trkpt lat="12.9071860" lon="77.5787550">
    <ele>915.0</ele>
    <time>2026-07-01T04:19:55Z</time>
   </trkpt>
   <trkpt lat="12.9071790" lon="77.5787770">
    <ele>915.1</ele>
    <time>2026-07-01T04:19:56Z</time>
   </trkpt>
   <trkpt lat="12.9071760" lon="77.5788020">
    <ele>915.2</ele>
    <time>2026-07-01T04:19:57Z</time>
   </trkpt>
   <trkpt lat="12.9071750" lon="77.5788280">
    <ele>915.2</ele>
    <time>2026-07-01T04:19:58Z</time>
   </trkpt>
   <trkpt lat="12.9071710" lon="77.5788560">
    <ele>915.3</ele>
    <time>2026-07-01T04:19:59Z</time>
   </trkpt>
   <trkpt lat="12.9071720" lon="77.5788790">
    <ele>915.3</ele>
    <time>2026-07-01T04:20:00Z</time>
   </trkpt>
   <trkpt lat="12.9071710" lon="77.5789040">
    <ele>915.4</ele>
    <time>2026-07-01T04:20:01Z</time>
   </trkpt>
   <trkpt lat="12.9071640" lon="77.5789250">
    <ele>915.5</ele>
    <time>2026-07-01T04:20:02Z</time>
   </trkpt>
   <trkpt lat="12.9071640" lon="77.5789480">
    <ele>915.5</ele>
    <time>2026-07-01T04:20:03Z</time>
   </trkpt>
   <trkpt lat="12.9071650" lon="77.5789700">
    <ele>915.6</ele>
    <time>2026-07-01T04:20:04Z</time>
   </trkpt>
   <trkpt lat="12.9071650" lon="77.5789960">
    <ele>915.7</ele>
    <time>2026-07-01T04:20:05Z</time>
   </trkpt>
   <trkpt lat="12.9071620" lon="77.5790180">
    <ele>915.7</ele>
    <time>2026-07-01T04:20:06Z</time>
   </trkpt>
   <trkpt lat="12.9071650" lon="77.5790420">
    <ele>915.8</ele>
    <time>2026-07-01T04:20:07Z</time>
   </trkpt>
   <trkpt lat="12.9071640" lon="77.5790650">
    <ele>915.8</ele>
    <time>2026-07-01T04:20:08Z</time>
   </trkpt>
   <trkpt lat="12.9071680" lon="77.5790920">
    <ele>915.9</ele>
    <time>2026-07-01T04:20:09Z</time>
   </trkpt>
   <trkpt lat="12.9071690" lon="77.5791160">
    <ele>916.0</ele>
    <time>2026-07-01T04:20:10Z</time>
   </trkpt>
   <trkpt lat="12.9071650" lon="77.5791410">
    <ele>916.0</ele>
    <time>2026-07-01T04:20:11Z</time>
   </trkpt>
   <trkpt lat="12.9071610" lon="77.5791700">
    <ele>916.1</ele>
    <time>2026-07-01T04:20:12Z</time>
   </trkpt>
   <trkpt lat="12.9071590" lon="77.5791930">
    <ele>916.2</ele>
    <time>2026-07-01T04:20:13Z</time>
   </trkpt>
   <trkpt lat="12.9071560" lon="77.5792150">
    <ele>916.2</ele>
    <time>2026-07-01T04:20:14Z</time>
   </trkpt>
   <trkpt lat="12.9071550" lon="77.5792360">
    <ele>916.3</ele>
    <time>2026-07-01T04:20:15Z</time>
   </trkpt>
   <trkpt lat="12.9071550" lon="77.5792540">
    <ele>916.3</ele>
    <time>2026-07-01T04:20:16Z</time>
   </trkpt>
   <trkpt lat="12.9071630" lon="77.5792690">
    <ele>916.4</ele>
    <time>2026-07-01T04:20:17Z</time>
   </trkpt>
   <trkpt lat="12.9071600" lon="77.5792890">
    <ele>916.4</ele>
    <time>2026-07-01T04:20:18Z</time>
   </trkpt>
   <trkpt lat="12.9071630" lon="77.5793130">
    <ele>916.5</ele>
    <time>2026-07-01T04:20:19Z</time>
   </trkpt>
   <trkpt lat="12.9071610" lon="77.5793350">
    <ele>916.6</ele>
    <time>2026-07-01T04:20:20Z</time>
   </trkpt>
   <trkpt lat="12.9071610" lon="77.5793540">
    <ele>916.6</ele>
    <time>2026-07-01T04:20:21Z</time>
   </trkpt>
   <trkpt lat="12.9071550" lon="77.5793790">
    <ele>916.7</ele>
    <time>2026-07-01T04:20:22Z</time>
   </trkpt>
   <trkpt lat="12.9071500" lon="77.5794060">
    <ele>916.7</ele>
    <time>2026-07-01T04:20:23Z</time>
   </trkpt>
   <trkpt lat="12.9071430" lon="77.5794280">
    <ele>916.8</ele>
    <time>2026-07-01T04:20:24Z</time>
   </trkpt>
   <trkpt lat="12.9071420" lon="77.5794490">
    <ele>916.8</ele>
    <time>2026-07-01T04:20:25Z</time>
   </trkpt>
   <trkpt lat="12.9071440" lon="77.5794750">
    <ele>916.9</ele>
    <time>2026-07-01T04:20:26Z</time>
   </trkpt>
   <trkpt lat="12.9071470" lon="77.5794990">
    <ele>916.9</ele>
    <time>2026-07-01T04:20:27Z</time>
   </trkpt>
   <trkpt lat="12.9071520" lon="77.5795230">
    <ele>917.0</ele>
    <time>2026-07-01T04:20:28Z</time>
   </trkpt>
   <trkpt lat="12.9071560" lon="77.5795510">
    <ele>917.0</ele>
    <time>2026-07-01T04:20:29Z</time>
   </trkpt>
   <trkpt lat="12.9071530" lon="77.5795800">
    <ele>917.1</ele>
    <time>2026-07-01T04:20:30Z</time>
   </trkpt>
   <trkpt lat="12.9071540" lon="77.5796010">
    <ele>917.1</ele>
    <time>2026-07-01T04:20:31Z</time>
   </trkpt>
   <trkpt lat="12.9071560" lon="77.5796250">
    <ele>917.2</ele>
    <time>2026-07-01T04:20:32Z</time>
   </trkpt>
   <trkpt lat="12.9071600" lon="77.5796610">
    <ele>917.3</ele>
    <time>2026-07-01T04:20:34Z</time>
   </trkpt>
   <trkpt lat="12.9071580" lon="77.5796810">
    <ele>917.3</ele>
    <time>2026-07-01T04:20:35Z</time>
   </trkpt>
   <trkpt lat="12.9071580" lon="77.5797080">
    <ele>917.4</ele>
    <time>2026-07-01T04:20:36Z</time>
   </trkpt>
   <trkpt lat="12.9071550" lon="77.5797320">
    <ele>917.4</ele>
    <time>2026-07-01T04:20:37Z</time>
   </trkpt>
   <trkpt lat="12.9071460" lon="77.5797600">
    <ele>917.5</ele>
    <time>2026-07-01T04:20:38Z</time>
   </trkpt>
   <trkpt lat="12.9071480" lon="77.5797830">
    <ele>917.6</ele>
    <time>2026-07-01T04:20:39Z</time>
   </trkpt>
   <trkpt lat="12.9071510" lon="77.5798130">
    <ele>917.6</ele>
    <time>2026-07-01T04:20:40Z</time>
   </trkpt>
   <trkpt lat="12.9071550" lon="77.5798260">
    <ele>917.7</ele>
    <time>2026-07-01T04:20:41Z</time>
   </trkpt>
   <trkpt lat="12.9071610" lon="77.5798380">
    <ele>917.7</ele>
    <time>2026-07-01T04:20:42Z</time>
   </trkpt>
   <trkpt lat="12.9071560" lon="77.5798730">
    <ele>917.8</ele>
    <time>2026-07-01T04:20:43Z</time>
   </trkpt>
   <trkpt lat="12.9071550" lon="77.5798990">
    <ele>917.8</ele>
    <time>2026-07-01T04:20:44Z</time>
   </trkpt>
   <trkpt lat="12.9071480" lon="77.5799230">
    <ele>917.9</ele>
    <time>2026-07-01T04:20:45Z</time>
   </trkpt>
   <trkpt lat="12.9071480" lon="77.5799430">
    <ele>917.9</ele>
    <time>2026-07-01T04:20:46Z</time>
   </trkpt>
   <trkpt lat="12.9071440" lon="77.5799630">
    <ele>917.9</ele>
    <time>2026-07-01T04:20:47Z</time>
   </trkpt>
   <trkpt lat="12.9071410" lon="77.5799870">
    <ele>917.9</ele>
    <time>2026-07-01T04:20:48Z</time>
   </trkpt>
   <trkpt lat="12.9071380" lon="77.5800120">
    <ele>917.9</ele>
    <time>2026-07-01T04:20:49Z</time>
   </trkpt>
   <trkpt lat="12.9071360" lon="77.5800300">
    <ele>918.0</ele>
    <time>2026-07-01T04:20:50Z</time>
   </trkpt>
   <trkpt lat="12.9071320" lon="77.5800550">
    <ele>918.0</ele>
    <time>2026-07-01T04:20:51Z</time>
   </trkpt>
   <trkpt lat="12.9071400" lon="77.5800770">
    <ele>918.0</ele>
    <time>2026-07-01T04:20:52Z</time>
   </trkpt>
   <trkpt lat="12.9071380" lon="77.5801020">
    <ele>918.0</ele>
    <time>2026-07-01T04:20:53Z</time>
   </trkpt>
   <trkpt lat="12.9071340" lon="77.5801280">
    <ele>918.1</ele>
    <time>2026-07-01T04:20:54Z</time>
   </trkpt>
   <trkpt lat="12.9071380" lon="77.5801490">
    <ele>918.1</ele>
    <time>2026-07-01T04:20:55Z</time>
   </trkpt>
   <trkpt lat="12.9071380" lon="77.5801730">
    <ele>918.1</ele>
    <time>2026-07-01T04:20:56Z</time>
   </trkpt>
   <trkpt lat="12.9071370" lon="77.5801950">
    <ele>918.1</ele>
    <time>2026-07-01T04:20:57Z</time>
   </trkpt>
   <trkpt lat="12.9071370" lon="77.5802190">
    <ele>918.1</ele>
    <time>2026-07-01T04:20:58Z</time>
   </trkpt>
   <trkpt lat="12.9071280" lon="77.5802430">
    <ele>918.2</ele>
    <time>2026-07-01T04:20:59Z</time>
   </trkpt>
   <trkpt lat="12.9071270" lon="77.5802630">
    <ele>918.2</ele>
    <time>2026-07-01T04:21:00Z</time>
   </trkpt>
   <trkpt lat="12.9071320" lon="77.5802760">
    <ele>918.2</ele>
    <time>2026-07-01T04:21:01Z</time>
   </trkpt>
   <trkpt lat="12.9071220" lon="77.5803080">
    <ele>918.2</ele>
    <time>2026-07-01T04:21:02Z</time>
   </trkpt>
   <trkpt lat="12.9071160" lon="77.5803240">
    <ele>918.3</ele>
    <time>2026-07-01T04:21:03Z</time>
   </trkpt>
   <trkpt lat="12.9071240" lon="77.5803420">
    <ele>918.3</ele>
    <time>2026-07-01T04:21:04Z</time>
   </trkpt>
   <trkpt lat="12.9071320" lon="77.5803560">
    <ele>918.3</ele>
    <time>2026-07-01T04:21:05Z</time>
   </trkpt>
   <trkpt lat="12.9071320" lon="77.5803820">
    <ele>918.3</ele>
    <time>2026-07-01T04:21:06Z</time>
   </trkpt>
   <trkpt lat="12.9071300" lon="77.5804080">
    <ele>918.3</ele>
    <time>2026-07-01T04:21:07Z</time>
   </trkpt>
   <trkpt lat="12.9071320" lon="77.5804260">
    <ele>918.4</ele>
    <time>2026-07-01T04:21:08Z</time>
   </trkpt>
   <trkpt lat="12.9071320" lon="77.5804490">
    <ele>918.4</ele>
    <time>2026-07-01T04:21:09Z</time>
   </trkpt>
   <trkpt lat="12.9071310" lon="77.5804680">
    <ele>918.4</ele>
    <time>2026-07-01T04:21:10Z</time>
   </trkpt>
   <trkpt lat="12.9071290" lon="77.5804850">
    <ele>918.4</ele>
    <time>2026-07-01T04:21:11Z</time>
   </trkpt>
   <trkpt lat="12.9071220" lon="77.5805220">
    <ele>918.5</ele>
    <time>2026-07-01T04:21:12Z</time>
   </trkpt>
   <trkpt lat="12.9071310" lon="77.5805410">
    <ele>918.5</ele>
    <time>2026-07-01T04:21:13Z</time>
   </trkpt>
   <trkpt lat="12.9071260" lon="77.5805720">
    <ele>918.6</ele>
    <time>2026-07-01T04:21:14Z</time>
   </trkpt>
   <trkpt lat="12.9071290" lon="77.5805930">
    <ele>918.6</ele>
    <time>2026-07-01T04:21:15Z</time>
   </trkpt>
   <trkpt lat="12.9071210" lon="77.5806160">
    <ele>918.6</ele>
    <time>2026-07-01T04:21:16Z</time>
   </trkpt>
   <trkpt lat="12.9071130" lon="77.5806420">
    <ele>918.7</ele>
    <time>2026-07-01T04:21:17Z</time>
   </trkpt>
   <trkpt lat="12.9071120" lon="77.5806700">
    <ele>918.7</ele>
    <time>2026-07-01T04:21:18Z</time>
   </trkpt>
   <trkpt lat="12.9071150" lon="77.5806960">
    <ele>918.7</ele>
    <time>2026-07-01T04:21:19Z</time>
   </trkpt>
   <trkpt lat="12.9071110" lon="77.5807350">
    <ele>918.8</ele>
    <time>2026-07-01T04:21:20Z</time>
   </trkpt>
   <trkpt lat="12.9071250" lon="77.5807650">
    <ele>918.8</ele>
    <time>2026-07-01T04:21:21Z</time>
   </trkpt>
   <trkpt lat="12.9071200" lon="77.5807930">
    <ele>918.9</ele>
    <time>2026-07-01T04:21:22Z</time>
   </trkpt>
   <trkpt lat="12.9071210" lon="77.5808230">
    <ele>918.9</ele>
    <time>2026-07-01T04:21:23Z</time>
   </trkpt>
   <trkpt lat="12.9071210" lon="77.5808520">
    <ele>919.0</ele>
    <time>2026-07-01T04:21:24Z</time>
   </trkpt>
   <trkpt lat="12.9071210" lon="77.5808800">
    <ele>919.0</ele>
    <time>2026-07-01T04:21:25Z</time>
   </trkpt>
   <trkpt lat="12.9071210" lon="77.5809040">
    <ele>919.0</ele>
    <time>2026-07-01T04:21:26Z</time>
   </trkpt>
   <trkpt lat="12.9071260" lon="77.5809170">
    <ele>919.0</ele>
    <time>2026-07-01T04:21:27Z</time>
   </trkpt>
   <trkpt lat="12.9071250" lon="77.5809370">
    <ele>919.1</ele>
    <time>2026-07-01T04:21:28Z</time>
   </trkpt>
   <trkpt lat="12.9071210" lon="77.5809590">
    <ele>919.1</ele>
    <time>2026-07-01T04:21:29Z</time>
   </trkpt>
   <trkpt lat="12.9071140" lon="77.5809820">
    <ele>919.1</ele>
    <time>2026-07-01T04:21:30Z</time>
   </trkpt>
   <trkpt lat="12.9071100" lon="77.5810030">
    <ele>919.1</ele>
    <time>2026-07-01T04:21:31Z</time>
   </trkpt>
   <trkpt lat="12.9071100" lon="77.5810290">
    <ele>919.1</ele>
    <time>2026-07-01T04:21:32Z</time>
   </trkpt>
   <trkpt lat="12.9071190" lon="77.5810430">
    <ele>919.1</ele>
    <time>2026-07-01T04:21:33Z</time>
   </trkpt>
   <trkpt lat="12.9071140" lon="77.5810780">
    <ele>919.1</ele>
    <time>2026-07-01T04:21:34Z</time>
   </trkpt>
   <trkpt lat="12.9071170" lon="77.5810960">
    <ele>919.1</ele>
    <time>2026-07-01T04:21:35Z</time>
   </trkpt>
   <trkpt lat="12.9071160" lon="77.5811130">
    <ele>919.1</ele>
    <time>2026-07-01T04:21:36Z</time>
   </trkpt>
   <trkpt lat="12.9071150" lon="77.5811350">
    <ele>919.1</ele>
    <time>2026-07-01T04:21:37Z</time>
   </trkpt>
   <trkpt lat="12.9071140" lon="77.5811560">
    <ele>919.1</ele>
    <time>2026-07-01T04:21:38Z</time>
   </trkpt>
   <trkpt lat="12.9071110" lon="77.5811780">
    <ele>919.1</ele>
    <time>2026-07-01T04:21:39Z</time>
   </trkpt>
   <trkpt lat="12.9071150" lon="77.5812070">
    <ele>919.1</ele>
    <time>2026-07-01T04:21:40Z</time>
   </trkpt>
   <trkpt lat="12.9071210" lon="77.5812300">
    <ele>919.1</ele>
    <time>2026-07-01T04:21:41Z</time>
   </trkpt>
   <trkpt lat="12.9071110" lon="77.5812530">
    <ele>919.1</ele>
    <time>2026-07-01T04:21:42Z</time>
   </trkpt>
   <trkpt lat="12.9071160" lon="77.5812850">
    <ele>919.1</ele>
    <time>2026-07-01T04:21:43Z</time>
   </trkpt>
   <trkpt lat="12.9071200" lon="77.5813130">
    <ele>919.1</ele>
    <time>2026-07-01T04:21:44Z</time>
   </trkpt>
   <trkpt lat="12.9071030" lon="77.5813420">
    <ele>919.1</ele>
    <time>2026-07-01T04:21:45Z</time>
   </trkpt>
   <trkpt lat="12.9071020" lon="77.5813680">
    <ele>919.1</ele>
    <time>2026-07-01T04:21:46Z</time>
   </trkpt>
   <trkpt lat="12.9071040" lon="77.5813900">
    <ele>919.1</ele>
    <time>2026-07-01T04:21:47Z</time>
   </trkpt>
   <trkpt lat="12.9071060" lon="77.5814150">
    <ele>919.1</ele>
    <time>2026-07-01T04:21:48Z</time>
   </trkpt>
   <trkpt lat="12.9071120" lon="77.5814380">
    <ele>919.1</ele>
    <time>2026-07-01T04:21:49Z</time>
   </trkpt>
   <trkpt lat="12.9071050" lon="77.5814630">
    <ele>919.1</ele>
    <time>2026-07-01T04:21:50Z</time>
   </trkpt>
   <trkpt lat="12.9071070" lon="77.5814900">
    <ele>919.1</ele>
    <time>2026-07-01T04:21:51Z</time>
   </trkpt>
   <trkpt lat="12.9071090" lon="77.5815080">
    <ele>919.1</ele>
    <time>2026-07-01T04:21:52Z</time>
   </trkpt>
   <trkpt lat="12.9071130" lon="77.5815330">
    <ele>919.1</ele>
    <time>2026-07-01T04:21:53Z</time>
   </trkpt>
   <trkpt lat="12.9071170" lon="77.5815600">
    <ele>919.1</ele>
    <time>2026-07-01T04:21:54Z</time>
   </trkpt>
   <trkpt lat="12.9071130" lon="77.5815930">
    <ele>919.1</ele>
    <time>2026-07-01T04:21:55Z</time>
   </trkpt>
   <trkpt lat="12.9071110" lon="77.5816210">
    <ele>919.1</ele>
    <time>2026-07-01T04:21:56Z</time>
   </trkpt>
   <trkpt lat="12.9071230" lon="77.5816560">
    <ele>919.1</ele>
    <time>2026-07-01T04:21:57Z</time>
   </trkpt>
   <trkpt lat="12.9071200" lon="77.5816840">
    <ele>919.1</ele>
    <time>2026-07-01T04:21:58Z</time>
   </trkpt>
   <trkpt lat="12.9071150" lon="77.5817130">
    <ele>919.1</ele>
    <time>2026-07-01T04:21:59Z</time>
   </trkpt>
   <trkpt lat="12.9071110" lon="77.5817470">
    <ele>919.1</ele>
    <time>2026-07-01T04:22:00Z</time>
   </trkpt>
   <trkpt lat="12.9071150" lon="77.5817730">
    <ele>919.0</ele>
    <time>2026-07-01T04:22:01Z</time>
   </trkpt>
   <trkpt lat="12.9071090" lon="77.5818100">
    <ele>919.0</ele>
    <time>2026-07-01T04:22:02Z</time>
   </trkpt>
   <trkpt lat="12.9071070" lon="77.5818380">
    <ele>919.0</ele>
    <time>2026-07-01T04:22:03Z</time>
   </trkpt>
   <trkpt lat="12.9071030" lon="77.5818690">
    <ele>919.0</ele>
    <time>2026-07-01T04:22:04Z</time>
   </trkpt>
   <trkpt lat="12.9071010" lon="77.5818990">
    <ele>919.0</ele>
    <time>2026-07-01T04:22:05Z</time>
   </trkpt>
   <trkpt lat="12.9071080" lon="77.5819250">
    <ele>919.0</ele>
    <time>2026-07-01T04:22:06Z</time>
   </trkpt>
   <trkpt lat="12.9071060" lon="77.5819590">
    <ele>919.0</ele>
    <time>2026-07-01T04:22:07Z</time>
   </trkpt>
   <trkpt lat="12.9070970" lon="77.5819860">
    <ele>919.0</ele>
    <time>2026-07-01T04:22:08Z</time>
   </trkpt>
   <trkpt lat="12.9071010" lon="77.5820130">
    <ele>918.9</ele>
    <time>2026-07-01T04:22:09Z</time>
   </trkpt>
   <trkpt lat="12.9070970" lon="77.5820400">
    <ele>918.9</ele>
    <time>2026-07-01T04:22:10Z</time>
   </trkpt>
   <trkpt lat="12.9070920" lon="77.5820720">
    <ele>918.9</ele>
    <time>2026-07-01T04:22:11Z</time>
   </trkpt>
   <trkpt lat="12.9070880" lon="77.5821010">
    <ele>918.9</ele>
    <time>2026-07-01T04:22:12Z</time>
   </trkpt>
   <trkpt lat="12.9070840" lon="77.5821320">
    <ele>918.9</ele>
    <time>2026-07-01T04:22:13Z</time>
   </trkpt>
   <trkpt lat="12.9070830" lon="77.5821620">
    <ele>918.9</ele>
    <time>2026-07-01T04:22:14Z</time>
   </trkpt>
   <trkpt lat="12.9070860" lon="77.5821840">
    <ele>918.8</ele>
    <time>2026-07-01T04:22:15Z</time>
   </trkpt>
   <trkpt lat="12.9070840" lon="77.5822120">
    <ele>918.8</ele>
    <time>2026-07-01T04:22:16Z</time>
   </trkpt>
   <trkpt lat="12.9070800" lon="77.5822390">
    <ele>918.8</ele>
    <time>2026-07-01T04:22:17Z</time>
   </trkpt>
   <trkpt lat="12.9070710" lon="77.5822510">
    <ele>918.8</ele>
    <time>2026-07-01T04:22:18Z</time>
   </trkpt>
   <trkpt lat="12.9070790" lon="77.5822850">
    <ele>918.7</ele>
    <time>2026-07-01T04:22:19Z</time>
   </trkpt>
   <trkpt lat="12.9070780" lon="77.5823160">
    <ele>918.7</ele>
    <time>2026-07-01T04:22:20Z</time>
   </trkpt>
   <trkpt lat="12.9070820" lon="77.5823500">
    <ele>918.7</ele>
    <time>2026-07-01T04:22:21Z</time>
   </trkpt>
   <trkpt lat="12.9070820" lon="77.5823820">
    <ele>918.6</ele>
    <time>2026-07-01T04:22:22Z</time>
   </trkpt>
   <trkpt lat="12.9070820" lon="77.5824150">
    <ele>918.6</ele>
    <time>2026-07-01T04:22:23Z</time>
   </trkpt>
   <trkpt lat="12.9070790" lon="77.5824450">
    <ele>918.5</ele>
    <time>2026-07-01T04:22:24Z</time>
   </trkpt>
   <trkpt lat="12.9070790" lon="77.5824800">
    <ele>918.5</ele>
    <time>2026-07-01T04:22:25Z</time>
   </trkpt>
   <trkpt lat="12.9070810" lon="77.5825200">
    <ele>918.4</ele>
    <time>2026-07-01T04:22:26Z</time>
   </trkpt>
   <trkpt lat="12.9070830" lon="77.5825620">
    <ele>918.3</ele>
    <time>2026-07-01T04:22:27Z</time>
   </trkpt>
   <trkpt lat="12.9070870" lon="77.5825980">
    <ele>918.3</ele>
    <time>2026-07-01T04:22:28Z</time>
   </trkpt>
   <trkpt lat="12.9070910" lon="77.5826380">
    <ele>918.2</ele>
    <time>2026-07-01T04:22:29Z</time>
   </trkpt>
   <trkpt lat="12.9070870" lon="77.5826780">
    <ele>918.1</ele>
    <time>2026-07-01T04:22:30Z</time>
   </trkpt>
   <trkpt lat="12.9070910" lon="77.5827140">
    <ele>918.0</ele>
    <time>2026-07-01T04:22:31Z</time>
   </trkpt>
   <trkpt lat="12.9070900" lon="77.5827480">
    <ele>918.0</ele>
    <time>2026-07-01T04:22:32Z</time>
   </trkpt>
   <trkpt lat="12.9070860" lon="77.5827860">
    <ele>917.9</ele>
    <time>2026-07-01T04:22:33Z</time>
   </trkpt>
   <trkpt lat="12.9070840" lon="77.5828110">
    <ele>917.8</ele>
    <time>2026-07-01T04:22:34Z</time>
   </trkpt>
   <trkpt lat="12.9070890" lon="77.5828500">
    <ele>917.7</ele>
    <time>2026-07-01T04:22:35Z</time>
   </trkpt>
   <trkpt lat="12.9070870" lon="77.5828740">
    <ele>917.6</ele>
    <time>2026-07-01T04:22:36Z</time>
   </trkpt>
   <trkpt lat="12.9070800" lon="77.5828980">
    <ele>917.6</ele>
    <time>2026-07-01T04:22:37Z</time>
   </trkpt>
   <trkpt lat="12.9070780" lon="77.5829150">
    <ele>917.5</ele>
    <time>2026-07-01T04:22:38Z</time>
   </trkpt>
   <trkpt lat="12.9070880" lon="77.5829240">
    <ele>917.5</ele>
    <time>2026-07-01T04:22:40Z</time>
   </trkpt>
   <trkpt lat="12.9070870" lon="77.5829480">
    <ele>917.4</ele>
    <time>2026-07-01T04:22:41Z</time>
   </trkpt>
   <trkpt lat="12.9070880" lon="77.5829710">
    <ele>917.4</ele>
    <time>2026-07-01T04:22:42Z</time>
   </trkpt>
   <trkpt lat="12.9070880" lon="77.5829880">
    <ele>917.3</ele>
    <time>2026-07-01T04:22:43Z</time>
   </trkpt>
   <trkpt lat="12.9070920" lon="77.5829980">
    <ele>917.3</ele>
    <time>2026-07-01T04:22:44Z</time>
   </trkpt>
   <trkpt lat="12.9070930" lon="77.5830070">
    <ele>917.3</ele>
    <time>2026-07-01T04:22:45Z</time>
   </trkpt>
   <trkpt lat="12.9070930" lon="77.5830180">
    <ele>917.2</ele>
    <time>2026-07-01T04:22:46Z</time>
   </trkpt>
   <trkpt lat="12.9070910" lon="77.5830320">
    <ele>917.2</ele>
    <time>2026-07-01T04:22:47Z</time>
   </trkpt>
   <trkpt lat="12.9070900" lon="77.5830390">
    <ele>917.2</ele>
    <time>2026-07-01T04:22:48Z</time>
   </trkpt>
   <trkpt lat="12.9070880" lon="77.5830420">
    <ele>917.2</ele>
    <time>2026-07-01T04:22:49Z</time>
   </trkpt>
   <trkpt lat="12.9070880" lon="77.5830450">
    <ele>917.1</ele>
    <time>2026-07-01T04:22:50Z</time>
   </trkpt>
   <trkpt lat="12.9070880" lon="77.5830440">
    <ele>917.1</ele>
    <time>2026-07-01T04:22:51Z</time>
   </trkpt>
   <trkpt lat="12.9070880" lon="77.5830500">
    <ele>917.1</ele>
    <time>2026-07-01T04:22:52Z</time>
   </trkpt>
   <trkpt lat="12.9070890" lon="77.5830670">
    <ele>917.1</ele>
    <time>2026-07-01T04:22:53Z</time>
   </trkpt>
   <trkpt lat="12.9070830" lon="77.5830790">
    <ele>917.0</ele>
    <time>2026-07-01T04:22:54Z</time>
   </trkpt>
   <trkpt lat="12.9070760" lon="77.5830900">
    <ele>917.0</ele>
    <time>2026-07-01T04:22:55Z</time>
   </trkpt>
   <trkpt lat="12.9070760" lon="77.5831080">
    <ele>917.0</ele>
    <time>2026-07-01T04:22:56Z</time>
   </trkpt>
   <trkpt lat="12.9070750" lon="77.5831350">
    <ele>916.9</ele>
    <time>2026-07-01T04:22:57Z</time>
   </trkpt>
   <trkpt lat="12.9070800" lon="77.5831480">
    <ele>916.8</ele>
    <time>2026-07-01T04:22:58Z</time>
   </trkpt>
   <trkpt lat="12.9070850" lon="77.5831800">
    <ele>916.8</ele>
    <time>2026-07-01T04:22:59Z</time>
   </trkpt>
   <trkpt lat="12.9070900" lon="77.5832100">
    <ele>916.7</ele>
    <time>2026-07-01T04:23:00Z</time>
   </trkpt>
   <trkpt lat="12.9070890" lon="77.5832420">
    <ele>916.6</ele>
    <time>2026-07-01T04:23:01Z</time>
   </trkpt>
   <trkpt lat="12.9070880" lon="77.5832630">
    <ele>916.5</ele>
    <time>2026-07-01T04:23:02Z</time>
   </trkpt>
   <trkpt lat="12.9070850" lon="77.5832940">
    <ele>916.4</ele>
    <time>2026-07-01T04:23:03Z</time>
   </trkpt>
   <trkpt lat="12.9070810" lon="77.5833210">
    <ele>916.4</ele>
    <time>2026-07-01T04:23:04Z</time>
   </trkpt>
   <trkpt lat="12.9070840" lon="77.5833440">
    <ele>916.3</ele>
    <time>2026-07-01T04:23:05Z</time>
   </trkpt>
   <trkpt lat="12.9070840" lon="77.5833820">
    <ele>916.2</ele>
    <time>2026-07-01T04:23:06Z</time>
   </trkpt>
   <trkpt lat="12.9070820" lon="77.5834230">
    <ele>916.1</ele>
    <time>2026-07-01T04:23:07Z</time>
   </trkpt>
   <trkpt lat="12.9070790" lon="77.5834590">
    <ele>916.0</ele>
    <time>2026-07-01T04:23:08Z</time>
   </trkpt>
   <trkpt lat="12.9070790" lon="77.5834960">
    <ele>915.9</ele>
    <time>2026-07-01T04:23:09Z</time>
   </trkpt>
   <trkpt lat="12.9070760" lon="77.5835330">
    <ele>915.8</ele>
    <time>2026-07-01T04:23:10Z</time>
   </trkpt>
   <trkpt lat="12.9070720" lon="77.5835720">
    <ele>915.8</ele>
    <time>2026-07-01T04:23:11Z</time>
   </trkpt>
   <trkpt lat="12.9070620" lon="77.5836090">
    <ele>915.7</ele>
    <time>2026-07-01T04:23:12Z</time>
   </trkpt>
   <trkpt lat="12.9070630" lon="77.5836540">
    <ele>915.5</ele>
    <time>2026-07-01T04:23:13Z</time>
   </trkpt>
   <trkpt lat="12.9070640" lon="77.5836930">
    <ele>915.4</ele>
    <time>2026-07-01T04:23:14Z</time>
   </trkpt>
   <trkpt lat="12.9070600" lon="77.5837360">
    <ele>915.3</ele>
    <time>2026-07-01T04:23:15Z</time>
   </trkpt>
   <trkpt lat="12.9070610" lon="77.5837760">
    <ele>915.2</ele>
    <time>2026-07-01T04:23:16Z</time>
   </trkpt>
   <trkpt lat="12.9070610" lon="77.5838120">
    <ele>915.1</ele>
    <time>2026-07-01T04:23:17Z</time>
   </trkpt>
   <trkpt lat="12.9070590" lon="77.5838500">
    <ele>915.0</ele>
    <time>2026-07-01T04:23:18Z</time>
   </trkpt>
   <trkpt lat="12.9070570" lon="77.5838810">
    <ele>915.0</ele>
    <time>2026-07-01T04:23:19Z</time>
   </trkpt>
   <trkpt lat="12.9070630" lon="77.5839050">
    <ele>914.9</ele>
    <time>2026-07-01T04:23:20Z</time>
   </trkpt>
   <trkpt lat="12.9070610" lon="77.5839210">
    <ele>914.9</ele>
    <time>2026-07-01T04:23:21Z</time>
   </trkpt>
   <trkpt lat="12.9070640" lon="77.5839430">
    <ele>914.8</ele>
    <time>2026-07-01T04:23:22Z</time>
   </trkpt>
   <trkpt lat="12.9070650" lon="77.5839610">
    <ele>914.8</ele>
    <time>2026-07-01T04:23:23Z</time>
   </trkpt>
   <trkpt lat="12.9070660" lon="77.5839900">
    <ele>914.7</ele>
    <time>2026-07-01T04:23:24Z</time>
   </trkpt>
   <trkpt lat="12.9070650" lon="77.5840210">
    <ele>914.7</ele>
    <time>2026-07-01T04:23:25Z</time>
   </trkpt>
   <trkpt lat="12.9070620" lon="77.5840580">
    <ele>914.6</ele>
    <time>2026-07-01T04:23:26Z</time>
   </trkpt>
   <trkpt lat="12.9070640" lon="77.5840900">
    <ele>914.6</ele>
    <time>2026-07-01T04:23:27Z</time>
   </trkpt>
   <trkpt lat="12.9070570" lon="77.5841170">
    <ele>914.5</ele>
    <time>2026-07-01T04:23:28Z</time>
   </trkpt>
   <trkpt lat="12.9070550" lon="77.5841510">
    <ele>914.5</ele>
    <time>2026-07-01T04:23:29Z</time>
   </trkpt>
   <trkpt lat="12.9070530" lon="77.5841950">
    <ele>914.4</ele>
    <time>2026-07-01T04:23:30Z</time>
   </trkpt>
   <trkpt lat="12.9070510" lon="77.5842380">
    <ele>914.3</ele>
    <time>2026-07-01T04:23:31Z</time>
   </trkpt>
   <trkpt lat="12.9070520" lon="77.5842710">
    <ele>914.3</ele>
    <time>2026-07-01T04:23:32Z</time>
   </trkpt>
   <trkpt lat="12.9070490" lon="77.5843040">
    <ele>914.2</ele>
    <time>2026-07-01T04:23:33Z</time>
   </trkpt>
   <trkpt lat="12.9070440" lon="77.5843430">
    <ele>914.2</ele>
    <time>2026-07-01T04:23:34Z</time>
   </trkpt>
   <trkpt lat="12.9070470" lon="77.5843700">
    <ele>914.2</ele>
    <time>2026-07-01T04:23:35Z</time>
   </trkpt>
   <trkpt lat="12.9070540" lon="77.5844000">
    <ele>914.1</ele>
    <time>2026-07-01T04:23:36Z</time>
   </trkpt>
   <trkpt lat="12.9070470" lon="77.5844300">
    <ele>914.1</ele>
    <time>2026-07-01T04:23:37Z</time>
   </trkpt>
   <trkpt lat="12.9070430" lon="77.5844600">
    <ele>914.0</ele>
    <time>2026-07-01T04:23:38Z</time>
   </trkpt>
   <trkpt lat="12.9070480" lon="77.5844880">
    <ele>914.0</ele>
    <time>2026-07-01T04:23:39Z</time>
   </trkpt>
   <trkpt lat="12.9070620" lon="77.5845110">
    <ele>914.0</ele>
    <time>2026-07-01T04:23:40Z</time>
   </trkpt>
   <trkpt lat="12.9070540" lon="77.5845440">
    <ele>913.9</ele>
    <time>2026-07-01T04:23:41Z</time>
   </trkpt>
   <trkpt lat="12.9070550" lon="77.5845790">
    <ele>913.9</ele>
    <time>2026-07-01T04:23:42Z</time>
   </trkpt>
   <trkpt lat="12.9070560" lon="77.5846160">
    <ele>913.8</ele>
    <time>2026-07-01T04:23:43Z</time>
   </trkpt>
   <trkpt lat="12.9070500" lon="77.5846590">
    <ele>913.8</ele>
    <time>2026-07-01T04:23:44Z</time>
   </trkpt>
   <trkpt lat="12.9070510" lon="77.5846960">
    <ele>913.7</ele>
    <time>2026-07-01T04:23:45Z</time>
   </trkpt>
   <trkpt lat="12.9070500" lon="77.5847260">
    <ele>913.7</ele>
    <time>2026-07-01T04:23:46Z</time>
   </trkpt>
   <trkpt lat="12.9070500" lon="77.5847620">
    <ele>913.7</ele>
    <time>2026-07-01T04:23:47Z</time>
   </trkpt>
   <trkpt lat="12.9070440" lon="77.5848000">
    <ele>913.7</ele>
    <time>2026-07-01T04:23:48Z</time>
   </trkpt>
   <trkpt lat="12.9070440" lon="77.5848320">
    <ele>913.7</ele>
    <time>2026-07-01T04:23:49Z</time>
   </trkpt>
   <trkpt lat="12.9070430" lon="77.5848630">
    <ele>913.6</ele>
    <time>2026-07-01T04:23:50Z</time>
   </trkpt>
   <trkpt lat="12.9070530" lon="77.5849000">
    <ele>913.6</ele>
    <time>2026-07-01T04:23:51Z</time>
   </trkpt>
   <trkpt lat="12.9070530" lon="77.5849370">
    <ele>913.6</ele>
    <time>2026-07-01T04:23:52Z</time>
   </trkpt>
   <trkpt lat="12.9070570" lon="77.5849700">
    <ele>913.6</ele>
    <time>2026-07-01T04:23:53Z</time>
   </trkpt>
   <trkpt lat="12.9070510" lon="77.5849790">
    <ele>913.6</ele>
    <time>2026-07-01T04:23:54Z</time>
   </trkpt>
   <trkpt lat="12.9070540" lon="77.5850060">
    <ele>913.6</ele>
    <time>2026-07-01T04:23:55Z</time>
   </trkpt>
   <trkpt lat="12.9070520" lon="77.5850310">
    <ele>913.6</ele>
    <time>2026-07-01T04:23:56Z</time>
   </trkpt>
   <trkpt lat="12.9070480" lon="77.5850630">
    <ele>913.6</ele>
    <time>2026-07-01T04:23:57Z</time>
   </trkpt>
   <trkpt lat="12.9070440" lon="77.5850950">
    <ele>913.6</ele>
    <time>2026-07-01T04:23:58Z</time>
   </trkpt>
   <trkpt lat="12.9070420" lon="77.5851180">
    <ele>913.6</ele>
    <time>2026-07-01T04:23:59Z</time>
   </trkpt>
   <trkpt lat="12.9070400" lon="77.5851460">
    <ele>913.5</ele>
    <time>2026-07-01T04:24:00Z</time>
   </trkpt>
   <trkpt lat="12.9070490" lon="77.5851620">
    <ele>913.5</ele>
    <time>2026-07-01T04:24:01Z</time>
   </trkpt>
   <trkpt lat="12.9070430" lon="77.5851880">
    <ele>913.5</ele>
    <time>2026-07-01T04:24:02Z</time>
   </trkpt>
   <trkpt lat="12.9070510" lon="77.5852200">
    <ele>913.4</ele>
    <time>2026-07-01T04:24:03Z</time>
   </trkpt>
   <trkpt lat="12.9070540" lon="77.5852440">
    <ele>913.4</ele>
    <time>2026-07-01T04:24:04Z</time>
   </trkpt>
   <trkpt lat="12.9070530" lon="77.5852620">
    <ele>913.4</ele>
    <time>2026-07-01T04:24:05Z</time>
   </trkpt>
   <trkpt lat="12.9070540" lon="77.5852900">
    <ele>913.4</ele>
    <time>2026-07-01T04:24:06Z</time>
   </trkpt>
   <trkpt lat="12.9070520" lon="77.5853190">
    <ele>913.4</ele>
    <time>2026-07-01T04:24:07Z</time>
   </trkpt>
   <trkpt lat="12.9070540" lon="77.5853400">
    <ele>913.3</ele>
    <time>2026-07-01T04:24:08Z</time>
   </trkpt>
   <trkpt lat="12.9070490" lon="77.5853720">
    <ele>913.3</ele>
    <time>2026-07-01T04:24:09Z</time>
   </trkpt>
   <trkpt lat="12.9070480" lon="77.5854040">
    <ele>913.3</ele>
    <time>2026-07-01T04:24:10Z</time>
   </trkpt>
   <trkpt lat="12.9070480" lon="77.5854340">
    <ele>913.3</ele>
    <time>2026-07-01T04:24:11Z</time>
   </trkpt>
   <trkpt lat="12.9070540" lon="77.5854610">
    <ele>913.3</ele>
    <time>2026-07-01T04:24:12Z</time>
   </trkpt>
   <trkpt lat="12.9070520" lon="77.5854890">
    <ele>913.3</ele>
    <time>2026-07-01T04:24:13Z</time>
   </trkpt>
   <trkpt lat="12.9070480" lon="77.5855150">
    <ele>913.3</ele>
    <time>2026-07-01T04:24:14Z</time>
   </trkpt>
   <trkpt lat="12.9070540" lon="77.5855410">
    <ele>913.3</ele>
    <time>2026-07-01T04:24:15Z</time>
   </trkpt>
   <trkpt lat="12.9070490" lon="77.5855600">
    <ele>913.3</ele>
    <time>2026-07-01T04:24:16Z</time>
   </trkpt>
   <trkpt lat="12.9070400" lon="77.5855790">
    <ele>913.4</ele>
    <time>2026-07-01T04:24:17Z</time>
   </trkpt>
   <trkpt lat="12.9070410" lon="77.5856000">
    <ele>913.4</ele>
    <time>2026-07-01T04:24:18Z</time>
   </trkpt>
   <trkpt lat="12.9070590" lon="77.5856180">
    <ele>912.7</ele>
    <time>2026-07-01T04:24:19Z</time>
   </trkpt>
   <trkpt lat="12.9070730" lon="77.5856310">
    <ele>912.6</ele>
    <time>2026-07-01T04:24:20Z</time>
   </trkpt>
   <trkpt lat="12.9070800" lon="77.5856380">
    <ele>912.6</ele>
    <time>2026-07-01T04:24:21Z</time>
   </trkpt>
   <trkpt lat="12.9070980" lon="77.5856500">
    <ele>912.6</ele>
    <time>2026-07-01T04:24:22Z</time>
   </trkpt>
   <trkpt lat="12.9071250" lon="77.5856530">
    <ele>912.7</ele>
    <time>2026-07-01T04:24:23Z</time>
   </trkpt>
   <trkpt lat="12.9071530" lon="77.5856540">
    <ele>912.8</ele>
    <time>2026-07-01T04:24:24Z</time>
   </trkpt>
   <trkpt lat="12.9071720" lon="77.5856570">
    <ele>912.8</ele>
    <time>2026-07-01T04:24:25Z</time>
   </trkpt>
   <trkpt lat="12.9072000" lon="77.5856510">
    <ele>912.9</ele>
    <time>2026-07-01T04:24:26Z</time>
   </trkpt>
   <trkpt lat="12.9072280" lon="77.5856490">
    <ele>912.9</ele>
    <time>2026-07-01T04:24:27Z</time>
   </trkpt>
   <trkpt lat="12.9072570" lon="77.5856480">
    <ele>913.0</ele>
    <time>2026-07-01T04:24:28Z</time>
   </trkpt>
   <trkpt lat="12.9072840" lon="77.5856490">
    <ele>913.0</ele>
    <time>2026-07-01T04:24:29Z</time>
   </trkpt>
   <trkpt lat="12.9073150" lon="77.5856520">
    <ele>913.1</ele>
    <time>2026-07-01T04:24:30Z</time>
   </trkpt>
   <trkpt lat="12.9073360" lon="77.5856510">
    <ele>913.2</ele>
    <time>2026-07-01T04:24:31Z</time>
   </trkpt>
   <trkpt lat="12.9073650" lon="77.5856540">
    <ele>913.2</ele>
    <time>2026-07-01T04:24:32Z</time>
   </trkpt>
   <trkpt lat="12.9073920" lon="77.5856570">
    <ele>913.3</ele>
    <time>2026-07-01T04:24:33Z</time>
   </trkpt>
   <trkpt lat="12.9074120" lon="77.5856630">
    <ele>913.3</ele>
    <time>2026-07-01T04:24:34Z</time>
   </trkpt>
   <trkpt lat="12.9074380" lon="77.5856590">
    <ele>913.4</ele>
    <time>2026-07-01T04:24:35Z</time>
   </trkpt>
   <trkpt lat="12.9074640" lon="77.5856560">
    <ele>913.4</ele>
    <time>2026-07-01T04:24:36Z</time>
   </trkpt>
   <trkpt lat="12.9074890" lon="77.5856610">
    <ele>913.5</ele>
    <time>2026-07-01T04:24:37Z</time>
   </trkpt>
   <trkpt lat="12.9075150" lon="77.5856580">
    <ele>913.6</ele>
    <time>2026-07-01T04:24:38Z</time>
   </trkpt>
   <trkpt lat="12.9075400" lon="77.5856620">
    <ele>913.6</ele>
    <time>2026-07-01T04:24:39Z</time>
   </trkpt>
   <trkpt lat="12.9075660" lon="77.5856660">
    <ele>913.7</ele>
    <time>2026-07-01T04:24:40Z</time>
   </trkpt>
   <trkpt lat="12.9075950" lon="77.5856660">
    <ele>913.7</ele>
    <time>2026-07-01T04:24:41Z</time>
   </trkpt>
   <trkpt lat="12.9076180" lon="77.5856640">
    <ele>913.8</ele>
    <time>2026-07-01T04:24:42Z</time>
   </trkpt>
   <trkpt lat="12.9076480" lon="77.5856620">
    <ele>913.8</ele>
    <time>2026-07-01T04:24:43Z</time>
   </trkpt>
   <trkpt lat="12.9076770" lon="77.5856530">
    <ele>913.9</ele>
    <time>2026-07-01T04:24:44Z</time>
   </trkpt>
   <trkpt lat="12.9077050" lon="77.5856570">
    <ele>913.9</ele>
    <time>2026-07-01T04:24:46Z</time>
   </trkpt>
   <trkpt lat="12.9077320" lon="77.5856530">
    <ele>914.0</ele>
    <time>2026-07-01T04:24:47Z</time>
   </trkpt>
   <trkpt lat="12.9077620" lon="77.5856570">
    <ele>914.1</ele>
    <time>2026-07-01T04:24:48Z</time>
   </trkpt>
   <trkpt lat="12.9077890" lon="77.5856550">
    <ele>914.1</ele>
    <time>2026-07-01T04:24:49Z</time>
   </trkpt>
   <trkpt lat="12.9078200" lon="77.5856620">
    <ele>914.2</ele>
    <time>2026-07-01T04:24:50Z</time>
   </trkpt>
   <trkpt lat="12.9078480" lon="77.5856570">
    <ele>914.3</ele>
    <time>2026-07-01T04:24:51Z</time>
   </trkpt>
   <trkpt lat="12.9078760" lon="77.5856530">
    <ele>914.4</ele>
    <time>2026-07-01T04:24:52Z</time>
   </trkpt>
   <trkpt lat="12.9078990" lon="77.5856520">
    <ele>914.5</ele>
    <time>2026-07-01T04:24:53Z</time>
   </trkpt>
   <trkpt lat="12.9079220" lon="77.5856490">
    <ele>914.5</ele>
    <time>2026-07-01T04:24:54Z</time>
   </trkpt>
   <trkpt lat="12.9079400" lon="77.5856480">
    <ele>914.6</ele>
    <time>2026-07-01T04:24:55Z</time>
   </trkpt>
   <trkpt lat="12.9079650" lon="77.5856460">
    <ele>914.6</ele>
    <time>2026-07-01T04:24:56Z</time>
   </trkpt>
   <trkpt lat="12.9079780" lon="77.5856420">
    <ele>914.7</ele>
    <time>2026-07-01T04:24:57Z</time>
   </trkpt>
   <trkpt lat="12.9079880" lon="77.5856430">
    <ele>914.7</ele>
    <time>2026-07-01T04:24:58Z</time>
   </trkpt>
   <trkpt lat="12.9080120" lon="77.5856460">
    <ele>914.8</ele>
    <time>2026-07-01T04:24:59Z</time>
   </trkpt>
   <trkpt lat="12.9080210" lon="77.5856390">
    <ele>914.8</ele>
    <time>2026-07-01T04:25:00Z</time>
   </trkpt>
   <trkpt lat="12.9080370" lon="77.5856350">
    <ele>914.8</ele>
    <time>2026-07-01T04:25:01Z</time>
   </trkpt>
   <trkpt lat="12.9080540" lon="77.5856370">
    <ele>914.9</ele>
    <time>2026-07-01T04:25:02Z</time>
   </trkpt>
   <trkpt lat="12.9080760" lon="77.5856380">
    <ele>915.0</ele>
    <time>2026-07-01T04:25:03Z</time>
   </trkpt>
   <trkpt lat="12.9081000" lon="77.5856470">
    <ele>915.0</ele>
    <time>2026-07-01T04:25:04Z</time>
   </trkpt>
   <trkpt lat="12.9081120" lon="77.5856450">
    <ele>915.1</ele>
    <time>2026-07-01T04:25:05Z</time>
   </trkpt>
   <trkpt lat="12.9081250" lon="77.5856510">
    <ele>915.1</ele>
    <time>2026-07-01T04:25:06Z</time>
   </trkpt>
   <trkpt lat="12.9081440" lon="77.5856470">
    <ele>915.2</ele>
    <time>2026-07-01T04:25:07Z</time>
   </trkpt>
   <trkpt lat="12.9081620" lon="77.5856440">
    <ele>915.2</ele>
    <time>2026-07-01T04:25:08Z</time>
   </trkpt>
   <trkpt lat="12.9081860" lon="77.5856440">
    <ele>915.3</ele>
    <time>2026-07-01T04:25:09Z</time>
   </trkpt>
   <trkpt lat="12.9082110" lon="77.5856440">
    <ele>915.4</ele>
    <time>2026-07-01T04:25:10Z</time>
   </trkpt>
   <trkpt lat="12.9082290" lon="77.5856440">
    <ele>915.4</ele>
    <time>2026-07-01T04:25:11Z</time>
   </trkpt>
   <trkpt lat="12.9082520" lon="77.5856460">
    <ele>915.5</ele>
    <time>2026-07-01T04:25:12Z</time>
   </trkpt>
   <trkpt lat="12.9082750" lon="77.5856510">
    <ele>915.5</ele>
    <time>2026-07-01T04:25:13Z</time>
   </trkpt>
   <trkpt lat="12.9082940" lon="77.5856560">
    <ele>915.5</ele>
    <time>2026-07-01T04:25:14Z</time>
   </trkpt>
   <trkpt lat="12.9083100" lon="77.5856480">
    <ele>915.5</ele>
    <time>2026-07-01T04:25:15Z</time>
   </trkpt>
   <trkpt lat="12.9083280" lon="77.5856450">
    <ele>915.5</ele>
    <time>2026-07-01T04:25:16Z</time>
   </trkpt>
   <trkpt lat="12.9083440" lon="77.5856370">
    <ele>915.6</ele>
    <time>2026-07-01T04:25:17Z</time>
   </trkpt>
   <trkpt lat="12.9083550" lon="77.5856380">
    <ele>915.6</ele>
    <time>2026-07-01T04:25:18Z</time>
   </trkpt>
   <trkpt lat="12.9083650" lon="77.5856370">
    <ele>915.6</ele>
    <time>2026-07-01T04:25:19Z</time>
   </trkpt>
   <trkpt lat="12.9083630" lon="77.5856360">
    <ele>915.6</ele>
    <time>2026-07-01T04:25:20Z</time>
   </trkpt>
   <trkpt lat="12.9083610" lon="77.5856360">
    <ele>915.6</ele>
    <time>2026-07-01T04:25:21Z</time>
   </trkpt>
   <trkpt lat="12.9083630" lon="77.5856360">
    <ele>915.6</ele>
    <time>2026-07-01T04:25:22Z</time>
   </trkpt>
   <trkpt lat="12.9083620" lon="77.5856370">
    <ele>915.6</ele>
    <time>2026-07-01T04:25:23Z</time>
   </trkpt>
   <trkpt lat="12.9083620" lon="77.5856350">
    <ele>915.6</ele>
    <time>2026-07-01T04:25:24Z</time>
   </trkpt>
   <trkpt lat="12.9083630" lon="77.5856340">
    <ele>915.6</ele>
    <time>2026-07-01T04:25:25Z</time>
   </trkpt>
   <trkpt lat="12.9083640" lon="77.5856330">
    <ele>915.6</ele>
    <time>2026-07-01T04:25:26Z</time>
   </trkpt>
   <trkpt lat="12.9083640" lon="77.5856330">
    <ele>915.6</ele>
    <time>2026-07-01T04:25:27Z</time>
   </trkpt>
   <trkpt lat="12.9083640" lon="77.5856330">
    <ele>915.6</ele>
    <time>2026-07-01T04:25:28Z</time>
   </trkpt>
   <trkpt lat="12.9084180" lon="77.5856450">
    <ele>915.7</ele>
    <time>2026-07-01T04:26:34Z</time>
   </trkpt>
   <trkpt lat="12.9084300" lon="77.5856420">
    <ele>915.7</ele>
    <time>2026-07-01T04:26:35Z</time>
   </trkpt>
   <trkpt lat="12.9084340" lon="77.5856370">
    <ele>915.7</ele>
    <time>2026-07-01T04:26:36Z</time>
   </trkpt>
   <trkpt lat="12.9084350" lon="77.5856340">
    <ele>915.7</ele>
    <time>2026-07-01T04:26:37Z</time>
   </trkpt>
   <trkpt lat="12.9084440" lon="77.5856320">
    <ele>915.7</ele>
    <time>2026-07-01T04:26:38Z</time>
   </trkpt>
   <trkpt lat="12.9084490" lon="77.5856320">
    <ele>915.7</ele>
    <time>2026-07-01T04:26:39Z</time>
   </trkpt>
   <trkpt lat="12.9084520" lon="77.5856340">
    <ele>915.7</ele>
    <time>2026-07-01T04:26:40Z</time>
   </trkpt>
   <trkpt lat="12.9084490" lon="77.5856350">
    <ele>915.7</ele>
    <time>2026-07-01T04:26:41Z</time>
   </trkpt>
   <trkpt lat="12.9084470" lon="77.5856360">
    <ele>915.7</ele>
    <time>2026-07-01T04:26:42Z</time>
   </trkpt>
   <trkpt lat="12.9084470" lon="77.5856370">
    <ele>915.7</ele>
    <time>2026-07-01T04:26:43Z</time>
   </trkpt>
   <trkpt lat="12.9084460" lon="77.5856370">
    <ele>915.7</ele>
    <time>2026-07-01T04:26:44Z</time>
   </trkpt>
   <trkpt lat="12.9084460" lon="77.5856370">
    <ele>915.7</ele>
    <time>2026-07-01T04:26:45Z</time>
   </trkpt>
   <trkpt lat="12.9084460" lon="77.5856370">
    <ele>915.7</ele>
    <time>2026-07-01T04:26:46Z</time>
   </trkpt>
   <trkpt lat="12.9084460" lon="77.5856400">
    <ele>915.7</ele>
    <time>2026-07-01T04:26:47Z</time>
   </trkpt>
   <trkpt lat="12.9084630" lon="77.5856450">
    <ele>915.7</ele>
    <time>2026-07-01T04:26:48Z</time>
   </trkpt>
   <trkpt lat="12.9084760" lon="77.5856530">
    <ele>915.8</ele>
    <time>2026-07-01T04:26:49Z</time>
   </trkpt>
   <trkpt lat="12.9084940" lon="77.5856640">
    <ele>915.8</ele>
    <time>2026-07-01T04:26:50Z</time>
   </trkpt>
   <trkpt lat="12.9085070" lon="77.5856840">
    <ele>915.8</ele>
    <time>2026-07-01T04:26:52Z</time>
   </trkpt>
   <trkpt lat="12.9085070" lon="77.5857010">
    <ele>915.8</ele>
    <time>2026-07-01T04:26:53Z</time>
   </trkpt>
   <trkpt lat="12.9085010" lon="77.5857080">
    <ele>915.8</ele>
    <time>2026-07-01T04:26:54Z</time>
   </trkpt>
   <trkpt lat="12.9085010" lon="77.5857040">
    <ele>915.8</ele>
    <time>2026-07-01T04:26:55Z</time>
   </trkpt>
   <trkpt lat="12.9085020" lon="77.5857110">
    <ele>915.8</ele>
    <time>2026-07-01T04:26:56Z</time>
   </trkpt>
   <trkpt lat="12.9085050" lon="77.5857280">
    <ele>915.8</ele>
    <time>2026-07-01T04:26:57Z</time>
   </trkpt>
   <trkpt lat="12.9085010" lon="77.5857520">
    <ele>915.9</ele>
    <time>2026-07-01T04:26:58Z</time>
   </trkpt>
   <trkpt lat="12.9084920" lon="77.5857810">
    <ele>916.0</ele>
    <time>2026-07-01T04:26:59Z</time>
   </trkpt>
   <trkpt lat="12.9084840" lon="77.5858060">
    <ele>916.1</ele>
    <time>2026-07-01T04:27:00Z</time>
   </trkpt>
   <trkpt lat="12.9084760" lon="77.5858270">
    <ele>916.1</ele>
    <time>2026-07-01T04:27:01Z</time>
   </trkpt>
   <trkpt lat="12.9084730" lon="77.5858510">
    <ele>916.2</ele>
    <time>2026-07-01T04:27:02Z</time>
   </trkpt>
   <trkpt lat="12.9084690" lon="77.5858760">
    <ele>916.2</ele>
    <time>2026-07-01T04:27:03Z</time>
   </trkpt>
   <trkpt lat="12.9084630" lon="77.5859020">
    <ele>916.2</ele>
    <time>2026-07-01T04:27:04Z</time>
   </trkpt>
   <trkpt lat="12.9084620" lon="77.5859240">
    <ele>916.2</ele>
    <time>2026-07-01T04:27:05Z</time>
   </trkpt>
   <trkpt lat="12.9084580" lon="77.5859490">
    <ele>916.2</ele>
    <time>2026-07-01T04:27:06Z</time>
   </trkpt>
   <trkpt lat="12.9084600" lon="77.5859740">
    <ele>916.2</ele>
    <time>2026-07-01T04:27:07Z</time>
   </trkpt>
   <trkpt lat="12.9084650" lon="77.5860000">
    <ele>916.1</ele>
    <time>2026-07-01T04:27:08Z</time>
   </trkpt>
   <trkpt lat="12.9084560" lon="77.5860280">
    <ele>916.1</ele>
    <time>2026-07-01T04:27:09Z</time>
   </trkpt>
   <trkpt lat="12.9084620" lon="77.5860560">
    <ele>916.1</ele>
    <time>2026-07-01T04:27:10Z</time>
   </trkpt>
   <trkpt lat="12.9084500" lon="77.5860750">
    <ele>916.1</ele>
    <time>2026-07-01T04:27:11Z</time>
   </trkpt>
   <trkpt lat="12.9084560" lon="77.5861100">
    <ele>916.1</ele>
    <time>2026-07-01T04:27:12Z</time>
   </trkpt>
   <trkpt lat="12.9084550" lon="77.5861340">
    <ele>916.1</ele>
    <time>2026-07-01T04:27:13Z</time>
   </trkpt>
   <trkpt lat="12.9084560" lon="77.5861560">
    <ele>916.1</ele>
    <time>2026-07-01T04:27:14Z</time>
   </trkpt>
   <trkpt lat="12.9084530" lon="77.5861840">
    <ele>916.1</ele>
    <time>2026-07-01T04:27:15Z</time>
   </trkpt>
   <trkpt lat="12.9084490" lon="77.5862090">
    <ele>916.1</ele>
    <time>2026-07-01T04:27:16Z</time>
   </trkpt>
   <trkpt lat="12.9084500" lon="77.5862360">
    <ele>916.1</ele>
    <time>2026-07-01T04:27:17Z</time>
   </trkpt>
   <trkpt lat="12.9084410" lon="77.5862540">
    <ele>916.1</ele>
    <time>2026-07-01T04:27:18Z</time>
   </trkpt>
   <trkpt lat="12.9084450" lon="77.5862690">
    <ele>916.1</ele>
    <time>2026-07-01T04:27:19Z</time>
   </trkpt>
   <trkpt lat="12.9084490" lon="77.5862860">
    <ele>916.1</ele>
    <time>2026-07-01T04:27:20Z</time>
   </trkpt>
   <trkpt lat="12.9084480" lon="77.5863120">
    <ele>916.1</ele>
    <time>2026-07-01T04:27:21Z</time>
   </trkpt>
   <trkpt lat="12.9084450" lon="77.5863370">
    <ele>916.1</ele>
    <time>2026-07-01T04:27:22Z</time>
   </trkpt>
   <trkpt lat="12.9084440" lon="77.5863720">
    <ele>916.1</ele>
    <time>2026-07-01T04:27:23Z</time>
   </trkpt>
   <trkpt lat="12.9084420" lon="77.5863920">
    <ele>916.1</ele>
    <time>2026-07-01T04:27:24Z</time>
   </trkpt>
   <trkpt lat="12.9084430" lon="77.5864140">
    <ele>916.1</ele>
    <time>2026-07-01T04:27:25Z</time>
   </trkpt>
   <trkpt lat="12.9084420" lon="77.5864330">
    <ele>916.1</ele>
    <time>2026-07-01T04:27:26Z</time>
   </trkpt>
   <trkpt lat="12.9084460" lon="77.5864510">
    <ele>916.1</ele>
    <time>2026-07-01T04:27:27Z</time>
   </trkpt>
   <trkpt lat="12.9084480" lon="77.5864680">
    <ele>916.0</ele>
    <time>2026-07-01T04:27:28Z</time>
   </trkpt>
   <trkpt lat="12.9084430" lon="77.5864870">
    <ele>916.0</ele>
    <time>2026-07-01T04:27:29Z</time>
   </trkpt>
   <trkpt lat="12.9084400" lon="77.5865050">
    <ele>916.0</ele>
    <time>2026-07-01T04:27:30Z</time>
   </trkpt>
   <trkpt lat="12.9084390" lon="77.5865190">
    <ele>916.0</ele>
    <time>2026-07-01T04:27:31Z</time>
   </trkpt>
   <trkpt lat="12.9084360" lon="77.5865410">
    <ele>916.0</ele>
    <time>2026-07-01T04:27:32Z</time>
   </trkpt>
   <trkpt lat="12.9084350" lon="77.5865590">
    <ele>916.0</ele>
    <time>2026-07-01T04:27:33Z</time>
   </trkpt>
   <trkpt lat="12.9084360" lon="77.5865820">
    <ele>916.0</ele>
    <time>2026-07-01T04:27:34Z</time>
   </trkpt>
   <trkpt lat="12.9084330" lon="77.5866100">
    <ele>916.0</ele>
    <time>2026-07-01T04:27:35Z</time>
   </trkpt>
   <trkpt lat="12.9084270" lon="77.5866320">
    <ele>915.9</ele>
    <time>2026-07-01T04:27:36Z</time>
   </trkpt>
   <trkpt lat="12.9084300" lon="77.5866550">
    <ele>915.9</ele>
    <time>2026-07-01T04:27:37Z</time>
   </trkpt>
   <trkpt lat="12.9084260" lon="77.5866720">
    <ele>915.9</ele>
    <time>2026-07-01T04:27:38Z</time>
   </trkpt>
   <trkpt lat="12.9084260" lon="77.5866940">
    <ele>915.9</ele>
    <time>2026-07-01T04:27:39Z</time>
   </trkpt>
   <trkpt lat="12.9084290" lon="77.5867170">
    <ele>915.9</ele>
    <time>2026-07-01T04:27:40Z</time>
   </trkpt>
   <trkpt lat="12.9084300" lon="77.5867370">
    <ele>915.8</ele>
    <time>2026-07-01T04:27:41Z</time>
   </trkpt>
   <trkpt lat="12.9084310" lon="77.5867590">
    <ele>915.8</ele>
    <time>2026-07-01T04:27:42Z</time>
   </trkpt>
   <trkpt lat="12.9084290" lon="77.5867850">
    <ele>915.8</ele>
    <time>2026-07-01T04:27:43Z</time>
   </trkpt>
   <trkpt lat="12.9084250" lon="77.5868080">
    <ele>915.8</ele>
    <time>2026-07-01T04:27:44Z</time>
   </trkpt>
   <trkpt lat="12.9084290" lon="77.5868220">
    <ele>915.7</ele>
    <time>2026-07-01T04:27:45Z</time>
   </trkpt>
   <trkpt lat="12.9084290" lon="77.5868470">
    <ele>915.7</ele>
    <time>2026-07-01T04:27:46Z</time>
   </trkpt>
   <trkpt lat="12.9084320" lon="77.5868620">
    <ele>915.7</ele>
    <time>2026-07-01T04:27:47Z</time>
   </trkpt>
   <trkpt lat="12.9084250" lon="77.5868880">
    <ele>915.7</ele>
    <time>2026-07-01T04:27:48Z</time>
   </trkpt>
   <trkpt lat="12.9084240" lon="77.5869110">
    <ele>915.6</ele>
    <time>2026-07-01T04:27:49Z</time>
   </trkpt>
   <trkpt lat="12.9084280" lon="77.5869330">
    <ele>915.6</ele>
    <time>2026-07-01T04:27:50Z</time>
   </trkpt>
   <trkpt lat="12.9084330" lon="77.5869540">
    <ele>915.6</ele>
    <time>2026-07-01T04:27:51Z</time>
   </trkpt>
   <trkpt lat="12.9084320" lon="77.5869770">
    <ele>915.6</ele>
    <time>2026-07-01T04:27:52Z</time>
   </trkpt>
   <trkpt lat="12.9084320" lon="77.5869990">
    <ele>915.6</ele>
    <time>2026-07-01T04:27:53Z</time>
   </trkpt>
   <trkpt lat="12.9084230" lon="77.5870250">
    <ele>915.5</ele>
    <time>2026-07-01T04:27:54Z</time>
   </trkpt>
   <trkpt lat="12.9084190" lon="77.5870510">
    <ele>915.5</ele>
    <time>2026-07-01T04:27:55Z</time>
   </trkpt>
   <trkpt lat="12.9084220" lon="77.5870620">
    <ele>915.5</ele>
    <time>2026-07-01T04:27:56Z</time>
   </trkpt>
   <trkpt lat="12.9084220" lon="77.5870810">
    <ele>915.5</ele>
    <time>2026-07-01T04:27:57Z</time>
   </trkpt>
   <trkpt lat="12.9084200" lon="77.5870980">
    <ele>915.4</ele>
    <time>2026-07-01T04:27:58Z</time>
   </trkpt>
   <trkpt lat="12.9084140" lon="77.5871200">
    <ele>915.4</ele>
    <time>2026-07-01T04:27:59Z</time>
   </trkpt>
   <trkpt lat="12.9084150" lon="77.5871480">
    <ele>915.4</ele>
    <time>2026-07-01T04:28:00Z</time>
   </trkpt>
   <trkpt lat="12.9084170" lon="77.5871690">
    <ele>915.4</ele>
    <time>2026-07-01T04:28:01Z</time>
   </trkpt>
   <trkpt lat="12.9084230" lon="77.5871950">
    <ele>915.3</ele>
    <time>2026-07-01T04:28:02Z</time>
   </trkpt>
   <trkpt lat="12.9084120" lon="77.5872200">
    <ele>915.3</ele>
    <time>2026-07-01T04:28:03Z</time>
   </trkpt>
   <trkpt lat="12.9084150" lon="77.5872420">
    <ele>915.3</ele>
    <time>2026-07-01T04:28:04Z</time>
   </trkpt>
   <trkpt lat="12.9084080" lon="77.5872700">
    <ele>915.2</ele>
    <time>2026-07-01T04:28:05Z</time>
   </trkpt>
   <trkpt lat="12.9084080" lon="77.5872950">
    <ele>915.2</ele>
    <time>2026-07-01T04:28:06Z</time>
   </trkpt>
   <trkpt lat="12.9084070" lon="77.5873230">
    <ele>915.1</ele>
    <time>2026-07-01T04:28:07Z</time>
   </trkpt>
   <trkpt lat="12.9084050" lon="77.5873490">
    <ele>915.1</ele>
    <time>2026-07-01T04:28:08Z</time>
   </trkpt>
   <trkpt lat="12.9083980" lon="77.5873840">
    <ele>915.0</ele>
    <time>2026-07-01T04:28:09Z</time>
   </trkpt>
   <trkpt lat="12.9083980" lon="77.5874030">
    <ele>915.0</ele>
    <time>2026-07-01T04:28:10Z</time>
   </trkpt>
   <trkpt lat="12.9083970" lon="77.5874190">
    <ele>915.0</ele>
    <time>2026-07-01T04:28:11Z</time>
   </trkpt>
   <trkpt lat="12.9084000" lon="77.5874460">
    <ele>914.9</ele>
    <time>2026-07-01T04:28:12Z</time>
   </trkpt>
   <trkpt lat="12.9084040" lon="77.5874610">
    <ele>914.9</ele>
    <time>2026-07-01T04:28:13Z</time>
   </trkpt>
   <trkpt lat="12.9084090" lon="77.5874880">
    <ele>914.8</ele>
    <time>2026-07-01T04:28:14Z</time>
   </trkpt>
   <trkpt lat="12.9084120" lon="77.5875070">
    <ele>914.8</ele>
    <time>2026-07-01T04:28:15Z</time>
   </trkpt>
   <trkpt lat="12.9084020" lon="77.5875330">
    <ele>914.8</ele>
    <time>2026-07-01T04:28:16Z</time>
   </trkpt>
   <trkpt lat="12.9083930" lon="77.5875590">
    <ele>914.7</ele>
    <time>2026-07-01T04:28:17Z</time>
   </trkpt>
   <trkpt lat="12.9083960" lon="77.5875830">
    <ele>914.7</ele>
    <time>2026-07-01T04:28:18Z</time>
   </trkpt>
   <trkpt lat="12.9084010" lon="77.5876020">
    <ele>914.6</ele>
    <time>2026-07-01T04:28:19Z</time>
   </trkpt>
   <trkpt lat="12.9084000" lon="77.5876190">
    <ele>914.6</ele>
    <time>2026-07-01T04:28:20Z</time>
   </trkpt>
   <trkpt lat="12.9084040" lon="77.5876290">
    <ele>914.6</ele>
    <time>2026-07-01T04:28:21Z</time>
   </trkpt>
   <trkpt lat="12.9084030" lon="77.5876470">
    <ele>914.5</ele>
    <time>2026-07-01T04:28:22Z</time>
   </trkpt>
   <trkpt lat="12.9084050" lon="77.5876800">
    <ele>914.4</ele>
    <time>2026-07-01T04:28:23Z</time>
   </trkpt>
   <trkpt lat="12.9084030" lon="77.5877250">
    <ele>914.3</ele>
    <time>2026-07-01T04:28:24Z</time>
   </trkpt>
   <trkpt lat="12.9083990" lon="77.5877590">
    <ele>914.3</ele>
    <time>2026-07-01T04:28:25Z</time>
   </trkpt>
   <trkpt lat="12.9084010" lon="77.5877800">
    <ele>914.2</ele>
    <time>2026-07-01T04:28:26Z</time>
   </trkpt>
   <trkpt lat="12.9084060" lon="77.5878120">
    <ele>914.1</ele>
    <time>2026-07-01T04:28:27Z</time>
   </trkpt>
   <trkpt lat="12.9084110" lon="77.5878380">
    <ele>914.1</ele>
    <time>2026-07-01T04:28:28Z</time>
   </trkpt>
   <trkpt lat="12.9084190" lon="77.5878740">
    <ele>914.0</ele>
    <time>2026-07-01T04:28:29Z</time>
   </trkpt>
   <trkpt lat="12.9084190" lon="77.5878980">
    <ele>914.0</ele>
    <time>2026-07-01T04:28:30Z</time>
   </trkpt>
   <trkpt lat="12.9084120" lon="77.5879290">
    <ele>913.9</ele>
    <time>2026-07-01T04:28:31Z</time>
   </trkpt>
   <trkpt lat="12.9084130" lon="77.5879690">
    <ele>913.8</ele>
    <time>2026-07-01T04:28:32Z</time>
   </trkpt>
   <trkpt lat="12.9084140" lon="77.5879970">
    <ele>913.8</ele>
    <time>2026-07-01T04:28:33Z</time>
   </trkpt>
   <trkpt lat="12.9084140" lon="77.5880360">
    <ele>913.7</ele>
    <time>2026-07-01T04:28:34Z</time>
   </trkpt>
   <trkpt lat="12.9084140" lon="77.5880690">
    <ele>913.6</ele>
    <time>2026-07-01T04:28:35Z</time>
   </trkpt>
   <trkpt lat="12.9084130" lon="77.5880970">
    <ele>913.5</ele>
    <time>2026-07-01T04:28:36Z</time>
   </trkpt>
   <trkpt lat="12.9084060" lon="77.5881260">
    <ele>913.5</ele>
    <time>2026-07-01T04:28:37Z</time>
   </trkpt>
   <trkpt lat="12.9084100" lon="77.5881650">
    <ele>913.4</ele>
    <time>2026-07-01T04:28:38Z</time>
   </trkpt>
   <trkpt lat="12.9084030" lon="77.5882110">
    <ele>913.3</ele>
    <time>2026-07-01T04:28:39Z</time>
   </trkpt>
   <trkpt lat="12.9083970" lon="77.5882510">
    <ele>913.3</ele>
    <time>2026-07-01T04:28:40Z</time>
   </trkpt>
   <trkpt lat="12.9084020" lon="77.5882890">
    <ele>913.2</ele>
    <time>2026-07-01T04:28:41Z</time>
   </trkpt>
   <trkpt lat="12.9084060" lon="77.5883310">
    <ele>913.1</ele>
    <time>2026-07-01T04:28:42Z</time>
   </trkpt>
   <trkpt lat="12.9084110" lon="77.5883660">
    <ele>913.0</ele>
    <time>2026-07-01T04:28:43Z</time>
   </trkpt>
   <trkpt lat="12.9084140" lon="77.5884000">
    <ele>913.0</ele>
    <time>2026-07-01T04:28:44Z</time>
   </trkpt>
   <trkpt lat="12.9083980" lon="77.5884470">
    <ele>912.9</ele>
    <time>2026-07-01T04:28:45Z</time>
   </trkpt>
   <trkpt lat="12.9083940" lon="77.5884930">
    <ele>912.7</ele>
    <time>2026-07-01T04:28:46Z</time>
   </trkpt>
   <trkpt lat="12.9083850" lon="77.5885300">
    <ele>912.6</ele>
    <time>2026-07-01T04:28:47Z</time>
   </trkpt>
   <trkpt lat="12.9083870" lon="77.5885800">
    <ele>912.5</ele>
    <time>2026-07-01T04:28:48Z</time>
   </trkpt>
   <trkpt lat="12.9083840" lon="77.5886250">
    <ele>912.3</ele>
    <time>2026-07-01T04:28:49Z</time>
   </trkpt>
   <trkpt lat="12.9083830" lon="77.5886690">
    <ele>912.2</ele>
    <time>2026-07-01T04:28:50Z</time>
   </trkpt>
   <trkpt lat="12.9083800" lon="77.5887130">
    <ele>912.1</ele>
    <time>2026-07-01T04:28:51Z</time>
   </trkpt>
   <trkpt lat="12.9083740" lon="77.5887610">
    <ele>911.9</ele>
    <time>2026-07-01T04:28:52Z</time>
   </trkpt>
   <trkpt lat="12.9083770" lon="77.5888140">
    <ele>911.7</ele>
    <time>2026-07-01T04:28:53Z</time>
   </trkpt>
   <trkpt lat="12.9083820" lon="77.5888670">
    <ele>911.6</ele>
    <time>2026-07-01T04:28:54Z</time>
   </trkpt>
   <trkpt lat="12.9083840" lon="77.5889160">
    <ele>911.4</ele>
    <time>2026-07-01T04:28:55Z</time>
   </trkpt>
   <trkpt lat="12.9083870" lon="77.5889660">
    <ele>911.2</ele>
    <time>2026-07-01T04:28:56Z</time>
   </trkpt>
   <trkpt lat="12.9083830" lon="77.5890140">
    <ele>911.1</ele>
    <time>2026-07-01T04:28:58Z</time>
   </trkpt>
   <trkpt lat="12.9083840" lon="77.5890680">
    <ele>910.9</ele>
    <time>2026-07-01T04:28:59Z</time>
   </trkpt>
   <trkpt lat="12.9083800" lon="77.5891300">
    <ele>910.6</ele>
    <time>2026-07-01T04:29:00Z</time>
   </trkpt>
   <trkpt lat="12.9083730" lon="77.5891830">
    <ele>910.4</ele>
    <time>2026-07-01T04:29:01Z</time>
   </trkpt>
   <trkpt lat="12.9083710" lon="77.5892280">
    <ele>910.3</ele>
    <time>2026-07-01T04:29:02Z</time>
   </trkpt>
   <trkpt lat="12.9083690" lon="77.5892820">
    <ele>910.1</ele>
    <time>2026-07-01T04:29:03Z</time>
   </trkpt>
   <trkpt lat="12.9083680" lon="77.5893410">
    <ele>909.9</ele>
    <time>2026-07-01T04:29:04Z</time>
   </trkpt>
   <trkpt lat="12.9083590" lon="77.5894090">
    <ele>909.6</ele>
    <time>2026-07-01T04:29:05Z</time>
   </trkpt>
   <trkpt lat="12.9083660" lon="77.5894710">
    <ele>909.4</ele>
    <time>2026-07-01T04:29:06Z</time>
   </trkpt>
   <trkpt lat="12.9083580" lon="77.5895340">
    <ele>909.2</ele>
    <time>2026-07-01T04:29:07Z</time>
   </trkpt>
   <trkpt lat="12.9083560" lon="77.5895780">
    <ele>909.1</ele>
    <time>2026-07-01T04:29:08Z</time>
   </trkpt>
   <trkpt lat="12.9083590" lon="77.5896130">
    <ele>908.9</ele>
    <time>2026-07-01T04:29:09Z</time>
   </trkpt>
   <trkpt lat="12.9083510" lon="77.5896440">
    <ele>908.8</ele>
    <time>2026-07-01T04:29:10Z</time>
   </trkpt>
   <trkpt lat="12.9083480" lon="77.5896890">
    <ele>908.7</ele>
    <time>2026-07-01T04:29:11Z</time>
   </trkpt>
   <trkpt lat="12.9083550" lon="77.5897360">
    <ele>908.5</ele>
    <time>2026-07-01T04:29:12Z</time>
   </trkpt>
   <trkpt lat="12.9083440" lon="77.5897900">
    <ele>908.3</ele>
    <time>2026-07-01T04:29:13Z</time>
   </trkpt>
   <trkpt lat="12.9083390" lon="77.5898360">
    <ele>908.1</ele>
    <time>2026-07-01T04:29:14Z</time>
   </trkpt>
   <trkpt lat="12.9083370" lon="77.5898830">
    <ele>908.0</ele>
    <time>2026-07-01T04:29:15Z</time>
   </trkpt>
   <trkpt lat="12.9083420" lon="77.5899330">
    <ele>907.8</ele>
    <time>2026-07-01T04:29:16Z</time>
   </trkpt>
   <trkpt lat="12.9083420" lon="77.5899810">
    <ele>907.6</ele>
    <time>2026-07-01T04:29:17Z</time>
   </trkpt>
   <trkpt lat="12.9083430" lon="77.5900790">
    <ele>907.3</ele>
    <time>2026-07-01T04:29:18Z</time>
   </trkpt>
   <trkpt lat="12.9083420" lon="77.5901240">
    <ele>907.1</ele>
    <time>2026-07-01T04:29:19Z</time>
   </trkpt>
   <trkpt lat="12.9083480" lon="77.5901710">
    <ele>906.9</ele>
    <time>2026-07-01T04:29:20Z</time>
   </trkpt>
   <trkpt lat="12.9083450" lon="77.5902140">
    <ele>906.8</ele>
    <time>2026-07-01T04:29:21Z</time>
   </trkpt>
   <trkpt lat="12.9083420" lon="77.5902600">
    <ele>906.6</ele>
    <time>2026-07-01T04:29:22Z</time>
   </trkpt>
   <trkpt lat="12.9083370" lon="77.5903040">
    <ele>906.5</ele>
    <time>2026-07-01T04:29:23Z</time>
   </trkpt>
   <trkpt lat="12.9083390" lon="77.5903350">
    <ele>906.3</ele>
    <time>2026-07-01T04:29:24Z</time>
   </trkpt>
   <trkpt lat="12.9083410" lon="77.5903630">
    <ele>906.2</ele>
    <time>2026-07-01T04:29:25Z</time>
   </trkpt>
   <trkpt lat="12.9083390" lon="77.5903950">
    <ele>906.1</ele>
    <time>2026-07-01T04:29:26Z</time>
   </trkpt>
   <trkpt lat="12.9083420" lon="77.5904200">
    <ele>906.0</ele>
    <time>2026-07-01T04:29:27Z</time>
   </trkpt>
   <trkpt lat="12.9083410" lon="77.5904440">
    <ele>905.9</ele>
    <time>2026-07-01T04:29:28Z</time>
   </trkpt>
   <trkpt lat="12.9083400" lon="77.5904740">
    <ele>905.8</ele>
    <time>2026-07-01T04:29:29Z</time>
   </trkpt>
   <trkpt lat="12.9083360" lon="77.5905070">
    <ele>905.6</ele>
    <time>2026-07-01T04:29:30Z</time>
   </trkpt>
   <trkpt lat="12.9083380" lon="77.5905360">
    <ele>905.5</ele>
    <time>2026-07-01T04:29:31Z</time>
   </trkpt>
   <trkpt lat="12.9083350" lon="77.5905700">
    <ele>905.4</ele>
    <time>2026-07-01T04:29:32Z</time>
   </trkpt>
   <trkpt lat="12.9083340" lon="77.5906050">
    <ele>905.3</ele>
    <time>2026-07-01T04:29:33Z</time>
   </trkpt>
   <trkpt lat="12.9083350" lon="77.5906440">
    <ele>905.2</ele>
    <time>2026-07-01T04:29:34Z</time>
   </trkpt>
   <trkpt lat="12.9083340" lon="77.5906860">
    <ele>905.0</ele>
    <time>2026-07-01T04:29:35Z</time>
   </trkpt>
   <trkpt lat="12.9083330" lon="77.5907280">
    <ele>904.9</ele>
    <time>2026-07-01T04:29:36Z</time>
   </trkpt>
   <trkpt lat="12.9083290" lon="77.5907700">
    <ele>904.8</ele>
    <time>2026-07-01T04:29:37Z</time>
   </trkpt>
   <trkpt lat="12.9083310" lon="77.5908120">
    <ele>904.6</ele>
    <time>2026-07-01T04:29:38Z</time>
   </trkpt>
   <trkpt lat="12.9083290" lon="77.5908570">
    <ele>904.5</ele>
    <time>2026-07-01T04:29:39Z</time>
   </trkpt>
   <trkpt lat="12.9083270" lon="77.5908980">
    <ele>904.3</ele>
    <time>2026-07-01T04:29:40Z</time>
   </trkpt>
   <trkpt lat="12.9083280" lon="77.5909480">
    <ele>904.1</ele>
    <time>2026-07-01T04:29:41Z</time>
   </trkpt>
   <trkpt lat="12.9083280" lon="77.5910020">
    <ele>903.9</ele>
    <time>2026-07-01T04:29:42Z</time>
   </trkpt>
   <trkpt lat="12.9083310" lon="77.5910600">
    <ele>903.7</ele>
    <time>2026-07-01T04:29:43Z</time>
   </trkpt>
   <trkpt lat="12.9083300" lon="77.5911200">
    <ele>903.5</ele>
    <time>2026-07-01T04:29:44Z</time>
   </trkpt>
   <trkpt lat="12.9083220" lon="77.5911790">
    <ele>903.2</ele>
    <time>2026-07-01T04:29:45Z</time>
   </trkpt>
   <trkpt lat="12.9083190" lon="77.5912330">
    <ele>903.1</ele>
    <time>2026-07-01T04:29:46Z</time>
   </trkpt>
   <trkpt lat="12.9083180" lon="77.5912760">
    <ele>903.0</ele>
    <time>2026-07-01T04:29:47Z</time>
   </trkpt>
   <trkpt lat="12.9083180" lon="77.5913080">
    <ele>902.9</ele>
    <time>2026-07-01T04:29:48Z</time>
   </trkpt>
   <trkpt lat="12.9083230" lon="77.5913410">
    <ele>902.8</ele>
    <time>2026-07-01T04:29:49Z</time>
   </trkpt>
   <trkpt lat="12.9083200" lon="77.5913780">
    <ele>902.6</ele>
    <time>2026-07-01T04:29:50Z</time>
   </trkpt>
   <trkpt lat="12.9083210" lon="77.5914150">
    <ele>902.5</ele>
    <time>2026-07-01T04:29:51Z</time>
   </trkpt>
   <trkpt lat="12.9083180" lon="77.5914500">
    <ele>902.4</ele>
    <time>2026-07-01T04:29:52Z</time>
   </trkpt>
   <trkpt lat="12.9083040" lon="77.5914830">
    <ele>902.3</ele>
    <time>2026-07-01T04:29:53Z</time>
   </trkpt>
   <trkpt lat="12.9082980" lon="77.5915180">
    <ele>902.1</ele>
    <time>2026-07-01T04:29:54Z</time>
   </trkpt>
   <trkpt lat="12.9083000" lon="77.5915610">
    <ele>902.0</ele>
    <time>2026-07-01T04:29:55Z</time>
   </trkpt>
   <trkpt lat="12.9083100" lon="77.5916010">
    <ele>901.9</ele>
    <time>2026-07-01T04:29:56Z</time>
   </trkpt>
   <trkpt lat="12.9083050" lon="77.5916470">
    <ele>901.7</ele>
    <time>2026-07-01T04:29:57Z</time>
   </trkpt>
   <trkpt lat="12.9083030" lon="77.5916880">
    <ele>901.7</ele>
    <time>2026-07-01T04:29:58Z</time>
   </trkpt>
   <trkpt lat="12.9083040" lon="77.5917300">
    <ele>901.6</ele>
    <time>2026-07-01T04:29:59Z</time>
   </trkpt>
   <trkpt lat="12.9083080" lon="77.5917660">
    <ele>901.5</ele>
    <time>2026-07-01T04:30:00Z</time>
   </trkpt>
   <trkpt lat="12.9083060" lon="77.5917930">
    <ele>901.4</ele>
    <time>2026-07-01T04:30:01Z</time>
   </trkpt>
   <trkpt lat="12.9083080" lon="77.5918110">
    <ele>901.4</ele>
    <time>2026-07-01T04:30:02Z</time>
   </trkpt>
   <trkpt lat="12.9083160" lon="77.5918290">
    <ele>901.4</ele>
    <time>2026-07-01T04:30:03Z</time>
   </trkpt>
   <trkpt lat="12.9083350" lon="77.5918370">
    <ele>901.3</ele>
    <time>2026-07-01T04:30:04Z</time>
   </trkpt>
   <trkpt lat="12.9083580" lon="77.5918500">
    <ele>901.3</ele>
    <time>2026-07-01T04:30:05Z</time>
   </trkpt>
   <trkpt lat="12.9083830" lon="77.5918540">
    <ele>901.3</ele>
    <time>2026-07-01T04:30:06Z</time>
   </trkpt>
   <trkpt lat="12.9084190" lon="77.5918540">
    <ele>901.3</ele>
    <time>2026-07-01T04:30:07Z</time>
   </trkpt>
   <trkpt lat="12.9084490" lon="77.5918530">
    <ele>901.3</ele>
    <time>2026-07-01T04:30:08Z</time>
   </trkpt>
   <trkpt lat="12.9084790" lon="77.5918520">
    <ele>901.3</ele>
    <time>2026-07-01T04:30:09Z</time>
   </trkpt>
   <trkpt lat="12.9085060" lon="77.5918510">
    <ele>901.3</ele>
    <time>2026-07-01T04:30:10Z</time>
   </trkpt>
   <trkpt lat="12.9085360" lon="77.5918550">
    <ele>901.3</ele>
    <time>2026-07-01T04:30:11Z</time>
   </trkpt>
   <trkpt lat="12.9085650" lon="77.5918500">
    <ele>901.3</ele>
    <time>2026-07-01T04:30:12Z</time>
   </trkpt>
   <trkpt lat="12.9085940" lon="77.5918440">
    <ele>901.3</ele>
    <time>2026-07-01T04:30:13Z</time>
   </trkpt>
   <trkpt lat="12.9086240" lon="77.5918420">
    <ele>901.3</ele>
    <time>2026-07-01T04:30:14Z</time>
   </trkpt>
   <trkpt lat="12.9086460" lon="77.5918490">
    <ele>901.3</ele>
    <time>2026-07-01T04:30:15Z</time>
   </trkpt>
   <trkpt lat="12.9086790" lon="77.5918500">
    <ele>901.3</ele>
    <time>2026-07-01T04:30:16Z</time>
   </trkpt>
   <trkpt lat="12.9087110" lon="77.5918500">
    <ele>901.4</ele>
    <time>2026-07-01T04:30:17Z</time>
   </trkpt>
   <trkpt lat="12.9087420" lon="77.5918480">
    <ele>901.4</ele>
    <time>2026-07-01T04:30:18Z</time>
   </trkpt>
   <trkpt lat="12.9087680" lon="77.5918510">
    <ele>901.4</ele>
    <time>2026-07-01T04:30:19Z</time>
   </trkpt>
   <trkpt lat="12.9087980" lon="77.5918530">
    <ele>901.4</ele>
    <time>2026-07-01T04:30:20Z</time>
   </trkpt>
   <trkpt lat="12.9088240" lon="77.5918530">
    <ele>901.5</ele>
    <time>2026-07-01T04:30:21Z</time>
   </trkpt>
   <trkpt lat="12.9088520" lon="77.5918510">
    <ele>901.5</ele>
    <time>2026-07-01T04:30:22Z</time>
   </trkpt>
   <trkpt lat="12.9088830" lon="77.5918500">
    <ele>901.5</ele>
    <time>2026-07-01T04:30:23Z</time>
   </trkpt>
   <trkpt lat="12.9089150" lon="77.5918450">
    <ele>901.5</ele>
    <time>2026-07-01T04:30:24Z</time>
   </trkpt>
   <trkpt lat="12.9089470" lon="77.5918410">
    <ele>901.6</ele>
    <time>2026-07-01T04:30:25Z</time>
   </trkpt>
   <trkpt lat="12.9089690" lon="77.5918460">
    <ele>901.6</ele>
    <time>2026-07-01T04:30:26Z</time>
   </trkpt>
   <trkpt lat="12.9089970" lon="77.5918510">
    <ele>901.6</ele>
    <time>2026-07-01T04:30:27Z</time>
   </trkpt>
   <trkpt lat="12.9090230" lon="77.5918520">
    <ele>901.6</ele>
    <time>2026-07-01T04:30:28Z</time>
   </trkpt>
   <trkpt lat="12.9090510" lon="77.5918560">
    <ele>901.6</ele>
    <time>2026-07-01T04:30:29Z</time>
   </trkpt>
   <trkpt lat="12.9090720" lon="77.5918580">
    <ele>901.6</ele>
    <time>2026-07-01T04:30:30Z</time>
   </trkpt>
   <trkpt lat="12.9090910" lon="77.5918540">
    <ele>901.7</ele>
    <time>2026-07-01T04:30:31Z</time>
   </trkpt>
   <trkpt lat="12.9091060" lon="77.5918540">
    <ele>901.7</ele>
    <time>2026-07-01T04:30:32Z</time>
   </trkpt>
   <trkpt lat="12.9091180" lon="77.5918530">
    <ele>901.7</ele>
    <time>2026-07-01T04:30:33Z</time>
   </trkpt>
   <trkpt lat="12.9091170" lon="77.5918510">
    <ele>901.7</ele>
    <time>2026-07-01T04:30:34Z</time>
   </trkpt>
   <trkpt lat="12.9091140" lon="77.5918520">
    <ele>901.7</ele>
    <time>2026-07-01T04:30:35Z</time>
   </trkpt>
   <trkpt lat="12.9091170" lon="77.5918550">
    <ele>901.7</ele>
    <time>2026-07-01T04:30:36Z</time>
   </trkpt>
   <trkpt lat="12.9091180" lon="77.5918560">
    <ele>901.7</ele>
    <time>2026-07-01T04:30:37Z</time>
   </trkpt>
   <trkpt lat="12.9091200" lon="77.5918560">
    <ele>901.7</ele>
    <time>2026-07-01T04:30:38Z</time>
   </trkpt>
   <trkpt lat="12.9091210" lon="77.5918560">
    <ele>901.7</ele>
    <time>2026-07-01T04:30:39Z</time>
   </trkpt>
   <trkpt lat="12.9091230" lon="77.5918600">
    <ele>901.7</ele>
    <time>2026-07-01T04:30:40Z</time>
   </trkpt>
   <trkpt lat="12.9091230" lon="77.5918600">
    <ele>901.7</ele>
    <time>2026-07-01T04:30:41Z</time>
   </trkpt>
   <trkpt lat="12.9091300" lon="77.5918650">
    <ele>901.7</ele>
    <time>2026-07-01T04:30:42Z</time>
   </trkpt>
   <trkpt lat="12.9091290" lon="77.5918640">
    <ele>901.7</ele>
    <time>2026-07-01T04:30:43Z</time>
   </trkpt>
   <trkpt lat="12.9091490" lon="77.5918790">
    <ele>901.7</ele>
    <time>2026-07-01T04:31:39Z</time>
   </trkpt>
   <trkpt lat="12.9091500" lon="77.5918830">
    <ele>901.7</ele>
    <time>2026-07-01T04:31:40Z</time>
   </trkpt>
   <trkpt lat="12.9091510" lon="77.5918900">
    <ele>901.7</ele>
    <time>2026-07-01T04:31:41Z</time>
   </trkpt>
   <trkpt lat="12.9091490" lon="77.5918990">
    <ele>901.7</ele>
    <time>2026-07-01T04:31:42Z</time>
   </trkpt>
   <trkpt lat="12.9091390" lon="77.5919100">
    <ele>901.8</ele>
    <time>2026-07-01T04:31:43Z</time>
   </trkpt>
   <trkpt lat="12.9091230" lon="77.5919170">
    <ele>901.7</ele>
    <time>2026-07-01T04:31:44Z</time>
   </trkpt>
   <trkpt lat="12.9091080" lon="77.5919130">
    <ele>901.7</ele>
    <time>2026-07-01T04:31:45Z</time>
   </trkpt>
   <trkpt lat="12.9090910" lon="77.5919140">
    <ele>901.7</ele>
    <time>2026-07-01T04:31:46Z</time>
   </trkpt>
   <trkpt lat="12.9090750" lon="77.5919140">
    <ele>901.7</ele>
    <time>2026-07-01T04:31:47Z</time>
   </trkpt>
   <trkpt lat="12.9090540" lon="77.5919150">
    <ele>901.6</ele>
    <time>2026-07-01T04:31:48Z</time>
   </trkpt>
   <trkpt lat="12.9086550" lon="77.5918910">
    <ele>901.3</ele>
    <time>2026-07-01T04:32:05Z</time>
   </trkpt>
   <trkpt lat="12.9086260" lon="77.5918940">
    <ele>901.3</ele>
    <time>2026-07-01T04:32:06Z</time>
   </trkpt>
   <trkpt lat="12.9086000" lon="77.5918950">
    <ele>901.3</ele>
    <time>2026-07-01T04:32:07Z</time>
   </trkpt>
   <trkpt lat="12.9085700" lon="77.5918960">
    <ele>901.3</ele>
    <time>2026-07-01T04:32:08Z</time>
   </trkpt>
   <trkpt lat="12.9085430" lon="77.5918890">
    <ele>901.3</ele>
    <time>2026-07-01T04:32:09Z</time>
   </trkpt>
   <trkpt lat="12.9085160" lon="77.5918850">
    <ele>901.3</ele>
    <time>2026-07-01T04:32:10Z</time>
   </trkpt>
   <trkpt lat="12.9084870" lon="77.5918820">
    <ele>901.3</ele>
    <time>2026-07-01T04:32:11Z</time>
   </trkpt>
   <trkpt lat="12.9084540" lon="77.5918840">
    <ele>901.3</ele>
    <time>2026-07-01T04:32:12Z</time>
   </trkpt>
   <trkpt lat="12.9084280" lon="77.5918840">
    <ele>901.3</ele>
    <time>2026-07-01T04:32:13Z</time>
   </trkpt>
   <trkpt lat="12.9083950" lon="77.5918850">
    <ele>901.3</ele>
    <time>2026-07-01T04:32:14Z</time>
   </trkpt>
   <trkpt lat="12.9083680" lon="77.5918820">
    <ele>901.3</ele>
    <time>2026-07-01T04:32:15Z</time>
   </trkpt>
   <trkpt lat="12.9083350" lon="77.5918840">
    <ele>901.3</ele>
    <time>2026-07-01T04:32:16Z</time>
   </trkpt>
   <trkpt lat="12.9083070" lon="77.5918810">
    <ele>901.3</ele>
    <time>2026-07-01T04:32:17Z</time>
   </trkpt>
   <trkpt lat="12.9082800" lon="77.5918820">
    <ele>901.3</ele>
    <time>2026-07-01T04:32:18Z</time>
   </trkpt>
   <trkpt lat="12.9082560" lon="77.5918840">
    <ele>901.3</ele>
    <time>2026-07-01T04:32:19Z</time>
   </trkpt>
   <trkpt lat="12.9082300" lon="77.5918850">
    <ele>901.3</ele>
    <time>2026-07-01T04:32:20Z</time>
   </trkpt>
   <trkpt lat="12.9082020" lon="77.5918860">
    <ele>901.2</ele>
    <time>2026-07-01T04:32:21Z</time>
   </trkpt>
   <trkpt lat="12.9081730" lon="77.5918850">
    <ele>901.2</ele>
    <time>2026-07-01T04:32:22Z</time>
   </trkpt>
   <trkpt lat="12.9081440" lon="77.5918880">
    <ele>901.2</ele>
    <time>2026-07-01T04:32:23Z</time>
   </trkpt>
   <trkpt lat="12.9081160" lon="77.5918910">
    <ele>901.2</ele>
    <time>2026-07-01T04:32:24Z</time>
   </trkpt>
   <trkpt lat="12.9080880" lon="77.5918930">
    <ele>901.1</ele>
    <time>2026-07-01T04:32:25Z</time>
   </trkpt>
   <trkpt lat="12.9080580" lon="77.5918950">
    <ele>901.1</ele>
    <time>2026-07-01T04:32:26Z</time>
   </trkpt>
   <trkpt lat="12.9080260" lon="77.5918950">
    <ele>901.1</ele>
    <time>2026-07-01T04:32:27Z</time>
   </trkpt>
   <trkpt lat="12.9079980" lon="77.5918950">
    <ele>901.0</ele>
    <time>2026-07-01T04:32:28Z</time>
   </trkpt>
   <trkpt lat="12.9079690" lon="77.5918950">
    <ele>901.0</ele>
    <time>2026-07-01T04:32:29Z</time>
   </trkpt>
   <trkpt lat="12.9079380" lon="77.5918950">
    <ele>901.0</ele>
    <time>2026-07-01T04:32:30Z</time>
   </trkpt>
   <trkpt lat="12.9079120" lon="77.5918980">
    <ele>901.0</ele>
    <time>2026-07-01T04:32:31Z</time>
   </trkpt>
   <trkpt lat="12.9078750" lon="77.5918980">
    <ele>901.0</ele>
    <time>2026-07-01T04:32:32Z</time>
   </trkpt>
   <trkpt lat="12.9078430" lon="77.5919000">
    <ele>901.0</ele>
    <time>2026-07-01T04:32:33Z</time>
   </trkpt>
   <trkpt lat="12.9078130" lon="77.5919050">
    <ele>901.0</ele>
    <time>2026-07-01T04:32:34Z</time>
   </trkpt>
   <trkpt lat="12.9077750" lon="77.5919070">
    <ele>901.0</ele>
    <time>2026-07-01T04:32:35Z</time>
   </trkpt>
   <trkpt lat="12.9077460" lon="77.5919060">
    <ele>901.0</ele>
    <time>2026-07-01T04:32:36Z</time>
   </trkpt>
   <trkpt lat="12.9077100" lon="77.5919120">
    <ele>901.0</ele>
    <time>2026-07-01T04:32:37Z</time>
   </trkpt>
   <trkpt lat="12.9076750" lon="77.5919100">
    <ele>901.0</ele>
    <time>2026-07-01T04:32:38Z</time>
   </trkpt>
   <trkpt lat="12.9076370" lon="77.5919090">
    <ele>901.0</ele>
    <time>2026-07-01T04:32:39Z</time>
   </trkpt>
   <trkpt lat="12.9076040" lon="77.5919130">
    <ele>901.0</ele>
    <time>2026-07-01T04:32:40Z</time>
   </trkpt>
   <trkpt lat="12.9075730" lon="77.5919160">
    <ele>901.0</ele>
    <time>2026-07-01T04:32:41Z</time>
   </trkpt>
   <trkpt lat="12.9075460" lon="77.5919150">
    <ele>901.0</ele>
    <time>2026-07-01T04:32:42Z</time>
   </trkpt>
   <trkpt lat="12.9075200" lon="77.5919160">
    <ele>901.0</ele>
    <time>2026-07-01T04:32:43Z</time>
   </trkpt>
   <trkpt lat="12.9074990" lon="77.5919220">
    <ele>901.0</ele>
    <time>2026-07-01T04:32:44Z</time>
   </trkpt>
   <trkpt lat="12.9074870" lon="77.5919390">
    <ele>901.0</ele>
    <time>2026-07-01T04:32:45Z</time>
   </trkpt>
   <trkpt lat="12.9074840" lon="77.5919570">
    <ele>900.9</ele>
    <time>2026-07-01T04:32:46Z</time>
   </trkpt>
   <trkpt lat="12.9074850" lon="77.5919800">
    <ele>900.9</ele>
    <time>2026-07-01T04:32:47Z</time>
   </trkpt>
   <trkpt lat="12.9074800" lon="77.5920050">
    <ele>900.9</ele>
    <time>2026-07-01T04:32:48Z</time>
   </trkpt>
   <trkpt lat="12.9074730" lon="77.5920360">
    <ele>900.8</ele>
    <time>2026-07-01T04:32:49Z</time>
   </trkpt>
   <trkpt lat="12.9074730" lon="77.5920670">
    <ele>900.8</ele>
    <time>2026-07-01T04:32:50Z</time>
   </trkpt>
   <trkpt lat="12.9074740" lon="77.5920980">
    <ele>900.7</ele>
    <time>2026-07-01T04:32:51Z</time>
   </trkpt>
   <trkpt lat="12.9074770" lon="77.5921300">
    <ele>900.7</ele>
    <time>2026-07-01T04:32:52Z</time>
   </trkpt>
   <trkpt lat="12.9074800" lon="77.5921590">
    <ele>900.6</ele>
    <time>2026-07-01T04:32:53Z</time>
   </trkpt>
   <trkpt lat="12.9074860" lon="77.5921900">
    <ele>900.6</ele>
    <time>2026-07-01T04:32:54Z</time>
   </trkpt>
   <trkpt lat="12.9074900" lon="77.5922210">
    <ele>900.5</ele>
    <time>2026-07-01T04:32:55Z</time>
   </trkpt>
   <trkpt lat="12.9074890" lon="77.5922520">
    <ele>900.5</ele>
    <time>2026-07-01T04:32:56Z</time>
   </trkpt>
   <trkpt lat="12.9074860" lon="77.5922820">
    <ele>900.5</ele>
    <time>2026-07-01T04:32:57Z</time>
   </trkpt>
   <trkpt lat="12.9074890" lon="77.5923120">
    <ele>900.4</ele>
    <time>2026-07-01T04:32:58Z</time>
   </trkpt>
   <trkpt lat="12.9074900" lon="77.5923410">
    <ele>900.4</ele>
    <time>2026-07-01T04:32:59Z</time>
   </trkpt>
   <trkpt lat="12.9074890" lon="77.5923690">
    <ele>900.4</ele>
    <time>2026-07-01T04:33:00Z</time>
   </trkpt>
   <trkpt lat="12.9074930" lon="77.5923980">
    <ele>900.3</ele>
    <time>2026-07-01T04:33:01Z</time>
   </trkpt>
   <trkpt lat="12.9074920" lon="77.5924280">
    <ele>900.3</ele>
    <time>2026-07-01T04:33:02Z</time>
   </trkpt>
   <trkpt lat="12.9074920" lon="77.5924580">
    <ele>900.3</ele>
    <time>2026-07-01T04:33:03Z</time>
   </trkpt>
   <trkpt lat="12.9074910" lon="77.5924910">
    <ele>900.3</ele>
    <time>2026-07-01T04:33:04Z</time>
   </trkpt>
   <trkpt lat="12.9074900" lon="77.5925240">
    <ele>900.2</ele>
    <time>2026-07-01T04:33:05Z</time>
   </trkpt>
   <trkpt lat="12.9074900" lon="77.5925550">
    <ele>900.2</ele>
    <time>2026-07-01T04:33:06Z</time>
   </trkpt>
   <trkpt lat="12.9074930" lon="77.5925870">
    <ele>900.2</ele>
    <time>2026-07-01T04:33:07Z</time>
   </trkpt>
   <trkpt lat="12.9074950" lon="77.5926190">
    <ele>900.2</ele>
    <time>2026-07-01T04:33:08Z</time>
   </trkpt>
   <trkpt lat="12.9074940" lon="77.5926530">
    <ele>900.2</ele>
    <time>2026-07-01T04:33:10Z</time>
   </trkpt>
   <trkpt lat="12.9074920" lon="77.5926860">
    <ele>900.1</ele>
    <time>2026-07-01T04:33:11Z</time>
   </trkpt>
   <trkpt lat="12.9074900" lon="77.5927200">
    <ele>900.1</ele>
    <time>2026-07-01T04:33:12Z</time>
   </trkpt>
   <trkpt lat="12.9074910" lon="77.5927530">
    <ele>900.1</ele>
    <time>2026-07-01T04:33:13Z</time>
   </trkpt>
   <trkpt lat="12.9074900" lon="77.5927840">
    <ele>900.1</ele>
    <time>2026-07-01T04:33:14Z</time>
   </trkpt>
   <trkpt lat="12.9074900" lon="77.5928160">
    <ele>900.1</ele>
    <time>2026-07-01T04:33:15Z</time>
   </trkpt>
   <trkpt lat="12.9074940" lon="77.5928480">
    <ele>900.1</ele>
    <time>2026-07-01T04:33:16Z</time>
   </trkpt>
   <trkpt lat="12.9074930" lon="77.5928850">
    <ele>900.1</ele>
    <time>2026-07-01T04:33:17Z</time>
   </trkpt>
   <trkpt lat="12.9074910" lon="77.5929180">
    <ele>900.0</ele>
    <time>2026-07-01T04:33:18Z</time>
   </trkpt>
   <trkpt lat="12.9074860" lon="77.5929540">
    <ele>900.0</ele>
    <time>2026-07-01T04:33:19Z</time>
   </trkpt>
   <trkpt lat="12.9074840" lon="77.5929870">
    <ele>900.0</ele>
    <time>2026-07-01T04:33:20Z</time>
   </trkpt>
   <trkpt lat="12.9074830" lon="77.5930200">
    <ele>900.0</ele>
    <time>2026-07-01T04:33:21Z</time>
   </trkpt>
   <trkpt lat="12.9074810" lon="77.5930480">
    <ele>900.0</ele>
    <time>2026-07-01T04:33:22Z</time>
   </trkpt>
   <trkpt lat="12.9074830" lon="77.5930760">
    <ele>900.0</ele>
    <time>2026-07-01T04:33:23Z</time>
   </trkpt>
   <trkpt lat="12.9074860" lon="77.5931050">
    <ele>899.9</ele>
    <time>2026-07-01T04:33:24Z</time>
   </trkpt>
   <trkpt lat="12.9074860" lon="77.5931320">
    <ele>899.9</ele>
    <time>2026-07-01T04:33:25Z</time>
   </trkpt>
   <trkpt lat="12.9074900" lon="77.5931580">
    <ele>899.9</ele>
    <time>2026-07-01T04:33:26Z</time>
   </trkpt>
   <trkpt lat="12.9074930" lon="77.5931840">
    <ele>899.9</ele>
    <time>2026-07-01T04:33:27Z</time>
   </trkpt>
   <trkpt lat="12.9074920" lon="77.5932080">
    <ele>899.9</ele>
    <time>2026-07-01T04:33:28Z</time>
   </trkpt>
   <trkpt lat="12.9074860" lon="77.5932330">
    <ele>899.8</ele>
    <time>2026-07-01T04:33:29Z</time>
   </trkpt>
   <trkpt lat="12.9074820" lon="77.5932570">
    <ele>899.8</ele>
    <time>2026-07-01T04:33:30Z</time>
   </trkpt>
   <trkpt lat="12.9074770" lon="77.5932790">
    <ele>899.8</ele>
    <time>2026-07-01T04:33:31Z</time>
   </trkpt>
   <trkpt lat="12.9074730" lon="77.5933040">
    <ele>899.7</ele>
    <time>2026-07-01T04:33:32Z</time>
   </trkpt>
   <trkpt lat="12.9074730" lon="77.5933310">
    <ele>899.7</ele>
    <time>2026-07-01T04:33:33Z</time>
   </trkpt>
   <trkpt lat="12.9074750" lon="77.5933900">
    <ele>899.6</ele>
    <time>2026-07-01T04:33:34Z</time>
   </trkpt>
   <trkpt lat="12.9074710" lon="77.5934170">
    <ele>899.6</ele>
    <time>2026-07-01T04:33:35Z</time>
   </trkpt>
   <trkpt lat="12.9074720" lon="77.5934400">
    <ele>899.6</ele>
    <time>2026-07-01T04:33:36Z</time>
   </trkpt>
   <trkpt lat="12.9074790" lon="77.5934630">
    <ele>899.6</ele>
    <time>2026-07-01T04:33:37Z</time>
   </trkpt>
   <trkpt lat="12.9074840" lon="77.5934840">
    <ele>899.5</ele>
    <time>2026-07-01T04:33:38Z</time>
   </trkpt>
   <trkpt lat="12.9074750" lon="77.5935100">
    <ele>899.5</ele>
    <time>2026-07-01T04:33:39Z</time>
   </trkpt>
   <trkpt lat="12.9074760" lon="77.5935320">
    <ele>899.5</ele>
    <time>2026-07-01T04:33:40Z</time>
   </trkpt>
   <trkpt lat="12.9074690" lon="77.5935630">
    <ele>899.5</ele>
    <time>2026-07-01T04:33:41Z</time>
   </trkpt>
   <trkpt lat="12.9074600" lon="77.5935880">
    <ele>899.5</ele>
    <time>2026-07-01T04:33:42Z</time>
   </trkpt>
   <trkpt lat="12.9074440" lon="77.5936090">
    <ele>899.4</ele>
    <time>2026-07-01T04:33:43Z</time>
   </trkpt>
   <trkpt lat="12.9074240" lon="77.5936170">
    <ele>899.4</ele>
    <time>2026-07-01T04:33:44Z</time>
   </trkpt>
   <trkpt lat="12.9073980" lon="77.5936230">
    <ele>899.4</ele>
    <time>2026-07-01T04:33:45Z</time>
   </trkpt>
   <trkpt lat="12.9073810" lon="77.5936170">
    <ele>899.4</ele>
    <time>2026-07-01T04:33:46Z</time>
   </trkpt>
   <trkpt lat="12.9073450" lon="77.5936250">
    <ele>899.3</ele>
    <time>2026-07-01T04:33:47Z</time>
   </trkpt>
   <trkpt lat="12.9073150" lon="77.5936290">
    <ele>899.3</ele>
    <time>2026-07-01T04:33:48Z</time>
   </trkpt>
   <trkpt lat="12.9072870" lon="77.5936290">
    <ele>899.3</ele>
    <time>2026-07-01T04:33:49Z</time>
   </trkpt>
   <trkpt lat="12.9072600" lon="77.5936290">
    <ele>899.3</ele>
    <time>2026-07-01T04:33:50Z</time>
   </trkpt>
   <trkpt lat="12.9072290" lon="77.5936330">
    <ele>899.2</ele>
    <time>2026-07-01T04:33:51Z</time>
   </trkpt>
   <trkpt lat="12.9071980" lon="77.5936340">
    <ele>899.2</ele>
    <time>2026-07-01T04:33:52Z</time>
   </trkpt>
   <trkpt lat="12.9071680" lon="77.5936330">
    <ele>899.2</ele>
    <time>2026-07-01T04:33:53Z</time>
   </trkpt>
   <trkpt lat="12.9071370" lon="77.5936330">
    <ele>899.2</ele>
    <time>2026-07-01T04:33:54Z</time>
   </trkpt>
   <trkpt lat="12.9071050" lon="77.5936330">
    <ele>899.2</ele>
    <time>2026-07-01T04:33:55Z</time>
   </trkpt>
   <trkpt lat="12.9070720" lon="77.5936330">
    <ele>899.2</ele>
    <time>2026-07-01T04:33:56Z</time>
   </trkpt>
   <trkpt lat="12.9070420" lon="77.5936360">
    <ele>899.1</ele>
    <time>2026-07-01T04:33:57Z</time>
   </trkpt>
   <trkpt lat="12.9070130" lon="77.5936380">
    <ele>899.1</ele>
    <time>2026-07-01T04:33:58Z</time>
   </trkpt>
   <trkpt lat="12.9069860" lon="77.5936410">
    <ele>899.1</ele>
    <time>2026-07-01T04:33:59Z</time>
   </trkpt>
   <trkpt lat="12.9069320" lon="77.5936430">
    <ele>899.1</ele>
    <time>2026-07-01T04:34:01Z</time>
   </trkpt>
   <trkpt lat="12.9069040" lon="77.5936470">
    <ele>899.1</ele>
    <time>2026-07-01T04:34:02Z</time>
   </trkpt>
   <trkpt lat="12.9068800" lon="77.5936500">
    <ele>899.1</ele>
    <time>2026-07-01T04:34:03Z</time>
   </trkpt>
   <trkpt lat="12.9068560" lon="77.5936530">
    <ele>899.1</ele>
    <time>2026-07-01T04:34:04Z</time>
   </trkpt>
   <trkpt lat="12.9068350" lon="77.5936570">
    <ele>899.1</ele>
    <time>2026-07-01T04:34:05Z</time>
   </trkpt>
   <trkpt lat="12.9068110" lon="77.5936590">
    <ele>899.1</ele>
    <time>2026-07-01T04:34:06Z</time>
   </trkpt>
   <trkpt lat="12.9067930" lon="77.5936590">
    <ele>899.1</ele>
    <time>2026-07-01T04:34:07Z</time>
   </trkpt>
   <trkpt lat="12.9067710" lon="77.5936610">
    <ele>899.1</ele>
    <time>2026-07-01T04:34:08Z</time>
   </trkpt>
   <trkpt lat="12.9067460" lon="77.5936610">
    <ele>899.1</ele>
    <time>2026-07-01T04:34:09Z</time>
   </trkpt>
   <trkpt lat="12.9067250" lon="77.5936590">
    <ele>899.1</ele>
    <time>2026-07-01T04:34:10Z</time>
   </trkpt>
   <trkpt lat="12.9067020" lon="77.5936600">
    <ele>899.1</ele>
    <time>2026-07-01T04:34:11Z</time>
   </trkpt>
   <trkpt lat="12.9065310" lon="77.5936620">
    <ele>899.2</ele>
    <time>2026-07-01T04:34:17Z</time>
   </trkpt>
   <trkpt lat="12.9065060" lon="77.5936620">
    <ele>899.2</ele>
    <time>2026-07-01T04:34:18Z</time>
   </trkpt>
   <trkpt lat="12.9064800" lon="77.5936610">
    <ele>899.2</ele>
    <time>2026-07-01T04:34:19Z</time>
   </trkpt>
   <trkpt lat="12.9064620" lon="77.5936600">
    <ele>899.2</ele>
    <time>2026-07-01T04:34:20Z</time>
   </trkpt>
   <trkpt lat="12.9064460" lon="77.5936640">
    <ele>899.2</ele>
    <time>2026-07-01T04:34:21Z</time>
   </trkpt>
   <trkpt lat="12.9064320" lon="77.5936770">
    <ele>899.2</ele>
    <time>2026-07-01T04:34:22Z</time>
   </trkpt>
   <trkpt lat="12.9064270" lon="77.5936970">
    <ele>899.2</ele>
    <time>2026-07-01T04:34:23Z</time>
   </trkpt>
   <trkpt lat="12.9064280" lon="77.5937190">
    <ele>899.2</ele>
    <time>2026-07-01T04:34:24Z</time>
   </trkpt>
   <trkpt lat="12.9064310" lon="77.5937410">
    <ele>899.2</ele>
    <time>2026-07-01T04:34:25Z</time>
   </trkpt>
   <trkpt lat="12.9064300" lon="77.5937660">
    <ele>899.2</ele>
    <time>2026-07-01T04:34:26Z</time>
   </trkpt>
   <trkpt lat="12.9064330" lon="77.5937890">
    <ele>899.2</ele>
    <time>2026-07-01T04:34:27Z</time>
   </trkpt>
   <trkpt lat="12.9064330" lon="77.5938130">
    <ele>899.2</ele>
    <time>2026-07-01T04:34:28Z</time>
   </trkpt>
   <trkpt lat="12.9064330" lon="77.5938360">
    <ele>899.2</ele>
    <time>2026-07-01T04:34:29Z</time>
   </trkpt>
   <trkpt lat="12.9064350" lon="77.5938600">
    <ele>899.2</ele>
    <time>2026-07-01T04:34:30Z</time>
   </trkpt>
   <trkpt lat="12.9064330" lon="77.5938830">
    <ele>899.2</ele>
    <time>2026-07-01T04:34:31Z</time>
   </trkpt>
   <trkpt lat="12.9064340" lon="77.5939060">
    <ele>899.2</ele>
    <time>2026-07-01T04:34:32Z</time>
   </trkpt>
   <trkpt lat="12.9064350" lon="77.5939280">
    <ele>899.2</ele>
    <time>2026-07-01T04:34:33Z</time>
   </trkpt>
   <trkpt lat="12.9064400" lon="77.5939490">
    <ele>899.2</ele>
    <time>2026-07-01T04:34:34Z</time>
   </trkpt>
   <trkpt lat="12.9064410" lon="77.5939710">
    <ele>899.2</ele>
    <time>2026-07-01T04:34:35Z</time>
   </trkpt>
   <trkpt lat="12.9064390" lon="77.5939920">
    <ele>899.2</ele>
    <time>2026-07-01T04:34:36Z</time>
   </trkpt>
   <trkpt lat="12.9064370" lon="77.5940110">
    <ele>899.2</ele>
    <time>2026-07-01T04:34:37Z</time>
   </trkpt>
   <trkpt lat="12.9064360" lon="77.5940320">
    <ele>899.2</ele>
    <time>2026-07-01T04:34:38Z</time>
   </trkpt>
   <trkpt lat="12.9064370" lon="77.5940510">
    <ele>899.2</ele>
    <time>2026-07-01T04:34:39Z</time>
   </trkpt>
   <trkpt lat="12.9064370" lon="77.5940740">
    <ele>899.3</ele>
    <time>2026-07-01T04:34:40Z</time>
   </trkpt>
   <trkpt lat="12.9064370" lon="77.5941000">
    <ele>899.3</ele>
    <time>2026-07-01T04:34:41Z</time>
   </trkpt>
   <trkpt lat="12.9064370" lon="77.5941280">
    <ele>899.3</ele>
    <time>2026-07-01T04:34:42Z</time>
   </trkpt>
   <trkpt lat="12.9064360" lon="77.5941580">
    <ele>899.3</ele>
    <time>2026-07-01T04:34:43Z</time>
   </trkpt>
   <trkpt lat="12.9064340" lon="77.5941870">
    <ele>899.3</ele>
    <time>2026-07-01T04:34:44Z</time>
   </trkpt>
   <trkpt lat="12.9064320" lon="77.5942170">
    <ele>899.4</ele>
    <time>2026-07-01T04:34:45Z</time>
   </trkpt>
   <trkpt lat="12.9064340" lon="77.5942460">
    <ele>899.4</ele>
    <time>2026-07-01T04:34:46Z</time>
   </trkpt>
   <trkpt lat="12.9064340" lon="77.5942750">
    <ele>899.4</ele>
    <time>2026-07-01T04:34:47Z</time>
   </trkpt>
   <trkpt lat="12.9064330" lon="77.5943060">
    <ele>899.4</ele>
    <time>2026-07-01T04:34:48Z</time>
   </trkpt>
   <trkpt lat="12.9064330" lon="77.5943370">
    <ele>899.5</ele>
    <time>2026-07-01T04:34:49Z</time>
   </trkpt>
   <trkpt lat="12.9064320" lon="77.5943670">
    <ele>899.5</ele>
    <time>2026-07-01T04:34:50Z</time>
   </trkpt>
   <trkpt lat="12.9064360" lon="77.5943960">
    <ele>899.5</ele>
    <time>2026-07-01T04:34:51Z</time>
   </trkpt>
   <trkpt lat="12.9064340" lon="77.5944270">
    <ele>899.5</ele>
    <time>2026-07-01T04:34:52Z</time>
   </trkpt>
   <trkpt lat="12.9064360" lon="77.5944560">
    <ele>899.5</ele>
    <time>2026-07-01T04:34:53Z</time>
   </trkpt>
   <trkpt lat="12.9064370" lon="77.5944820">
    <ele>899.6</ele>
    <time>2026-07-01T04:34:54Z</time>
   </trkpt>
   <trkpt lat="12.9064380" lon="77.5945100">
    <ele>899.6</ele>
    <time>2026-07-01T04:34:55Z</time>
   </trkpt>
   <trkpt lat="12.9064420" lon="77.5945380">
    <ele>899.6</ele>
    <time>2026-07-01T04:34:56Z</time>
   </trkpt>
   <trkpt lat="12.9064420" lon="77.5945660">
    <ele>899.6</ele>
    <time>2026-07-01T04:34:57Z</time>
   </trkpt>
   <trkpt lat="12.9064420" lon="77.5945940">
    <ele>899.6</ele>
    <time>2026-07-01T04:34:58Z</time>
   </trkpt>
   <trkpt lat="12.9064380" lon="77.5946230">
    <ele>899.6</ele>
    <time>2026-07-01T04:34:59Z</time>
   </trkpt>
   <trkpt lat="12.9064370" lon="77.5946490">
    <ele>899.6</ele>
    <time>2026-07-01T04:35:00Z</time>
   </trkpt>
   <trkpt lat="12.9064350" lon="77.5946720">
    <ele>899.6</ele>
    <time>2026-07-01T04:35:01Z</time>
   </trkpt>
   <trkpt lat="12.9064330" lon="77.5946980">
    <ele>899.6</ele>
    <time>2026-07-01T04:35:02Z</time>
   </trkpt>
   <trkpt lat="12.9064350" lon="77.5947250">
    <ele>899.6</ele>
    <time>2026-07-01T04:35:03Z</time>
   </trkpt>
   <trkpt lat="12.9064400" lon="77.5947490">
    <ele>899.6</ele>
    <time>2026-07-01T04:35:04Z</time>
   </trkpt>
   <trkpt lat="12.9064390" lon="77.5947730">
    <ele>899.7</ele>
    <time>2026-07-01T04:35:05Z</time>
   </trkpt>
   <trkpt lat="12.9064360" lon="77.5947950">
    <ele>899.7</ele>
    <time>2026-07-01T04:35:06Z</time>
   </trkpt>
   <trkpt lat="12.9064360" lon="77.5948160">
    <ele>899.7</ele>
    <time>2026-07-01T04:35:07Z</time>
   </trkpt>
   <trkpt lat="12.9064370" lon="77.5948330">
    <ele>899.7</ele>
    <time>2026-07-01T04:35:08Z</time>
   </trkpt>
   <trkpt lat="12.9064330" lon="77.5948490">
    <ele>899.7</ele>
    <time>2026-07-01T04:35:09Z</time>
   </trkpt>
   <trkpt lat="12.9064270" lon="77.5948670">
    <ele>899.7</ele>
    <time>2026-07-01T04:35:10Z</time>
   </trkpt>
   <trkpt lat="12.9064250" lon="77.5948850">
    <ele>899.7</ele>
    <time>2026-07-01T04:35:11Z</time>
   </trkpt>
   <trkpt lat="12.9064340" lon="77.5949010">
    <ele>899.7</ele>
    <time>2026-07-01T04:35:12Z</time>
   </trkpt>
   <trkpt lat="12.9064350" lon="77.5949140">
    <ele>899.7</ele>
    <time>2026-07-01T04:35:13Z</time>
   </trkpt>
   <trkpt lat="12.9064360" lon="77.5949240">
    <ele>899.7</ele>
    <time>2026-07-01T04:35:14Z</time>
   </trkpt>
   <trkpt lat="12.9064330" lon="77.5949280">
    <ele>899.7</ele>
    <time>2026-07-01T04:35:16Z</time>
   </trkpt>
   <trkpt lat="12.9064350" lon="77.5949270">
    <ele>899.7</ele>
    <time>2026-07-01T04:35:17Z</time>
   </trkpt>
   <trkpt lat="12.9064360" lon="77.5949270">
    <ele>899.7</ele>
    <time>2026-07-01T04:35:18Z</time>
   </trkpt>
   <trkpt lat="12.9064300" lon="77.5950970">
    <ele>899.9</ele>
    <time>2026-07-01T04:36:38Z</time>
   </trkpt>
   <trkpt lat="12.9064250" lon="77.5951220">
    <ele>900.1</ele>
    <time>2026-07-01T04:36:39Z</time>
   </trkpt>
   <trkpt lat="12.9064230" lon="77.5951480">
    <ele>900.1</ele>
    <time>2026-07-01T04:36:40Z</time>
   </trkpt>
   <trkpt lat="12.9064210" lon="77.5951740">
    <ele>900.1</ele>
    <time>2026-07-01T04:36:41Z</time>
   </trkpt>
   <trkpt lat="12.9064220" lon="77.5952000">
    <ele>900.1</ele>
    <time>2026-07-01T04:36:42Z</time>
   </trkpt>
   <trkpt lat="12.9064210" lon="77.5952270">
    <ele>900.1</ele>
    <time>2026-07-01T04:36:43Z</time>
   </trkpt>
   <trkpt lat="12.9064170" lon="77.5952560">
    <ele>900.1</ele>
    <time>2026-07-01T04:36:44Z</time>
   </trkpt>
   <trkpt lat="12.9064130" lon="77.5952830">
    <ele>900.1</ele>
    <time>2026-07-01T04:36:45Z</time>
   </trkpt>
   <trkpt lat="12.9064080" lon="77.5953080">
    <ele>900.1</ele>
    <time>2026-07-01T04:36:46Z</time>
   </trkpt>
   <trkpt lat="12.9064050" lon="77.5953330">
    <ele>900.1</ele>
    <time>2026-07-01T04:36:47Z</time>
   </trkpt>
   <trkpt lat="12.9064060" lon="77.5953560">
    <ele>900.1</ele>
    <time>2026-07-01T04:36:48Z</time>
   </trkpt>
   <trkpt lat="12.9063980" lon="77.5953780">
    <ele>900.1</ele>
    <time>2026-07-01T04:36:49Z</time>
   </trkpt>
   <trkpt lat="12.9063990" lon="77.5954080">
    <ele>900.1</ele>
    <time>2026-07-01T04:36:50Z</time>
   </trkpt>
   <trkpt lat="12.9064020" lon="77.5954370">
    <ele>900.1</ele>
    <time>2026-07-01T04:36:51Z</time>
   </trkpt>
   <trkpt lat="12.9064040" lon="77.5954660">
    <ele>900.1</ele>
    <time>2026-07-01T04:36:52Z</time>
   </trkpt>
   <trkpt lat="12.9064010" lon="77.5954960">
    <ele>900.1</ele>
    <time>2026-07-01T04:36:53Z</time>
   </trkpt>
   <trkpt lat="12.9064000" lon="77.5955240">
    <ele>900.1</ele>
    <time>2026-07-01T04:36:54Z</time>
   </trkpt>
   <trkpt lat="12.9063970" lon="77.5955560">
    <ele>900.1</ele>
    <time>2026-07-01T04:36:55Z</time>
   </trkpt>
   <trkpt lat="12.9063940" lon="77.5955870">
    <ele>900.1</ele>
    <time>2026-07-01T04:36:56Z</time>
   </trkpt>
   <trkpt lat="12.9063890" lon="77.5956170">
    <ele>900.1</ele>
    <time>2026-07-01T04:36:57Z</time>
   </trkpt>
   <trkpt lat="12.9063850" lon="77.5956470">
    <ele>900.1</ele>
    <time>2026-07-01T04:36:58Z</time>
   </trkpt>
   <trkpt lat="12.9063790" lon="77.5956780">
    <ele>900.2</ele>
    <time>2026-07-01T04:36:59Z</time>
   </trkpt>
   <trkpt lat="12.9063730" lon="77.5957070">
    <ele>900.2</ele>
    <time>2026-07-01T04:37:00Z</time>
   </trkpt>
   <trkpt lat="12.9063670" lon="77.5957370">
    <ele>900.2</ele>
    <time>2026-07-01T04:37:01Z</time>
   </trkpt>
   <trkpt lat="12.9063620" lon="77.5957650">
    <ele>900.2</ele>
    <time>2026-07-01T04:37:02Z</time>
   </trkpt>
   <trkpt lat="12.9063550" lon="77.5957950">
    <ele>900.2</ele>
    <time>2026-07-01T04:37:03Z</time>
   </trkpt>
   <trkpt lat="12.9063520" lon="77.5958240">
    <ele>900.2</ele>
    <time>2026-07-01T04:37:04Z</time>
   </trkpt>
   <trkpt lat="12.9063490" lon="77.5958550">
    <ele>900.2</ele>
    <time>2026-07-01T04:37:05Z</time>
   </trkpt>
   <trkpt lat="12.9063460" lon="77.5958850">
    <ele>900.2</ele>
    <time>2026-07-01T04:37:06Z</time>
   </trkpt>
   <trkpt lat="12.9063430" lon="77.5959120">
    <ele>900.2</ele>
    <time>2026-07-01T04:37:07Z</time>
   </trkpt>
   <trkpt lat="12.9063380" lon="77.5959470">
    <ele>900.2</ele>
    <time>2026-07-01T04:37:08Z</time>
   </trkpt>
   <trkpt lat="12.9063350" lon="77.5959770">
    <ele>900.2</ele>
    <time>2026-07-01T04:37:09Z</time>
   </trkpt>
   <trkpt lat="12.9063330" lon="77.5960050">
    <ele>900.2</ele>
    <time>2026-07-01T04:37:10Z</time>
   </trkpt>
   <trkpt lat="12.9063300" lon="77.5960360">
    <ele>900.2</ele>
    <time>2026-07-01T04:37:11Z</time>
   </trkpt>
   <trkpt lat="12.9063250" lon="77.5960710">
    <ele>900.3</ele>
    <time>2026-07-01T04:37:12Z</time>
   </trkpt>
   <trkpt lat="12.9063220" lon="77.5961030">
    <ele>900.3</ele>
    <time>2026-07-01T04:37:13Z</time>
   </trkpt>
   <trkpt lat="12.9063170" lon="77.5961330">
    <ele>900.3</ele>
    <time>2026-07-01T04:37:14Z</time>
   </trkpt>
   <trkpt lat="12.9063170" lon="77.5961610">
    <ele>900.3</ele>
    <time>2026-07-01T04:37:15Z</time>
   </trkpt>
   <trkpt lat="12.9063100" lon="77.5961920">
    <ele>900.3</ele>
    <time>2026-07-01T04:37:16Z</time>
   </trkpt>
   <trkpt lat="12.9063030" lon="77.5962280">
    <ele>900.3</ele>
    <time>2026-07-01T04:37:17Z</time>
   </trkpt>
   <trkpt lat="12.9062980" lon="77.5962600">
    <ele>900.3</ele>
    <time>2026-07-01T04:37:18Z</time>
   </trkpt>
   <trkpt lat="12.9062950" lon="77.5962910">
    <ele>900.3</ele>
    <time>2026-07-01T04:37:19Z</time>
   </trkpt>
   <trkpt lat="12.9062900" lon="77.5963230">
    <ele>900.3</ele>
    <time>2026-07-01T04:37:20Z</time>
   </trkpt>
   <trkpt lat="12.9062870" lon="77.5963550">
    <ele>900.4</ele>
    <time>2026-07-01T04:37:22Z</time>
   </trkpt>
   <trkpt lat="12.9062830" lon="77.5963890">
    <ele>900.4</ele>
    <time>2026-07-01T04:37:23Z</time>
   </trkpt>
   <trkpt lat="12.9062810" lon="77.5964220">
    <ele>900.4</ele>
    <time>2026-07-01T04:37:24Z</time>
   </trkpt>
   <trkpt lat="12.9062770" lon="77.5964540">
    <ele>900.4</ele>
    <time>2026-07-01T04:37:25Z</time>
   </trkpt>
   <trkpt lat="12.9062790" lon="77.5964850">
    <ele>900.4</ele>
    <time>2026-07-01T04:37:26Z</time>
   </trkpt>
   <trkpt lat="12.9062780" lon="77.5965120">
    <ele>900.4</ele>
    <time>2026-07-01T04:37:27Z</time>
   </trkpt>
   <trkpt lat="12.9062770" lon="77.5965380">
    <ele>900.4</ele>
    <time>2026-07-01T04:37:28Z</time>
   </trkpt>
   <trkpt lat="12.9062740" lon="77.5965650">
    <ele>900.5</ele>
    <time>2026-07-01T04:37:29Z</time>
   </trkpt>
   <trkpt lat="12.9062700" lon="77.5965940">
    <ele>900.5</ele>
    <time>2026-07-01T04:37:30Z</time>
   </trkpt>
   <trkpt lat="12.9062680" lon="77.5966250">
    <ele>900.5</ele>
    <time>2026-07-01T04:37:31Z</time>
   </trkpt>
   <trkpt lat="12.9062730" lon="77.5966550">
    <ele>900.6</ele>
    <time>2026-07-01T04:37:32Z</time>
   </trkpt>
   <trkpt lat="12.9062830" lon="77.5966830">
    <ele>900.6</ele>
    <time>2026-07-01T04:37:33Z</time>
   </trkpt>
   <trkpt lat="12.9062900" lon="77.5967110">
    <ele>900.6</ele>
    <time>2026-07-01T04:37:34Z</time>
   </trkpt>
   <trkpt lat="12.9062970" lon="77.5967400">
    <ele>900.7</ele>
    <time>2026-07-01T04:37:35Z</time>
   </trkpt>
   <trkpt lat="12.9063020" lon="77.5967710">
    <ele>900.7</ele>
    <time>2026-07-01T04:37:36Z</time>
   </trkpt>
   <trkpt lat="12.9063160" lon="77.5968300">
    <ele>900.8</ele>
    <time>2026-07-01T04:37:37Z</time>
   </trkpt>
   <trkpt lat="12.9063250" lon="77.5968570">
    <ele>900.8</ele>
    <time>2026-07-01T04:37:38Z</time>
   </trkpt>
   <trkpt lat="12.9063360" lon="77.5968850">
    <ele>900.8</ele>
    <time>2026-07-01T04:37:39Z</time>
   </trkpt>
   <trkpt lat="12.9063410" lon="77.5969110">
    <ele>900.9</ele>
    <time>2026-07-01T04:37:40Z</time>
   </trkpt>
   <trkpt lat="12.9063420" lon="77.5969420">
    <ele>900.9</ele>
    <time>2026-07-01T04:37:41Z</time>
   </trkpt>
   <trkpt lat="12.9063470" lon="77.5969720">
    <ele>901.0</ele>
    <time>2026-07-01T04:37:42Z</time>
   </trkpt>
   <trkpt lat="12.9063510" lon="77.5969990">
    <ele>901.0</ele>
    <time>2026-07-01T04:37:43Z</time>
   </trkpt>
   <trkpt lat="12.9063610" lon="77.5970230">
    <ele>901.0</ele>
    <time>2026-07-01T04:37:44Z</time>
   </trkpt>
   <trkpt lat="12.9063710" lon="77.5970610">
    <ele>901.1</ele>
    <time>2026-07-01T04:37:45Z</time>
   </trkpt>
   <trkpt lat="12.9063830" lon="77.5970810">
    <ele>901.1</ele>
    <time>2026-07-01T04:37:46Z</time>
   </trkpt>
   <trkpt lat="12.9063930" lon="77.5971090">
    <ele>901.1</ele>
    <time>2026-07-01T04:37:47Z</time>
   </trkpt>
   <trkpt lat="12.9064040" lon="77.5971370">
    <ele>901.2</ele>
    <time>2026-07-01T04:37:48Z</time>
   </trkpt>
   <trkpt lat="12.9064140" lon="77.5971680">
    <ele>901.2</ele>
    <time>2026-07-01T04:37:49Z</time>
   </trkpt>
   <trkpt lat="12.9064210" lon="77.5971930">
    <ele>901.2</ele>
    <time>2026-07-01T04:37:50Z</time>
   </trkpt>
   <trkpt lat="12.9064220" lon="77.5972160">
    <ele>901.2</ele>
    <time>2026-07-01T04:37:51Z</time>
   </trkpt>
   <trkpt lat="12.9064240" lon="77.5972430">
    <ele>901.3</ele>
    <time>2026-07-01T04:37:52Z</time>
   </trkpt>
   <trkpt lat="12.9064300" lon="77.5972670">
    <ele>901.3</ele>
    <time>2026-07-01T04:37:53Z</time>
   </trkpt>
   <trkpt lat="12.9064350" lon="77.5972930">
    <ele>901.3</ele>
    <time>2026-07-01T04:37:54Z</time>
   </trkpt>
   <trkpt lat="12.9064420" lon="77.5973250">
    <ele>901.4</ele>
    <time>2026-07-01T04:37:55Z</time>
   </trkpt>
   <trkpt lat="12.9064510" lon="77.5973580">
    <ele>901.4</ele>
    <time>2026-07-01T04:37:56Z</time>
   </trkpt>
   <trkpt lat="12.9064630" lon="77.5973900">
    <ele>901.5</ele>
    <time>2026-07-01T04:37:57Z</time>
   </trkpt>
   <trkpt lat="12.9064660" lon="77.5974160">
    <ele>901.5</ele>
    <time>2026-07-01T04:37:58Z</time>
   </trkpt>
   <trkpt lat="12.9064750" lon="77.5974520">
    <ele>901.5</ele>
    <time>2026-07-01T04:37:59Z</time>
   </trkpt>
   <trkpt lat="12.9064810" lon="77.5974820">
    <ele>901.6</ele>
    <time>2026-07-01T04:38:00Z</time>
   </trkpt>
   <trkpt lat="12.9064900" lon="77.5975090">
    <ele>901.6</ele>
    <time>2026-07-01T04:38:01Z</time>
   </trkpt>
   <trkpt lat="12.9065010" lon="77.5975400">
    <ele>901.7</ele>
    <time>2026-07-01T04:38:02Z</time>
   </trkpt>
   <trkpt lat="12.9065100" lon="77.5975700">
    <ele>901.7</ele>
    <time>2026-07-01T04:38:03Z</time>
   </trkpt>
   <trkpt lat="12.9065170" lon="77.5976050">
    <ele>901.7</ele>
    <time>2026-07-01T04:38:04Z</time>
   </trkpt>
   <trkpt lat="12.9065280" lon="77.5976350">
    <ele>901.8</ele>
    <time>2026-07-01T04:38:05Z</time>
   </trkpt>
   <trkpt lat="12.9065390" lon="77.5976620">
    <ele>901.8</ele>
    <time>2026-07-01T04:38:06Z</time>
   </trkpt>
   <trkpt lat="12.9065510" lon="77.5976880">
    <ele>901.8</ele>
    <time>2026-07-01T04:38:07Z</time>
   </trkpt>
   <trkpt lat="12.9065640" lon="77.5977170">
    <ele>901.9</ele>
    <time>2026-07-01T04:38:08Z</time>
   </trkpt>
   <trkpt lat="12.9065700" lon="77.5977420">
    <ele>901.9</ele>
    <time>2026-07-01T04:38:09Z</time>
   </trkpt>
   <trkpt lat="12.9065780" lon="77.5977730">
    <ele>901.9</ele>
    <time>2026-07-01T04:38:10Z</time>
   </trkpt>
   <trkpt lat="12.9065820" lon="77.5978030">
    <ele>902.0</ele>
    <time>2026-07-01T04:38:11Z</time>
   </trkpt>
   <trkpt lat="12.9065900" lon="77.5978350">
    <ele>902.0</ele>
    <time>2026-07-01T04:38:12Z</time>
   </trkpt>
   <trkpt lat="12.9066000" lon="77.5978630">
    <ele>902.0</ele>
    <time>2026-07-01T04:38:13Z</time>
   </trkpt>
   <trkpt lat="12.9066070" lon="77.5978960">
    <ele>902.1</ele>
    <time>2026-07-01T04:38:14Z</time>
   </trkpt>
   <trkpt lat="12.9066190" lon="77.5979270">
    <ele>902.1</ele>
    <time>2026-07-01T04:38:15Z</time>
   </trkpt>
   <trkpt lat="12.9066270" lon="77.5979550">
    <ele>902.2</ele>
    <time>2026-07-01T04:38:16Z</time>
   </trkpt>
   <trkpt lat="12.9066370" lon="77.5979830">
    <ele>902.2</ele>
    <time>2026-07-01T04:38:17Z</time>
   </trkpt>
   <trkpt lat="12.9066430" lon="77.5980130">
    <ele>902.2</ele>
    <time>2026-07-01T04:38:18Z</time>
   </trkpt>
   <trkpt lat="12.9066480" lon="77.5980380">
    <ele>902.3</ele>
    <time>2026-07-01T04:38:19Z</time>
   </trkpt>
   <trkpt lat="12.9066640" lon="77.5980600">
    <ele>902.3</ele>
    <time>2026-07-01T04:38:20Z</time>
   </trkpt>
   <trkpt lat="12.9066640" lon="77.5980830">
    <ele>902.3</ele>
    <time>2026-07-01T04:38:21Z</time>
   </trkpt>
   <trkpt lat="12.9066730" lon="77.5981080">
    <ele>902.4</ele>
    <time>2026-07-01T04:38:22Z</time>
   </trkpt>
   <trkpt lat="12.9066810" lon="77.5981300">
    <ele>902.4</ele>
    <time>2026-07-01T04:38:23Z</time>
   </trkpt>
   <trkpt lat="12.9066840" lon="77.5981580">
    <ele>902.4</ele>
    <time>2026-07-01T04:38:24Z</time>
   </trkpt>
   <trkpt lat="12.9066990" lon="77.5981810">
    <ele>902.5</ele>
    <time>2026-07-01T04:38:25Z</time>
   </trkpt>
   <trkpt lat="12.9067080" lon="77.5982110">
    <ele>902.5</ele>
    <time>2026-07-01T04:38:26Z</time>
   </trkpt>
   <trkpt lat="12.9067160" lon="77.5982420">
    <ele>902.5</ele>
    <time>2026-07-01T04:38:27Z</time>
   </trkpt>
   <trkpt lat="12.9067210" lon="77.5982650">
    <ele>902.6</ele>
    <time>2026-07-01T04:38:28Z</time>
   </trkpt>
   <trkpt lat="12.9067240" lon="77.5982980">
    <ele>902.6</ele>
    <time>2026-07-01T04:38:29Z</time>
   </trkpt>
   <trkpt lat="12.9067300" lon="77.5983260">
    <ele>902.6</ele>
    <time>2026-07-01T04:38:30Z</time>
   </trkpt>
   <trkpt lat="12.9067430" lon="77.5983510">
    <ele>902.7</ele>
    <time>2026-07-01T04:38:31Z</time>
   </trkpt>
   <trkpt lat="12.9067500" lon="77.5983790">
    <ele>902.7</ele>
    <time>2026-07-01T04:38:32Z</time>
   </trkpt>
   <trkpt lat="12.9067580" lon="77.5984070">
    <ele>902.8</ele>
    <time>2026-07-01T04:38:33Z</time>
   </trkpt>
   <trkpt lat="12.9067640" lon="77.5984370">
    <ele>902.8</ele>
    <time>2026-07-01T04:38:34Z</time>
   </trkpt>
   <trkpt lat="12.9067760" lon="77.5984620">
    <ele>902.8</ele>
    <time>2026-07-01T04:38:35Z</time>
   </trkpt>
   <trkpt lat="12.9067860" lon="77.5984900">
    <ele>902.9</ele>
    <time>2026-07-01T04:38:36Z</time>
   </trkpt>
   <trkpt lat="12.9067880" lon="77.5985180">
    <ele>902.9</ele>
    <time>2026-07-01T04:38:37Z</time>
   </trkpt>
   <trkpt lat="12.9067960" lon="77.5985550">
    <ele>902.9</ele>
    <time>2026-07-01T04:38:38Z</time>
   </trkpt>
   <trkpt lat="12.9068020" lon="77.5985870">
    <ele>903.0</ele>
    <time>2026-07-01T04:38:39Z</time>
   </trkpt>
   <trkpt lat="12.9068080" lon="77.5986100">
    <ele>903.0</ele>
    <time>2026-07-01T04:38:40Z</time>
   </trkpt>
   <trkpt lat="12.9068130" lon="77.5986440">
    <ele>903.0</ele>
    <time>2026-07-01T04:38:41Z</time>
   </trkpt>
   <trkpt lat="12.9068240" lon="77.5986620">
    <ele>903.0</ele>
    <time>2026-07-01T04:38:42Z</time>
   </trkpt>
   <trkpt lat="12.9068270" lon="77.5986770">
    <ele>903.1</ele>
    <time>2026-07-01T04:38:43Z</time>
   </trkpt>
   <trkpt lat="12.9068290" lon="77.5987030">
    <ele>903.1</ele>
    <time>2026-07-01T04:38:44Z</time>
   </trkpt>
   <trkpt lat="12.9068390" lon="77.5987290">
    <ele>903.1</ele>
    <time>2026-07-01T04:38:45Z</time>
   </trkpt>
   <trkpt lat="12.9068460" lon="77.5987480">
    <ele>903.1</ele>
    <time>2026-07-01T04:38:46Z</time>
   </trkpt>
   <trkpt lat="12.9068390" lon="77.5987820">
    <ele>903.2</ele>
    <time>2026-07-01T04:38:47Z</time>
   </trkpt>
   <trkpt lat="12.9068320" lon="77.5988150">
    <ele>903.2</ele>
    <time>2026-07-01T04:38:48Z</time>
   </trkpt>
   <trkpt lat="12.9068270" lon="77.5988460">
    <ele>903.3</ele>
    <time>2026-07-01T04:38:49Z</time>
   </trkpt>
   <trkpt lat="12.9068270" lon="77.5988760">
    <ele>903.3</ele>
    <time>2026-07-01T04:38:50Z</time>
   </trkpt>
   <trkpt lat="12.9068300" lon="77.5989080">
    <ele>903.3</ele>
    <time>2026-07-01T04:38:51Z</time>
   </trkpt>
   <trkpt lat="12.9068320" lon="77.5989400">
    <ele>903.4</ele>
    <time>2026-07-01T04:38:52Z</time>
   </trkpt>
   <trkpt lat="12.9068540" lon="77.5989690">
    <ele>903.4</ele>
    <time>2026-07-01T04:38:53Z</time>
   </trkpt>
   <trkpt lat="12.9068630" lon="77.5989990">
    <ele>903.5</ele>
    <time>2026-07-01T04:38:54Z</time>
   </trkpt>
   <trkpt lat="12.9068740" lon="77.5990350">
    <ele>903.5</ele>
    <time>2026-07-01T04:38:55Z</time>
   </trkpt>
   <trkpt lat="12.9068860" lon="77.5990670">
    <ele>903.6</ele>
    <time>2026-07-01T04:38:56Z</time>
   </trkpt>
   <trkpt lat="12.9068920" lon="77.5990970">
    <ele>903.6</ele>
    <time>2026-07-01T04:38:57Z</time>
   </trkpt>
   <trkpt lat="12.9069050" lon="77.5991260">
    <ele>903.6</ele>
    <time>2026-07-01T04:38:58Z</time>
   </trkpt>
   <trkpt lat="12.9069100" lon="77.5991670">
    <ele>903.6</ele>
    <time>2026-07-01T04:38:59Z</time>
   </trkpt>
   <trkpt lat="12.9069250" lon="77.5992040">
    <ele>903.6</ele>
    <time>2026-07-01T04:39:00Z</time>
   </trkpt>
   <trkpt lat="12.9069420" lon="77.5992330">
    <ele>903.6</ele>
    <time>2026-07-01T04:39:01Z</time>
   </trkpt>
   <trkpt lat="12.9069540" lon="77.5992660">
    <ele>903.6</ele>
    <time>2026-07-01T04:39:02Z</time>
   </trkpt>
   <trkpt lat="12.9069640" lon="77.5993020">
    <ele>903.6</ele>
    <time>2026-07-01T04:39:03Z</time>
   </trkpt>
   <trkpt lat="12.9069830" lon="77.5993390">
    <ele>903.5</ele>
    <time>2026-07-01T04:39:04Z</time>
   </trkpt>
   <trkpt lat="12.9069940" lon="77.5993740">
    <ele>903.5</ele>
    <time>2026-07-01T04:39:05Z</time>
   </trkpt>
   <trkpt lat="12.9069990" lon="77.5994090">
    <ele>903.5</ele>
    <time>2026-07-01T04:39:06Z</time>
   </trkpt>
   <trkpt lat="12.9070080" lon="77.5994460">
    <ele>903.4</ele>
    <time>2026-07-01T04:39:07Z</time>
   </trkpt>
   <trkpt lat="12.9070190" lon="77.5994770">
    <ele>903.3</ele>
    <time>2026-07-01T04:39:08Z</time>
   </trkpt>
   <trkpt lat="12.9070280" lon="77.5995090">
    <ele>903.2</ele>
    <time>2026-07-01T04:39:09Z</time>
   </trkpt>
   <trkpt lat="12.9070370" lon="77.5995390">
    <ele>903.1</ele>
    <time>2026-07-01T04:39:10Z</time>
   </trkpt>
   <trkpt lat="12.9070400" lon="77.5995680">
    <ele>903.1</ele>
    <time>2026-07-01T04:39:11Z</time>
   </trkpt>
   <trkpt lat="12.9070490" lon="77.5996040">
    <ele>903.0</ele>
    <time>2026-07-01T04:39:12Z</time>
   </trkpt>
   <trkpt lat="12.9070530" lon="77.5996350">
    <ele>902.9</ele>
    <time>2026-07-01T04:39:13Z</time>
   </trkpt>
   <trkpt lat="12.9070650" lon="77.5996550">
    <ele>902.9</ele>
    <time>2026-07-01T04:39:14Z</time>
   </trkpt>
   <trkpt lat="12.9070690" lon="77.5996820">
    <ele>902.8</ele>
    <time>2026-07-01T04:39:15Z</time>
   </trkpt>
   <trkpt lat="12.9070830" lon="77.5997180">
    <ele>902.7</ele>
    <time>2026-07-01T04:39:16Z</time>
   </trkpt>
   <trkpt lat="12.9070850" lon="77.5997440">
    <ele>902.7</ele>
    <time>2026-07-01T04:39:17Z</time>
   </trkpt>
   <trkpt lat="12.9070900" lon="77.5997760">
    <ele>902.6</ele>
    <time>2026-07-01T04:39:18Z</time>
   </trkpt>
   <trkpt lat="12.9070910" lon="77.5998090">
    <ele>902.5</ele>
    <time>2026-07-01T04:39:19Z</time>
   </trkpt>
   <trkpt lat="12.9071050" lon="77.5998360">
    <ele>902.5</ele>
    <time>2026-07-01T04:39:20Z</time>
   </trkpt>
   <trkpt lat="12.9071170" lon="77.5998600">
    <ele>902.4</ele>
    <time>2026-07-01T04:39:21Z</time>
   </trkpt>
   <trkpt lat="12.9071260" lon="77.5998830">
    <ele>902.4</ele>
    <time>2026-07-01T04:39:22Z</time>
   </trkpt>
   <trkpt lat="12.9071290" lon="77.5999050">
    <ele>902.3</ele>
    <time>2026-07-01T04:39:23Z</time>
   </trkpt>
   <trkpt lat="12.9071330" lon="77.5999240">
    <ele>902.3</ele>
    <time>2026-07-01T04:39:24Z</time>
   </trkpt>
   <trkpt lat="12.9071400" lon="77.5999440">
    <ele>902.3</ele>
    <time>2026-07-01T04:39:25Z</time>
   </trkpt>
   <trkpt lat="12.9071470" lon="77.5999650">
    <ele>902.2</ele>
    <time>2026-07-01T04:39:26Z</time>
   </trkpt>
   <trkpt lat="12.9071540" lon="77.5999810">
    <ele>902.2</ele>
    <time>2026-07-01T04:39:27Z</time>
   </trkpt>
   <trkpt lat="12.9071580" lon="77.5999970">
    <ele>902.1</ele>
    <time>2026-07-01T04:39:28Z</time>
   </trkpt>
   <trkpt lat="12.9071700" lon="77.6000100">
    <ele>902.1</ele>
    <time>2026-07-01T04:39:29Z</time>
   </trkpt>
   <trkpt lat="12.9071780" lon="77.6000250">
    <ele>902.1</ele>
    <time>2026-07-01T04:39:30Z</time>
   </trkpt>
   <trkpt lat="12.9071860" lon="77.6000380">
    <ele>902.0</ele>
    <time>2026-07-01T04:39:31Z</time>
   </trkpt>
   <trkpt lat="12.9071910" lon="77.6000510">
    <ele>902.0</ele>
    <time>2026-07-01T04:39:32Z</time>
   </trkpt>
   <trkpt lat="12.9072000" lon="77.6000600">
    <ele>902.0</ele>
    <time>2026-07-01T04:39:33Z</time>
   </trkpt>
   <trkpt lat="12.9072020" lon="77.6000780">
    <ele>901.9</ele>
    <time>2026-07-01T04:39:34Z</time>
   </trkpt>
   <trkpt lat="12.9072040" lon="77.6000850">
    <ele>901.9</ele>
    <time>2026-07-01T04:39:35Z</time>
   </trkpt>
   <trkpt lat="12.9072030" lon="77.6000800">
    <ele>901.9</ele>
    <time>2026-07-01T04:39:36Z</time>
   </trkpt>
   <trkpt lat="12.9072030" lon="77.6000780">
    <ele>901.9</ele>
    <time>2026-07-01T04:39:37Z</time>
   </trkpt>
   <trkpt lat="12.9072050" lon="77.6000790">
    <ele>901.9</ele>
    <time>2026-07-01T04:39:38Z</time>
   </trkpt>
   <trkpt lat="12.9072060" lon="77.6000780">
    <ele>901.9</ele>
    <time>2026-07-01T04:39:39Z</time>
   </trkpt>
   <trkpt lat="12.9072060" lon="77.6000780">
    <ele>901.9</ele>
    <time>2026-07-01T04:39:40Z</time>
   </trkpt>
   <trkpt lat="12.9072060" lon="77.6000780">
    <ele>901.9</ele>
    <time>2026-07-01T04:39:41Z</time>
   </trkpt>
   <trkpt lat="12.9072100" lon="77.6000800">
    <ele>901.9</ele>
    <time>2026-07-01T04:39:42Z</time>
   </trkpt>
   <trkpt lat="12.9072100" lon="77.6000790">
    <ele>901.9</ele>
    <time>2026-07-01T04:39:43Z</time>
   </trkpt>
   <trkpt lat="12.9072100" lon="77.6000790">
    <ele>901.9</ele>
    <time>2026-07-01T04:39:44Z</time>
   </trkpt>
   <trkpt lat="12.9072100" lon="77.6000790">
    <ele>901.9</ele>
    <time>2026-07-01T04:39:45Z</time>
   </trkpt>
   <trkpt lat="12.9072620" lon="77.6001680">
    <ele>901.7</ele>
    <time>2026-07-01T04:42:03Z</time>
   </trkpt>
   <trkpt lat="12.9072730" lon="77.6001900">
    <ele>901.6</ele>
    <time>2026-07-01T04:42:04Z</time>
   </trkpt>
   <trkpt lat="12.9072840" lon="77.6002160">
    <ele>901.6</ele>
    <time>2026-07-01T04:42:05Z</time>
   </trkpt>
   <trkpt lat="12.9072920" lon="77.6002520">
    <ele>901.6</ele>
    <time>2026-07-01T04:42:06Z</time>
   </trkpt>
   <trkpt lat="12.9073050" lon="77.6002850">
    <ele>901.5</ele>
    <time>2026-07-01T04:42:07Z</time>
   </trkpt>
   <trkpt lat="12.9073130" lon="77.6003210">
    <ele>901.4</ele>
    <time>2026-07-01T04:42:08Z</time>
   </trkpt>
   <trkpt lat="12.9073190" lon="77.6003580">
    <ele>901.3</ele>
    <time>2026-07-01T04:42:09Z</time>
   </trkpt>
   <trkpt lat="12.9073180" lon="77.6003930">
    <ele>901.2</ele>
    <time>2026-07-01T04:42:10Z</time>
   </trkpt>
   <trkpt lat="12.9073180" lon="77.6004270">
    <ele>901.2</ele>
    <time>2026-07-01T04:42:11Z</time>
   </trkpt>
   <trkpt lat="12.9073170" lon="77.6004620">
    <ele>901.1</ele>
    <time>2026-07-01T04:42:12Z</time>
   </trkpt>
   <trkpt lat="12.9073130" lon="77.6004930">
    <ele>901.0</ele>
    <time>2026-07-01T04:42:13Z</time>
   </trkpt>
   <trkpt lat="12.9073040" lon="77.6005250">
    <ele>900.9</ele>
    <time>2026-07-01T04:42:14Z</time>
   </trkpt>
   <trkpt lat="12.9072930" lon="77.6005550">
    <ele>900.9</ele>
    <time>2026-07-01T04:42:15Z</time>
   </trkpt>
   <trkpt lat="12.9072860" lon="77.6005800">
    <ele>900.9</ele>
    <time>2026-07-01T04:42:16Z</time>
   </trkpt>
   <trkpt lat="12.9072780" lon="77.6006120">
    <ele>900.8</ele>
    <time>2026-07-01T04:42:17Z</time>
   </trkpt>
   <trkpt lat="12.9072670" lon="77.6006450">
    <ele>900.7</ele>
    <time>2026-07-01T04:42:18Z</time>
   </trkpt>
   <trkpt lat="12.9072550" lon="77.6006750">
    <ele>900.7</ele>
    <time>2026-07-01T04:42:19Z</time>
   </trkpt>
   <trkpt lat="12.9072410" lon="77.6007050">
    <ele>900.6</ele>
    <time>2026-07-01T04:42:20Z</time>
   </trkpt>
   <trkpt lat="12.9072300" lon="77.6007350">
    <ele>900.6</ele>
    <time>2026-07-01T04:42:21Z</time>
   </trkpt>
   <trkpt lat="12.9072150" lon="77.6007670">
    <ele>900.5</ele>
    <time>2026-07-01T04:42:22Z</time>
   </trkpt>
   <trkpt lat="12.9072040" lon="77.6007960">
    <ele>900.4</ele>
    <time>2026-07-01T04:42:23Z</time>
   </trkpt>
   <trkpt lat="12.9071840" lon="77.6008230">
    <ele>900.4</ele>
    <time>2026-07-01T04:42:24Z</time>
   </trkpt>
   <trkpt lat="12.9071560" lon="77.6008510">
    <ele>900.3</ele>
    <time>2026-07-01T04:42:25Z</time>
   </trkpt>
   <trkpt lat="12.9071260" lon="77.6008670">
    <ele>900.2</ele>
    <time>2026-07-01T04:42:26Z</time>
   </trkpt>
   <trkpt lat="12.9070970" lon="77.6008870">
    <ele>900.2</ele>
    <time>2026-07-01T04:42:27Z</time>
   </trkpt>
   <trkpt lat="12.9070680" lon="77.6009060">
    <ele>900.1</ele>
    <time>2026-07-01T04:42:28Z</time>
   </trkpt>
   <trkpt lat="12.9070400" lon="77.6009290">
    <ele>900.0</ele>
    <time>2026-07-01T04:42:29Z</time>
   </trkpt>
   <trkpt lat="12.9070110" lon="77.6009520">
    <ele>899.9</ele>
    <time>2026-07-01T04:42:30Z</time>
   </trkpt>
   <trkpt lat="12.9069830" lon="77.6009760">
    <ele>899.8</ele>
    <time>2026-07-01T04:42:31Z</time>
   </trkpt>
   <trkpt lat="12.9069520" lon="77.6009990">
    <ele>899.6</ele>
    <time>2026-07-01T04:42:32Z</time>
   </trkpt>
   <trkpt lat="12.9069250" lon="77.6010310">
    <ele>899.5</ele>
    <time>2026-07-01T04:42:33Z</time>
   </trkpt>
   <trkpt lat="12.9068970" lon="77.6010610">
    <ele>899.3</ele>
    <time>2026-07-01T04:42:34Z</time>
   </trkpt>
   <trkpt lat="12.9068680" lon="77.6010890">
    <ele>899.2</ele>
    <time>2026-07-01T04:42:35Z</time>
   </trkpt>
   <trkpt lat="12.9068360" lon="77.6011180">
    <ele>899.1</ele>
    <time>2026-07-01T04:42:36Z</time>
   </trkpt>
   <trkpt lat="12.9068070" lon="77.6011480">
    <ele>898.9</ele>
    <time>2026-07-01T04:42:37Z</time>
   </trkpt>
   <trkpt lat="12.9067750" lon="77.6011820">
    <ele>898.8</ele>
    <time>2026-07-01T04:42:38Z</time>
   </trkpt>
   <trkpt lat="12.9067420" lon="77.6012150">
    <ele>898.6</ele>
    <time>2026-07-01T04:42:39Z</time>
   </trkpt>
   <trkpt lat="12.9067100" lon="77.6012480">
    <ele>898.5</ele>
    <time>2026-07-01T04:42:40Z</time>
   </trkpt>
   <trkpt lat="12.9066780" lon="77.6012800">
    <ele>898.3</ele>
    <time>2026-07-01T04:42:41Z</time>
   </trkpt>
   <trkpt lat="12.9066430" lon="77.6013150">
    <ele>898.2</ele>
    <time>2026-07-01T04:42:42Z</time>
   </trkpt>
   <trkpt lat="12.9066070" lon="77.6013450">
    <ele>898.0</ele>
    <time>2026-07-01T04:42:43Z</time>
   </trkpt>
   <trkpt lat="12.9065700" lon="77.6013730">
    <ele>897.9</ele>
    <time>2026-07-01T04:42:44Z</time>
   </trkpt>
   <trkpt lat="12.9065390" lon="77.6013930">
    <ele>897.7</ele>
    <time>2026-07-01T04:42:45Z</time>
   </trkpt>
   <trkpt lat="12.9065100" lon="77.6014140">
    <ele>897.6</ele>
    <time>2026-07-01T04:42:46Z</time>
   </trkpt>
   <trkpt lat="12.9064850" lon="77.6014320">
    <ele>897.6</ele>
    <time>2026-07-01T04:42:47Z</time>
   </trkpt>
   <trkpt lat="12.9064620" lon="77.6014550">
    <ele>897.5</ele>
    <time>2026-07-01T04:42:48Z</time>
   </trkpt>
   <trkpt lat="12.9064400" lon="77.6014780">
    <ele>897.4</ele>
    <time>2026-07-01T04:42:49Z</time>
   </trkpt>
   <trkpt lat="12.9064130" lon="77.6014990">
    <ele>897.3</ele>
    <time>2026-07-01T04:42:50Z</time>
   </trkpt>
   <trkpt lat="12.9063880" lon="77.6015270">
    <ele>897.2</ele>
    <time>2026-07-01T04:42:51Z</time>
   </trkpt>
   <trkpt lat="12.9063730" lon="77.6015470">
    <ele>897.1</ele>
    <time>2026-07-01T04:42:52Z</time>
   </trkpt>
   <trkpt lat="12.9063590" lon="77.6015670">
    <ele>897.1</ele>
    <time>2026-07-01T04:42:53Z</time>
   </trkpt>
   <trkpt lat="12.9063400" lon="77.6015840">
    <ele>897.0</ele>
    <time>2026-07-01T04:42:54Z</time>
   </trkpt>
   <trkpt lat="12.9063170" lon="77.6016040">
    <ele>896.9</ele>
    <time>2026-07-01T04:42:55Z</time>
   </trkpt>
   <trkpt lat="12.9062970" lon="77.6016130">
    <ele>896.9</ele>
    <time>2026-07-01T04:42:56Z</time>
   </trkpt>
   <trkpt lat="12.9062790" lon="77.6016210">
    <ele>896.8</ele>
    <time>2026-07-01T04:42:57Z</time>
   </trkpt>
   <trkpt lat="12.9062650" lon="77.6016310">
    <ele>896.8</ele>
    <time>2026-07-01T04:42:58Z</time>
   </trkpt>
   <trkpt lat="12.9062600" lon="77.6016350">
    <ele>896.8</ele>
    <time>2026-07-01T04:42:59Z</time>
   </trkpt>
   <trkpt lat="12.9062580" lon="77.6016380">
    <ele>896.8</ele>
    <time>2026-07-01T04:43:00Z</time>
   </trkpt>
   <trkpt lat="12.9062530" lon="77.6016440">
    <ele>896.8</ele>
    <time>2026-07-01T04:43:01Z</time>
   </trkpt>
   <trkpt lat="12.9062410" lon="77.6016520">
    <ele>896.7</ele>
    <time>2026-07-01T04:43:02Z</time>
   </trkpt>
   <trkpt lat="12.9062280" lon="77.6016600">
    <ele>896.7</ele>
    <time>2026-07-01T04:43:03Z</time>
   </trkpt>
   <trkpt lat="12.9062130" lon="77.6016690">
    <ele>896.7</ele>
    <time>2026-07-01T04:43:04Z</time>
   </trkpt>
   <trkpt lat="12.9061960" lon="77.6016770">
    <ele>896.6</ele>
    <time>2026-07-01T04:43:05Z</time>
   </trkpt>
   <trkpt lat="12.9061770" lon="77.6016930">
    <ele>896.6</ele>
    <time>2026-07-01T04:43:06Z</time>
   </trkpt>
   <trkpt lat="12.9061650" lon="77.6017160">
    <ele>896.5</ele>
    <time>2026-07-01T04:43:07Z</time>
   </trkpt>
   <trkpt lat="12.9061520" lon="77.6017280">
    <ele>896.5</ele>
    <time>2026-07-01T04:43:08Z</time>
   </trkpt>
   <trkpt lat="12.9061350" lon="77.6017370">
    <ele>896.4</ele>
    <time>2026-07-01T04:43:09Z</time>
   </trkpt>
   <trkpt lat="12.9061200" lon="77.6017540">
    <ele>896.4</ele>
    <time>2026-07-01T04:43:10Z</time>
   </trkpt>
   <trkpt lat="12.9061070" lon="77.6017700">
    <ele>896.3</ele>
    <time>2026-07-01T04:43:11Z</time>
   </trkpt>
   <trkpt lat="12.9060930" lon="77.6017830">
    <ele>896.2</ele>
    <time>2026-07-01T04:43:12Z</time>
   </trkpt>
   <trkpt lat="12.9060730" lon="77.6017920">
    <ele>896.2</ele>
    <time>2026-07-01T04:43:13Z</time>
   </trkpt>
   <trkpt lat="12.9060530" lon="77.6018020">
    <ele>896.1</ele>
    <time>2026-07-01T04:43:14Z</time>
   </trkpt>
   <trkpt lat="12.9060420" lon="77.6018200">
    <ele>896.1</ele>
    <time>2026-07-01T04:43:15Z</time>
   </trkpt>
   <trkpt lat="12.9060400" lon="77.6018460">
    <ele>896.0</ele>
    <time>2026-07-01T04:43:16Z</time>
   </trkpt>
   <trkpt lat="12.9060350" lon="77.6018740">
    <ele>895.9</ele>
    <time>2026-07-01T04:43:17Z</time>
   </trkpt>
   <trkpt lat="12.9060310" lon="77.6019070">
    <ele>895.9</ele>
    <time>2026-07-01T04:43:18Z</time>
   </trkpt>
   <trkpt lat="12.9060340" lon="77.6019480">
    <ele>895.8</ele>
    <time>2026-07-01T04:43:19Z</time>
   </trkpt>
   <trkpt lat="12.9060370" lon="77.6019900">
    <ele>895.7</ele>
    <time>2026-07-01T04:43:20Z</time>
   </trkpt>
   <trkpt lat="12.9060300" lon="77.6020240">
    <ele>895.6</ele>
    <time>2026-07-01T04:43:21Z</time>
   </trkpt>
   <trkpt lat="12.9060380" lon="77.6020720">
    <ele>895.6</ele>
    <time>2026-07-01T04:43:22Z</time>
   </trkpt>
   <trkpt lat="12.9060380" lon="77.6021120">
    <ele>895.5</ele>
    <time>2026-07-01T04:43:23Z</time>
   </trkpt>
   <trkpt lat="12.9060350" lon="77.6021520">
    <ele>895.5</ele>
    <time>2026-07-01T04:43:24Z</time>
   </trkpt>
   <trkpt lat="12.9060310" lon="77.6021870">
    <ele>895.4</ele>
    <time>2026-07-01T04:43:25Z</time>
   </trkpt>
   <trkpt lat="12.9060310" lon="77.6022250">
    <ele>895.4</ele>
    <time>2026-07-01T04:43:26Z</time>
   </trkpt>
   <trkpt lat="12.9060310" lon="77.6022600">
    <ele>895.4</ele>
    <time>2026-07-01T04:43:27Z</time>
   </trkpt>
   <trkpt lat="12.9060310" lon="77.6023070">
    <ele>895.4</ele>
    <time>2026-07-01T04:43:28Z</time>
   </trkpt>
   <trkpt lat="12.9060270" lon="77.6023490">
    <ele>895.4</ele>
    <time>2026-07-01T04:43:29Z</time>
   </trkpt>
   <trkpt lat="12.9060230" lon="77.6023940">
    <ele>895.4</ele>
    <time>2026-07-01T04:43:30Z</time>
   </trkpt>
   <trkpt lat="12.9060230" lon="77.6024360">
    <ele>895.4</ele>
    <time>2026-07-01T04:43:31Z</time>
   </trkpt>
   <trkpt lat="12.9060240" lon="77.6024780">
    <ele>895.3</ele>
    <time>2026-07-01T04:43:32Z</time>
   </trkpt>
   <trkpt lat="12.9060300" lon="77.6025180">
    <ele>895.3</ele>
    <time>2026-07-01T04:43:33Z</time>
   </trkpt>
   <trkpt lat="12.9060330" lon="77.6025560">
    <ele>895.3</ele>
    <time>2026-07-01T04:43:34Z</time>
   </trkpt>
   <trkpt lat="12.9060330" lon="77.6025910">
    <ele>895.3</ele>
    <time>2026-07-01T04:43:35Z</time>
   </trkpt>
   <trkpt lat="12.9060340" lon="77.6026330">
    <ele>895.3</ele>
    <time>2026-07-01T04:43:36Z</time>
   </trkpt>
   <trkpt lat="12.9060380" lon="77.6026750">
    <ele>895.2</ele>
    <time>2026-07-01T04:43:37Z</time>
   </trkpt>
   <trkpt lat="12.9060370" lon="77.6027190">
    <ele>895.2</ele>
    <time>2026-07-01T04:43:38Z</time>
   </trkpt>
   <trkpt lat="12.9060350" lon="77.6027570">
    <ele>895.2</ele>
    <time>2026-07-01T04:43:39Z</time>
   </trkpt>
   <trkpt lat="12.9060370" lon="77.6027940">
    <ele>895.1</ele>
    <time>2026-07-01T04:43:40Z</time>
   </trkpt>
   <trkpt lat="12.9060390" lon="77.6028320">
    <ele>895.1</ele>
    <time>2026-07-01T04:43:41Z</time>
   </trkpt>
   <trkpt lat="12.9060410" lon="77.6028670">
    <ele>895.1</ele>
    <time>2026-07-01T04:43:42Z</time>
   </trkpt>
   <trkpt lat="12.9060540" lon="77.6028970">
    <ele>895.1</ele>
    <time>2026-07-01T04:43:43Z</time>
   </trkpt>
   <trkpt lat="12.9060600" lon="77.6029280">
    <ele>895.0</ele>
    <time>2026-07-01T04:43:44Z</time>
   </trkpt>
   <trkpt lat="12.9060620" lon="77.6029600">
    <ele>895.0</ele>
    <time>2026-07-01T04:43:45Z</time>
   </trkpt>
   <trkpt lat="12.9060550" lon="77.6029840">
    <ele>895.0</ele>
    <time>2026-07-01T04:43:46Z</time>
   </trkpt>
   <trkpt lat="12.9060480" lon="77.6030200">
    <ele>895.0</ele>
    <time>2026-07-01T04:43:47Z</time>
   </trkpt>
   <trkpt lat="12.9060430" lon="77.6030590">
    <ele>895.0</ele>
    <time>2026-07-01T04:43:48Z</time>
   </trkpt>
   <trkpt lat="12.9060430" lon="77.6030980">
    <ele>895.0</ele>
    <time>2026-07-01T04:43:49Z</time>
   </trkpt>
   <trkpt lat="12.9060470" lon="77.6031360">
    <ele>895.0</ele>
    <time>2026-07-01T04:43:50Z</time>
   </trkpt>
   <trkpt lat="12.9060510" lon="77.6031770">
    <ele>895.0</ele>
    <time>2026-07-01T04:43:51Z</time>
   </trkpt>
   <trkpt lat="12.9060520" lon="77.6032110">
    <ele>895.0</ele>
    <time>2026-07-01T04:43:52Z</time>
   </trkpt>
   <trkpt lat="12.9060530" lon="77.6032560">
    <ele>895.0</ele>
    <time>2026-07-01T04:43:53Z</time>
   </trkpt>
   <trkpt lat="12.9060520" lon="77.6033000">
    <ele>895.0</ele>
    <time>2026-07-01T04:43:54Z</time>
   </trkpt>
   <trkpt lat="12.9060500" lon="77.6033380">
    <ele>895.0</ele>
    <time>2026-07-01T04:43:55Z</time>
   </trkpt>
   <trkpt lat="12.9060500" lon="77.6033780">
    <ele>895.0</ele>
    <time>2026-07-01T04:43:56Z</time>
   </trkpt>
   <trkpt lat="12.9060520" lon="77.6034180">
    <ele>895.1</ele>
    <time>2026-07-01T04:43:57Z</time>
   </trkpt>
   <trkpt lat="12.9060520" lon="77.6034590">
    <ele>895.1</ele>
    <time>2026-07-01T04:43:58Z</time>
   </trkpt>
   <trkpt lat="12.9060540" lon="77.6034970">
    <ele>895.2</ele>
    <time>2026-07-01T04:43:59Z</time>
   </trkpt>
   <trkpt lat="12.9060560" lon="77.6035380">
    <ele>895.2</ele>
    <time>2026-07-01T04:44:00Z</time>
   </trkpt>
   <trkpt lat="12.9060530" lon="77.6035800">
    <ele>895.3</ele>
    <time>2026-07-01T04:44:01Z</time>
   </trkpt>
   <trkpt lat="12.9060490" lon="77.6036250">
    <ele>895.4</ele>
    <time>2026-07-01T04:44:02Z</time>
   </trkpt>
   <trkpt lat="12.9060480" lon="77.6036680">
    <ele>895.5</ele>
    <time>2026-07-01T04:44:03Z</time>
   </trkpt>
   <trkpt lat="12.9060430" lon="77.6037120">
    <ele>895.6</ele>
    <time>2026-07-01T04:44:04Z</time>
   </trkpt>
   <trkpt lat="12.9060390" lon="77.6037490">
    <ele>895.7</ele>
    <time>2026-07-01T04:44:05Z</time>
   </trkpt>
   <trkpt lat="12.9060390" lon="77.6037760">
    <ele>895.8</ele>
    <time>2026-07-01T04:44:06Z</time>
   </trkpt>
   <trkpt lat="12.9060380" lon="77.6038100">
    <ele>895.9</ele>
    <time>2026-07-01T04:44:07Z</time>
   </trkpt>
   <trkpt lat="12.9060340" lon="77.6038220">
    <ele>895.9</ele>
    <time>2026-07-01T04:44:08Z</time>
   </trkpt>
   <trkpt lat="12.9060040" lon="77.6038330">
    <ele>895.9</ele>
    <time>2026-07-01T04:44:09Z</time>
   </trkpt>
   <trkpt lat="12.9059740" lon="77.6038110">
    <ele>895.9</ele>
    <time>2026-07-01T04:44:10Z</time>
   </trkpt>
   <trkpt lat="12.9059530" lon="77.6037910">
    <ele>895.9</ele>
    <time>2026-07-01T04:44:11Z</time>
   </trkpt>
   <trkpt lat="12.9059500" lon="77.6038120">
    <ele>895.9</ele>
    <time>2026-07-01T04:44:12Z</time>
   </trkpt>
   <trkpt lat="12.9059340" lon="77.6038120">
    <ele>895.9</ele>
    <time>2026-07-01T04:44:13Z</time>
   </trkpt>
   <trkpt lat="12.9059210" lon="77.6038170">
    <ele>895.9</ele>
    <time>2026-07-01T04:44:14Z</time>
   </trkpt>
   <trkpt lat="12.9058950" lon="77.6038150">
    <ele>895.9</ele>
    <time>2026-07-01T04:44:15Z</time>
   </trkpt>
   <trkpt lat="12.9058620" lon="77.6038300">
    <ele>895.9</ele>
    <time>2026-07-01T04:44:16Z</time>
   </trkpt>
   <trkpt lat="12.9058460" lon="77.6038640">
    <ele>895.8</ele>
    <time>2026-07-01T04:44:17Z</time>
   </trkpt>
   <trkpt lat="12.9058460" lon="77.6039020">
    <ele>895.8</ele>
    <time>2026-07-01T04:44:18Z</time>
   </trkpt>
   <trkpt lat="12.9058520" lon="77.6039350">
    <ele>895.8</ele>
    <time>2026-07-01T04:44:19Z</time>
   </trkpt>
   <trkpt lat="12.9058480" lon="77.6039700">
    <ele>895.8</ele>
    <time>2026-07-01T04:44:20Z</time>
   </trkpt>
   <trkpt lat="12.9058520" lon="77.6040080">
    <ele>895.8</ele>
    <time>2026-07-01T04:44:21Z</time>
   </trkpt>
   <trkpt lat="12.9058530" lon="77.6040420">
    <ele>895.8</ele>
    <time>2026-07-01T04:44:22Z</time>
   </trkpt>
   <trkpt lat="12.9058530" lon="77.6040810">
    <ele>895.8</ele>
    <time>2026-07-01T04:44:23Z</time>
   </trkpt>
   <trkpt lat="12.9058460" lon="77.6041220">
    <ele>895.8</ele>
    <time>2026-07-01T04:44:24Z</time>
   </trkpt>
   <trkpt lat="12.9058420" lon="77.6041610">
    <ele>895.9</ele>
    <time>2026-07-01T04:44:25Z</time>
   </trkpt>
   <trkpt lat="12.9058370" lon="77.6041980">
    <ele>895.9</ele>
    <time>2026-07-01T04:44:26Z</time>
   </trkpt>
   <trkpt lat="12.9058310" lon="77.6042400">
    <ele>895.9</ele>
    <time>2026-07-01T04:44:27Z</time>
   </trkpt>
   <trkpt lat="12.9058260" lon="77.6042770">
    <ele>895.9</ele>
    <time>2026-07-01T04:44:28Z</time>
   </trkpt>
   <trkpt lat="12.9058230" lon="77.6043100">
    <ele>895.9</ele>
    <time>2026-07-01T04:44:29Z</time>
   </trkpt>
   <trkpt lat="12.9058240" lon="77.6043420">
    <ele>895.9</ele>
    <time>2026-07-01T04:44:30Z</time>
   </trkpt>
   <trkpt lat="12.9058190" lon="77.6043810">
    <ele>895.9</ele>
    <time>2026-07-01T04:44:31Z</time>
   </trkpt>
   <trkpt lat="12.9058100" lon="77.6044180">
    <ele>895.9</ele>
    <time>2026-07-01T04:44:32Z</time>
   </trkpt>
   <trkpt lat="12.9058090" lon="77.6044560">
    <ele>895.9</ele>
    <time>2026-07-01T04:44:33Z</time>
   </trkpt>
   <trkpt lat="12.9058090" lon="77.6044910">
    <ele>895.9</ele>
    <time>2026-07-01T04:44:34Z</time>
   </trkpt>
   <trkpt lat="12.9058030" lon="77.6045290">
    <ele>896.0</ele>
    <time>2026-07-01T04:44:35Z</time>
   </trkpt>
   <trkpt lat="12.9058020" lon="77.6045650">
    <ele>896.0</ele>
    <time>2026-07-01T04:44:36Z</time>
   </trkpt>
   <trkpt lat="12.9057960" lon="77.6046030">
    <ele>896.0</ele>
    <time>2026-07-01T04:44:37Z</time>
   </trkpt>
   <trkpt lat="12.9057900" lon="77.6046400">
    <ele>896.0</ele>
    <time>2026-07-01T04:44:38Z</time>
   </trkpt>
   <trkpt lat="12.9057890" lon="77.6046790">
    <ele>896.0</ele>
    <time>2026-07-01T04:44:39Z</time>
   </trkpt>
   <trkpt lat="12.9057890" lon="77.6047180">
    <ele>896.0</ele>
    <time>2026-07-01T04:44:40Z</time>
   </trkpt>
   <trkpt lat="12.9057890" lon="77.6047590">
    <ele>896.0</ele>
    <time>2026-07-01T04:44:41Z</time>
   </trkpt>
   <trkpt lat="12.9057880" lon="77.6047980">
    <ele>896.0</ele>
    <time>2026-07-01T04:44:42Z</time>
   </trkpt>
   <trkpt lat="12.9057850" lon="77.6048370">
    <ele>896.0</ele>
    <time>2026-07-01T04:44:43Z</time>
   </trkpt>
   <trkpt lat="12.9057810" lon="77.6048800">
    <ele>896.0</ele>
    <time>2026-07-01T04:44:44Z</time>
   </trkpt>
   <trkpt lat="12.9057700" lon="77.6049230">
    <ele>896.0</ele>
    <time>2026-07-01T04:44:45Z</time>
   </trkpt>
   <trkpt lat="12.9057680" lon="77.6049660">
    <ele>896.0</ele>
    <time>2026-07-01T04:44:46Z</time>
   </trkpt>
   <trkpt lat="12.9057720" lon="77.6050020">
    <ele>896.0</ele>
    <time>2026-07-01T04:44:47Z</time>
   </trkpt>
   <trkpt lat="12.9057700" lon="77.6050430">
    <ele>896.0</ele>
    <time>2026-07-01T04:44:48Z</time>
   </trkpt>
   <trkpt lat="12.9057560" lon="77.6050940">
    <ele>896.0</ele>
    <time>2026-07-01T04:44:49Z</time>
   </trkpt>
   <trkpt lat="12.9057580" lon="77.6051320">
    <ele>896.0</ele>
    <time>2026-07-01T04:44:50Z</time>
   </trkpt>
   <trkpt lat="12.9057550" lon="77.6051720">
    <ele>896.0</ele>
    <time>2026-07-01T04:44:51Z</time>
   </trkpt>
   <trkpt lat="12.9057460" lon="77.6052150">
    <ele>896.0</ele>
    <time>2026-07-01T04:44:52Z</time>
   </trkpt>
   <trkpt lat="12.9057440" lon="77.6052530">
    <ele>896.0</ele>
    <time>2026-07-01T04:44:53Z</time>
   </trkpt>
   <trkpt lat="12.9057400" lon="77.6052890">
    <ele>895.9</ele>
    <time>2026-07-01T04:44:54Z</time>
   </trkpt>
   <trkpt lat="12.9057410" lon="77.6053270">
    <ele>895.9</ele>
    <time>2026-07-01T04:44:55Z</time>
   </trkpt>
   <trkpt lat="12.9057370" lon="77.6053670">
    <ele>895.9</ele>
    <time>2026-07-01T04:44:56Z</time>
   </trkpt>
   <trkpt lat="12.9057360" lon="77.6054040">
    <ele>895.8</ele>
    <time>2026-07-01T04:44:57Z</time>
   </trkpt>
   <trkpt lat="12.9057260" lon="77.6054450">
    <ele>895.8</ele>
    <time>2026-07-01T04:44:58Z</time>
   </trkpt>
   <trkpt lat="12.9057130" lon="77.6054800">
    <ele>895.7</ele>
    <time>2026-07-01T04:44:59Z</time>
   </trkpt>
   <trkpt lat="12.9057090" lon="77.6055220">
    <ele>895.7</ele>
    <time>2026-07-01T04:45:00Z</time>
   </trkpt>
   <trkpt lat="12.9057120" lon="77.6055570">
    <ele>895.7</ele>
    <time>2026-07-01T04:45:01Z</time>
   </trkpt>
   <trkpt lat="12.9057010" lon="77.6055980">
    <ele>895.6</ele>
    <time>2026-07-01T04:45:02Z</time>
   </trkpt>
   <trkpt lat="12.9057030" lon="77.6056300">
    <ele>895.6</ele>
    <time>2026-07-01T04:45:03Z</time>
   </trkpt>
   <trkpt lat="12.9056980" lon="77.6056720">
    <ele>895.5</ele>
    <time>2026-07-01T04:45:04Z</time>
   </trkpt>
   <trkpt lat="12.9056940" lon="77.6057100">
    <ele>895.4</ele>
    <time>2026-07-01T04:45:05Z</time>
   </trkpt>
   <trkpt lat="12.9056950" lon="77.6057470">
    <ele>895.4</ele>
    <time>2026-07-01T04:45:06Z</time>
   </trkpt>
   <trkpt lat="12.9056890" lon="77.6057820">
    <ele>895.3</ele>
    <time>2026-07-01T04:45:07Z</time>
   </trkpt>
   <trkpt lat="12.9056900" lon="77.6058130">
    <ele>895.2</ele>
    <time>2026-07-01T04:45:08Z</time>
   </trkpt>
   <trkpt lat="12.9056850" lon="77.6058400">
    <ele>895.2</ele>
    <time>2026-07-01T04:45:09Z</time>
   </trkpt>
   <trkpt lat="12.9056850" lon="77.6058720">
    <ele>895.1</ele>
    <time>2026-07-01T04:45:10Z</time>
   </trkpt>
   <trkpt lat="12.9056870" lon="77.6059020">
    <ele>895.1</ele>
    <time>2026-07-01T04:45:11Z</time>
   </trkpt>
   <trkpt lat="12.9056780" lon="77.6059330">
    <ele>895.0</ele>
    <time>2026-07-01T04:45:12Z</time>
   </trkpt>
   <trkpt lat="12.9056780" lon="77.6059620">
    <ele>895.0</ele>
    <time>2026-07-01T04:45:13Z</time>
   </trkpt>
   <trkpt lat="12.9056730" lon="77.6059950">
    <ele>894.9</ele>
    <time>2026-07-01T04:45:14Z</time>
   </trkpt>
   <trkpt lat="12.9056720" lon="77.6060270">
    <ele>894.8</ele>
    <time>2026-07-01T04:45:15Z</time>
   </trkpt>
   <trkpt lat="12.9056700" lon="77.6060620">
    <ele>894.8</ele>
    <time>2026-07-01T04:45:16Z</time>
   </trkpt>
   <trkpt lat="12.9056680" lon="77.6060960">
    <ele>894.7</ele>
    <time>2026-07-01T04:45:17Z</time>
   </trkpt>
   <trkpt lat="12.9056610" lon="77.6061300">
    <ele>894.6</ele>
    <time>2026-07-01T04:45:18Z</time>
   </trkpt>
   <trkpt lat="12.9056620" lon="77.6061620">
    <ele>894.5</ele>
    <time>2026-07-01T04:45:19Z</time>
   </trkpt>
   <trkpt lat="12.9056650" lon="77.6061950">
    <ele>894.5</ele>
    <time>2026-07-01T04:45:20Z</time>
   </trkpt>
   <trkpt lat="12.9056660" lon="77.6062260">
    <ele>894.4</ele>
    <time>2026-07-01T04:45:21Z</time>
   </trkpt>
   <trkpt lat="12.9056630" lon="77.6062570">
    <ele>894.4</ele>
    <time>2026-07-01T04:45:22Z</time>
   </trkpt>
   <trkpt lat="12.9056630" lon="77.6062880">
    <ele>894.3</ele>
    <time>2026-07-01T04:45:23Z</time>
   </trkpt>
   <trkpt lat="12.9056630" lon="77.6063140">
    <ele>894.2</ele>
    <time>2026-07-01T04:45:24Z</time>
   </trkpt>
   <trkpt lat="12.9056700" lon="77.6063450">
    <ele>894.2</ele>
    <time>2026-07-01T04:45:25Z</time>
   </trkpt>
   <trkpt lat="12.9056690" lon="77.6063750">
    <ele>894.1</ele>
    <time>2026-07-01T04:45:26Z</time>
   </trkpt>
   <trkpt lat="12.9056680" lon="77.6064110">
    <ele>894.0</ele>
    <time>2026-07-01T04:45:27Z</time>
   </trkpt>
   <trkpt lat="12.9056720" lon="77.6064400">
    <ele>894.0</ele>
    <time>2026-07-01T04:45:28Z</time>
   </trkpt>
   <trkpt lat="12.9056770" lon="77.6064700">
    <ele>893.9</ele>
    <time>2026-07-01T04:45:29Z</time>
   </trkpt>
   <trkpt lat="12.9056760" lon="77.6065060">
    <ele>893.8</ele>
    <time>2026-07-01T04:45:30Z</time>
   </trkpt>
   <trkpt lat="12.9056790" lon="77.6065420">
    <ele>893.8</ele>
    <time>2026-07-01T04:45:31Z</time>
   </trkpt>
   <trkpt lat="12.9056830" lon="77.6065770">
    <ele>893.7</ele>
    <time>2026-07-01T04:45:32Z</time>
   </trkpt>
   <trkpt lat="12.9056860" lon="77.6066140">
    <ele>893.7</ele>
    <time>2026-07-01T04:45:33Z</time>
   </trkpt>
   <trkpt lat="12.9056900" lon="77.6066510">
    <ele>893.6</ele>
    <time>2026-07-01T04:45:34Z</time>
   </trkpt>
   <trkpt lat="12.9056870" lon="77.6066910">
    <ele>893.6</ele>
    <time>2026-07-01T04:45:35Z</time>
   </trkpt>
   <trkpt lat="12.9056920" lon="77.6067230">
    <ele>893.5</ele>
    <time>2026-07-01T04:45:36Z</time>
   </trkpt>
   <trkpt lat="12.9056920" lon="77.6067570">
    <ele>893.5</ele>
    <time>2026-07-01T04:45:37Z</time>
   </trkpt>
   <trkpt lat="12.9056880" lon="77.6067900">
    <ele>893.5</ele>
    <time>2026-07-01T04:45:38Z</time>
   </trkpt>
   <trkpt lat="12.9056850" lon="77.6068300">
    <ele>893.4</ele>
    <time>2026-07-01T04:45:39Z</time>
   </trkpt>
   <trkpt lat="12.9056880" lon="77.6068760">
    <ele>893.4</ele>
    <time>2026-07-01T04:45:40Z</time>
   </trkpt>
   <trkpt lat="12.9056920" lon="77.6069200">
    <ele>893.3</ele>
    <time>2026-07-01T04:45:41Z</time>
   </trkpt>
   <trkpt lat="12.9057050" lon="77.6069640">
    <ele>893.3</ele>
    <time>2026-07-01T04:45:42Z</time>
   </trkpt>
   <trkpt lat="12.9057240" lon="77.6070000">
    <ele>893.3</ele>
    <time>2026-07-01T04:45:43Z</time>
   </trkpt>
   <trkpt lat="12.9057280" lon="77.6070400">
    <ele>893.2</ele>
    <time>2026-07-01T04:45:44Z</time>
   </trkpt>
   <trkpt lat="12.9057270" lon="77.6070810">
    <ele>893.2</ele>
    <time>2026-07-01T04:45:45Z</time>
   </trkpt>
   <trkpt lat="12.9057300" lon="77.6071180">
    <ele>893.2</ele>
    <time>2026-07-01T04:45:46Z</time>
   </trkpt>
   <trkpt lat="12.9057390" lon="77.6071560">
    <ele>893.2</ele>
    <time>2026-07-01T04:45:47Z</time>
   </trkpt>
   <trkpt lat="12.9057400" lon="77.6071930">
    <ele>893.2</ele>
    <time>2026-07-01T04:45:48Z</time>
   </trkpt>
   <trkpt lat="12.9057410" lon="77.6072330">
    <ele>893.1</ele>
    <time>2026-07-01T04:45:49Z</time>
   </trkpt>
   <trkpt lat="12.9057420" lon="77.6072690">
    <ele>893.1</ele>
    <time>2026-07-01T04:45:50Z</time>
   </trkpt>
   <trkpt lat="12.9057480" lon="77.6073020">
    <ele>893.1</ele>
    <time>2026-07-01T04:45:51Z</time>
   </trkpt>
   <trkpt lat="12.9057510" lon="77.6073360">
    <ele>893.1</ele>
    <time>2026-07-01T04:45:52Z</time>
   </trkpt>
   <trkpt lat="12.9057560" lon="77.6073700">
    <ele>893.1</ele>
    <time>2026-07-01T04:45:53Z</time>
   </trkpt>
   <trkpt lat="12.9057590" lon="77.6074020">
    <ele>893.1</ele>
    <time>2026-07-01T04:45:54Z</time>
   </trkpt>
   <trkpt lat="12.9057590" lon="77.6074380">
    <ele>893.1</ele>
    <time>2026-07-01T04:45:55Z</time>
   </trkpt>
   <trkpt lat="12.9057630" lon="77.6074690">
    <ele>893.0</ele>
    <time>2026-07-01T04:45:56Z</time>
   </trkpt>
   <trkpt lat="12.9057600" lon="77.6074990">
    <ele>893.0</ele>
    <time>2026-07-01T04:45:57Z</time>
   </trkpt>
   <trkpt lat="12.9057590" lon="77.6075290">
    <ele>893.0</ele>
    <time>2026-07-01T04:45:58Z</time>
   </trkpt>
   <trkpt lat="12.9057640" lon="77.6075560">
    <ele>893.0</ele>
    <time>2026-07-01T04:45:59Z</time>
   </trkpt>
   <trkpt lat="12.9057700" lon="77.6075820">
    <ele>893.0</ele>
    <time>2026-07-01T04:46:00Z</time>
   </trkpt>
   <trkpt lat="12.9057730" lon="77.6076100">
    <ele>893.0</ele>
    <time>2026-07-01T04:46:01Z</time>
   </trkpt>
   <trkpt lat="12.9057780" lon="77.6076400">
    <ele>893.0</ele>
    <time>2026-07-01T04:46:02Z</time>
   </trkpt>
   <trkpt lat="12.9057850" lon="77.6076650">
    <ele>892.9</ele>
    <time>2026-07-01T04:46:03Z</time>
   </trkpt>
   <trkpt lat="12.9057900" lon="77.6076910">
    <ele>892.9</ele>
    <time>2026-07-01T04:46:04Z</time>
   </trkpt>
   <trkpt lat="12.9057930" lon="77.6077170">
    <ele>892.9</ele>
    <time>2026-07-01T04:46:05Z</time>
   </trkpt>
   <trkpt lat="12.9057990" lon="77.6077390">
    <ele>892.9</ele>
    <time>2026-07-01T04:46:06Z</time>
   </trkpt>
   <trkpt lat="12.9058020" lon="77.6077620">
    <ele>892.9</ele>
    <time>2026-07-01T04:46:07Z</time>
   </trkpt>
   <trkpt lat="12.9058090" lon="77.6077890">
    <ele>892.9</ele>
    <time>2026-07-01T04:46:08Z</time>
   </trkpt>
   <trkpt lat="12.9058120" lon="77.6078180">
    <ele>892.9</ele>
    <time>2026-07-01T04:46:09Z</time>
   </trkpt>
   <trkpt lat="12.9058170" lon="77.6078510">
    <ele>892.9</ele>
    <time>2026-07-01T04:46:10Z</time>
   </trkpt>
   <trkpt lat="12.9058230" lon="77.6078840">
    <ele>892.9</ele>
    <time>2026-07-01T04:46:11Z</time>
   </trkpt>
   <trkpt lat="12.9058310" lon="77.6079160">
    <ele>892.9</ele>
    <time>2026-07-01T04:46:12Z</time>
   </trkpt>
   <trkpt lat="12.9058360" lon="77.6079480">
    <ele>892.9</ele>
    <time>2026-07-01T04:46:13Z</time>
   </trkpt>
   <trkpt lat="12.9058420" lon="77.6079800">
    <ele>892.9</ele>
    <time>2026-07-01T04:46:14Z</time>
   </trkpt>
   <trkpt lat="12.9058530" lon="77.6080150">
    <ele>893.0</ele>
    <time>2026-07-01T04:46:15Z</time>
   </trkpt>
   <trkpt lat="12.9058720" lon="77.6080400">
    <ele>893.0</ele>
    <time>2026-07-01T04:46:16Z</time>
   </trkpt>
   <trkpt lat="12.9058850" lon="77.6080680">
    <ele>893.0</ele>
    <time>2026-07-01T04:46:17Z</time>
   </trkpt>
   <trkpt lat="12.9058920" lon="77.6080970">
    <ele>893.0</ele>
    <time>2026-07-01T04:46:18Z</time>
   </trkpt>
   <trkpt lat="12.9059000" lon="77.6081250">
    <ele>893.0</ele>
    <time>2026-07-01T04:46:19Z</time>
   </trkpt>
   <trkpt lat="12.9059050" lon="77.6081540">
    <ele>893.0</ele>
    <time>2026-07-01T04:46:20Z</time>
   </trkpt>
   <trkpt lat="12.9059130" lon="77.6081830">
    <ele>893.0</ele>
    <time>2026-07-01T04:46:21Z</time>
   </trkpt>
   <trkpt lat="12.9059180" lon="77.6082120">
    <ele>893.0</ele>
    <time>2026-07-01T04:46:22Z</time>
   </trkpt>
   <trkpt lat="12.9059240" lon="77.6082400">
    <ele>893.0</ele>
    <time>2026-07-01T04:46:23Z</time>
   </trkpt>
   <trkpt lat="12.9059240" lon="77.6082740">
    <ele>893.0</ele>
    <time>2026-07-01T04:46:24Z</time>
   </trkpt>
   <trkpt lat="12.9059280" lon="77.6083070">
    <ele>893.0</ele>
    <time>2026-07-01T04:46:25Z</time>
   </trkpt>
   <trkpt lat="12.9059240" lon="77.6083420">
    <ele>893.0</ele>
    <time>2026-07-01T04:46:26Z</time>
   </trkpt>
   <trkpt lat="12.9059160" lon="77.6083770">
    <ele>892.9</ele>
    <time>2026-07-01T04:46:27Z</time>
   </trkpt>
   <trkpt lat="12.9059120" lon="77.6084130">
    <ele>892.9</ele>
    <time>2026-07-01T04:46:28Z</time>
   </trkpt>
   <trkpt lat="12.9059090" lon="77.6084510">
    <ele>892.9</ele>
    <time>2026-07-01T04:46:29Z</time>
   </trkpt>
   <trkpt lat="12.9059060" lon="77.6084910">
    <ele>892.9</ele>
    <time>2026-07-01T04:46:30Z</time>
   </trkpt>
   <trkpt lat="12.9059010" lon="77.6085320">
    <ele>892.9</ele>
    <time>2026-07-01T04:46:31Z</time>
   </trkpt>
   <trkpt lat="12.9058900" lon="77.6085720">
    <ele>892.9</ele>
    <time>2026-07-01T04:46:32Z</time>
   </trkpt>
   <trkpt lat="12.9058780" lon="77.6086110">
    <ele>892.9</ele>
    <time>2026-07-01T04:46:33Z</time>
   </trkpt>
   <trkpt lat="12.9058660" lon="77.6086470">
    <ele>892.8</ele>
    <time>2026-07-01T04:46:34Z</time>
   </trkpt>
   <trkpt lat="12.9058520" lon="77.6086830">
    <ele>892.8</ele>
    <time>2026-07-01T04:46:35Z</time>
   </trkpt>
   <trkpt lat="12.9058370" lon="77.6087140">
    <ele>892.8</ele>
    <time>2026-07-01T04:46:36Z</time>
   </trkpt>
   <trkpt lat="12.9058180" lon="77.6087460">
    <ele>892.8</ele>
    <time>2026-07-01T04:46:37Z</time>
   </trkpt>
   <trkpt lat="12.9058000" lon="77.6087780">
    <ele>892.8</ele>
    <time>2026-07-01T04:46:38Z</time>
   </trkpt>
   <trkpt lat="12.9057900" lon="77.6088080">
    <ele>892.8</ele>
    <time>2026-07-01T04:46:39Z</time>
   </trkpt>
   <trkpt lat="12.9057800" lon="77.6088400">
    <ele>892.8</ele>
    <time>2026-07-01T04:46:40Z</time>
   </trkpt>
   <trkpt lat="12.9057630" lon="77.6088690">
    <ele>892.7</ele>
    <time>2026-07-01T04:46:41Z</time>
   </trkpt>
   <trkpt lat="12.9057510" lon="77.6088950">
    <ele>892.7</ele>
    <time>2026-07-01T04:46:42Z</time>
   </trkpt>
   <trkpt lat="12.9057390" lon="77.6089270">
    <ele>892.7</ele>
    <time>2026-07-01T04:46:43Z</time>
   </trkpt>
   <trkpt lat="12.9057270" lon="77.6089680">
    <ele>892.7</ele>
    <time>2026-07-01T04:46:44Z</time>
   </trkpt>
   <trkpt lat="12.9057110" lon="77.6089890">
    <ele>892.6</ele>
    <time>2026-07-01T04:46:45Z</time>
   </trkpt>
   <trkpt lat="12.9056950" lon="77.6090270">
    <ele>892.6</ele>
    <time>2026-07-01T04:46:46Z</time>
   </trkpt>
   <trkpt lat="12.9056750" lon="77.6090670">
    <ele>892.6</ele>
    <time>2026-07-01T04:46:47Z</time>
   </trkpt>
   <trkpt lat="12.9056600" lon="77.6091000">
    <ele>892.6</ele>
    <time>2026-07-01T04:46:48Z</time>
   </trkpt>
   <trkpt lat="12.9056430" lon="77.6091380">
    <ele>892.5</ele>
    <time>2026-07-01T04:46:49Z</time>
   </trkpt>
   <trkpt lat="12.9056220" lon="77.6091740">
    <ele>892.5</ele>
    <time>2026-07-01T04:46:50Z</time>
   </trkpt>
   <trkpt lat="12.9056020" lon="77.6092080">
    <ele>892.4</ele>
    <time>2026-07-01T04:46:51Z</time>
   </trkpt>
   <trkpt lat="12.9055820" lon="77.6092400">
    <ele>892.4</ele>
    <time>2026-07-01T04:46:52Z</time>
   </trkpt>
   <trkpt lat="12.9055670" lon="77.6092750">
    <ele>892.3</ele>
    <time>2026-07-01T04:46:53Z</time>
   </trkpt>
   <trkpt lat="12.9055550" lon="77.6093050">
    <ele>892.3</ele>
    <time>2026-07-01T04:46:54Z</time>
   </trkpt>
   <trkpt lat="12.9055390" lon="77.6093300">
    <ele>892.3</ele>
    <time>2026-07-01T04:46:55Z</time>
   </trkpt>
   <trkpt lat="12.9055280" lon="77.6093590">
    <ele>892.2</ele>
    <time>2026-07-01T04:46:56Z</time>
   </trkpt>
   <trkpt lat="12.9055120" lon="77.6093850">
    <ele>892.2</ele>
    <time>2026-07-01T04:46:57Z</time>
   </trkpt>
   <trkpt lat="12.9054970" lon="77.6094100">
    <ele>892.1</ele>
    <time>2026-07-01T04:46:58Z</time>
   </trkpt>
   <trkpt lat="12.9054770" lon="77.6094420">
    <ele>892.0</ele>
    <time>2026-07-01T04:46:59Z</time>
   </trkpt>
   <trkpt lat="12.9054620" lon="77.6094680">
    <ele>892.0</ele>
    <time>2026-07-01T04:47:00Z</time>
   </trkpt>
   <trkpt lat="12.9054500" lon="77.6094870">
    <ele>892.0</ele>
    <time>2026-07-01T04:47:01Z</time>
   </trkpt>
   <trkpt lat="12.9054410" lon="77.6095120">
    <ele>892.0</ele>
    <time>2026-07-01T04:47:02Z</time>
   </trkpt>
   <trkpt lat="12.9054320" lon="77.6095330">
    <ele>891.9</ele>
    <time>2026-07-01T04:47:03Z</time>
   </trkpt>
   <trkpt lat="12.9054260" lon="77.6095570">
    <ele>891.9</ele>
    <time>2026-07-01T04:47:04Z</time>
   </trkpt>
   <trkpt lat="12.9054200" lon="77.6095810">
    <ele>891.9</ele>
    <time>2026-07-01T04:47:05Z</time>
   </trkpt>
   <trkpt lat="12.9054190" lon="77.6096010">
    <ele>891.9</ele>
    <time>2026-07-01T04:47:06Z</time>
   </trkpt>
   <trkpt lat="12.9054220" lon="77.6096200">
    <ele>891.9</ele>
    <time>2026-07-01T04:47:07Z</time>
   </trkpt>
   <trkpt lat="12.9054180" lon="77.6096460">
    <ele>891.9</ele>
    <time>2026-07-01T04:47:08Z</time>
   </trkpt>
   <trkpt lat="12.9054170" lon="77.6096710">
    <ele>891.9</ele>
    <time>2026-07-01T04:47:09Z</time>
   </trkpt>
   <trkpt lat="12.9054100" lon="77.6096950">
    <ele>891.9</ele>
    <time>2026-07-01T04:47:10Z</time>
   </trkpt>
   <trkpt lat="12.9054000" lon="77.6097230">
    <ele>891.8</ele>
    <time>2026-07-01T04:47:11Z</time>
   </trkpt>
   <trkpt lat="12.9053900" lon="77.6097530">
    <ele>891.8</ele>
    <time>2026-07-01T04:47:12Z</time>
   </trkpt>
   <trkpt lat="12.9053770" lon="77.6097830">
    <ele>891.8</ele>
    <time>2026-07-01T04:47:13Z</time>
   </trkpt>
   <trkpt lat="12.9053640" lon="77.6098100">
    <ele>891.8</ele>
    <time>2026-07-01T04:47:14Z</time>
   </trkpt>
   <trkpt lat="12.9053580" lon="77.6098410">
    <ele>891.8</ele>
    <time>2026-07-01T04:47:15Z</time>
   </trkpt>
   <trkpt lat="12.9053570" lon="77.6098770">
    <ele>891.8</ele>
    <time>2026-07-01T04:47:16Z</time>
   </trkpt>
   <trkpt lat="12.9053540" lon="77.6099120">
    <ele>891.7</ele>
    <time>2026-07-01T04:47:17Z</time>
   </trkpt>
   <trkpt lat="12.9053450" lon="77.6099490">
    <ele>891.7</ele>
    <time>2026-07-01T04:47:18Z</time>
   </trkpt>
   <trkpt lat="12.9053410" lon="77.6099850">
    <ele>891.7</ele>
    <time>2026-07-01T04:47:19Z</time>
   </trkpt>
   <trkpt lat="12.9053370" lon="77.6100220">
    <ele>891.7</ele>
    <time>2026-07-01T04:47:20Z</time>
   </trkpt>
   <trkpt lat="12.9053430" lon="77.6100550">
    <ele>891.7</ele>
    <time>2026-07-01T04:47:21Z</time>
   </trkpt>
   <trkpt lat="12.9053420" lon="77.6100900">
    <ele>891.6</ele>
    <time>2026-07-01T04:47:22Z</time>
   </trkpt>
   <trkpt lat="12.9053270" lon="77.6101180">
    <ele>891.6</ele>
    <time>2026-07-01T04:47:23Z</time>
   </trkpt>
   <trkpt lat="12.9053230" lon="77.6101510">
    <ele>891.6</ele>
    <time>2026-07-01T04:47:24Z</time>
   </trkpt>
   <trkpt lat="12.9053160" lon="77.6101850">
    <ele>891.6</ele>
    <time>2026-07-01T04:47:25Z</time>
   </trkpt>
   <trkpt lat="12.9053150" lon="77.6102190">
    <ele>891.6</ele>
    <time>2026-07-01T04:47:26Z</time>
   </trkpt>
   <trkpt lat="12.9053120" lon="77.6102550">
    <ele>891.6</ele>
    <time>2026-07-01T04:47:27Z</time>
   </trkpt>
   <trkpt lat="12.9053080" lon="77.6102920">
    <ele>891.6</ele>
    <time>2026-07-01T04:47:28Z</time>
   </trkpt>
   <trkpt lat="12.9053050" lon="77.6103260">
    <ele>891.6</ele>
    <time>2026-07-01T04:47:29Z</time>
   </trkpt>
   <trkpt lat="12.9052960" lon="77.6103670">
    <ele>891.5</ele>
    <time>2026-07-01T04:47:30Z</time>
   </trkpt>
   <trkpt lat="12.9052890" lon="77.6104020">
    <ele>891.5</ele>
    <time>2026-07-01T04:47:31Z</time>
   </trkpt>
   <trkpt lat="12.9052820" lon="77.6104390">
    <ele>891.5</ele>
    <time>2026-07-01T04:47:32Z</time>
   </trkpt>
   <trkpt lat="12.9052710" lon="77.6104800">
    <ele>891.5</ele>
    <time>2026-07-01T04:47:33Z</time>
   </trkpt>
   <trkpt lat="12.9052670" lon="77.6105160">
    <ele>891.5</ele>
    <time>2026-07-01T04:47:34Z</time>
   </trkpt>
   <trkpt lat="12.9052640" lon="77.6105550">
    <ele>891.5</ele>
    <time>2026-07-01T04:47:35Z</time>
   </trkpt>
   <trkpt lat="12.9052600" lon="77.6105910">
    <ele>891.4</ele>
    <time>2026-07-01T04:47:36Z</time>
   </trkpt>
   <trkpt lat="12.9052510" lon="77.6106270">
    <ele>891.4</ele>
    <time>2026-07-01T04:47:37Z</time>
   </trkpt>
   <trkpt lat="12.9052450" lon="77.6106600">
    <ele>891.4</ele>
    <time>2026-07-01T04:47:38Z</time>
   </trkpt>
   <trkpt lat="12.9052420" lon="77.6106950">
    <ele>891.4</ele>
    <time>2026-07-01T04:47:39Z</time>
   </trkpt>
   <trkpt lat="12.9052380" lon="77.6107300">
    <ele>891.4</ele>
    <time>2026-07-01T04:47:40Z</time>
   </trkpt>
   <trkpt lat="12.9052370" lon="77.6107570">
    <ele>891.4</ele>
    <time>2026-07-01T04:47:41Z</time>
   </trkpt>
   <trkpt lat="12.9052330" lon="77.6107880">
    <ele>891.4</ele>
    <time>2026-07-01T04:47:42Z</time>
   </trkpt>
   <trkpt lat="12.9052220" lon="77.6108210">
    <ele>891.4</ele>
    <time>2026-07-01T04:47:43Z</time>
   </trkpt>
   <trkpt lat="12.9052030" lon="77.6108540">
    <ele>891.4</ele>
    <time>2026-07-01T04:47:44Z</time>
   </trkpt>
   <trkpt lat="12.9052110" lon="77.6108870">
    <ele>891.4</ele>
    <time>2026-07-01T04:47:45Z</time>
   </trkpt>
   <trkpt lat="12.9052120" lon="77.6109240">
    <ele>891.4</ele>
    <time>2026-07-01T04:47:46Z</time>
   </trkpt>
   <trkpt lat="12.9052050" lon="77.6109630">
    <ele>891.4</ele>
    <time>2026-07-01T04:47:47Z</time>
   </trkpt>
   <trkpt lat="12.9052010" lon="77.6109950">
    <ele>891.4</ele>
    <time>2026-07-01T04:47:48Z</time>
   </trkpt>
   <trkpt lat="12.9051890" lon="77.6110350">
    <ele>891.4</ele>
    <time>2026-07-01T04:47:49Z</time>
   </trkpt>
   <trkpt lat="12.9051860" lon="77.6110680">
    <ele>891.4</ele>
    <time>2026-07-01T04:47:50Z</time>
   </trkpt>
   <trkpt lat="12.9051790" lon="77.6110990">
    <ele>891.4</ele>
    <time>2026-07-01T04:47:52Z</time>
   </trkpt>
   <trkpt lat="12.9051750" lon="77.6111340">
    <ele>891.3</ele>
    <time>2026-07-01T04:47:53Z</time>
   </trkpt>
   <trkpt lat="12.9051730" lon="77.6111670">
    <ele>891.3</ele>
    <time>2026-07-01T04:47:54Z</time>
   </trkpt>
   <trkpt lat="12.9051680" lon="77.6112020">
    <ele>891.3</ele>
    <time>2026-07-01T04:47:55Z</time>
   </trkpt>
   <trkpt lat="12.9051640" lon="77.6112390">
    <ele>891.3</ele>
    <time>2026-07-01T04:47:56Z</time>
   </trkpt>
   <trkpt lat="12.9051550" lon="77.6112710">
    <ele>891.3</ele>
    <time>2026-07-01T04:47:57Z</time>
   </trkpt>
   <trkpt lat="12.9051510" lon="77.6113030">
    <ele>891.3</ele>
    <time>2026-07-01T04:47:58Z</time>
   </trkpt>
   <trkpt lat="12.9051480" lon="77.6113400">
    <ele>891.3</ele>
    <time>2026-07-01T04:47:59Z</time>
   </trkpt>
   <trkpt lat="12.9051460" lon="77.6113740">
    <ele>891.3</ele>
    <time>2026-07-01T04:48:00Z</time>
   </trkpt>
   <trkpt lat="12.9051430" lon="77.6114070">
    <ele>891.2</ele>
    <time>2026-07-01T04:48:01Z</time>
   </trkpt>
   <trkpt lat="12.9051440" lon="77.6114190">
    <ele>891.2</ele>
    <time>2026-07-01T04:48:02Z</time>
   </trkpt>
   <trkpt lat="12.9051430" lon="77.6114220">
    <ele>891.2</ele>
    <time>2026-07-01T04:48:03Z</time>
   </trkpt>
   <trkpt lat="12.9051390" lon="77.6114400">
    <ele>891.2</ele>
    <time>2026-07-01T04:48:04Z</time>
   </trkpt>
   <trkpt lat="12.9051360" lon="77.6114640">
    <ele>891.2</ele>
    <time>2026-07-01T04:48:05Z</time>
   </trkpt>
   <trkpt lat="12.9051270" lon="77.6114920">
    <ele>891.2</ele>
    <time>2026-07-01T04:48:06Z</time>
   </trkpt>
   <trkpt lat="12.9051190" lon="77.6115210">
    <ele>891.2</ele>
    <time>2026-07-01T04:48:07Z</time>
   </trkpt>
   <trkpt lat="12.9051050" lon="77.6115850">
    <ele>891.2</ele>
    <time>2026-07-01T04:48:08Z</time>
   </trkpt>
   <trkpt lat="12.9050990" lon="77.6116190">
    <ele>891.1</ele>
    <time>2026-07-01T04:48:09Z</time>
   </trkpt>
   <trkpt lat="12.9050940" lon="77.6116560">
    <ele>891.1</ele>
    <time>2026-07-01T04:48:10Z</time>
   </trkpt>
   <trkpt lat="12.9050860" lon="77.6116930">
    <ele>891.1</ele>
    <time>2026-07-01T04:48:11Z</time>
   </trkpt>
   <trkpt lat="12.9050890" lon="77.6117250">
    <ele>891.1</ele>
    <time>2026-07-01T04:48:12Z</time>
   </trkpt>
   <trkpt lat="12.9050850" lon="77.6117560">
    <ele>891.0</ele>
    <time>2026-07-01T04:48:13Z</time>
   </trkpt>
   <trkpt lat="12.9050810" lon="77.6117890">
    <ele>891.0</ele>
    <time>2026-07-01T04:48:14Z</time>
   </trkpt>
   <trkpt lat="12.9050880" lon="77.6118150">
    <ele>891.0</ele>
    <time>2026-07-01T04:48:15Z</time>
   </trkpt>
   <trkpt lat="12.9050810" lon="77.6118490">
    <ele>891.0</ele>
    <time>2026-07-01T04:48:16Z</time>
   </trkpt>
   <trkpt lat="12.9050760" lon="77.6118820">
    <ele>891.0</ele>
    <time>2026-07-01T04:48:17Z</time>
   </trkpt>
   <trkpt lat="12.9050700" lon="77.6119210">
    <ele>890.9</ele>
    <time>2026-07-01T04:48:18Z</time>
   </trkpt>
   <trkpt lat="12.9050650" lon="77.6119570">
    <ele>890.9</ele>
    <time>2026-07-01T04:48:19Z</time>
   </trkpt>
   <trkpt lat="12.9050630" lon="77.6119930">
    <ele>890.9</ele>
    <time>2026-07-01T04:48:20Z</time>
   </trkpt>
   <trkpt lat="12.9050570" lon="77.6120310">
    <ele>890.9</ele>
    <time>2026-07-01T04:48:21Z</time>
   </trkpt>
   <trkpt lat="12.9050520" lon="77.6120650">
    <ele>890.9</ele>
    <time>2026-07-01T04:48:22Z</time>
   </trkpt>
   <trkpt lat="12.9050470" lon="77.6120970">
    <ele>890.9</ele>
    <time>2026-07-01T04:48:23Z</time>
   </trkpt>
   <trkpt lat="12.9050400" lon="77.6121320">
    <ele>890.8</ele>
    <time>2026-07-01T04:48:24Z</time>
   </trkpt>
   <trkpt lat="12.9050370" lon="77.6121670">
    <ele>890.8</ele>
    <time>2026-07-01T04:48:25Z</time>
   </trkpt>
   <trkpt lat="12.9050360" lon="77.6121990">
    <ele>890.8</ele>
    <time>2026-07-01T04:48:26Z</time>
   </trkpt>
   <trkpt lat="12.9050330" lon="77.6122310">
    <ele>890.8</ele>
    <time>2026-07-01T04:48:27Z</time>
   </trkpt>
   <trkpt lat="12.9050360" lon="77.6122600">
    <ele>890.8</ele>
    <time>2026-07-01T04:48:28Z</time>
   </trkpt>
   <trkpt lat="12.9050540" lon="77.6122920">
    <ele>890.8</ele>
    <time>2026-07-01T04:48:29Z</time>
   </trkpt>
   <trkpt lat="12.9050780" lon="77.6123170">
    <ele>890.8</ele>
    <time>2026-07-01T04:48:30Z</time>
   </trkpt>
   <trkpt lat="12.9051100" lon="77.6123380">
    <ele>890.7</ele>
    <time>2026-07-01T04:48:31Z</time>
   </trkpt>
   <trkpt lat="12.9051370" lon="77.6123460">
    <ele>890.7</ele>
    <time>2026-07-01T04:48:32Z</time>
   </trkpt>
   <trkpt lat="12.9051760" lon="77.6123600">
    <ele>890.7</ele>
    <time>2026-07-01T04:48:33Z</time>
   </trkpt>
   <trkpt lat="12.9052070" lon="77.6123790">
    <ele>890.6</ele>
    <time>2026-07-01T04:48:34Z</time>
   </trkpt>
   <trkpt lat="12.9052400" lon="77.6123870">
    <ele>890.6</ele>
    <time>2026-07-01T04:48:35Z</time>
   </trkpt>
   <trkpt lat="12.9052750" lon="77.6124020">
    <ele>890.6</ele>
    <time>2026-07-01T04:48:36Z</time>
   </trkpt>
   <trkpt lat="12.9053080" lon="77.6124170">
    <ele>890.5</ele>
    <time>2026-07-01T04:48:37Z</time>
   </trkpt>
   <trkpt lat="12.9053460" lon="77.6124300">
    <ele>890.5</ele>
    <time>2026-07-01T04:48:38Z</time>
   </trkpt>
   <trkpt lat="12.9053770" lon="77.6124490">
    <ele>890.5</ele>
    <time>2026-07-01T04:48:39Z</time>
   </trkpt>
   <trkpt lat="12.9054150" lon="77.6124640">
    <ele>890.5</ele>
    <time>2026-07-01T04:48:40Z</time>
   </trkpt>
   <trkpt lat="12.9054510" lon="77.6124780">
    <ele>890.5</ele>
    <time>2026-07-01T04:48:41Z</time>
   </trkpt>
   <trkpt lat="12.9054860" lon="77.6124930">
    <ele>890.5</ele>
    <time>2026-07-01T04:48:42Z</time>
   </trkpt>
   <trkpt lat="12.9055220" lon="77.6125100">
    <ele>890.5</ele>
    <time>2026-07-01T04:48:43Z</time>
   </trkpt>
   <trkpt lat="12.9055650" lon="77.6125170">
    <ele>890.5</ele>
    <time>2026-07-01T04:48:44Z</time>
   </trkpt>
   <trkpt lat="12.9055970" lon="77.6125390">
    <ele>890.5</ele>
    <time>2026-07-01T04:48:45Z</time>
   </trkpt>
   <trkpt lat="12.9056270" lon="77.6125650">
    <ele>890.5</ele>
    <time>2026-07-01T04:48:46Z</time>
   </trkpt>
   <trkpt lat="12.9056650" lon="77.6125890">
    <ele>890.5</ele>
    <time>2026-07-01T04:48:47Z</time>
   </trkpt>
   <trkpt lat="12.9056880" lon="77.6126140">
    <ele>890.5</ele>
    <time>2026-07-01T04:48:48Z</time>
   </trkpt>
   <trkpt lat="12.9057210" lon="77.6126360">
    <ele>890.5</ele>
    <time>2026-07-01T04:48:49Z</time>
   </trkpt>
   <trkpt lat="12.9057580" lon="77.6126470">
    <ele>890.5</ele>
    <time>2026-07-01T04:48:50Z</time>
   </trkpt>
   <trkpt lat="12.9057920" lon="77.6126590">
    <ele>890.5</ele>
    <time>2026-07-01T04:48:51Z</time>
   </trkpt>
   <trkpt lat="12.9058320" lon="77.6126750">
    <ele>890.5</ele>
    <time>2026-07-01T04:48:52Z</time>
   </trkpt>
   <trkpt lat="12.9058690" lon="77.6126910">
    <ele>890.5</ele>
    <time>2026-07-01T04:48:53Z</time>
   </trkpt>
   <trkpt lat="12.9059030" lon="77.6127070">
    <ele>890.5</ele>
    <time>2026-07-01T04:48:54Z</time>
   </trkpt>
   <trkpt lat="12.9059350" lon="77.6127220">
    <ele>890.5</ele>
    <time>2026-07-01T04:48:55Z</time>
   </trkpt>
   <trkpt lat="12.9059700" lon="77.6127360">
    <ele>890.5</ele>
    <time>2026-07-01T04:48:56Z</time>
   </trkpt>
   <trkpt lat="12.9060030" lon="77.6127490">
    <ele>890.5</ele>
    <time>2026-07-01T04:48:57Z</time>
   </trkpt>
   <trkpt lat="12.9060350" lon="77.6127580">
    <ele>890.4</ele>
    <time>2026-07-01T04:48:58Z</time>
   </trkpt>
   <trkpt lat="12.9060610" lon="77.6127770">
    <ele>890.4</ele>
    <time>2026-07-01T04:48:59Z</time>
   </trkpt>
   <trkpt lat="12.9060940" lon="77.6127910">
    <ele>890.4</ele>
    <time>2026-07-01T04:49:00Z</time>
   </trkpt>
   <trkpt lat="12.9061290" lon="77.6128010">
    <ele>890.4</ele>
    <time>2026-07-01T04:49:01Z</time>
   </trkpt>
   <trkpt lat="12.9061600" lon="77.6128170">
    <ele>890.4</ele>
    <time>2026-07-01T04:49:02Z</time>
   </trkpt>
   <trkpt lat="12.9061940" lon="77.6128260">
    <ele>890.5</ele>
    <time>2026-07-01T04:49:03Z</time>
   </trkpt>
   <trkpt lat="12.9062230" lon="77.6128420">
    <ele>890.5</ele>
    <time>2026-07-01T04:49:04Z</time>
   </trkpt>
   <trkpt lat="12.9062560" lon="77.6128520">
    <ele>890.6</ele>
    <time>2026-07-01T04:49:05Z</time>
   </trkpt>
   <trkpt lat="12.9062870" lon="77.6128640">
    <ele>890.6</ele>
    <time>2026-07-01T04:49:06Z</time>
   </trkpt>
   <trkpt lat="12.9063180" lon="77.6128750">
    <ele>890.7</ele>
    <time>2026-07-01T04:49:07Z</time>
   </trkpt>
   <trkpt lat="12.9063530" lon="77.6128840">
    <ele>890.7</ele>
    <time>2026-07-01T04:49:08Z</time>
   </trkpt>
   <trkpt lat="12.9063880" lon="77.6128970">
    <ele>890.8</ele>
    <time>2026-07-01T04:49:09Z</time>
   </trkpt>
   <trkpt lat="12.9064310" lon="77.6129160">
    <ele>890.8</ele>
    <time>2026-07-01T04:49:10Z</time>
   </trkpt>
   <trkpt lat="12.9064620" lon="77.6129280">
    <ele>890.9</ele>
    <time>2026-07-01T04:49:11Z</time>
   </trkpt>
   <trkpt lat="12.9064710" lon="77.6129360">
    <ele>890.9</ele>
    <time>2026-07-01T04:49:12Z</time>
   </trkpt>
   <trkpt lat="12.9064950" lon="77.6129470">
    <ele>890.9</ele>
    <time>2026-07-01T04:49:13Z</time>
   </trkpt>
   <trkpt lat="12.9065300" lon="77.6129610">
    <ele>890.9</ele>
    <time>2026-07-01T04:49:14Z</time>
   </trkpt>
   <trkpt lat="12.9065620" lon="77.6129840">
    <ele>890.9</ele>
    <time>2026-07-01T04:49:15Z</time>
   </trkpt>
   <trkpt lat="12.9066020" lon="77.6129940">
    <ele>891.0</ele>
    <time>2026-07-01T04:49:16Z</time>
   </trkpt>
   <trkpt lat="12.9066370" lon="77.6130090">
    <ele>891.0</ele>
    <time>2026-07-01T04:49:17Z</time>
   </trkpt>
   <trkpt lat="12.9066660" lon="77.6130250">
    <ele>891.0</ele>
    <time>2026-07-01T04:49:18Z</time>
   </trkpt>
   <trkpt lat="12.9066960" lon="77.6130450">
    <ele>891.1</ele>
    <time>2026-07-01T04:49:19Z</time>
   </trkpt>
   <trkpt lat="12.9067340" lon="77.6130510">
    <ele>891.1</ele>
    <time>2026-07-01T04:49:20Z</time>
   </trkpt>
   <trkpt lat="12.9067650" lon="77.6130680">
    <ele>891.1</ele>
    <time>2026-07-01T04:49:21Z</time>
   </trkpt>
   <trkpt lat="12.9067970" lon="77.6130800">
    <ele>891.2</ele>
    <time>2026-07-01T04:49:22Z</time>
   </trkpt>
   <trkpt lat="12.9068300" lon="77.6131040">
    <ele>891.2</ele>
    <time>2026-07-01T04:49:23Z</time>
   </trkpt>
   <trkpt lat="12.9068630" lon="77.6131220">
    <ele>891.2</ele>
    <time>2026-07-01T04:49:24Z</time>
   </trkpt>
   <trkpt lat="12.9068960" lon="77.6131270">
    <ele>891.3</ele>
    <time>2026-07-01T04:49:25Z</time>
   </trkpt>
   <trkpt lat="12.9069250" lon="77.6131400">
    <ele>891.3</ele>
    <time>2026-07-01T04:49:26Z</time>
   </trkpt>
   <trkpt lat="12.9069580" lon="77.6131590">
    <ele>891.4</ele>
    <time>2026-07-01T04:49:27Z</time>
   </trkpt>
   <trkpt lat="12.9069800" lon="77.6131740">
    <ele>891.4</ele>
    <time>2026-07-01T04:49:28Z</time>
   </trkpt>
   <trkpt lat="12.9070230" lon="77.6131830">
    <ele>891.4</ele>
    <time>2026-07-01T04:49:29Z</time>
   </trkpt>
   <trkpt lat="12.9070570" lon="77.6131920">
    <ele>891.4</ele>
    <time>2026-07-01T04:49:30Z</time>
   </trkpt>
   <trkpt lat="12.9070950" lon="77.6132020">
    <ele>891.5</ele>
    <time>2026-07-01T04:49:31Z</time>
   </trkpt>
   <trkpt lat="12.9071260" lon="77.6132150">
    <ele>891.5</ele>
    <time>2026-07-01T04:49:32Z</time>
   </trkpt>
   <trkpt lat="12.9071550" lon="77.6132420">
    <ele>891.5</ele>
    <time>2026-07-01T04:49:33Z</time>
   </trkpt>
   <trkpt lat="12.9071890" lon="77.6132460">
    <ele>891.6</ele>
    <time>2026-07-01T04:49:34Z</time>
   </trkpt>
   <trkpt lat="12.9072230" lon="77.6132560">
    <ele>891.6</ele>
    <time>2026-07-01T04:49:35Z</time>
   </trkpt>
   <trkpt lat="12.9072650" lon="77.6132620">
    <ele>891.7</ele>
    <time>2026-07-01T04:49:36Z</time>
   </trkpt>
   <trkpt lat="12.9072990" lon="77.6132810">
    <ele>891.7</ele>
    <time>2026-07-01T04:49:37Z</time>
   </trkpt>
   <trkpt lat="12.9073280" lon="77.6133000">
    <ele>891.7</ele>
    <time>2026-07-01T04:49:38Z</time>
   </trkpt>
   <trkpt lat="12.9073600" lon="77.6133130">
    <ele>891.8</ele>
    <time>2026-07-01T04:49:39Z</time>
   </trkpt>
   <trkpt lat="12.9073910" lon="77.6133260">
    <ele>891.8</ele>
    <time>2026-07-01T04:49:40Z</time>
   </trkpt>
   <trkpt lat="12.9074230" lon="77.6133380">
    <ele>891.8</ele>
    <time>2026-07-01T04:49:41Z</time>
   </trkpt>
   <trkpt lat="12.9074580" lon="77.6133500">
    <ele>891.9</ele>
    <time>2026-07-01T04:49:42Z</time>
   </trkpt>
   <trkpt lat="12.9074900" lon="77.6133660">
    <ele>891.9</ele>
    <time>2026-07-01T04:49:43Z</time>
   </trkpt>
   <trkpt lat="12.9075270" lon="77.6133780">
    <ele>891.9</ele>
    <time>2026-07-01T04:49:44Z</time>
   </trkpt>
   <trkpt lat="12.9075630" lon="77.6133870">
    <ele>892.0</ele>
    <time>2026-07-01T04:49:45Z</time>
   </trkpt>
   <trkpt lat="12.9075990" lon="77.6134020">
    <ele>892.0</ele>
    <time>2026-07-01T04:49:46Z</time>
   </trkpt>
   <trkpt lat="12.9076310" lon="77.6134150">
    <ele>892.0</ele>
    <time>2026-07-01T04:49:47Z</time>
   </trkpt>
   <trkpt lat="12.9076700" lon="77.6134290">
    <ele>892.1</ele>
    <time>2026-07-01T04:49:48Z</time>
   </trkpt>
   <trkpt lat="12.9077020" lon="77.6134470">
    <ele>892.1</ele>
    <time>2026-07-01T04:49:49Z</time>
   </trkpt>
   <trkpt lat="12.9077390" lon="77.6134620">
    <ele>892.1</ele>
    <time>2026-07-01T04:49:50Z</time>
   </trkpt>
   <trkpt lat="12.9077730" lon="77.6134790">
    <ele>892.1</ele>
    <time>2026-07-01T04:49:51Z</time>
   </trkpt>
   <trkpt lat="12.9078030" lon="77.6134830">
    <ele>892.1</ele>
    <time>2026-07-01T04:49:52Z</time>
   </trkpt>
   <trkpt lat="12.9078430" lon="77.6134950">
    <ele>892.1</ele>
    <time>2026-07-01T04:49:53Z</time>
   </trkpt>
   <trkpt lat="12.9078850" lon="77.6135090">
    <ele>892.1</ele>
    <time>2026-07-01T04:49:54Z</time>
   </trkpt>
   <trkpt lat="12.9079260" lon="77.6135200">
    <ele>892.1</ele>
    <time>2026-07-01T04:49:55Z</time>
   </trkpt>
   <trkpt lat="12.9079520" lon="77.6135430">
    <ele>892.1</ele>
    <time>2026-07-01T04:49:56Z</time>
   </trkpt>
   <trkpt lat="12.9079890" lon="77.6135520">
    <ele>892.1</ele>
    <time>2026-07-01T04:49:58Z</time>
   </trkpt>
   <trkpt lat="12.9080190" lon="77.6135710">
    <ele>892.2</ele>
    <time>2026-07-01T04:49:59Z</time>
   </trkpt>
   <trkpt lat="12.9080510" lon="77.6135830">
    <ele>892.2</ele>
    <time>2026-07-01T04:50:00Z</time>
   </trkpt>
   <trkpt lat="12.9080880" lon="77.6135900">
    <ele>892.2</ele>
    <time>2026-07-01T04:50:01Z</time>
   </trkpt>
   <trkpt lat="12.9081140" lon="77.6136010">
    <ele>892.2</ele>
    <time>2026-07-01T04:50:02Z</time>
   </trkpt>
   <trkpt lat="12.9081460" lon="77.6136110">
    <ele>892.3</ele>
    <time>2026-07-01T04:50:03Z</time>
   </trkpt>
   <trkpt lat="12.9081700" lon="77.6136270">
    <ele>892.3</ele>
    <time>2026-07-01T04:50:04Z</time>
   </trkpt>
   <trkpt lat="12.9082010" lon="77.6136380">
    <ele>892.3</ele>
    <time>2026-07-01T04:50:05Z</time>
   </trkpt>
   <trkpt lat="12.9082300" lon="77.6136500">
    <ele>892.4</ele>
    <time>2026-07-01T04:50:06Z</time>
   </trkpt>
   <trkpt lat="12.9082590" lon="77.6136580">
    <ele>892.4</ele>
    <time>2026-07-01T04:50:07Z</time>
   </trkpt>
   <trkpt lat="12.9082850" lon="77.6136690">
    <ele>892.4</ele>
    <time>2026-07-01T04:50:08Z</time>
   </trkpt>
   <trkpt lat="12.9083110" lon="77.6136800">
    <ele>892.5</ele>
    <time>2026-07-01T04:50:09Z</time>
   </trkpt>
   <trkpt lat="12.9083280" lon="77.6136990">
    <ele>892.3</ele>
    <time>2026-07-01T04:50:10Z</time>
   </trkpt>
   <trkpt lat="12.9083320" lon="77.6137210">
    <ele>892.2</ele>
    <time>2026-07-01T04:50:11Z</time>
   </trkpt>
   <trkpt lat="12.9083250" lon="77.6137460">
    <ele>892.1</ele>
    <time>2026-07-01T04:50:12Z</time>
   </trkpt>
   <trkpt lat="12.9083130" lon="77.6137690">
    <ele>891.9</ele>
    <time>2026-07-01T04:50:13Z</time>
   </trkpt>
   <trkpt lat="12.9083030" lon="77.6137870">
    <ele>891.8</ele>
    <time>2026-07-01T04:50:14Z</time>
   </trkpt>
   <trkpt lat="12.9082920" lon="77.6138040">
    <ele>891.7</ele>
    <time>2026-07-01T04:50:15Z</time>
   </trkpt>
   <trkpt lat="12.9082830" lon="77.6138520">
    <ele>891.4</ele>
    <time>2026-07-01T04:50:16Z</time>
   </trkpt>
   <trkpt lat="12.9082800" lon="77.6138890">
    <ele>891.3</ele>
    <time>2026-07-01T04:50:17Z</time>
   </trkpt>
   <trkpt lat="12.9082840" lon="77.6139190">
    <ele>891.2</ele>
    <time>2026-07-01T04:50:18Z</time>
   </trkpt>
   <trkpt lat="12.9082470" lon="77.6139810">
    <ele>890.9</ele>
    <time>2026-07-01T04:50:19Z</time>
   </trkpt>
   <trkpt lat="12.9082350" lon="77.6140230">
    <ele>890.8</ele>
    <time>2026-07-01T04:50:20Z</time>
   </trkpt>
   <trkpt lat="12.9082250" lon="77.6140560">
    <ele>890.7</ele>
    <time>2026-07-01T04:50:21Z</time>
   </trkpt>
   <trkpt lat="12.9082120" lon="77.6140910">
    <ele>890.7</ele>
    <time>2026-07-01T04:50:22Z</time>
   </trkpt>
   <trkpt lat="12.9081960" lon="77.6141260">
    <ele>890.6</ele>
    <time>2026-07-01T04:50:23Z</time>
   </trkpt>
   <trkpt lat="12.9081830" lon="77.6141580">
    <ele>890.5</ele>
    <time>2026-07-01T04:50:24Z</time>
   </trkpt>
   <trkpt lat="12.9081690" lon="77.6141810">
    <ele>890.5</ele>
    <time>2026-07-01T04:50:25Z</time>
   </trkpt>
   <trkpt lat="12.9081640" lon="77.6142040">
    <ele>890.4</ele>
    <time>2026-07-01T04:50:26Z</time>
   </trkpt>
   <trkpt lat="12.9081610" lon="77.6142200">
    <ele>890.4</ele>
    <time>2026-07-01T04:50:27Z</time>
   </trkpt>
   <trkpt lat="12.9081560" lon="77.6142420">
    <ele>890.3</ele>
    <time>2026-07-01T04:50:28Z</time>
   </trkpt>
   <trkpt lat="12.9081580" lon="77.6142600">
    <ele>890.3</ele>
    <time>2026-07-01T04:50:29Z</time>
   </trkpt>
   <trkpt lat="12.9081710" lon="77.6142720">
    <ele>890.3</ele>
    <time>2026-07-01T04:50:30Z</time>
   </trkpt>
   <trkpt lat="12.9081920" lon="77.6142850">
    <ele>890.3</ele>
    <time>2026-07-01T04:50:31Z</time>
   </trkpt>
   <trkpt lat="12.9082190" lon="77.6142960">
    <ele>890.3</ele>
    <time>2026-07-01T04:50:32Z</time>
   </trkpt>
   <trkpt lat="12.9082330" lon="77.6143110">
    <ele>890.3</ele>
    <time>2026-07-01T04:50:33Z</time>
   </trkpt>
   <trkpt lat="12.9082490" lon="77.6143330">
    <ele>890.3</ele>
    <time>2026-07-01T04:50:34Z</time>
   </trkpt>
   <trkpt lat="12.9082740" lon="77.6143440">
    <ele>890.3</ele>
    <time>2026-07-01T04:50:35Z</time>
   </trkpt>
   <trkpt lat="12.9083120" lon="77.6143530">
    <ele>890.3</ele>
    <time>2026-07-01T04:50:36Z</time>
   </trkpt>
   <trkpt lat="12.9083390" lon="77.6143620">
    <ele>890.4</ele>
    <time>2026-07-01T04:50:37Z</time>
   </trkpt>
   <trkpt lat="12.9083640" lon="77.6143650">
    <ele>890.4</ele>
    <time>2026-07-01T04:50:38Z</time>
   </trkpt>
   <trkpt lat="12.9083930" lon="77.6143670">
    <ele>890.4</ele>
    <time>2026-07-01T04:50:39Z</time>
   </trkpt>
   <trkpt lat="12.9084100" lon="77.6143740">
    <ele>890.4</ele>
    <time>2026-07-01T04:50:40Z</time>
   </trkpt>
   <trkpt lat="12.9084380" lon="77.6143880">
    <ele>890.4</ele>
    <time>2026-07-01T04:50:41Z</time>
   </trkpt>
   <trkpt lat="12.9084670" lon="77.6144000">
    <ele>890.4</ele>
    <time>2026-07-01T04:50:42Z</time>
   </trkpt>
   <trkpt lat="12.9085110" lon="77.6144060">
    <ele>890.4</ele>
    <time>2026-07-01T04:50:43Z</time>
   </trkpt>
   <trkpt lat="12.9085440" lon="77.6144140">
    <ele>890.4</ele>
    <time>2026-07-01T04:50:44Z</time>
   </trkpt>
   <trkpt lat="12.9085690" lon="77.6144150">
    <ele>890.4</ele>
    <time>2026-07-01T04:50:45Z</time>
   </trkpt>
   <trkpt lat="12.9086030" lon="77.6144340">
    <ele>890.4</ele>
    <time>2026-07-01T04:50:46Z</time>
   </trkpt>
   <trkpt lat="12.9086340" lon="77.6144480">
    <ele>890.4</ele>
    <time>2026-07-01T04:50:47Z</time>
   </trkpt>
   <trkpt lat="12.9086630" lon="77.6144660">
    <ele>890.4</ele>
    <time>2026-07-01T04:50:48Z</time>
   </trkpt>
   <trkpt lat="12.9086830" lon="77.6144890">
    <ele>890.5</ele>
    <time>2026-07-01T04:50:49Z</time>
   </trkpt>
   <trkpt lat="12.9086710" lon="77.6145070">
    <ele>890.4</ele>
    <time>2026-07-01T04:50:50Z</time>
   </trkpt>
   <trkpt lat="12.9086360" lon="77.6145440">
    <ele>890.4</ele>
    <time>2026-07-01T04:50:51Z</time>
   </trkpt>
   <trkpt lat="12.9086120" lon="77.6145830">
    <ele>890.3</ele>
    <time>2026-07-01T04:50:52Z</time>
   </trkpt>
   <trkpt lat="12.9086280" lon="77.6146100">
    <ele>890.3</ele>
    <time>2026-07-01T04:50:53Z</time>
   </trkpt>
   <trkpt lat="12.9086460" lon="77.6146240">
    <ele>890.3</ele>
    <time>2026-07-01T04:50:54Z</time>
   </trkpt>
   <trkpt lat="12.9086430" lon="77.6146520">
    <ele>890.2</ele>
    <time>2026-07-01T04:50:55Z</time>
   </trkpt>
   <trkpt lat="12.9086350" lon="77.6146790">
    <ele>890.2</ele>
    <time>2026-07-01T04:50:56Z</time>
   </trkpt>
   <trkpt lat="12.9086280" lon="77.6147130">
    <ele>890.2</ele>
    <time>2026-07-01T04:50:57Z</time>
   </trkpt>
   <trkpt lat="12.9086110" lon="77.6147400">
    <ele>890.1</ele>
    <time>2026-07-01T04:50:58Z</time>
   </trkpt>
   <trkpt lat="12.9086070" lon="77.6147710">
    <ele>890.1</ele>
    <time>2026-07-01T04:50:59Z</time>
   </trkpt>
   <trkpt lat="12.9085910" lon="77.6148090">
    <ele>890.1</ele>
    <time>2026-07-01T04:51:00Z</time>
   </trkpt>
   <trkpt lat="12.9085890" lon="77.6148420">
    <ele>890.0</ele>
    <time>2026-07-01T04:51:01Z</time>
   </trkpt>
   <trkpt lat="12.9086050" lon="77.6148670">
    <ele>890.0</ele>
    <time>2026-07-01T04:51:02Z</time>
   </trkpt>
   <trkpt lat="12.9086340" lon="77.6148850">
    <ele>890.0</ele>
    <time>2026-07-01T04:51:03Z</time>
   </trkpt>
   <trkpt lat="12.9086740" lon="77.6148970">
    <ele>889.9</ele>
    <time>2026-07-01T04:51:04Z</time>
   </trkpt>
   <trkpt lat="12.9087120" lon="77.6148900">
    <ele>889.9</ele>
    <time>2026-07-01T04:51:05Z</time>
   </trkpt>
   <trkpt lat="12.9087420" lon="77.6148960">
    <ele>889.9</ele>
    <time>2026-07-01T04:51:06Z</time>
   </trkpt>
   <trkpt lat="12.9087690" lon="77.6149140">
    <ele>889.9</ele>
    <time>2026-07-01T04:51:07Z</time>
   </trkpt>
   <trkpt lat="12.9087930" lon="77.6149300">
    <ele>889.9</ele>
    <time>2026-07-01T04:51:08Z</time>
   </trkpt>
   <trkpt lat="12.9088300" lon="77.6149390">
    <ele>889.9</ele>
    <time>2026-07-01T04:51:09Z</time>
   </trkpt>
   <trkpt lat="12.9088600" lon="77.6149600">
    <ele>889.8</ele>
    <time>2026-07-01T04:51:10Z</time>
   </trkpt>
   <trkpt lat="12.9088950" lon="77.6149670">
    <ele>889.8</ele>
    <time>2026-07-01T04:51:11Z</time>
   </trkpt>
   <trkpt lat="12.9089290" lon="77.6149810">
    <ele>889.8</ele>
    <time>2026-07-01T04:51:12Z</time>
   </trkpt>
   <trkpt lat="12.9089640" lon="77.6149930">
    <ele>889.8</ele>
    <time>2026-07-01T04:51:13Z</time>
   </trkpt>
   <trkpt lat="12.9089930" lon="77.6150100">
    <ele>889.8</ele>
    <time>2026-07-01T04:51:14Z</time>
   </trkpt>
   <trkpt lat="12.9090180" lon="77.6150400">
    <ele>889.8</ele>
    <time>2026-07-01T04:51:15Z</time>
   </trkpt>
   <trkpt lat="12.9090640" lon="77.6150430">
    <ele>889.8</ele>
    <time>2026-07-01T04:51:16Z</time>
   </trkpt>
   <trkpt lat="12.9091010" lon="77.6150530">
    <ele>889.8</ele>
    <time>2026-07-01T04:51:17Z</time>
   </trkpt>
   <trkpt lat="12.9091320" lon="77.6150660">
    <ele>889.8</ele>
    <time>2026-07-01T04:51:18Z</time>
   </trkpt>
   <trkpt lat="12.9091580" lon="77.6150840">
    <ele>889.8</ele>
    <time>2026-07-01T04:51:19Z</time>
   </trkpt>
   <trkpt lat="12.9091960" lon="77.6150920">
    <ele>889.8</ele>
    <time>2026-07-01T04:51:20Z</time>
   </trkpt>
   <trkpt lat="12.9092210" lon="77.6151090">
    <ele>889.8</ele>
    <time>2026-07-01T04:51:21Z</time>
   </trkpt>
   <trkpt lat="12.9092480" lon="77.6151210">
    <ele>889.8</ele>
    <time>2026-07-01T04:51:22Z</time>
   </trkpt>
   <trkpt lat="12.9092710" lon="77.6151250">
    <ele>889.8</ele>
    <time>2026-07-01T04:51:23Z</time>
   </trkpt>
   <trkpt lat="12.9093120" lon="77.6151480">
    <ele>889.8</ele>
    <time>2026-07-01T04:51:24Z</time>
   </trkpt>
   <trkpt lat="12.9093470" lon="77.6151550">
    <ele>889.8</ele>
    <time>2026-07-01T04:51:25Z</time>
   </trkpt>
   <trkpt lat="12.9093710" lon="77.6151730">
    <ele>889.8</ele>
    <time>2026-07-01T04:51:26Z</time>
   </trkpt>
   <trkpt lat="12.9094200" lon="77.6151770">
    <ele>889.7</ele>
    <time>2026-07-01T04:51:27Z</time>
   </trkpt>
   <trkpt lat="12.9094590" lon="77.6151840">
    <ele>889.7</ele>
    <time>2026-07-01T04:51:28Z</time>
   </trkpt>
   <trkpt lat="12.9094930" lon="77.6152010">
    <ele>889.7</ele>
    <time>2026-07-01T04:51:29Z</time>
   </trkpt>
   <trkpt lat="12.9095210" lon="77.6152140">
    <ele>889.7</ele>
    <time>2026-07-01T04:51:30Z</time>
   </trkpt>
   <trkpt lat="12.9095620" lon="77.6152240">
    <ele>889.7</ele>
    <time>2026-07-01T04:51:31Z</time>
   </trkpt>
   <trkpt lat="12.9095980" lon="77.6152450">
    <ele>889.7</ele>
    <time>2026-07-01T04:51:32Z</time>
   </trkpt>
   <trkpt lat="12.9096380" lon="77.6152520">
    <ele>889.7</ele>
    <time>2026-07-01T04:51:33Z</time>
   </trkpt>
   <trkpt lat="12.9096700" lon="77.6152700">
    <ele>889.7</ele>
    <time>2026-07-01T04:51:34Z</time>
   </trkpt>
   <trkpt lat="12.9097320" lon="77.6152600">
    <ele>889.7</ele>
    <time>2026-07-01T04:51:35Z</time>
   </trkpt>
   <trkpt lat="12.9097690" lon="77.6152670">
    <ele>889.7</ele>
    <time>2026-07-01T04:51:36Z</time>
   </trkpt>
   <trkpt lat="12.9097850" lon="77.6152890">
    <ele>889.7</ele>
    <time>2026-07-01T04:51:37Z</time>
   </trkpt>
   <trkpt lat="12.9098260" lon="77.6152880">
    <ele>889.7</ele>
    <time>2026-07-01T04:51:38Z</time>
   </trkpt>
   <trkpt lat="12.9098670" lon="77.6152930">
    <ele>889.7</ele>
    <time>2026-07-01T04:51:39Z</time>
   </trkpt>
   <trkpt lat="12.9099080" lon="77.6153060">
    <ele>889.7</ele>
    <time>2026-07-01T04:51:40Z</time>
   </trkpt>
   <trkpt lat="12.9099460" lon="77.6153230">
    <ele>889.7</ele>
    <time>2026-07-01T04:51:41Z</time>
   </trkpt>
   <trkpt lat="12.9099810" lon="77.6153380">
    <ele>889.7</ele>
    <time>2026-07-01T04:51:42Z</time>
   </trkpt>
   <trkpt lat="12.9100070" lon="77.6153740">
    <ele>889.7</ele>
    <time>2026-07-01T04:51:43Z</time>
   </trkpt>
   <trkpt lat="12.9100390" lon="77.6153710">
    <ele>889.7</ele>
    <time>2026-07-01T04:51:44Z</time>
   </trkpt>
   <trkpt lat="12.9100730" lon="77.6153760">
    <ele>889.8</ele>
    <time>2026-07-01T04:51:45Z</time>
   </trkpt>
   <trkpt lat="12.9101180" lon="77.6153910">
    <ele>889.8</ele>
    <time>2026-07-01T04:51:46Z</time>
   </trkpt>
   <trkpt lat="12.9101580" lon="77.6153990">
    <ele>889.8</ele>
    <time>2026-07-01T04:51:47Z</time>
   </trkpt>
   <trkpt lat="12.9101940" lon="77.6154170">
    <ele>889.8</ele>
    <time>2026-07-01T04:51:48Z</time>
   </trkpt>
   <trkpt lat="12.9102380" lon="77.6154230">
    <ele>889.8</ele>
    <time>2026-07-01T04:51:49Z</time>
   </trkpt>
   <trkpt lat="12.9102730" lon="77.6154330">
    <ele>889.8</ele>
    <time>2026-07-01T04:51:50Z</time>
   </trkpt>
   <trkpt lat="12.9103110" lon="77.6154500">
    <ele>889.9</ele>
    <time>2026-07-01T04:51:51Z</time>
   </trkpt>
   <trkpt lat="12.9103530" lon="77.6154610">
    <ele>889.9</ele>
    <time>2026-07-01T04:51:52Z</time>
   </trkpt>
   <trkpt lat="12.9103880" lon="77.6154730">
    <ele>889.9</ele>
    <time>2026-07-01T04:51:53Z</time>
   </trkpt>
   <trkpt lat="12.9104320" lon="77.6154860">
    <ele>889.9</ele>
    <time>2026-07-01T04:51:54Z</time>
   </trkpt>
   <trkpt lat="12.9104720" lon="77.6154890">
    <ele>889.9</ele>
    <time>2026-07-01T04:51:55Z</time>
   </trkpt>
   <trkpt lat="12.9105130" lon="77.6154970">
    <ele>889.9</ele>
    <time>2026-07-01T04:51:56Z</time>
   </trkpt>
   <trkpt lat="12.9105420" lon="77.6155040">
    <ele>889.9</ele>
    <time>2026-07-01T04:51:57Z</time>
   </trkpt>
   <trkpt lat="12.9105670" lon="77.6155130">
    <ele>889.9</ele>
    <time>2026-07-01T04:51:58Z</time>
   </trkpt>
   <trkpt lat="12.9105970" lon="77.6155180">
    <ele>889.9</ele>
    <time>2026-07-01T04:51:59Z</time>
   </trkpt>
   <trkpt lat="12.9106350" lon="77.6155230">
    <ele>889.9</ele>
    <time>2026-07-01T04:52:00Z</time>
   </trkpt>
   <trkpt lat="12.9106650" lon="77.6155390">
    <ele>889.9</ele>
    <time>2026-07-01T04:52:01Z</time>
   </trkpt>
   <trkpt lat="12.9106810" lon="77.6155650">
    <ele>889.9</ele>
    <time>2026-07-01T04:52:02Z</time>
   </trkpt>
   <trkpt lat="12.9107250" lon="77.6155600">
    <ele>889.9</ele>
    <time>2026-07-01T04:52:04Z</time>
   </trkpt>
   <trkpt lat="12.9107480" lon="77.6155630">
    <ele>889.9</ele>
    <time>2026-07-01T04:52:05Z</time>
   </trkpt>
   <trkpt lat="12.9108020" lon="77.6155730">
    <ele>889.9</ele>
    <time>2026-07-01T04:52:06Z</time>
   </trkpt>
   <trkpt lat="12.9108310" lon="77.6155860">
    <ele>889.9</ele>
    <time>2026-07-01T04:52:07Z</time>
   </trkpt>
   <trkpt lat="12.9108600" lon="77.6155780">
    <ele>889.9</ele>
    <time>2026-07-01T04:52:08Z</time>
   </trkpt>
   <trkpt lat="12.9109000" lon="77.6155800">
    <ele>889.9</ele>
    <time>2026-07-01T04:52:09Z</time>
   </trkpt>
   <trkpt lat="12.9109450" lon="77.6155950">
    <ele>889.9</ele>
    <time>2026-07-01T04:52:10Z</time>
   </trkpt>
   <trkpt lat="12.9109800" lon="77.6155970">
    <ele>889.9</ele>
    <time>2026-07-01T04:52:11Z</time>
   </trkpt>
   <trkpt lat="12.9110250" lon="77.6156010">
    <ele>889.9</ele>
    <time>2026-07-01T04:52:12Z</time>
   </trkpt>
   <trkpt lat="12.9110550" lon="77.6156190">
    <ele>889.9</ele>
    <time>2026-07-01T04:52:13Z</time>
   </trkpt>
   <trkpt lat="12.9110860" lon="77.6156250">
    <ele>889.9</ele>
    <time>2026-07-01T04:52:14Z</time>
   </trkpt>
   <trkpt lat="12.9111280" lon="77.6156300">
    <ele>889.9</ele>
    <time>2026-07-01T04:52:15Z</time>
   </trkpt>
   <trkpt lat="12.9111640" lon="77.6156350">
    <ele>889.9</ele>
    <time>2026-07-01T04:52:16Z</time>
   </trkpt>
   <trkpt lat="12.9111960" lon="77.6156390">
    <ele>889.8</ele>
    <time>2026-07-01T04:52:17Z</time>
   </trkpt>
   <trkpt lat="12.9112390" lon="77.6156470">
    <ele>889.8</ele>
    <time>2026-07-01T04:52:18Z</time>
   </trkpt>
   <trkpt lat="12.9112730" lon="77.6156540">
    <ele>889.8</ele>
    <time>2026-07-01T04:52:19Z</time>
   </trkpt>
   <trkpt lat="12.9113070" lon="77.6156670">
    <ele>889.8</ele>
    <time>2026-07-01T04:52:20Z</time>
   </trkpt>
   <trkpt lat="12.9113420" lon="77.6156780">
    <ele>889.8</ele>
    <time>2026-07-01T04:52:21Z</time>
   </trkpt>
   <trkpt lat="12.9113850" lon="77.6156830">
    <ele>889.7</ele>
    <time>2026-07-01T04:52:22Z</time>
   </trkpt>
   <trkpt lat="12.9114230" lon="77.6156920">
    <ele>889.7</ele>
    <time>2026-07-01T04:52:23Z</time>
   </trkpt>
   <trkpt lat="12.9114610" lon="77.6157010">
    <ele>889.7</ele>
    <time>2026-07-01T04:52:24Z</time>
   </trkpt>
   <trkpt lat="12.9114850" lon="77.6157130">
    <ele>889.6</ele>
    <time>2026-07-01T04:52:25Z</time>
   </trkpt>
   <trkpt lat="12.9115290" lon="77.6157250">
    <ele>889.6</ele>
    <time>2026-07-01T04:52:26Z</time>
   </trkpt>
   <trkpt lat="12.9115710" lon="77.6157340">
    <ele>889.6</ele>
    <time>2026-07-01T04:52:27Z</time>
   </trkpt>
   <trkpt lat="12.9116120" lon="77.6157470">
    <ele>889.6</ele>
    <time>2026-07-01T04:52:28Z</time>
   </trkpt>
   <trkpt lat="12.9116550" lon="77.6157570">
    <ele>889.6</ele>
    <time>2026-07-01T04:52:29Z</time>
   </trkpt>
   <trkpt lat="12.9117340" lon="77.6157750">
    <ele>889.5</ele>
    <time>2026-07-01T04:52:30Z</time>
   </trkpt>
   <trkpt lat="12.9117650" lon="77.6157780">
    <ele>889.5</ele>
    <time>2026-07-01T04:52:31Z</time>
   </trkpt>
   <trkpt lat="12.9118060" lon="77.6157910">
    <ele>889.5</ele>
    <time>2026-07-01T04:52:32Z</time>
   </trkpt>
   <trkpt lat="12.9118500" lon="77.6158010">
    <ele>889.5</ele>
    <time>2026-07-01T04:52:33Z</time>
   </trkpt>
   <trkpt lat="12.9118890" lon="77.6158120">
    <ele>889.5</ele>
    <time>2026-07-01T04:52:34Z</time>
   </trkpt>
   <trkpt lat="12.9119350" lon="77.6158130">
    <ele>889.5</ele>
    <time>2026-07-01T04:52:35Z</time>
   </trkpt>
   <trkpt lat="12.9119720" lon="77.6158290">
    <ele>889.5</ele>
    <time>2026-07-01T04:52:36Z</time>
   </trkpt>
   <trkpt lat="12.9119970" lon="77.6158360">
    <ele>889.5</ele>
    <time>2026-07-01T04:52:37Z</time>
   </trkpt>
   <trkpt lat="12.9120470" lon="77.6158390">
    <ele>889.5</ele>
    <time>2026-07-01T04:52:38Z</time>
   </trkpt>
   <trkpt lat="12.9120770" lon="77.6158380">
    <ele>889.5</ele>
    <time>2026-07-01T04:52:39Z</time>
   </trkpt>
   <trkpt lat="12.9121130" lon="77.6158450">
    <ele>889.5</ele>
    <time>2026-07-01T04:52:40Z</time>
   </trkpt>
   <trkpt lat="12.9121480" lon="77.6158520">
    <ele>889.5</ele>
    <time>2026-07-01T04:52:41Z</time>
   </trkpt>
   <trkpt lat="12.9121780" lon="77.6158620">
    <ele>889.5</ele>
    <time>2026-07-01T04:52:42Z</time>
   </trkpt>
   <trkpt lat="12.9122050" lon="77.6158690">
    <ele>889.5</ele>
    <time>2026-07-01T04:52:43Z</time>
   </trkpt>
   <trkpt lat="12.9122340" lon="77.6158780">
    <ele>889.5</ele>
    <time>2026-07-01T04:52:44Z</time>
   </trkpt>
   <trkpt lat="12.9122620" lon="77.6158780">
    <ele>889.5</ele>
    <time>2026-07-01T04:52:45Z</time>
   </trkpt>
   <trkpt lat="12.9123050" lon="77.6158830">
    <ele>889.4</ele>
    <time>2026-07-01T04:52:46Z</time>
   </trkpt>
   <trkpt lat="12.9123360" lon="77.6158910">
    <ele>889.4</ele>
    <time>2026-07-01T04:52:47Z</time>
   </trkpt>
   <trkpt lat="12.9123640" lon="77.6158950">
    <ele>889.4</ele>
    <time>2026-07-01T04:52:48Z</time>
   </trkpt>
   <trkpt lat="12.9123940" lon="77.6159170">
    <ele>889.4</ele>
    <time>2026-07-01T04:52:49Z</time>
   </trkpt>
   <trkpt lat="12.9124240" lon="77.6159350">
    <ele>889.4</ele>
    <time>2026-07-01T04:52:50Z</time>
   </trkpt>
   <trkpt lat="12.9124740" lon="77.6159260">
    <ele>889.4</ele>
    <time>2026-07-01T04:52:51Z</time>
   </trkpt>
   <trkpt lat="12.9125080" lon="77.6159250">
    <ele>889.4</ele>
    <time>2026-07-01T04:52:52Z</time>
   </trkpt>
   <trkpt lat="12.9125430" lon="77.6159380">
    <ele>889.4</ele>
    <time>2026-07-01T04:52:53Z</time>
   </trkpt>
   <trkpt lat="12.9125750" lon="77.6159570">
    <ele>889.4</ele>
    <time>2026-07-01T04:52:54Z</time>
   </trkpt>
   <trkpt lat="12.9126030" lon="77.6159620">
    <ele>889.4</ele>
    <time>2026-07-01T04:52:55Z</time>
   </trkpt>
   <trkpt lat="12.9126490" lon="77.6159600">
    <ele>889.4</ele>
    <time>2026-07-01T04:52:56Z</time>
   </trkpt>
   <trkpt lat="12.9126870" lon="77.6159560">
    <ele>889.4</ele>
    <time>2026-07-01T04:52:57Z</time>
   </trkpt>
   <trkpt lat="12.9127230" lon="77.6159550">
    <ele>889.4</ele>
    <time>2026-07-01T04:52:58Z</time>
   </trkpt>
   <trkpt lat="12.9127590" lon="77.6159710">
    <ele>889.5</ele>
    <time>2026-07-01T04:52:59Z</time>
   </trkpt>
   <trkpt lat="12.9127930" lon="77.6159810">
    <ele>889.5</ele>
    <time>2026-07-01T04:53:00Z</time>
   </trkpt>
   <trkpt lat="12.9128290" lon="77.6159860">
    <ele>889.5</ele>
    <time>2026-07-01T04:53:01Z</time>
   </trkpt>
   <trkpt lat="12.9128700" lon="77.6159860">
    <ele>889.5</ele>
    <time>2026-07-01T04:53:02Z</time>
   </trkpt>
   <trkpt lat="12.9129070" lon="77.6159860">
    <ele>889.5</ele>
    <time>2026-07-01T04:53:03Z</time>
   </trkpt>
   <trkpt lat="12.9129380" lon="77.6159990">
    <ele>889.5</ele>
    <time>2026-07-01T04:53:04Z</time>
   </trkpt>
   <trkpt lat="12.9129720" lon="77.6159990">
    <ele>889.6</ele>
    <time>2026-07-01T04:53:05Z</time>
   </trkpt>
   <trkpt lat="12.9130110" lon="77.6160010">
    <ele>889.6</ele>
    <time>2026-07-01T04:53:06Z</time>
   </trkpt>
   <trkpt lat="12.9130400" lon="77.6160050">
    <ele>889.6</ele>
    <time>2026-07-01T04:53:07Z</time>
   </trkpt>
   <trkpt lat="12.9130580" lon="77.6160140">
    <ele>889.6</ele>
    <time>2026-07-01T04:53:08Z</time>
   </trkpt>
   <trkpt lat="12.9130910" lon="77.6160240">
    <ele>889.6</ele>
    <time>2026-07-01T04:53:09Z</time>
   </trkpt>
   <trkpt lat="12.9131280" lon="77.6160360">
    <ele>889.6</ele>
    <time>2026-07-01T04:53:10Z</time>
   </trkpt>
   <trkpt lat="12.9131630" lon="77.6160360">
    <ele>889.6</ele>
    <time>2026-07-01T04:53:11Z</time>
   </trkpt>
   <trkpt lat="12.9132040" lon="77.6160380">
    <ele>889.7</ele>
    <time>2026-07-01T04:53:12Z</time>
   </trkpt>
   <trkpt lat="12.9132390" lon="77.6160470">
    <ele>889.7</ele>
    <time>2026-07-01T04:53:13Z</time>
   </trkpt>
   <trkpt lat="12.9132750" lon="77.6160570">
    <ele>889.7</ele>
    <time>2026-07-01T04:53:14Z</time>
   </trkpt>
   <trkpt lat="12.9133060" lon="77.6160730">
    <ele>889.7</ele>
    <time>2026-07-01T04:53:15Z</time>
   </trkpt>
   <trkpt lat="12.9133400" lon="77.6160830">
    <ele>889.7</ele>
    <time>2026-07-01T04:53:16Z</time>
   </trkpt>
   <trkpt lat="12.9133790" lon="77.6160930">
    <ele>889.7</ele>
    <time>2026-07-01T04:53:17Z</time>
   </trkpt>
   <trkpt lat="12.9134160" lon="77.6160980">
    <ele>889.7</ele>
    <time>2026-07-01T04:53:18Z</time>
   </trkpt>
   <trkpt lat="12.9134560" lon="77.6160880">
    <ele>889.7</ele>
    <time>2026-07-01T04:53:19Z</time>
   </trkpt>
   <trkpt lat="12.9134910" lon="77.6160850">
    <ele>889.7</ele>
    <time>2026-07-01T04:53:20Z</time>
   </trkpt>
   <trkpt lat="12.9135310" lon="77.6160870">
    <ele>889.7</ele>
    <time>2026-07-01T04:53:21Z</time>
   </trkpt>
   <trkpt lat="12.9135700" lon="77.6160980">
    <ele>889.7</ele>
    <time>2026-07-01T04:53:22Z</time>
   </trkpt>
   <trkpt lat="12.9136060" lon="77.6161050">
    <ele>889.7</ele>
    <time>2026-07-01T04:53:23Z</time>
   </trkpt>
   <trkpt lat="12.9136430" lon="77.6161050">
    <ele>889.7</ele>
    <time>2026-07-01T04:53:24Z</time>
   </trkpt>
   <trkpt lat="12.9136810" lon="77.6161060">
    <ele>889.7</ele>
    <time>2026-07-01T04:53:25Z</time>
   </trkpt>
   <trkpt lat="12.9137130" lon="77.6161130">
    <ele>889.7</ele>
    <time>2026-07-01T04:53:26Z</time>
   </trkpt>
   <trkpt lat="12.9137470" lon="77.6161200">
    <ele>889.7</ele>
    <time>2026-07-01T04:53:27Z</time>
   </trkpt>
   <trkpt lat="12.9137830" lon="77.6161230">
    <ele>889.7</ele>
    <time>2026-07-01T04:53:28Z</time>
   </trkpt>
   <trkpt lat="12.9138210" lon="77.6161310">
    <ele>889.7</ele>
    <time>2026-07-01T04:53:29Z</time>
   </trkpt>
   <trkpt lat="12.9138520" lon="77.6161470">
    <ele>889.7</ele>
    <time>2026-07-01T04:53:30Z</time>
   </trkpt>
   <trkpt lat="12.9138860" lon="77.6161590">
    <ele>889.7</ele>
    <time>2026-07-01T04:53:31Z</time>
   </trkpt>
   <trkpt lat="12.9139250" lon="77.6161650">
    <ele>889.7</ele>
    <time>2026-07-01T04:53:32Z</time>
   </trkpt>
   <trkpt lat="12.9139530" lon="77.6161840">
    <ele>889.7</ele>
    <time>2026-07-01T04:53:33Z</time>
   </trkpt>
   <trkpt lat="12.9139900" lon="77.6161810">
    <ele>889.7</ele>
    <time>2026-07-01T04:53:34Z</time>
   </trkpt>
   <trkpt lat="12.9140310" lon="77.6161800">
    <ele>889.7</ele>
    <time>2026-07-01T04:53:35Z</time>
   </trkpt>
   <trkpt lat="12.9140560" lon="77.6161790">
    <ele>889.7</ele>
    <time>2026-07-01T04:53:36Z</time>
   </trkpt>
   <trkpt lat="12.9140940" lon="77.6161900">
    <ele>889.8</ele>
    <time>2026-07-01T04:53:37Z</time>
   </trkpt>
   <trkpt lat="12.9141200" lon="77.6162000">
    <ele>889.8</ele>
    <time>2026-07-01T04:53:38Z</time>
   </trkpt>
   <trkpt lat="12.9141480" lon="77.6162140">
    <ele>889.8</ele>
    <time>2026-07-01T04:53:39Z</time>
   </trkpt>
   <trkpt lat="12.9141640" lon="77.6162130">
    <ele>889.8</ele>
    <time>2026-07-01T04:53:40Z</time>
   </trkpt>
   <trkpt lat="12.9141920" lon="77.6162140">
    <ele>889.8</ele>
    <time>2026-07-01T04:53:41Z</time>
   </trkpt>
   <trkpt lat="12.9142260" lon="77.6162180">
    <ele>889.8</ele>
    <time>2026-07-01T04:53:42Z</time>
   </trkpt>
   <trkpt lat="12.9142570" lon="77.6162250">
    <ele>889.8</ele>
    <time>2026-07-01T04:53:43Z</time>
   </trkpt>
   <trkpt lat="12.9142860" lon="77.6162300">
    <ele>889.8</ele>
    <time>2026-07-01T04:53:44Z</time>
   </trkpt>
   <trkpt lat="12.9143110" lon="77.6162320">
    <ele>889.8</ele>
    <time>2026-07-01T04:53:45Z</time>
   </trkpt>
   <trkpt lat="12.9143410" lon="77.6162330">
    <ele>889.8</ele>
    <time>2026-07-01T04:53:46Z</time>
   </trkpt>
   <trkpt lat="12.9143560" lon="77.6162360">
    <ele>889.8</ele>
    <time>2026-07-01T04:53:47Z</time>
   </trkpt>
   <trkpt lat="12.9143710" lon="77.6162250">
    <ele>889.9</ele>
    <time>2026-07-01T04:53:48Z</time>
   </trkpt>
   <trkpt lat="12.9143960" lon="77.6162030">
    <ele>890.1</ele>
    <time>2026-07-01T04:53:49Z</time>
   </trkpt>
   <trkpt lat="12.9144030" lon="77.6161760">
    <ele>890.2</ele>
    <time>2026-07-01T04:53:50Z</time>
   </trkpt>
   <trkpt lat="12.9144040" lon="77.6161570">
    <ele>890.3</ele>
    <time>2026-07-01T04:53:51Z</time>
   </trkpt>
   <trkpt lat="12.9144100" lon="77.6161400">
    <ele>890.4</ele>
    <time>2026-07-01T04:53:52Z</time>
   </trkpt>
   <trkpt lat="12.9144320" lon="77.6161210">
    <ele>890.5</ele>
    <time>2026-07-01T04:53:53Z</time>
   </trkpt>
   <trkpt lat="12.9144410" lon="77.6160940">
    <ele>890.6</ele>
    <time>2026-07-01T04:53:54Z</time>
   </trkpt>
   <trkpt lat="12.9144540" lon="77.6160680">
    <ele>890.8</ele>
    <time>2026-07-01T04:53:55Z</time>
   </trkpt>
   <trkpt lat="12.9144580" lon="77.6160360">
    <ele>890.9</ele>
    <time>2026-07-01T04:53:56Z</time>
   </trkpt>
   <trkpt lat="12.9144600" lon="77.6160110">
    <ele>891.0</ele>
    <time>2026-07-01T04:53:57Z</time>
   </trkpt>
   <trkpt lat="12.9144870" lon="77.6159850">
    <ele>891.2</ele>
    <time>2026-07-01T04:53:58Z</time>
   </trkpt>
   <trkpt lat="12.9144450" lon="77.6159660">
    <ele>891.4</ele>
    <time>2026-07-01T04:53:59Z</time>
   </trkpt>
   <trkpt lat="12.9144700" lon="77.6159310">
    <ele>891.6</ele>
    <time>2026-07-01T04:54:00Z</time>
   </trkpt>
   <trkpt lat="12.9144800" lon="77.6159070">
    <ele>891.8</ele>
    <time>2026-07-01T04:54:01Z</time>
   </trkpt>
   <trkpt lat="12.9144830" lon="77.6158800">
    <ele>891.9</ele>
    <time>2026-07-01T04:54:02Z</time>
   </trkpt>
   <trkpt lat="12.9144820" lon="77.6158580">
    <ele>892.0</ele>
    <time>2026-07-01T04:54:03Z</time>
   </trkpt>
   <trkpt lat="12.9144830" lon="77.6158670">
    <ele>892.0</ele>
    <time>2026-07-01T04:54:04Z</time>
   </trkpt>
   <trkpt lat="12.9144940" lon="77.6158650">
    <ele>892.0</ele>
    <time>2026-07-01T04:54:05Z</time>
   </trkpt>
   <trkpt lat="12.9145260" lon="77.6158580">
    <ele>892.0</ele>
    <time>2026-07-01T04:54:06Z</time>
   </trkpt>
   <trkpt lat="12.9145450" lon="77.6158650">
    <ele>892.0</ele>
    <time>2026-07-01T04:54:07Z</time>
   </trkpt>
   <trkpt lat="12.9145680" lon="77.6158730">
    <ele>892.0</ele>
    <time>2026-07-01T04:54:08Z</time>
   </trkpt>
   <trkpt lat="12.9145900" lon="77.6158750">
    <ele>892.0</ele>
    <time>2026-07-01T04:54:10Z</time>
   </trkpt>
   <trkpt lat="12.9146120" lon="77.6158800">
    <ele>891.9</ele>
    <time>2026-07-01T04:54:11Z</time>
   </trkpt>
   <trkpt lat="12.9146090" lon="77.6158750">
    <ele>891.9</ele>
    <time>2026-07-01T04:54:12Z</time>
   </trkpt>
   <trkpt lat="12.9146280" lon="77.6158730">
    <ele>891.9</ele>
    <time>2026-07-01T04:54:13Z</time>
   </trkpt>
   <trkpt lat="12.9146640" lon="77.6158770">
    <ele>891.9</ele>
    <time>2026-07-01T04:54:14Z</time>
   </trkpt>
   <trkpt lat="12.9146920" lon="77.6158850">
    <ele>891.9</ele>
    <time>2026-07-01T04:54:15Z</time>
   </trkpt>
   <trkpt lat="12.9147130" lon="77.6158790">
    <ele>891.9</ele>
    <time>2026-07-01T04:54:16Z</time>
   </trkpt>
   <trkpt lat="12.9147340" lon="77.6158770">
    <ele>891.9</ele>
    <time>2026-07-01T04:54:17Z</time>
   </trkpt>
   <trkpt lat="12.9147560" lon="77.6158890">
    <ele>891.8</ele>
    <time>2026-07-01T04:54:18Z</time>
   </trkpt>
   <trkpt lat="12.9147780" lon="77.6158960">
    <ele>891.8</ele>
    <time>2026-07-01T04:54:19Z</time>
   </trkpt>
   <trkpt lat="12.9147980" lon="77.6158990">
    <ele>891.8</ele>
    <time>2026-07-01T04:54:20Z</time>
   </trkpt>
   <trkpt lat="12.9148210" lon="77.6159130">
    <ele>891.8</ele>
    <time>2026-07-01T04:54:21Z</time>
   </trkpt>
   <trkpt lat="12.9148450" lon="77.6159250">
    <ele>891.8</ele>
    <time>2026-07-01T04:54:22Z</time>
   </trkpt>
   <trkpt lat="12.9148670" lon="77.6159350">
    <ele>891.8</ele>
    <time>2026-07-01T04:54:23Z</time>
   </trkpt>
   <trkpt lat="12.9148990" lon="77.6159370">
    <ele>891.8</ele>
    <time>2026-07-01T04:54:24Z</time>
   </trkpt>
   <trkpt lat="12.9149050" lon="77.6159280">
    <ele>891.8</ele>
    <time>2026-07-01T04:54:25Z</time>
   </trkpt>
   <trkpt lat="12.9149360" lon="77.6159580">
    <ele>891.8</ele>
    <time>2026-07-01T04:54:26Z</time>
   </trkpt>
   <trkpt lat="12.9149650" lon="77.6159660">
    <ele>891.8</ele>
    <time>2026-07-01T04:54:27Z</time>
   </trkpt>
   <trkpt lat="12.9149960" lon="77.6159700">
    <ele>891.8</ele>
    <time>2026-07-01T04:54:28Z</time>
   </trkpt>
   <trkpt lat="12.9150230" lon="77.6159840">
    <ele>891.9</ele>
    <time>2026-07-01T04:54:29Z</time>
   </trkpt>
   <trkpt lat="12.9150520" lon="77.6159790">
    <ele>891.9</ele>
    <time>2026-07-01T04:54:30Z</time>
   </trkpt>
   <trkpt lat="12.9150560" lon="77.6159730">
    <ele>891.9</ele>
    <time>2026-07-01T04:54:31Z</time>
   </trkpt>
   <trkpt lat="12.9150790" lon="77.6159720">
    <ele>891.9</ele>
    <time>2026-07-01T04:54:32Z</time>
   </trkpt>
   <trkpt lat="12.9150990" lon="77.6159800">
    <ele>891.9</ele>
    <time>2026-07-01T04:54:33Z</time>
   </trkpt>
   <trkpt lat="12.9150890" lon="77.6159800">
    <ele>891.9</ele>
    <time>2026-07-01T04:54:34Z</time>
   </trkpt>
   <trkpt lat="12.9150940" lon="77.6160160">
    <ele>891.8</ele>
    <time>2026-07-01T04:54:35Z</time>
   </trkpt>
   <trkpt lat="12.9150770" lon="77.6160300">
    <ele>891.7</ele>
    <time>2026-07-01T04:54:36Z</time>
   </trkpt>
   <trkpt lat="12.9150760" lon="77.6160650">
    <ele>891.6</ele>
    <time>2026-07-01T04:54:37Z</time>
   </trkpt>
   <trkpt lat="12.9150780" lon="77.6160800">
    <ele>891.6</ele>
    <time>2026-07-01T04:54:38Z</time>
   </trkpt>
   <trkpt lat="12.9150800" lon="77.6160880">
    <ele>891.5</ele>
    <time>2026-07-01T04:54:39Z</time>
   </trkpt>
   <trkpt lat="12.9150840" lon="77.6160950">
    <ele>891.5</ele>
    <time>2026-07-01T04:54:40Z</time>
   </trkpt>
   <trkpt lat="12.9150860" lon="77.6161080">
    <ele>891.4</ele>
    <time>2026-07-01T04:54:41Z</time>
   </trkpt>
   <trkpt lat="12.9150850" lon="77.6161290">
    <ele>891.4</ele>
    <time>2026-07-01T04:54:42Z</time>
   </trkpt>
   <trkpt lat="12.9150840" lon="77.6161500">
    <ele>891.3</ele>
    <time>2026-07-01T04:54:43Z</time>
   </trkpt>
   <trkpt lat="12.9150820" lon="77.6161710">
    <ele>891.2</ele>
    <time>2026-07-01T04:54:44Z</time>
   </trkpt>
   <trkpt lat="12.9150790" lon="77.6161930">
    <ele>891.1</ele>
    <time>2026-07-01T04:54:45Z</time>
   </trkpt>
   <trkpt lat="12.9150750" lon="77.6162090">
    <ele>891.0</ele>
    <time>2026-07-01T04:54:46Z</time>
   </trkpt>
   <trkpt lat="12.9150720" lon="77.6162230">
    <ele>891.0</ele>
    <time>2026-07-01T04:54:47Z</time>
   </trkpt>
   <trkpt lat="12.9150670" lon="77.6162320">
    <ele>891.0</ele>
    <time>2026-07-01T04:54:48Z</time>
   </trkpt>
   <trkpt lat="12.9150640" lon="77.6162440">
    <ele>890.9</ele>
    <time>2026-07-01T04:54:49Z</time>
   </trkpt>
   <trkpt lat="12.9150670" lon="77.6162610">
    <ele>890.8</ele>
    <time>2026-07-01T04:54:50Z</time>
   </trkpt>
   <trkpt lat="12.9150690" lon="77.6162640">
    <ele>890.8</ele>
    <time>2026-07-01T04:54:51Z</time>
   </trkpt>
   <trkpt lat="12.9150710" lon="77.6162640">
    <ele>890.8</ele>
    <time>2026-07-01T04:54:52Z</time>
   </trkpt>
   <trkpt lat="12.9150700" lon="77.6162640">
    <ele>890.8</ele>
    <time>2026-07-01T04:54:53Z</time>
   </trkpt>
   <trkpt lat="12.9150680" lon="77.6162640">
    <ele>890.8</ele>
    <time>2026-07-01T04:54:54Z</time>
   </trkpt>
   <trkpt lat="12.9150640" lon="77.6162620">
    <ele>890.8</ele>
    <time>2026-07-01T04:54:55Z</time>
   </trkpt>
   <trkpt lat="12.9150620" lon="77.6162650">
    <ele>890.8</ele>
    <time>2026-07-01T04:54:56Z</time>
   </trkpt>
   <trkpt lat="12.9150590" lon="77.6162750">
    <ele>890.7</ele>
    <time>2026-07-01T04:54:57Z</time>
   </trkpt>
   <trkpt lat="12.9150530" lon="77.6162790">
    <ele>890.7</ele>
    <time>2026-07-01T04:54:58Z</time>
   </trkpt>
   <trkpt lat="12.9150490" lon="77.6162830">
    <ele>890.7</ele>
    <time>2026-07-01T04:54:59Z</time>
   </trkpt>
   <trkpt lat="12.9150490" lon="77.6162880">
    <ele>890.7</ele>
    <time>2026-07-01T04:55:00Z</time>
   </trkpt>
   <trkpt lat="12.9150480" lon="77.6162900">
    <ele>890.7</ele>
    <time>2026-07-01T04:55:01Z</time>
   </trkpt>
   <trkpt lat="12.9150500" lon="77.6162920">
    <ele>890.6</ele>
    <time>2026-07-01T04:55:02Z</time>
   </trkpt>
   <trkpt lat="12.9150500" lon="77.6162910">
    <ele>890.6</ele>
    <time>2026-07-01T04:55:03Z</time>
   </trkpt>
   <trkpt lat="12.9150480" lon="77.6162920">
    <ele>890.6</ele>
    <time>2026-07-01T04:55:04Z</time>
   </trkpt>
   <trkpt lat="12.9150490" lon="77.6162920">
    <ele>890.6</ele>
    <time>2026-07-01T04:55:05Z</time>
   </trkpt>
   <trkpt lat="12.9150480" lon="77.6162930">
    <ele>890.6</ele>
    <time>2026-07-01T04:55:06Z</time>
   </trkpt>
   <trkpt lat="12.9150470" lon="77.6163000">
    <ele>890.6</ele>
    <time>2026-07-01T04:55:07Z</time>
   </trkpt>
   <trkpt lat="12.9150400" lon="77.6163360">
    <ele>890.5</ele>
    <time>2026-07-01T04:55:09Z</time>
   </trkpt>
   <trkpt lat="12.9150440" lon="77.6163580">
    <ele>890.6</ele>
    <time>2026-07-01T04:55:10Z</time>
   </trkpt>
   <trkpt lat="12.9150540" lon="77.6163810">
    <ele>890.7</ele>
    <time>2026-07-01T04:55:11Z</time>
   </trkpt>
   <trkpt lat="12.9150660" lon="77.6164030">
    <ele>891.1</ele>
    <time>2026-07-01T04:55:12Z</time>
   </trkpt>
   <trkpt lat="12.9150730" lon="77.6164210">
    <ele>891.2</ele>
    <time>2026-07-01T04:55:13Z</time>
   </trkpt>
   <trkpt lat="12.9150740" lon="77.6164420">
    <ele>891.2</ele>
    <time>2026-07-01T04:55:14Z</time>
   </trkpt>
   <trkpt lat="12.9150740" lon="77.6164650">
    <ele>891.4</ele>
    <time>2026-07-01T04:55:15Z</time>
   </trkpt>
   <trkpt lat="12.9150730" lon="77.6164950">
    <ele>891.0</ele>
    <time>2026-07-01T04:55:16Z</time>
   </trkpt>
   <trkpt lat="12.9150680" lon="77.6165200">
    <ele>890.6</ele>
    <time>2026-07-01T04:55:17Z</time>
   </trkpt>
   <trkpt lat="12.9150630" lon="77.6165430">
    <ele>890.8</ele>
    <time>2026-07-01T04:55:18Z</time>
   </trkpt>
   <trkpt lat="12.9150590" lon="77.6165650">
    <ele>890.4</ele>
    <time>2026-07-01T04:55:19Z</time>
   </trkpt>
   <trkpt lat="12.9150560" lon="77.6165840">
    <ele>890.3</ele>
    <time>2026-07-01T04:55:20Z</time>
   </trkpt>
   <trkpt lat="12.9150510" lon="77.6166010">
    <ele>890.4</ele>
    <time>2026-07-01T04:55:21Z</time>
   </trkpt>
   <trkpt lat="12.9150390" lon="77.6166200">
    <ele>890.2</ele>
    <time>2026-07-01T04:55:22Z</time>
   </trkpt>
   <trkpt lat="12.9150270" lon="77.6166350">
    <ele>890.2</ele>
    <time>2026-07-01T04:55:23Z</time>
   </trkpt>
   <trkpt lat="12.9150140" lon="77.6166530">
    <ele>890.2</ele>
    <time>2026-07-01T04:55:24Z</time>
   </trkpt>
   <trkpt lat="12.9149970" lon="77.6166730">
    <ele>890.1</ele>
    <time>2026-07-01T04:55:25Z</time>
   </trkpt>
   <trkpt lat="12.9149730" lon="77.6166880">
    <ele>890.1</ele>
    <time>2026-07-01T04:55:26Z</time>
   </trkpt>
   <trkpt lat="12.9149530" lon="77.6167050">
    <ele>890.0</ele>
    <time>2026-07-01T04:55:27Z</time>
   </trkpt>
   <trkpt lat="12.9149300" lon="77.6167250">
    <ele>889.9</ele>
    <time>2026-07-01T04:55:28Z</time>
   </trkpt>
   <trkpt lat="12.9149080" lon="77.6167450">
    <ele>889.9</ele>
    <time>2026-07-01T04:55:29Z</time>
   </trkpt>
   <trkpt lat="12.9148900" lon="77.6167670">
    <ele>889.8</ele>
    <time>2026-07-01T04:55:30Z</time>
   </trkpt>
   <trkpt lat="12.9148750" lon="77.6167910">
    <ele>889.7</ele>
    <time>2026-07-01T04:55:31Z</time>
   </trkpt>
   <trkpt lat="12.9148590" lon="77.6168130">
    <ele>889.6</ele>
    <time>2026-07-01T04:55:32Z</time>
   </trkpt>
   <trkpt lat="12.9148350" lon="77.6168380">
    <ele>889.5</ele>
    <time>2026-07-01T04:55:33Z</time>
   </trkpt>
   <trkpt lat="12.9148100" lon="77.6168570">
    <ele>889.4</ele>
    <time>2026-07-01T04:55:34Z</time>
   </trkpt>
   <trkpt lat="12.9147820" lon="77.6168730">
    <ele>889.3</ele>
    <time>2026-07-01T04:55:35Z</time>
   </trkpt>
   <trkpt lat="12.9147570" lon="77.6168980">
    <ele>889.2</ele>
    <time>2026-07-01T04:55:36Z</time>
   </trkpt>
   <trkpt lat="12.9147370" lon="77.6169270">
    <ele>889.1</ele>
    <time>2026-07-01T04:55:37Z</time>
   </trkpt>
   <trkpt lat="12.9147080" lon="77.6169570">
    <ele>889.0</ele>
    <time>2026-07-01T04:55:38Z</time>
   </trkpt>
   <trkpt lat="12.9146790" lon="77.6169850">
    <ele>888.9</ele>
    <time>2026-07-01T04:55:39Z</time>
   </trkpt>
   <trkpt lat="12.9146540" lon="77.6170170">
    <ele>888.8</ele>
    <time>2026-07-01T04:55:40Z</time>
   </trkpt>
   <trkpt lat="12.9146280" lon="77.6170500">
    <ele>888.6</ele>
    <time>2026-07-01T04:55:41Z</time>
   </trkpt>
   <trkpt lat="12.9145980" lon="77.6170790">
    <ele>888.5</ele>
    <time>2026-07-01T04:55:42Z</time>
   </trkpt>
   <trkpt lat="12.9145680" lon="77.6171110">
    <ele>888.4</ele>
    <time>2026-07-01T04:55:43Z</time>
   </trkpt>
   <trkpt lat="12.9145390" lon="77.6171420">
    <ele>888.3</ele>
    <time>2026-07-01T04:55:44Z</time>
   </trkpt>
   <trkpt lat="12.9145100" lon="77.6171740">
    <ele>888.2</ele>
    <time>2026-07-01T04:55:45Z</time>
   </trkpt>
   <trkpt lat="12.9144830" lon="77.6171990">
    <ele>888.2</ele>
    <time>2026-07-01T04:55:46Z</time>
   </trkpt>
   <trkpt lat="12.9144550" lon="77.6172320">
    <ele>888.1</ele>
    <time>2026-07-01T04:55:47Z</time>
   </trkpt>
   <trkpt lat="12.9144310" lon="77.6172590">
    <ele>888.0</ele>
    <time>2026-07-01T04:55:48Z</time>
   </trkpt>
   <trkpt lat="12.9144120" lon="77.6172810">
    <ele>888.0</ele>
    <time>2026-07-01T04:55:49Z</time>
   </trkpt>
   <trkpt lat="12.9143960" lon="77.6172990">
    <ele>887.9</ele>
    <time>2026-07-01T04:55:50Z</time>
   </trkpt>
   <trkpt lat="12.9143860" lon="77.6173100">
    <ele>887.9</ele>
    <time>2026-07-01T04:55:51Z</time>
   </trkpt>
   <trkpt lat="12.9143790" lon="77.6173170">
    <ele>887.9</ele>
    <time>2026-07-01T04:55:52Z</time>
   </trkpt>
   <trkpt lat="12.9143710" lon="77.6173230">
    <ele>887.9</ele>
    <time>2026-07-01T04:55:53Z</time>
   </trkpt>
   <trkpt lat="12.9143640" lon="77.6173320">
    <ele>887.9</ele>
    <time>2026-07-01T04:55:54Z</time>
   </trkpt>
   <trkpt lat="12.9143640" lon="77.6173350">
    <ele>887.9</ele>
    <time>2026-07-01T04:55:55Z</time>
   </trkpt>
   <trkpt lat="12.9143600" lon="77.6173410">
    <ele>887.9</ele>
    <time>2026-07-01T04:55:56Z</time>
   </trkpt>
   <trkpt lat="12.9143510" lon="77.6173490">
    <ele>887.8</ele>
    <time>2026-07-01T04:55:57Z</time>
   </trkpt>
   <trkpt lat="12.9143440" lon="77.6173520">
    <ele>887.8</ele>
    <time>2026-07-01T04:55:58Z</time>
   </trkpt>
   <trkpt lat="12.9143370" lon="77.6173540">
    <ele>887.8</ele>
    <time>2026-07-01T04:55:59Z</time>
   </trkpt>
   <trkpt lat="12.9143320" lon="77.6173540">
    <ele>887.8</ele>
    <time>2026-07-01T04:56:00Z</time>
   </trkpt>
   <trkpt lat="12.9143260" lon="77.6173560">
    <ele>887.8</ele>
    <time>2026-07-01T04:56:01Z</time>
   </trkpt>
   <trkpt lat="12.9143150" lon="77.6173630">
    <ele>887.8</ele>
    <time>2026-07-01T04:56:02Z</time>
   </trkpt>
   <trkpt lat="12.9143110" lon="77.6173750">
    <ele>887.8</ele>
    <time>2026-07-01T04:56:03Z</time>
   </trkpt>
   <trkpt lat="12.9143060" lon="77.6173970">
    <ele>887.7</ele>
    <time>2026-07-01T04:56:04Z</time>
   </trkpt>
   <trkpt lat="12.9142950" lon="77.6174230">
    <ele>887.7</ele>
    <time>2026-07-01T04:56:05Z</time>
   </trkpt>
   <trkpt lat="12.9142770" lon="77.6174490">
    <ele>887.7</ele>
    <time>2026-07-01T04:56:06Z</time>
   </trkpt>
   <trkpt lat="12.9142540" lon="77.6174690">
    <ele>887.7</ele>
    <time>2026-07-01T04:56:07Z</time>
   </trkpt>
   <trkpt lat="12.9142350" lon="77.6174910">
    <ele>887.6</ele>
    <time>2026-07-01T04:56:08Z</time>
   </trkpt>
   <trkpt lat="12.9142150" lon="77.6175180">
    <ele>887.6</ele>
    <time>2026-07-01T04:56:09Z</time>
   </trkpt>
   <trkpt lat="12.9141930" lon="77.6175430">
    <ele>887.6</ele>
    <time>2026-07-01T04:56:10Z</time>
   </trkpt>
   <trkpt lat="12.9141710" lon="77.6175730">
    <ele>887.5</ele>
    <time>2026-07-01T04:56:11Z</time>
   </trkpt>
   <trkpt lat="12.9141490" lon="77.6176030">
    <ele>887.5</ele>
    <time>2026-07-01T04:56:12Z</time>
   </trkpt>
   <trkpt lat="12.9141240" lon="77.6176340">
    <ele>887.5</ele>
    <time>2026-07-01T04:56:13Z</time>
   </trkpt>
   <trkpt lat="12.9140990" lon="77.6176690">
    <ele>887.4</ele>
    <time>2026-07-01T04:56:14Z</time>
   </trkpt>
   <trkpt lat="12.9140750" lon="77.6177030">
    <ele>887.4</ele>
    <time>2026-07-01T04:56:16Z</time>
   </trkpt>
   <trkpt lat="12.9140510" lon="77.6177350">
    <ele>887.3</ele>
    <time>2026-07-01T04:56:17Z</time>
   </trkpt>
   <trkpt lat="12.9140230" lon="77.6177650">
    <ele>887.3</ele>
    <time>2026-07-01T04:56:18Z</time>
   </trkpt>
   <trkpt lat="12.9139960" lon="77.6177920">
    <ele>887.3</ele>
    <time>2026-07-01T04:56:19Z</time>
   </trkpt>
   <trkpt lat="12.9139680" lon="77.6178220">
    <ele>887.2</ele>
    <time>2026-07-01T04:56:20Z</time>
   </trkpt>
   <trkpt lat="12.9139430" lon="77.6178490">
    <ele>887.2</ele>
    <time>2026-07-01T04:56:21Z</time>
   </trkpt>
   <trkpt lat="12.9139200" lon="77.6178760">
    <ele>887.2</ele>
    <time>2026-07-01T04:56:22Z</time>
   </trkpt>
   <trkpt lat="12.9138970" lon="77.6179010">
    <ele>887.2</ele>
    <time>2026-07-01T04:56:23Z</time>
   </trkpt>
   <trkpt lat="12.9138770" lon="77.6179260">
    <ele>887.2</ele>
    <time>2026-07-01T04:56:24Z</time>
   </trkpt>
   <trkpt lat="12.9138480" lon="77.6179510">
    <ele>887.1</ele>
    <time>2026-07-01T04:56:25Z</time>
   </trkpt>
   <trkpt lat="12.9138190" lon="77.6179770">
    <ele>887.1</ele>
    <time>2026-07-01T04:56:26Z</time>
   </trkpt>
   <trkpt lat="12.9137910" lon="77.6180070">
    <ele>887.1</ele>
    <time>2026-07-01T04:56:27Z</time>
   </trkpt>
   <trkpt lat="12.9137550" lon="77.6180380">
    <ele>887.0</ele>
    <time>2026-07-01T04:56:28Z</time>
   </trkpt>
   <trkpt lat="12.9137240" lon="77.6180670">
    <ele>886.9</ele>
    <time>2026-07-01T04:56:29Z</time>
   </trkpt>
   <trkpt lat="12.9136910" lon="77.6180990">
    <ele>886.9</ele>
    <time>2026-07-01T04:56:30Z</time>
   </trkpt>
   <trkpt lat="12.9136610" lon="77.6181300">
    <ele>886.8</ele>
    <time>2026-07-01T04:56:31Z</time>
   </trkpt>
   <trkpt lat="12.9136280" lon="77.6181640">
    <ele>886.8</ele>
    <time>2026-07-01T04:56:32Z</time>
   </trkpt>
   <trkpt lat="12.9135940" lon="77.6181930">
    <ele>886.7</ele>
    <time>2026-07-01T04:56:33Z</time>
   </trkpt>
   <trkpt lat="12.9135640" lon="77.6182200">
    <ele>886.7</ele>
    <time>2026-07-01T04:56:34Z</time>
   </trkpt>
   <trkpt lat="12.9135320" lon="77.6182460">
    <ele>886.6</ele>
    <time>2026-07-01T04:56:35Z</time>
   </trkpt>
   <trkpt lat="12.9134980" lon="77.6182730">
    <ele>886.6</ele>
    <time>2026-07-01T04:56:36Z</time>
   </trkpt>
   <trkpt lat="12.9134660" lon="77.6182990">
    <ele>886.5</ele>
    <time>2026-07-01T04:56:37Z</time>
   </trkpt>
   <trkpt lat="12.9134350" lon="77.6183270">
    <ele>886.5</ele>
    <time>2026-07-01T04:56:38Z</time>
   </trkpt>
   <trkpt lat="12.9134010" lon="77.6183500">
    <ele>886.5</ele>
    <time>2026-07-01T04:56:39Z</time>
   </trkpt>
   <trkpt lat="12.9133370" lon="77.6184000">
    <ele>886.4</ele>
    <time>2026-07-01T04:56:40Z</time>
   </trkpt>
   <trkpt lat="12.9133110" lon="77.6184290">
    <ele>886.4</ele>
    <time>2026-07-01T04:56:41Z</time>
   </trkpt>
   <trkpt lat="12.9132840" lon="77.6184600">
    <ele>886.3</ele>
    <time>2026-07-01T04:56:42Z</time>
   </trkpt>
   <trkpt lat="12.9132590" lon="77.6184890">
    <ele>886.3</ele>
    <time>2026-07-01T04:56:43Z</time>
   </trkpt>
   <trkpt lat="12.9132320" lon="77.6185190">
    <ele>886.2</ele>
    <time>2026-07-01T04:56:44Z</time>
   </trkpt>
   <trkpt lat="12.9132050" lon="77.6185470">
    <ele>886.2</ele>
    <time>2026-07-01T04:56:45Z</time>
   </trkpt>
   <trkpt lat="12.9131760" lon="77.6185800">
    <ele>886.2</ele>
    <time>2026-07-01T04:56:46Z</time>
   </trkpt>
   <trkpt lat="12.9131510" lon="77.6186110">
    <ele>886.2</ele>
    <time>2026-07-01T04:56:47Z</time>
   </trkpt>
   <trkpt lat="12.9131260" lon="77.6186400">
    <ele>886.2</ele>
    <time>2026-07-01T04:56:48Z</time>
   </trkpt>
   <trkpt lat="12.9131000" lon="77.6186690">
    <ele>886.2</ele>
    <time>2026-07-01T04:56:49Z</time>
   </trkpt>
   <trkpt lat="12.9130760" lon="77.6186950">
    <ele>886.2</ele>
    <time>2026-07-01T04:56:50Z</time>
   </trkpt>
   <trkpt lat="12.9130520" lon="77.6187240">
    <ele>886.2</ele>
    <time>2026-07-01T04:56:51Z</time>
   </trkpt>
   <trkpt lat="12.9130380" lon="77.6187440">
    <ele>886.2</ele>
    <time>2026-07-01T04:56:52Z</time>
   </trkpt>
   <trkpt lat="12.9130250" lon="77.6187610">
    <ele>886.2</ele>
    <time>2026-07-01T04:56:53Z</time>
   </trkpt>
   <trkpt lat="12.9130060" lon="77.6187850">
    <ele>886.2</ele>
    <time>2026-07-01T04:56:54Z</time>
   </trkpt>
   <trkpt lat="12.9129890" lon="77.6188170">
    <ele>886.2</ele>
    <time>2026-07-01T04:56:55Z</time>
   </trkpt>
   <trkpt lat="12.9129680" lon="77.6188460">
    <ele>886.2</ele>
    <time>2026-07-01T04:56:56Z</time>
   </trkpt>
   <trkpt lat="12.9129450" lon="77.6188720">
    <ele>886.2</ele>
    <time>2026-07-01T04:56:57Z</time>
   </trkpt>
   <trkpt lat="12.9129210" lon="77.6188980">
    <ele>886.2</ele>
    <time>2026-07-01T04:56:58Z</time>
   </trkpt>
   <trkpt lat="12.9128980" lon="77.6189310">
    <ele>886.2</ele>
    <time>2026-07-01T04:56:59Z</time>
   </trkpt>
   <trkpt lat="12.9128780" lon="77.6189590">
    <ele>886.2</ele>
    <time>2026-07-01T04:57:00Z</time>
   </trkpt>
   <trkpt lat="12.9128560" lon="77.6189830">
    <ele>886.2</ele>
    <time>2026-07-01T04:57:01Z</time>
   </trkpt>
   <trkpt lat="12.9128380" lon="77.6190050">
    <ele>886.2</ele>
    <time>2026-07-01T04:57:02Z</time>
   </trkpt>
   <trkpt lat="12.9128300" lon="77.6190080">
    <ele>886.2</ele>
    <time>2026-07-01T04:57:03Z</time>
   </trkpt>
   <trkpt lat="12.9128200" lon="77.6190170">
    <ele>886.2</ele>
    <time>2026-07-01T04:57:04Z</time>
   </trkpt>
   <trkpt lat="12.9128050" lon="77.6190300">
    <ele>886.2</ele>
    <time>2026-07-01T04:57:05Z</time>
   </trkpt>
   <trkpt lat="12.9127870" lon="77.6190520">
    <ele>886.2</ele>
    <time>2026-07-01T04:57:06Z</time>
   </trkpt>
   <trkpt lat="12.9127690" lon="77.6190790">
    <ele>886.2</ele>
    <time>2026-07-01T04:57:07Z</time>
   </trkpt>
   <trkpt lat="12.9127550" lon="77.6191080">
    <ele>886.2</ele>
    <time>2026-07-01T04:57:08Z</time>
   </trkpt>
   <trkpt lat="12.9127380" lon="77.6191400">
    <ele>886.2</ele>
    <time>2026-07-01T04:57:09Z</time>
   </trkpt>
   <trkpt lat="12.9127240" lon="77.6191680">
    <ele>886.2</ele>
    <time>2026-07-01T04:57:10Z</time>
   </trkpt>
   <trkpt lat="12.9127080" lon="77.6191990">
    <ele>886.2</ele>
    <time>2026-07-01T04:57:11Z</time>
   </trkpt>
   <trkpt lat="12.9126900" lon="77.6192320">
    <ele>886.2</ele>
    <time>2026-07-01T04:57:12Z</time>
   </trkpt>
   <trkpt lat="12.9126720" lon="77.6192640">
    <ele>886.3</ele>
    <time>2026-07-01T04:57:13Z</time>
   </trkpt>
   <trkpt lat="12.9126530" lon="77.6192930">
    <ele>886.3</ele>
    <time>2026-07-01T04:57:14Z</time>
   </trkpt>
   <trkpt lat="12.9126330" lon="77.6193250">
    <ele>886.3</ele>
    <time>2026-07-01T04:57:15Z</time>
   </trkpt>
   <trkpt lat="12.9126140" lon="77.6193610">
    <ele>886.3</ele>
    <time>2026-07-01T04:57:16Z</time>
   </trkpt>
   <trkpt lat="12.9125960" lon="77.6193930">
    <ele>886.3</ele>
    <time>2026-07-01T04:57:17Z</time>
   </trkpt>
   <trkpt lat="12.9125800" lon="77.6194280">
    <ele>886.3</ele>
    <time>2026-07-01T04:57:18Z</time>
   </trkpt>
   <trkpt lat="12.9125650" lon="77.6194630">
    <ele>886.3</ele>
    <time>2026-07-01T04:57:19Z</time>
   </trkpt>
   <trkpt lat="12.9125480" lon="77.6194970">
    <ele>886.3</ele>
    <time>2026-07-01T04:57:20Z</time>
   </trkpt>
   <trkpt lat="12.9125360" lon="77.6195340">
    <ele>886.4</ele>
    <time>2026-07-01T04:57:21Z</time>
   </trkpt>
   <trkpt lat="12.9125300" lon="77.6195720">
    <ele>886.4</ele>
    <time>2026-07-01T04:57:22Z</time>
   </trkpt>
   <trkpt lat="12.9125290" lon="77.6196100">
    <ele>886.4</ele>
    <time>2026-07-01T04:57:23Z</time>
   </trkpt>
   <trkpt lat="12.9125270" lon="77.6196460">
    <ele>886.4</ele>
    <time>2026-07-01T04:57:24Z</time>
   </trkpt>
   <trkpt lat="12.9125270" lon="77.6196860">
    <ele>886.5</ele>
    <time>2026-07-01T04:57:25Z</time>
   </trkpt>
   <trkpt lat="12.9125280" lon="77.6197290">
    <ele>886.5</ele>
    <time>2026-07-01T04:57:26Z</time>
   </trkpt>
   <trkpt lat="12.9125290" lon="77.6197660">
    <ele>886.6</ele>
    <time>2026-07-01T04:57:27Z</time>
   </trkpt>
   <trkpt lat="12.9125310" lon="77.6198030">
    <ele>886.6</ele>
    <time>2026-07-01T04:57:28Z</time>
   </trkpt>
   <trkpt lat="12.9125320" lon="77.6198360">
    <ele>886.7</ele>
    <time>2026-07-01T04:57:29Z</time>
   </trkpt>
   <trkpt lat="12.9125340" lon="77.6198680">
    <ele>886.7</ele>
    <time>2026-07-01T04:57:30Z</time>
   </trkpt>
   <trkpt lat="12.9125350" lon="77.6199000">
    <ele>886.8</ele>
    <time>2026-07-01T04:57:31Z</time>
   </trkpt>
   <trkpt lat="12.9125310" lon="77.6199350">
    <ele>886.8</ele>
    <time>2026-07-01T04:57:32Z</time>
   </trkpt>
   <trkpt lat="12.9125310" lon="77.6199640">
    <ele>886.9</ele>
    <time>2026-07-01T04:57:33Z</time>
   </trkpt>
   <trkpt lat="12.9125330" lon="77.6199920">
    <ele>887.0</ele>
    <time>2026-07-01T04:57:34Z</time>
   </trkpt>
   <trkpt lat="12.9125350" lon="77.6200180">
    <ele>887.0</ele>
    <time>2026-07-01T04:57:35Z</time>
   </trkpt>
   <trkpt lat="12.9125350" lon="77.6200450">
    <ele>887.1</ele>
    <time>2026-07-01T04:57:36Z</time>
   </trkpt>
   <trkpt lat="12.9125340" lon="77.6200710">
    <ele>887.1</ele>
    <time>2026-07-01T04:57:37Z</time>
   </trkpt>
   <trkpt lat="12.9125370" lon="77.6200960">
    <ele>887.2</ele>
    <time>2026-07-01T04:57:38Z</time>
   </trkpt>
   <trkpt lat="12.9125390" lon="77.6201240">
    <ele>887.3</ele>
    <time>2026-07-01T04:57:39Z</time>
   </trkpt>
   <trkpt lat="12.9125410" lon="77.6201560">
    <ele>887.3</ele>
    <time>2026-07-01T04:57:40Z</time>
   </trkpt>
   <trkpt lat="12.9125400" lon="77.6201860">
    <ele>887.4</ele>
    <time>2026-07-01T04:57:41Z</time>
   </trkpt>
   <trkpt lat="12.9125440" lon="77.6202140">
    <ele>887.5</ele>
    <time>2026-07-01T04:57:42Z</time>
   </trkpt>
   <trkpt lat="12.9125390" lon="77.6202500">
    <ele>887.6</ele>
    <time>2026-07-01T04:57:43Z</time>
   </trkpt>
   <trkpt lat="12.9125430" lon="77.6202710">
    <ele>887.6</ele>
    <time>2026-07-01T04:57:44Z</time>
   </trkpt>
   <trkpt lat="12.9125440" lon="77.6202990">
    <ele>887.7</ele>
    <time>2026-07-01T04:57:45Z</time>
   </trkpt>
   <trkpt lat="12.9125470" lon="77.6203280">
    <ele>887.8</ele>
    <time>2026-07-01T04:57:46Z</time>
   </trkpt>
   <trkpt lat="12.9125460" lon="77.6203580">
    <ele>887.8</ele>
    <time>2026-07-01T04:57:47Z</time>
   </trkpt>
   <trkpt lat="12.9125500" lon="77.6203880">
    <ele>887.9</ele>
    <time>2026-07-01T04:57:48Z</time>
   </trkpt>
   <trkpt lat="12.9125540" lon="77.6204160">
    <ele>888.0</ele>
    <time>2026-07-01T04:57:49Z</time>
   </trkpt>
   <trkpt lat="12.9125570" lon="77.6204420">
    <ele>888.1</ele>
    <time>2026-07-01T04:57:50Z</time>
   </trkpt>
   <trkpt lat="12.9125580" lon="77.6204720">
    <ele>888.1</ele>
    <time>2026-07-01T04:57:51Z</time>
   </trkpt>
   <trkpt lat="12.9125590" lon="77.6205000">
    <ele>888.2</ele>
    <time>2026-07-01T04:57:52Z</time>
   </trkpt>
   <trkpt lat="12.9125610" lon="77.6205260">
    <ele>888.3</ele>
    <time>2026-07-01T04:57:53Z</time>
   </trkpt>
   <trkpt lat="12.9125650" lon="77.6205550">
    <ele>888.3</ele>
    <time>2026-07-01T04:57:54Z</time>
   </trkpt>
   <trkpt lat="12.9125650" lon="77.6205820">
    <ele>888.4</ele>
    <time>2026-07-01T04:57:55Z</time>
   </trkpt>
   <trkpt lat="12.9125680" lon="77.6206090">
    <ele>888.5</ele>
    <time>2026-07-01T04:57:56Z</time>
   </trkpt>
   <trkpt lat="12.9125730" lon="77.6206340">
    <ele>888.5</ele>
    <time>2026-07-01T04:57:57Z</time>
   </trkpt>
   <trkpt lat="12.9125760" lon="77.6206590">
    <ele>888.6</ele>
    <time>2026-07-01T04:57:58Z</time>
   </trkpt>
   <trkpt lat="12.9125800" lon="77.6206850">
    <ele>888.7</ele>
    <time>2026-07-01T04:57:59Z</time>
   </trkpt>
   <trkpt lat="12.9125850" lon="77.6207100">
    <ele>888.7</ele>
    <time>2026-07-01T04:58:00Z</time>
   </trkpt>
   <trkpt lat="12.9125910" lon="77.6207370">
    <ele>888.8</ele>
    <time>2026-07-01T04:58:01Z</time>
   </trkpt>
   <trkpt lat="12.9125970" lon="77.6207660">
    <ele>888.9</ele>
    <time>2026-07-01T04:58:02Z</time>
   </trkpt>
   <trkpt lat="12.9126040" lon="77.6207930">
    <ele>889.0</ele>
    <time>2026-07-01T04:58:03Z</time>
   </trkpt>
   <trkpt lat="12.9126110" lon="77.6208200">
    <ele>889.0</ele>
    <time>2026-07-01T04:58:04Z</time>
   </trkpt>
   <trkpt lat="12.9126190" lon="77.6208470">
    <ele>889.1</ele>
    <time>2026-07-01T04:58:05Z</time>
   </trkpt>
   <trkpt lat="12.9126300" lon="77.6208790">
    <ele>889.2</ele>
    <time>2026-07-01T04:58:06Z</time>
   </trkpt>
   <trkpt lat="12.9126380" lon="77.6209060">
    <ele>889.3</ele>
    <time>2026-07-01T04:58:07Z</time>
   </trkpt>
   <trkpt lat="12.9126450" lon="77.6209320">
    <ele>889.3</ele>
    <time>2026-07-01T04:58:08Z</time>
   </trkpt>
   <trkpt lat="12.9126530" lon="77.6209590">
    <ele>889.4</ele>
    <time>2026-07-01T04:58:09Z</time>
   </trkpt>
   <trkpt lat="12.9126630" lon="77.6209840">
    <ele>889.4</ele>
    <time>2026-07-01T04:58:10Z</time>
   </trkpt>
   <trkpt lat="12.9126700" lon="77.6210120">
    <ele>889.5</ele>
    <time>2026-07-01T04:58:11Z</time>
   </trkpt>
   <trkpt lat="12.9126790" lon="77.6210400">
    <ele>889.6</ele>
    <time>2026-07-01T04:58:12Z</time>
   </trkpt>
   <trkpt lat="12.9126890" lon="77.6210680">
    <ele>889.6</ele>
    <time>2026-07-01T04:58:13Z</time>
   </trkpt>
   <trkpt lat="12.9126960" lon="77.6210970">
    <ele>889.7</ele>
    <time>2026-07-01T04:58:14Z</time>
   </trkpt>
   <trkpt lat="12.9127040" lon="77.6211260">
    <ele>889.8</ele>
    <time>2026-07-01T04:58:15Z</time>
   </trkpt>
   <trkpt lat="12.9127150" lon="77.6211470">
    <ele>889.8</ele>
    <time>2026-07-01T04:58:16Z</time>
   </trkpt>
   <trkpt lat="12.9127210" lon="77.6211730">
    <ele>889.9</ele>
    <time>2026-07-01T04:58:17Z</time>
   </trkpt>
   <trkpt lat="12.9127270" lon="77.6211940">
    <ele>889.9</ele>
    <time>2026-07-01T04:58:18Z</time>
   </trkpt>
   <trkpt lat="12.9127320" lon="77.6212160">
    <ele>890.0</ele>
    <time>2026-07-01T04:58:19Z</time>
   </trkpt>
   <trkpt lat="12.9127390" lon="77.6212410">
    <ele>890.0</ele>
    <time>2026-07-01T04:58:20Z</time>
   </trkpt>
   <trkpt lat="12.9127450" lon="77.6212660">
    <ele>890.1</ele>
    <time>2026-07-01T04:58:22Z</time>
   </trkpt>
   <trkpt lat="12.9127550" lon="77.6212890">
    <ele>890.2</ele>
    <time>2026-07-01T04:58:23Z</time>
   </trkpt>
   <trkpt lat="12.9127630" lon="77.6213130">
    <ele>890.2</ele>
    <time>2026-07-01T04:58:24Z</time>
   </trkpt>
   <trkpt lat="12.9127660" lon="77.6213350">
    <ele>890.3</ele>
    <time>2026-07-01T04:58:25Z</time>
   </trkpt>
   <trkpt lat="12.9127710" lon="77.6213550">
    <ele>890.3</ele>
    <time>2026-07-01T04:58:26Z</time>
   </trkpt>
   <trkpt lat="12.9127790" lon="77.6213750">
    <ele>890.4</ele>
    <time>2026-07-01T04:58:27Z</time>
   </trkpt>
   <trkpt lat="12.9127880" lon="77.6213970">
    <ele>890.4</ele>
    <time>2026-07-01T04:58:28Z</time>
   </trkpt>
   <trkpt lat="12.9127980" lon="77.6214180">
    <ele>890.5</ele>
    <time>2026-07-01T04:58:29Z</time>
   </trkpt>
   <trkpt lat="12.9128050" lon="77.6214400">
    <ele>890.6</ele>
    <time>2026-07-01T04:58:30Z</time>
   </trkpt>
   <trkpt lat="12.9128110" lon="77.6214640">
    <ele>890.6</ele>
    <time>2026-07-01T04:58:31Z</time>
   </trkpt>
   <trkpt lat="12.9128150" lon="77.6214920">
    <ele>890.7</ele>
    <time>2026-07-01T04:58:32Z</time>
   </trkpt>
   <trkpt lat="12.9128200" lon="77.6215120">
    <ele>890.8</ele>
    <time>2026-07-01T04:58:33Z</time>
   </trkpt>
   <trkpt lat="12.9128250" lon="77.6215320">
    <ele>890.8</ele>
    <time>2026-07-01T04:58:34Z</time>
   </trkpt>
   <trkpt lat="12.9128350" lon="77.6215550">
    <ele>890.9</ele>
    <time>2026-07-01T04:58:35Z</time>
   </trkpt>
   <trkpt lat="12.9128360" lon="77.6215780">
    <ele>891.0</ele>
    <time>2026-07-01T04:58:36Z</time>
   </trkpt>
   <trkpt lat="12.9128440" lon="77.6215960">
    <ele>891.0</ele>
    <time>2026-07-01T04:58:37Z</time>
   </trkpt>
   <trkpt lat="12.9128490" lon="77.6216210">
    <ele>891.1</ele>
    <time>2026-07-01T04:58:38Z</time>
   </trkpt>
   <trkpt lat="12.9128520" lon="77.6216480">
    <ele>891.2</ele>
    <time>2026-07-01T04:58:39Z</time>
   </trkpt>
   <trkpt lat="12.9128610" lon="77.6216690">
    <ele>891.2</ele>
    <time>2026-07-01T04:58:40Z</time>
   </trkpt>
   <trkpt lat="12.9128690" lon="77.6216930">
    <ele>891.3</ele>
    <time>2026-07-01T04:58:41Z</time>
   </trkpt>
   <trkpt lat="12.9128750" lon="77.6217200">
    <ele>891.3</ele>
    <time>2026-07-01T04:58:42Z</time>
   </trkpt>
   <trkpt lat="12.9128800" lon="77.6217740">
    <ele>891.5</ele>
    <time>2026-07-01T04:58:43Z</time>
   </trkpt>
   <trkpt lat="12.9128890" lon="77.6218010">
    <ele>891.5</ele>
    <time>2026-07-01T04:58:44Z</time>
   </trkpt>
   <trkpt lat="12.9128850" lon="77.6218330">
    <ele>891.5</ele>
    <time>2026-07-01T04:58:45Z</time>
   </trkpt>
   <trkpt lat="12.9128840" lon="77.6218650">
    <ele>891.6</ele>
    <time>2026-07-01T04:58:46Z</time>
   </trkpt>
   <trkpt lat="12.9128930" lon="77.6218890">
    <ele>891.6</ele>
    <time>2026-07-01T04:58:47Z</time>
   </trkpt>
   <trkpt lat="12.9128940" lon="77.6219170">
    <ele>891.7</ele>
    <time>2026-07-01T04:58:48Z</time>
   </trkpt>
   <trkpt lat="12.9129000" lon="77.6219450">
    <ele>891.7</ele>
    <time>2026-07-01T04:58:49Z</time>
   </trkpt>
   <trkpt lat="12.9128990" lon="77.6219740">
    <ele>891.7</ele>
    <time>2026-07-01T04:58:50Z</time>
   </trkpt>
   <trkpt lat="12.9128990" lon="77.6220010">
    <ele>891.8</ele>
    <time>2026-07-01T04:58:51Z</time>
   </trkpt>
   <trkpt lat="12.9128960" lon="77.6220310">
    <ele>891.8</ele>
    <time>2026-07-01T04:58:52Z</time>
   </trkpt>
   <trkpt lat="12.9128920" lon="77.6220580">
    <ele>891.9</ele>
    <time>2026-07-01T04:58:53Z</time>
   </trkpt>
   <trkpt lat="12.9128860" lon="77.6220870">
    <ele>891.9</ele>
    <time>2026-07-01T04:58:54Z</time>
   </trkpt>
   <trkpt lat="12.9128800" lon="77.6221140">
    <ele>891.9</ele>
    <time>2026-07-01T04:58:55Z</time>
   </trkpt>
   <trkpt lat="12.9128730" lon="77.6221430">
    <ele>892.0</ele>
    <time>2026-07-01T04:58:56Z</time>
   </trkpt>
   <trkpt lat="12.9128610" lon="77.6221730">
    <ele>892.0</ele>
    <time>2026-07-01T04:58:57Z</time>
   </trkpt>
   <trkpt lat="12.9128540" lon="77.6222010">
    <ele>892.0</ele>
    <time>2026-07-01T04:58:58Z</time>
   </trkpt>
   <trkpt lat="12.9128440" lon="77.6222280">
    <ele>892.1</ele>
    <time>2026-07-01T04:58:59Z</time>
   </trkpt>
   <trkpt lat="12.9128260" lon="77.6222540">
    <ele>892.1</ele>
    <time>2026-07-01T04:59:00Z</time>
   </trkpt>
   <trkpt lat="12.9128230" lon="77.6222790">
    <ele>892.2</ele>
    <time>2026-07-01T04:59:01Z</time>
   </trkpt>
   <trkpt lat="12.9128200" lon="77.6223110">
    <ele>892.2</ele>
    <time>2026-07-01T04:59:02Z</time>
   </trkpt>
   <trkpt lat="12.9128140" lon="77.6223390">
    <ele>892.2</ele>
    <time>2026-07-01T04:59:03Z</time>
   </trkpt>
   <trkpt lat="12.9128110" lon="77.6223700">
    <ele>892.3</ele>
    <time>2026-07-01T04:59:04Z</time>
   </trkpt>
   <trkpt lat="12.9128050" lon="77.6224010">
    <ele>892.3</ele>
    <time>2026-07-01T04:59:05Z</time>
   </trkpt>
   <trkpt lat="12.9127970" lon="77.6224340">
    <ele>892.4</ele>
    <time>2026-07-01T04:59:06Z</time>
   </trkpt>
   <trkpt lat="12.9127930" lon="77.6224620">
    <ele>892.4</ele>
    <time>2026-07-01T04:59:07Z</time>
   </trkpt>
   <trkpt lat="12.9127850" lon="77.6224960">
    <ele>892.4</ele>
    <time>2026-07-01T04:59:08Z</time>
   </trkpt>
   <trkpt lat="12.9127780" lon="77.6225290">
    <ele>892.5</ele>
    <time>2026-07-01T04:59:09Z</time>
   </trkpt>
   <trkpt lat="12.9127790" lon="77.6225560">
    <ele>892.5</ele>
    <time>2026-07-01T04:59:10Z</time>
   </trkpt>
   <trkpt lat="12.9127760" lon="77.6225890">
    <ele>892.6</ele>
    <time>2026-07-01T04:59:11Z</time>
   </trkpt>
   <trkpt lat="12.9127760" lon="77.6226210">
    <ele>892.6</ele>
    <time>2026-07-01T04:59:12Z</time>
   </trkpt>
   <trkpt lat="12.9127750" lon="77.6226510">
    <ele>892.7</ele>
    <time>2026-07-01T04:59:13Z</time>
   </trkpt>
   <trkpt lat="12.9127710" lon="77.6226810">
    <ele>892.7</ele>
    <time>2026-07-01T04:59:14Z</time>
   </trkpt>
   <trkpt lat="12.9127710" lon="77.6227060">
    <ele>892.8</ele>
    <time>2026-07-01T04:59:15Z</time>
   </trkpt>
   <trkpt lat="12.9127650" lon="77.6227320">
    <ele>892.8</ele>
    <time>2026-07-01T04:59:16Z</time>
   </trkpt>
   <trkpt lat="12.9127610" lon="77.6227540">
    <ele>892.9</ele>
    <time>2026-07-01T04:59:17Z</time>
   </trkpt>
   <trkpt lat="12.9127500" lon="77.6227780">
    <ele>892.9</ele>
    <time>2026-07-01T04:59:18Z</time>
   </trkpt>
   <trkpt lat="12.9127440" lon="77.6228020">
    <ele>892.9</ele>
    <time>2026-07-01T04:59:19Z</time>
   </trkpt>
   <trkpt lat="12.9127280" lon="77.6228200">
    <ele>892.9</ele>
    <time>2026-07-01T04:59:20Z</time>
   </trkpt>
   <trkpt lat="12.9127290" lon="77.6228450">
    <ele>892.9</ele>
    <time>2026-07-01T04:59:21Z</time>
   </trkpt>
   <trkpt lat="12.9127220" lon="77.6228680">
    <ele>893.0</ele>
    <time>2026-07-01T04:59:22Z</time>
   </trkpt>
   <trkpt lat="12.9127010" lon="77.6228810">
    <ele>893.0</ele>
    <time>2026-07-01T04:59:23Z</time>
   </trkpt>
   <trkpt lat="12.9126660" lon="77.6228760">
    <ele>893.0</ele>
    <time>2026-07-01T04:59:24Z</time>
   </trkpt>
   <trkpt lat="12.9126500" lon="77.6228660">
    <ele>893.1</ele>
    <time>2026-07-01T04:59:25Z</time>
   </trkpt>
   <trkpt lat="12.9126240" lon="77.6228610">
    <ele>893.1</ele>
    <time>2026-07-01T04:59:26Z</time>
   </trkpt>
   <trkpt lat="12.9126000" lon="77.6228590">
    <ele>893.1</ele>
    <time>2026-07-01T04:59:27Z</time>
   </trkpt>
   <trkpt lat="12.9125820" lon="77.6228470">
    <ele>893.2</ele>
    <time>2026-07-01T04:59:28Z</time>
   </trkpt>
   <trkpt lat="12.9125680" lon="77.6228350">
    <ele>893.2</ele>
    <time>2026-07-01T04:59:29Z</time>
   </trkpt>
   <trkpt lat="12.9125510" lon="77.6228290">
    <ele>893.2</ele>
    <time>2026-07-01T04:59:30Z</time>
   </trkpt>
   <trkpt lat="12.9125070" lon="77.6228400">
    <ele>893.3</ele>
    <time>2026-07-01T04:59:31Z</time>
   </trkpt>
   <trkpt lat="12.9124790" lon="77.6228370">
    <ele>893.3</ele>
    <time>2026-07-01T04:59:32Z</time>
   </trkpt>
   <trkpt lat="12.9124480" lon="77.6228310">
    <ele>893.4</ele>
    <time>2026-07-01T04:59:33Z</time>
   </trkpt>
   <trkpt lat="12.9124070" lon="77.6228370">
    <ele>893.4</ele>
    <time>2026-07-01T04:59:34Z</time>
   </trkpt>
   <trkpt lat="12.9123750" lon="77.6228220">
    <ele>893.5</ele>
    <time>2026-07-01T04:59:35Z</time>
   </trkpt>
   <trkpt lat="12.9123490" lon="77.6228040">
    <ele>893.6</ele>
    <time>2026-07-01T04:59:36Z</time>
   </trkpt>
   <trkpt lat="12.9123140" lon="77.6227980">
    <ele>893.6</ele>
    <time>2026-07-01T04:59:37Z</time>
   </trkpt>
   <trkpt lat="12.9122870" lon="77.6227840">
    <ele>893.7</ele>
    <time>2026-07-01T04:59:38Z</time>
   </trkpt>
   <trkpt lat="12.9122490" lon="77.6227830">
    <ele>893.8</ele>
    <time>2026-07-01T04:59:39Z</time>
   </trkpt>
   <trkpt lat="12.9122310" lon="77.6227510">
    <ele>893.8</ele>
    <time>2026-07-01T04:59:40Z</time>
   </trkpt>
   <trkpt lat="12.9122040" lon="77.6227530">
    <ele>893.9</ele>
    <time>2026-07-01T04:59:41Z</time>
   </trkpt>
   <trkpt lat="12.9121660" lon="77.6227610">
    <ele>894.0</ele>
    <time>2026-07-01T04:59:42Z</time>
   </trkpt>
   <trkpt lat="12.9121440" lon="77.6227480">
    <ele>894.0</ele>
    <time>2026-07-01T04:59:43Z</time>
   </trkpt>
   <trkpt lat="12.9121260" lon="77.6227440">
    <ele>894.0</ele>
    <time>2026-07-01T04:59:44Z</time>
   </trkpt>
   <trkpt lat="12.9120970" lon="77.6227510">
    <ele>894.1</ele>
    <time>2026-07-01T04:59:45Z</time>
   </trkpt>
   <trkpt lat="12.9120620" lon="77.6227510">
    <ele>894.2</ele>
    <time>2026-07-01T04:59:46Z</time>
   </trkpt>
   <trkpt lat="12.9120720" lon="77.6227020">
    <ele>894.2</ele>
    <time>2026-07-01T04:59:47Z</time>
   </trkpt>
   <trkpt lat="12.9120620" lon="77.6226450">
    <ele>894.2</ele>
    <time>2026-07-01T04:59:48Z</time>
   </trkpt>
   <trkpt lat="12.9120390" lon="77.6226060">
    <ele>894.1</ele>
    <time>2026-07-01T04:59:49Z</time>
   </trkpt>
   <trkpt lat="12.9119760" lon="77.6226320">
    <ele>894.0</ele>
    <time>2026-07-01T04:59:50Z</time>
   </trkpt>
   <trkpt lat="12.9119240" lon="77.6226740">
    <ele>894.0</ele>
    <time>2026-07-01T04:59:51Z</time>
   </trkpt>
   <trkpt lat="12.9118960" lon="77.6226850">
    <ele>894.0</ele>
    <time>2026-07-01T04:59:52Z</time>
   </trkpt>
   <trkpt lat="12.9118600" lon="77.6226880">
    <ele>894.0</ele>
    <time>2026-07-01T04:59:53Z</time>
   </trkpt>
   <trkpt lat="12.9118270" lon="77.6226860">
    <ele>894.0</ele>
    <time>2026-07-01T04:59:54Z</time>
   </trkpt>
   <trkpt lat="12.9117940" lon="77.6226750">
    <ele>893.9</ele>
    <time>2026-07-01T04:59:55Z</time>
   </trkpt>
   <trkpt lat="12.9117570" lon="77.6226770">
    <ele>893.9</ele>
    <time>2026-07-01T04:59:56Z</time>
   </trkpt>
   <trkpt lat="12.9117320" lon="77.6226850">
    <ele>893.9</ele>
    <time>2026-07-01T04:59:57Z</time>
   </trkpt>
   <trkpt lat="12.9116980" lon="77.6226760">
    <ele>893.9</ele>
    <time>2026-07-01T04:59:58Z</time>
   </trkpt>
   <trkpt lat="12.9116590" lon="77.6226900">
    <ele>893.9</ele>
    <time>2026-07-01T04:59:59Z</time>
   </trkpt>
   <trkpt lat="12.9116370" lon="77.6226750">
    <ele>893.9</ele>
    <time>2026-07-01T05:00:00Z</time>
   </trkpt>
   <trkpt lat="12.9116150" lon="77.6226640">
    <ele>893.9</ele>
    <time>2026-07-01T05:00:01Z</time>
   </trkpt>
   <trkpt lat="12.9115870" lon="77.6226550">
    <ele>893.9</ele>
    <time>2026-07-01T05:00:02Z</time>
   </trkpt>
   <trkpt lat="12.9115630" lon="77.6226450">
    <ele>893.9</ele>
    <time>2026-07-01T05:00:03Z</time>
   </trkpt>
   <trkpt lat="12.9115370" lon="77.6226390">
    <ele>893.9</ele>
    <time>2026-07-01T05:00:04Z</time>
   </trkpt>
   <trkpt lat="12.9115070" lon="77.6226370">
    <ele>893.9</ele>
    <time>2026-07-01T05:00:05Z</time>
   </trkpt>
   <trkpt lat="12.9114790" lon="77.6226340">
    <ele>893.9</ele>
    <time>2026-07-01T05:00:06Z</time>
   </trkpt>
   <trkpt lat="12.9114530" lon="77.6226380">
    <ele>893.9</ele>
    <time>2026-07-01T05:00:07Z</time>
   </trkpt>
   <trkpt lat="12.9114290" lon="77.6226390">
    <ele>893.9</ele>
    <time>2026-07-01T05:00:08Z</time>
   </trkpt>
   <trkpt lat="12.9114090" lon="77.6226390">
    <ele>893.9</ele>
    <time>2026-07-01T05:00:09Z</time>
   </trkpt>
   <trkpt lat="12.9113940" lon="77.6226360">
    <ele>893.9</ele>
    <time>2026-07-01T05:00:10Z</time>
   </trkpt>
   <trkpt lat="12.9113680" lon="77.6226210">
    <ele>893.9</ele>
    <time>2026-07-01T05:00:11Z</time>
   </trkpt>
   <trkpt lat="12.9113340" lon="77.6226320">
    <ele>893.9</ele>
    <time>2026-07-01T05:00:12Z</time>
   </trkpt>
   <trkpt lat="12.9113170" lon="77.6226110">
    <ele>893.9</ele>
    <time>2026-07-01T05:00:13Z</time>
   </trkpt>
   <trkpt lat="12.9112880" lon="77.6226100">
    <ele>893.8</ele>
    <time>2026-07-01T05:00:14Z</time>
   </trkpt>
   <trkpt lat="12.9112620" lon="77.6226170">
    <ele>893.8</ele>
    <time>2026-07-01T05:00:15Z</time>
   </trkpt>
   <trkpt lat="12.9112490" lon="77.6226090">
    <ele>893.8</ele>
    <time>2026-07-01T05:00:16Z</time>
   </trkpt>
   <trkpt lat="12.9112390" lon="77.6225930">
    <ele>893.8</ele>
    <time>2026-07-01T05:00:17Z</time>
   </trkpt>
   <trkpt lat="12.9112190" lon="77.6225810">
    <ele>893.8</ele>
    <time>2026-07-01T05:00:18Z</time>
   </trkpt>
   <trkpt lat="12.9112160" lon="77.6225870">
    <ele>893.8</ele>
    <time>2026-07-01T05:00:19Z</time>
   </trkpt>
   <trkpt lat="12.9111880" lon="77.6225700">
    <ele>893.8</ele>
    <time>2026-07-01T05:00:20Z</time>
   </trkpt>
   <trkpt lat="12.9111750" lon="77.6225870">
    <ele>893.8</ele>
    <time>2026-07-01T05:00:21Z</time>
   </trkpt>
   <trkpt lat="12.9111620" lon="77.6226000">
    <ele>893.7</ele>
    <time>2026-07-01T05:00:22Z</time>
   </trkpt>
   <trkpt lat="12.9111370" lon="77.6226150">
    <ele>893.7</ele>
    <time>2026-07-01T05:00:23Z</time>
   </trkpt>
   <trkpt lat="12.9110930" lon="77.6226110">
    <ele>893.7</ele>
    <time>2026-07-01T05:00:24Z</time>
   </trkpt>
   <trkpt lat="12.9110600" lon="77.6226070">
    <ele>893.6</ele>
    <time>2026-07-01T05:00:25Z</time>
   </trkpt>
   <trkpt lat="12.9110220" lon="77.6225990">
    <ele>893.6</ele>
    <time>2026-07-01T05:00:26Z</time>
   </trkpt>
   <trkpt lat="12.9110060" lon="77.6225900">
    <ele>893.6</ele>
    <time>2026-07-01T05:00:28Z</time>
   </trkpt>
   <trkpt lat="12.9109790" lon="77.6225880">
    <ele>893.6</ele>
    <time>2026-07-01T05:00:29Z</time>
   </trkpt>
   <trkpt lat="12.9109580" lon="77.6225810">
    <ele>893.5</ele>
    <time>2026-07-01T05:00:30Z</time>
   </trkpt>
   <trkpt lat="12.9109290" lon="77.6225780">
    <ele>893.5</ele>
    <time>2026-07-01T05:00:31Z</time>
   </trkpt>
   <trkpt lat="12.9108990" lon="77.6225710">
    <ele>893.5</ele>
    <time>2026-07-01T05:00:32Z</time>
   </trkpt>
   <trkpt lat="12.9108750" lon="77.6225630">
    <ele>893.5</ele>
    <time>2026-07-01T05:00:33Z</time>
   </trkpt>
   <trkpt lat="12.9107880" lon="77.6225790">
    <ele>893.4</ele>
    <time>2026-07-01T05:00:34Z</time>
   </trkpt>
   <trkpt lat="12.9107620" lon="77.6225900">
    <ele>893.4</ele>
    <time>2026-07-01T05:00:35Z</time>
   </trkpt>
   <trkpt lat="12.9107470" lon="77.6225740">
    <ele>893.3</ele>
    <time>2026-07-01T05:00:36Z</time>
   </trkpt>
   <trkpt lat="12.9107250" lon="77.6225520">
    <ele>893.3</ele>
    <time>2026-07-01T05:00:37Z</time>
   </trkpt>
   <trkpt lat="12.9107020" lon="77.6225420">
    <ele>893.3</ele>
    <time>2026-07-01T05:00:38Z</time>
   </trkpt>
   <trkpt lat="12.9106810" lon="77.6225410">
    <ele>893.3</ele>
    <time>2026-07-01T05:00:39Z</time>
   </trkpt>
   <trkpt lat="12.9106620" lon="77.6225440">
    <ele>893.2</ele>
    <time>2026-07-01T05:00:40Z</time>
   </trkpt>
   <trkpt lat="12.9106340" lon="77.6225490">
    <ele>893.2</ele>
    <time>2026-07-01T05:00:41Z</time>
   </trkpt>
   <trkpt lat="12.9106070" lon="77.6225490">
    <ele>893.2</ele>
    <time>2026-07-01T05:00:42Z</time>
   </trkpt>
   <trkpt lat="12.9105840" lon="77.6225490">
    <ele>893.2</ele>
    <time>2026-07-01T05:00:43Z</time>
   </trkpt>
   <trkpt lat="12.9105650" lon="77.6225320">
    <ele>893.1</ele>
    <time>2026-07-01T05:00:44Z</time>
   </trkpt>
   <trkpt lat="12.9105410" lon="77.6225190">
    <ele>893.2</ele>
    <time>2026-07-01T05:00:45Z</time>
   </trkpt>
   <trkpt lat="12.9105030" lon="77.6225220">
    <ele>893.4</ele>
    <time>2026-07-01T05:00:46Z</time>
   </trkpt>
   <trkpt lat="12.9104830" lon="77.6225170">
    <ele>893.5</ele>
    <time>2026-07-01T05:00:47Z</time>
   </trkpt>
   <trkpt lat="12.9104550" lon="77.6225190">
    <ele>893.7</ele>
    <time>2026-07-01T05:00:48Z</time>
   </trkpt>
   <trkpt lat="12.9104050" lon="77.6225200">
    <ele>894.0</ele>
    <time>2026-07-01T05:00:49Z</time>
   </trkpt>
   <trkpt lat="12.9103860" lon="77.6225090">
    <ele>894.1</ele>
    <time>2026-07-01T05:00:50Z</time>
   </trkpt>
   <trkpt lat="12.9103580" lon="77.6224920">
    <ele>894.2</ele>
    <time>2026-07-01T05:00:51Z</time>
   </trkpt>
   <trkpt lat="12.9103290" lon="77.6224770">
    <ele>894.4</ele>
    <time>2026-07-01T05:00:52Z</time>
   </trkpt>
   <trkpt lat="12.9103040" lon="77.6224650">
    <ele>894.6</ele>
    <time>2026-07-01T05:00:53Z</time>
   </trkpt>
   <trkpt lat="12.9102770" lon="77.6224480">
    <ele>894.7</ele>
    <time>2026-07-01T05:00:54Z</time>
   </trkpt>
   <trkpt lat="12.9102540" lon="77.6224310">
    <ele>894.9</ele>
    <time>2026-07-01T05:00:55Z</time>
   </trkpt>
   <trkpt lat="12.9102270" lon="77.6224310">
    <ele>895.0</ele>
    <time>2026-07-01T05:00:56Z</time>
   </trkpt>
   <trkpt lat="12.9102010" lon="77.6224190">
    <ele>895.2</ele>
    <time>2026-07-01T05:00:57Z</time>
   </trkpt>
   <trkpt lat="12.9101760" lon="77.6224090">
    <ele>895.3</ele>
    <time>2026-07-01T05:00:58Z</time>
   </trkpt>
   <trkpt lat="12.9101480" lon="77.6224080">
    <ele>895.5</ele>
    <time>2026-07-01T05:00:59Z</time>
   </trkpt>
   <trkpt lat="12.9101240" lon="77.6224070">
    <ele>895.6</ele>
    <time>2026-07-01T05:01:00Z</time>
   </trkpt>
   <trkpt lat="12.9100960" lon="77.6223970">
    <ele>895.8</ele>
    <time>2026-07-01T05:01:01Z</time>
   </trkpt>
   <trkpt lat="12.9100740" lon="77.6223900">
    <ele>895.9</ele>
    <time>2026-07-01T05:01:02Z</time>
   </trkpt>
   <trkpt lat="12.9100470" lon="77.6223810">
    <ele>896.0</ele>
    <time>2026-07-01T05:01:03Z</time>
   </trkpt>
   <trkpt lat="12.9100200" lon="77.6223720">
    <ele>896.2</ele>
    <time>2026-07-01T05:01:04Z</time>
   </trkpt>
   <trkpt lat="12.9100050" lon="77.6223650">
    <ele>896.3</ele>
    <time>2026-07-01T05:01:05Z</time>
   </trkpt>
   <trkpt lat="12.9099780" lon="77.6223520">
    <ele>896.4</ele>
    <time>2026-07-01T05:01:06Z</time>
   </trkpt>
   <trkpt lat="12.9099570" lon="77.6223490">
    <ele>896.4</ele>
    <time>2026-07-01T05:01:07Z</time>
   </trkpt>
   <trkpt lat="12.9099340" lon="77.6223470">
    <ele>896.5</ele>
    <time>2026-07-01T05:01:08Z</time>
   </trkpt>
   <trkpt lat="12.9099000" lon="77.6223490">
    <ele>896.6</ele>
    <time>2026-07-01T05:01:09Z</time>
   </trkpt>
   <trkpt lat="12.9098720" lon="77.6223570">
    <ele>896.7</ele>
    <time>2026-07-01T05:01:10Z</time>
   </trkpt>
   <trkpt lat="12.9098420" lon="77.6223450">
    <ele>896.8</ele>
    <time>2026-07-01T05:01:11Z</time>
   </trkpt>
   <trkpt lat="12.9098220" lon="77.6223350">
    <ele>896.8</ele>
    <time>2026-07-01T05:01:12Z</time>
   </trkpt>
   <trkpt lat="12.9097940" lon="77.6223320">
    <ele>896.9</ele>
    <time>2026-07-01T05:01:13Z</time>
   </trkpt>
   <trkpt lat="12.9097660" lon="77.6223220">
    <ele>897.0</ele>
    <time>2026-07-01T05:01:14Z</time>
   </trkpt>
   <trkpt lat="12.9097380" lon="77.6223240">
    <ele>897.0</ele>
    <time>2026-07-01T05:01:15Z</time>
   </trkpt>
   <trkpt lat="12.9097110" lon="77.6223220">
    <ele>896.7</ele>
    <time>2026-07-01T05:01:16Z</time>
   </trkpt>
   <trkpt lat="12.9096810" lon="77.6223200">
    <ele>896.3</ele>
    <time>2026-07-01T05:01:17Z</time>
   </trkpt>
   <trkpt lat="12.9096510" lon="77.6223180">
    <ele>896.0</ele>
    <time>2026-07-01T05:01:18Z</time>
   </trkpt>
   <trkpt lat="12.9096200" lon="77.6223100">
    <ele>895.6</ele>
    <time>2026-07-01T05:01:19Z</time>
   </trkpt>
   <trkpt lat="12.9095890" lon="77.6223040">
    <ele>895.3</ele>
    <time>2026-07-01T05:01:20Z</time>
   </trkpt>
   <trkpt lat="12.9095550" lon="77.6222990">
    <ele>894.9</ele>
    <time>2026-07-01T05:01:21Z</time>
   </trkpt>
   <trkpt lat="12.9095280" lon="77.6222950">
    <ele>894.6</ele>
    <time>2026-07-01T05:01:22Z</time>
   </trkpt>
   <trkpt lat="12.9095010" lon="77.6222880">
    <ele>894.3</ele>
    <time>2026-07-01T05:01:23Z</time>
   </trkpt>
   <trkpt lat="12.9094750" lon="77.6222890">
    <ele>894.2</ele>
    <time>2026-07-01T05:01:24Z</time>
   </trkpt>
   <trkpt lat="12.9094520" lon="77.6222870">
    <ele>894.5</ele>
    <time>2026-07-01T05:01:25Z</time>
   </trkpt>
   <trkpt lat="12.9094300" lon="77.6222840">
    <ele>894.8</ele>
    <time>2026-07-01T05:01:26Z</time>
   </trkpt>
   <trkpt lat="12.9094080" lon="77.6222780">
    <ele>895.0</ele>
    <time>2026-07-01T05:01:27Z</time>
   </trkpt>
   <trkpt lat="12.9093880" lon="77.6222680">
    <ele>895.3</ele>
    <time>2026-07-01T05:01:28Z</time>
   </trkpt>
   <trkpt lat="12.9093640" lon="77.6222630">
    <ele>895.6</ele>
    <time>2026-07-01T05:01:29Z</time>
   </trkpt>
   <trkpt lat="12.9093420" lon="77.6222620">
    <ele>895.8</ele>
    <time>2026-07-01T05:01:30Z</time>
   </trkpt>
   <trkpt lat="12.9093180" lon="77.6222600">
    <ele>896.1</ele>
    <time>2026-07-01T05:01:31Z</time>
   </trkpt>
   <trkpt lat="12.9092890" lon="77.6222570">
    <ele>896.4</ele>
    <time>2026-07-01T05:01:32Z</time>
   </trkpt>
   <trkpt lat="12.9092620" lon="77.6222530">
    <ele>896.7</ele>
    <time>2026-07-01T05:01:33Z</time>
   </trkpt>
   <trkpt lat="12.9092440" lon="77.6222540">
    <ele>896.9</ele>
    <time>2026-07-01T05:01:34Z</time>
   </trkpt>
   <trkpt lat="12.9092190" lon="77.6222500">
    <ele>897.2</ele>
    <time>2026-07-01T05:01:35Z</time>
   </trkpt>
   <trkpt lat="12.9091990" lon="77.6222450">
    <ele>897.5</ele>
    <time>2026-07-01T05:01:36Z</time>
   </trkpt>
   <trkpt lat="12.9091800" lon="77.6222450">
    <ele>897.5</ele>
    <time>2026-07-01T05:01:37Z</time>
   </trkpt>
   <trkpt lat="12.9091650" lon="77.6222410">
    <ele>897.5</ele>
    <time>2026-07-01T05:01:38Z</time>
   </trkpt>
   <trkpt lat="12.9091400" lon="77.6222380">
    <ele>897.6</ele>
    <time>2026-07-01T05:01:39Z</time>
   </trkpt>
   <trkpt lat="12.9091140" lon="77.6222370">
    <ele>897.6</ele>
    <time>2026-07-01T05:01:40Z</time>
   </trkpt>
   <trkpt lat="12.9090910" lon="77.6222380">
    <ele>897.6</ele>
    <time>2026-07-01T05:01:41Z</time>
   </trkpt>
   <trkpt lat="12.9090680" lon="77.6222330">
    <ele>897.6</ele>
    <time>2026-07-01T05:01:42Z</time>
   </trkpt>
   <trkpt lat="12.9090420" lon="77.6222390">
    <ele>897.6</ele>
    <time>2026-07-01T05:01:43Z</time>
   </trkpt>
   <trkpt lat="12.9090210" lon="77.6222330">
    <ele>897.6</ele>
    <time>2026-07-01T05:01:44Z</time>
   </trkpt>
   <trkpt lat="12.9089990" lon="77.6222240">
    <ele>897.7</ele>
    <time>2026-07-01T05:01:45Z</time>
   </trkpt>
   <trkpt lat="12.9089720" lon="77.6222200">
    <ele>897.7</ele>
    <time>2026-07-01T05:01:46Z</time>
   </trkpt>
   <trkpt lat="12.9089340" lon="77.6222310">
    <ele>897.7</ele>
    <time>2026-07-01T05:01:47Z</time>
   </trkpt>
   <trkpt lat="12.9089050" lon="77.6222330">
    <ele>897.7</ele>
    <time>2026-07-01T05:01:48Z</time>
   </trkpt>
   <trkpt lat="12.9088860" lon="77.6222250">
    <ele>897.7</ele>
    <time>2026-07-01T05:01:49Z</time>
   </trkpt>
   <trkpt lat="12.9088640" lon="77.6222160">
    <ele>897.7</ele>
    <time>2026-07-01T05:01:50Z</time>
   </trkpt>
   <trkpt lat="12.9088360" lon="77.6222130">
    <ele>897.8</ele>
    <time>2026-07-01T05:01:51Z</time>
   </trkpt>
   <trkpt lat="12.9088080" lon="77.6222090">
    <ele>897.8</ele>
    <time>2026-07-01T05:01:52Z</time>
   </trkpt>
   <trkpt lat="12.9087870" lon="77.6222030">
    <ele>897.8</ele>
    <time>2026-07-01T05:01:53Z</time>
   </trkpt>
   <trkpt lat="12.9087670" lon="77.6221950">
    <ele>897.8</ele>
    <time>2026-07-01T05:01:54Z</time>
   </trkpt>
   <trkpt lat="12.9087400" lon="77.6221910">
    <ele>897.8</ele>
    <time>2026-07-01T05:01:55Z</time>
   </trkpt>
   <trkpt lat="12.9087130" lon="77.6221870">
    <ele>897.8</ele>
    <time>2026-07-01T05:01:56Z</time>
   </trkpt>
   <trkpt lat="12.9086830" lon="77.6221870">
    <ele>897.8</ele>
    <time>2026-07-01T05:01:57Z</time>
   </trkpt>
   <trkpt lat="12.9086550" lon="77.6221860">
    <ele>897.9</ele>
    <time>2026-07-01T05:01:58Z</time>
   </trkpt>
   <trkpt lat="12.9086280" lon="77.6221820">
    <ele>897.9</ele>
    <time>2026-07-01T05:01:59Z</time>
   </trkpt>
   <trkpt lat="12.9086000" lon="77.6221790">
    <ele>897.9</ele>
    <time>2026-07-01T05:02:00Z</time>
   </trkpt>
   <trkpt lat="12.9085740" lon="77.6221710">
    <ele>897.9</ele>
    <time>2026-07-01T05:02:01Z</time>
   </trkpt>
   <trkpt lat="12.9085480" lon="77.6221700">
    <ele>897.9</ele>
    <time>2026-07-01T05:02:02Z</time>
   </trkpt>
   <trkpt lat="12.9085290" lon="77.6221710">
    <ele>897.9</ele>
    <time>2026-07-01T05:02:03Z</time>
   </trkpt>
   <trkpt lat="12.9085100" lon="77.6221610">
    <ele>898.0</ele>
    <time>2026-07-01T05:02:04Z</time>
   </trkpt>
   <trkpt lat="12.9084860" lon="77.6221570">
    <ele>898.0</ele>
    <time>2026-07-01T05:02:05Z</time>
   </trkpt>
   <trkpt lat="12.9084700" lon="77.6221520">
    <ele>898.0</ele>
    <time>2026-07-01T05:02:06Z</time>
   </trkpt>
   <trkpt lat="12.9084470" lon="77.6221460">
    <ele>898.0</ele>
    <time>2026-07-01T05:02:07Z</time>
   </trkpt>
   <trkpt lat="12.9084270" lon="77.6221480">
    <ele>898.0</ele>
    <time>2026-07-01T05:02:08Z</time>
   </trkpt>
   <trkpt lat="12.9084030" lon="77.6221580">
    <ele>898.1</ele>
    <time>2026-07-01T05:02:09Z</time>
   </trkpt>
   <trkpt lat="12.9083750" lon="77.6221570">
    <ele>898.1</ele>
    <time>2026-07-01T05:02:10Z</time>
   </trkpt>
   <trkpt lat="12.9083550" lon="77.6221490">
    <ele>898.2</ele>
    <time>2026-07-01T05:02:11Z</time>
   </trkpt>
   <trkpt lat="12.9083280" lon="77.6221470">
    <ele>898.2</ele>
    <time>2026-07-01T05:02:12Z</time>
   </trkpt>
   <trkpt lat="12.9083040" lon="77.6221390">
    <ele>898.3</ele>
    <time>2026-07-01T05:02:13Z</time>
   </trkpt>
   <trkpt lat="12.9082770" lon="77.6221380">
    <ele>898.3</ele>
    <time>2026-07-01T05:02:14Z</time>
   </trkpt>
   <trkpt lat="12.9082510" lon="77.6221310">
    <ele>898.4</ele>
    <time>2026-07-01T05:02:15Z</time>
   </trkpt>
   <trkpt lat="12.9082330" lon="77.6221400">
    <ele>898.4</ele>
    <time>2026-07-01T05:02:16Z</time>
   </trkpt>
   <trkpt lat="12.9082090" lon="77.6221290">
    <ele>898.5</ele>
    <time>2026-07-01T05:02:17Z</time>
   </trkpt>
   <trkpt lat="12.9081890" lon="77.6221280">
    <ele>898.5</ele>
    <time>2026-07-01T05:02:18Z</time>
   </trkpt>
   <trkpt lat="12.9081740" lon="77.6221300">
    <ele>898.5</ele>
    <time>2026-07-01T05:02:19Z</time>
   </trkpt>
   <trkpt lat="12.9081610" lon="77.6221240">
    <ele>898.6</ele>
    <time>2026-07-01T05:02:20Z</time>
   </trkpt>
   <trkpt lat="12.9081410" lon="77.6221230">
    <ele>898.6</ele>
    <time>2026-07-01T05:02:21Z</time>
   </trkpt>
   <trkpt lat="12.9081170" lon="77.6221170">
    <ele>898.7</ele>
    <time>2026-07-01T05:02:22Z</time>
   </trkpt>
   <trkpt lat="12.9080970" lon="77.6221090">
    <ele>898.7</ele>
    <time>2026-07-01T05:02:23Z</time>
   </trkpt>
   <trkpt lat="12.9080800" lon="77.6221050">
    <ele>898.7</ele>
    <time>2026-07-01T05:02:24Z</time>
   </trkpt>
   <trkpt lat="12.9080520" lon="77.6221030">
    <ele>898.8</ele>
    <time>2026-07-01T05:02:25Z</time>
   </trkpt>
   <trkpt lat="12.9080280" lon="77.6221030">
    <ele>898.8</ele>
    <time>2026-07-01T05:02:26Z</time>
   </trkpt>
   <trkpt lat="12.9080020" lon="77.6220960">
    <ele>898.9</ele>
    <time>2026-07-01T05:02:27Z</time>
   </trkpt>
   <trkpt lat="12.9079790" lon="77.6220960">
    <ele>898.9</ele>
    <time>2026-07-01T05:02:28Z</time>
   </trkpt>
   <trkpt lat="12.9079630" lon="77.6221040">
    <ele>899.0</ele>
    <time>2026-07-01T05:02:29Z</time>
   </trkpt>
   <trkpt lat="12.9079380" lon="77.6221070">
    <ele>898.9</ele>
    <time>2026-07-01T05:02:30Z</time>
   </trkpt>
   <trkpt lat="12.9079170" lon="77.6221030">
    <ele>898.9</ele>
    <time>2026-07-01T05:02:31Z</time>
   </trkpt>
   <trkpt lat="12.9078940" lon="77.6220990">
    <ele>898.8</ele>
    <time>2026-07-01T05:02:32Z</time>
   </trkpt>
   <trkpt lat="12.9078660" lon="77.6220920">
    <ele>898.8</ele>
    <time>2026-07-01T05:02:34Z</time>
   </trkpt>
   <trkpt lat="12.9078390" lon="77.6220840">
    <ele>898.7</ele>
    <time>2026-07-01T05:02:35Z</time>
   </trkpt>
   <trkpt lat="12.9078030" lon="77.6220870">
    <ele>898.7</ele>
    <time>2026-07-01T05:02:36Z</time>
   </trkpt>
   <trkpt lat="12.9077800" lon="77.6220830">
    <ele>898.6</ele>
    <time>2026-07-01T05:02:37Z</time>
   </trkpt>
   <trkpt lat="12.9077450" lon="77.6220830">
    <ele>898.6</ele>
    <time>2026-07-01T05:02:38Z</time>
   </trkpt>
   <trkpt lat="12.9077140" lon="77.6220780">
    <ele>898.5</ele>
    <time>2026-07-01T05:02:39Z</time>
   </trkpt>
   <trkpt lat="12.9076880" lon="77.6220770">
    <ele>898.5</ele>
    <time>2026-07-01T05:02:40Z</time>
   </trkpt>
   <trkpt lat="12.9076740" lon="77.6220830">
    <ele>898.4</ele>
    <time>2026-07-01T05:02:41Z</time>
   </trkpt>
   <trkpt lat="12.9076650" lon="77.6220920">
    <ele>898.4</ele>
    <time>2026-07-01T05:02:42Z</time>
   </trkpt>
   <trkpt lat="12.9076460" lon="77.6220810">
    <ele>898.4</ele>
    <time>2026-07-01T05:02:43Z</time>
   </trkpt>
   <trkpt lat="12.9076290" lon="77.6220730">
    <ele>898.3</ele>
    <time>2026-07-01T05:02:44Z</time>
   </trkpt>
   <trkpt lat="12.9076160" lon="77.6220740">
    <ele>898.3</ele>
    <time>2026-07-01T05:02:45Z</time>
   </trkpt>
   <trkpt lat="12.9075910" lon="77.6220810">
    <ele>898.3</ele>
    <time>2026-07-01T05:02:46Z</time>
   </trkpt>
   <trkpt lat="12.9075650" lon="77.6220730">
    <ele>898.2</ele>
    <time>2026-07-01T05:02:47Z</time>
   </trkpt>
   <trkpt lat="12.9075440" lon="77.6220690">
    <ele>898.2</ele>
    <time>2026-07-01T05:02:48Z</time>
   </trkpt>
   <trkpt lat="12.9075380" lon="77.6220500">
    <ele>898.2</ele>
    <time>2026-07-01T05:02:49Z</time>
   </trkpt>
   <trkpt lat="12.9075210" lon="77.6220430">
    <ele>898.1</ele>
    <time>2026-07-01T05:02:50Z</time>
   </trkpt>
   <trkpt lat="12.9074980" lon="77.6220360">
    <ele>898.1</ele>
    <time>2026-07-01T05:02:51Z</time>
   </trkpt>
   <trkpt lat="12.9074740" lon="77.6220530">
    <ele>898.0</ele>
    <time>2026-07-01T05:02:52Z</time>
   </trkpt>
   <trkpt lat="12.9074550" lon="77.6220470">
    <ele>898.0</ele>
    <time>2026-07-01T05:02:53Z</time>
   </trkpt>
   <trkpt lat="12.9074510" lon="77.6220630">
    <ele>898.0</ele>
    <time>2026-07-01T05:02:54Z</time>
   </trkpt>
   <trkpt lat="12.9074490" lon="77.6220860">
    <ele>898.0</ele>
    <time>2026-07-01T05:02:55Z</time>
   </trkpt>
   <trkpt lat="12.9074270" lon="77.6221400">
    <ele>898.0</ele>
    <time>2026-07-01T05:02:56Z</time>
   </trkpt>
   <trkpt lat="12.9074240" lon="77.6221660">
    <ele>898.0</ele>
    <time>2026-07-01T05:02:57Z</time>
   </trkpt>
   <trkpt lat="12.9074270" lon="77.6221930">
    <ele>898.0</ele>
    <time>2026-07-01T05:02:58Z</time>
   </trkpt>
   <trkpt lat="12.9074000" lon="77.6222170">
    <ele>898.0</ele>
    <time>2026-07-01T05:02:59Z</time>
   </trkpt>
   <trkpt lat="12.9074030" lon="77.6222400">
    <ele>898.0</ele>
    <time>2026-07-01T05:03:00Z</time>
   </trkpt>
   <trkpt lat="12.9074000" lon="77.6222530">
    <ele>898.0</ele>
    <time>2026-07-01T05:03:01Z</time>
   </trkpt>
   <trkpt lat="12.9074070" lon="77.6222720">
    <ele>898.0</ele>
    <time>2026-07-01T05:03:02Z</time>
   </trkpt>
   <trkpt lat="12.9074070" lon="77.6222930">
    <ele>898.0</ele>
    <time>2026-07-01T05:03:03Z</time>
   </trkpt>
   <trkpt lat="12.9074130" lon="77.6223160">
    <ele>898.0</ele>
    <time>2026-07-01T05:03:04Z</time>
   </trkpt>
   <trkpt lat="12.9073970" lon="77.6223290">
    <ele>898.0</ele>
    <time>2026-07-01T05:03:05Z</time>
   </trkpt>
   <trkpt lat="12.9073860" lon="77.6223530">
    <ele>898.0</ele>
    <time>2026-07-01T05:03:06Z</time>
   </trkpt>
   <trkpt lat="12.9073750" lon="77.6223720">
    <ele>898.0</ele>
    <time>2026-07-01T05:03:07Z</time>
   </trkpt>
   <trkpt lat="12.9073780" lon="77.6223960">
    <ele>898.0</ele>
    <time>2026-07-01T05:03:08Z</time>
   </trkpt>
   <trkpt lat="12.9073900" lon="77.6224110">
    <ele>898.1</ele>
    <time>2026-07-01T05:03:09Z</time>
   </trkpt>
   <trkpt lat="12.9073920" lon="77.6224240">
    <ele>898.1</ele>
    <time>2026-07-01T05:03:10Z</time>
   </trkpt>
   <trkpt lat="12.9073900" lon="77.6224500">
    <ele>898.2</ele>
    <time>2026-07-01T05:03:11Z</time>
   </trkpt>
   <trkpt lat="12.9073840" lon="77.6224690">
    <ele>898.3</ele>
    <time>2026-07-01T05:03:12Z</time>
   </trkpt>
   <trkpt lat="12.9073880" lon="77.6224910">
    <ele>898.3</ele>
    <time>2026-07-01T05:03:13Z</time>
   </trkpt>
   <trkpt lat="12.9073980" lon="77.6225070">
    <ele>898.4</ele>
    <time>2026-07-01T05:03:14Z</time>
   </trkpt>
   <trkpt lat="12.9074050" lon="77.6225320">
    <ele>898.5</ele>
    <time>2026-07-01T05:03:15Z</time>
   </trkpt>
   <trkpt lat="12.9074080" lon="77.6225490">
    <ele>898.5</ele>
    <time>2026-07-01T05:03:16Z</time>
   </trkpt>
   <trkpt lat="12.9074060" lon="77.6225650">
    <ele>898.6</ele>
    <time>2026-07-01T05:03:17Z</time>
   </trkpt>
   <trkpt lat="12.9074040" lon="77.6225810">
    <ele>898.6</ele>
    <time>2026-07-01T05:03:18Z</time>
   </trkpt>
   <trkpt lat="12.9074060" lon="77.6226000">
    <ele>898.7</ele>
    <time>2026-07-01T05:03:19Z</time>
   </trkpt>
   <trkpt lat="12.9074080" lon="77.6226150">
    <ele>898.7</ele>
    <time>2026-07-01T05:03:20Z</time>
   </trkpt>
   <trkpt lat="12.9074080" lon="77.6226200">
    <ele>898.7</ele>
    <time>2026-07-01T05:03:21Z</time>
   </trkpt>
   <trkpt lat="12.9074070" lon="77.6226150">
    <ele>898.7</ele>
    <time>2026-07-01T05:03:22Z</time>
   </trkpt>
   <trkpt lat="12.9074090" lon="77.6226210">
    <ele>898.8</ele>
    <time>2026-07-01T05:03:23Z</time>
   </trkpt>
   <trkpt lat="12.9074120" lon="77.6226330">
    <ele>898.8</ele>
    <time>2026-07-01T05:03:24Z</time>
   </trkpt>
   <trkpt lat="12.9074180" lon="77.6226420">
    <ele>898.8</ele>
    <time>2026-07-01T05:03:25Z</time>
   </trkpt>
   <trkpt lat="12.9074180" lon="77.6226580">
    <ele>898.9</ele>
    <time>2026-07-01T05:03:26Z</time>
   </trkpt>
   <trkpt lat="12.9074210" lon="77.6226720">
    <ele>898.9</ele>
    <time>2026-07-01T05:03:27Z</time>
   </trkpt>
   <trkpt lat="12.9074230" lon="77.6226840">
    <ele>899.0</ele>
    <time>2026-07-01T05:03:28Z</time>
   </trkpt>
   <trkpt lat="12.9074300" lon="77.6226940">
    <ele>899.0</ele>
    <time>2026-07-01T05:03:29Z</time>
   </trkpt>
   <trkpt lat="12.9074300" lon="77.6227090">
    <ele>899.0</ele>
    <time>2026-07-01T05:03:30Z</time>
   </trkpt>
   <trkpt lat="12.9074280" lon="77.6227190">
    <ele>899.1</ele>
    <time>2026-07-01T05:03:31Z</time>
   </trkpt>
   <trkpt lat="12.9074270" lon="77.6227390">
    <ele>899.1</ele>
    <time>2026-07-01T05:03:32Z</time>
   </trkpt>
   <trkpt lat="12.9074230" lon="77.6227500">
    <ele>899.2</ele>
    <time>2026-07-01T05:03:33Z</time>
   </trkpt>
   <trkpt lat="12.9074240" lon="77.6227660">
    <ele>899.2</ele>
    <time>2026-07-01T05:03:34Z</time>
   </trkpt>
   <trkpt lat="12.9074250" lon="77.6227770">
    <ele>899.3</ele>
    <time>2026-07-01T05:03:35Z</time>
   </trkpt>
   <trkpt lat="12.9074250" lon="77.6227930">
    <ele>899.3</ele>
    <time>2026-07-01T05:03:36Z</time>
   </trkpt>
   <trkpt lat="12.9074260" lon="77.6228100">
    <ele>899.4</ele>
    <time>2026-07-01T05:03:37Z</time>
   </trkpt>
   <trkpt lat="12.9074250" lon="77.6228190">
    <ele>899.4</ele>
    <time>2026-07-01T05:03:38Z</time>
   </trkpt>
   <trkpt lat="12.9074260" lon="77.6228360">
    <ele>899.5</ele>
    <time>2026-07-01T05:03:39Z</time>
   </trkpt>
   <trkpt lat="12.9074280" lon="77.6228380">
    <ele>899.5</ele>
    <time>2026-07-01T05:03:40Z</time>
   </trkpt>
   <trkpt lat="12.9074280" lon="77.6228490">
    <ele>899.6</ele>
    <time>2026-07-01T05:03:41Z</time>
   </trkpt>
   <trkpt lat="12.9074250" lon="77.6228490">
    <ele>899.6</ele>
    <time>2026-07-01T05:03:42Z</time>
   </trkpt>
   <trkpt lat="12.9074220" lon="77.6228530">
    <ele>899.6</ele>
    <time>2026-07-01T05:03:43Z</time>
   </trkpt>
   <trkpt lat="12.9074220" lon="77.6228570">
    <ele>899.6</ele>
    <time>2026-07-01T05:03:44Z</time>
   </trkpt>
   <trkpt lat="12.9074210" lon="77.6228560">
    <ele>899.6</ele>
    <time>2026-07-01T05:03:45Z</time>
   </trkpt>
   <trkpt lat="12.9074220" lon="77.6228610">
    <ele>899.6</ele>
    <time>2026-07-01T05:03:46Z</time>
   </trkpt>
   <trkpt lat="12.9074230" lon="77.6228620">
    <ele>899.6</ele>
    <time>2026-07-01T05:03:47Z</time>
   </trkpt>
   <trkpt lat="12.9074220" lon="77.6228620">
    <ele>899.6</ele>
    <time>2026-07-01T05:03:48Z</time>
   </trkpt>
   <trkpt lat="12.9074210" lon="77.6228650">
    <ele>899.7</ele>
    <time>2026-07-01T05:03:49Z</time>
   </trkpt>
   <trkpt lat="12.9074180" lon="77.6228670">
    <ele>899.7</ele>
    <time>2026-07-01T05:03:50Z</time>
   </trkpt>
   <trkpt lat="12.9074150" lon="77.6228760">
    <ele>899.7</ele>
    <time>2026-07-01T05:03:51Z</time>
   </trkpt>
   <trkpt lat="12.9074060" lon="77.6229130">
    <ele>899.8</ele>
    <time>2026-07-01T05:03:54Z</time>
   </trkpt>
   <trkpt lat="12.9073890" lon="77.6229160">
    <ele>899.8</ele>
    <time>2026-07-01T05:03:55Z</time>
   </trkpt>
   <trkpt lat="12.9073650" lon="77.6229180">
    <ele>899.8</ele>
    <time>2026-07-01T05:03:56Z</time>
   </trkpt>
   <trkpt lat="12.9073360" lon="77.6229120">
    <ele>899.8</ele>
    <time>2026-07-01T05:03:57Z</time>
   </trkpt>
   <trkpt lat="12.9073050" lon="77.6229040">
    <ele>899.8</ele>
    <time>2026-07-01T05:03:58Z</time>
   </trkpt>
   <trkpt lat="12.9072750" lon="77.6228980">
    <ele>899.7</ele>
    <time>2026-07-01T05:03:59Z</time>
   </trkpt>
   <trkpt lat="12.9072440" lon="77.6229010">
    <ele>899.7</ele>
    <time>2026-07-01T05:04:00Z</time>
   </trkpt>
   <trkpt lat="12.9072070" lon="77.6229020">
    <ele>899.7</ele>
    <time>2026-07-01T05:04:01Z</time>
   </trkpt>
   <trkpt lat="12.9071750" lon="77.6228940">
    <ele>899.7</ele>
    <time>2026-07-01T05:04:02Z</time>
   </trkpt>
   <trkpt lat="12.9071440" lon="77.6228970">
    <ele>899.7</ele>
    <time>2026-07-01T05:04:03Z</time>
   </trkpt>
   <trkpt lat="12.9071210" lon="77.6229000">
    <ele>899.7</ele>
    <time>2026-07-01T05:04:04Z</time>
   </trkpt>
   <trkpt lat="12.9071090" lon="77.6229200">
    <ele>899.7</ele>
    <time>2026-07-01T05:04:05Z</time>
   </trkpt>
   <trkpt lat="12.9071120" lon="77.6229520">
    <ele>899.7</ele>
    <time>2026-07-01T05:04:06Z</time>
   </trkpt>
   <trkpt lat="12.9071170" lon="77.6229830">
    <ele>899.7</ele>
    <time>2026-07-01T05:04:07Z</time>
   </trkpt>
   <trkpt lat="12.9071200" lon="77.6230110">
    <ele>899.8</ele>
    <time>2026-07-01T05:04:08Z</time>
   </trkpt>
   <trkpt lat="12.9071210" lon="77.6230420">
    <ele>899.8</ele>
    <time>2026-07-01T05:04:09Z</time>
   </trkpt>
   <trkpt lat="12.9071190" lon="77.6230740">
    <ele>899.8</ele>
    <time>2026-07-01T05:04:10Z</time>
   </trkpt>
   <trkpt lat="12.9071140" lon="77.6231030">
    <ele>899.8</ele>
    <time>2026-07-01T05:04:11Z</time>
   </trkpt>
   <trkpt lat="12.9071120" lon="77.6231310">
    <ele>899.8</ele>
    <time>2026-07-01T05:04:12Z</time>
   </trkpt>
   <trkpt lat="12.9071090" lon="77.6231530">
    <ele>899.8</ele>
    <time>2026-07-01T05:04:13Z</time>
   </trkpt>
   <trkpt lat="12.9071060" lon="77.6231710">
    <ele>899.8</ele>
    <time>2026-07-01T05:04:14Z</time>
   </trkpt>
   <trkpt lat="12.9071070" lon="77.6231990">
    <ele>899.9</ele>
    <time>2026-07-01T05:04:15Z</time>
   </trkpt>
   <trkpt lat="12.9071080" lon="77.6232250">
    <ele>899.9</ele>
    <time>2026-07-01T05:04:16Z</time>
   </trkpt>
   <trkpt lat="12.9071040" lon="77.6232490">
    <ele>899.9</ele>
    <time>2026-07-01T05:04:17Z</time>
   </trkpt>
   <trkpt lat="12.9071000" lon="77.6232780">
    <ele>899.9</ele>
    <time>2026-07-01T05:04:18Z</time>
   </trkpt>
   <trkpt lat="12.9071020" lon="77.6233030">
    <ele>899.9</ele>
    <time>2026-07-01T05:04:19Z</time>
   </trkpt>
   <trkpt lat="12.9071020" lon="77.6233270">
    <ele>899.8</ele>
    <time>2026-07-01T05:04:20Z</time>
   </trkpt>
   <trkpt lat="12.9070970" lon="77.6233520">
    <ele>899.8</ele>
    <time>2026-07-01T05:04:21Z</time>
   </trkpt>
   <trkpt lat="12.9070940" lon="77.6233820">
    <ele>899.8</ele>
    <time>2026-07-01T05:04:22Z</time>
   </trkpt>
   <trkpt lat="12.9070950" lon="77.6234050">
    <ele>899.8</ele>
    <time>2026-07-01T05:04:23Z</time>
   </trkpt>
   <trkpt lat="12.9070950" lon="77.6234340">
    <ele>899.7</ele>
    <time>2026-07-01T05:04:24Z</time>
   </trkpt>
   <trkpt lat="12.9070930" lon="77.6234630">
    <ele>899.6</ele>
    <time>2026-07-01T05:04:25Z</time>
   </trkpt>
   <trkpt lat="12.9070950" lon="77.6234890">
    <ele>899.6</ele>
    <time>2026-07-01T05:04:26Z</time>
   </trkpt>
   <trkpt lat="12.9070970" lon="77.6235150">
    <ele>899.5</ele>
    <time>2026-07-01T05:04:27Z</time>
   </trkpt>
   <trkpt lat="12.9070910" lon="77.6235450">
    <ele>899.4</ele>
    <time>2026-07-01T05:04:28Z</time>
   </trkpt>
   <trkpt lat="12.9070910" lon="77.6235740">
    <ele>899.3</ele>
    <time>2026-07-01T05:04:29Z</time>
   </trkpt>
   <trkpt lat="12.9070930" lon="77.6235950">
    <ele>899.2</ele>
    <time>2026-07-01T05:04:30Z</time>
   </trkpt>
   <trkpt lat="12.9070930" lon="77.6236100">
    <ele>899.1</ele>
    <time>2026-07-01T05:04:31Z</time>
   </trkpt>
   <trkpt lat="12.9070870" lon="77.6236350">
    <ele>899.1</ele>
    <time>2026-07-01T05:04:32Z</time>
   </trkpt>
   <trkpt lat="12.9070830" lon="77.6236560">
    <ele>899.1</ele>
    <time>2026-07-01T05:04:33Z</time>
   </trkpt>
   <trkpt lat="12.9070840" lon="77.6236710">
    <ele>899.1</ele>
    <time>2026-07-01T05:04:34Z</time>
   </trkpt>
   <trkpt lat="12.9070820" lon="77.6237000">
    <ele>899.1</ele>
    <time>2026-07-01T05:04:35Z</time>
   </trkpt>
   <trkpt lat="12.9070830" lon="77.6237290">
    <ele>899.1</ele>
    <time>2026-07-01T05:04:36Z</time>
   </trkpt>
   <trkpt lat="12.9070840" lon="77.6237610">
    <ele>899.2</ele>
    <time>2026-07-01T05:04:37Z</time>
   </trkpt>
   <trkpt lat="12.9070790" lon="77.6237950">
    <ele>899.2</ele>
    <time>2026-07-01T05:04:38Z</time>
   </trkpt>
   <trkpt lat="12.9070820" lon="77.6238200">
    <ele>899.2</ele>
    <time>2026-07-01T05:04:40Z</time>
   </trkpt>
   <trkpt lat="12.9071010" lon="77.6238410">
    <ele>899.2</ele>
    <time>2026-07-01T05:04:41Z</time>
   </trkpt>
   <trkpt lat="12.9071310" lon="77.6238460">
    <ele>899.3</ele>
    <time>2026-07-01T05:04:42Z</time>
   </trkpt>
   <trkpt lat="12.9071670" lon="77.6238300">
    <ele>899.4</ele>
    <time>2026-07-01T05:04:43Z</time>
   </trkpt>
   <trkpt lat="12.9072020" lon="77.6238370">
    <ele>899.5</ele>
    <time>2026-07-01T05:04:44Z</time>
   </trkpt>
   <trkpt lat="12.9072280" lon="77.6238450">
    <ele>899.5</ele>
    <time>2026-07-01T05:04:45Z</time>
   </trkpt>
   <trkpt lat="12.9072380" lon="77.6238700">
    <ele>899.6</ele>
    <time>2026-07-01T05:04:46Z</time>
   </trkpt>
   <trkpt lat="12.9072470" lon="77.6239010">
    <ele>899.6</ele>
    <time>2026-07-01T05:04:47Z</time>
   </trkpt>
   <trkpt lat="12.9072350" lon="77.6239260">
    <ele>899.5</ele>
    <time>2026-07-01T05:04:48Z</time>
   </trkpt>
   <trkpt lat="12.9072200" lon="77.6239570">
    <ele>899.4</ele>
    <time>2026-07-01T05:04:49Z</time>
   </trkpt>
   <trkpt lat="12.9072160" lon="77.6239810">
    <ele>899.4</ele>
    <time>2026-07-01T05:04:50Z</time>
   </trkpt>
   <trkpt lat="12.9072060" lon="77.6240110">
    <ele>899.3</ele>
    <time>2026-07-01T05:04:51Z</time>
   </trkpt>
   <trkpt lat="12.9072030" lon="77.6240430">
    <ele>899.2</ele>
    <time>2026-07-01T05:04:52Z</time>
   </trkpt>
   <trkpt lat="12.9072140" lon="77.6240750">
    <ele>899.1</ele>
    <time>2026-07-01T05:04:53Z</time>
   </trkpt>
   <trkpt lat="12.9072270" lon="77.6241050">
    <ele>899.0</ele>
    <time>2026-07-01T05:04:54Z</time>
   </trkpt>
   <trkpt lat="12.9072370" lon="77.6241200">
    <ele>898.8</ele>
    <time>2026-07-01T05:04:55Z</time>
   </trkpt>
   <trkpt lat="12.9072790" lon="77.6241230">
    <ele>898.6</ele>
    <time>2026-07-01T05:04:56Z</time>
   </trkpt>
   <trkpt lat="12.9073130" lon="77.6241200">
    <ele>898.3</ele>
    <time>2026-07-01T05:04:57Z</time>
   </trkpt>
   <trkpt lat="12.9073430" lon="77.6241220">
    <ele>898.1</ele>
    <time>2026-07-01T05:04:58Z</time>
   </trkpt>
   <trkpt lat="12.9073680" lon="77.6241300">
    <ele>898.0</ele>
    <time>2026-07-01T05:04:59Z</time>
   </trkpt>
   <trkpt lat="12.9074010" lon="77.6241260">
    <ele>897.8</ele>
    <time>2026-07-01T05:05:00Z</time>
   </trkpt>
   <trkpt lat="12.9074260" lon="77.6241320">
    <ele>897.6</ele>
    <time>2026-07-01T05:05:01Z</time>
   </trkpt>
   <trkpt lat="12.9074510" lon="77.6241390">
    <ele>897.4</ele>
    <time>2026-07-01T05:05:02Z</time>
   </trkpt>
   <trkpt lat="12.9075090" lon="77.6241490">
    <ele>897.0</ele>
    <time>2026-07-01T05:05:03Z</time>
   </trkpt>
   <trkpt lat="12.9075400" lon="77.6241530">
    <ele>896.9</ele>
    <time>2026-07-01T05:05:04Z</time>
   </trkpt>
   <trkpt lat="12.9075700" lon="77.6241710">
    <ele>896.6</ele>
    <time>2026-07-01T05:05:05Z</time>
   </trkpt>
   <trkpt lat="12.9075880" lon="77.6241630">
    <ele>896.5</ele>
    <time>2026-07-01T05:05:06Z</time>
   </trkpt>
   <trkpt lat="12.9076290" lon="77.6241690">
    <ele>896.3</ele>
    <time>2026-07-01T05:05:07Z</time>
   </trkpt>
   <trkpt lat="12.9076620" lon="77.6241690">
    <ele>896.1</ele>
    <time>2026-07-01T05:05:08Z</time>
   </trkpt>
   <trkpt lat="12.9076950" lon="77.6241770">
    <ele>895.9</ele>
    <time>2026-07-01T05:05:09Z</time>
   </trkpt>
   <trkpt lat="12.9077250" lon="77.6241760">
    <ele>895.7</ele>
    <time>2026-07-01T05:05:10Z</time>
   </trkpt>
   <trkpt lat="12.9077560" lon="77.6241830">
    <ele>895.5</ele>
    <time>2026-07-01T05:05:11Z</time>
   </trkpt>
   <trkpt lat="12.9077890" lon="77.6242010">
    <ele>895.3</ele>
    <time>2026-07-01T05:05:12Z</time>
   </trkpt>
   <trkpt lat="12.9078190" lon="77.6241970">
    <ele>895.1</ele>
    <time>2026-07-01T05:05:13Z</time>
   </trkpt>
   <trkpt lat="12.9078470" lon="77.6241970">
    <ele>895.0</ele>
    <time>2026-07-01T05:05:14Z</time>
   </trkpt>
   <trkpt lat="12.9078680" lon="77.6242020">
    <ele>894.8</ele>
    <time>2026-07-01T05:05:15Z</time>
   </trkpt>
   <trkpt lat="12.9078940" lon="77.6241970">
    <ele>894.7</ele>
    <time>2026-07-01T05:05:16Z</time>
   </trkpt>
   <trkpt lat="12.9079240" lon="77.6241990">
    <ele>894.5</ele>
    <time>2026-07-01T05:05:17Z</time>
   </trkpt>
   <trkpt lat="12.9079610" lon="77.6242070">
    <ele>894.2</ele>
    <time>2026-07-01T05:05:18Z</time>
   </trkpt>
   <trkpt lat="12.9079860" lon="77.6242110">
    <ele>894.1</ele>
    <time>2026-07-01T05:05:19Z</time>
   </trkpt>
   <trkpt lat="12.9080100" lon="77.6242070">
    <ele>893.9</ele>
    <time>2026-07-01T05:05:20Z</time>
   </trkpt>
   <trkpt lat="12.9080290" lon="77.6242170">
    <ele>893.7</ele>
    <time>2026-07-01T05:05:21Z</time>
   </trkpt>
   <trkpt lat="12.9080460" lon="77.6242210">
    <ele>893.6</ele>
    <time>2026-07-01T05:05:22Z</time>
   </trkpt>
   <trkpt lat="12.9080560" lon="77.6242320">
    <ele>893.5</ele>
    <time>2026-07-01T05:05:23Z</time>
   </trkpt>
   <trkpt lat="12.9080840" lon="77.6242380">
    <ele>893.3</ele>
    <time>2026-07-01T05:05:24Z</time>
   </trkpt>
   <trkpt lat="12.9081090" lon="77.6242380">
    <ele>893.1</ele>
    <time>2026-07-01T05:05:25Z</time>
   </trkpt>
   <trkpt lat="12.9081340" lon="77.6242410">
    <ele>892.9</ele>
    <time>2026-07-01T05:05:26Z</time>
   </trkpt>
   <trkpt lat="12.9081480" lon="77.6242560">
    <ele>892.8</ele>
    <time>2026-07-01T05:05:27Z</time>
   </trkpt>
   <trkpt lat="12.9081510" lon="77.6242700">
    <ele>892.8</ele>
    <time>2026-07-01T05:05:28Z</time>
   </trkpt>
   <trkpt lat="12.9081590" lon="77.6242970">
    <ele>892.7</ele>
    <time>2026-07-01T05:05:29Z</time>
   </trkpt>
   <trkpt lat="12.9081550" lon="77.6243300">
    <ele>892.7</ele>
    <time>2026-07-01T05:05:30Z</time>
   </trkpt>
   <trkpt lat="12.9081430" lon="77.6243690">
    <ele>892.6</ele>
    <time>2026-07-01T05:05:31Z</time>
   </trkpt>
   <trkpt lat="12.9081360" lon="77.6243930">
    <ele>892.5</ele>
    <time>2026-07-01T05:05:32Z</time>
   </trkpt>
   <trkpt lat="12.9081260" lon="77.6244190">
    <ele>892.5</ele>
    <time>2026-07-01T05:05:33Z</time>
   </trkpt>
   <trkpt lat="12.9081250" lon="77.6244400">
    <ele>892.4</ele>
    <time>2026-07-01T05:05:34Z</time>
   </trkpt>
   <trkpt lat="12.9081160" lon="77.6244590">
    <ele>892.4</ele>
    <time>2026-07-01T05:05:35Z</time>
   </trkpt>
   <trkpt lat="12.9081090" lon="77.6244690">
    <ele>892.4</ele>
    <time>2026-07-01T05:05:36Z</time>
   </trkpt>
   <trkpt lat="12.9081070" lon="77.6244820">
    <ele>892.3</ele>
    <time>2026-07-01T05:05:37Z</time>
   </trkpt>
   <trkpt lat="12.9081140" lon="77.6244990">
    <ele>892.3</ele>
    <time>2026-07-01T05:05:38Z</time>
   </trkpt>
   <trkpt lat="12.9081130" lon="77.6245090">
    <ele>892.3</ele>
    <time>2026-07-01T05:05:39Z</time>
   </trkpt>
   <trkpt lat="12.9081170" lon="77.6245000">
    <ele>892.2</ele>
    <time>2026-07-01T05:05:40Z</time>
   </trkpt>
   <trkpt lat="12.9081200" lon="77.6244960">
    <ele>892.2</ele>
    <time>2026-07-01T05:05:41Z</time>
   </trkpt>
   <trkpt lat="12.9081270" lon="77.6244960">
    <ele>892.2</ele>
    <time>2026-07-01T05:05:42Z</time>
   </trkpt>
   <trkpt lat="12.9081330" lon="77.6244970">
    <ele>892.2</ele>
    <time>2026-07-01T05:05:43Z</time>
   </trkpt>
   <trkpt lat="12.9081340" lon="77.6244950">
    <ele>892.2</ele>
    <time>2026-07-01T05:05:44Z</time>
   </trkpt>
   <trkpt lat="12.9081320" lon="77.6244950">
    <ele>892.2</ele>
    <time>2026-07-01T05:05:45Z</time>
   </trkpt>
   <trkpt lat="12.9081320" lon="77.6244950">
    <ele>892.2</ele>
    <time>2026-07-01T05:05:46Z</time>
   </trkpt>
  </trkseg>
 </trk>
</gpx>
