<?xml version="1.0" encoding="UTF-8"?>
<gpx creator="StravaGPX" version="1.1" xmlns="http://www.topografix.com/GPX/1/1" xmlns:xsi="http://www.w3.org/2001/XMLSchema-instance" xsi:schemaLocation="http://www.topografix.com/GPX/1/1 http://www.topografix.com/GPX/1/1/gpx.xsd">
 <metadata>
  <time>2025-11-16T14:57:12Z</time>
 </metadata>
 <trk>
  <name>Night Walk</name>
  <type>walking</type>
  <trkseg>
   <trkpt lat="22.5076530" lon="88.3455490">
    <ele>10.2</ele>
    <time>2025-11-16T14:57:12Z</time>
   </trkpt>
   <trkpt lat="22.5076440" lon="88.3455570">
    <ele>10.2</ele>
    <time>2025-11-16T14:57:13Z</time>
   </trkpt>
   <trkpt lat="22.5076470" lon="88.3455580">
    <ele>10.2</ele>
    <time>2025-11-16T14:57:14Z</time>
   </trkpt>
   <trkpt lat="22.5076540" lon="88.3455540">
    <ele>10.2</ele>
    <time>2025-11-16T14:57:15Z</time>
   </trkpt>
   <trkpt lat="22.5076630" lon="88.3455490">
    <ele>10.2</ele>
    <time>2025-11-16T14:57:16Z</time>
   </trkpt>
   <trkpt lat="22.5076740" lon="88.3455410">
    <ele>10.2</ele>
    <time>2025-11-16T14:57:17Z</time>
   </trkpt>
   <trkpt lat="22.5076830" lon="88.3455350">
    <ele>10.2</ele>
    <time>2025-11-16T14:57:18Z</time>
   </trkpt>
   <trkpt lat="22.5076960" lon="88.3455200">
    <ele>10.2</ele>
    <time>2025-11-16T14:57:19Z</time>
   </trkpt>
   <trkpt lat="22.5077030" lon="88.3455120">
    <ele>10.2</ele>
    <time>2025-11-16T14:57:20Z</time>
   </trkpt>
   <trkpt lat="22.5077100" lon="88.3455050">
    <ele>10.2</ele>
    <time>2025-11-16T14:57:21Z</time>
   </trkpt>
   <trkpt lat="22.5077230" lon="88.3454990">
    <ele>10.2</ele>
    <time>2025-11-16T14:57:22Z</time>
   </trkpt>
   <trkpt lat="22.5077360" lon="88.3455020">
    <ele>10.2</ele>
    <time>2025-11-16T14:57:23Z</time>
   </trkpt>
   <trkpt lat="22.5077460" lon="88.3455030">
    <ele>10.2</ele>
    <time>2025-11-16T14:57:24Z</time>
   </trkpt>
   <trkpt lat="22.5077540" lon="88.3455160">
    <ele>10.2</ele>
    <time>2025-11-16T14:57:25Z</time>
   </trkpt>
   <trkpt lat="22.5077610" lon="88.3455290">
    <ele>10.2</ele>
    <time>2025-11-16T14:57:26Z</time>
   </trkpt>
   <trkpt lat="22.5077800" lon="88.3455410">
    <ele>10.2</ele>
    <time>2025-11-16T14:57:27Z</time>
   </trkpt>
   <trkpt lat="22.5077880" lon="88.3455450">
    <ele>10.2</ele>
    <time>2025-11-16T14:57:28Z</time>
   </trkpt>
   <trkpt lat="22.5077960" lon="88.3455500">
    <ele>10.2</ele>
    <time>2025-11-16T14:57:29Z</time>
   </trkpt>
   <trkpt lat="22.5078070" lon="88.3455570">
    <ele>10.2</ele>
    <time>2025-11-16T14:57:30Z</time>
   </trkpt>
   <trkpt lat="22.5078170" lon="88.3455610">
    <ele>10.2</ele>
    <time>2025-11-16T14:57:31Z</time>
   </trkpt>
   <trkpt lat="22.5078270" lon="88.3455650">
    <ele>10.2</ele>
    <time>2025-11-16T14:57:32Z</time>
   </trkpt>
   <trkpt lat="22.5078440" lon="88.3455690">
    <ele>10.2</ele>
    <time>2025-11-16T14:57:33Z</time>
   </trkpt>
   <trkpt lat="22.5078530" lon="88.3455760">
    <ele>10.2</ele>
    <time>2025-11-16T14:57:34Z</time>
   </trkpt>
   <trkpt lat="22.5078520" lon="88.3455790">
    <ele>10.2</ele>
    <time>2025-11-16T14:57:35Z</time>
   </trkpt>
   <trkpt lat="22.5078600" lon="88.3455830">
    <ele>10.2</ele>
    <time>2025-11-16T14:57:36Z</time>
   </trkpt>
   <trkpt lat="22.5078740" lon="88.3455850">
    <ele>10.2</ele>
    <time>2025-11-16T14:57:37Z</time>
   </trkpt>
   <trkpt lat="22.5078880" lon="88.3455870">
    <ele>10.2</ele>
    <time>2025-11-16T14:57:38Z</time>
   </trkpt>
   <trkpt lat="22.5079020" lon="88.3455880">
    <ele>10.1</ele>
    <time>2025-11-16T14:57:39Z</time>
   </trkpt>
   <trkpt lat="22.5079180" lon="88.3455920">
    <ele>10.1</ele>
    <time>2025-11-16T14:57:40Z</time>
   </trkpt>
   <trkpt lat="22.5079320" lon="88.3455950">
    <ele>10.1</ele>
    <time>2025-11-16T14:57:41Z</time>
   </trkpt>
   <trkpt lat="22.5079440" lon="88.3456000">
    <ele>10.1</ele>
    <time>2025-11-16T14:57:42Z</time>
   </trkpt>
   <trkpt lat="22.5079340" lon="88.3456050">
    <ele>10.1</ele>
    <time>2025-11-16T14:57:43Z</time>
   </trkpt>
   <trkpt lat="22.5079200" lon="88.3456050">
    <ele>10.1</ele>
    <time>2025-11-16T14:57:44Z</time>
   </trkpt>
   <trkpt lat="22.5079050" lon="88.3456060">
    <ele>10.1</ele>
    <time>2025-11-16T14:57:45Z</time>
   </trkpt>
   <trkpt lat="22.5078910" lon="88.3456060">
    <ele>10.1</ele>
    <time>2025-11-16T14:57:46Z</time>
   </trkpt>
   <trkpt lat="22.5078760" lon="88.3456060">
    <ele>10.1</ele>
    <time>2025-11-16T14:57:47Z</time>
   </trkpt>
   <trkpt lat="22.5078950" lon="88.3456160">
    <ele>10.1</ele>
    <time>2025-11-16T14:57:48Z</time>
   </trkpt>
   <trkpt lat="22.5079040" lon="88.3456090">
    <ele>10.1</ele>
    <time>2025-11-16T14:57:49Z</time>
   </trkpt>
   <trkpt lat="22.5079050" lon="88.3456210">
    <ele>10.1</ele>
    <time>2025-11-16T14:57:50Z</time>
   </trkpt>
   <trkpt lat="22.5079270" lon="88.3456280">
    <ele>10.1</ele>
    <time>2025-11-16T14:57:51Z</time>
   </trkpt>
   <trkpt lat="22.5079290" lon="88.3456290">
    <ele>10.1</ele>
    <time>2025-11-16T14:57:52Z</time>
   </trkpt>
   <trkpt lat="22.5079330" lon="88.3456350">
    <ele>10.1</ele>
    <time>2025-11-16T14:57:53Z</time>
   </trkpt>
   <trkpt lat="22.5079480" lon="88.3456340">
    <ele>10.1</ele>
    <time>2025-11-16T14:57:54Z</time>
   </trkpt>
   <trkpt lat="22.5079610" lon="88.3456270">
    <ele>10.1</ele>
    <time>2025-11-16T14:57:55Z</time>
   </trkpt>
   <trkpt lat="22.5079750" lon="88.3456220">
    <ele>10.1</ele>
    <time>2025-11-16T14:57:56Z</time>
   </trkpt>
   <trkpt lat="22.5079920" lon="88.3456150">
    <ele>10.1</ele>
    <time>2025-11-16T14:57:57Z</time>
   </trkpt>
   <trkpt lat="22.5080070" lon="88.3456070">
    <ele>10.1</ele>
    <time>2025-11-16T14:57:58Z</time>
   </trkpt>
   <trkpt lat="22.5080210" lon="88.3456070">
    <ele>10.1</ele>
    <time>2025-11-16T14:57:59Z</time>
   </trkpt>
   <trkpt lat="22.5080410" lon="88.3456040">
    <ele>10.1</ele>
    <time>2025-11-16T14:58:00Z</time>
   </trkpt>
   <trkpt lat="22.5080410" lon="88.3456080">
    <ele>10.1</ele>
    <time>2025-11-16T14:58:01Z</time>
   </trkpt>
   <trkpt lat="22.5080540" lon="88.3456140">
    <ele>10.1</ele>
    <time>2025-11-16T14:58:02Z</time>
   </trkpt>
   <trkpt lat="22.5080770" lon="88.3456000">
    <ele>10.1</ele>
    <time>2025-11-16T14:58:03Z</time>
   </trkpt>
   <trkpt lat="22.5080900" lon="88.3455940">
    <ele>10.1</ele>
    <time>2025-11-16T14:58:04Z</time>
   </trkpt>
   <trkpt lat="22.5081090" lon="88.3455900">
    <ele>10.1</ele>
    <time>2025-11-16T14:58:05Z</time>
   </trkpt>
   <trkpt lat="22.5081170" lon="88.3455900">
    <ele>10.1</ele>
    <time>2025-11-16T14:58:06Z</time>
   </trkpt>
   <trkpt lat="22.5081240" lon="88.3455910">
    <ele>10.1</ele>
    <time>2025-11-16T14:58:07Z</time>
   </trkpt>
   <trkpt lat="22.5081320" lon="88.3455910">
    <ele>10.1</ele>
    <time>2025-11-16T14:58:08Z</time>
   </trkpt>
   <trkpt lat="22.5081410" lon="88.3456000">
    <ele>10.1</ele>
    <time>2025-11-16T14:58:09Z</time>
   </trkpt>
   <trkpt lat="22.5081520" lon="88.3456000">
    <ele>10.1</ele>
    <time>2025-11-16T14:58:10Z</time>
   </trkpt>
   <trkpt lat="22.5081630" lon="88.3455910">
    <ele>10.1</ele>
    <time>2025-11-16T14:58:11Z</time>
   </trkpt>
   <trkpt lat="22.5081750" lon="88.3455900">
    <ele>10.1</ele>
    <time>2025-11-16T14:58:12Z</time>
   </trkpt>
   <trkpt lat="22.5081870" lon="88.3455850">
    <ele>10.1</ele>
    <time>2025-11-16T14:58:13Z</time>
   </trkpt>
   <trkpt lat="22.5081990" lon="88.3455830">
    <ele>10.1</ele>
    <time>2025-11-16T14:58:14Z</time>
   </trkpt>
   <trkpt lat="22.5082190" lon="88.3455840">
    <ele>10.1</ele>
    <time>2025-11-16T14:58:15Z</time>
   </trkpt>
   <trkpt lat="22.5082280" lon="88.3455830">
    <ele>10.1</ele>
    <time>2025-11-16T14:58:16Z</time>
   </trkpt>
   <trkpt lat="22.5082370" lon="88.3455820">
    <ele>10.1</ele>
    <time>2025-11-16T14:58:17Z</time>
   </trkpt>
   <trkpt lat="22.5082490" lon="88.3455810">
    <ele>10.1</ele>
    <time>2025-11-16T14:58:18Z</time>
   </trkpt>
   <trkpt lat="22.5082670" lon="88.3455800">
    <ele>10.1</ele>
    <time>2025-11-16T14:58:19Z</time>
   </trkpt>
   <trkpt lat="22.5082770" lon="88.3455800">
    <ele>10.1</ele>
    <time>2025-11-16T14:58:20Z</time>
   </trkpt>
   <trkpt lat="22.5082810" lon="88.3455870">
    <ele>10.1</ele>
    <time>2025-11-16T14:58:21Z</time>
   </trkpt>
   <trkpt lat="22.5082930" lon="88.3455900">
    <ele>10.1</ele>
    <time>2025-11-16T14:58:22Z</time>
   </trkpt>
   <trkpt lat="22.5083010" lon="88.3455890">
    <ele>10.1</ele>
    <time>2025-11-16T14:58:23Z</time>
   </trkpt>
   <trkpt lat="22.5083020" lon="88.3455870">
    <ele>10.1</ele>
    <time>2025-11-16T14:58:24Z</time>
   </trkpt>
   <trkpt lat="22.5083100" lon="88.3455800">
    <ele>10.1</ele>
    <time>2025-11-16T14:58:25Z</time>
   </trkpt>
   <trkpt lat="22.5083160" lon="88.3455780">
    <ele>10.1</ele>
    <time>2025-11-16T14:58:26Z</time>
   </trkpt>
   <trkpt lat="22.5083250" lon="88.3455740">
    <ele>10.1</ele>
    <time>2025-11-16T14:58:27Z</time>
   </trkpt>
   <trkpt lat="22.5083380" lon="88.3455690">
    <ele>10.1</ele>
    <time>2025-11-16T14:58:28Z</time>
   </trkpt>
   <trkpt lat="22.5083460" lon="88.3455660">
    <ele>10.1</ele>
    <time>2025-11-16T14:58:29Z</time>
   </trkpt>
   <trkpt lat="22.5083550" lon="88.3455640">
    <ele>10.1</ele>
    <time>2025-11-16T14:58:30Z</time>
   </trkpt>
   <trkpt lat="22.5083630" lon="88.3455610">
    <ele>10.1</ele>
    <time>2025-11-16T14:58:31Z</time>
   </trkpt>
   <trkpt lat="22.5083810" lon="88.3455670">
    <ele>10.1</ele>
    <time>2025-11-16T14:58:32Z</time>
   </trkpt>
   <trkpt lat="22.5083910" lon="88.3455720">
    <ele>10.1</ele>
    <time>2025-11-16T14:58:33Z</time>
   </trkpt>
   <trkpt lat="22.5084010" lon="88.3455770">
    <ele>10.1</ele>
    <time>2025-11-16T14:58:34Z</time>
   </trkpt>
   <trkpt lat="22.5084100" lon="88.3455870">
    <ele>10.1</ele>
    <time>2025-11-16T14:58:35Z</time>
   </trkpt>
   <trkpt lat="22.5084320" lon="88.3455890">
    <ele>10.1</ele>
    <time>2025-11-16T14:58:36Z</time>
   </trkpt>
   <trkpt lat="22.5084470" lon="88.3455960">
    <ele>10.1</ele>
    <time>2025-11-16T14:58:37Z</time>
   </trkpt>
   <trkpt lat="22.5084610" lon="88.3456020">
    <ele>10.1</ele>
    <time>2025-11-16T14:58:38Z</time>
   </trkpt>
   <trkpt lat="22.5084650" lon="88.3456110">
    <ele>10.1</ele>
    <time>2025-11-16T14:58:39Z</time>
   </trkpt>
   <trkpt lat="22.5084730" lon="88.3456140">
    <ele>10.1</ele>
    <time>2025-11-16T14:58:40Z</time>
   </trkpt>
   <trkpt lat="22.5084870" lon="88.3456170">
    <ele>10.1</ele>
    <time>2025-11-16T14:58:41Z</time>
   </trkpt>
   <trkpt lat="22.5085070" lon="88.3456240">
    <ele>10.1</ele>
    <time>2025-11-16T14:58:42Z</time>
   </trkpt>
   <trkpt lat="22.5085160" lon="88.3456260">
    <ele>10.1</ele>
    <time>2025-11-16T14:58:43Z</time>
   </trkpt>
   <trkpt lat="22.5085240" lon="88.3456280">
    <ele>10.1</ele>
    <time>2025-11-16T14:58:44Z</time>
   </trkpt>
   <trkpt lat="22.5085450" lon="88.3456350">
    <ele>10.1</ele>
    <time>2025-11-16T14:58:45Z</time>
   </trkpt>
   <trkpt lat="22.5085530" lon="88.3456370">
    <ele>10.1</ele>
    <time>2025-11-16T14:58:46Z</time>
   </trkpt>
   <trkpt lat="22.5085610" lon="88.3456400">
    <ele>10.1</ele>
    <time>2025-11-16T14:58:47Z</time>
   </trkpt>
   <trkpt lat="22.5085730" lon="88.3456420">
    <ele>10.1</ele>
    <time>2025-11-16T14:58:48Z</time>
   </trkpt>
   <trkpt lat="22.5085850" lon="88.3456420">
    <ele>10.1</ele>
    <time>2025-11-16T14:58:49Z</time>
   </trkpt>
   <trkpt lat="22.5085960" lon="88.3456420">
    <ele>10.1</ele>
    <time>2025-11-16T14:58:50Z</time>
   </trkpt>
   <trkpt lat="22.5086060" lon="88.3456440">
    <ele>10.1</ele>
    <time>2025-11-16T14:58:51Z</time>
   </trkpt>
   <trkpt lat="22.5086090" lon="88.3456440">
    <ele>10.1</ele>
    <time>2025-11-16T14:58:52Z</time>
   </trkpt>
   <trkpt lat="22.5086070" lon="88.3456450">
    <ele>10.1</ele>
    <time>2025-11-16T14:58:53Z</time>
   </trkpt>
   <trkpt lat="22.5086140" lon="88.3456530">
    <ele>10.1</ele>
    <time>2025-11-16T14:58:54Z</time>
   </trkpt>
   <trkpt lat="22.5086270" lon="88.3456560">
    <ele>10.1</ele>
    <time>2025-11-16T14:58:55Z</time>
   </trkpt>
   <trkpt lat="22.5086480" lon="88.3456600">
    <ele>10.1</ele>
    <time>2025-11-16T14:58:56Z</time>
   </trkpt>
   <trkpt lat="22.5086620" lon="88.3456610">
    <ele>10.1</ele>
    <time>2025-11-16T14:58:57Z</time>
   </trkpt>
   <trkpt lat="22.5086830" lon="88.3456600">
    <ele>10.1</ele>
    <time>2025-11-16T14:58:58Z</time>
   </trkpt>
   <trkpt lat="22.5086930" lon="88.3456590">
    <ele>10.1</ele>
    <time>2025-11-16T14:58:59Z</time>
   </trkpt>
   <trkpt lat="22.5087020" lon="88.3456590">
    <ele>10.1</ele>
    <time>2025-11-16T14:59:00Z</time>
   </trkpt>
   <trkpt lat="22.5087260" lon="88.3456610">
    <ele>10.1</ele>
    <time>2025-11-16T14:59:01Z</time>
   </trkpt>
   <trkpt lat="22.5087350" lon="88.3456610">
    <ele>10.1</ele>
    <time>2025-11-16T14:59:02Z</time>
   </trkpt>
   <trkpt lat="22.5087440" lon="88.3456620">
    <ele>10.1</ele>
    <time>2025-11-16T14:59:03Z</time>
   </trkpt>
   <trkpt lat="22.5087650" lon="88.3456650">
    <ele>10.2</ele>
    <time>2025-11-16T14:59:04Z</time>
   </trkpt>
   <trkpt lat="22.5087750" lon="88.3456650">
    <ele>10.2</ele>
    <time>2025-11-16T14:59:05Z</time>
   </trkpt>
   <trkpt lat="22.5087840" lon="88.3456660">
    <ele>10.2</ele>
    <time>2025-11-16T14:59:06Z</time>
   </trkpt>
   <trkpt lat="22.5087950" lon="88.3456680">
    <ele>10.2</ele>
    <time>2025-11-16T14:59:07Z</time>
   </trkpt>
   <trkpt lat="22.5088060" lon="88.3456730">
    <ele>10.2</ele>
    <time>2025-11-16T14:59:08Z</time>
   </trkpt>
   <trkpt lat="22.5088170" lon="88.3456760">
    <ele>10.2</ele>
    <time>2025-11-16T14:59:09Z</time>
   </trkpt>
   <trkpt lat="22.5088270" lon="88.3456860">
    <ele>10.2</ele>
    <time>2025-11-16T14:59:10Z</time>
   </trkpt>
   <trkpt lat="22.5088340" lon="88.3456920">
    <ele>10.2</ele>
    <time>2025-11-16T14:59:11Z</time>
   </trkpt>
   <trkpt lat="22.5088430" lon="88.3456940">
    <ele>10.2</ele>
    <time>2025-11-16T14:59:12Z</time>
   </trkpt>
   <trkpt lat="22.5088580" lon="88.3457010">
    <ele>10.2</ele>
    <time>2025-11-16T14:59:13Z</time>
   </trkpt>
   <trkpt lat="22.5088650" lon="88.3457040">
    <ele>10.2</ele>
    <time>2025-11-16T14:59:14Z</time>
   </trkpt>
   <trkpt lat="22.5088700" lon="88.3457070">
    <ele>10.2</ele>
    <time>2025-11-16T14:59:15Z</time>
   </trkpt>
   <trkpt lat="22.5088840" lon="88.3457080">
    <ele>10.2</ele>
    <time>2025-11-16T14:59:16Z</time>
   </trkpt>
   <trkpt lat="22.5088970" lon="88.3457100">
    <ele>10.2</ele>
    <time>2025-11-16T14:59:17Z</time>
   </trkpt>
   <trkpt lat="22.5089130" lon="88.3457120">
    <ele>10.2</ele>
    <time>2025-11-16T14:59:18Z</time>
   </trkpt>
   <trkpt lat="22.5089240" lon="88.3457170">
    <ele>10.2</ele>
    <time>2025-11-16T14:59:19Z</time>
   </trkpt>
   <trkpt lat="22.5089340" lon="88.3457170">
    <ele>10.2</ele>
    <time>2025-11-16T14:59:20Z</time>
   </trkpt>
   <trkpt lat="22.5089430" lon="88.3457280">
    <ele>10.2</ele>
    <time>2025-11-16T14:59:21Z</time>
   </trkpt>
   <trkpt lat="22.5089500" lon="88.3457300">
    <ele>10.2</ele>
    <time>2025-11-16T14:59:22Z</time>
   </trkpt>
   <trkpt lat="22.5089680" lon="88.3457380">
    <ele>10.2</ele>
    <time>2025-11-16T14:59:23Z</time>
   </trkpt>
   <trkpt lat="22.5089780" lon="88.3457420">
    <ele>10.2</ele>
    <time>2025-11-16T14:59:24Z</time>
   </trkpt>
   <trkpt lat="22.5089870" lon="88.3457470">
    <ele>10.2</ele>
    <time>2025-11-16T14:59:25Z</time>
   </trkpt>
   <trkpt lat="22.5089970" lon="88.3457500">
    <ele>10.3</ele>
    <time>2025-11-16T14:59:26Z</time>
   </trkpt>
   <trkpt lat="22.5090050" lon="88.3457540">
    <ele>10.3</ele>
    <time>2025-11-16T14:59:27Z</time>
   </trkpt>
   <trkpt lat="22.5090180" lon="88.3457580">
    <ele>10.3</ele>
    <time>2025-11-16T14:59:28Z</time>
   </trkpt>
   <trkpt lat="22.5090190" lon="88.3457650">
    <ele>10.3</ele>
    <time>2025-11-16T14:59:29Z</time>
   </trkpt>
   <trkpt lat="22.5090330" lon="88.3457650">
    <ele>10.3</ele>
    <time>2025-11-16T14:59:30Z</time>
   </trkpt>
   <trkpt lat="22.5090500" lon="88.3457690">
    <ele>10.3</ele>
    <time>2025-11-16T14:59:31Z</time>
   </trkpt>
   <trkpt lat="22.5090720" lon="88.3457700">
    <ele>10.3</ele>
    <time>2025-11-16T14:59:32Z</time>
   </trkpt>
   <trkpt lat="22.5090800" lon="88.3457700">
    <ele>10.3</ele>
    <time>2025-11-16T14:59:33Z</time>
   </trkpt>
   <trkpt lat="22.5090880" lon="88.3457710">
    <ele>10.3</ele>
    <time>2025-11-16T14:59:34Z</time>
   </trkpt>
   <trkpt lat="22.5090980" lon="88.3457690">
    <ele>10.3</ele>
    <time>2025-11-16T14:59:35Z</time>
   </trkpt>
   <trkpt lat="22.5091100" lon="88.3457680">
    <ele>10.3</ele>
    <time>2025-11-16T14:59:36Z</time>
   </trkpt>
   <trkpt lat="22.5091240" lon="88.3457680">
    <ele>10.3</ele>
    <time>2025-11-16T14:59:37Z</time>
   </trkpt>
   <trkpt lat="22.5091460" lon="88.3457660">
    <ele>10.3</ele>
    <time>2025-11-16T14:59:38Z</time>
   </trkpt>
   <trkpt lat="22.5091550" lon="88.3457620">
    <ele>10.3</ele>
    <time>2025-11-16T14:59:39Z</time>
   </trkpt>
   <trkpt lat="22.5091670" lon="88.3457630">
    <ele>10.3</ele>
    <time>2025-11-16T14:59:40Z</time>
   </trkpt>
   <trkpt lat="22.5091770" lon="88.3457650">
    <ele>10.3</ele>
    <time>2025-11-16T14:59:41Z</time>
   </trkpt>
   <trkpt lat="22.5091850" lon="88.3457650">
    <ele>10.3</ele>
    <time>2025-11-16T14:59:42Z</time>
   </trkpt>
   <trkpt lat="22.5092030" lon="88.3457660">
    <ele>10.3</ele>
    <time>2025-11-16T14:59:43Z</time>
   </trkpt>
   <trkpt lat="22.5092130" lon="88.3457650">
    <ele>10.2</ele>
    <time>2025-11-16T14:59:44Z</time>
   </trkpt>
   <trkpt lat="22.5092220" lon="88.3457640">
    <ele>10.2</ele>
    <time>2025-11-16T14:59:45Z</time>
   </trkpt>
   <trkpt lat="22.5092320" lon="88.3457630">
    <ele>10.2</ele>
    <time>2025-11-16T14:59:46Z</time>
   </trkpt>
   <trkpt lat="22.5092360" lon="88.3457570">
    <ele>10.2</ele>
    <time>2025-11-16T14:59:47Z</time>
   </trkpt>
   <trkpt lat="22.5092530" lon="88.3457580">
    <ele>10.2</ele>
    <time>2025-11-16T14:59:48Z</time>
   </trkpt>
   <trkpt lat="22.5092690" lon="88.3457620">
    <ele>10.2</ele>
    <time>2025-11-16T14:59:49Z</time>
   </trkpt>
   <trkpt lat="22.5092820" lon="88.3457630">
    <ele>10.2</ele>
    <time>2025-11-16T14:59:50Z</time>
   </trkpt>
   <trkpt lat="22.5092870" lon="88.3457680">
    <ele>10.2</ele>
    <time>2025-11-16T14:59:51Z</time>
   </trkpt>
   <trkpt lat="22.5092970" lon="88.3457680">
    <ele>10.2</ele>
    <time>2025-11-16T14:59:52Z</time>
   </trkpt>
   <trkpt lat="22.5093110" lon="88.3457710">
    <ele>10.1</ele>
    <time>2025-11-16T14:59:53Z</time>
   </trkpt>
   <trkpt lat="22.5093300" lon="88.3457840">
    <ele>10.1</ele>
    <time>2025-11-16T14:59:54Z</time>
   </trkpt>
   <trkpt lat="22.5093390" lon="88.3457850">
    <ele>10.1</ele>
    <time>2025-11-16T14:59:55Z</time>
   </trkpt>
   <trkpt lat="22.5093480" lon="88.3457860">
    <ele>10.1</ele>
    <time>2025-11-16T14:59:56Z</time>
   </trkpt>
   <trkpt lat="22.5093600" lon="88.3457940">
    <ele>10.1</ele>
    <time>2025-11-16T14:59:57Z</time>
   </trkpt>
   <trkpt lat="22.5093810" lon="88.3457990">
    <ele>10.1</ele>
    <time>2025-11-16T14:59:58Z</time>
   </trkpt>
   <trkpt lat="22.5094060" lon="88.3457980">
    <ele>10.1</ele>
    <time>2025-11-16T14:59:59Z</time>
   </trkpt>
   <trkpt lat="22.5094140" lon="88.3457960">
    <ele>10.0</ele>
    <time>2025-11-16T15:00:00Z</time>
   </trkpt>
   <trkpt lat="22.5094220" lon="88.3457930">
    <ele>10.0</ele>
    <time>2025-11-16T15:00:01Z</time>
   </trkpt>
   <trkpt lat="22.5094310" lon="88.3457930">
    <ele>10.0</ele>
    <time>2025-11-16T15:00:02Z</time>
   </trkpt>
   <trkpt lat="22.5094410" lon="88.3457960">
    <ele>10.0</ele>
    <time>2025-11-16T15:00:03Z</time>
   </trkpt>
   <trkpt lat="22.5094570" lon="88.3457980">
    <ele>10.0</ele>
    <time>2025-11-16T15:00:04Z</time>
   </trkpt>
   <trkpt lat="22.5094690" lon="88.3457970">
    <ele>10.0</ele>
    <time>2025-11-16T15:00:05Z</time>
   </trkpt>
   <trkpt lat="22.5094770" lon="88.3457970">
    <ele>10.0</ele>
    <time>2025-11-16T15:00:06Z</time>
   </trkpt>
   <trkpt lat="22.5094900" lon="88.3458020">
    <ele>10.0</ele>
    <time>2025-11-16T15:00:07Z</time>
   </trkpt>
   <trkpt lat="22.5095110" lon="88.3457970">
    <ele>10.0</ele>
    <time>2025-11-16T15:00:08Z</time>
   </trkpt>
   <trkpt lat="22.5095250" lon="88.3457980">
    <ele>10.0</ele>
    <time>2025-11-16T15:00:09Z</time>
   </trkpt>
   <trkpt lat="22.5095380" lon="88.3457990">
    <ele>9.9</ele>
    <time>2025-11-16T15:00:10Z</time>
   </trkpt>
   <trkpt lat="22.5095500" lon="88.3457980">
    <ele>9.9</ele>
    <time>2025-11-16T15:00:11Z</time>
   </trkpt>
   <trkpt lat="22.5095610" lon="88.3458010">
    <ele>9.9</ele>
    <time>2025-11-16T15:00:12Z</time>
   </trkpt>
   <trkpt lat="22.5095620" lon="88.3458040">
    <ele>9.9</ele>
    <time>2025-11-16T15:00:13Z</time>
   </trkpt>
   <trkpt lat="22.5095690" lon="88.3458050">
    <ele>9.9</ele>
    <time>2025-11-16T15:00:14Z</time>
   </trkpt>
   <trkpt lat="22.5095860" lon="88.3458130">
    <ele>9.9</ele>
    <time>2025-11-16T15:00:15Z</time>
   </trkpt>
   <trkpt lat="22.5095950" lon="88.3458170">
    <ele>9.9</ele>
    <time>2025-11-16T15:00:16Z</time>
   </trkpt>
   <trkpt lat="22.5096030" lon="88.3458220">
    <ele>9.9</ele>
    <time>2025-11-16T15:00:17Z</time>
   </trkpt>
   <trkpt lat="22.5096190" lon="88.3458210">
    <ele>9.9</ele>
    <time>2025-11-16T15:00:18Z</time>
   </trkpt>
   <trkpt lat="22.5096380" lon="88.3458240">
    <ele>9.9</ele>
    <time>2025-11-16T15:00:19Z</time>
   </trkpt>
   <trkpt lat="22.5096460" lon="88.3458260">
    <ele>9.9</ele>
    <time>2025-11-16T15:00:20Z</time>
   </trkpt>
   <trkpt lat="22.5096580" lon="88.3458310">
    <ele>9.9</ele>
    <time>2025-11-16T15:00:21Z</time>
   </trkpt>
   <trkpt lat="22.5096700" lon="88.3458320">
    <ele>9.9</ele>
    <time>2025-11-16T15:00:22Z</time>
   </trkpt>
   <trkpt lat="22.5096860" lon="88.3458320">
    <ele>9.9</ele>
    <time>2025-11-16T15:00:23Z</time>
   </trkpt>
   <trkpt lat="22.5096980" lon="88.3458320">
    <ele>9.9</ele>
    <time>2025-11-16T15:00:24Z</time>
   </trkpt>
   <trkpt lat="22.5097120" lon="88.3458320">
    <ele>9.9</ele>
    <time>2025-11-16T15:00:25Z</time>
   </trkpt>
   <trkpt lat="22.5097280" lon="88.3458320">
    <ele>9.9</ele>
    <time>2025-11-16T15:00:26Z</time>
   </trkpt>
   <trkpt lat="22.5097480" lon="88.3458310">
    <ele>9.9</ele>
    <time>2025-11-16T15:00:27Z</time>
   </trkpt>
   <trkpt lat="22.5097580" lon="88.3458300">
    <ele>9.9</ele>
    <time>2025-11-16T15:00:28Z</time>
   </trkpt>
   <trkpt lat="22.5097680" lon="88.3458300">
    <ele>10.0</ele>
    <time>2025-11-16T15:00:29Z</time>
   </trkpt>
   <trkpt lat="22.5097870" lon="88.3458340">
    <ele>10.0</ele>
    <time>2025-11-16T15:00:30Z</time>
   </trkpt>
   <trkpt lat="22.5098040" lon="88.3458320">
    <ele>10.0</ele>
    <time>2025-11-16T15:00:31Z</time>
   </trkpt>
   <trkpt lat="22.5098160" lon="88.3458330">
    <ele>10.0</ele>
    <time>2025-11-16T15:00:32Z</time>
   </trkpt>
   <trkpt lat="22.5098320" lon="88.3458350">
    <ele>10.0</ele>
    <time>2025-11-16T15:00:33Z</time>
   </trkpt>
   <trkpt lat="22.5098480" lon="88.3458390">
    <ele>10.0</ele>
    <time>2025-11-16T15:00:34Z</time>
   </trkpt>
   <trkpt lat="22.5098610" lon="88.3458350">
    <ele>10.0</ele>
    <time>2025-11-16T15:00:35Z</time>
   </trkpt>
   <trkpt lat="22.5098680" lon="88.3458320">
    <ele>10.0</ele>
    <time>2025-11-16T15:00:36Z</time>
   </trkpt>
   <trkpt lat="22.5098810" lon="88.3458360">
    <ele>10.0</ele>
    <time>2025-11-16T15:00:37Z</time>
   </trkpt>
   <trkpt lat="22.5098960" lon="88.3458330">
    <ele>10.0</ele>
    <time>2025-11-16T15:00:38Z</time>
   </trkpt>
   <trkpt lat="22.5099130" lon="88.3458350">
    <ele>10.0</ele>
    <time>2025-11-16T15:00:39Z</time>
   </trkpt>
   <trkpt lat="22.5099290" lon="88.3458360">
    <ele>10.0</ele>
    <time>2025-11-16T15:00:40Z</time>
   </trkpt>
   <trkpt lat="22.5099510" lon="88.3458340">
    <ele>10.0</ele>
    <time>2025-11-16T15:00:41Z</time>
   </trkpt>
   <trkpt lat="22.5099610" lon="88.3458340">
    <ele>10.0</ele>
    <time>2025-11-16T15:00:42Z</time>
   </trkpt>
   <trkpt lat="22.5099700" lon="88.3458350">
    <ele>10.0</ele>
    <time>2025-11-16T15:00:43Z</time>
   </trkpt>
   <trkpt lat="22.5099790" lon="88.3458350">
    <ele>10.0</ele>
    <time>2025-11-16T15:00:44Z</time>
   </trkpt>
   <trkpt lat="22.5099950" lon="88.3458320">
    <ele>10.0</ele>
    <time>2025-11-16T15:00:45Z</time>
   </trkpt>
   <trkpt lat="22.5100070" lon="88.3458280">
    <ele>10.0</ele>
    <time>2025-11-16T15:00:46Z</time>
   </trkpt>
   <trkpt lat="22.5100370" lon="88.3458310">
    <ele>10.0</ele>
    <time>2025-11-16T15:00:47Z</time>
   </trkpt>
   <trkpt lat="22.5100450" lon="88.3458380">
    <ele>10.0</ele>
    <time>2025-11-16T15:00:48Z</time>
   </trkpt>
   <trkpt lat="22.5100520" lon="88.3458450">
    <ele>10.0</ele>
    <time>2025-11-16T15:00:49Z</time>
   </trkpt>
   <trkpt lat="22.5100640" lon="88.3458530">
    <ele>10.0</ele>
    <time>2025-11-16T15:00:50Z</time>
   </trkpt>
   <trkpt lat="22.5100740" lon="88.3458590">
    <ele>10.0</ele>
    <time>2025-11-16T15:00:51Z</time>
   </trkpt>
   <trkpt lat="22.5100840" lon="88.3458620">
    <ele>10.0</ele>
    <time>2025-11-16T15:00:52Z</time>
   </trkpt>
   <trkpt lat="22.5100980" lon="88.3458680">
    <ele>10.0</ele>
    <time>2025-11-16T15:00:53Z</time>
   </trkpt>
   <trkpt lat="22.5101070" lon="88.3458730">
    <ele>10.0</ele>
    <time>2025-11-16T15:00:54Z</time>
   </trkpt>
   <trkpt lat="22.5101150" lon="88.3458780">
    <ele>10.1</ele>
    <time>2025-11-16T15:00:55Z</time>
   </trkpt>
   <trkpt lat="22.5101320" lon="88.3458780">
    <ele>10.1</ele>
    <time>2025-11-16T15:00:56Z</time>
   </trkpt>
   <trkpt lat="22.5101470" lon="88.3458790">
    <ele>10.1</ele>
    <time>2025-11-16T15:00:57Z</time>
   </trkpt>
   <trkpt lat="22.5101600" lon="88.3458860">
    <ele>10.1</ele>
    <time>2025-11-16T15:00:58Z</time>
   </trkpt>
   <trkpt lat="22.5101770" lon="88.3458910">
    <ele>10.1</ele>
    <time>2025-11-16T15:00:59Z</time>
   </trkpt>
   <trkpt lat="22.5101870" lon="88.3458940">
    <ele>10.1</ele>
    <time>2025-11-16T15:01:00Z</time>
   </trkpt>
   <trkpt lat="22.5101980" lon="88.3458970">
    <ele>10.1</ele>
    <time>2025-11-16T15:01:01Z</time>
   </trkpt>
   <trkpt lat="22.5102130" lon="88.3458950">
    <ele>10.1</ele>
    <time>2025-11-16T15:01:02Z</time>
   </trkpt>
   <trkpt lat="22.5102230" lon="88.3458940">
    <ele>10.1</ele>
    <time>2025-11-16T15:01:03Z</time>
   </trkpt>
   <trkpt lat="22.5102370" lon="88.3458960">
    <ele>10.1</ele>
    <time>2025-11-16T15:01:04Z</time>
   </trkpt>
   <trkpt lat="22.5102490" lon="88.3458930">
    <ele>10.1</ele>
    <time>2025-11-16T15:01:05Z</time>
   </trkpt>
   <trkpt lat="22.5102690" lon="88.3458880">
    <ele>10.1</ele>
    <time>2025-11-16T15:01:06Z</time>
   </trkpt>
   <trkpt lat="22.5102790" lon="88.3458880">
    <ele>10.1</ele>
    <time>2025-11-16T15:01:07Z</time>
   </trkpt>
   <trkpt lat="22.5102880" lon="88.3458870">
    <ele>10.1</ele>
    <time>2025-11-16T15:01:08Z</time>
   </trkpt>
   <trkpt lat="22.5102970" lon="88.3458880">
    <ele>10.1</ele>
    <time>2025-11-16T15:01:09Z</time>
   </trkpt>
   <trkpt lat="22.5103090" lon="88.3458870">
    <ele>10.1</ele>
    <time>2025-11-16T15:01:10Z</time>
   </trkpt>
   <trkpt lat="22.5103230" lon="88.3458950">
    <ele>10.1</ele>
    <time>2025-11-16T15:01:11Z</time>
   </trkpt>
   <trkpt lat="22.5103420" lon="88.3459050">
    <ele>10.1</ele>
    <time>2025-11-16T15:01:12Z</time>
   </trkpt>
   <trkpt lat="22.5103480" lon="88.3458980">
    <ele>10.1</ele>
    <time>2025-11-16T15:01:13Z</time>
   </trkpt>
   <trkpt lat="22.5103540" lon="88.3459020">
    <ele>10.1</ele>
    <time>2025-11-16T15:01:14Z</time>
   </trkpt>
   <trkpt lat="22.5103760" lon="88.3459110">
    <ele>10.1</ele>
    <time>2025-11-16T15:01:15Z</time>
   </trkpt>
   <trkpt lat="22.5103840" lon="88.3459150">
    <ele>10.1</ele>
    <time>2025-11-16T15:01:16Z</time>
   </trkpt>
   <trkpt lat="22.5103910" lon="88.3459200">
    <ele>10.1</ele>
    <time>2025-11-16T15:01:17Z</time>
   </trkpt>
   <trkpt lat="22.5104040" lon="88.3459240">
    <ele>10.1</ele>
    <time>2025-11-16T15:01:18Z</time>
   </trkpt>
   <trkpt lat="22.5104180" lon="88.3459250">
    <ele>10.1</ele>
    <time>2025-11-16T15:01:19Z</time>
   </trkpt>
   <trkpt lat="22.5104380" lon="88.3459240">
    <ele>10.1</ele>
    <time>2025-11-16T15:01:20Z</time>
   </trkpt>
   <trkpt lat="22.5104480" lon="88.3459240">
    <ele>10.1</ele>
    <time>2025-11-16T15:01:21Z</time>
   </trkpt>
   <trkpt lat="22.5104580" lon="88.3459230">
    <ele>10.1</ele>
    <time>2025-11-16T15:01:22Z</time>
   </trkpt>
   <trkpt lat="22.5104820" lon="88.3459250">
    <ele>10.1</ele>
    <time>2025-11-16T15:01:23Z</time>
   </trkpt>
   <trkpt lat="22.5104900" lon="88.3459260">
    <ele>10.1</ele>
    <time>2025-11-16T15:01:24Z</time>
   </trkpt>
   <trkpt lat="22.5104980" lon="88.3459280">
    <ele>10.1</ele>
    <time>2025-11-16T15:01:25Z</time>
   </trkpt>
   <trkpt lat="22.5105080" lon="88.3459230">
    <ele>10.1</ele>
    <time>2025-11-16T15:01:26Z</time>
   </trkpt>
   <trkpt lat="22.5105220" lon="88.3459210">
    <ele>10.1</ele>
    <time>2025-11-16T15:01:27Z</time>
   </trkpt>
   <trkpt lat="22.5105350" lon="88.3459230">
    <ele>10.1</ele>
    <time>2025-11-16T15:01:29Z</time>
   </trkpt>
   <trkpt lat="22.5105490" lon="88.3459230">
    <ele>10.1</ele>
    <time>2025-11-16T15:01:30Z</time>
   </trkpt>
   <trkpt lat="22.5105650" lon="88.3459200">
    <ele>10.1</ele>
    <time>2025-11-16T15:01:31Z</time>
   </trkpt>
   <trkpt lat="22.5105790" lon="88.3459220">
    <ele>10.1</ele>
    <time>2025-11-16T15:01:32Z</time>
   </trkpt>
   <trkpt lat="22.5105930" lon="88.3459270">
    <ele>10.1</ele>
    <time>2025-11-16T15:01:33Z</time>
   </trkpt>
   <trkpt lat="22.5106110" lon="88.3459260">
    <ele>10.1</ele>
    <time>2025-11-16T15:01:34Z</time>
   </trkpt>
   <trkpt lat="22.5106270" lon="88.3459320">
    <ele>10.1</ele>
    <time>2025-11-16T15:01:35Z</time>
   </trkpt>
   <trkpt lat="22.5106610" lon="88.3459290">
    <ele>10.1</ele>
    <time>2025-11-16T15:01:36Z</time>
   </trkpt>
   <trkpt lat="22.5106700" lon="88.3459220">
    <ele>10.1</ele>
    <time>2025-11-16T15:01:37Z</time>
   </trkpt>
   <trkpt lat="22.5106840" lon="88.3459200">
    <ele>10.1</ele>
    <time>2025-11-16T15:01:38Z</time>
   </trkpt>
   <trkpt lat="22.5107040" lon="88.3459310">
    <ele>10.1</ele>
    <time>2025-11-16T15:01:39Z</time>
   </trkpt>
   <trkpt lat="22.5107130" lon="88.3459280">
    <ele>10.1</ele>
    <time>2025-11-16T15:01:40Z</time>
   </trkpt>
   <trkpt lat="22.5107360" lon="88.3459490">
    <ele>10.1</ele>
    <time>2025-11-16T15:01:41Z</time>
   </trkpt>
   <trkpt lat="22.5107450" lon="88.3459460">
    <ele>10.1</ele>
    <time>2025-11-16T15:01:42Z</time>
   </trkpt>
   <trkpt lat="22.5107580" lon="88.3459500">
    <ele>10.1</ele>
    <time>2025-11-16T15:01:43Z</time>
   </trkpt>
   <trkpt lat="22.5107680" lon="88.3459560">
    <ele>10.1</ele>
    <time>2025-11-16T15:01:44Z</time>
   </trkpt>
   <trkpt lat="22.5107810" lon="88.3459670">
    <ele>10.1</ele>
    <time>2025-11-16T15:01:45Z</time>
   </trkpt>
   <trkpt lat="22.5107940" lon="88.3459670">
    <ele>10.1</ele>
    <time>2025-11-16T15:01:46Z</time>
   </trkpt>
   <trkpt lat="22.5108060" lon="88.3459660">
    <ele>10.1</ele>
    <time>2025-11-16T15:01:47Z</time>
   </trkpt>
   <trkpt lat="22.5108070" lon="88.3459590">
    <ele>10.1</ele>
    <time>2025-11-16T15:01:48Z</time>
   </trkpt>
   <trkpt lat="22.5108340" lon="88.3459570">
    <ele>10.1</ele>
    <time>2025-11-16T15:01:49Z</time>
   </trkpt>
   <trkpt lat="22.5108660" lon="88.3459450">
    <ele>10.1</ele>
    <time>2025-11-16T15:01:50Z</time>
   </trkpt>
   <trkpt lat="22.5108730" lon="88.3459380">
    <ele>10.1</ele>
    <time>2025-11-16T15:01:51Z</time>
   </trkpt>
   <trkpt lat="22.5108990" lon="88.3459270">
    <ele>10.1</ele>
    <time>2025-11-16T15:01:52Z</time>
   </trkpt>
   <trkpt lat="22.5109180" lon="88.3459220">
    <ele>10.1</ele>
    <time>2025-11-16T15:01:53Z</time>
   </trkpt>
   <trkpt lat="22.5109280" lon="88.3459220">
    <ele>10.1</ele>
    <time>2025-11-16T15:01:54Z</time>
   </trkpt>
   <trkpt lat="22.5109380" lon="88.3459190">
    <ele>10.1</ele>
    <time>2025-11-16T15:01:55Z</time>
   </trkpt>
   <trkpt lat="22.5109460" lon="88.3459150">
    <ele>10.1</ele>
    <time>2025-11-16T15:01:56Z</time>
   </trkpt>
   <trkpt lat="22.5109540" lon="88.3459160">
    <ele>10.1</ele>
    <time>2025-11-16T15:01:57Z</time>
   </trkpt>
   <trkpt lat="22.5109650" lon="88.3459230">
    <ele>10.1</ele>
    <time>2025-11-16T15:01:58Z</time>
   </trkpt>
   <trkpt lat="22.5109770" lon="88.3459270">
    <ele>10.1</ele>
    <time>2025-11-16T15:01:59Z</time>
   </trkpt>
   <trkpt lat="22.5109910" lon="88.3459270">
    <ele>10.1</ele>
    <time>2025-11-16T15:02:00Z</time>
   </trkpt>
   <trkpt lat="22.5109900" lon="88.3459500">
    <ele>10.1</ele>
    <time>2025-11-16T15:02:01Z</time>
   </trkpt>
   <trkpt lat="22.5109960" lon="88.3459690">
    <ele>10.1</ele>
    <time>2025-11-16T15:02:02Z</time>
   </trkpt>
   <trkpt lat="22.5110060" lon="88.3459830">
    <ele>10.1</ele>
    <time>2025-11-16T15:02:03Z</time>
   </trkpt>
   <trkpt lat="22.5110260" lon="88.3460070">
    <ele>10.2</ele>
    <time>2025-11-16T15:02:04Z</time>
   </trkpt>
   <trkpt lat="22.5110320" lon="88.3460130">
    <ele>10.2</ele>
    <time>2025-11-16T15:02:05Z</time>
   </trkpt>
   <trkpt lat="22.5110330" lon="88.3459880">
    <ele>10.2</ele>
    <time>2025-11-16T15:02:06Z</time>
   </trkpt>
   <trkpt lat="22.5110480" lon="88.3459900">
    <ele>10.2</ele>
    <time>2025-11-16T15:02:07Z</time>
   </trkpt>
   <trkpt lat="22.5110650" lon="88.3459970">
    <ele>10.2</ele>
    <time>2025-11-16T15:02:08Z</time>
   </trkpt>
   <trkpt lat="22.5110830" lon="88.3459900">
    <ele>10.2</ele>
    <time>2025-11-16T15:02:09Z</time>
   </trkpt>
   <trkpt lat="22.5111100" lon="88.3459910">
    <ele>10.2</ele>
    <time>2025-11-16T15:02:10Z</time>
   </trkpt>
   <trkpt lat="22.5111180" lon="88.3459920">
    <ele>10.2</ele>
    <time>2025-11-16T15:02:11Z</time>
   </trkpt>
   <trkpt lat="22.5111270" lon="88.3459920">
    <ele>10.2</ele>
    <time>2025-11-16T15:02:12Z</time>
   </trkpt>
   <trkpt lat="22.5111420" lon="88.3459940">
    <ele>10.2</ele>
    <time>2025-11-16T15:02:13Z</time>
   </trkpt>
   <trkpt lat="22.5111460" lon="88.3460030">
    <ele>10.2</ele>
    <time>2025-11-16T15:02:14Z</time>
   </trkpt>
   <trkpt lat="22.5111530" lon="88.3460140">
    <ele>10.2</ele>
    <time>2025-11-16T15:02:15Z</time>
   </trkpt>
   <trkpt lat="22.5111540" lon="88.3460300">
    <ele>10.2</ele>
    <time>2025-11-16T15:02:16Z</time>
   </trkpt>
   <trkpt lat="22.5111690" lon="88.3460300">
    <ele>10.2</ele>
    <time>2025-11-16T15:02:17Z</time>
   </trkpt>
   <trkpt lat="22.5111800" lon="88.3460370">
    <ele>10.2</ele>
    <time>2025-11-16T15:02:18Z</time>
   </trkpt>
   <trkpt lat="22.5111890" lon="88.3460380">
    <ele>10.2</ele>
    <time>2025-11-16T15:02:19Z</time>
   </trkpt>
   <trkpt lat="22.5112110" lon="88.3460310">
    <ele>10.2</ele>
    <time>2025-11-16T15:02:20Z</time>
   </trkpt>
   <trkpt lat="22.5112290" lon="88.3460290">
    <ele>10.2</ele>
    <time>2025-11-16T15:02:21Z</time>
   </trkpt>
   <trkpt lat="22.5112220" lon="88.3460190">
    <ele>10.2</ele>
    <time>2025-11-16T15:02:22Z</time>
   </trkpt>
   <trkpt lat="22.5112140" lon="88.3460100">
    <ele>10.2</ele>
    <time>2025-11-16T15:02:23Z</time>
   </trkpt>
   <trkpt lat="22.5112070" lon="88.3460000">
    <ele>10.2</ele>
    <time>2025-11-16T15:02:24Z</time>
   </trkpt>
   <trkpt lat="22.5111990" lon="88.3459910">
    <ele>10.2</ele>
    <time>2025-11-16T15:02:25Z</time>
   </trkpt>
   <trkpt lat="22.5112050" lon="88.3459640">
    <ele>10.2</ele>
    <time>2025-11-16T15:02:26Z</time>
   </trkpt>
   <trkpt lat="22.5111980" lon="88.3459550">
    <ele>10.2</ele>
    <time>2025-11-16T15:02:27Z</time>
   </trkpt>
   <trkpt lat="22.5111920" lon="88.3459610">
    <ele>10.2</ele>
    <time>2025-11-16T15:02:28Z</time>
   </trkpt>
   <trkpt lat="22.5111890" lon="88.3459560">
    <ele>10.2</ele>
    <time>2025-11-16T15:02:29Z</time>
   </trkpt>
   <trkpt lat="22.5111790" lon="88.3459400">
    <ele>10.2</ele>
    <time>2025-11-16T15:02:30Z</time>
   </trkpt>
   <trkpt lat="22.5111820" lon="88.3459310">
    <ele>10.2</ele>
    <time>2025-11-16T15:02:31Z</time>
   </trkpt>
   <trkpt lat="22.5111800" lon="88.3459240">
    <ele>10.2</ele>
    <time>2025-11-16T15:02:32Z</time>
   </trkpt>
   <trkpt lat="22.5111900" lon="88.3459370">
    <ele>10.2</ele>
    <time>2025-11-16T15:02:33Z</time>
   </trkpt>
   <trkpt lat="22.5111950" lon="88.3459430">
    <ele>10.2</ele>
    <time>2025-11-16T15:02:34Z</time>
   </trkpt>
   <trkpt lat="22.5111940" lon="88.3459610">
    <ele>10.2</ele>
    <time>2025-11-16T15:02:35Z</time>
   </trkpt>
   <trkpt lat="22.5111960" lon="88.3459690">
    <ele>10.2</ele>
    <time>2025-11-16T15:02:36Z</time>
   </trkpt>
   <trkpt lat="22.5111980" lon="88.3459720">
    <ele>10.2</ele>
    <time>2025-11-16T15:02:37Z</time>
   </trkpt>
   <trkpt lat="22.5112010" lon="88.3459750">
    <ele>10.2</ele>
    <time>2025-11-16T15:02:38Z</time>
   </trkpt>
   <trkpt lat="22.5112030" lon="88.3459780">
    <ele>10.2</ele>
    <time>2025-11-16T15:02:39Z</time>
   </trkpt>
   <trkpt lat="22.5112060" lon="88.3459800">
    <ele>10.2</ele>
    <time>2025-11-16T15:02:40Z</time>
   </trkpt>
   <trkpt lat="22.5112080" lon="88.3459830">
    <ele>10.2</ele>
    <time>2025-11-16T15:02:41Z</time>
   </trkpt>
   <trkpt lat="22.5112110" lon="88.3459860">
    <ele>10.2</ele>
    <time>2025-11-16T15:02:42Z</time>
   </trkpt>
   <trkpt lat="22.5112130" lon="88.3459890">
    <ele>10.2</ele>
    <time>2025-11-16T15:02:43Z</time>
   </trkpt>
   <trkpt lat="22.5112160" lon="88.3459920">
    <ele>10.2</ele>
    <time>2025-11-16T15:02:44Z</time>
   </trkpt>
   <trkpt lat="22.5112180" lon="88.3459950">
    <ele>10.2</ele>
    <time>2025-11-16T15:02:45Z</time>
   </trkpt>
   <trkpt lat="22.5112210" lon="88.3459980">
    <ele>10.2</ele>
    <time>2025-11-16T15:02:46Z</time>
   </trkpt>
   <trkpt lat="22.5112230" lon="88.3460010">
    <ele>10.2</ele>
    <time>2025-11-16T15:02:47Z</time>
   </trkpt>
   <trkpt lat="22.5112260" lon="88.3460040">
    <ele>10.2</ele>
    <time>2025-11-16T15:02:48Z</time>
   </trkpt>
   <trkpt lat="22.5112280" lon="88.3460070">
    <ele>10.2</ele>
    <time>2025-11-16T15:02:49Z</time>
   </trkpt>
   <trkpt lat="22.5112310" lon="88.3460090">
    <ele>10.2</ele>
    <time>2025-11-16T15:02:50Z</time>
   </trkpt>
   <trkpt lat="22.5112330" lon="88.3460120">
    <ele>10.2</ele>
    <time>2025-11-16T15:02:51Z</time>
   </trkpt>
   <trkpt lat="22.5112360" lon="88.3460150">
    <ele>10.2</ele>
    <time>2025-11-16T15:02:52Z</time>
   </trkpt>
   <trkpt lat="22.5112380" lon="88.3460180">
    <ele>10.2</ele>
    <time>2025-11-16T15:02:53Z</time>
   </trkpt>
   <trkpt lat="22.5112410" lon="88.3460210">
    <ele>10.2</ele>
    <time>2025-11-16T15:02:54Z</time>
   </trkpt>
   <trkpt lat="22.5112260" lon="88.3460170">
    <ele>10.2</ele>
    <time>2025-11-16T15:02:55Z</time>
   </trkpt>
   <trkpt lat="22.5112020" lon="88.3460190">
    <ele>10.2</ele>
    <time>2025-11-16T15:02:56Z</time>
   </trkpt>
   <trkpt lat="22.5111780" lon="88.3460200">
    <ele>10.2</ele>
    <time>2025-11-16T15:02:57Z</time>
   </trkpt>
   <trkpt lat="22.5111540" lon="88.3460210">
    <ele>10.2</ele>
    <time>2025-11-16T15:02:58Z</time>
   </trkpt>
   <trkpt lat="22.5111300" lon="88.3460220">
    <ele>10.2</ele>
    <time>2025-11-16T15:02:59Z</time>
   </trkpt>
   <trkpt lat="22.5111060" lon="88.3460240">
    <ele>10.2</ele>
    <time>2025-11-16T15:03:00Z</time>
   </trkpt>
   <trkpt lat="22.5110820" lon="88.3460250">
    <ele>10.2</ele>
    <time>2025-11-16T15:03:01Z</time>
   </trkpt>
   <trkpt lat="22.5110320" lon="88.3459850">
    <ele>10.2</ele>
    <time>2025-11-16T15:03:02Z</time>
   </trkpt>
   <trkpt lat="22.5109810" lon="88.3459450">
    <ele>10.2</ele>
    <time>2025-11-16T15:03:03Z</time>
   </trkpt>
   <trkpt lat="22.5109310" lon="88.3459050">
    <ele>10.2</ele>
    <time>2025-11-16T15:03:04Z</time>
   </trkpt>
   <trkpt lat="22.5109580" lon="88.3459130">
    <ele>10.2</ele>
    <time>2025-11-16T15:03:05Z</time>
   </trkpt>
   <trkpt lat="22.5109680" lon="88.3459120">
    <ele>10.2</ele>
    <time>2025-11-16T15:03:06Z</time>
   </trkpt>
   <trkpt lat="22.5109770" lon="88.3459100">
    <ele>10.2</ele>
    <time>2025-11-16T15:03:07Z</time>
   </trkpt>
   <trkpt lat="22.5109870" lon="88.3459090">
    <ele>10.2</ele>
    <time>2025-11-16T15:03:08Z</time>
   </trkpt>
   <trkpt lat="22.5109960" lon="88.3459080">
    <ele>10.2</ele>
    <time>2025-11-16T15:03:09Z</time>
   </trkpt>
   <trkpt lat="22.5110060" lon="88.3459070">
    <ele>10.2</ele>
    <time>2025-11-16T15:03:10Z</time>
   </trkpt>
   <trkpt lat="22.5110150" lon="88.3459060">
    <ele>10.2</ele>
    <time>2025-11-16T15:03:11Z</time>
   </trkpt>
   <trkpt lat="22.5110250" lon="88.3459050">
    <ele>10.2</ele>
    <time>2025-11-16T15:03:12Z</time>
   </trkpt>
   <trkpt lat="22.5110340" lon="88.3459030">
    <ele>10.2</ele>
    <time>2025-11-16T15:03:13Z</time>
   </trkpt>
   <trkpt lat="22.5110440" lon="88.3459020">
    <ele>10.2</ele>
    <time>2025-11-16T15:03:14Z</time>
   </trkpt>
   <trkpt lat="22.5110530" lon="88.3459010">
    <ele>10.2</ele>
    <time>2025-11-16T15:03:15Z</time>
   </trkpt>
   <trkpt lat="22.5110630" lon="88.3459000">
    <ele>10.2</ele>
    <time>2025-11-16T15:03:16Z</time>
   </trkpt>
   <trkpt lat="22.5110720" lon="88.3458990">
    <ele>10.2</ele>
    <time>2025-11-16T15:03:17Z</time>
   </trkpt>
   <trkpt lat="22.5110820" lon="88.3458980">
    <ele>10.2</ele>
    <time>2025-11-16T15:03:18Z</time>
   </trkpt>
   <trkpt lat="22.5110910" lon="88.3458960">
    <ele>10.2</ele>
    <time>2025-11-16T15:03:19Z</time>
   </trkpt>
   <trkpt lat="22.5111010" lon="88.3458950">
    <ele>10.2</ele>
    <time>2025-11-16T15:03:20Z</time>
   </trkpt>
   <trkpt lat="22.5111100" lon="88.3458940">
    <ele>10.2</ele>
    <time>2025-11-16T15:03:21Z</time>
   </trkpt>
   <trkpt lat="22.5111290" lon="88.3459170">
    <ele>10.2</ele>
    <time>2025-11-16T15:03:22Z</time>
   </trkpt>
   <trkpt lat="22.5111300" lon="88.3459250">
    <ele>10.2</ele>
    <time>2025-11-16T15:03:23Z</time>
   </trkpt>
   <trkpt lat="22.5111300" lon="88.3459340">
    <ele>10.2</ele>
    <time>2025-11-16T15:03:24Z</time>
   </trkpt>
   <trkpt lat="22.5111300" lon="88.3459420">
    <ele>10.2</ele>
    <time>2025-11-16T15:03:25Z</time>
   </trkpt>
   <trkpt lat="22.5111310" lon="88.3459500">
    <ele>10.2</ele>
    <time>2025-11-16T15:03:26Z</time>
   </trkpt>
   <trkpt lat="22.5111310" lon="88.3459580">
    <ele>10.2</ele>
    <time>2025-11-16T15:03:27Z</time>
   </trkpt>
   <trkpt lat="22.5111310" lon="88.3459670">
    <ele>10.2</ele>
    <time>2025-11-16T15:03:28Z</time>
   </trkpt>
   <trkpt lat="22.5111320" lon="88.3459750">
    <ele>10.2</ele>
    <time>2025-11-16T15:03:29Z</time>
   </trkpt>
   <trkpt lat="22.5111320" lon="88.3459830">
    <ele>10.2</ele>
    <time>2025-11-16T15:03:30Z</time>
   </trkpt>
   <trkpt lat="22.5111090" lon="88.3459720">
    <ele>10.2</ele>
    <time>2025-11-16T15:03:31Z</time>
   </trkpt>
   <trkpt lat="22.5110920" lon="88.3459570">
    <ele>10.2</ele>
    <time>2025-11-16T15:03:32Z</time>
   </trkpt>
   <trkpt lat="22.5111040" lon="88.3459560">
    <ele>10.2</ele>
    <time>2025-11-16T15:03:33Z</time>
   </trkpt>
   <trkpt lat="22.5111400" lon="88.3459650">
    <ele>10.2</ele>
    <time>2025-11-16T15:03:35Z</time>
   </trkpt>
   <trkpt lat="22.5111560" lon="88.3459390">
    <ele>10.2</ele>
    <time>2025-11-16T15:03:36Z</time>
   </trkpt>
   <trkpt lat="22.5111790" lon="88.3459560">
    <ele>10.2</ele>
    <time>2025-11-16T15:03:37Z</time>
   </trkpt>
   <trkpt lat="22.5112020" lon="88.3459300">
    <ele>10.2</ele>
    <time>2025-11-16T15:03:38Z</time>
   </trkpt>
   <trkpt lat="22.5112140" lon="88.3459300">
    <ele>10.2</ele>
    <time>2025-11-16T15:03:39Z</time>
   </trkpt>
   <trkpt lat="22.5112210" lon="88.3459550">
    <ele>10.2</ele>
    <time>2025-11-16T15:03:40Z</time>
   </trkpt>
   <trkpt lat="22.5112260" lon="88.3459760">
    <ele>10.2</ele>
    <time>2025-11-16T15:03:41Z</time>
   </trkpt>
   <trkpt lat="22.5112380" lon="88.3459820">
    <ele>10.2</ele>
    <time>2025-11-16T15:03:42Z</time>
   </trkpt>
   <trkpt lat="22.5112490" lon="88.3459900">
    <ele>10.2</ele>
    <time>2025-11-16T15:03:43Z</time>
   </trkpt>
   <trkpt lat="22.5112650" lon="88.3459830">
    <ele>10.2</ele>
    <time>2025-11-16T15:03:44Z</time>
   </trkpt>
   <trkpt lat="22.5112730" lon="88.3459810">
    <ele>10.2</ele>
    <time>2025-11-16T15:03:45Z</time>
   </trkpt>
   <trkpt lat="22.5112960" lon="88.3459860">
    <ele>10.2</ele>
    <time>2025-11-16T15:03:46Z</time>
   </trkpt>
   <trkpt lat="22.5113050" lon="88.3459870">
    <ele>10.2</ele>
    <time>2025-11-16T15:03:47Z</time>
   </trkpt>
   <trkpt lat="22.5113140" lon="88.3459880">
    <ele>10.2</ele>
    <time>2025-11-16T15:03:48Z</time>
   </trkpt>
   <trkpt lat="22.5113230" lon="88.3459870">
    <ele>10.2</ele>
    <time>2025-11-16T15:03:49Z</time>
   </trkpt>
   <trkpt lat="22.5113320" lon="88.3459900">
    <ele>10.2</ele>
    <time>2025-11-16T15:03:50Z</time>
   </trkpt>
   <trkpt lat="22.5113440" lon="88.3459960">
    <ele>10.2</ele>
    <time>2025-11-16T15:03:51Z</time>
   </trkpt>
   <trkpt lat="22.5113590" lon="88.3459970">
    <ele>10.1</ele>
    <time>2025-11-16T15:03:52Z</time>
   </trkpt>
   <trkpt lat="22.5113790" lon="88.3460000">
    <ele>10.1</ele>
    <time>2025-11-16T15:03:53Z</time>
   </trkpt>
   <trkpt lat="22.5113950" lon="88.3460070">
    <ele>10.1</ele>
    <time>2025-11-16T15:03:54Z</time>
   </trkpt>
   <trkpt lat="22.5114020" lon="88.3460100">
    <ele>10.1</ele>
    <time>2025-11-16T15:03:55Z</time>
   </trkpt>
   <trkpt lat="22.5114090" lon="88.3460130">
    <ele>10.1</ele>
    <time>2025-11-16T15:03:56Z</time>
   </trkpt>
   <trkpt lat="22.5114160" lon="88.3460160">
    <ele>10.1</ele>
    <time>2025-11-16T15:03:57Z</time>
   </trkpt>
   <trkpt lat="22.5114300" lon="88.3460140">
    <ele>10.1</ele>
    <time>2025-11-16T15:03:58Z</time>
   </trkpt>
   <trkpt lat="22.5114490" lon="88.3460190">
    <ele>10.1</ele>
    <time>2025-11-16T15:03:59Z</time>
   </trkpt>
   <trkpt lat="22.5114690" lon="88.3460290">
    <ele>10.1</ele>
    <time>2025-11-16T15:04:00Z</time>
   </trkpt>
   <trkpt lat="22.5114750" lon="88.3460350">
    <ele>10.1</ele>
    <time>2025-11-16T15:04:01Z</time>
   </trkpt>
   <trkpt lat="22.5114820" lon="88.3460410">
    <ele>10.1</ele>
    <time>2025-11-16T15:04:02Z</time>
   </trkpt>
   <trkpt lat="22.5114960" lon="88.3460460">
    <ele>10.1</ele>
    <time>2025-11-16T15:04:03Z</time>
   </trkpt>
   <trkpt lat="22.5115010" lon="88.3460510">
    <ele>10.1</ele>
    <time>2025-11-16T15:04:04Z</time>
   </trkpt>
   <trkpt lat="22.5115010" lon="88.3460490">
    <ele>10.1</ele>
    <time>2025-11-16T15:04:05Z</time>
   </trkpt>
   <trkpt lat="22.5115070" lon="88.3460540">
    <ele>10.1</ele>
    <time>2025-11-16T15:04:06Z</time>
   </trkpt>
   <trkpt lat="22.5115270" lon="88.3460620">
    <ele>10.1</ele>
    <time>2025-11-16T15:04:07Z</time>
   </trkpt>
   <trkpt lat="22.5115400" lon="88.3460610">
    <ele>10.1</ele>
    <time>2025-11-16T15:04:08Z</time>
   </trkpt>
   <trkpt lat="22.5115550" lon="88.3460490">
    <ele>10.1</ele>
    <time>2025-11-16T15:04:09Z</time>
   </trkpt>
   <trkpt lat="22.5115620" lon="88.3460400">
    <ele>10.1</ele>
    <time>2025-11-16T15:04:10Z</time>
   </trkpt>
   <trkpt lat="22.5115690" lon="88.3460320">
    <ele>10.1</ele>
    <time>2025-11-16T15:04:11Z</time>
   </trkpt>
   <trkpt lat="22.5115980" lon="88.3460290">
    <ele>10.1</ele>
    <time>2025-11-16T15:04:12Z</time>
   </trkpt>
   <trkpt lat="22.5116100" lon="88.3460280">
    <ele>10.1</ele>
    <time>2025-11-16T15:04:13Z</time>
   </trkpt>
   <trkpt lat="22.5116250" lon="88.3460280">
    <ele>10.1</ele>
    <time>2025-11-16T15:04:14Z</time>
   </trkpt>
   <trkpt lat="22.5116270" lon="88.3460250">
    <ele>10.1</ele>
    <time>2025-11-16T15:04:15Z</time>
   </trkpt>
   <trkpt lat="22.5116160" lon="88.3460330">
    <ele>10.1</ele>
    <time>2025-11-16T15:04:16Z</time>
   </trkpt>
   <trkpt lat="22.5116230" lon="88.3460340">
    <ele>10.1</ele>
    <time>2025-11-16T15:04:17Z</time>
   </trkpt>
   <trkpt lat="22.5116250" lon="88.3460290">
    <ele>10.1</ele>
    <time>2025-11-16T15:04:18Z</time>
   </trkpt>
   <trkpt lat="22.5116300" lon="88.3460280">
    <ele>10.1</ele>
    <time>2025-11-16T15:04:19Z</time>
   </trkpt>
   <trkpt lat="22.5116320" lon="88.3460350">
    <ele>10.1</ele>
    <time>2025-11-16T15:04:20Z</time>
   </trkpt>
   <trkpt lat="22.5116380" lon="88.3460370">
    <ele>10.1</ele>
    <time>2025-11-16T15:04:21Z</time>
   </trkpt>
   <trkpt lat="22.5116340" lon="88.3460350">
    <ele>10.1</ele>
    <time>2025-11-16T15:04:22Z</time>
   </trkpt>
   <trkpt lat="22.5116300" lon="88.3460240">
    <ele>10.1</ele>
    <time>2025-11-16T15:04:23Z</time>
   </trkpt>
   <trkpt lat="22.5116330" lon="88.3460290">
    <ele>10.1</ele>
    <time>2025-11-16T15:04:24Z</time>
   </trkpt>
   <trkpt lat="22.5116330" lon="88.3460320">
    <ele>10.1</ele>
    <time>2025-11-16T15:04:25Z</time>
   </trkpt>
   <trkpt lat="22.5116330" lon="88.3460300">
    <ele>10.1</ele>
    <time>2025-11-16T15:04:26Z</time>
   </trkpt>
   <trkpt lat="22.5116350" lon="88.3460380">
    <ele>10.1</ele>
    <time>2025-11-16T15:04:27Z</time>
   </trkpt>
   <trkpt lat="22.5116350" lon="88.3460300">
    <ele>10.1</ele>
    <time>2025-11-16T15:04:28Z</time>
   </trkpt>
   <trkpt lat="22.5116300" lon="88.3460340">
    <ele>10.1</ele>
    <time>2025-11-16T15:04:29Z</time>
   </trkpt>
   <trkpt lat="22.5116330" lon="88.3460300">
    <ele>10.1</ele>
    <time>2025-11-16T15:04:30Z</time>
   </trkpt>
   <trkpt lat="22.5116360" lon="88.3460230">
    <ele>10.1</ele>
    <time>2025-11-16T15:04:31Z</time>
   </trkpt>
   <trkpt lat="22.5116360" lon="88.3460220">
    <ele>10.1</ele>
    <time>2025-11-16T15:04:32Z</time>
   </trkpt>
   <trkpt lat="22.5116380" lon="88.3460330">
    <ele>10.1</ele>
    <time>2025-11-16T15:04:33Z</time>
   </trkpt>
   <trkpt lat="22.5116440" lon="88.3460310">
    <ele>10.1</ele>
    <time>2025-11-16T15:04:34Z</time>
   </trkpt>
   <trkpt lat="22.5116380" lon="88.3460260">
    <ele>10.1</ele>
    <time>2025-11-16T15:04:35Z</time>
   </trkpt>
   <trkpt lat="22.5116420" lon="88.3460170">
    <ele>10.1</ele>
    <time>2025-11-16T15:04:36Z</time>
   </trkpt>
   <trkpt lat="22.5116420" lon="88.3460170">
    <ele>10.1</ele>
    <time>2025-11-16T15:04:37Z</time>
   </trkpt>
   <trkpt lat="22.5116330" lon="88.3460120">
    <ele>10.2</ele>
    <time>2025-11-16T15:04:38Z</time>
   </trkpt>
   <trkpt lat="22.5116350" lon="88.3460140">
    <ele>10.2</ele>
    <time>2025-11-16T15:04:39Z</time>
   </trkpt>
   <trkpt lat="22.5116480" lon="88.3460110">
    <ele>10.2</ele>
    <time>2025-11-16T15:04:40Z</time>
   </trkpt>
   <trkpt lat="22.5116600" lon="88.3460120">
    <ele>10.2</ele>
    <time>2025-11-16T15:04:41Z</time>
   </trkpt>
   <trkpt lat="22.5116680" lon="88.3460090">
    <ele>10.2</ele>
    <time>2025-11-16T15:04:42Z</time>
   </trkpt>
   <trkpt lat="22.5116720" lon="88.3460090">
    <ele>10.2</ele>
    <time>2025-11-16T15:04:43Z</time>
   </trkpt>
   <trkpt lat="22.5116620" lon="88.3460200">
    <ele>10.2</ele>
    <time>2025-11-16T15:04:44Z</time>
   </trkpt>
   <trkpt lat="22.5116800" lon="88.3460230">
    <ele>10.2</ele>
    <time>2025-11-16T15:04:45Z</time>
   </trkpt>
   <trkpt lat="22.5116950" lon="88.3460230">
    <ele>10.2</ele>
    <time>2025-11-16T15:04:46Z</time>
   </trkpt>
   <trkpt lat="22.5117080" lon="88.3460260">
    <ele>10.2</ele>
    <time>2025-11-16T15:04:47Z</time>
   </trkpt>
   <trkpt lat="22.5117250" lon="88.3460310">
    <ele>10.2</ele>
    <time>2025-11-16T15:04:48Z</time>
   </trkpt>
   <trkpt lat="22.5117360" lon="88.3460360">
    <ele>10.2</ele>
    <time>2025-11-16T15:04:49Z</time>
   </trkpt>
   <trkpt lat="22.5117520" lon="88.3460390">
    <ele>10.2</ele>
    <time>2025-11-16T15:04:50Z</time>
   </trkpt>
   <trkpt lat="22.5117740" lon="88.3460350">
    <ele>10.2</ele>
    <time>2025-11-16T15:04:51Z</time>
   </trkpt>
   <trkpt lat="22.5117840" lon="88.3460350">
    <ele>10.2</ele>
    <time>2025-11-16T15:04:52Z</time>
   </trkpt>
   <trkpt lat="22.5117940" lon="88.3460340">
    <ele>10.2</ele>
    <time>2025-11-16T15:04:53Z</time>
   </trkpt>
   <trkpt lat="22.5118110" lon="88.3460310">
    <ele>10.2</ele>
    <time>2025-11-16T15:04:54Z</time>
   </trkpt>
   <trkpt lat="22.5118300" lon="88.3460300">
    <ele>10.2</ele>
    <time>2025-11-16T15:04:55Z</time>
   </trkpt>
   <trkpt lat="22.5118410" lon="88.3460320">
    <ele>10.2</ele>
    <time>2025-11-16T15:04:56Z</time>
   </trkpt>
   <trkpt lat="22.5118480" lon="88.3460320">
    <ele>10.2</ele>
    <time>2025-11-16T15:04:57Z</time>
   </trkpt>
   <trkpt lat="22.5118540" lon="88.3460320">
    <ele>10.2</ele>
    <time>2025-11-16T15:04:58Z</time>
   </trkpt>
   <trkpt lat="22.5118610" lon="88.3460320">
    <ele>10.2</ele>
    <time>2025-11-16T15:04:59Z</time>
   </trkpt>
   <trkpt lat="22.5118680" lon="88.3460320">
    <ele>10.2</ele>
    <time>2025-11-16T15:05:00Z</time>
   </trkpt>
   <trkpt lat="22.5118720" lon="88.3460280">
    <ele>10.2</ele>
    <time>2025-11-16T15:05:01Z</time>
   </trkpt>
   <trkpt lat="22.5118790" lon="88.3460220">
    <ele>10.2</ele>
    <time>2025-11-16T15:05:02Z</time>
   </trkpt>
   <trkpt lat="22.5118920" lon="88.3460140">
    <ele>10.2</ele>
    <time>2025-11-16T15:05:03Z</time>
   </trkpt>
   <trkpt lat="22.5119110" lon="88.3459970">
    <ele>10.2</ele>
    <time>2025-11-16T15:05:04Z</time>
   </trkpt>
   <trkpt lat="22.5119200" lon="88.3459880">
    <ele>10.2</ele>
    <time>2025-11-16T15:05:05Z</time>
   </trkpt>
   <trkpt lat="22.5119470" lon="88.3459920">
    <ele>10.2</ele>
    <time>2025-11-16T15:05:06Z</time>
   </trkpt>
   <trkpt lat="22.5119570" lon="88.3459880">
    <ele>10.2</ele>
    <time>2025-11-16T15:05:07Z</time>
   </trkpt>
   <trkpt lat="22.5119770" lon="88.3459990">
    <ele>10.2</ele>
    <time>2025-11-16T15:05:08Z</time>
   </trkpt>
   <trkpt lat="22.5119980" lon="88.3460250">
    <ele>10.2</ele>
    <time>2025-11-16T15:05:09Z</time>
   </trkpt>
   <trkpt lat="22.5120040" lon="88.3460360">
    <ele>10.2</ele>
    <time>2025-11-16T15:05:10Z</time>
   </trkpt>
   <trkpt lat="22.5120170" lon="88.3460370">
    <ele>10.2</ele>
    <time>2025-11-16T15:05:11Z</time>
   </trkpt>
   <trkpt lat="22.5120320" lon="88.3460360">
    <ele>10.2</ele>
    <time>2025-11-16T15:05:12Z</time>
   </trkpt>
   <trkpt lat="22.5120570" lon="88.3460350">
    <ele>10.2</ele>
    <time>2025-11-16T15:05:13Z</time>
   </trkpt>
   <trkpt lat="22.5120630" lon="88.3460330">
    <ele>10.2</ele>
    <time>2025-11-16T15:05:14Z</time>
   </trkpt>
   <trkpt lat="22.5120700" lon="88.3460310">
    <ele>10.2</ele>
    <time>2025-11-16T15:05:15Z</time>
   </trkpt>
   <trkpt lat="22.5120920" lon="88.3460260">
    <ele>10.2</ele>
    <time>2025-11-16T15:05:16Z</time>
   </trkpt>
   <trkpt lat="22.5121020" lon="88.3460240">
    <ele>10.2</ele>
    <time>2025-11-16T15:05:17Z</time>
   </trkpt>
   <trkpt lat="22.5121110" lon="88.3460220">
    <ele>10.2</ele>
    <time>2025-11-16T15:05:18Z</time>
   </trkpt>
   <trkpt lat="22.5121280" lon="88.3460190">
    <ele>10.2</ele>
    <time>2025-11-16T15:05:19Z</time>
   </trkpt>
   <trkpt lat="22.5121320" lon="88.3460350">
    <ele>10.2</ele>
    <time>2025-11-16T15:05:20Z</time>
   </trkpt>
   <trkpt lat="22.5121460" lon="88.3460330">
    <ele>10.2</ele>
    <time>2025-11-16T15:05:21Z</time>
   </trkpt>
   <trkpt lat="22.5121660" lon="88.3460350">
    <ele>10.2</ele>
    <time>2025-11-16T15:05:22Z</time>
   </trkpt>
   <trkpt lat="22.5121750" lon="88.3460330">
    <ele>10.2</ele>
    <time>2025-11-16T15:05:23Z</time>
   </trkpt>
   <trkpt lat="22.5121830" lon="88.3460310">
    <ele>10.2</ele>
    <time>2025-11-16T15:05:24Z</time>
   </trkpt>
   <trkpt lat="22.5121910" lon="88.3460320">
    <ele>10.2</ele>
    <time>2025-11-16T15:05:25Z</time>
   </trkpt>
   <trkpt lat="22.5121950" lon="88.3460360">
    <ele>10.2</ele>
    <time>2025-11-16T15:05:26Z</time>
   </trkpt>
   <trkpt lat="22.5121960" lon="88.3460300">
    <ele>10.2</ele>
    <time>2025-11-16T15:05:27Z</time>
   </trkpt>
   <trkpt lat="22.5122130" lon="88.3460210">
    <ele>10.2</ele>
    <time>2025-11-16T15:05:28Z</time>
   </trkpt>
   <trkpt lat="22.5122310" lon="88.3460170">
    <ele>10.2</ele>
    <time>2025-11-16T15:05:29Z</time>
   </trkpt>
   <trkpt lat="22.5122470" lon="88.3460180">
    <ele>10.2</ele>
    <time>2025-11-16T15:05:30Z</time>
   </trkpt>
   <trkpt lat="22.5122550" lon="88.3460230">
    <ele>10.2</ele>
    <time>2025-11-16T15:05:31Z</time>
   </trkpt>
   <trkpt lat="22.5122560" lon="88.3460320">
    <ele>10.2</ele>
    <time>2025-11-16T15:05:32Z</time>
   </trkpt>
   <trkpt lat="22.5122510" lon="88.3460400">
    <ele>10.2</ele>
    <time>2025-11-16T15:05:33Z</time>
   </trkpt>
   <trkpt lat="22.5122490" lon="88.3460500">
    <ele>10.2</ele>
    <time>2025-11-16T15:05:34Z</time>
   </trkpt>
   <trkpt lat="22.5122480" lon="88.3460530">
    <ele>10.2</ele>
    <time>2025-11-16T15:05:35Z</time>
   </trkpt>
   <trkpt lat="22.5122480" lon="88.3460530">
    <ele>10.2</ele>
    <time>2025-11-16T15:05:36Z</time>
   </trkpt>
   <trkpt lat="22.5122490" lon="88.3460520">
    <ele>10.2</ele>
    <time>2025-11-16T15:05:37Z</time>
   </trkpt>
   <trkpt lat="22.5122650" lon="88.3460580">
    <ele>10.2</ele>
    <time>2025-11-16T15:05:38Z</time>
   </trkpt>
   <trkpt lat="22.5122710" lon="88.3460600">
    <ele>10.2</ele>
    <time>2025-11-16T15:05:39Z</time>
   </trkpt>
   <trkpt lat="22.5122690" lon="88.3460560">
    <ele>10.2</ele>
    <time>2025-11-16T15:05:41Z</time>
   </trkpt>
   <trkpt lat="22.5122680" lon="88.3460540">
    <ele>10.2</ele>
    <time>2025-11-16T15:05:42Z</time>
   </trkpt>
   <trkpt lat="22.5122840" lon="88.3460450">
    <ele>10.2</ele>
    <time>2025-11-16T15:05:43Z</time>
   </trkpt>
   <trkpt lat="22.5122950" lon="88.3460350">
    <ele>10.2</ele>
    <time>2025-11-16T15:05:44Z</time>
   </trkpt>
   <trkpt lat="22.5123020" lon="88.3460240">
    <ele>10.2</ele>
    <time>2025-11-16T15:05:45Z</time>
   </trkpt>
   <trkpt lat="22.5123230" lon="88.3460070">
    <ele>10.2</ele>
    <time>2025-11-16T15:05:46Z</time>
   </trkpt>
   <trkpt lat="22.5123330" lon="88.3460010">
    <ele>10.2</ele>
    <time>2025-11-16T15:05:47Z</time>
   </trkpt>
   <trkpt lat="22.5123480" lon="88.3459980">
    <ele>10.2</ele>
    <time>2025-11-16T15:05:48Z</time>
   </trkpt>
   <trkpt lat="22.5123620" lon="88.3460000">
    <ele>10.2</ele>
    <time>2025-11-16T15:05:49Z</time>
   </trkpt>
   <trkpt lat="22.5123840" lon="88.3459990">
    <ele>10.2</ele>
    <time>2025-11-16T15:05:50Z</time>
   </trkpt>
   <trkpt lat="22.5123920" lon="88.3460010">
    <ele>10.2</ele>
    <time>2025-11-16T15:05:51Z</time>
   </trkpt>
   <trkpt lat="22.5124010" lon="88.3460020">
    <ele>10.2</ele>
    <time>2025-11-16T15:05:52Z</time>
   </trkpt>
   <trkpt lat="22.5124110" lon="88.3460050">
    <ele>10.2</ele>
    <time>2025-11-16T15:05:53Z</time>
   </trkpt>
   <trkpt lat="22.5124260" lon="88.3460010">
    <ele>10.2</ele>
    <time>2025-11-16T15:05:54Z</time>
   </trkpt>
   <trkpt lat="22.5124360" lon="88.3459930">
    <ele>10.2</ele>
    <time>2025-11-16T15:05:55Z</time>
   </trkpt>
   <trkpt lat="22.5124430" lon="88.3459890">
    <ele>10.2</ele>
    <time>2025-11-16T15:05:56Z</time>
   </trkpt>
   <trkpt lat="22.5124570" lon="88.3459840">
    <ele>10.2</ele>
    <time>2025-11-16T15:05:57Z</time>
   </trkpt>
   <trkpt lat="22.5124710" lon="88.3459830">
    <ele>10.2</ele>
    <time>2025-11-16T15:05:58Z</time>
   </trkpt>
   <trkpt lat="22.5124840" lon="88.3459780">
    <ele>10.2</ele>
    <time>2025-11-16T15:05:59Z</time>
   </trkpt>
   <trkpt lat="22.5124970" lon="88.3459750">
    <ele>10.2</ele>
    <time>2025-11-16T15:06:00Z</time>
   </trkpt>
   <trkpt lat="22.5125020" lon="88.3459730">
    <ele>10.2</ele>
    <time>2025-11-16T15:06:01Z</time>
   </trkpt>
   <trkpt lat="22.5125180" lon="88.3459700">
    <ele>10.2</ele>
    <time>2025-11-16T15:06:02Z</time>
   </trkpt>
   <trkpt lat="22.5125290" lon="88.3459710">
    <ele>10.2</ele>
    <time>2025-11-16T15:06:03Z</time>
   </trkpt>
   <trkpt lat="22.5125390" lon="88.3459710">
    <ele>10.2</ele>
    <time>2025-11-16T15:06:04Z</time>
   </trkpt>
   <trkpt lat="22.5125600" lon="88.3459690">
    <ele>10.2</ele>
    <time>2025-11-16T15:06:05Z</time>
   </trkpt>
   <trkpt lat="22.5125700" lon="88.3459680">
    <ele>10.2</ele>
    <time>2025-11-16T15:06:06Z</time>
   </trkpt>
   <trkpt lat="22.5125800" lon="88.3459680">
    <ele>10.2</ele>
    <time>2025-11-16T15:06:07Z</time>
   </trkpt>
   <trkpt lat="22.5125920" lon="88.3459700">
    <ele>10.2</ele>
    <time>2025-11-16T15:06:08Z</time>
   </trkpt>
   <trkpt lat="22.5126050" lon="88.3459710">
    <ele>10.2</ele>
    <time>2025-11-16T15:06:09Z</time>
   </trkpt>
   <trkpt lat="22.5126140" lon="88.3459750">
    <ele>10.2</ele>
    <time>2025-11-16T15:06:10Z</time>
   </trkpt>
   <trkpt lat="22.5126330" lon="88.3459830">
    <ele>10.2</ele>
    <time>2025-11-16T15:06:11Z</time>
   </trkpt>
   <trkpt lat="22.5126430" lon="88.3459820">
    <ele>10.2</ele>
    <time>2025-11-16T15:06:12Z</time>
   </trkpt>
   <trkpt lat="22.5126520" lon="88.3459810">
    <ele>10.2</ele>
    <time>2025-11-16T15:06:13Z</time>
   </trkpt>
   <trkpt lat="22.5126750" lon="88.3459800">
    <ele>10.2</ele>
    <time>2025-11-16T15:06:14Z</time>
   </trkpt>
   <trkpt lat="22.5126860" lon="88.3459800">
    <ele>10.2</ele>
    <time>2025-11-16T15:06:15Z</time>
   </trkpt>
   <trkpt lat="22.5126960" lon="88.3459810">
    <ele>10.2</ele>
    <time>2025-11-16T15:06:16Z</time>
   </trkpt>
   <trkpt lat="22.5127180" lon="88.3459830">
    <ele>10.2</ele>
    <time>2025-11-16T15:06:17Z</time>
   </trkpt>
   <trkpt lat="22.5127250" lon="88.3459830">
    <ele>10.2</ele>
    <time>2025-11-16T15:06:18Z</time>
   </trkpt>
   <trkpt lat="22.5127330" lon="88.3459820">
    <ele>10.2</ele>
    <time>2025-11-16T15:06:19Z</time>
   </trkpt>
   <trkpt lat="22.5127540" lon="88.3459850">
    <ele>10.2</ele>
    <time>2025-11-16T15:06:20Z</time>
   </trkpt>
   <trkpt lat="22.5127640" lon="88.3459860">
    <ele>10.2</ele>
    <time>2025-11-16T15:06:21Z</time>
   </trkpt>
   <trkpt lat="22.5127730" lon="88.3459870">
    <ele>10.2</ele>
    <time>2025-11-16T15:06:22Z</time>
   </trkpt>
   <trkpt lat="22.5127880" lon="88.3459880">
    <ele>10.2</ele>
    <time>2025-11-16T15:06:23Z</time>
   </trkpt>
   <trkpt lat="22.5128030" lon="88.3459900">
    <ele>10.2</ele>
    <time>2025-11-16T15:06:24Z</time>
   </trkpt>
   <trkpt lat="22.5128130" lon="88.3459920">
    <ele>10.2</ele>
    <time>2025-11-16T15:06:25Z</time>
   </trkpt>
   <trkpt lat="22.5128250" lon="88.3459940">
    <ele>10.2</ele>
    <time>2025-11-16T15:06:26Z</time>
   </trkpt>
   <trkpt lat="22.5128370" lon="88.3459940">
    <ele>10.2</ele>
    <time>2025-11-16T15:06:27Z</time>
   </trkpt>
   <trkpt lat="22.5128520" lon="88.3459890">
    <ele>10.2</ele>
    <time>2025-11-16T15:06:28Z</time>
   </trkpt>
   <trkpt lat="22.5128670" lon="88.3459860">
    <ele>10.2</ele>
    <time>2025-11-16T15:06:29Z</time>
   </trkpt>
   <trkpt lat="22.5128890" lon="88.3459870">
    <ele>10.2</ele>
    <time>2025-11-16T15:06:30Z</time>
   </trkpt>
   <trkpt lat="22.5128960" lon="88.3459880">
    <ele>10.2</ele>
    <time>2025-11-16T15:06:31Z</time>
   </trkpt>
   <trkpt lat="22.5129040" lon="88.3459890">
    <ele>10.2</ele>
    <time>2025-11-16T15:06:32Z</time>
   </trkpt>
   <trkpt lat="22.5129270" lon="88.3459890">
    <ele>10.2</ele>
    <time>2025-11-16T15:06:33Z</time>
   </trkpt>
   <trkpt lat="22.5129340" lon="88.3459900">
    <ele>10.2</ele>
    <time>2025-11-16T15:06:34Z</time>
   </trkpt>
   <trkpt lat="22.5129420" lon="88.3459900">
    <ele>10.2</ele>
    <time>2025-11-16T15:06:35Z</time>
   </trkpt>
   <trkpt lat="22.5129590" lon="88.3459900">
    <ele>10.2</ele>
    <time>2025-11-16T15:06:36Z</time>
   </trkpt>
   <trkpt lat="22.5129710" lon="88.3460000">
    <ele>10.2</ele>
    <time>2025-11-16T15:06:37Z</time>
   </trkpt>
   <trkpt lat="22.5129850" lon="88.3460010">
    <ele>10.2</ele>
    <time>2025-11-16T15:06:38Z</time>
   </trkpt>
   <trkpt lat="22.5129960" lon="88.3459960">
    <ele>10.2</ele>
    <time>2025-11-16T15:06:39Z</time>
   </trkpt>
   <trkpt lat="22.5130060" lon="88.3460030">
    <ele>10.2</ele>
    <time>2025-11-16T15:06:40Z</time>
   </trkpt>
   <trkpt lat="22.5130180" lon="88.3460070">
    <ele>10.1</ele>
    <time>2025-11-16T15:06:41Z</time>
   </trkpt>
   <trkpt lat="22.5130330" lon="88.3460140">
    <ele>10.1</ele>
    <time>2025-11-16T15:06:42Z</time>
   </trkpt>
   <trkpt lat="22.5130470" lon="88.3460110">
    <ele>10.1</ele>
    <time>2025-11-16T15:06:43Z</time>
   </trkpt>
   <trkpt lat="22.5130610" lon="88.3460030">
    <ele>10.1</ele>
    <time>2025-11-16T15:06:44Z</time>
   </trkpt>
   <trkpt lat="22.5130750" lon="88.3459980">
    <ele>10.1</ele>
    <time>2025-11-16T15:06:45Z</time>
   </trkpt>
   <trkpt lat="22.5130850" lon="88.3459940">
    <ele>10.1</ele>
    <time>2025-11-16T15:06:46Z</time>
   </trkpt>
   <trkpt lat="22.5130950" lon="88.3459950">
    <ele>10.1</ele>
    <time>2025-11-16T15:06:47Z</time>
   </trkpt>
   <trkpt lat="22.5131060" lon="88.3459920">
    <ele>10.1</ele>
    <time>2025-11-16T15:06:48Z</time>
   </trkpt>
   <trkpt lat="22.5131180" lon="88.3459800">
    <ele>10.1</ele>
    <time>2025-11-16T15:06:49Z</time>
   </trkpt>
   <trkpt lat="22.5131290" lon="88.3459800">
    <ele>10.1</ele>
    <time>2025-11-16T15:06:50Z</time>
   </trkpt>
   <trkpt lat="22.5131420" lon="88.3459850">
    <ele>10.1</ele>
    <time>2025-11-16T15:06:51Z</time>
   </trkpt>
   <trkpt lat="22.5131560" lon="88.3459910">
    <ele>10.1</ele>
    <time>2025-11-16T15:06:52Z</time>
   </trkpt>
   <trkpt lat="22.5131730" lon="88.3459930">
    <ele>10.1</ele>
    <time>2025-11-16T15:06:53Z</time>
   </trkpt>
   <trkpt lat="22.5131830" lon="88.3460010">
    <ele>10.1</ele>
    <time>2025-11-16T15:06:54Z</time>
   </trkpt>
   <trkpt lat="22.5131930" lon="88.3460100">
    <ele>10.1</ele>
    <time>2025-11-16T15:06:55Z</time>
   </trkpt>
   <trkpt lat="22.5132010" lon="88.3460100">
    <ele>10.1</ele>
    <time>2025-11-16T15:06:56Z</time>
   </trkpt>
   <trkpt lat="22.5132050" lon="88.3460070">
    <ele>10.1</ele>
    <time>2025-11-16T15:06:57Z</time>
   </trkpt>
   <trkpt lat="22.5132210" lon="88.3460040">
    <ele>10.1</ele>
    <time>2025-11-16T15:06:58Z</time>
   </trkpt>
   <trkpt lat="22.5132380" lon="88.3460020">
    <ele>10.1</ele>
    <time>2025-11-16T15:06:59Z</time>
   </trkpt>
   <trkpt lat="22.5132480" lon="88.3459980">
    <ele>10.1</ele>
    <time>2025-11-16T15:07:00Z</time>
   </trkpt>
   <trkpt lat="22.5132580" lon="88.3459950">
    <ele>10.1</ele>
    <time>2025-11-16T15:07:01Z</time>
   </trkpt>
   <trkpt lat="22.5132670" lon="88.3459990">
    <ele>10.1</ele>
    <time>2025-11-16T15:07:02Z</time>
   </trkpt>
   <trkpt lat="22.5132770" lon="88.3460020">
    <ele>10.1</ele>
    <time>2025-11-16T15:07:03Z</time>
   </trkpt>
   <trkpt lat="22.5132840" lon="88.3459980">
    <ele>10.1</ele>
    <time>2025-11-16T15:07:04Z</time>
   </trkpt>
   <trkpt lat="22.5132940" lon="88.3459990">
    <ele>10.1</ele>
    <time>2025-11-16T15:07:05Z</time>
   </trkpt>
   <trkpt lat="22.5133230" lon="88.3460070">
    <ele>10.1</ele>
    <time>2025-11-16T15:07:06Z</time>
   </trkpt>
   <trkpt lat="22.5133360" lon="88.3460120">
    <ele>10.1</ele>
    <time>2025-11-16T15:07:07Z</time>
   </trkpt>
   <trkpt lat="22.5133500" lon="88.3460160">
    <ele>10.1</ele>
    <time>2025-11-16T15:07:08Z</time>
   </trkpt>
   <trkpt lat="22.5133670" lon="88.3460250">
    <ele>10.0</ele>
    <time>2025-11-16T15:07:09Z</time>
   </trkpt>
   <trkpt lat="22.5133760" lon="88.3460250">
    <ele>10.0</ele>
    <time>2025-11-16T15:07:10Z</time>
   </trkpt>
   <trkpt lat="22.5133870" lon="88.3460270">
    <ele>10.0</ele>
    <time>2025-11-16T15:07:11Z</time>
   </trkpt>
   <trkpt lat="22.5134020" lon="88.3460300">
    <ele>10.0</ele>
    <time>2025-11-16T15:07:12Z</time>
   </trkpt>
   <trkpt lat="22.5134230" lon="88.3460260">
    <ele>10.0</ele>
    <time>2025-11-16T15:07:13Z</time>
   </trkpt>
   <trkpt lat="22.5134310" lon="88.3460230">
    <ele>10.0</ele>
    <time>2025-11-16T15:07:14Z</time>
   </trkpt>
   <trkpt lat="22.5134380" lon="88.3460210">
    <ele>10.0</ele>
    <time>2025-11-16T15:07:15Z</time>
   </trkpt>
   <trkpt lat="22.5134500" lon="88.3460210">
    <ele>10.0</ele>
    <time>2025-11-16T15:07:16Z</time>
   </trkpt>
   <trkpt lat="22.5134590" lon="88.3460210">
    <ele>10.0</ele>
    <time>2025-11-16T15:07:17Z</time>
   </trkpt>
   <trkpt lat="22.5134710" lon="88.3460180">
    <ele>10.0</ele>
    <time>2025-11-16T15:07:18Z</time>
   </trkpt>
   <trkpt lat="22.5134800" lon="88.3460180">
    <ele>10.0</ele>
    <time>2025-11-16T15:07:19Z</time>
   </trkpt>
   <trkpt lat="22.5134940" lon="88.3460150">
    <ele>10.0</ele>
    <time>2025-11-16T15:07:20Z</time>
   </trkpt>
   <trkpt lat="22.5135030" lon="88.3460120">
    <ele>10.0</ele>
    <time>2025-11-16T15:07:21Z</time>
   </trkpt>
   <trkpt lat="22.5135150" lon="88.3460150">
    <ele>9.9</ele>
    <time>2025-11-16T15:07:22Z</time>
   </trkpt>
   <trkpt lat="22.5135320" lon="88.3460140">
    <ele>9.9</ele>
    <time>2025-11-16T15:07:23Z</time>
   </trkpt>
   <trkpt lat="22.5135580" lon="88.3460200">
    <ele>9.9</ele>
    <time>2025-11-16T15:07:24Z</time>
   </trkpt>
   <trkpt lat="22.5135730" lon="88.3460250">
    <ele>9.9</ele>
    <time>2025-11-16T15:07:25Z</time>
   </trkpt>
   <trkpt lat="22.5135870" lon="88.3460290">
    <ele>9.9</ele>
    <time>2025-11-16T15:07:26Z</time>
   </trkpt>
   <trkpt lat="22.5135850" lon="88.3460290">
    <ele>9.9</ele>
    <time>2025-11-16T15:07:27Z</time>
   </trkpt>
   <trkpt lat="22.5136000" lon="88.3460250">
    <ele>9.9</ele>
    <time>2025-11-16T15:07:28Z</time>
   </trkpt>
   <trkpt lat="22.5136080" lon="88.3460210">
    <ele>9.9</ele>
    <time>2025-11-16T15:07:29Z</time>
   </trkpt>
   <trkpt lat="22.5136210" lon="88.3460210">
    <ele>9.9</ele>
    <time>2025-11-16T15:07:30Z</time>
   </trkpt>
   <trkpt lat="22.5136360" lon="88.3460250">
    <ele>9.8</ele>
    <time>2025-11-16T15:07:31Z</time>
   </trkpt>
   <trkpt lat="22.5136480" lon="88.3460270">
    <ele>9.8</ele>
    <time>2025-11-16T15:07:32Z</time>
   </trkpt>
   <trkpt lat="22.5136680" lon="88.3460280">
    <ele>9.8</ele>
    <time>2025-11-16T15:07:33Z</time>
   </trkpt>
   <trkpt lat="22.5136780" lon="88.3460300">
    <ele>9.8</ele>
    <time>2025-11-16T15:07:34Z</time>
   </trkpt>
   <trkpt lat="22.5136870" lon="88.3460320">
    <ele>9.8</ele>
    <time>2025-11-16T15:07:35Z</time>
   </trkpt>
   <trkpt lat="22.5137080" lon="88.3460300">
    <ele>9.8</ele>
    <time>2025-11-16T15:07:36Z</time>
   </trkpt>
   <trkpt lat="22.5137190" lon="88.3460290">
    <ele>9.8</ele>
    <time>2025-11-16T15:07:37Z</time>
   </trkpt>
   <trkpt lat="22.5137290" lon="88.3460290">
    <ele>9.8</ele>
    <time>2025-11-16T15:07:38Z</time>
   </trkpt>
   <trkpt lat="22.5137490" lon="88.3460330">
    <ele>9.8</ele>
    <time>2025-11-16T15:07:39Z</time>
   </trkpt>
   <trkpt lat="22.5137570" lon="88.3460340">
    <ele>9.8</ele>
    <time>2025-11-16T15:07:40Z</time>
   </trkpt>
   <trkpt lat="22.5137660" lon="88.3460360">
    <ele>9.8</ele>
    <time>2025-11-16T15:07:41Z</time>
   </trkpt>
   <trkpt lat="22.5137770" lon="88.3460410">
    <ele>9.8</ele>
    <time>2025-11-16T15:07:42Z</time>
   </trkpt>
   <trkpt lat="22.5137890" lon="88.3460380">
    <ele>9.8</ele>
    <time>2025-11-16T15:07:43Z</time>
   </trkpt>
   <trkpt lat="22.5138010" lon="88.3460390">
    <ele>9.7</ele>
    <time>2025-11-16T15:07:44Z</time>
   </trkpt>
   <trkpt lat="22.5138140" lon="88.3460380">
    <ele>9.7</ele>
    <time>2025-11-16T15:07:45Z</time>
   </trkpt>
   <trkpt lat="22.5138250" lon="88.3460420">
    <ele>9.7</ele>
    <time>2025-11-16T15:07:46Z</time>
   </trkpt>
   <trkpt lat="22.5138350" lon="88.3460320">
    <ele>9.7</ele>
    <time>2025-11-16T15:07:47Z</time>
   </trkpt>
   <trkpt lat="22.5138510" lon="88.3460260">
    <ele>9.7</ele>
    <time>2025-11-16T15:07:48Z</time>
   </trkpt>
   <trkpt lat="22.5138630" lon="88.3460340">
    <ele>9.7</ele>
    <time>2025-11-16T15:07:49Z</time>
   </trkpt>
   <trkpt lat="22.5138740" lon="88.3460320">
    <ele>9.7</ele>
    <time>2025-11-16T15:07:50Z</time>
   </trkpt>
   <trkpt lat="22.5138880" lon="88.3460330">
    <ele>9.7</ele>
    <time>2025-11-16T15:07:51Z</time>
   </trkpt>
   <trkpt lat="22.5138990" lon="88.3460340">
    <ele>9.7</ele>
    <time>2025-11-16T15:07:52Z</time>
   </trkpt>
   <trkpt lat="22.5139100" lon="88.3460330">
    <ele>9.7</ele>
    <time>2025-11-16T15:07:53Z</time>
   </trkpt>
   <trkpt lat="22.5139210" lon="88.3460340">
    <ele>9.7</ele>
    <time>2025-11-16T15:07:54Z</time>
   </trkpt>
   <trkpt lat="22.5139340" lon="88.3460380">
    <ele>9.7</ele>
    <time>2025-11-16T15:07:55Z</time>
   </trkpt>
   <trkpt lat="22.5139470" lon="88.3460440">
    <ele>9.7</ele>
    <time>2025-11-16T15:07:56Z</time>
   </trkpt>
   <trkpt lat="22.5139610" lon="88.3460490">
    <ele>9.6</ele>
    <time>2025-11-16T15:07:57Z</time>
   </trkpt>
   <trkpt lat="22.5139710" lon="88.3460490">
    <ele>9.6</ele>
    <time>2025-11-16T15:07:58Z</time>
   </trkpt>
   <trkpt lat="22.5139830" lon="88.3460540">
    <ele>9.6</ele>
    <time>2025-11-16T15:07:59Z</time>
   </trkpt>
   <trkpt lat="22.5139920" lon="88.3460520">
    <ele>9.6</ele>
    <time>2025-11-16T15:08:00Z</time>
   </trkpt>
   <trkpt lat="22.5140040" lon="88.3460520">
    <ele>9.6</ele>
    <time>2025-11-16T15:08:01Z</time>
   </trkpt>
   <trkpt lat="22.5140150" lon="88.3460480">
    <ele>9.6</ele>
    <time>2025-11-16T15:08:02Z</time>
   </trkpt>
   <trkpt lat="22.5140260" lon="88.3460440">
    <ele>9.6</ele>
    <time>2025-11-16T15:08:03Z</time>
   </trkpt>
   <trkpt lat="22.5140340" lon="88.3460470">
    <ele>9.6</ele>
    <time>2025-11-16T15:08:04Z</time>
   </trkpt>
   <trkpt lat="22.5140500" lon="88.3460450">
    <ele>9.6</ele>
    <time>2025-11-16T15:08:05Z</time>
   </trkpt>
   <trkpt lat="22.5140610" lon="88.3460440">
    <ele>9.6</ele>
    <time>2025-11-16T15:08:06Z</time>
   </trkpt>
   <trkpt lat="22.5140720" lon="88.3460440">
    <ele>9.6</ele>
    <time>2025-11-16T15:08:07Z</time>
   </trkpt>
   <trkpt lat="22.5140820" lon="88.3460460">
    <ele>9.6</ele>
    <time>2025-11-16T15:08:08Z</time>
   </trkpt>
   <trkpt lat="22.5140930" lon="88.3460460">
    <ele>9.6</ele>
    <time>2025-11-16T15:08:09Z</time>
   </trkpt>
   <trkpt lat="22.5141070" lon="88.3460450">
    <ele>9.6</ele>
    <time>2025-11-16T15:08:10Z</time>
   </trkpt>
   <trkpt lat="22.5141140" lon="88.3460500">
    <ele>9.6</ele>
    <time>2025-11-16T15:08:11Z</time>
   </trkpt>
   <trkpt lat="22.5141240" lon="88.3460470">
    <ele>9.5</ele>
    <time>2025-11-16T15:08:12Z</time>
   </trkpt>
   <trkpt lat="22.5141390" lon="88.3460500">
    <ele>9.5</ele>
    <time>2025-11-16T15:08:13Z</time>
   </trkpt>
   <trkpt lat="22.5141540" lon="88.3460470">
    <ele>9.5</ele>
    <time>2025-11-16T15:08:14Z</time>
   </trkpt>
   <trkpt lat="22.5141750" lon="88.3460470">
    <ele>9.5</ele>
    <time>2025-11-16T15:08:15Z</time>
   </trkpt>
   <trkpt lat="22.5141840" lon="88.3460460">
    <ele>9.5</ele>
    <time>2025-11-16T15:08:16Z</time>
   </trkpt>
   <trkpt lat="22.5141940" lon="88.3460440">
    <ele>9.5</ele>
    <time>2025-11-16T15:08:17Z</time>
   </trkpt>
   <trkpt lat="22.5142060" lon="88.3460460">
    <ele>9.5</ele>
    <time>2025-11-16T15:08:18Z</time>
   </trkpt>
   <trkpt lat="22.5142180" lon="88.3460480">
    <ele>9.5</ele>
    <time>2025-11-16T15:08:19Z</time>
   </trkpt>
   <trkpt lat="22.5142280" lon="88.3460460">
    <ele>9.5</ele>
    <time>2025-11-16T15:08:20Z</time>
   </trkpt>
   <trkpt lat="22.5142500" lon="88.3460440">
    <ele>9.5</ele>
    <time>2025-11-16T15:08:21Z</time>
   </trkpt>
   <trkpt lat="22.5142590" lon="88.3460420">
    <ele>9.4</ele>
    <time>2025-11-16T15:08:22Z</time>
   </trkpt>
   <trkpt lat="22.5142680" lon="88.3460410">
    <ele>9.4</ele>
    <time>2025-11-16T15:08:23Z</time>
   </trkpt>
   <trkpt lat="22.5142870" lon="88.3460460">
    <ele>9.4</ele>
    <time>2025-11-16T15:08:24Z</time>
   </trkpt>
   <trkpt lat="22.5142960" lon="88.3460460">
    <ele>9.4</ele>
    <time>2025-11-16T15:08:25Z</time>
   </trkpt>
   <trkpt lat="22.5143040" lon="88.3460470">
    <ele>9.4</ele>
    <time>2025-11-16T15:08:26Z</time>
   </trkpt>
   <trkpt lat="22.5143250" lon="88.3460480">
    <ele>9.4</ele>
    <time>2025-11-16T15:08:27Z</time>
   </trkpt>
   <trkpt lat="22.5143340" lon="88.3460470">
    <ele>9.4</ele>
    <time>2025-11-16T15:08:28Z</time>
   </trkpt>
   <trkpt lat="22.5143420" lon="88.3460470">
    <ele>9.4</ele>
    <time>2025-11-16T15:08:29Z</time>
   </trkpt>
   <trkpt lat="22.5143630" lon="88.3460450">
    <ele>9.4</ele>
    <time>2025-11-16T15:08:30Z</time>
   </trkpt>
   <trkpt lat="22.5143710" lon="88.3460440">
    <ele>9.4</ele>
    <time>2025-11-16T15:08:31Z</time>
   </trkpt>
   <trkpt lat="22.5143800" lon="88.3460430">
    <ele>9.4</ele>
    <time>2025-11-16T15:08:32Z</time>
   </trkpt>
   <trkpt lat="22.5143970" lon="88.3460460">
    <ele>9.4</ele>
    <time>2025-11-16T15:08:33Z</time>
   </trkpt>
   <trkpt lat="22.5144100" lon="88.3460480">
    <ele>9.4</ele>
    <time>2025-11-16T15:08:34Z</time>
   </trkpt>
   <trkpt lat="22.5144250" lon="88.3460480">
    <ele>9.4</ele>
    <time>2025-11-16T15:08:35Z</time>
   </trkpt>
   <trkpt lat="22.5144380" lon="88.3460480">
    <ele>9.4</ele>
    <time>2025-11-16T15:08:36Z</time>
   </trkpt>
   <trkpt lat="22.5144580" lon="88.3460420">
    <ele>9.4</ele>
    <time>2025-11-16T15:08:37Z</time>
   </trkpt>
   <trkpt lat="22.5144670" lon="88.3460410">
    <ele>9.3</ele>
    <time>2025-11-16T15:08:38Z</time>
   </trkpt>
   <trkpt lat="22.5144750" lon="88.3460390">
    <ele>9.3</ele>
    <time>2025-11-16T15:08:39Z</time>
   </trkpt>
   <trkpt lat="22.5144850" lon="88.3460390">
    <ele>9.3</ele>
    <time>2025-11-16T15:08:40Z</time>
   </trkpt>
   <trkpt lat="22.5144980" lon="88.3460400">
    <ele>9.3</ele>
    <time>2025-11-16T15:08:41Z</time>
   </trkpt>
   <trkpt lat="22.5145100" lon="88.3460340">
    <ele>9.3</ele>
    <time>2025-11-16T15:08:42Z</time>
   </trkpt>
   <trkpt lat="22.5145260" lon="88.3460440">
    <ele>9.3</ele>
    <time>2025-11-16T15:08:43Z</time>
   </trkpt>
   <trkpt lat="22.5145320" lon="88.3460430">
    <ele>9.3</ele>
    <time>2025-11-16T15:08:44Z</time>
   </trkpt>
   <trkpt lat="22.5145430" lon="88.3460380">
    <ele>9.3</ele>
    <time>2025-11-16T15:08:45Z</time>
   </trkpt>
   <trkpt lat="22.5145550" lon="88.3460320">
    <ele>9.3</ele>
    <time>2025-11-16T15:08:46Z</time>
   </trkpt>
   <trkpt lat="22.5145660" lon="88.3460280">
    <ele>9.3</ele>
    <time>2025-11-16T15:08:47Z</time>
   </trkpt>
   <trkpt lat="22.5145760" lon="88.3460290">
    <ele>9.3</ele>
    <time>2025-11-16T15:08:48Z</time>
   </trkpt>
   <trkpt lat="22.5145990" lon="88.3460310">
    <ele>9.3</ele>
    <time>2025-11-16T15:08:49Z</time>
   </trkpt>
   <trkpt lat="22.5146060" lon="88.3460360">
    <ele>9.3</ele>
    <time>2025-11-16T15:08:50Z</time>
   </trkpt>
   <trkpt lat="22.5146120" lon="88.3460400">
    <ele>9.3</ele>
    <time>2025-11-16T15:08:51Z</time>
   </trkpt>
   <trkpt lat="22.5146230" lon="88.3460480">
    <ele>9.3</ele>
    <time>2025-11-16T15:08:52Z</time>
   </trkpt>
   <trkpt lat="22.5146350" lon="88.3460580">
    <ele>9.3</ele>
    <time>2025-11-16T15:08:53Z</time>
   </trkpt>
   <trkpt lat="22.5146450" lon="88.3460690">
    <ele>9.3</ele>
    <time>2025-11-16T15:08:54Z</time>
   </trkpt>
   <trkpt lat="22.5146540" lon="88.3460740">
    <ele>9.3</ele>
    <time>2025-11-16T15:08:55Z</time>
   </trkpt>
   <trkpt lat="22.5146650" lon="88.3460810">
    <ele>9.2</ele>
    <time>2025-11-16T15:08:56Z</time>
   </trkpt>
   <trkpt lat="22.5146830" lon="88.3460950">
    <ele>9.2</ele>
    <time>2025-11-16T15:08:57Z</time>
   </trkpt>
   <trkpt lat="22.5146910" lon="88.3461010">
    <ele>9.2</ele>
    <time>2025-11-16T15:08:58Z</time>
   </trkpt>
   <trkpt lat="22.5146990" lon="88.3461060">
    <ele>9.2</ele>
    <time>2025-11-16T15:08:59Z</time>
   </trkpt>
   <trkpt lat="22.5147050" lon="88.3461250">
    <ele>9.2</ele>
    <time>2025-11-16T15:09:00Z</time>
   </trkpt>
   <trkpt lat="22.5147080" lon="88.3461310">
    <ele>9.2</ele>
    <time>2025-11-16T15:09:01Z</time>
   </trkpt>
   <trkpt lat="22.5147170" lon="88.3461380">
    <ele>9.2</ele>
    <time>2025-11-16T15:09:02Z</time>
   </trkpt>
   <trkpt lat="22.5147240" lon="88.3461460">
    <ele>9.2</ele>
    <time>2025-11-16T15:09:03Z</time>
   </trkpt>
   <trkpt lat="22.5147340" lon="88.3461570">
    <ele>9.2</ele>
    <time>2025-11-16T15:09:04Z</time>
   </trkpt>
   <trkpt lat="22.5147390" lon="88.3461680">
    <ele>9.2</ele>
    <time>2025-11-16T15:09:05Z</time>
   </trkpt>
   <trkpt lat="22.5147460" lon="88.3461790">
    <ele>9.2</ele>
    <time>2025-11-16T15:09:06Z</time>
   </trkpt>
   <trkpt lat="22.5147510" lon="88.3461790">
    <ele>9.2</ele>
    <time>2025-11-16T15:09:07Z</time>
   </trkpt>
   <trkpt lat="22.5147620" lon="88.3461990">
    <ele>9.2</ele>
    <time>2025-11-16T15:09:08Z</time>
   </trkpt>
   <trkpt lat="22.5147630" lon="88.3462230">
    <ele>9.2</ele>
    <time>2025-11-16T15:09:09Z</time>
   </trkpt>
   <trkpt lat="22.5147690" lon="88.3462290">
    <ele>9.2</ele>
    <time>2025-11-16T15:09:10Z</time>
   </trkpt>
   <trkpt lat="22.5147750" lon="88.3462350">
    <ele>9.1</ele>
    <time>2025-11-16T15:09:11Z</time>
   </trkpt>
   <trkpt lat="22.5147810" lon="88.3462450">
    <ele>9.1</ele>
    <time>2025-11-16T15:09:12Z</time>
   </trkpt>
   <trkpt lat="22.5147850" lon="88.3462520">
    <ele>9.1</ele>
    <time>2025-11-16T15:09:13Z</time>
   </trkpt>
   <trkpt lat="22.5147940" lon="88.3462590">
    <ele>9.1</ele>
    <time>2025-11-16T15:09:14Z</time>
   </trkpt>
   <trkpt lat="22.5147950" lon="88.3462670">
    <ele>9.1</ele>
    <time>2025-11-16T15:09:15Z</time>
   </trkpt>
   <trkpt lat="22.5148040" lon="88.3462810">
    <ele>9.1</ele>
    <time>2025-11-16T15:09:16Z</time>
   </trkpt>
   <trkpt lat="22.5148130" lon="88.3462890">
    <ele>9.1</ele>
    <time>2025-11-16T15:09:17Z</time>
   </trkpt>
   <trkpt lat="22.5148280" lon="88.3463050">
    <ele>9.1</ele>
    <time>2025-11-16T15:09:18Z</time>
   </trkpt>
   <trkpt lat="22.5148360" lon="88.3463110">
    <ele>9.1</ele>
    <time>2025-11-16T15:09:19Z</time>
   </trkpt>
   <trkpt lat="22.5148430" lon="88.3463160">
    <ele>9.1</ele>
    <time>2025-11-16T15:09:20Z</time>
   </trkpt>
   <trkpt lat="22.5148540" lon="88.3463170">
    <ele>9.1</ele>
    <time>2025-11-16T15:09:21Z</time>
   </trkpt>
   <trkpt lat="22.5148620" lon="88.3463180">
    <ele>9.1</ele>
    <time>2025-11-16T15:09:22Z</time>
   </trkpt>
   <trkpt lat="22.5148740" lon="88.3463210">
    <ele>9.1</ele>
    <time>2025-11-16T15:09:23Z</time>
   </trkpt>
   <trkpt lat="22.5148970" lon="88.3463160">
    <ele>9.1</ele>
    <time>2025-11-16T15:09:24Z</time>
   </trkpt>
   <trkpt lat="22.5149070" lon="88.3463130">
    <ele>9.1</ele>
    <time>2025-11-16T15:09:25Z</time>
   </trkpt>
   <trkpt lat="22.5149180" lon="88.3463100">
    <ele>9.1</ele>
    <time>2025-11-16T15:09:26Z</time>
   </trkpt>
   <trkpt lat="22.5149330" lon="88.3463070">
    <ele>9.1</ele>
    <time>2025-11-16T15:09:27Z</time>
   </trkpt>
   <trkpt lat="22.5149410" lon="88.3463020">
    <ele>9.2</ele>
    <time>2025-11-16T15:09:28Z</time>
   </trkpt>
   <trkpt lat="22.5149470" lon="88.3462890">
    <ele>9.2</ele>
    <time>2025-11-16T15:09:29Z</time>
   </trkpt>
   <trkpt lat="22.5149590" lon="88.3462850">
    <ele>9.2</ele>
    <time>2025-11-16T15:09:30Z</time>
   </trkpt>
   <trkpt lat="22.5149750" lon="88.3462860">
    <ele>9.2</ele>
    <time>2025-11-16T15:09:31Z</time>
   </trkpt>
   <trkpt lat="22.5149890" lon="88.3462870">
    <ele>9.2</ele>
    <time>2025-11-16T15:09:32Z</time>
   </trkpt>
   <trkpt lat="22.5149970" lon="88.3462880">
    <ele>9.2</ele>
    <time>2025-11-16T15:09:33Z</time>
   </trkpt>
   <trkpt lat="22.5150110" lon="88.3462890">
    <ele>9.2</ele>
    <time>2025-11-16T15:09:34Z</time>
   </trkpt>
   <trkpt lat="22.5150350" lon="88.3462880">
    <ele>9.2</ele>
    <time>2025-11-16T15:09:35Z</time>
   </trkpt>
   <trkpt lat="22.5150440" lon="88.3462880">
    <ele>9.3</ele>
    <time>2025-11-16T15:09:36Z</time>
   </trkpt>
   <trkpt lat="22.5150520" lon="88.3462870">
    <ele>9.3</ele>
    <time>2025-11-16T15:09:37Z</time>
   </trkpt>
   <trkpt lat="22.5150620" lon="88.3462840">
    <ele>9.3</ele>
    <time>2025-11-16T15:09:38Z</time>
   </trkpt>
   <trkpt lat="22.5150760" lon="88.3462800">
    <ele>9.3</ele>
    <time>2025-11-16T15:09:39Z</time>
   </trkpt>
   <trkpt lat="22.5150870" lon="88.3462790">
    <ele>9.3</ele>
    <time>2025-11-16T15:09:40Z</time>
   </trkpt>
   <trkpt lat="22.5150990" lon="88.3462770">
    <ele>9.3</ele>
    <time>2025-11-16T15:09:41Z</time>
   </trkpt>
   <trkpt lat="22.5151160" lon="88.3462780">
    <ele>9.2</ele>
    <time>2025-11-16T15:09:42Z</time>
   </trkpt>
   <trkpt lat="22.5151280" lon="88.3462800">
    <ele>9.2</ele>
    <time>2025-11-16T15:09:43Z</time>
   </trkpt>
   <trkpt lat="22.5151410" lon="88.3462810">
    <ele>9.2</ele>
    <time>2025-11-16T15:09:44Z</time>
   </trkpt>
   <trkpt lat="22.5151510" lon="88.3462820">
    <ele>9.2</ele>
    <time>2025-11-16T15:09:45Z</time>
   </trkpt>
   <trkpt lat="22.5151730" lon="88.3462790">
    <ele>9.2</ele>
    <time>2025-11-16T15:09:46Z</time>
   </trkpt>
   <trkpt lat="22.5151810" lon="88.3462770">
    <ele>9.2</ele>
    <time>2025-11-16T15:09:47Z</time>
   </trkpt>
   <trkpt lat="22.5151890" lon="88.3462750">
    <ele>9.2</ele>
    <time>2025-11-16T15:09:48Z</time>
   </trkpt>
   <trkpt lat="22.5151990" lon="88.3462730">
    <ele>9.2</ele>
    <time>2025-11-16T15:09:49Z</time>
   </trkpt>
   <trkpt lat="22.5152110" lon="88.3462720">
    <ele>9.2</ele>
    <time>2025-11-16T15:09:50Z</time>
   </trkpt>
   <trkpt lat="22.5152210" lon="88.3462670">
    <ele>9.2</ele>
    <time>2025-11-16T15:09:51Z</time>
   </trkpt>
   <trkpt lat="22.5152310" lon="88.3462650">
    <ele>9.2</ele>
    <time>2025-11-16T15:09:52Z</time>
   </trkpt>
   <trkpt lat="22.5152390" lon="88.3462690">
    <ele>9.2</ele>
    <time>2025-11-16T15:09:53Z</time>
   </trkpt>
   <trkpt lat="22.5152450" lon="88.3462820">
    <ele>9.1</ele>
    <time>2025-11-16T15:09:54Z</time>
   </trkpt>
   <trkpt lat="22.5152540" lon="88.3462930">
    <ele>9.1</ele>
    <time>2025-11-16T15:09:55Z</time>
   </trkpt>
   <trkpt lat="22.5152610" lon="88.3462980">
    <ele>9.1</ele>
    <time>2025-11-16T15:09:56Z</time>
   </trkpt>
   <trkpt lat="22.5152730" lon="88.3463020">
    <ele>9.1</ele>
    <time>2025-11-16T15:09:57Z</time>
   </trkpt>
   <trkpt lat="22.5152780" lon="88.3462950">
    <ele>9.1</ele>
    <time>2025-11-16T15:09:58Z</time>
   </trkpt>
   <trkpt lat="22.5152880" lon="88.3462880">
    <ele>9.1</ele>
    <time>2025-11-16T15:09:59Z</time>
   </trkpt>
   <trkpt lat="22.5153010" lon="88.3462800">
    <ele>9.1</ele>
    <time>2025-11-16T15:10:00Z</time>
   </trkpt>
   <trkpt lat="22.5153150" lon="88.3462740">
    <ele>9.1</ele>
    <time>2025-11-16T15:10:01Z</time>
   </trkpt>
   <trkpt lat="22.5153240" lon="88.3462690">
    <ele>9.1</ele>
    <time>2025-11-16T15:10:02Z</time>
   </trkpt>
   <trkpt lat="22.5153310" lon="88.3462630">
    <ele>9.0</ele>
    <time>2025-11-16T15:10:03Z</time>
   </trkpt>
   <trkpt lat="22.5153490" lon="88.3462470">
    <ele>9.0</ele>
    <time>2025-11-16T15:10:04Z</time>
   </trkpt>
   <trkpt lat="22.5153570" lon="88.3462410">
    <ele>9.0</ele>
    <time>2025-11-16T15:10:05Z</time>
   </trkpt>
   <trkpt lat="22.5153640" lon="88.3462350">
    <ele>9.0</ele>
    <time>2025-11-16T15:10:06Z</time>
   </trkpt>
   <trkpt lat="22.5153780" lon="88.3462330">
    <ele>9.0</ele>
    <time>2025-11-16T15:10:07Z</time>
   </trkpt>
   <trkpt lat="22.5153840" lon="88.3462300">
    <ele>9.0</ele>
    <time>2025-11-16T15:10:08Z</time>
   </trkpt>
   <trkpt lat="22.5153960" lon="88.3462200">
    <ele>9.0</ele>
    <time>2025-11-16T15:10:09Z</time>
   </trkpt>
   <trkpt lat="22.5154120" lon="88.3462150">
    <ele>9.0</ele>
    <time>2025-11-16T15:10:10Z</time>
   </trkpt>
   <trkpt lat="22.5154180" lon="88.3462110">
    <ele>9.0</ele>
    <time>2025-11-16T15:10:11Z</time>
   </trkpt>
   <trkpt lat="22.5154230" lon="88.3462080">
    <ele>8.9</ele>
    <time>2025-11-16T15:10:12Z</time>
   </trkpt>
   <trkpt lat="22.5154290" lon="88.3462040">
    <ele>8.9</ele>
    <time>2025-11-16T15:10:13Z</time>
   </trkpt>
   <trkpt lat="22.5154380" lon="88.3461990">
    <ele>8.9</ele>
    <time>2025-11-16T15:10:14Z</time>
   </trkpt>
   <trkpt lat="22.5154500" lon="88.3461950">
    <ele>8.9</ele>
    <time>2025-11-16T15:10:15Z</time>
   </trkpt>
   <trkpt lat="22.5154630" lon="88.3461950">
    <ele>8.9</ele>
    <time>2025-11-16T15:10:16Z</time>
   </trkpt>
   <trkpt lat="22.5154710" lon="88.3462070">
    <ele>8.9</ele>
    <time>2025-11-16T15:10:17Z</time>
   </trkpt>
   <trkpt lat="22.5154780" lon="88.3462070">
    <ele>8.9</ele>
    <time>2025-11-16T15:10:18Z</time>
   </trkpt>
   <trkpt lat="22.5154910" lon="88.3462050">
    <ele>8.9</ele>
    <time>2025-11-16T15:10:19Z</time>
   </trkpt>
   <trkpt lat="22.5155010" lon="88.3462000">
    <ele>8.9</ele>
    <time>2025-11-16T15:10:20Z</time>
   </trkpt>
   <trkpt lat="22.5155160" lon="88.3461870">
    <ele>8.9</ele>
    <time>2025-11-16T15:10:21Z</time>
   </trkpt>
   <trkpt lat="22.5155290" lon="88.3461830">
    <ele>8.8</ele>
    <time>2025-11-16T15:10:22Z</time>
   </trkpt>
   <trkpt lat="22.5155400" lon="88.3461810">
    <ele>8.8</ele>
    <time>2025-11-16T15:10:23Z</time>
   </trkpt>
   <trkpt lat="22.5155480" lon="88.3461800">
    <ele>8.8</ele>
    <time>2025-11-16T15:10:24Z</time>
   </trkpt>
   <trkpt lat="22.5155580" lon="88.3461760">
    <ele>8.8</ele>
    <time>2025-11-16T15:10:25Z</time>
   </trkpt>
   <trkpt lat="22.5155660" lon="88.3461760">
    <ele>8.8</ele>
    <time>2025-11-16T15:10:26Z</time>
   </trkpt>
   <trkpt lat="22.5155710" lon="88.3461730">
    <ele>8.8</ele>
    <time>2025-11-16T15:10:27Z</time>
   </trkpt>
   <trkpt lat="22.5155740" lon="88.3461680">
    <ele>8.8</ele>
    <time>2025-11-16T15:10:28Z</time>
   </trkpt>
   <trkpt lat="22.5155860" lon="88.3461570">
    <ele>8.8</ele>
    <time>2025-11-16T15:10:29Z</time>
   </trkpt>
   <trkpt lat="22.5155920" lon="88.3461530">
    <ele>8.8</ele>
    <time>2025-11-16T15:10:30Z</time>
   </trkpt>
   <trkpt lat="22.5155970" lon="88.3461480">
    <ele>8.8</ele>
    <time>2025-11-16T15:10:31Z</time>
   </trkpt>
   <trkpt lat="22.5156020" lon="88.3461430">
    <ele>8.8</ele>
    <time>2025-11-16T15:10:32Z</time>
   </trkpt>
   <trkpt lat="22.5156190" lon="88.3461370">
    <ele>8.8</ele>
    <time>2025-11-16T15:10:33Z</time>
   </trkpt>
   <trkpt lat="22.5156300" lon="88.3461340">
    <ele>8.8</ele>
    <time>2025-11-16T15:10:34Z</time>
   </trkpt>
   <trkpt lat="22.5156490" lon="88.3461290">
    <ele>8.8</ele>
    <time>2025-11-16T15:10:35Z</time>
   </trkpt>
   <trkpt lat="22.5156580" lon="88.3461270">
    <ele>8.8</ele>
    <time>2025-11-16T15:10:36Z</time>
   </trkpt>
   <trkpt lat="22.5156660" lon="88.3461250">
    <ele>8.8</ele>
    <time>2025-11-16T15:10:37Z</time>
   </trkpt>
   <trkpt lat="22.5156760" lon="88.3461250">
    <ele>8.8</ele>
    <time>2025-11-16T15:10:38Z</time>
   </trkpt>
   <trkpt lat="22.5156880" lon="88.3461220">
    <ele>8.8</ele>
    <time>2025-11-16T15:10:39Z</time>
   </trkpt>
   <trkpt lat="22.5156990" lon="88.3461160">
    <ele>8.8</ele>
    <time>2025-11-16T15:10:40Z</time>
   </trkpt>
   <trkpt lat="22.5157110" lon="88.3461090">
    <ele>8.8</ele>
    <time>2025-11-16T15:10:41Z</time>
   </trkpt>
   <trkpt lat="22.5157200" lon="88.3461060">
    <ele>8.8</ele>
    <time>2025-11-16T15:10:42Z</time>
   </trkpt>
   <trkpt lat="22.5157310" lon="88.3461010">
    <ele>8.8</ele>
    <time>2025-11-16T15:10:43Z</time>
   </trkpt>
   <trkpt lat="22.5157480" lon="88.3460850">
    <ele>8.8</ele>
    <time>2025-11-16T15:10:44Z</time>
   </trkpt>
   <trkpt lat="22.5157530" lon="88.3460770">
    <ele>8.8</ele>
    <time>2025-11-16T15:10:45Z</time>
   </trkpt>
   <trkpt lat="22.5157580" lon="88.3460690">
    <ele>8.8</ele>
    <time>2025-11-16T15:10:46Z</time>
   </trkpt>
   <trkpt lat="22.5157640" lon="88.3460580">
    <ele>8.8</ele>
    <time>2025-11-16T15:10:47Z</time>
   </trkpt>
   <trkpt lat="22.5157730" lon="88.3460460">
    <ele>8.8</ele>
    <time>2025-11-16T15:10:48Z</time>
   </trkpt>
   <trkpt lat="22.5157780" lon="88.3460380">
    <ele>8.8</ele>
    <time>2025-11-16T15:10:49Z</time>
   </trkpt>
   <trkpt lat="22.5157870" lon="88.3460280">
    <ele>8.8</ele>
    <time>2025-11-16T15:10:50Z</time>
   </trkpt>
   <trkpt lat="22.5157960" lon="88.3460200">
    <ele>8.8</ele>
    <time>2025-11-16T15:10:51Z</time>
   </trkpt>
   <trkpt lat="22.5158050" lon="88.3460140">
    <ele>8.8</ele>
    <time>2025-11-16T15:10:52Z</time>
   </trkpt>
   <trkpt lat="22.5158260" lon="88.3460070">
    <ele>8.8</ele>
    <time>2025-11-16T15:10:53Z</time>
   </trkpt>
   <trkpt lat="22.5158350" lon="88.3460060">
    <ele>8.8</ele>
    <time>2025-11-16T15:10:54Z</time>
   </trkpt>
   <trkpt lat="22.5158430" lon="88.3460050">
    <ele>8.8</ele>
    <time>2025-11-16T15:10:55Z</time>
   </trkpt>
   <trkpt lat="22.5158630" lon="88.3459990">
    <ele>8.8</ele>
    <time>2025-11-16T15:10:56Z</time>
   </trkpt>
   <trkpt lat="22.5158700" lon="88.3459960">
    <ele>8.8</ele>
    <time>2025-11-16T15:10:57Z</time>
   </trkpt>
   <trkpt lat="22.5158780" lon="88.3459930">
    <ele>8.8</ele>
    <time>2025-11-16T15:10:58Z</time>
   </trkpt>
   <trkpt lat="22.5158860" lon="88.3459870">
    <ele>8.8</ele>
    <time>2025-11-16T15:10:59Z</time>
   </trkpt>
   <trkpt lat="22.5158900" lon="88.3459840">
    <ele>8.8</ele>
    <time>2025-11-16T15:11:00Z</time>
   </trkpt>
   <trkpt lat="22.5159090" lon="88.3459820">
    <ele>8.8</ele>
    <time>2025-11-16T15:11:01Z</time>
   </trkpt>
   <trkpt lat="22.5159320" lon="88.3459730">
    <ele>8.8</ele>
    <time>2025-11-16T15:11:02Z</time>
   </trkpt>
   <trkpt lat="22.5159390" lon="88.3459690">
    <ele>8.8</ele>
    <time>2025-11-16T15:11:03Z</time>
   </trkpt>
   <trkpt lat="22.5159470" lon="88.3459650">
    <ele>8.8</ele>
    <time>2025-11-16T15:11:04Z</time>
   </trkpt>
   <trkpt lat="22.5159590" lon="88.3459560">
    <ele>8.8</ele>
    <time>2025-11-16T15:11:05Z</time>
   </trkpt>
   <trkpt lat="22.5159720" lon="88.3459500">
    <ele>8.8</ele>
    <time>2025-11-16T15:11:06Z</time>
   </trkpt>
   <trkpt lat="22.5159930" lon="88.3459420">
    <ele>8.8</ele>
    <time>2025-11-16T15:11:07Z</time>
   </trkpt>
   <trkpt lat="22.5160010" lon="88.3459400">
    <ele>8.8</ele>
    <time>2025-11-16T15:11:08Z</time>
   </trkpt>
   <trkpt lat="22.5160090" lon="88.3459380">
    <ele>8.8</ele>
    <time>2025-11-16T15:11:09Z</time>
   </trkpt>
   <trkpt lat="22.5160300" lon="88.3459360">
    <ele>8.8</ele>
    <time>2025-11-16T15:11:10Z</time>
   </trkpt>
   <trkpt lat="22.5160390" lon="88.3459360">
    <ele>8.8</ele>
    <time>2025-11-16T15:11:11Z</time>
   </trkpt>
   <trkpt lat="22.5160470" lon="88.3459350">
    <ele>8.8</ele>
    <time>2025-11-16T15:11:12Z</time>
   </trkpt>
   <trkpt lat="22.5160590" lon="88.3459290">
    <ele>8.8</ele>
    <time>2025-11-16T15:11:13Z</time>
   </trkpt>
   <trkpt lat="22.5160710" lon="88.3459260">
    <ele>8.8</ele>
    <time>2025-11-16T15:11:14Z</time>
   </trkpt>
   <trkpt lat="22.5160810" lon="88.3459220">
    <ele>8.8</ele>
    <time>2025-11-16T15:11:15Z</time>
   </trkpt>
   <trkpt lat="22.5160880" lon="88.3459160">
    <ele>8.8</ele>
    <time>2025-11-16T15:11:16Z</time>
   </trkpt>
   <trkpt lat="22.5161020" lon="88.3459110">
    <ele>8.8</ele>
    <time>2025-11-16T15:11:17Z</time>
   </trkpt>
   <trkpt lat="22.5161120" lon="88.3459140">
    <ele>8.8</ele>
    <time>2025-11-16T15:11:18Z</time>
   </trkpt>
   <trkpt lat="22.5161240" lon="88.3459150">
    <ele>8.8</ele>
    <time>2025-11-16T15:11:19Z</time>
   </trkpt>
   <trkpt lat="22.5161310" lon="88.3459090">
    <ele>8.8</ele>
    <time>2025-11-16T15:11:20Z</time>
   </trkpt>
   <trkpt lat="22.5161350" lon="88.3459030">
    <ele>8.8</ele>
    <time>2025-11-16T15:11:21Z</time>
   </trkpt>
   <trkpt lat="22.5161400" lon="88.3459020">
    <ele>8.8</ele>
    <time>2025-11-16T15:11:22Z</time>
   </trkpt>
   <trkpt lat="22.5161490" lon="88.3459000">
    <ele>8.8</ele>
    <time>2025-11-16T15:11:23Z</time>
   </trkpt>
   <trkpt lat="22.5161570" lon="88.3458970">
    <ele>8.8</ele>
    <time>2025-11-16T15:11:24Z</time>
   </trkpt>
   <trkpt lat="22.5161720" lon="88.3458980">
    <ele>8.8</ele>
    <time>2025-11-16T15:11:25Z</time>
   </trkpt>
   <trkpt lat="22.5161830" lon="88.3458920">
    <ele>8.8</ele>
    <time>2025-11-16T15:11:26Z</time>
   </trkpt>
   <trkpt lat="22.5161920" lon="88.3458930">
    <ele>8.8</ele>
    <time>2025-11-16T15:11:27Z</time>
   </trkpt>
   <trkpt lat="22.5162020" lon="88.3458900">
    <ele>8.8</ele>
    <time>2025-11-16T15:11:28Z</time>
   </trkpt>
   <trkpt lat="22.5162150" lon="88.3458890">
    <ele>8.8</ele>
    <time>2025-11-16T15:11:29Z</time>
   </trkpt>
   <trkpt lat="22.5162340" lon="88.3458840">
    <ele>8.8</ele>
    <time>2025-11-16T15:11:30Z</time>
   </trkpt>
   <trkpt lat="22.5162490" lon="88.3458900">
    <ele>8.8</ele>
    <time>2025-11-16T15:11:31Z</time>
   </trkpt>
   <trkpt lat="22.5162570" lon="88.3458870">
    <ele>8.8</ele>
    <time>2025-11-16T15:11:32Z</time>
   </trkpt>
   <trkpt lat="22.5162660" lon="88.3458830">
    <ele>8.8</ele>
    <time>2025-11-16T15:11:33Z</time>
   </trkpt>
   <trkpt lat="22.5162790" lon="88.3458800">
    <ele>8.8</ele>
    <time>2025-11-16T15:11:34Z</time>
   </trkpt>
   <trkpt lat="22.5162880" lon="88.3458750">
    <ele>8.8</ele>
    <time>2025-11-16T15:11:35Z</time>
   </trkpt>
   <trkpt lat="22.5162950" lon="88.3458740">
    <ele>8.8</ele>
    <time>2025-11-16T15:11:36Z</time>
   </trkpt>
   <trkpt lat="22.5163020" lon="88.3458610">
    <ele>8.8</ele>
    <time>2025-11-16T15:11:37Z</time>
   </trkpt>
   <trkpt lat="22.5163140" lon="88.3458500">
    <ele>8.8</ele>
    <time>2025-11-16T15:11:38Z</time>
   </trkpt>
   <trkpt lat="22.5163270" lon="88.3458480">
    <ele>8.8</ele>
    <time>2025-11-16T15:11:39Z</time>
   </trkpt>
   <trkpt lat="22.5163350" lon="88.3458510">
    <ele>8.8</ele>
    <time>2025-11-16T15:11:40Z</time>
   </trkpt>
   <trkpt lat="22.5163430" lon="88.3458500">
    <ele>8.8</ele>
    <time>2025-11-16T15:11:41Z</time>
   </trkpt>
   <trkpt lat="22.5163560" lon="88.3458490">
    <ele>8.8</ele>
    <time>2025-11-16T15:11:42Z</time>
   </trkpt>
   <trkpt lat="22.5163650" lon="88.3458490">
    <ele>8.8</ele>
    <time>2025-11-16T15:11:43Z</time>
   </trkpt>
   <trkpt lat="22.5163730" lon="88.3458480">
    <ele>8.8</ele>
    <time>2025-11-16T15:11:44Z</time>
   </trkpt>
   <trkpt lat="22.5163820" lon="88.3458480">
    <ele>8.8</ele>
    <time>2025-11-16T15:11:45Z</time>
   </trkpt>
   <trkpt lat="22.5163960" lon="88.3458470">
    <ele>8.8</ele>
    <time>2025-11-16T15:11:46Z</time>
   </trkpt>
   <trkpt lat="22.5164010" lon="88.3458460">
    <ele>8.8</ele>
    <time>2025-11-16T15:11:47Z</time>
   </trkpt>
   <trkpt lat="22.5164120" lon="88.3458390">
    <ele>8.8</ele>
    <time>2025-11-16T15:11:48Z</time>
   </trkpt>
   <trkpt lat="22.5164330" lon="88.3458380">
    <ele>8.8</ele>
    <time>2025-11-16T15:11:49Z</time>
   </trkpt>
   <trkpt lat="22.5164420" lon="88.3458370">
    <ele>8.8</ele>
    <time>2025-11-16T15:11:50Z</time>
   </trkpt>
   <trkpt lat="22.5164500" lon="88.3458370">
    <ele>8.8</ele>
    <time>2025-11-16T15:11:51Z</time>
   </trkpt>
   <trkpt lat="22.5164640" lon="88.3458370">
    <ele>8.8</ele>
    <time>2025-11-16T15:11:52Z</time>
   </trkpt>
   <trkpt lat="22.5164720" lon="88.3458310">
    <ele>8.8</ele>
    <time>2025-11-16T15:11:53Z</time>
   </trkpt>
   <trkpt lat="22.5164860" lon="88.3458310">
    <ele>8.8</ele>
    <time>2025-11-16T15:11:54Z</time>
   </trkpt>
   <trkpt lat="22.5164960" lon="88.3458310">
    <ele>8.8</ele>
    <time>2025-11-16T15:11:55Z</time>
   </trkpt>
   <trkpt lat="22.5165100" lon="88.3458450">
    <ele>8.8</ele>
    <time>2025-11-16T15:11:56Z</time>
   </trkpt>
   <trkpt lat="22.5165340" lon="88.3458620">
    <ele>8.8</ele>
    <time>2025-11-16T15:11:57Z</time>
   </trkpt>
   <trkpt lat="22.5165430" lon="88.3458710">
    <ele>8.8</ele>
    <time>2025-11-16T15:11:58Z</time>
   </trkpt>
   <trkpt lat="22.5165570" lon="88.3458740">
    <ele>8.8</ele>
    <time>2025-11-16T15:11:59Z</time>
   </trkpt>
   <trkpt lat="22.5165630" lon="88.3458760">
    <ele>8.8</ele>
    <time>2025-11-16T15:12:00Z</time>
   </trkpt>
   <trkpt lat="22.5165710" lon="88.3458920">
    <ele>8.9</ele>
    <time>2025-11-16T15:12:01Z</time>
   </trkpt>
   <trkpt lat="22.5165820" lon="88.3458960">
    <ele>8.9</ele>
    <time>2025-11-16T15:12:02Z</time>
   </trkpt>
   <trkpt lat="22.5165980" lon="88.3458980">
    <ele>8.9</ele>
    <time>2025-11-16T15:12:03Z</time>
   </trkpt>
   <trkpt lat="22.5166120" lon="88.3458950">
    <ele>8.9</ele>
    <time>2025-11-16T15:12:04Z</time>
   </trkpt>
   <trkpt lat="22.5166200" lon="88.3458940">
    <ele>8.9</ele>
    <time>2025-11-16T15:12:05Z</time>
   </trkpt>
   <trkpt lat="22.5166330" lon="88.3458930">
    <ele>8.9</ele>
    <time>2025-11-16T15:12:06Z</time>
   </trkpt>
   <trkpt lat="22.5166420" lon="88.3458920">
    <ele>8.9</ele>
    <time>2025-11-16T15:12:07Z</time>
   </trkpt>
   <trkpt lat="22.5166550" lon="88.3458990">
    <ele>8.9</ele>
    <time>2025-11-16T15:12:08Z</time>
   </trkpt>
   <trkpt lat="22.5166660" lon="88.3458990">
    <ele>8.9</ele>
    <time>2025-11-16T15:12:09Z</time>
   </trkpt>
   <trkpt lat="22.5166750" lon="88.3458950">
    <ele>8.9</ele>
    <time>2025-11-16T15:12:10Z</time>
   </trkpt>
   <trkpt lat="22.5166830" lon="88.3458880">
    <ele>8.9</ele>
    <time>2025-11-16T15:12:11Z</time>
   </trkpt>
   <trkpt lat="22.5166920" lon="88.3458890">
    <ele>8.9</ele>
    <time>2025-11-16T15:12:12Z</time>
   </trkpt>
   <trkpt lat="22.5166970" lon="88.3458850">
    <ele>8.9</ele>
    <time>2025-11-16T15:12:13Z</time>
   </trkpt>
   <trkpt lat="22.5167030" lon="88.3458870">
    <ele>8.9</ele>
    <time>2025-11-16T15:12:14Z</time>
   </trkpt>
   <trkpt lat="22.5167130" lon="88.3458910">
    <ele>8.9</ele>
    <time>2025-11-16T15:12:15Z</time>
   </trkpt>
   <trkpt lat="22.5167250" lon="88.3458910">
    <ele>8.9</ele>
    <time>2025-11-16T15:12:16Z</time>
   </trkpt>
   <trkpt lat="22.5167410" lon="88.3459030">
    <ele>8.9</ele>
    <time>2025-11-16T15:12:17Z</time>
   </trkpt>
   <trkpt lat="22.5167500" lon="88.3459070">
    <ele>8.9</ele>
    <time>2025-11-16T15:12:18Z</time>
   </trkpt>
   <trkpt lat="22.5167580" lon="88.3459110">
    <ele>8.9</ele>
    <time>2025-11-16T15:12:19Z</time>
   </trkpt>
   <trkpt lat="22.5167720" lon="88.3459150">
    <ele>8.9</ele>
    <time>2025-11-16T15:12:20Z</time>
   </trkpt>
   <trkpt lat="22.5167860" lon="88.3459230">
    <ele>8.9</ele>
    <time>2025-11-16T15:12:21Z</time>
   </trkpt>
   <trkpt lat="22.5168050" lon="88.3459280">
    <ele>8.9</ele>
    <time>2025-11-16T15:12:22Z</time>
   </trkpt>
   <trkpt lat="22.5168110" lon="88.3459280">
    <ele>8.9</ele>
    <time>2025-11-16T15:12:23Z</time>
   </trkpt>
   <trkpt lat="22.5168180" lon="88.3459270">
    <ele>8.9</ele>
    <time>2025-11-16T15:12:24Z</time>
   </trkpt>
   <trkpt lat="22.5168240" lon="88.3459270">
    <ele>8.9</ele>
    <time>2025-11-16T15:12:25Z</time>
   </trkpt>
   <trkpt lat="22.5168410" lon="88.3459300">
    <ele>9.0</ele>
    <time>2025-11-16T15:12:26Z</time>
   </trkpt>
   <trkpt lat="22.5168530" lon="88.3459360">
    <ele>9.0</ele>
    <time>2025-11-16T15:12:27Z</time>
   </trkpt>
   <trkpt lat="22.5168710" lon="88.3459520">
    <ele>9.0</ele>
    <time>2025-11-16T15:12:28Z</time>
   </trkpt>
   <trkpt lat="22.5168780" lon="88.3459560">
    <ele>9.0</ele>
    <time>2025-11-16T15:12:29Z</time>
   </trkpt>
   <trkpt lat="22.5168840" lon="88.3459600">
    <ele>9.0</ele>
    <time>2025-11-16T15:12:30Z</time>
   </trkpt>
   <trkpt lat="22.5168890" lon="88.3459630">
    <ele>9.0</ele>
    <time>2025-11-16T15:12:31Z</time>
   </trkpt>
   <trkpt lat="22.5168960" lon="88.3459700">
    <ele>9.0</ele>
    <time>2025-11-16T15:12:32Z</time>
   </trkpt>
   <trkpt lat="22.5169050" lon="88.3459790">
    <ele>9.0</ele>
    <time>2025-11-16T15:12:33Z</time>
   </trkpt>
   <trkpt lat="22.5169160" lon="88.3459900">
    <ele>9.0</ele>
    <time>2025-11-16T15:12:34Z</time>
   </trkpt>
   <trkpt lat="22.5169170" lon="88.3460070">
    <ele>9.0</ele>
    <time>2025-11-16T15:12:35Z</time>
   </trkpt>
   <trkpt lat="22.5169260" lon="88.3460140">
    <ele>9.0</ele>
    <time>2025-11-16T15:12:36Z</time>
   </trkpt>
   <trkpt lat="22.5169230" lon="88.3460150">
    <ele>9.0</ele>
    <time>2025-11-16T15:12:37Z</time>
   </trkpt>
   <trkpt lat="22.5169190" lon="88.3460220">
    <ele>9.0</ele>
    <time>2025-11-16T15:12:38Z</time>
   </trkpt>
   <trkpt lat="22.5169210" lon="88.3460310">
    <ele>9.0</ele>
    <time>2025-11-16T15:12:39Z</time>
   </trkpt>
   <trkpt lat="22.5169130" lon="88.3460290">
    <ele>9.0</ele>
    <time>2025-11-16T15:12:40Z</time>
   </trkpt>
   <trkpt lat="22.5169130" lon="88.3460270">
    <ele>9.0</ele>
    <time>2025-11-16T15:12:41Z</time>
   </trkpt>
   <trkpt lat="22.5169190" lon="88.3460190">
    <ele>9.0</ele>
    <time>2025-11-16T15:12:42Z</time>
   </trkpt>
   <trkpt lat="22.5169310" lon="88.3460210">
    <ele>9.0</ele>
    <time>2025-11-16T15:12:43Z</time>
   </trkpt>
   <trkpt lat="22.5169440" lon="88.3460180">
    <ele>9.0</ele>
    <time>2025-11-16T15:12:44Z</time>
   </trkpt>
   <trkpt lat="22.5169540" lon="88.3460210">
    <ele>9.0</ele>
    <time>2025-11-16T15:12:45Z</time>
   </trkpt>
   <trkpt lat="22.5169660" lon="88.3460230">
    <ele>9.0</ele>
    <time>2025-11-16T15:12:46Z</time>
   </trkpt>
   <trkpt lat="22.5169780" lon="88.3460260">
    <ele>9.0</ele>
    <time>2025-11-16T15:12:47Z</time>
   </trkpt>
   <trkpt lat="22.5169910" lon="88.3460310">
    <ele>9.0</ele>
    <time>2025-11-16T15:12:48Z</time>
   </trkpt>
   <trkpt lat="22.5170040" lon="88.3460290">
    <ele>9.0</ele>
    <time>2025-11-16T15:12:49Z</time>
   </trkpt>
   <trkpt lat="22.5170130" lon="88.3460260">
    <ele>9.0</ele>
    <time>2025-11-16T15:12:50Z</time>
   </trkpt>
   <trkpt lat="22.5170150" lon="88.3460220">
    <ele>9.0</ele>
    <time>2025-11-16T15:12:51Z</time>
   </trkpt>
   <trkpt lat="22.5170190" lon="88.3460240">
    <ele>9.0</ele>
    <time>2025-11-16T15:12:52Z</time>
   </trkpt>
   <trkpt lat="22.5170190" lon="88.3460250">
    <ele>9.0</ele>
    <time>2025-11-16T15:12:53Z</time>
   </trkpt>
   <trkpt lat="22.5170150" lon="88.3460220">
    <ele>9.0</ele>
    <time>2025-11-16T15:12:54Z</time>
   </trkpt>
   <trkpt lat="22.5170200" lon="88.3460210">
    <ele>9.0</ele>
    <time>2025-11-16T15:12:55Z</time>
   </trkpt>
   <trkpt lat="22.5170240" lon="88.3460170">
    <ele>9.0</ele>
    <time>2025-11-16T15:12:56Z</time>
   </trkpt>
   <trkpt lat="22.5170320" lon="88.3460200">
    <ele>9.0</ele>
    <time>2025-11-16T15:12:57Z</time>
   </trkpt>
   <trkpt lat="22.5170470" lon="88.3460210">
    <ele>9.0</ele>
    <time>2025-11-16T15:12:58Z</time>
   </trkpt>
   <trkpt lat="22.5170630" lon="88.3460220">
    <ele>9.0</ele>
    <time>2025-11-16T15:12:59Z</time>
   </trkpt>
   <trkpt lat="22.5170750" lon="88.3460230">
    <ele>9.0</ele>
    <time>2025-11-16T15:13:00Z</time>
   </trkpt>
   <trkpt lat="22.5170880" lon="88.3460180">
    <ele>9.0</ele>
    <time>2025-11-16T15:13:01Z</time>
   </trkpt>
   <trkpt lat="22.5171030" lon="88.3460150">
    <ele>9.0</ele>
    <time>2025-11-16T15:13:02Z</time>
   </trkpt>
   <trkpt lat="22.5171120" lon="88.3460130">
    <ele>9.0</ele>
    <time>2025-11-16T15:13:03Z</time>
   </trkpt>
   <trkpt lat="22.5171230" lon="88.3460080">
    <ele>9.0</ele>
    <time>2025-11-16T15:13:04Z</time>
   </trkpt>
   <trkpt lat="22.5171270" lon="88.3460060">
    <ele>9.0</ele>
    <time>2025-11-16T15:13:05Z</time>
   </trkpt>
   <trkpt lat="22.5171340" lon="88.3460070">
    <ele>8.9</ele>
    <time>2025-11-16T15:13:06Z</time>
   </trkpt>
   <trkpt lat="22.5171430" lon="88.3460060">
    <ele>8.9</ele>
    <time>2025-11-16T15:13:07Z</time>
   </trkpt>
   <trkpt lat="22.5171470" lon="88.3460050">
    <ele>8.9</ele>
    <time>2025-11-16T15:13:08Z</time>
   </trkpt>
   <trkpt lat="22.5171510" lon="88.3460050">
    <ele>8.9</ele>
    <time>2025-11-16T15:13:09Z</time>
   </trkpt>
   <trkpt lat="22.5171550" lon="88.3460050">
    <ele>8.9</ele>
    <time>2025-11-16T15:13:10Z</time>
   </trkpt>
   <trkpt lat="22.5171580" lon="88.3460040">
    <ele>8.9</ele>
    <time>2025-11-16T15:13:11Z</time>
   </trkpt>
   <trkpt lat="22.5171620" lon="88.3460040">
    <ele>8.9</ele>
    <time>2025-11-16T15:13:12Z</time>
   </trkpt>
   <trkpt lat="22.5171660" lon="88.3460030">
    <ele>8.9</ele>
    <time>2025-11-16T15:13:13Z</time>
   </trkpt>
   <trkpt lat="22.5171700" lon="88.3460030">
    <ele>8.9</ele>
    <time>2025-11-16T15:13:14Z</time>
   </trkpt>
   <trkpt lat="22.5171760" lon="88.3460040">
    <ele>8.9</ele>
    <time>2025-11-16T15:13:15Z</time>
   </trkpt>
   <trkpt lat="22.5171920" lon="88.3460060">
    <ele>8.9</ele>
    <time>2025-11-16T15:13:16Z</time>
   </trkpt>
   <trkpt lat="22.5172020" lon="88.3460120">
    <ele>8.9</ele>
    <time>2025-11-16T15:13:17Z</time>
   </trkpt>
   <trkpt lat="22.5172120" lon="88.3460150">
    <ele>8.9</ele>
    <time>2025-11-16T15:13:18Z</time>
   </trkpt>
   <trkpt lat="22.5172170" lon="88.3460160">
    <ele>8.9</ele>
    <time>2025-11-16T15:13:19Z</time>
   </trkpt>
   <trkpt lat="22.5172210" lon="88.3460160">
    <ele>8.9</ele>
    <time>2025-11-16T15:13:20Z</time>
   </trkpt>
   <trkpt lat="22.5172250" lon="88.3460170">
    <ele>8.9</ele>
    <time>2025-11-16T15:13:21Z</time>
   </trkpt>
   <trkpt lat="22.5172300" lon="88.3460170">
    <ele>8.9</ele>
    <time>2025-11-16T15:13:22Z</time>
   </trkpt>
   <trkpt lat="22.5172340" lon="88.3460180">
    <ele>8.9</ele>
    <time>2025-11-16T15:13:23Z</time>
   </trkpt>
   <trkpt lat="22.5172380" lon="88.3460180">
    <ele>8.9</ele>
    <time>2025-11-16T15:13:24Z</time>
   </trkpt>
   <trkpt lat="22.5172430" lon="88.3460190">
    <ele>8.9</ele>
    <time>2025-11-16T15:13:25Z</time>
   </trkpt>
   <trkpt lat="22.5172470" lon="88.3460190">
    <ele>8.9</ele>
    <time>2025-11-16T15:13:26Z</time>
   </trkpt>
   <trkpt lat="22.5172730" lon="88.3460200">
    <ele>8.9</ele>
    <time>2025-11-16T15:13:27Z</time>
   </trkpt>
   <trkpt lat="22.5172810" lon="88.3460250">
    <ele>8.9</ele>
    <time>2025-11-16T15:13:28Z</time>
   </trkpt>
   <trkpt lat="22.5172930" lon="88.3460200">
    <ele>8.9</ele>
    <time>2025-11-16T15:13:29Z</time>
   </trkpt>
   <trkpt lat="22.5173090" lon="88.3460260">
    <ele>8.9</ele>
    <time>2025-11-16T15:13:30Z</time>
   </trkpt>
   <trkpt lat="22.5173410" lon="88.3460420">
    <ele>8.9</ele>
    <time>2025-11-16T15:13:31Z</time>
   </trkpt>
   <trkpt lat="22.5173390" lon="88.3460350">
    <ele>8.9</ele>
    <time>2025-11-16T15:13:33Z</time>
   </trkpt>
   <trkpt lat="22.5173370" lon="88.3460540">
    <ele>8.9</ele>
    <time>2025-11-16T15:13:34Z</time>
   </trkpt>
   <trkpt lat="22.5173570" lon="88.3460540">
    <ele>8.9</ele>
    <time>2025-11-16T15:13:35Z</time>
   </trkpt>
   <trkpt lat="22.5173690" lon="88.3460500">
    <ele>8.9</ele>
    <time>2025-11-16T15:13:36Z</time>
   </trkpt>
   <trkpt lat="22.5173700" lon="88.3460430">
    <ele>8.9</ele>
    <time>2025-11-16T15:13:37Z</time>
   </trkpt>
   <trkpt lat="22.5173830" lon="88.3460530">
    <ele>8.9</ele>
    <time>2025-11-16T15:13:38Z</time>
   </trkpt>
   <trkpt lat="22.5173900" lon="88.3460490">
    <ele>8.9</ele>
    <time>2025-11-16T15:13:39Z</time>
   </trkpt>
   <trkpt lat="22.5174030" lon="88.3460420">
    <ele>8.9</ele>
    <time>2025-11-16T15:13:40Z</time>
   </trkpt>
   <trkpt lat="22.5174130" lon="88.3460410">
    <ele>8.9</ele>
    <time>2025-11-16T15:13:41Z</time>
   </trkpt>
   <trkpt lat="22.5174190" lon="88.3460360">
    <ele>8.9</ele>
    <time>2025-11-16T15:13:42Z</time>
   </trkpt>
   <trkpt lat="22.5174350" lon="88.3460340">
    <ele>8.9</ele>
    <time>2025-11-16T15:13:43Z</time>
   </trkpt>
   <trkpt lat="22.5174700" lon="88.3460410">
    <ele>8.9</ele>
    <time>2025-11-16T15:13:44Z</time>
   </trkpt>
   <trkpt lat="22.5174810" lon="88.3460440">
    <ele>8.9</ele>
    <time>2025-11-16T15:13:45Z</time>
   </trkpt>
   <trkpt lat="22.5174890" lon="88.3460470">
    <ele>8.9</ele>
    <time>2025-11-16T15:13:46Z</time>
   </trkpt>
   <trkpt lat="22.5175130" lon="88.3460610">
    <ele>8.8</ele>
    <time>2025-11-16T15:13:47Z</time>
   </trkpt>
   <trkpt lat="22.5175220" lon="88.3460610">
    <ele>8.8</ele>
    <time>2025-11-16T15:13:48Z</time>
   </trkpt>
   <trkpt lat="22.5175340" lon="88.3460730">
    <ele>8.8</ele>
    <time>2025-11-16T15:13:49Z</time>
   </trkpt>
   <trkpt lat="22.5175390" lon="88.3460760">
    <ele>8.8</ele>
    <time>2025-11-16T15:13:50Z</time>
   </trkpt>
   <trkpt lat="22.5175570" lon="88.3460810">
    <ele>8.8</ele>
    <time>2025-11-16T15:13:51Z</time>
   </trkpt>
   <trkpt lat="22.5175670" lon="88.3460870">
    <ele>8.8</ele>
    <time>2025-11-16T15:13:52Z</time>
   </trkpt>
   <trkpt lat="22.5175760" lon="88.3460920">
    <ele>8.8</ele>
    <time>2025-11-16T15:13:53Z</time>
   </trkpt>
   <trkpt lat="22.5175850" lon="88.3460980">
    <ele>8.8</ele>
    <time>2025-11-16T15:13:54Z</time>
   </trkpt>
   <trkpt lat="22.5176040" lon="88.3460960">
    <ele>8.8</ele>
    <time>2025-11-16T15:13:55Z</time>
   </trkpt>
   <trkpt lat="22.5176190" lon="88.3460880">
    <ele>8.8</ele>
    <time>2025-11-16T15:13:56Z</time>
   </trkpt>
   <trkpt lat="22.5176290" lon="88.3460830">
    <ele>8.8</ele>
    <time>2025-11-16T15:13:57Z</time>
   </trkpt>
   <trkpt lat="22.5176380" lon="88.3460840">
    <ele>8.8</ele>
    <time>2025-11-16T15:13:58Z</time>
   </trkpt>
   <trkpt lat="22.5176470" lon="88.3460850">
    <ele>8.8</ele>
    <time>2025-11-16T15:13:59Z</time>
   </trkpt>
   <trkpt lat="22.5176500" lon="88.3460850">
    <ele>8.8</ele>
    <time>2025-11-16T15:14:00Z</time>
   </trkpt>
   <trkpt lat="22.5176580" lon="88.3460870">
    <ele>8.8</ele>
    <time>2025-11-16T15:14:01Z</time>
   </trkpt>
   <trkpt lat="22.5176670" lon="88.3460900">
    <ele>8.8</ele>
    <time>2025-11-16T15:14:02Z</time>
   </trkpt>
   <trkpt lat="22.5176790" lon="88.3460920">
    <ele>8.8</ele>
    <time>2025-11-16T15:14:03Z</time>
   </trkpt>
   <trkpt lat="22.5177190" lon="88.3461250">
    <ele>8.8</ele>
    <time>2025-11-16T15:14:04Z</time>
   </trkpt>
   <trkpt lat="22.5177490" lon="88.3461280">
    <ele>8.8</ele>
    <time>2025-11-16T15:14:05Z</time>
   </trkpt>
   <trkpt lat="22.5177690" lon="88.3461320">
    <ele>8.8</ele>
    <time>2025-11-16T15:14:06Z</time>
   </trkpt>
   <trkpt lat="22.5177740" lon="88.3461370">
    <ele>8.8</ele>
    <time>2025-11-16T15:14:07Z</time>
   </trkpt>
   <trkpt lat="22.5177780" lon="88.3461420">
    <ele>8.7</ele>
    <time>2025-11-16T15:14:08Z</time>
   </trkpt>
   <trkpt lat="22.5177830" lon="88.3461470">
    <ele>8.7</ele>
    <time>2025-11-16T15:14:09Z</time>
   </trkpt>
   <trkpt lat="22.5177910" lon="88.3461530">
    <ele>8.7</ele>
    <time>2025-11-16T15:14:10Z</time>
   </trkpt>
   <trkpt lat="22.5177980" lon="88.3461530">
    <ele>8.7</ele>
    <time>2025-11-16T15:14:11Z</time>
   </trkpt>
   <trkpt lat="22.5178160" lon="88.3461570">
    <ele>8.7</ele>
    <time>2025-11-16T15:14:12Z</time>
   </trkpt>
   <trkpt lat="22.5178290" lon="88.3461550">
    <ele>8.7</ele>
    <time>2025-11-16T15:14:13Z</time>
   </trkpt>
   <trkpt lat="22.5178520" lon="88.3461560">
    <ele>8.7</ele>
    <time>2025-11-16T15:14:14Z</time>
   </trkpt>
   <trkpt lat="22.5178740" lon="88.3461530">
    <ele>8.7</ele>
    <time>2025-11-16T15:14:15Z</time>
   </trkpt>
   <trkpt lat="22.5178820" lon="88.3461510">
    <ele>8.7</ele>
    <time>2025-11-16T15:14:16Z</time>
   </trkpt>
   <trkpt lat="22.5178910" lon="88.3461500">
    <ele>8.7</ele>
    <time>2025-11-16T15:14:17Z</time>
   </trkpt>
   <trkpt lat="22.5179040" lon="88.3461520">
    <ele>8.7</ele>
    <time>2025-11-16T15:14:18Z</time>
   </trkpt>
   <trkpt lat="22.5179170" lon="88.3461540">
    <ele>8.7</ele>
    <time>2025-11-16T15:14:19Z</time>
   </trkpt>
   <trkpt lat="22.5179260" lon="88.3461560">
    <ele>8.7</ele>
    <time>2025-11-16T15:14:20Z</time>
   </trkpt>
   <trkpt lat="22.5179460" lon="88.3461580">
    <ele>8.7</ele>
    <time>2025-11-16T15:14:21Z</time>
   </trkpt>
   <trkpt lat="22.5179550" lon="88.3461610">
    <ele>8.7</ele>
    <time>2025-11-16T15:14:22Z</time>
   </trkpt>
   <trkpt lat="22.5179630" lon="88.3461640">
    <ele>8.7</ele>
    <time>2025-11-16T15:14:23Z</time>
   </trkpt>
   <trkpt lat="22.5179850" lon="88.3461670">
    <ele>8.7</ele>
    <time>2025-11-16T15:14:24Z</time>
   </trkpt>
   <trkpt lat="22.5179940" lon="88.3461680">
    <ele>8.7</ele>
    <time>2025-11-16T15:14:25Z</time>
   </trkpt>
   <trkpt lat="22.5180040" lon="88.3461700">
    <ele>8.7</ele>
    <time>2025-11-16T15:14:26Z</time>
   </trkpt>
   <trkpt lat="22.5180240" lon="88.3461750">
    <ele>8.7</ele>
    <time>2025-11-16T15:14:27Z</time>
   </trkpt>
   <trkpt lat="22.5180310" lon="88.3461770">
    <ele>8.7</ele>
    <time>2025-11-16T15:14:28Z</time>
   </trkpt>
   <trkpt lat="22.5180390" lon="88.3461780">
    <ele>8.7</ele>
    <time>2025-11-16T15:14:29Z</time>
   </trkpt>
   <trkpt lat="22.5180460" lon="88.3461800">
    <ele>8.7</ele>
    <time>2025-11-16T15:14:30Z</time>
   </trkpt>
   <trkpt lat="22.5180690" lon="88.3461800">
    <ele>8.7</ele>
    <time>2025-11-16T15:14:31Z</time>
   </trkpt>
   <trkpt lat="22.5180770" lon="88.3461810">
    <ele>8.7</ele>
    <time>2025-11-16T15:14:32Z</time>
   </trkpt>
   <trkpt lat="22.5180850" lon="88.3461810">
    <ele>8.7</ele>
    <time>2025-11-16T15:14:33Z</time>
   </trkpt>
   <trkpt lat="22.5180980" lon="88.3461810">
    <ele>8.7</ele>
    <time>2025-11-16T15:14:34Z</time>
   </trkpt>
   <trkpt lat="22.5181130" lon="88.3461860">
    <ele>8.7</ele>
    <time>2025-11-16T15:14:35Z</time>
   </trkpt>
   <trkpt lat="22.5181250" lon="88.3461890">
    <ele>8.7</ele>
    <time>2025-11-16T15:14:36Z</time>
   </trkpt>
   <trkpt lat="22.5181360" lon="88.3461890">
    <ele>8.7</ele>
    <time>2025-11-16T15:14:37Z</time>
   </trkpt>
   <trkpt lat="22.5181450" lon="88.3461900">
    <ele>8.7</ele>
    <time>2025-11-16T15:14:38Z</time>
   </trkpt>
   <trkpt lat="22.5181540" lon="88.3461880">
    <ele>8.7</ele>
    <time>2025-11-16T15:14:39Z</time>
   </trkpt>
   <trkpt lat="22.5181670" lon="88.3461900">
    <ele>8.7</ele>
    <time>2025-11-16T15:14:40Z</time>
   </trkpt>
   <trkpt lat="22.5181780" lon="88.3461910">
    <ele>8.7</ele>
    <time>2025-11-16T15:14:41Z</time>
   </trkpt>
   <trkpt lat="22.5181880" lon="88.3461930">
    <ele>8.7</ele>
    <time>2025-11-16T15:14:42Z</time>
   </trkpt>
   <trkpt lat="22.5181960" lon="88.3461940">
    <ele>8.7</ele>
    <time>2025-11-16T15:14:43Z</time>
   </trkpt>
   <trkpt lat="22.5182090" lon="88.3461950">
    <ele>8.7</ele>
    <time>2025-11-16T15:14:44Z</time>
   </trkpt>
   <trkpt lat="22.5182180" lon="88.3461950">
    <ele>8.7</ele>
    <time>2025-11-16T15:14:46Z</time>
   </trkpt>
   <trkpt lat="22.5182260" lon="88.3461960">
    <ele>8.7</ele>
    <time>2025-11-16T15:14:47Z</time>
   </trkpt>
   <trkpt lat="22.5182390" lon="88.3461970">
    <ele>8.7</ele>
    <time>2025-11-16T15:14:48Z</time>
   </trkpt>
   <trkpt lat="22.5182600" lon="88.3461940">
    <ele>8.7</ele>
    <time>2025-11-16T15:14:49Z</time>
   </trkpt>
   <trkpt lat="22.5182690" lon="88.3461950">
    <ele>8.7</ele>
    <time>2025-11-16T15:14:50Z</time>
   </trkpt>
   <trkpt lat="22.5182780" lon="88.3461970">
    <ele>8.7</ele>
    <time>2025-11-16T15:14:51Z</time>
   </trkpt>
   <trkpt lat="22.5182920" lon="88.3462030">
    <ele>8.7</ele>
    <time>2025-11-16T15:14:52Z</time>
   </trkpt>
   <trkpt lat="22.5182990" lon="88.3462140">
    <ele>8.7</ele>
    <time>2025-11-16T15:14:53Z</time>
   </trkpt>
   <trkpt lat="22.5183030" lon="88.3462180">
    <ele>8.7</ele>
    <time>2025-11-16T15:14:54Z</time>
   </trkpt>
   <trkpt lat="22.5183150" lon="88.3462200">
    <ele>8.7</ele>
    <time>2025-11-16T15:14:55Z</time>
   </trkpt>
   <trkpt lat="22.5183230" lon="88.3462180">
    <ele>8.7</ele>
    <time>2025-11-16T15:14:56Z</time>
   </trkpt>
   <trkpt lat="22.5183350" lon="88.3462170">
    <ele>8.7</ele>
    <time>2025-11-16T15:14:57Z</time>
   </trkpt>
   <trkpt lat="22.5183510" lon="88.3462200">
    <ele>8.7</ele>
    <time>2025-11-16T15:14:58Z</time>
   </trkpt>
   <trkpt lat="22.5183620" lon="88.3462260">
    <ele>8.7</ele>
    <time>2025-11-16T15:14:59Z</time>
   </trkpt>
   <trkpt lat="22.5183820" lon="88.3462310">
    <ele>8.7</ele>
    <time>2025-11-16T15:15:00Z</time>
   </trkpt>
   <trkpt lat="22.5183900" lon="88.3462330">
    <ele>8.7</ele>
    <time>2025-11-16T15:15:01Z</time>
   </trkpt>
   <trkpt lat="22.5184060" lon="88.3462340">
    <ele>8.7</ele>
    <time>2025-11-16T15:15:02Z</time>
   </trkpt>
   <trkpt lat="22.5184190" lon="88.3462360">
    <ele>8.7</ele>
    <time>2025-11-16T15:15:03Z</time>
   </trkpt>
   <trkpt lat="22.5184290" lon="88.3462350">
    <ele>8.7</ele>
    <time>2025-11-16T15:15:04Z</time>
   </trkpt>
   <trkpt lat="22.5184360" lon="88.3462320">
    <ele>8.7</ele>
    <time>2025-11-16T15:15:05Z</time>
   </trkpt>
   <trkpt lat="22.5184560" lon="88.3462350">
    <ele>8.7</ele>
    <time>2025-11-16T15:15:06Z</time>
   </trkpt>
   <trkpt lat="22.5184590" lon="88.3462500">
    <ele>8.7</ele>
    <time>2025-11-16T15:15:07Z</time>
   </trkpt>
   <trkpt lat="22.5184800" lon="88.3462510">
    <ele>8.7</ele>
    <time>2025-11-16T15:15:08Z</time>
   </trkpt>
   <trkpt lat="22.5184920" lon="88.3462520">
    <ele>8.7</ele>
    <time>2025-11-16T15:15:09Z</time>
   </trkpt>
   <trkpt lat="22.5185030" lon="88.3462550">
    <ele>8.7</ele>
    <time>2025-11-16T15:15:10Z</time>
   </trkpt>
   <trkpt lat="22.5185120" lon="88.3462580">
    <ele>8.7</ele>
    <time>2025-11-16T15:15:11Z</time>
   </trkpt>
   <trkpt lat="22.5185210" lon="88.3462550">
    <ele>8.7</ele>
    <time>2025-11-16T15:15:12Z</time>
   </trkpt>
   <trkpt lat="22.5185430" lon="88.3462570">
    <ele>8.7</ele>
    <time>2025-11-16T15:15:13Z</time>
   </trkpt>
   <trkpt lat="22.5185500" lon="88.3462610">
    <ele>8.7</ele>
    <time>2025-11-16T15:15:14Z</time>
   </trkpt>
   <trkpt lat="22.5185590" lon="88.3462620">
    <ele>8.7</ele>
    <time>2025-11-16T15:15:15Z</time>
   </trkpt>
   <trkpt lat="22.5185780" lon="88.3462630">
    <ele>8.7</ele>
    <time>2025-11-16T15:15:16Z</time>
   </trkpt>
   <trkpt lat="22.5185980" lon="88.3462650">
    <ele>8.7</ele>
    <time>2025-11-16T15:15:17Z</time>
   </trkpt>
   <trkpt lat="22.5186080" lon="88.3462570">
    <ele>8.7</ele>
    <time>2025-11-16T15:15:18Z</time>
   </trkpt>
   <trkpt lat="22.5186310" lon="88.3462570">
    <ele>8.7</ele>
    <time>2025-11-16T15:15:19Z</time>
   </trkpt>
   <trkpt lat="22.5186400" lon="88.3462560">
    <ele>8.7</ele>
    <time>2025-11-16T15:15:20Z</time>
   </trkpt>
   <trkpt lat="22.5186480" lon="88.3462540">
    <ele>8.7</ele>
    <time>2025-11-16T15:15:21Z</time>
   </trkpt>
   <trkpt lat="22.5186590" lon="88.3462550">
    <ele>8.7</ele>
    <time>2025-11-16T15:15:22Z</time>
   </trkpt>
   <trkpt lat="22.5186700" lon="88.3462600">
    <ele>8.7</ele>
    <time>2025-11-16T15:15:23Z</time>
   </trkpt>
   <trkpt lat="22.5186780" lon="88.3462700">
    <ele>8.7</ele>
    <time>2025-11-16T15:15:24Z</time>
   </trkpt>
   <trkpt lat="22.5186950" lon="88.3462950">
    <ele>8.7</ele>
    <time>2025-11-16T15:15:25Z</time>
   </trkpt>
   <trkpt lat="22.5187020" lon="88.3463000">
    <ele>8.7</ele>
    <time>2025-11-16T15:15:26Z</time>
   </trkpt>
   <trkpt lat="22.5187080" lon="88.3463040">
    <ele>8.7</ele>
    <time>2025-11-16T15:15:27Z</time>
   </trkpt>
   <trkpt lat="22.5187240" lon="88.3463050">
    <ele>8.7</ele>
    <time>2025-11-16T15:15:28Z</time>
   </trkpt>
   <trkpt lat="22.5187370" lon="88.3463060">
    <ele>8.7</ele>
    <time>2025-11-16T15:15:29Z</time>
   </trkpt>
   <trkpt lat="22.5187550" lon="88.3463060">
    <ele>8.7</ele>
    <time>2025-11-16T15:15:30Z</time>
   </trkpt>
   <trkpt lat="22.5187690" lon="88.3463020">
    <ele>8.7</ele>
    <time>2025-11-16T15:15:31Z</time>
   </trkpt>
   <trkpt lat="22.5187830" lon="88.3463020">
    <ele>8.8</ele>
    <time>2025-11-16T15:15:32Z</time>
   </trkpt>
   <trkpt lat="22.5187970" lon="88.3463080">
    <ele>8.8</ele>
    <time>2025-11-16T15:15:33Z</time>
   </trkpt>
   <trkpt lat="22.5188120" lon="88.3463130">
    <ele>8.8</ele>
    <time>2025-11-16T15:15:34Z</time>
   </trkpt>
   <trkpt lat="22.5188250" lon="88.3463160">
    <ele>8.8</ele>
    <time>2025-11-16T15:15:35Z</time>
   </trkpt>
   <trkpt lat="22.5188370" lon="88.3463240">
    <ele>8.8</ele>
    <time>2025-11-16T15:15:36Z</time>
   </trkpt>
   <trkpt lat="22.5188540" lon="88.3463270">
    <ele>8.8</ele>
    <time>2025-11-16T15:15:37Z</time>
   </trkpt>
   <trkpt lat="22.5188680" lon="88.3463310">
    <ele>8.7</ele>
    <time>2025-11-16T15:15:38Z</time>
   </trkpt>
   <trkpt lat="22.5188780" lon="88.3463340">
    <ele>8.7</ele>
    <time>2025-11-16T15:15:39Z</time>
   </trkpt>
   <trkpt lat="22.5188890" lon="88.3463380">
    <ele>8.7</ele>
    <time>2025-11-16T15:15:40Z</time>
   </trkpt>
   <trkpt lat="22.5189020" lon="88.3463430">
    <ele>8.7</ele>
    <time>2025-11-16T15:15:41Z</time>
   </trkpt>
   <trkpt lat="22.5189190" lon="88.3463550">
    <ele>8.7</ele>
    <time>2025-11-16T15:15:42Z</time>
   </trkpt>
   <trkpt lat="22.5189420" lon="88.3463700">
    <ele>8.7</ele>
    <time>2025-11-16T15:15:43Z</time>
   </trkpt>
   <trkpt lat="22.5189420" lon="88.3463660">
    <ele>8.7</ele>
    <time>2025-11-16T15:15:44Z</time>
   </trkpt>
   <trkpt lat="22.5189530" lon="88.3463610">
    <ele>8.7</ele>
    <time>2025-11-16T15:15:45Z</time>
   </trkpt>
   <trkpt lat="22.5189630" lon="88.3463600">
    <ele>8.7</ele>
    <time>2025-11-16T15:15:46Z</time>
   </trkpt>
   <trkpt lat="22.5189700" lon="88.3463620">
    <ele>8.7</ele>
    <time>2025-11-16T15:15:47Z</time>
   </trkpt>
   <trkpt lat="22.5189780" lon="88.3463630">
    <ele>8.7</ele>
    <time>2025-11-16T15:15:48Z</time>
   </trkpt>
   <trkpt lat="22.5189850" lon="88.3463650">
    <ele>8.7</ele>
    <time>2025-11-16T15:15:49Z</time>
   </trkpt>
   <trkpt lat="22.5189920" lon="88.3463670">
    <ele>8.7</ele>
    <time>2025-11-16T15:15:50Z</time>
   </trkpt>
   <trkpt lat="22.5190120" lon="88.3463860">
    <ele>8.7</ele>
    <time>2025-11-16T15:15:51Z</time>
   </trkpt>
   <trkpt lat="22.5190210" lon="88.3463930">
    <ele>8.7</ele>
    <time>2025-11-16T15:15:52Z</time>
   </trkpt>
   <trkpt lat="22.5190290" lon="88.3463950">
    <ele>8.7</ele>
    <time>2025-11-16T15:15:53Z</time>
   </trkpt>
   <trkpt lat="22.5190370" lon="88.3463980">
    <ele>8.7</ele>
    <time>2025-11-16T15:15:54Z</time>
   </trkpt>
   <trkpt lat="22.5190530" lon="88.3464030">
    <ele>8.7</ele>
    <time>2025-11-16T15:15:55Z</time>
   </trkpt>
   <trkpt lat="22.5190630" lon="88.3464140">
    <ele>8.7</ele>
    <time>2025-11-16T15:15:56Z</time>
   </trkpt>
   <trkpt lat="22.5190770" lon="88.3464220">
    <ele>8.7</ele>
    <time>2025-11-16T15:15:57Z</time>
   </trkpt>
   <trkpt lat="22.5190840" lon="88.3464350">
    <ele>8.7</ele>
    <time>2025-11-16T15:15:58Z</time>
   </trkpt>
   <trkpt lat="22.5190970" lon="88.3464400">
    <ele>8.7</ele>
    <time>2025-11-16T15:15:59Z</time>
   </trkpt>
   <trkpt lat="22.5191030" lon="88.3464470">
    <ele>8.7</ele>
    <time>2025-11-16T15:16:00Z</time>
   </trkpt>
   <trkpt lat="22.5191200" lon="88.3464490">
    <ele>8.8</ele>
    <time>2025-11-16T15:16:01Z</time>
   </trkpt>
   <trkpt lat="22.5191300" lon="88.3464500">
    <ele>8.8</ele>
    <time>2025-11-16T15:16:02Z</time>
   </trkpt>
   <trkpt lat="22.5191390" lon="88.3464520">
    <ele>8.8</ele>
    <time>2025-11-16T15:16:03Z</time>
   </trkpt>
   <trkpt lat="22.5191480" lon="88.3464540">
    <ele>8.8</ele>
    <time>2025-11-16T15:16:04Z</time>
   </trkpt>
   <trkpt lat="22.5191650" lon="88.3464550">
    <ele>8.8</ele>
    <time>2025-11-16T15:16:05Z</time>
   </trkpt>
   <trkpt lat="22.5191810" lon="88.3464600">
    <ele>8.8</ele>
    <time>2025-11-16T15:16:06Z</time>
   </trkpt>
   <trkpt lat="22.5191970" lon="88.3464650">
    <ele>8.8</ele>
    <time>2025-11-16T15:16:07Z</time>
   </trkpt>
   <trkpt lat="22.5192100" lon="88.3464670">
    <ele>8.8</ele>
    <time>2025-11-16T15:16:08Z</time>
   </trkpt>
   <trkpt lat="22.5192200" lon="88.3464690">
    <ele>8.8</ele>
    <time>2025-11-16T15:16:09Z</time>
   </trkpt>
   <trkpt lat="22.5192270" lon="88.3464740">
    <ele>8.8</ele>
    <time>2025-11-16T15:16:10Z</time>
   </trkpt>
   <trkpt lat="22.5192350" lon="88.3464710">
    <ele>8.8</ele>
    <time>2025-11-16T15:16:11Z</time>
   </trkpt>
   <trkpt lat="22.5192450" lon="88.3464740">
    <ele>8.8</ele>
    <time>2025-11-16T15:16:12Z</time>
   </trkpt>
   <trkpt lat="22.5192670" lon="88.3464890">
    <ele>8.8</ele>
    <time>2025-11-16T15:16:13Z</time>
   </trkpt>
   <trkpt lat="22.5192730" lon="88.3464850">
    <ele>8.8</ele>
    <time>2025-11-16T15:16:14Z</time>
   </trkpt>
   <trkpt lat="22.5192940" lon="88.3464800">
    <ele>8.8</ele>
    <time>2025-11-16T15:16:15Z</time>
   </trkpt>
   <trkpt lat="22.5193050" lon="88.3464850">
    <ele>8.8</ele>
    <time>2025-11-16T15:16:16Z</time>
   </trkpt>
   <trkpt lat="22.5193230" lon="88.3464810">
    <ele>8.8</ele>
    <time>2025-11-16T15:16:17Z</time>
   </trkpt>
   <trkpt lat="22.5193250" lon="88.3464880">
    <ele>8.8</ele>
    <time>2025-11-16T15:16:18Z</time>
   </trkpt>
   <trkpt lat="22.5193370" lon="88.3464860">
    <ele>8.8</ele>
    <time>2025-11-16T15:16:19Z</time>
   </trkpt>
   <trkpt lat="22.5193560" lon="88.3464910">
    <ele>8.8</ele>
    <time>2025-11-16T15:16:20Z</time>
   </trkpt>
   <trkpt lat="22.5193660" lon="88.3464940">
    <ele>8.8</ele>
    <time>2025-11-16T15:16:21Z</time>
   </trkpt>
   <trkpt lat="22.5193750" lon="88.3464970">
    <ele>8.8</ele>
    <time>2025-11-16T15:16:22Z</time>
   </trkpt>
   <trkpt lat="22.5193890" lon="88.3464970">
    <ele>8.8</ele>
    <time>2025-11-16T15:16:23Z</time>
   </trkpt>
   <trkpt lat="22.5194110" lon="88.3465060">
    <ele>8.8</ele>
    <time>2025-11-16T15:16:24Z</time>
   </trkpt>
   <trkpt lat="22.5194190" lon="88.3465110">
    <ele>8.8</ele>
    <time>2025-11-16T15:16:25Z</time>
   </trkpt>
   <trkpt lat="22.5194270" lon="88.3465150">
    <ele>8.8</ele>
    <time>2025-11-16T15:16:26Z</time>
   </trkpt>
   <trkpt lat="22.5194400" lon="88.3465140">
    <ele>8.8</ele>
    <time>2025-11-16T15:16:27Z</time>
   </trkpt>
   <trkpt lat="22.5194530" lon="88.3465240">
    <ele>8.8</ele>
    <time>2025-11-16T15:16:28Z</time>
   </trkpt>
   <trkpt lat="22.5194740" lon="88.3465200">
    <ele>8.8</ele>
    <time>2025-11-16T15:16:29Z</time>
   </trkpt>
   <trkpt lat="22.5194920" lon="88.3465190">
    <ele>8.8</ele>
    <time>2025-11-16T15:16:30Z</time>
   </trkpt>
   <trkpt lat="22.5195040" lon="88.3465270">
    <ele>8.8</ele>
    <time>2025-11-16T15:16:31Z</time>
   </trkpt>
   <trkpt lat="22.5195180" lon="88.3465270">
    <ele>8.8</ele>
    <time>2025-11-16T15:16:32Z</time>
   </trkpt>
   <trkpt lat="22.5195310" lon="88.3465290">
    <ele>8.8</ele>
    <time>2025-11-16T15:16:33Z</time>
   </trkpt>
   <trkpt lat="22.5195550" lon="88.3465330">
    <ele>8.8</ele>
    <time>2025-11-16T15:16:34Z</time>
   </trkpt>
   <trkpt lat="22.5195620" lon="88.3465360">
    <ele>8.8</ele>
    <time>2025-11-16T15:16:35Z</time>
   </trkpt>
   <trkpt lat="22.5195700" lon="88.3465380">
    <ele>8.8</ele>
    <time>2025-11-16T15:16:36Z</time>
   </trkpt>
   <trkpt lat="22.5195760" lon="88.3465390">
    <ele>8.8</ele>
    <time>2025-11-16T15:16:37Z</time>
   </trkpt>
   <trkpt lat="22.5195830" lon="88.3465390">
    <ele>8.8</ele>
    <time>2025-11-16T15:16:38Z</time>
   </trkpt>
   <trkpt lat="22.5195920" lon="88.3465410">
    <ele>8.8</ele>
    <time>2025-11-16T15:16:39Z</time>
   </trkpt>
   <trkpt lat="22.5196010" lon="88.3465430">
    <ele>8.8</ele>
    <time>2025-11-16T15:16:40Z</time>
   </trkpt>
   <trkpt lat="22.5196170" lon="88.3465470">
    <ele>8.8</ele>
    <time>2025-11-16T15:16:41Z</time>
   </trkpt>
   <trkpt lat="22.5196250" lon="88.3465500">
    <ele>8.8</ele>
    <time>2025-11-16T15:16:42Z</time>
   </trkpt>
   <trkpt lat="22.5196320" lon="88.3465540">
    <ele>8.8</ele>
    <time>2025-11-16T15:16:43Z</time>
   </trkpt>
   <trkpt lat="22.5196390" lon="88.3465580">
    <ele>8.8</ele>
    <time>2025-11-16T15:16:44Z</time>
   </trkpt>
   <trkpt lat="22.5196550" lon="88.3465560">
    <ele>8.8</ele>
    <time>2025-11-16T15:16:45Z</time>
   </trkpt>
   <trkpt lat="22.5196560" lon="88.3465490">
    <ele>8.8</ele>
    <time>2025-11-16T15:16:46Z</time>
   </trkpt>
   <trkpt lat="22.5196580" lon="88.3465420">
    <ele>8.8</ele>
    <time>2025-11-16T15:16:47Z</time>
   </trkpt>
   <trkpt lat="22.5196600" lon="88.3465350">
    <ele>8.8</ele>
    <time>2025-11-16T15:16:48Z</time>
   </trkpt>
   <trkpt lat="22.5196610" lon="88.3465280">
    <ele>8.8</ele>
    <time>2025-11-16T15:16:49Z</time>
   </trkpt>
   <trkpt lat="22.5196630" lon="88.3465210">
    <ele>8.8</ele>
    <time>2025-11-16T15:16:50Z</time>
   </trkpt>
   <trkpt lat="22.5196730" lon="88.3465060">
    <ele>8.8</ele>
    <time>2025-11-16T15:16:51Z</time>
   </trkpt>
   <trkpt lat="22.5196780" lon="88.3464950">
    <ele>8.8</ele>
    <time>2025-11-16T15:16:52Z</time>
   </trkpt>
   <trkpt lat="22.5197000" lon="88.3464970">
    <ele>8.8</ele>
    <time>2025-11-16T15:16:53Z</time>
   </trkpt>
   <trkpt lat="22.5197100" lon="88.3465010">
    <ele>8.8</ele>
    <time>2025-11-16T15:16:54Z</time>
   </trkpt>
   <trkpt lat="22.5197190" lon="88.3465060">
    <ele>8.8</ele>
    <time>2025-11-16T15:16:55Z</time>
   </trkpt>
   <trkpt lat="22.5197360" lon="88.3465030">
    <ele>8.8</ele>
    <time>2025-11-16T15:16:56Z</time>
   </trkpt>
   <trkpt lat="22.5197480" lon="88.3465110">
    <ele>8.8</ele>
    <time>2025-11-16T15:16:57Z</time>
   </trkpt>
   <trkpt lat="22.5197570" lon="88.3465120">
    <ele>8.8</ele>
    <time>2025-11-16T15:16:58Z</time>
   </trkpt>
   <trkpt lat="22.5197740" lon="88.3465240">
    <ele>8.8</ele>
    <time>2025-11-16T15:16:59Z</time>
   </trkpt>
   <trkpt lat="22.5197930" lon="88.3465200">
    <ele>8.8</ele>
    <time>2025-11-16T15:17:00Z</time>
   </trkpt>
   <trkpt lat="22.5198020" lon="88.3465180">
    <ele>8.8</ele>
    <time>2025-11-16T15:17:01Z</time>
   </trkpt>
   <trkpt lat="22.5198240" lon="88.3465230">
    <ele>8.8</ele>
    <time>2025-11-16T15:17:02Z</time>
   </trkpt>
   <trkpt lat="22.5198310" lon="88.3465260">
    <ele>8.8</ele>
    <time>2025-11-16T15:17:03Z</time>
   </trkpt>
   <trkpt lat="22.5198390" lon="88.3465290">
    <ele>8.8</ele>
    <time>2025-11-16T15:17:04Z</time>
   </trkpt>
   <trkpt lat="22.5198440" lon="88.3465300">
    <ele>8.8</ele>
    <time>2025-11-16T15:17:05Z</time>
   </trkpt>
   <trkpt lat="22.5198640" lon="88.3465330">
    <ele>8.8</ele>
    <time>2025-11-16T15:17:06Z</time>
   </trkpt>
   <trkpt lat="22.5198730" lon="88.3465340">
    <ele>8.8</ele>
    <time>2025-11-16T15:17:07Z</time>
   </trkpt>
   <trkpt lat="22.5198810" lon="88.3465340">
    <ele>8.8</ele>
    <time>2025-11-16T15:17:08Z</time>
   </trkpt>
   <trkpt lat="22.5198940" lon="88.3465390">
    <ele>8.8</ele>
    <time>2025-11-16T15:17:09Z</time>
   </trkpt>
   <trkpt lat="22.5199050" lon="88.3465420">
    <ele>8.8</ele>
    <time>2025-11-16T15:17:10Z</time>
   </trkpt>
   <trkpt lat="22.5199150" lon="88.3465460">
    <ele>8.8</ele>
    <time>2025-11-16T15:17:11Z</time>
   </trkpt>
   <trkpt lat="22.5199280" lon="88.3465510">
    <ele>8.8</ele>
    <time>2025-11-16T15:17:12Z</time>
   </trkpt>
   <trkpt lat="22.5199390" lon="88.3465540">
    <ele>8.8</ele>
    <time>2025-11-16T15:17:13Z</time>
   </trkpt>
   <trkpt lat="22.5199510" lon="88.3465570">
    <ele>8.8</ele>
    <time>2025-11-16T15:17:14Z</time>
   </trkpt>
   <trkpt lat="22.5199660" lon="88.3465580">
    <ele>8.8</ele>
    <time>2025-11-16T15:17:15Z</time>
   </trkpt>
   <trkpt lat="22.5199820" lon="88.3465540">
    <ele>8.8</ele>
    <time>2025-11-16T15:17:16Z</time>
   </trkpt>
   <trkpt lat="22.5199960" lon="88.3465560">
    <ele>8.8</ele>
    <time>2025-11-16T15:17:17Z</time>
   </trkpt>
   <trkpt lat="22.5200060" lon="88.3465590">
    <ele>8.8</ele>
    <time>2025-11-16T15:17:18Z</time>
   </trkpt>
   <trkpt lat="22.5200140" lon="88.3465640">
    <ele>8.8</ele>
    <time>2025-11-16T15:17:19Z</time>
   </trkpt>
   <trkpt lat="22.5200280" lon="88.3465650">
    <ele>8.8</ele>
    <time>2025-11-16T15:17:20Z</time>
   </trkpt>
   <trkpt lat="22.5200490" lon="88.3465660">
    <ele>8.8</ele>
    <time>2025-11-16T15:17:21Z</time>
   </trkpt>
   <trkpt lat="22.5200590" lon="88.3465660">
    <ele>8.8</ele>
    <time>2025-11-16T15:17:22Z</time>
   </trkpt>
   <trkpt lat="22.5200690" lon="88.3465660">
    <ele>8.8</ele>
    <time>2025-11-16T15:17:23Z</time>
   </trkpt>
   <trkpt lat="22.5200790" lon="88.3465670">
    <ele>8.8</ele>
    <time>2025-11-16T15:17:24Z</time>
   </trkpt>
   <trkpt lat="22.5200910" lon="88.3465720">
    <ele>8.8</ele>
    <time>2025-11-16T15:17:25Z</time>
   </trkpt>
   <trkpt lat="22.5201040" lon="88.3465750">
    <ele>8.8</ele>
    <time>2025-11-16T15:17:26Z</time>
   </trkpt>
   <trkpt lat="22.5201200" lon="88.3465780">
    <ele>8.8</ele>
    <time>2025-11-16T15:17:27Z</time>
   </trkpt>
   <trkpt lat="22.5201330" lon="88.3465780">
    <ele>8.8</ele>
    <time>2025-11-16T15:17:28Z</time>
   </trkpt>
   <trkpt lat="22.5201500" lon="88.3465800">
    <ele>8.7</ele>
    <time>2025-11-16T15:17:29Z</time>
   </trkpt>
   <trkpt lat="22.5201650" lon="88.3465810">
    <ele>8.7</ele>
    <time>2025-11-16T15:17:30Z</time>
   </trkpt>
   <trkpt lat="22.5201850" lon="88.3465920">
    <ele>8.7</ele>
    <time>2025-11-16T15:17:31Z</time>
   </trkpt>
   <trkpt lat="22.5201910" lon="88.3465970">
    <ele>8.7</ele>
    <time>2025-11-16T15:17:32Z</time>
   </trkpt>
   <trkpt lat="22.5201980" lon="88.3466010">
    <ele>8.7</ele>
    <time>2025-11-16T15:17:33Z</time>
   </trkpt>
   <trkpt lat="22.5202140" lon="88.3466080">
    <ele>8.7</ele>
    <time>2025-11-16T15:17:34Z</time>
   </trkpt>
   <trkpt lat="22.5202270" lon="88.3466100">
    <ele>8.7</ele>
    <time>2025-11-16T15:17:35Z</time>
   </trkpt>
   <trkpt lat="22.5202460" lon="88.3466250">
    <ele>8.7</ele>
    <time>2025-11-16T15:17:36Z</time>
   </trkpt>
   <trkpt lat="22.5202520" lon="88.3466300">
    <ele>8.7</ele>
    <time>2025-11-16T15:17:37Z</time>
   </trkpt>
   <trkpt lat="22.5202580" lon="88.3466350">
    <ele>8.7</ele>
    <time>2025-11-16T15:17:38Z</time>
   </trkpt>
   <trkpt lat="22.5202670" lon="88.3466410">
    <ele>8.7</ele>
    <time>2025-11-16T15:17:39Z</time>
   </trkpt>
   <trkpt lat="22.5202740" lon="88.3466450">
    <ele>8.7</ele>
    <time>2025-11-16T15:17:40Z</time>
   </trkpt>
   <trkpt lat="22.5202880" lon="88.3466450">
    <ele>8.7</ele>
    <time>2025-11-16T15:17:41Z</time>
   </trkpt>
   <trkpt lat="22.5203010" lon="88.3466470">
    <ele>8.7</ele>
    <time>2025-11-16T15:17:42Z</time>
   </trkpt>
   <trkpt lat="22.5203160" lon="88.3466450">
    <ele>8.7</ele>
    <time>2025-11-16T15:17:43Z</time>
   </trkpt>
   <trkpt lat="22.5203380" lon="88.3466470">
    <ele>8.7</ele>
    <time>2025-11-16T15:17:44Z</time>
   </trkpt>
   <trkpt lat="22.5203480" lon="88.3466480">
    <ele>8.7</ele>
    <time>2025-11-16T15:17:45Z</time>
   </trkpt>
   <trkpt lat="22.5203570" lon="88.3466480">
    <ele>8.6</ele>
    <time>2025-11-16T15:17:46Z</time>
   </trkpt>
   <trkpt lat="22.5203740" lon="88.3466500">
    <ele>8.6</ele>
    <time>2025-11-16T15:17:47Z</time>
   </trkpt>
   <trkpt lat="22.5203830" lon="88.3466520">
    <ele>8.6</ele>
    <time>2025-11-16T15:17:48Z</time>
   </trkpt>
   <trkpt lat="22.5203930" lon="88.3466540">
    <ele>8.6</ele>
    <time>2025-11-16T15:17:49Z</time>
   </trkpt>
   <trkpt lat="22.5204040" lon="88.3466540">
    <ele>8.6</ele>
    <time>2025-11-16T15:17:50Z</time>
   </trkpt>
   <trkpt lat="22.5204150" lon="88.3466630">
    <ele>8.6</ele>
    <time>2025-11-16T15:17:51Z</time>
   </trkpt>
   <trkpt lat="22.5204260" lon="88.3466690">
    <ele>8.6</ele>
    <time>2025-11-16T15:17:52Z</time>
   </trkpt>
   <trkpt lat="22.5204510" lon="88.3466740">
    <ele>8.6</ele>
    <time>2025-11-16T15:17:53Z</time>
   </trkpt>
   <trkpt lat="22.5204600" lon="88.3466760">
    <ele>8.6</ele>
    <time>2025-11-16T15:17:54Z</time>
   </trkpt>
   <trkpt lat="22.5204690" lon="88.3466780">
    <ele>8.6</ele>
    <time>2025-11-16T15:17:55Z</time>
   </trkpt>
   <trkpt lat="22.5204800" lon="88.3466760">
    <ele>8.6</ele>
    <time>2025-11-16T15:17:56Z</time>
   </trkpt>
   <trkpt lat="22.5205000" lon="88.3466790">
    <ele>8.6</ele>
    <time>2025-11-16T15:17:57Z</time>
   </trkpt>
   <trkpt lat="22.5205130" lon="88.3466830">
    <ele>8.6</ele>
    <time>2025-11-16T15:17:58Z</time>
   </trkpt>
   <trkpt lat="22.5205290" lon="88.3466880">
    <ele>8.6</ele>
    <time>2025-11-16T15:17:59Z</time>
   </trkpt>
   <trkpt lat="22.5205400" lon="88.3466920">
    <ele>8.6</ele>
    <time>2025-11-16T15:18:00Z</time>
   </trkpt>
   <trkpt lat="22.5205450" lon="88.3466970">
    <ele>8.6</ele>
    <time>2025-11-16T15:18:01Z</time>
   </trkpt>
   <trkpt lat="22.5205560" lon="88.3466950">
    <ele>8.6</ele>
    <time>2025-11-16T15:18:02Z</time>
   </trkpt>
   <trkpt lat="22.5205660" lon="88.3466950">
    <ele>8.6</ele>
    <time>2025-11-16T15:18:03Z</time>
   </trkpt>
   <trkpt lat="22.5205810" lon="88.3466870">
    <ele>8.6</ele>
    <time>2025-11-16T15:18:04Z</time>
   </trkpt>
   <trkpt lat="22.5205840" lon="88.3466920">
    <ele>8.6</ele>
    <time>2025-11-16T15:18:05Z</time>
   </trkpt>
   <trkpt lat="22.5205940" lon="88.3466870">
    <ele>8.6</ele>
    <time>2025-11-16T15:18:06Z</time>
   </trkpt>
   <trkpt lat="22.5206080" lon="88.3466870">
    <ele>8.6</ele>
    <time>2025-11-16T15:18:07Z</time>
   </trkpt>
   <trkpt lat="22.5206190" lon="88.3466870">
    <ele>8.6</ele>
    <time>2025-11-16T15:18:08Z</time>
   </trkpt>
   <trkpt lat="22.5206300" lon="88.3466840">
    <ele>8.6</ele>
    <time>2025-11-16T15:18:09Z</time>
   </trkpt>
   <trkpt lat="22.5206410" lon="88.3466820">
    <ele>8.6</ele>
    <time>2025-11-16T15:18:10Z</time>
   </trkpt>
   <trkpt lat="22.5206510" lon="88.3466810">
    <ele>8.6</ele>
    <time>2025-11-16T15:18:11Z</time>
   </trkpt>
   <trkpt lat="22.5206590" lon="88.3466800">
    <ele>8.6</ele>
    <time>2025-11-16T15:18:12Z</time>
   </trkpt>
   <trkpt lat="22.5206730" lon="88.3466840">
    <ele>8.6</ele>
    <time>2025-11-16T15:18:13Z</time>
   </trkpt>
   <trkpt lat="22.5206860" lon="88.3466880">
    <ele>8.6</ele>
    <time>2025-11-16T15:18:14Z</time>
   </trkpt>
   <trkpt lat="22.5207070" lon="88.3466890">
    <ele>8.6</ele>
    <time>2025-11-16T15:18:15Z</time>
   </trkpt>
   <trkpt lat="22.5207160" lon="88.3466900">
    <ele>8.6</ele>
    <time>2025-11-16T15:18:16Z</time>
   </trkpt>
   <trkpt lat="22.5207240" lon="88.3466920">
    <ele>8.6</ele>
    <time>2025-11-16T15:18:17Z</time>
   </trkpt>
   <trkpt lat="22.5207400" lon="88.3466980">
    <ele>8.6</ele>
    <time>2025-11-16T15:18:18Z</time>
   </trkpt>
   <trkpt lat="22.5207530" lon="88.3466990">
    <ele>8.6</ele>
    <time>2025-11-16T15:18:19Z</time>
   </trkpt>
   <trkpt lat="22.5207620" lon="88.3467020">
    <ele>8.6</ele>
    <time>2025-11-16T15:18:20Z</time>
   </trkpt>
   <trkpt lat="22.5207730" lon="88.3467050">
    <ele>8.6</ele>
    <time>2025-11-16T15:18:21Z</time>
   </trkpt>
   <trkpt lat="22.5207890" lon="88.3467040">
    <ele>8.6</ele>
    <time>2025-11-16T15:18:22Z</time>
   </trkpt>
   <trkpt lat="22.5208030" lon="88.3467020">
    <ele>8.6</ele>
    <time>2025-11-16T15:18:23Z</time>
   </trkpt>
   <trkpt lat="22.5208180" lon="88.3467060">
    <ele>8.6</ele>
    <time>2025-11-16T15:18:24Z</time>
   </trkpt>
   <trkpt lat="22.5208280" lon="88.3467100">
    <ele>8.6</ele>
    <time>2025-11-16T15:18:25Z</time>
   </trkpt>
   <trkpt lat="22.5208390" lon="88.3467110">
    <ele>8.6</ele>
    <time>2025-11-16T15:18:26Z</time>
   </trkpt>
   <trkpt lat="22.5208500" lon="88.3467080">
    <ele>8.6</ele>
    <time>2025-11-16T15:18:27Z</time>
   </trkpt>
   <trkpt lat="22.5208620" lon="88.3467070">
    <ele>8.6</ele>
    <time>2025-11-16T15:18:28Z</time>
   </trkpt>
   <trkpt lat="22.5208720" lon="88.3467110">
    <ele>8.6</ele>
    <time>2025-11-16T15:18:29Z</time>
   </trkpt>
   <trkpt lat="22.5208840" lon="88.3467110">
    <ele>8.6</ele>
    <time>2025-11-16T15:18:30Z</time>
   </trkpt>
   <trkpt lat="22.5208990" lon="88.3467150">
    <ele>8.7</ele>
    <time>2025-11-16T15:18:31Z</time>
   </trkpt>
   <trkpt lat="22.5209120" lon="88.3467150">
    <ele>8.7</ele>
    <time>2025-11-16T15:18:32Z</time>
   </trkpt>
   <trkpt lat="22.5209310" lon="88.3467230">
    <ele>8.7</ele>
    <time>2025-11-16T15:18:33Z</time>
   </trkpt>
   <trkpt lat="22.5209400" lon="88.3467240">
    <ele>8.7</ele>
    <time>2025-11-16T15:18:34Z</time>
   </trkpt>
   <trkpt lat="22.5209480" lon="88.3467260">
    <ele>8.7</ele>
    <time>2025-11-16T15:18:35Z</time>
   </trkpt>
   <trkpt lat="22.5209620" lon="88.3467330">
    <ele>8.7</ele>
    <time>2025-11-16T15:18:36Z</time>
   </trkpt>
   <trkpt lat="22.5209770" lon="88.3467410">
    <ele>8.7</ele>
    <time>2025-11-16T15:18:37Z</time>
   </trkpt>
   <trkpt lat="22.5209880" lon="88.3467450">
    <ele>8.7</ele>
    <time>2025-11-16T15:18:38Z</time>
   </trkpt>
   <trkpt lat="22.5209990" lon="88.3467490">
    <ele>8.7</ele>
    <time>2025-11-16T15:18:39Z</time>
   </trkpt>
   <trkpt lat="22.5210110" lon="88.3467470">
    <ele>8.7</ele>
    <time>2025-11-16T15:18:40Z</time>
   </trkpt>
   <trkpt lat="22.5210300" lon="88.3467480">
    <ele>8.7</ele>
    <time>2025-11-16T15:18:41Z</time>
   </trkpt>
   <trkpt lat="22.5210440" lon="88.3467510">
    <ele>8.7</ele>
    <time>2025-11-16T15:18:42Z</time>
   </trkpt>
   <trkpt lat="22.5210570" lon="88.3467530">
    <ele>8.7</ele>
    <time>2025-11-16T15:18:43Z</time>
   </trkpt>
   <trkpt lat="22.5210680" lon="88.3467540">
    <ele>8.7</ele>
    <time>2025-11-16T15:18:44Z</time>
   </trkpt>
   <trkpt lat="22.5210790" lon="88.3467530">
    <ele>8.7</ele>
    <time>2025-11-16T15:18:45Z</time>
   </trkpt>
   <trkpt lat="22.5210990" lon="88.3467520">
    <ele>8.7</ele>
    <time>2025-11-16T15:18:46Z</time>
   </trkpt>
   <trkpt lat="22.5211070" lon="88.3467520">
    <ele>8.7</ele>
    <time>2025-11-16T15:18:47Z</time>
   </trkpt>
   <trkpt lat="22.5211160" lon="88.3467520">
    <ele>8.7</ele>
    <time>2025-11-16T15:18:48Z</time>
   </trkpt>
   <trkpt lat="22.5211230" lon="88.3467560">
    <ele>8.8</ele>
    <time>2025-11-16T15:18:49Z</time>
   </trkpt>
   <trkpt lat="22.5211340" lon="88.3467500">
    <ele>8.8</ele>
    <time>2025-11-16T15:18:50Z</time>
   </trkpt>
   <trkpt lat="22.5211440" lon="88.3467460">
    <ele>8.8</ele>
    <time>2025-11-16T15:18:51Z</time>
   </trkpt>
   <trkpt lat="22.5211590" lon="88.3467440">
    <ele>8.8</ele>
    <time>2025-11-16T15:18:52Z</time>
   </trkpt>
   <trkpt lat="22.5211720" lon="88.3467420">
    <ele>8.8</ele>
    <time>2025-11-16T15:18:53Z</time>
   </trkpt>
   <trkpt lat="22.5211850" lon="88.3467410">
    <ele>8.8</ele>
    <time>2025-11-16T15:18:54Z</time>
   </trkpt>
   <trkpt lat="22.5211990" lon="88.3467400">
    <ele>8.8</ele>
    <time>2025-11-16T15:18:55Z</time>
   </trkpt>
   <trkpt lat="22.5212130" lon="88.3467410">
    <ele>8.8</ele>
    <time>2025-11-16T15:18:56Z</time>
   </trkpt>
   <trkpt lat="22.5212250" lon="88.3467420">
    <ele>8.8</ele>
    <time>2025-11-16T15:18:57Z</time>
   </trkpt>
   <trkpt lat="22.5212360" lon="88.3467430">
    <ele>8.8</ele>
    <time>2025-11-16T15:18:58Z</time>
   </trkpt>
   <trkpt lat="22.5212490" lon="88.3467450">
    <ele>8.8</ele>
    <time>2025-11-16T15:18:59Z</time>
   </trkpt>
   <trkpt lat="22.5212630" lon="88.3467490">
    <ele>8.8</ele>
    <time>2025-11-16T15:19:00Z</time>
   </trkpt>
   <trkpt lat="22.5212720" lon="88.3467540">
    <ele>8.8</ele>
    <time>2025-11-16T15:19:01Z</time>
   </trkpt>
   <trkpt lat="22.5212890" lon="88.3467540">
    <ele>8.8</ele>
    <time>2025-11-16T15:19:02Z</time>
   </trkpt>
   <trkpt lat="22.5212960" lon="88.3467610">
    <ele>8.8</ele>
    <time>2025-11-16T15:19:03Z</time>
   </trkpt>
   <trkpt lat="22.5213170" lon="88.3467650">
    <ele>8.8</ele>
    <time>2025-11-16T15:19:04Z</time>
   </trkpt>
   <trkpt lat="22.5213260" lon="88.3467670">
    <ele>8.8</ele>
    <time>2025-11-16T15:19:05Z</time>
   </trkpt>
   <trkpt lat="22.5213350" lon="88.3467680">
    <ele>8.8</ele>
    <time>2025-11-16T15:19:06Z</time>
   </trkpt>
   <trkpt lat="22.5213550" lon="88.3467670">
    <ele>8.9</ele>
    <time>2025-11-16T15:19:07Z</time>
   </trkpt>
   <trkpt lat="22.5213640" lon="88.3467640">
    <ele>8.9</ele>
    <time>2025-11-16T15:19:08Z</time>
   </trkpt>
   <trkpt lat="22.5213720" lon="88.3467620">
    <ele>8.9</ele>
    <time>2025-11-16T15:19:09Z</time>
   </trkpt>
   <trkpt lat="22.5213920" lon="88.3467620">
    <ele>8.9</ele>
    <time>2025-11-16T15:19:10Z</time>
   </trkpt>
   <trkpt lat="22.5214000" lon="88.3467630">
    <ele>8.9</ele>
    <time>2025-11-16T15:19:11Z</time>
   </trkpt>
   <trkpt lat="22.5214090" lon="88.3467630">
    <ele>8.9</ele>
    <time>2025-11-16T15:19:12Z</time>
   </trkpt>
   <trkpt lat="22.5214180" lon="88.3467650">
    <ele>8.9</ele>
    <time>2025-11-16T15:19:13Z</time>
   </trkpt>
   <trkpt lat="22.5214300" lon="88.3467670">
    <ele>8.9</ele>
    <time>2025-11-16T15:19:14Z</time>
   </trkpt>
   <trkpt lat="22.5214370" lon="88.3467640">
    <ele>8.9</ele>
    <time>2025-11-16T15:19:15Z</time>
   </trkpt>
   <trkpt lat="22.5214510" lon="88.3467690">
    <ele>8.9</ele>
    <time>2025-11-16T15:19:16Z</time>
   </trkpt>
   <trkpt lat="22.5214670" lon="88.3467640">
    <ele>8.9</ele>
    <time>2025-11-16T15:19:17Z</time>
   </trkpt>
   <trkpt lat="22.5214790" lon="88.3467680">
    <ele>8.9</ele>
    <time>2025-11-16T15:19:18Z</time>
   </trkpt>
   <trkpt lat="22.5214860" lon="88.3467660">
    <ele>8.9</ele>
    <time>2025-11-16T15:19:19Z</time>
   </trkpt>
   <trkpt lat="22.5214980" lon="88.3467590">
    <ele>8.9</ele>
    <time>2025-11-16T15:19:20Z</time>
   </trkpt>
   <trkpt lat="22.5215190" lon="88.3467590">
    <ele>8.9</ele>
    <time>2025-11-16T15:19:21Z</time>
   </trkpt>
   <trkpt lat="22.5215260" lon="88.3467560">
    <ele>8.9</ele>
    <time>2025-11-16T15:19:22Z</time>
   </trkpt>
   <trkpt lat="22.5215340" lon="88.3467530">
    <ele>8.9</ele>
    <time>2025-11-16T15:19:23Z</time>
   </trkpt>
   <trkpt lat="22.5215560" lon="88.3467550">
    <ele>8.9</ele>
    <time>2025-11-16T15:19:24Z</time>
   </trkpt>
   <trkpt lat="22.5215640" lon="88.3467550">
    <ele>8.9</ele>
    <time>2025-11-16T15:19:25Z</time>
   </trkpt>
   <trkpt lat="22.5215730" lon="88.3467540">
    <ele>8.9</ele>
    <time>2025-11-16T15:19:26Z</time>
   </trkpt>
   <trkpt lat="22.5215840" lon="88.3467510">
    <ele>8.9</ele>
    <time>2025-11-16T15:19:27Z</time>
   </trkpt>
   <trkpt lat="22.5216020" lon="88.3467570">
    <ele>8.9</ele>
    <time>2025-11-16T15:19:28Z</time>
   </trkpt>
   <trkpt lat="22.5216070" lon="88.3467560">
    <ele>9.0</ele>
    <time>2025-11-16T15:19:29Z</time>
   </trkpt>
   <trkpt lat="22.5216180" lon="88.3467510">
    <ele>9.0</ele>
    <time>2025-11-16T15:19:30Z</time>
   </trkpt>
   <trkpt lat="22.5216270" lon="88.3467450">
    <ele>9.0</ele>
    <time>2025-11-16T15:19:31Z</time>
   </trkpt>
   <trkpt lat="22.5216430" lon="88.3467550">
    <ele>9.0</ele>
    <time>2025-11-16T15:19:32Z</time>
   </trkpt>
   <trkpt lat="22.5216570" lon="88.3467530">
    <ele>9.0</ele>
    <time>2025-11-16T15:19:33Z</time>
   </trkpt>
   <trkpt lat="22.5216660" lon="88.3467490">
    <ele>9.0</ele>
    <time>2025-11-16T15:19:34Z</time>
   </trkpt>
   <trkpt lat="22.5216800" lon="88.3467500">
    <ele>9.0</ele>
    <time>2025-11-16T15:19:35Z</time>
   </trkpt>
   <trkpt lat="22.5216870" lon="88.3467450">
    <ele>9.0</ele>
    <time>2025-11-16T15:19:36Z</time>
   </trkpt>
   <trkpt lat="22.5216990" lon="88.3467420">
    <ele>9.0</ele>
    <time>2025-11-16T15:19:37Z</time>
   </trkpt>
   <trkpt lat="22.5217170" lon="88.3467410">
    <ele>9.0</ele>
    <time>2025-11-16T15:19:38Z</time>
   </trkpt>
   <trkpt lat="22.5217370" lon="88.3467370">
    <ele>9.0</ele>
    <time>2025-11-16T15:19:39Z</time>
   </trkpt>
   <trkpt lat="22.5217460" lon="88.3467370">
    <ele>9.0</ele>
    <time>2025-11-16T15:19:40Z</time>
   </trkpt>
   <trkpt lat="22.5217550" lon="88.3467360">
    <ele>9.0</ele>
    <time>2025-11-16T15:19:41Z</time>
   </trkpt>
   <trkpt lat="22.5217790" lon="88.3467310">
    <ele>9.0</ele>
    <time>2025-11-16T15:19:42Z</time>
   </trkpt>
   <trkpt lat="22.5217870" lon="88.3467280">
    <ele>9.0</ele>
    <time>2025-11-16T15:19:43Z</time>
   </trkpt>
   <trkpt lat="22.5217960" lon="88.3467250">
    <ele>9.0</ele>
    <time>2025-11-16T15:19:44Z</time>
   </trkpt>
   <trkpt lat="22.5218060" lon="88.3467240">
    <ele>9.0</ele>
    <time>2025-11-16T15:19:45Z</time>
   </trkpt>
   <trkpt lat="22.5218190" lon="88.3467290">
    <ele>9.0</ele>
    <time>2025-11-16T15:19:46Z</time>
   </trkpt>
   <trkpt lat="22.5218270" lon="88.3467320">
    <ele>9.0</ele>
    <time>2025-11-16T15:19:47Z</time>
   </trkpt>
   <trkpt lat="22.5218400" lon="88.3467310">
    <ele>9.0</ele>
    <time>2025-11-16T15:19:48Z</time>
   </trkpt>
   <trkpt lat="22.5218540" lon="88.3467310">
    <ele>9.0</ele>
    <time>2025-11-16T15:19:49Z</time>
   </trkpt>
   <trkpt lat="22.5218740" lon="88.3467360">
    <ele>9.0</ele>
    <time>2025-11-16T15:19:50Z</time>
   </trkpt>
   <trkpt lat="22.5218830" lon="88.3467360">
    <ele>9.0</ele>
    <time>2025-11-16T15:19:51Z</time>
   </trkpt>
   <trkpt lat="22.5218910" lon="88.3467360">
    <ele>9.0</ele>
    <time>2025-11-16T15:19:52Z</time>
   </trkpt>
   <trkpt lat="22.5219000" lon="88.3467270">
    <ele>9.0</ele>
    <time>2025-11-16T15:19:53Z</time>
   </trkpt>
   <trkpt lat="22.5219110" lon="88.3467270">
    <ele>9.0</ele>
    <time>2025-11-16T15:19:54Z</time>
   </trkpt>
   <trkpt lat="22.5219250" lon="88.3467250">
    <ele>9.0</ele>
    <time>2025-11-16T15:19:55Z</time>
   </trkpt>
   <trkpt lat="22.5219370" lon="88.3467260">
    <ele>9.0</ele>
    <time>2025-11-16T15:19:56Z</time>
   </trkpt>
   <trkpt lat="22.5219460" lon="88.3467260">
    <ele>9.0</ele>
    <time>2025-11-16T15:19:57Z</time>
   </trkpt>
   <trkpt lat="22.5219610" lon="88.3467230">
    <ele>9.0</ele>
    <time>2025-11-16T15:19:58Z</time>
   </trkpt>
   <trkpt lat="22.5219810" lon="88.3467280">
    <ele>9.0</ele>
    <time>2025-11-16T15:19:59Z</time>
   </trkpt>
   <trkpt lat="22.5219960" lon="88.3467240">
    <ele>9.0</ele>
    <time>2025-11-16T15:20:00Z</time>
   </trkpt>
   <trkpt lat="22.5220160" lon="88.3467220">
    <ele>9.0</ele>
    <time>2025-11-16T15:20:01Z</time>
   </trkpt>
   <trkpt lat="22.5220240" lon="88.3467220">
    <ele>9.0</ele>
    <time>2025-11-16T15:20:02Z</time>
   </trkpt>
   <trkpt lat="22.5220330" lon="88.3467220">
    <ele>9.0</ele>
    <time>2025-11-16T15:20:03Z</time>
   </trkpt>
   <trkpt lat="22.5220450" lon="88.3467250">
    <ele>9.0</ele>
    <time>2025-11-16T15:20:04Z</time>
   </trkpt>
   <trkpt lat="22.5220520" lon="88.3467240">
    <ele>9.0</ele>
    <time>2025-11-16T15:20:05Z</time>
   </trkpt>
   <trkpt lat="22.5220670" lon="88.3467220">
    <ele>9.0</ele>
    <time>2025-11-16T15:20:06Z</time>
   </trkpt>
   <trkpt lat="22.5220800" lon="88.3467180">
    <ele>9.0</ele>
    <time>2025-11-16T15:20:07Z</time>
   </trkpt>
   <trkpt lat="22.5220940" lon="88.3467140">
    <ele>9.0</ele>
    <time>2025-11-16T15:20:08Z</time>
   </trkpt>
   <trkpt lat="22.5221150" lon="88.3467180">
    <ele>9.0</ele>
    <time>2025-11-16T15:20:09Z</time>
   </trkpt>
   <trkpt lat="22.5221220" lon="88.3467180">
    <ele>9.0</ele>
    <time>2025-11-16T15:20:10Z</time>
   </trkpt>
   <trkpt lat="22.5221300" lon="88.3467190">
    <ele>9.0</ele>
    <time>2025-11-16T15:20:11Z</time>
   </trkpt>
   <trkpt lat="22.5221540" lon="88.3467210">
    <ele>9.0</ele>
    <time>2025-11-16T15:20:12Z</time>
   </trkpt>
   <trkpt lat="22.5221630" lon="88.3467210">
    <ele>9.0</ele>
    <time>2025-11-16T15:20:13Z</time>
   </trkpt>
   <trkpt lat="22.5221730" lon="88.3467220">
    <ele>9.0</ele>
    <time>2025-11-16T15:20:14Z</time>
   </trkpt>
   <trkpt lat="22.5221840" lon="88.3467230">
    <ele>9.0</ele>
    <time>2025-11-16T15:20:15Z</time>
   </trkpt>
   <trkpt lat="22.5222000" lon="88.3467290">
    <ele>9.0</ele>
    <time>2025-11-16T15:20:16Z</time>
   </trkpt>
   <trkpt lat="22.5222060" lon="88.3467380">
    <ele>9.0</ele>
    <time>2025-11-16T15:20:17Z</time>
   </trkpt>
   <trkpt lat="22.5222060" lon="88.3467570">
    <ele>9.0</ele>
    <time>2025-11-16T15:20:18Z</time>
   </trkpt>
   <trkpt lat="22.5222100" lon="88.3467620">
    <ele>9.0</ele>
    <time>2025-11-16T15:20:19Z</time>
   </trkpt>
   <trkpt lat="22.5222210" lon="88.3467710">
    <ele>9.0</ele>
    <time>2025-11-16T15:20:20Z</time>
   </trkpt>
   <trkpt lat="22.5222350" lon="88.3467750">
    <ele>9.0</ele>
    <time>2025-11-16T15:20:21Z</time>
   </trkpt>
   <trkpt lat="22.5222480" lon="88.3467800">
    <ele>9.0</ele>
    <time>2025-11-16T15:20:22Z</time>
   </trkpt>
   <trkpt lat="22.5222630" lon="88.3467800">
    <ele>9.0</ele>
    <time>2025-11-16T15:20:23Z</time>
   </trkpt>
   <trkpt lat="22.5222770" lon="88.3467800">
    <ele>9.0</ele>
    <time>2025-11-16T15:20:24Z</time>
   </trkpt>
   <trkpt lat="22.5222820" lon="88.3467830">
    <ele>9.0</ele>
    <time>2025-11-16T15:20:25Z</time>
   </trkpt>
   <trkpt lat="22.5222880" lon="88.3467870">
    <ele>9.0</ele>
    <time>2025-11-16T15:20:26Z</time>
   </trkpt>
   <trkpt lat="22.5222930" lon="88.3467900">
    <ele>9.0</ele>
    <time>2025-11-16T15:20:27Z</time>
   </trkpt>
   <trkpt lat="22.5222980" lon="88.3467930">
    <ele>9.0</ele>
    <time>2025-11-16T15:20:28Z</time>
   </trkpt>
   <trkpt lat="22.5223030" lon="88.3467960">
    <ele>9.0</ele>
    <time>2025-11-16T15:20:29Z</time>
   </trkpt>
   <trkpt lat="22.5223120" lon="88.3468010">
    <ele>9.0</ele>
    <time>2025-11-16T15:20:30Z</time>
   </trkpt>
   <trkpt lat="22.5223190" lon="88.3468010">
    <ele>9.0</ele>
    <time>2025-11-16T15:20:31Z</time>
   </trkpt>
   <trkpt lat="22.5223260" lon="88.3467950">
    <ele>9.0</ele>
    <time>2025-11-16T15:20:32Z</time>
   </trkpt>
   <trkpt lat="22.5223320" lon="88.3467910">
    <ele>9.0</ele>
    <time>2025-11-16T15:20:33Z</time>
   </trkpt>
   <trkpt lat="22.5223450" lon="88.3467860">
    <ele>9.0</ele>
    <time>2025-11-16T15:20:34Z</time>
   </trkpt>
   <trkpt lat="22.5223610" lon="88.3467880">
    <ele>9.0</ele>
    <time>2025-11-16T15:20:35Z</time>
   </trkpt>
   <trkpt lat="22.5223720" lon="88.3467860">
    <ele>9.0</ele>
    <time>2025-11-16T15:20:36Z</time>
   </trkpt>
   <trkpt lat="22.5223810" lon="88.3467890">
    <ele>9.0</ele>
    <time>2025-11-16T15:20:37Z</time>
   </trkpt>
   <trkpt lat="22.5223880" lon="88.3467880">
    <ele>9.0</ele>
    <time>2025-11-16T15:20:38Z</time>
   </trkpt>
   <trkpt lat="22.5224100" lon="88.3467870">
    <ele>9.0</ele>
    <time>2025-11-16T15:20:39Z</time>
   </trkpt>
   <trkpt lat="22.5224220" lon="88.3467900">
    <ele>9.0</ele>
    <time>2025-11-16T15:20:40Z</time>
   </trkpt>
   <trkpt lat="22.5224330" lon="88.3467920">
    <ele>9.0</ele>
    <time>2025-11-16T15:20:41Z</time>
   </trkpt>
   <trkpt lat="22.5224500" lon="88.3467870">
    <ele>9.0</ele>
    <time>2025-11-16T15:20:42Z</time>
   </trkpt>
   <trkpt lat="22.5224640" lon="88.3467840">
    <ele>9.0</ele>
    <time>2025-11-16T15:20:43Z</time>
   </trkpt>
   <trkpt lat="22.5224920" lon="88.3467680">
    <ele>9.0</ele>
    <time>2025-11-16T15:20:44Z</time>
   </trkpt>
   <trkpt lat="22.5224960" lon="88.3467620">
    <ele>9.0</ele>
    <time>2025-11-16T15:20:45Z</time>
   </trkpt>
   <trkpt lat="22.5225120" lon="88.3467550">
    <ele>9.0</ele>
    <time>2025-11-16T15:20:46Z</time>
   </trkpt>
   <trkpt lat="22.5225290" lon="88.3467480">
    <ele>9.0</ele>
    <time>2025-11-16T15:20:47Z</time>
   </trkpt>
   <trkpt lat="22.5225430" lon="88.3467390">
    <ele>9.0</ele>
    <time>2025-11-16T15:20:48Z</time>
   </trkpt>
   <trkpt lat="22.5225440" lon="88.3467380">
    <ele>9.0</ele>
    <time>2025-11-16T15:20:49Z</time>
   </trkpt>
   <trkpt lat="22.5225530" lon="88.3467310">
    <ele>9.0</ele>
    <time>2025-11-16T15:20:50Z</time>
   </trkpt>
   <trkpt lat="22.5225630" lon="88.3467340">
    <ele>9.0</ele>
    <time>2025-11-16T15:20:51Z</time>
   </trkpt>
   <trkpt lat="22.5225720" lon="88.3467330">
    <ele>9.0</ele>
    <time>2025-11-16T15:20:52Z</time>
   </trkpt>
   <trkpt lat="22.5225860" lon="88.3467280">
    <ele>9.0</ele>
    <time>2025-11-16T15:20:53Z</time>
   </trkpt>
   <trkpt lat="22.5225900" lon="88.3467280">
    <ele>9.0</ele>
    <time>2025-11-16T15:20:54Z</time>
   </trkpt>
   <trkpt lat="22.5226000" lon="88.3467250">
    <ele>9.0</ele>
    <time>2025-11-16T15:20:55Z</time>
   </trkpt>
   <trkpt lat="22.5226100" lon="88.3467250">
    <ele>9.0</ele>
    <time>2025-11-16T15:20:56Z</time>
   </trkpt>
   <trkpt lat="22.5226130" lon="88.3467250">
    <ele>9.0</ele>
    <time>2025-11-16T15:20:57Z</time>
   </trkpt>
   <trkpt lat="22.5226370" lon="88.3467290">
    <ele>9.0</ele>
    <time>2025-11-16T15:20:58Z</time>
   </trkpt>
   <trkpt lat="22.5226480" lon="88.3467280">
    <ele>9.0</ele>
    <time>2025-11-16T15:20:59Z</time>
   </trkpt>
   <trkpt lat="22.5226600" lon="88.3467280">
    <ele>9.0</ele>
    <time>2025-11-16T15:21:00Z</time>
   </trkpt>
   <trkpt lat="22.5226880" lon="88.3467230">
    <ele>8.9</ele>
    <time>2025-11-16T15:21:01Z</time>
   </trkpt>
   <trkpt lat="22.5226990" lon="88.3467230">
    <ele>8.9</ele>
    <time>2025-11-16T15:21:02Z</time>
   </trkpt>
   <trkpt lat="22.5227110" lon="88.3467230">
    <ele>8.9</ele>
    <time>2025-11-16T15:21:03Z</time>
   </trkpt>
   <trkpt lat="22.5227470" lon="88.3467230">
    <ele>8.9</ele>
    <time>2025-11-16T15:21:04Z</time>
   </trkpt>
   <trkpt lat="22.5227570" lon="88.3467180">
    <ele>8.9</ele>
    <time>2025-11-16T15:21:05Z</time>
   </trkpt>
   <trkpt lat="22.5227710" lon="88.3467130">
    <ele>8.9</ele>
    <time>2025-11-16T15:21:06Z</time>
   </trkpt>
   <trkpt lat="22.5227870" lon="88.3467160">
    <ele>8.9</ele>
    <time>2025-11-16T15:21:07Z</time>
   </trkpt>
   <trkpt lat="22.5228030" lon="88.3467120">
    <ele>8.9</ele>
    <time>2025-11-16T15:21:08Z</time>
   </trkpt>
   <trkpt lat="22.5228110" lon="88.3467120">
    <ele>8.9</ele>
    <time>2025-11-16T15:21:09Z</time>
   </trkpt>
   <trkpt lat="22.5228160" lon="88.3467030">
    <ele>8.9</ele>
    <time>2025-11-16T15:21:10Z</time>
   </trkpt>
   <trkpt lat="22.5228190" lon="88.3466970">
    <ele>8.9</ele>
    <time>2025-11-16T15:21:11Z</time>
   </trkpt>
   <trkpt lat="22.5228260" lon="88.3466880">
    <ele>8.9</ele>
    <time>2025-11-16T15:21:12Z</time>
   </trkpt>
   <trkpt lat="22.5228410" lon="88.3466870">
    <ele>8.8</ele>
    <time>2025-11-16T15:21:13Z</time>
   </trkpt>
   <trkpt lat="22.5228500" lon="88.3466850">
    <ele>8.8</ele>
    <time>2025-11-16T15:21:14Z</time>
   </trkpt>
   <trkpt lat="22.5228590" lon="88.3466750">
    <ele>8.8</ele>
    <time>2025-11-16T15:21:15Z</time>
   </trkpt>
   <trkpt lat="22.5228670" lon="88.3466730">
    <ele>8.8</ele>
    <time>2025-11-16T15:21:16Z</time>
   </trkpt>
   <trkpt lat="22.5228820" lon="88.3466710">
    <ele>8.8</ele>
    <time>2025-11-16T15:21:17Z</time>
   </trkpt>
   <trkpt lat="22.5228930" lon="88.3466670">
    <ele>8.8</ele>
    <time>2025-11-16T15:21:18Z</time>
   </trkpt>
   <trkpt lat="22.5229000" lon="88.3466660">
    <ele>8.8</ele>
    <time>2025-11-16T15:21:19Z</time>
   </trkpt>
   <trkpt lat="22.5229100" lon="88.3466620">
    <ele>8.8</ele>
    <time>2025-11-16T15:21:20Z</time>
   </trkpt>
   <trkpt lat="22.5229220" lon="88.3466610">
    <ele>8.8</ele>
    <time>2025-11-16T15:21:21Z</time>
   </trkpt>
   <trkpt lat="22.5229280" lon="88.3466600">
    <ele>8.8</ele>
    <time>2025-11-16T15:21:22Z</time>
   </trkpt>
   <trkpt lat="22.5229460" lon="88.3466550">
    <ele>8.8</ele>
    <time>2025-11-16T15:21:23Z</time>
   </trkpt>
   <trkpt lat="22.5229560" lon="88.3466510">
    <ele>8.8</ele>
    <time>2025-11-16T15:21:24Z</time>
   </trkpt>
   <trkpt lat="22.5229670" lon="88.3466480">
    <ele>8.8</ele>
    <time>2025-11-16T15:21:25Z</time>
   </trkpt>
   <trkpt lat="22.5229750" lon="88.3466440">
    <ele>8.8</ele>
    <time>2025-11-16T15:21:26Z</time>
   </trkpt>
   <trkpt lat="22.5229800" lon="88.3466460">
    <ele>8.8</ele>
    <time>2025-11-16T15:21:27Z</time>
   </trkpt>
   <trkpt lat="22.5229980" lon="88.3466540">
    <ele>8.8</ele>
    <time>2025-11-16T15:21:28Z</time>
   </trkpt>
   <trkpt lat="22.5230130" lon="88.3466510">
    <ele>8.8</ele>
    <time>2025-11-16T15:21:29Z</time>
   </trkpt>
   <trkpt lat="22.5230230" lon="88.3466430">
    <ele>8.8</ele>
    <time>2025-11-16T15:21:30Z</time>
   </trkpt>
   <trkpt lat="22.5230330" lon="88.3466260">
    <ele>8.8</ele>
    <time>2025-11-16T15:21:31Z</time>
   </trkpt>
   <trkpt lat="22.5230470" lon="88.3466160">
    <ele>8.8</ele>
    <time>2025-11-16T15:21:32Z</time>
   </trkpt>
   <trkpt lat="22.5230510" lon="88.3466130">
    <ele>8.8</ele>
    <time>2025-11-16T15:21:33Z</time>
   </trkpt>
   <trkpt lat="22.5230780" lon="88.3466070">
    <ele>8.8</ele>
    <time>2025-11-16T15:21:34Z</time>
   </trkpt>
   <trkpt lat="22.5231050" lon="88.3465980">
    <ele>8.8</ele>
    <time>2025-11-16T15:21:35Z</time>
   </trkpt>
   <trkpt lat="22.5231110" lon="88.3465890">
    <ele>8.8</ele>
    <time>2025-11-16T15:21:36Z</time>
   </trkpt>
   <trkpt lat="22.5231290" lon="88.3465900">
    <ele>8.8</ele>
    <time>2025-11-16T15:21:37Z</time>
   </trkpt>
   <trkpt lat="22.5231410" lon="88.3465860">
    <ele>8.8</ele>
    <time>2025-11-16T15:21:38Z</time>
   </trkpt>
   <trkpt lat="22.5231520" lon="88.3465830">
    <ele>8.8</ele>
    <time>2025-11-16T15:21:39Z</time>
   </trkpt>
   <trkpt lat="22.5231740" lon="88.3465810">
    <ele>8.8</ele>
    <time>2025-11-16T15:21:40Z</time>
   </trkpt>
   <trkpt lat="22.5231820" lon="88.3465790">
    <ele>8.8</ele>
    <time>2025-11-16T15:21:41Z</time>
   </trkpt>
   <trkpt lat="22.5231890" lon="88.3465770">
    <ele>8.8</ele>
    <time>2025-11-16T15:21:42Z</time>
   </trkpt>
   <trkpt lat="22.5231980" lon="88.3465760">
    <ele>8.7</ele>
    <time>2025-11-16T15:21:43Z</time>
   </trkpt>
   <trkpt lat="22.5232030" lon="88.3465780">
    <ele>8.7</ele>
    <time>2025-11-16T15:21:44Z</time>
   </trkpt>
   <trkpt lat="22.5232190" lon="88.3465670">
    <ele>8.7</ele>
    <time>2025-11-16T15:21:45Z</time>
   </trkpt>
   <trkpt lat="22.5232350" lon="88.3465620">
    <ele>8.7</ele>
    <time>2025-11-16T15:21:46Z</time>
   </trkpt>
   <trkpt lat="22.5232360" lon="88.3465670">
    <ele>8.7</ele>
    <time>2025-11-16T15:21:47Z</time>
   </trkpt>
   <trkpt lat="22.5232480" lon="88.3465670">
    <ele>8.7</ele>
    <time>2025-11-16T15:21:48Z</time>
   </trkpt>
   <trkpt lat="22.5232620" lon="88.3465620">
    <ele>8.7</ele>
    <time>2025-11-16T15:21:49Z</time>
   </trkpt>
   <trkpt lat="22.5232750" lon="88.3465610">
    <ele>8.7</ele>
    <time>2025-11-16T15:21:50Z</time>
   </trkpt>
   <trkpt lat="22.5232900" lon="88.3465600">
    <ele>8.7</ele>
    <time>2025-11-16T15:21:51Z</time>
   </trkpt>
   <trkpt lat="22.5233030" lon="88.3465580">
    <ele>8.7</ele>
    <time>2025-11-16T15:21:52Z</time>
   </trkpt>
   <trkpt lat="22.5233130" lon="88.3465550">
    <ele>8.7</ele>
    <time>2025-11-16T15:21:53Z</time>
   </trkpt>
   <trkpt lat="22.5233260" lon="88.3465550">
    <ele>8.7</ele>
    <time>2025-11-16T15:21:54Z</time>
   </trkpt>
   <trkpt lat="22.5233380" lon="88.3465530">
    <ele>8.7</ele>
    <time>2025-11-16T15:21:55Z</time>
   </trkpt>
   <trkpt lat="22.5233450" lon="88.3465510">
    <ele>8.7</ele>
    <time>2025-11-16T15:21:56Z</time>
   </trkpt>
   <trkpt lat="22.5233560" lon="88.3465500">
    <ele>8.7</ele>
    <time>2025-11-16T15:21:57Z</time>
   </trkpt>
   <trkpt lat="22.5233720" lon="88.3465520">
    <ele>8.7</ele>
    <time>2025-11-16T15:21:58Z</time>
   </trkpt>
   <trkpt lat="22.5233830" lon="88.3465540">
    <ele>8.7</ele>
    <time>2025-11-16T15:21:59Z</time>
   </trkpt>
   <trkpt lat="22.5233990" lon="88.3465550">
    <ele>8.7</ele>
    <time>2025-11-16T15:22:00Z</time>
   </trkpt>
   <trkpt lat="22.5234060" lon="88.3465560">
    <ele>8.7</ele>
    <time>2025-11-16T15:22:01Z</time>
   </trkpt>
   <trkpt lat="22.5234190" lon="88.3465590">
    <ele>8.7</ele>
    <time>2025-11-16T15:22:02Z</time>
   </trkpt>
   <trkpt lat="22.5234310" lon="88.3465530">
    <ele>8.7</ele>
    <time>2025-11-16T15:22:03Z</time>
   </trkpt>
   <trkpt lat="22.5234390" lon="88.3465610">
    <ele>8.7</ele>
    <time>2025-11-16T15:22:04Z</time>
   </trkpt>
   <trkpt lat="22.5234540" lon="88.3465680">
    <ele>8.7</ele>
    <time>2025-11-16T15:22:05Z</time>
   </trkpt>
   <trkpt lat="22.5234660" lon="88.3465740">
    <ele>8.7</ele>
    <time>2025-11-16T15:22:06Z</time>
   </trkpt>
   <trkpt lat="22.5234780" lon="88.3465780">
    <ele>8.7</ele>
    <time>2025-11-16T15:22:07Z</time>
   </trkpt>
   <trkpt lat="22.5234980" lon="88.3465750">
    <ele>8.7</ele>
    <time>2025-11-16T15:22:08Z</time>
   </trkpt>
   <trkpt lat="22.5235120" lon="88.3465840">
    <ele>8.7</ele>
    <time>2025-11-16T15:22:09Z</time>
   </trkpt>
   <trkpt lat="22.5235220" lon="88.3465890">
    <ele>8.7</ele>
    <time>2025-11-16T15:22:10Z</time>
   </trkpt>
   <trkpt lat="22.5235310" lon="88.3465840">
    <ele>8.7</ele>
    <time>2025-11-16T15:22:11Z</time>
   </trkpt>
   <trkpt lat="22.5235320" lon="88.3465780">
    <ele>8.7</ele>
    <time>2025-11-16T15:22:12Z</time>
   </trkpt>
   <trkpt lat="22.5235330" lon="88.3465740">
    <ele>8.7</ele>
    <time>2025-11-16T15:22:13Z</time>
   </trkpt>
   <trkpt lat="22.5235410" lon="88.3465670">
    <ele>8.7</ele>
    <time>2025-11-16T15:22:14Z</time>
   </trkpt>
   <trkpt lat="22.5235550" lon="88.3465760">
    <ele>8.7</ele>
    <time>2025-11-16T15:22:15Z</time>
   </trkpt>
   <trkpt lat="22.5235650" lon="88.3465820">
    <ele>8.7</ele>
    <time>2025-11-16T15:22:16Z</time>
   </trkpt>
   <trkpt lat="22.5235740" lon="88.3465880">
    <ele>8.7</ele>
    <time>2025-11-16T15:22:17Z</time>
   </trkpt>
   <trkpt lat="22.5235930" lon="88.3466020">
    <ele>8.7</ele>
    <time>2025-11-16T15:22:18Z</time>
   </trkpt>
   <trkpt lat="22.5235990" lon="88.3466110">
    <ele>8.7</ele>
    <time>2025-11-16T15:22:19Z</time>
   </trkpt>
   <trkpt lat="22.5236120" lon="88.3466280">
    <ele>8.7</ele>
    <time>2025-11-16T15:22:20Z</time>
   </trkpt>
   <trkpt lat="22.5236210" lon="88.3466420">
    <ele>8.7</ele>
    <time>2025-11-16T15:22:21Z</time>
   </trkpt>
   <trkpt lat="22.5236360" lon="88.3466510">
    <ele>8.7</ele>
    <time>2025-11-16T15:22:22Z</time>
   </trkpt>
   <trkpt lat="22.5236480" lon="88.3466570">
    <ele>8.7</ele>
    <time>2025-11-16T15:22:23Z</time>
   </trkpt>
   <trkpt lat="22.5236620" lon="88.3466600">
    <ele>8.7</ele>
    <time>2025-11-16T15:22:24Z</time>
   </trkpt>
   <trkpt lat="22.5236780" lon="88.3466620">
    <ele>8.7</ele>
    <time>2025-11-16T15:22:25Z</time>
   </trkpt>
   <trkpt lat="22.5236920" lon="88.3466620">
    <ele>8.7</ele>
    <time>2025-11-16T15:22:26Z</time>
   </trkpt>
   <trkpt lat="22.5237050" lon="88.3466620">
    <ele>8.7</ele>
    <time>2025-11-16T15:22:27Z</time>
   </trkpt>
   <trkpt lat="22.5237090" lon="88.3466640">
    <ele>8.7</ele>
    <time>2025-11-16T15:22:28Z</time>
   </trkpt>
   <trkpt lat="22.5237110" lon="88.3466680">
    <ele>8.7</ele>
    <time>2025-11-16T15:22:29Z</time>
   </trkpt>
   <trkpt lat="22.5237240" lon="88.3466710">
    <ele>8.7</ele>
    <time>2025-11-16T15:22:30Z</time>
   </trkpt>
   <trkpt lat="22.5237330" lon="88.3466710">
    <ele>8.7</ele>
    <time>2025-11-16T15:22:31Z</time>
   </trkpt>
   <trkpt lat="22.5237330" lon="88.3466720">
    <ele>8.7</ele>
    <time>2025-11-16T15:22:32Z</time>
   </trkpt>
   <trkpt lat="22.5237360" lon="88.3466770">
    <ele>8.7</ele>
    <time>2025-11-16T15:22:33Z</time>
   </trkpt>
   <trkpt lat="22.5237350" lon="88.3466750">
    <ele>8.7</ele>
    <time>2025-11-16T15:22:34Z</time>
   </trkpt>
   <trkpt lat="22.5237440" lon="88.3466820">
    <ele>8.7</ele>
    <time>2025-11-16T15:22:35Z</time>
   </trkpt>
   <trkpt lat="22.5237460" lon="88.3466710">
    <ele>8.7</ele>
    <time>2025-11-16T15:22:36Z</time>
   </trkpt>
   <trkpt lat="22.5237420" lon="88.3466660">
    <ele>8.7</ele>
    <time>2025-11-16T15:22:37Z</time>
   </trkpt>
   <trkpt lat="22.5237540" lon="88.3466580">
    <ele>8.7</ele>
    <time>2025-11-16T15:22:38Z</time>
   </trkpt>
   <trkpt lat="22.5237680" lon="88.3466680">
    <ele>8.7</ele>
    <time>2025-11-16T15:22:39Z</time>
   </trkpt>
   <trkpt lat="22.5237670" lon="88.3466540">
    <ele>8.7</ele>
    <time>2025-11-16T15:22:40Z</time>
   </trkpt>
   <trkpt lat="22.5237710" lon="88.3466510">
    <ele>8.7</ele>
    <time>2025-11-16T15:22:41Z</time>
   </trkpt>
   <trkpt lat="22.5237750" lon="88.3466400">
    <ele>8.7</ele>
    <time>2025-11-16T15:22:42Z</time>
   </trkpt>
   <trkpt lat="22.5237710" lon="88.3466390">
    <ele>8.7</ele>
    <time>2025-11-16T15:22:43Z</time>
   </trkpt>
   <trkpt lat="22.5237740" lon="88.3466370">
    <ele>8.7</ele>
    <time>2025-11-16T15:22:44Z</time>
   </trkpt>
   <trkpt lat="22.5237810" lon="88.3466390">
    <ele>8.7</ele>
    <time>2025-11-16T15:22:45Z</time>
   </trkpt>
   <trkpt lat="22.5237960" lon="88.3466390">
    <ele>8.7</ele>
    <time>2025-11-16T15:22:46Z</time>
   </trkpt>
   <trkpt lat="22.5238090" lon="88.3466270">
    <ele>8.7</ele>
    <time>2025-11-16T15:22:47Z</time>
   </trkpt>
   <trkpt lat="22.5238230" lon="88.3466210">
    <ele>8.7</ele>
    <time>2025-11-16T15:22:48Z</time>
   </trkpt>
   <trkpt lat="22.5238320" lon="88.3466100">
    <ele>8.7</ele>
    <time>2025-11-16T15:22:49Z</time>
   </trkpt>
   <trkpt lat="22.5238410" lon="88.3466030">
    <ele>8.7</ele>
    <time>2025-11-16T15:22:50Z</time>
   </trkpt>
   <trkpt lat="22.5238520" lon="88.3465920">
    <ele>8.7</ele>
    <time>2025-11-16T15:22:51Z</time>
   </trkpt>
   <trkpt lat="22.5238620" lon="88.3465900">
    <ele>8.7</ele>
    <time>2025-11-16T15:22:52Z</time>
   </trkpt>
   <trkpt lat="22.5238700" lon="88.3466020">
    <ele>8.7</ele>
    <time>2025-11-16T15:22:53Z</time>
   </trkpt>
   <trkpt lat="22.5238890" lon="88.3465920">
    <ele>8.7</ele>
    <time>2025-11-16T15:22:54Z</time>
   </trkpt>
   <trkpt lat="22.5239070" lon="88.3465900">
    <ele>8.7</ele>
    <time>2025-11-16T15:22:55Z</time>
   </trkpt>
   <trkpt lat="22.5239140" lon="88.3465910">
    <ele>8.7</ele>
    <time>2025-11-16T15:22:56Z</time>
   </trkpt>
   <trkpt lat="22.5239240" lon="88.3465920">
    <ele>8.7</ele>
    <time>2025-11-16T15:22:57Z</time>
   </trkpt>
   <trkpt lat="22.5239390" lon="88.3465840">
    <ele>8.7</ele>
    <time>2025-11-16T15:22:58Z</time>
   </trkpt>
   <trkpt lat="22.5239560" lon="88.3465840">
    <ele>8.7</ele>
    <time>2025-11-16T15:22:59Z</time>
   </trkpt>
   <trkpt lat="22.5239770" lon="88.3465780">
    <ele>8.7</ele>
    <time>2025-11-16T15:23:00Z</time>
   </trkpt>
   <trkpt lat="22.5239920" lon="88.3465770">
    <ele>8.7</ele>
    <time>2025-11-16T15:23:01Z</time>
   </trkpt>
   <trkpt lat="22.5240220" lon="88.3465780">
    <ele>8.8</ele>
    <time>2025-11-16T15:23:02Z</time>
   </trkpt>
   <trkpt lat="22.5240330" lon="88.3465810">
    <ele>8.8</ele>
    <time>2025-11-16T15:23:03Z</time>
   </trkpt>
   <trkpt lat="22.5240550" lon="88.3465840">
    <ele>8.8</ele>
    <time>2025-11-16T15:23:04Z</time>
   </trkpt>
   <trkpt lat="22.5240640" lon="88.3465820">
    <ele>8.8</ele>
    <time>2025-11-16T15:23:05Z</time>
   </trkpt>
   <trkpt lat="22.5240720" lon="88.3465800">
    <ele>8.8</ele>
    <time>2025-11-16T15:23:06Z</time>
   </trkpt>
   <trkpt lat="22.5241060" lon="88.3465780">
    <ele>8.9</ele>
    <time>2025-11-16T15:23:07Z</time>
   </trkpt>
   <trkpt lat="22.5241140" lon="88.3465750">
    <ele>8.9</ele>
    <time>2025-11-16T15:23:08Z</time>
   </trkpt>
   <trkpt lat="22.5241350" lon="88.3465810">
    <ele>8.9</ele>
    <time>2025-11-16T15:23:09Z</time>
   </trkpt>
   <trkpt lat="22.5241500" lon="88.3465840">
    <ele>8.9</ele>
    <time>2025-11-16T15:23:10Z</time>
   </trkpt>
   <trkpt lat="22.5241590" lon="88.3465840">
    <ele>8.9</ele>
    <time>2025-11-16T15:23:11Z</time>
   </trkpt>
   <trkpt lat="22.5241680" lon="88.3465780">
    <ele>8.9</ele>
    <time>2025-11-16T15:23:12Z</time>
   </trkpt>
   <trkpt lat="22.5241720" lon="88.3465710">
    <ele>8.9</ele>
    <time>2025-11-16T15:23:13Z</time>
   </trkpt>
   <trkpt lat="22.5241830" lon="88.3465700">
    <ele>8.9</ele>
    <time>2025-11-16T15:23:14Z</time>
   </trkpt>
   <trkpt lat="22.5241950" lon="88.3465750">
    <ele>8.9</ele>
    <time>2025-11-16T15:23:15Z</time>
   </trkpt>
   <trkpt lat="22.5242030" lon="88.3465790">
    <ele>8.9</ele>
    <time>2025-11-16T15:23:16Z</time>
   </trkpt>
   <trkpt lat="22.5242110" lon="88.3465830">
    <ele>8.9</ele>
    <time>2025-11-16T15:23:17Z</time>
   </trkpt>
   <trkpt lat="22.5242190" lon="88.3465870">
    <ele>8.9</ele>
    <time>2025-11-16T15:23:18Z</time>
   </trkpt>
   <trkpt lat="22.5242350" lon="88.3465870">
    <ele>8.9</ele>
    <time>2025-11-16T15:23:19Z</time>
   </trkpt>
   <trkpt lat="22.5242470" lon="88.3465890">
    <ele>8.9</ele>
    <time>2025-11-16T15:23:20Z</time>
   </trkpt>
   <trkpt lat="22.5242790" lon="88.3465940">
    <ele>8.9</ele>
    <time>2025-11-16T15:23:21Z</time>
   </trkpt>
   <trkpt lat="22.5242910" lon="88.3466030">
    <ele>9.0</ele>
    <time>2025-11-16T15:23:22Z</time>
   </trkpt>
   <trkpt lat="22.5243030" lon="88.3466090">
    <ele>9.0</ele>
    <time>2025-11-16T15:23:23Z</time>
   </trkpt>
   <trkpt lat="22.5243090" lon="88.3466050">
    <ele>9.0</ele>
    <time>2025-11-16T15:23:24Z</time>
   </trkpt>
   <trkpt lat="22.5243180" lon="88.3466030">
    <ele>9.0</ele>
    <time>2025-11-16T15:23:25Z</time>
   </trkpt>
   <trkpt lat="22.5243340" lon="88.3466080">
    <ele>9.0</ele>
    <time>2025-11-16T15:23:26Z</time>
   </trkpt>
   <trkpt lat="22.5243490" lon="88.3466080">
    <ele>9.0</ele>
    <time>2025-11-16T15:23:27Z</time>
   </trkpt>
   <trkpt lat="22.5243650" lon="88.3466100">
    <ele>9.0</ele>
    <time>2025-11-16T15:23:28Z</time>
   </trkpt>
   <trkpt lat="22.5243780" lon="88.3466140">
    <ele>9.0</ele>
    <time>2025-11-16T15:23:29Z</time>
   </trkpt>
   <trkpt lat="22.5243890" lon="88.3466160">
    <ele>9.0</ele>
    <time>2025-11-16T15:23:30Z</time>
   </trkpt>
   <trkpt lat="22.5244050" lon="88.3466130">
    <ele>9.0</ele>
    <time>2025-11-16T15:23:31Z</time>
   </trkpt>
   <trkpt lat="22.5244170" lon="88.3466130">
    <ele>9.0</ele>
    <time>2025-11-16T15:23:32Z</time>
   </trkpt>
   <trkpt lat="22.5244240" lon="88.3466110">
    <ele>9.0</ele>
    <time>2025-11-16T15:23:33Z</time>
   </trkpt>
   <trkpt lat="22.5244320" lon="88.3466080">
    <ele>9.0</ele>
    <time>2025-11-16T15:23:34Z</time>
   </trkpt>
   <trkpt lat="22.5244390" lon="88.3466130">
    <ele>9.0</ele>
    <time>2025-11-16T15:23:35Z</time>
   </trkpt>
   <trkpt lat="22.5244530" lon="88.3466130">
    <ele>9.0</ele>
    <time>2025-11-16T15:23:36Z</time>
   </trkpt>
   <trkpt lat="22.5244610" lon="88.3466120">
    <ele>9.0</ele>
    <time>2025-11-16T15:23:37Z</time>
   </trkpt>
   <trkpt lat="22.5244660" lon="88.3466040">
    <ele>9.0</ele>
    <time>2025-11-16T15:23:38Z</time>
   </trkpt>
   <trkpt lat="22.5244870" lon="88.3466030">
    <ele>9.0</ele>
    <time>2025-11-16T15:23:39Z</time>
   </trkpt>
   <trkpt lat="22.5245100" lon="88.3465880">
    <ele>9.0</ele>
    <time>2025-11-16T15:23:40Z</time>
   </trkpt>
   <trkpt lat="22.5245220" lon="88.3465930">
    <ele>9.0</ele>
    <time>2025-11-16T15:23:41Z</time>
   </trkpt>
   <trkpt lat="22.5245380" lon="88.3465820">
    <ele>9.0</ele>
    <time>2025-11-16T15:23:42Z</time>
   </trkpt>
   <trkpt lat="22.5245450" lon="88.3465770">
    <ele>9.0</ele>
    <time>2025-11-16T15:23:43Z</time>
   </trkpt>
   <trkpt lat="22.5245560" lon="88.3465740">
    <ele>9.0</ele>
    <time>2025-11-16T15:23:44Z</time>
   </trkpt>
   <trkpt lat="22.5245600" lon="88.3465730">
    <ele>9.0</ele>
    <time>2025-11-16T15:23:45Z</time>
   </trkpt>
   <trkpt lat="22.5245720" lon="88.3465790">
    <ele>9.1</ele>
    <time>2025-11-16T15:23:46Z</time>
   </trkpt>
   <trkpt lat="22.5245840" lon="88.3465760">
    <ele>9.1</ele>
    <time>2025-11-16T15:23:47Z</time>
   </trkpt>
   <trkpt lat="22.5246020" lon="88.3465770">
    <ele>9.1</ele>
    <time>2025-11-16T15:23:48Z</time>
   </trkpt>
   <trkpt lat="22.5246240" lon="88.3465730">
    <ele>9.1</ele>
    <time>2025-11-16T15:23:49Z</time>
   </trkpt>
   <trkpt lat="22.5246320" lon="88.3465720">
    <ele>9.1</ele>
    <time>2025-11-16T15:23:50Z</time>
   </trkpt>
   <trkpt lat="22.5246390" lon="88.3465710">
    <ele>9.1</ele>
    <time>2025-11-16T15:23:51Z</time>
   </trkpt>
   <trkpt lat="22.5246470" lon="88.3465720">
    <ele>9.1</ele>
    <time>2025-11-16T15:23:52Z</time>
   </trkpt>
   <trkpt lat="22.5246560" lon="88.3465690">
    <ele>9.1</ele>
    <time>2025-11-16T15:23:53Z</time>
   </trkpt>
   <trkpt lat="22.5246720" lon="88.3465680">
    <ele>9.1</ele>
    <time>2025-11-16T15:23:54Z</time>
   </trkpt>
   <trkpt lat="22.5246860" lon="88.3465690">
    <ele>9.1</ele>
    <time>2025-11-16T15:23:55Z</time>
   </trkpt>
   <trkpt lat="22.5247000" lon="88.3465710">
    <ele>9.1</ele>
    <time>2025-11-16T15:23:56Z</time>
   </trkpt>
   <trkpt lat="22.5247150" lon="88.3465680">
    <ele>9.1</ele>
    <time>2025-11-16T15:23:57Z</time>
   </trkpt>
   <trkpt lat="22.5247220" lon="88.3465660">
    <ele>9.1</ele>
    <time>2025-11-16T15:23:58Z</time>
   </trkpt>
   <trkpt lat="22.5247300" lon="88.3465640">
    <ele>9.1</ele>
    <time>2025-11-16T15:23:59Z</time>
   </trkpt>
   <trkpt lat="22.5247370" lon="88.3465620">
    <ele>9.1</ele>
    <time>2025-11-16T15:24:00Z</time>
   </trkpt>
   <trkpt lat="22.5247480" lon="88.3465600">
    <ele>9.1</ele>
    <time>2025-11-16T15:24:01Z</time>
   </trkpt>
   <trkpt lat="22.5247650" lon="88.3465600">
    <ele>9.1</ele>
    <time>2025-11-16T15:24:02Z</time>
   </trkpt>
   <trkpt lat="22.5247740" lon="88.3465550">
    <ele>9.1</ele>
    <time>2025-11-16T15:24:03Z</time>
   </trkpt>
   <trkpt lat="22.5247810" lon="88.3465550">
    <ele>9.1</ele>
    <time>2025-11-16T15:24:04Z</time>
   </trkpt>
   <trkpt lat="22.5247940" lon="88.3465540">
    <ele>9.1</ele>
    <time>2025-11-16T15:24:05Z</time>
   </trkpt>
   <trkpt lat="22.5248040" lon="88.3465500">
    <ele>9.1</ele>
    <time>2025-11-16T15:24:06Z</time>
   </trkpt>
   <trkpt lat="22.5248240" lon="88.3465490">
    <ele>9.2</ele>
    <time>2025-11-16T15:24:07Z</time>
   </trkpt>
   <trkpt lat="22.5248340" lon="88.3465520">
    <ele>9.2</ele>
    <time>2025-11-16T15:24:08Z</time>
   </trkpt>
   <trkpt lat="22.5248560" lon="88.3465500">
    <ele>9.2</ele>
    <time>2025-11-16T15:24:09Z</time>
   </trkpt>
   <trkpt lat="22.5248720" lon="88.3465490">
    <ele>9.2</ele>
    <time>2025-11-16T15:24:10Z</time>
   </trkpt>
   <trkpt lat="22.5248820" lon="88.3465460">
    <ele>9.2</ele>
    <time>2025-11-16T15:24:11Z</time>
   </trkpt>
   <trkpt lat="22.5248870" lon="88.3465510">
    <ele>9.2</ele>
    <time>2025-11-16T15:24:12Z</time>
   </trkpt>
   <trkpt lat="22.5249000" lon="88.3465520">
    <ele>9.2</ele>
    <time>2025-11-16T15:24:13Z</time>
   </trkpt>
   <trkpt lat="22.5249080" lon="88.3465460">
    <ele>9.2</ele>
    <time>2025-11-16T15:24:14Z</time>
   </trkpt>
   <trkpt lat="22.5249170" lon="88.3465440">
    <ele>9.2</ele>
    <time>2025-11-16T15:24:15Z</time>
   </trkpt>
   <trkpt lat="22.5249270" lon="88.3465380">
    <ele>9.2</ele>
    <time>2025-11-16T15:24:16Z</time>
   </trkpt>
   <trkpt lat="22.5249360" lon="88.3465360">
    <ele>9.2</ele>
    <time>2025-11-16T15:24:17Z</time>
   </trkpt>
   <trkpt lat="22.5249500" lon="88.3465330">
    <ele>9.2</ele>
    <time>2025-11-16T15:24:18Z</time>
   </trkpt>
   <trkpt lat="22.5249680" lon="88.3465230">
    <ele>9.2</ele>
    <time>2025-11-16T15:24:19Z</time>
   </trkpt>
   <trkpt lat="22.5249780" lon="88.3465170">
    <ele>9.2</ele>
    <time>2025-11-16T15:24:20Z</time>
   </trkpt>
   <trkpt lat="22.5249880" lon="88.3465110">
    <ele>9.2</ele>
    <time>2025-11-16T15:24:21Z</time>
   </trkpt>
   <trkpt lat="22.5250310" lon="88.3464840">
    <ele>9.3</ele>
    <time>2025-11-16T15:24:22Z</time>
   </trkpt>
   <trkpt lat="22.5250400" lon="88.3464880">
    <ele>9.3</ele>
    <time>2025-11-16T15:24:23Z</time>
   </trkpt>
   <trkpt lat="22.5250520" lon="88.3464940">
    <ele>9.3</ele>
    <time>2025-11-16T15:24:24Z</time>
   </trkpt>
   <trkpt lat="22.5250630" lon="88.3464980">
    <ele>9.3</ele>
    <time>2025-11-16T15:24:25Z</time>
   </trkpt>
   <trkpt lat="22.5250830" lon="88.3464880">
    <ele>9.3</ele>
    <time>2025-11-16T15:24:26Z</time>
   </trkpt>
   <trkpt lat="22.5250930" lon="88.3464860">
    <ele>9.3</ele>
    <time>2025-11-16T15:24:27Z</time>
   </trkpt>
   <trkpt lat="22.5251030" lon="88.3464830">
    <ele>9.3</ele>
    <time>2025-11-16T15:24:28Z</time>
   </trkpt>
   <trkpt lat="22.5251200" lon="88.3464810">
    <ele>9.3</ele>
    <time>2025-11-16T15:24:29Z</time>
   </trkpt>
   <trkpt lat="22.5251330" lon="88.3464790">
    <ele>9.3</ele>
    <time>2025-11-16T15:24:30Z</time>
   </trkpt>
   <trkpt lat="22.5251450" lon="88.3464830">
    <ele>9.3</ele>
    <time>2025-11-16T15:24:31Z</time>
   </trkpt>
   <trkpt lat="22.5251560" lon="88.3464820">
    <ele>9.3</ele>
    <time>2025-11-16T15:24:32Z</time>
   </trkpt>
   <trkpt lat="22.5251690" lon="88.3464780">
    <ele>9.4</ele>
    <time>2025-11-16T15:24:33Z</time>
   </trkpt>
   <trkpt lat="22.5251980" lon="88.3464680">
    <ele>9.4</ele>
    <time>2025-11-16T15:24:34Z</time>
   </trkpt>
   <trkpt lat="22.5252050" lon="88.3464660">
    <ele>9.4</ele>
    <time>2025-11-16T15:24:35Z</time>
   </trkpt>
   <trkpt lat="22.5252230" lon="88.3464610">
    <ele>9.4</ele>
    <time>2025-11-16T15:24:36Z</time>
   </trkpt>
   <trkpt lat="22.5252320" lon="88.3464590">
    <ele>9.4</ele>
    <time>2025-11-16T15:24:37Z</time>
   </trkpt>
   <trkpt lat="22.5252400" lon="88.3464560">
    <ele>9.4</ele>
    <time>2025-11-16T15:24:38Z</time>
   </trkpt>
   <trkpt lat="22.5252530" lon="88.3464560">
    <ele>9.4</ele>
    <time>2025-11-16T15:24:39Z</time>
   </trkpt>
   <trkpt lat="22.5252590" lon="88.3464590">
    <ele>9.4</ele>
    <time>2025-11-16T15:24:40Z</time>
   </trkpt>
   <trkpt lat="22.5252700" lon="88.3464590">
    <ele>9.4</ele>
    <time>2025-11-16T15:24:41Z</time>
   </trkpt>
   <trkpt lat="22.5252830" lon="88.3464550">
    <ele>9.4</ele>
    <time>2025-11-16T15:24:42Z</time>
   </trkpt>
   <trkpt lat="22.5252970" lon="88.3464540">
    <ele>9.4</ele>
    <time>2025-11-16T15:24:43Z</time>
   </trkpt>
   <trkpt lat="22.5253090" lon="88.3464480">
    <ele>9.4</ele>
    <time>2025-11-16T15:24:44Z</time>
   </trkpt>
   <trkpt lat="22.5253210" lon="88.3464500">
    <ele>9.4</ele>
    <time>2025-11-16T15:24:45Z</time>
   </trkpt>
   <trkpt lat="22.5253330" lon="88.3464500">
    <ele>9.4</ele>
    <time>2025-11-16T15:24:46Z</time>
   </trkpt>
   <trkpt lat="22.5253560" lon="88.3464490">
    <ele>9.5</ele>
    <time>2025-11-16T15:24:47Z</time>
   </trkpt>
   <trkpt lat="22.5253640" lon="88.3464490">
    <ele>9.5</ele>
    <time>2025-11-16T15:24:48Z</time>
   </trkpt>
   <trkpt lat="22.5253730" lon="88.3464480">
    <ele>9.5</ele>
    <time>2025-11-16T15:24:49Z</time>
   </trkpt>
   <trkpt lat="22.5253830" lon="88.3464520">
    <ele>9.5</ele>
    <time>2025-11-16T15:24:50Z</time>
   </trkpt>
   <trkpt lat="22.5253960" lon="88.3464540">
    <ele>9.5</ele>
    <time>2025-11-16T15:24:51Z</time>
   </trkpt>
   <trkpt lat="22.5254090" lon="88.3464490">
    <ele>9.5</ele>
    <time>2025-11-16T15:24:52Z</time>
   </trkpt>
   <trkpt lat="22.5254210" lon="88.3464460">
    <ele>9.5</ele>
    <time>2025-11-16T15:24:53Z</time>
   </trkpt>
   <trkpt lat="22.5254370" lon="88.3464430">
    <ele>9.5</ele>
    <time>2025-11-16T15:24:54Z</time>
   </trkpt>
   <trkpt lat="22.5254460" lon="88.3464380">
    <ele>9.5</ele>
    <time>2025-11-16T15:24:55Z</time>
   </trkpt>
   <trkpt lat="22.5254560" lon="88.3464460">
    <ele>9.5</ele>
    <time>2025-11-16T15:24:56Z</time>
   </trkpt>
   <trkpt lat="22.5254700" lon="88.3464410">
    <ele>9.5</ele>
    <time>2025-11-16T15:24:57Z</time>
   </trkpt>
   <trkpt lat="22.5254820" lon="88.3464350">
    <ele>9.5</ele>
    <time>2025-11-16T15:24:58Z</time>
   </trkpt>
   <trkpt lat="22.5254980" lon="88.3464280">
    <ele>9.5</ele>
    <time>2025-11-16T15:24:59Z</time>
   </trkpt>
   <trkpt lat="22.5255220" lon="88.3464320">
    <ele>9.5</ele>
    <time>2025-11-16T15:25:00Z</time>
   </trkpt>
   <trkpt lat="22.5255290" lon="88.3464260">
    <ele>9.5</ele>
    <time>2025-11-16T15:25:01Z</time>
   </trkpt>
   <trkpt lat="22.5255470" lon="88.3464250">
    <ele>9.5</ele>
    <time>2025-11-16T15:25:02Z</time>
   </trkpt>
   <trkpt lat="22.5255570" lon="88.3464250">
    <ele>9.5</ele>
    <time>2025-11-16T15:25:03Z</time>
   </trkpt>
   <trkpt lat="22.5255660" lon="88.3464240">
    <ele>9.5</ele>
    <time>2025-11-16T15:25:04Z</time>
   </trkpt>
   <trkpt lat="22.5255760" lon="88.3464230">
    <ele>9.5</ele>
    <time>2025-11-16T15:25:05Z</time>
   </trkpt>
   <trkpt lat="22.5255870" lon="88.3464240">
    <ele>9.5</ele>
    <time>2025-11-16T15:25:06Z</time>
   </trkpt>
   <trkpt lat="22.5255970" lon="88.3464180">
    <ele>9.5</ele>
    <time>2025-11-16T15:25:07Z</time>
   </trkpt>
   <trkpt lat="22.5256190" lon="88.3464160">
    <ele>9.5</ele>
    <time>2025-11-16T15:25:08Z</time>
   </trkpt>
   <trkpt lat="22.5256260" lon="88.3464150">
    <ele>9.5</ele>
    <time>2025-11-16T15:25:09Z</time>
   </trkpt>
   <trkpt lat="22.5256340" lon="88.3464140">
    <ele>9.5</ele>
    <time>2025-11-16T15:25:10Z</time>
   </trkpt>
   <trkpt lat="22.5256500" lon="88.3464150">
    <ele>9.5</ele>
    <time>2025-11-16T15:25:11Z</time>
   </trkpt>
   <trkpt lat="22.5256610" lon="88.3464060">
    <ele>9.5</ele>
    <time>2025-11-16T15:25:12Z</time>
   </trkpt>
   <trkpt lat="22.5256710" lon="88.3464060">
    <ele>9.5</ele>
    <time>2025-11-16T15:25:13Z</time>
   </trkpt>
   <trkpt lat="22.5256830" lon="88.3464020">
    <ele>9.5</ele>
    <time>2025-11-16T15:25:15Z</time>
   </trkpt>
   <trkpt lat="22.5256930" lon="88.3463990">
    <ele>9.5</ele>
    <time>2025-11-16T15:25:16Z</time>
   </trkpt>
   <trkpt lat="22.5257140" lon="88.3463930">
    <ele>9.5</ele>
    <time>2025-11-16T15:25:17Z</time>
   </trkpt>
   <trkpt lat="22.5257230" lon="88.3463920">
    <ele>9.5</ele>
    <time>2025-11-16T15:25:18Z</time>
   </trkpt>
   <trkpt lat="22.5257320" lon="88.3463910">
    <ele>9.5</ele>
    <time>2025-11-16T15:25:19Z</time>
   </trkpt>
   <trkpt lat="22.5257390" lon="88.3463870">
    <ele>9.5</ele>
    <time>2025-11-16T15:25:20Z</time>
   </trkpt>
   <trkpt lat="22.5257510" lon="88.3463870">
    <ele>9.5</ele>
    <time>2025-11-16T15:25:21Z</time>
   </trkpt>
   <trkpt lat="22.5257630" lon="88.3463840">
    <ele>9.5</ele>
    <time>2025-11-16T15:25:22Z</time>
   </trkpt>
   <trkpt lat="22.5257730" lon="88.3463830">
    <ele>9.5</ele>
    <time>2025-11-16T15:25:23Z</time>
   </trkpt>
   <trkpt lat="22.5257930" lon="88.3464000">
    <ele>9.5</ele>
    <time>2025-11-16T15:25:24Z</time>
   </trkpt>
   <trkpt lat="22.5258030" lon="88.3464000">
    <ele>9.5</ele>
    <time>2025-11-16T15:25:25Z</time>
   </trkpt>
   <trkpt lat="22.5258170" lon="88.3463980">
    <ele>9.5</ele>
    <time>2025-11-16T15:25:26Z</time>
   </trkpt>
   <trkpt lat="22.5258250" lon="88.3463940">
    <ele>9.5</ele>
    <time>2025-11-16T15:25:27Z</time>
   </trkpt>
   <trkpt lat="22.5258440" lon="88.3463910">
    <ele>9.5</ele>
    <time>2025-11-16T15:25:28Z</time>
   </trkpt>
   <trkpt lat="22.5258520" lon="88.3463870">
    <ele>9.5</ele>
    <time>2025-11-16T15:25:29Z</time>
   </trkpt>
   <trkpt lat="22.5258600" lon="88.3463830">
    <ele>9.4</ele>
    <time>2025-11-16T15:25:30Z</time>
   </trkpt>
   <trkpt lat="22.5258720" lon="88.3463750">
    <ele>9.4</ele>
    <time>2025-11-16T15:25:31Z</time>
   </trkpt>
   <trkpt lat="22.5258810" lon="88.3463710">
    <ele>9.4</ele>
    <time>2025-11-16T15:25:32Z</time>
   </trkpt>
   <trkpt lat="22.5258900" lon="88.3463700">
    <ele>9.4</ele>
    <time>2025-11-16T15:25:33Z</time>
   </trkpt>
   <trkpt lat="22.5258970" lon="88.3463680">
    <ele>9.4</ele>
    <time>2025-11-16T15:25:34Z</time>
   </trkpt>
   <trkpt lat="22.5259110" lon="88.3463680">
    <ele>9.4</ele>
    <time>2025-11-16T15:25:35Z</time>
   </trkpt>
   <trkpt lat="22.5259220" lon="88.3463690">
    <ele>9.4</ele>
    <time>2025-11-16T15:25:36Z</time>
   </trkpt>
   <trkpt lat="22.5259390" lon="88.3463640">
    <ele>9.4</ele>
    <time>2025-11-16T15:25:37Z</time>
   </trkpt>
   <trkpt lat="22.5259460" lon="88.3463620">
    <ele>9.4</ele>
    <time>2025-11-16T15:25:38Z</time>
   </trkpt>
   <trkpt lat="22.5259520" lon="88.3463590">
    <ele>9.4</ele>
    <time>2025-11-16T15:25:39Z</time>
   </trkpt>
   <trkpt lat="22.5259580" lon="88.3463570">
    <ele>9.4</ele>
    <time>2025-11-16T15:25:40Z</time>
   </trkpt>
   <trkpt lat="22.5259750" lon="88.3463490">
    <ele>9.4</ele>
    <time>2025-11-16T15:25:41Z</time>
   </trkpt>
   <trkpt lat="22.5259910" lon="88.3463430">
    <ele>9.4</ele>
    <time>2025-11-16T15:25:42Z</time>
   </trkpt>
   <trkpt lat="22.5260050" lon="88.3463410">
    <ele>9.4</ele>
    <time>2025-11-16T15:25:43Z</time>
   </trkpt>
   <trkpt lat="22.5260230" lon="88.3463330">
    <ele>9.4</ele>
    <time>2025-11-16T15:25:44Z</time>
   </trkpt>
   <trkpt lat="22.5260290" lon="88.3463260">
    <ele>9.4</ele>
    <time>2025-11-16T15:25:45Z</time>
   </trkpt>
   <trkpt lat="22.5260460" lon="88.3463260">
    <ele>9.4</ele>
    <time>2025-11-16T15:25:46Z</time>
   </trkpt>
   <trkpt lat="22.5260590" lon="88.3463240">
    <ele>9.4</ele>
    <time>2025-11-16T15:25:47Z</time>
   </trkpt>
   <trkpt lat="22.5260800" lon="88.3463190">
    <ele>9.4</ele>
    <time>2025-11-16T15:25:48Z</time>
   </trkpt>
   <trkpt lat="22.5260890" lon="88.3463160">
    <ele>9.4</ele>
    <time>2025-11-16T15:25:49Z</time>
   </trkpt>
   <trkpt lat="22.5260980" lon="88.3463130">
    <ele>9.4</ele>
    <time>2025-11-16T15:25:50Z</time>
   </trkpt>
   <trkpt lat="22.5261150" lon="88.3463130">
    <ele>9.4</ele>
    <time>2025-11-16T15:25:51Z</time>
   </trkpt>
   <trkpt lat="22.5261310" lon="88.3463140">
    <ele>9.4</ele>
    <time>2025-11-16T15:25:52Z</time>
   </trkpt>
   <trkpt lat="22.5261400" lon="88.3463150">
    <ele>9.3</ele>
    <time>2025-11-16T15:25:53Z</time>
   </trkpt>
   <trkpt lat="22.5261540" lon="88.3463100">
    <ele>9.3</ele>
    <time>2025-11-16T15:25:54Z</time>
   </trkpt>
   <trkpt lat="22.5261590" lon="88.3463070">
    <ele>9.3</ele>
    <time>2025-11-16T15:25:55Z</time>
   </trkpt>
   <trkpt lat="22.5261700" lon="88.3463000">
    <ele>9.3</ele>
    <time>2025-11-16T15:25:56Z</time>
   </trkpt>
   <trkpt lat="22.5261790" lon="88.3462940">
    <ele>9.3</ele>
    <time>2025-11-16T15:25:57Z</time>
   </trkpt>
   <trkpt lat="22.5261900" lon="88.3462900">
    <ele>9.3</ele>
    <time>2025-11-16T15:25:58Z</time>
   </trkpt>
   <trkpt lat="22.5262060" lon="88.3462760">
    <ele>9.3</ele>
    <time>2025-11-16T15:25:59Z</time>
   </trkpt>
   <trkpt lat="22.5262120" lon="88.3462700">
    <ele>9.3</ele>
    <time>2025-11-16T15:26:00Z</time>
   </trkpt>
   <trkpt lat="22.5262180" lon="88.3462630">
    <ele>9.3</ele>
    <time>2025-11-16T15:26:01Z</time>
   </trkpt>
   <trkpt lat="22.5262270" lon="88.3462610">
    <ele>9.3</ele>
    <time>2025-11-16T15:26:02Z</time>
   </trkpt>
   <trkpt lat="22.5262370" lon="88.3462600">
    <ele>9.3</ele>
    <time>2025-11-16T15:26:03Z</time>
   </trkpt>
   <trkpt lat="22.5262540" lon="88.3462700">
    <ele>9.3</ele>
    <time>2025-11-16T15:26:04Z</time>
   </trkpt>
   <trkpt lat="22.5262740" lon="88.3462750">
    <ele>9.3</ele>
    <time>2025-11-16T15:26:05Z</time>
   </trkpt>
   <trkpt lat="22.5262890" lon="88.3462740">
    <ele>9.3</ele>
    <time>2025-11-16T15:26:06Z</time>
   </trkpt>
   <trkpt lat="22.5263120" lon="88.3462680">
    <ele>9.3</ele>
    <time>2025-11-16T15:26:07Z</time>
   </trkpt>
   <trkpt lat="22.5263210" lon="88.3462670">
    <ele>9.3</ele>
    <time>2025-11-16T15:26:08Z</time>
   </trkpt>
   <trkpt lat="22.5263300" lon="88.3462670">
    <ele>9.3</ele>
    <time>2025-11-16T15:26:09Z</time>
   </trkpt>
   <trkpt lat="22.5263530" lon="88.3462660">
    <ele>9.3</ele>
    <time>2025-11-16T15:26:10Z</time>
   </trkpt>
   <trkpt lat="22.5263650" lon="88.3462630">
    <ele>9.3</ele>
    <time>2025-11-16T15:26:11Z</time>
   </trkpt>
   <trkpt lat="22.5263760" lon="88.3462610">
    <ele>9.3</ele>
    <time>2025-11-16T15:26:12Z</time>
   </trkpt>
   <trkpt lat="22.5263920" lon="88.3462540">
    <ele>9.3</ele>
    <time>2025-11-16T15:26:13Z</time>
   </trkpt>
   <trkpt lat="22.5264110" lon="88.3462530">
    <ele>9.3</ele>
    <time>2025-11-16T15:26:14Z</time>
   </trkpt>
   <trkpt lat="22.5264270" lon="88.3462570">
    <ele>9.3</ele>
    <time>2025-11-16T15:26:15Z</time>
   </trkpt>
   <trkpt lat="22.5264380" lon="88.3462640">
    <ele>9.3</ele>
    <time>2025-11-16T15:26:16Z</time>
   </trkpt>
   <trkpt lat="22.5264570" lon="88.3462700">
    <ele>9.3</ele>
    <time>2025-11-16T15:26:17Z</time>
   </trkpt>
   <trkpt lat="22.5264670" lon="88.3462770">
    <ele>9.3</ele>
    <time>2025-11-16T15:26:18Z</time>
   </trkpt>
   <trkpt lat="22.5264830" lon="88.3462810">
    <ele>9.3</ele>
    <time>2025-11-16T15:26:19Z</time>
   </trkpt>
   <trkpt lat="22.5264980" lon="88.3462820">
    <ele>9.3</ele>
    <time>2025-11-16T15:26:20Z</time>
   </trkpt>
   <trkpt lat="22.5265190" lon="88.3462870">
    <ele>9.3</ele>
    <time>2025-11-16T15:26:21Z</time>
   </trkpt>
   <trkpt lat="22.5265290" lon="88.3462870">
    <ele>9.3</ele>
    <time>2025-11-16T15:26:22Z</time>
   </trkpt>
   <trkpt lat="22.5265380" lon="88.3462880">
    <ele>9.3</ele>
    <time>2025-11-16T15:26:23Z</time>
   </trkpt>
   <trkpt lat="22.5265500" lon="88.3462790">
    <ele>9.3</ele>
    <time>2025-11-16T15:26:24Z</time>
   </trkpt>
   <trkpt lat="22.5265650" lon="88.3462770">
    <ele>9.3</ele>
    <time>2025-11-16T15:26:25Z</time>
   </trkpt>
   <trkpt lat="22.5265720" lon="88.3462770">
    <ele>9.3</ele>
    <time>2025-11-16T15:26:26Z</time>
   </trkpt>
   <trkpt lat="22.5265800" lon="88.3462770">
    <ele>9.3</ele>
    <time>2025-11-16T15:26:27Z</time>
   </trkpt>
   <trkpt lat="22.5265850" lon="88.3462760">
    <ele>9.3</ele>
    <time>2025-11-16T15:26:28Z</time>
   </trkpt>
   <trkpt lat="22.5265970" lon="88.3462750">
    <ele>9.3</ele>
    <time>2025-11-16T15:26:29Z</time>
   </trkpt>
   <trkpt lat="22.5266060" lon="88.3462800">
    <ele>9.3</ele>
    <time>2025-11-16T15:26:30Z</time>
   </trkpt>
   <trkpt lat="22.5266200" lon="88.3462780">
    <ele>9.3</ele>
    <time>2025-11-16T15:26:31Z</time>
   </trkpt>
   <trkpt lat="22.5266300" lon="88.3462710">
    <ele>9.3</ele>
    <time>2025-11-16T15:26:32Z</time>
   </trkpt>
   <trkpt lat="22.5266420" lon="88.3462680">
    <ele>9.3</ele>
    <time>2025-11-16T15:26:33Z</time>
   </trkpt>
   <trkpt lat="22.5266500" lon="88.3462660">
    <ele>9.3</ele>
    <time>2025-11-16T15:26:34Z</time>
   </trkpt>
   <trkpt lat="22.5266560" lon="88.3462600">
    <ele>9.3</ele>
    <time>2025-11-16T15:26:35Z</time>
   </trkpt>
   <trkpt lat="22.5266620" lon="88.3462530">
    <ele>9.3</ele>
    <time>2025-11-16T15:26:36Z</time>
   </trkpt>
   <trkpt lat="22.5266720" lon="88.3462500">
    <ele>9.3</ele>
    <time>2025-11-16T15:26:37Z</time>
   </trkpt>
   <trkpt lat="22.5266770" lon="88.3462480">
    <ele>9.3</ele>
    <time>2025-11-16T15:26:38Z</time>
   </trkpt>
   <trkpt lat="22.5266820" lon="88.3462440">
    <ele>9.3</ele>
    <time>2025-11-16T15:26:39Z</time>
   </trkpt>
   <trkpt lat="22.5267040" lon="88.3462410">
    <ele>9.3</ele>
    <time>2025-11-16T15:26:40Z</time>
   </trkpt>
   <trkpt lat="22.5267130" lon="88.3462370">
    <ele>9.3</ele>
    <time>2025-11-16T15:26:41Z</time>
   </trkpt>
   <trkpt lat="22.5267200" lon="88.3462360">
    <ele>9.2</ele>
    <time>2025-11-16T15:26:42Z</time>
   </trkpt>
   <trkpt lat="22.5267270" lon="88.3462300">
    <ele>9.2</ele>
    <time>2025-11-16T15:26:43Z</time>
   </trkpt>
   <trkpt lat="22.5267400" lon="88.3462250">
    <ele>9.2</ele>
    <time>2025-11-16T15:26:44Z</time>
   </trkpt>
   <trkpt lat="22.5267500" lon="88.3462230">
    <ele>9.2</ele>
    <time>2025-11-16T15:26:45Z</time>
   </trkpt>
   <trkpt lat="22.5267690" lon="88.3462230">
    <ele>9.2</ele>
    <time>2025-11-16T15:26:46Z</time>
   </trkpt>
   <trkpt lat="22.5267870" lon="88.3462210">
    <ele>9.2</ele>
    <time>2025-11-16T15:26:47Z</time>
   </trkpt>
   <trkpt lat="22.5267960" lon="88.3462160">
    <ele>9.2</ele>
    <time>2025-11-16T15:26:48Z</time>
   </trkpt>
   <trkpt lat="22.5268090" lon="88.3462160">
    <ele>9.2</ele>
    <time>2025-11-16T15:26:49Z</time>
   </trkpt>
   <trkpt lat="22.5268240" lon="88.3462200">
    <ele>9.2</ele>
    <time>2025-11-16T15:26:50Z</time>
   </trkpt>
   <trkpt lat="22.5268380" lon="88.3462150">
    <ele>9.2</ele>
    <time>2025-11-16T15:26:51Z</time>
   </trkpt>
   <trkpt lat="22.5268520" lon="88.3462080">
    <ele>9.2</ele>
    <time>2025-11-16T15:26:52Z</time>
   </trkpt>
   <trkpt lat="22.5268580" lon="88.3462030">
    <ele>9.2</ele>
    <time>2025-11-16T15:26:53Z</time>
   </trkpt>
   <trkpt lat="22.5268780" lon="88.3461980">
    <ele>9.2</ele>
    <time>2025-11-16T15:26:54Z</time>
   </trkpt>
   <trkpt lat="22.5268860" lon="88.3461830">
    <ele>9.1</ele>
    <time>2025-11-16T15:26:55Z</time>
   </trkpt>
   <trkpt lat="22.5268980" lon="88.3461810">
    <ele>9.1</ele>
    <time>2025-11-16T15:26:56Z</time>
   </trkpt>
   <trkpt lat="22.5269080" lon="88.3461800">
    <ele>9.1</ele>
    <time>2025-11-16T15:26:57Z</time>
   </trkpt>
   <trkpt lat="22.5269160" lon="88.3461790">
    <ele>9.1</ele>
    <time>2025-11-16T15:26:58Z</time>
   </trkpt>
   <trkpt lat="22.5269330" lon="88.3461750">
    <ele>9.1</ele>
    <time>2025-11-16T15:26:59Z</time>
   </trkpt>
   <trkpt lat="22.5269380" lon="88.3461760">
    <ele>9.1</ele>
    <time>2025-11-16T15:27:00Z</time>
   </trkpt>
   <trkpt lat="22.5269550" lon="88.3461750">
    <ele>9.1</ele>
    <time>2025-11-16T15:27:01Z</time>
   </trkpt>
   <trkpt lat="22.5269670" lon="88.3461720">
    <ele>9.1</ele>
    <time>2025-11-16T15:27:02Z</time>
   </trkpt>
   <trkpt lat="22.5269770" lon="88.3461650">
    <ele>9.1</ele>
    <time>2025-11-16T15:27:03Z</time>
   </trkpt>
   <trkpt lat="22.5269890" lon="88.3461620">
    <ele>9.1</ele>
    <time>2025-11-16T15:27:04Z</time>
   </trkpt>
   <trkpt lat="22.5269970" lon="88.3461570">
    <ele>9.1</ele>
    <time>2025-11-16T15:27:05Z</time>
   </trkpt>
   <trkpt lat="22.5270120" lon="88.3461520">
    <ele>9.1</ele>
    <time>2025-11-16T15:27:06Z</time>
   </trkpt>
   <trkpt lat="22.5270220" lon="88.3461550">
    <ele>9.1</ele>
    <time>2025-11-16T15:27:07Z</time>
   </trkpt>
   <trkpt lat="22.5270310" lon="88.3461590">
    <ele>9.1</ele>
    <time>2025-11-16T15:27:08Z</time>
   </trkpt>
   <trkpt lat="22.5270400" lon="88.3461620">
    <ele>9.1</ele>
    <time>2025-11-16T15:27:09Z</time>
   </trkpt>
   <trkpt lat="22.5270520" lon="88.3461550">
    <ele>9.1</ele>
    <time>2025-11-16T15:27:10Z</time>
   </trkpt>
   <trkpt lat="22.5270690" lon="88.3461640">
    <ele>9.0</ele>
    <time>2025-11-16T15:27:11Z</time>
   </trkpt>
   <trkpt lat="22.5270760" lon="88.3461660">
    <ele>9.0</ele>
    <time>2025-11-16T15:27:12Z</time>
   </trkpt>
   <trkpt lat="22.5270870" lon="88.3461600">
    <ele>9.0</ele>
    <time>2025-11-16T15:27:13Z</time>
   </trkpt>
   <trkpt lat="22.5270980" lon="88.3461510">
    <ele>9.0</ele>
    <time>2025-11-16T15:27:14Z</time>
   </trkpt>
   <trkpt lat="22.5271040" lon="88.3461460">
    <ele>9.0</ele>
    <time>2025-11-16T15:27:15Z</time>
   </trkpt>
   <trkpt lat="22.5271080" lon="88.3461450">
    <ele>9.0</ele>
    <time>2025-11-16T15:27:16Z</time>
   </trkpt>
   <trkpt lat="22.5271170" lon="88.3461440">
    <ele>9.0</ele>
    <time>2025-11-16T15:27:17Z</time>
   </trkpt>
   <trkpt lat="22.5271270" lon="88.3461440">
    <ele>9.0</ele>
    <time>2025-11-16T15:27:18Z</time>
   </trkpt>
   <trkpt lat="22.5271550" lon="88.3461360">
    <ele>9.0</ele>
    <time>2025-11-16T15:27:19Z</time>
   </trkpt>
   <trkpt lat="22.5271660" lon="88.3461340">
    <ele>9.0</ele>
    <time>2025-11-16T15:27:20Z</time>
   </trkpt>
   <trkpt lat="22.5271760" lon="88.3461320">
    <ele>9.0</ele>
    <time>2025-11-16T15:27:21Z</time>
   </trkpt>
   <trkpt lat="22.5271870" lon="88.3461260">
    <ele>9.0</ele>
    <time>2025-11-16T15:27:22Z</time>
   </trkpt>
   <trkpt lat="22.5271890" lon="88.3461220">
    <ele>9.0</ele>
    <time>2025-11-16T15:27:23Z</time>
   </trkpt>
   <trkpt lat="22.5271960" lon="88.3461200">
    <ele>9.0</ele>
    <time>2025-11-16T15:27:24Z</time>
   </trkpt>
   <trkpt lat="22.5272060" lon="88.3461170">
    <ele>9.0</ele>
    <time>2025-11-16T15:27:25Z</time>
   </trkpt>
   <trkpt lat="22.5272240" lon="88.3461130">
    <ele>9.0</ele>
    <time>2025-11-16T15:27:26Z</time>
   </trkpt>
   <trkpt lat="22.5272320" lon="88.3461100">
    <ele>9.0</ele>
    <time>2025-11-16T15:27:27Z</time>
   </trkpt>
   <trkpt lat="22.5272410" lon="88.3461080">
    <ele>9.0</ele>
    <time>2025-11-16T15:27:28Z</time>
   </trkpt>
   <trkpt lat="22.5272540" lon="88.3461070">
    <ele>9.0</ele>
    <time>2025-11-16T15:27:29Z</time>
   </trkpt>
   <trkpt lat="22.5272620" lon="88.3461060">
    <ele>9.0</ele>
    <time>2025-11-16T15:27:30Z</time>
   </trkpt>
   <trkpt lat="22.5272730" lon="88.3461050">
    <ele>9.0</ele>
    <time>2025-11-16T15:27:31Z</time>
   </trkpt>
   <trkpt lat="22.5272920" lon="88.3461000">
    <ele>9.0</ele>
    <time>2025-11-16T15:27:32Z</time>
   </trkpt>
   <trkpt lat="22.5273010" lon="88.3460970">
    <ele>9.0</ele>
    <time>2025-11-16T15:27:33Z</time>
   </trkpt>
   <trkpt lat="22.5273110" lon="88.3460940">
    <ele>9.0</ele>
    <time>2025-11-16T15:27:34Z</time>
   </trkpt>
   <trkpt lat="22.5273310" lon="88.3460840">
    <ele>9.0</ele>
    <time>2025-11-16T15:27:36Z</time>
   </trkpt>
   <trkpt lat="22.5273460" lon="88.3460750">
    <ele>9.0</ele>
    <time>2025-11-16T15:27:37Z</time>
   </trkpt>
   <trkpt lat="22.5273670" lon="88.3460660">
    <ele>9.0</ele>
    <time>2025-11-16T15:27:38Z</time>
   </trkpt>
   <trkpt lat="22.5273760" lon="88.3460600">
    <ele>9.0</ele>
    <time>2025-11-16T15:27:39Z</time>
   </trkpt>
   <trkpt lat="22.5273860" lon="88.3460530">
    <ele>9.1</ele>
    <time>2025-11-16T15:27:40Z</time>
   </trkpt>
   <trkpt lat="22.5273960" lon="88.3460430">
    <ele>9.1</ele>
    <time>2025-11-16T15:27:41Z</time>
   </trkpt>
   <trkpt lat="22.5274080" lon="88.3460320">
    <ele>9.1</ele>
    <time>2025-11-16T15:27:42Z</time>
   </trkpt>
   <trkpt lat="22.5274140" lon="88.3460250">
    <ele>9.1</ele>
    <time>2025-11-16T15:27:43Z</time>
   </trkpt>
   <trkpt lat="22.5274230" lon="88.3460210">
    <ele>9.1</ele>
    <time>2025-11-16T15:27:44Z</time>
   </trkpt>
   <trkpt lat="22.5274400" lon="88.3460160">
    <ele>9.1</ele>
    <time>2025-11-16T15:27:45Z</time>
   </trkpt>
   <trkpt lat="22.5274580" lon="88.3460100">
    <ele>9.1</ele>
    <time>2025-11-16T15:27:46Z</time>
   </trkpt>
   <trkpt lat="22.5274670" lon="88.3460080">
    <ele>9.1</ele>
    <time>2025-11-16T15:27:47Z</time>
   </trkpt>
   <trkpt lat="22.5274760" lon="88.3460060">
    <ele>9.1</ele>
    <time>2025-11-16T15:27:48Z</time>
   </trkpt>
   <trkpt lat="22.5274850" lon="88.3459900">
    <ele>9.1</ele>
    <time>2025-11-16T15:27:49Z</time>
   </trkpt>
   <trkpt lat="22.5275060" lon="88.3459890">
    <ele>9.1</ele>
    <time>2025-11-16T15:27:50Z</time>
   </trkpt>
   <trkpt lat="22.5275250" lon="88.3459920">
    <ele>9.1</ele>
    <time>2025-11-16T15:27:51Z</time>
   </trkpt>
   <trkpt lat="22.5275390" lon="88.3459940">
    <ele>9.1</ele>
    <time>2025-11-16T15:27:52Z</time>
   </trkpt>
   <trkpt lat="22.5275570" lon="88.3459900">
    <ele>9.1</ele>
    <time>2025-11-16T15:27:53Z</time>
   </trkpt>
   <trkpt lat="22.5275660" lon="88.3459910">
    <ele>9.1</ele>
    <time>2025-11-16T15:27:54Z</time>
   </trkpt>
   <trkpt lat="22.5275860" lon="88.3459860">
    <ele>9.1</ele>
    <time>2025-11-16T15:27:55Z</time>
   </trkpt>
   <trkpt lat="22.5275960" lon="88.3459840">
    <ele>9.1</ele>
    <time>2025-11-16T15:27:56Z</time>
   </trkpt>
   <trkpt lat="22.5276050" lon="88.3459830">
    <ele>9.1</ele>
    <time>2025-11-16T15:27:57Z</time>
   </trkpt>
   <trkpt lat="22.5276120" lon="88.3459810">
    <ele>9.1</ele>
    <time>2025-11-16T15:27:58Z</time>
   </trkpt>
   <trkpt lat="22.5276230" lon="88.3459780">
    <ele>9.1</ele>
    <time>2025-11-16T15:27:59Z</time>
   </trkpt>
   <trkpt lat="22.5276320" lon="88.3459720">
    <ele>9.1</ele>
    <time>2025-11-16T15:28:00Z</time>
   </trkpt>
   <trkpt lat="22.5276480" lon="88.3459650">
    <ele>9.1</ele>
    <time>2025-11-16T15:28:01Z</time>
   </trkpt>
   <trkpt lat="22.5276590" lon="88.3459600">
    <ele>9.1</ele>
    <time>2025-11-16T15:28:02Z</time>
   </trkpt>
   <trkpt lat="22.5276680" lon="88.3459560">
    <ele>9.1</ele>
    <time>2025-11-16T15:28:03Z</time>
   </trkpt>
   <trkpt lat="22.5276810" lon="88.3459510">
    <ele>9.1</ele>
    <time>2025-11-16T15:28:04Z</time>
   </trkpt>
   <trkpt lat="22.5276890" lon="88.3459480">
    <ele>9.1</ele>
    <time>2025-11-16T15:28:05Z</time>
   </trkpt>
   <trkpt lat="22.5277010" lon="88.3459420">
    <ele>9.1</ele>
    <time>2025-11-16T15:28:06Z</time>
   </trkpt>
   <trkpt lat="22.5277140" lon="88.3459370">
    <ele>9.1</ele>
    <time>2025-11-16T15:28:07Z</time>
   </trkpt>
   <trkpt lat="22.5277240" lon="88.3459370">
    <ele>9.1</ele>
    <time>2025-11-16T15:28:08Z</time>
   </trkpt>
   <trkpt lat="22.5277350" lon="88.3459360">
    <ele>9.1</ele>
    <time>2025-11-16T15:28:09Z</time>
   </trkpt>
   <trkpt lat="22.5277460" lon="88.3459300">
    <ele>9.1</ele>
    <time>2025-11-16T15:28:10Z</time>
   </trkpt>
   <trkpt lat="22.5277560" lon="88.3459240">
    <ele>9.1</ele>
    <time>2025-11-16T15:28:11Z</time>
   </trkpt>
   <trkpt lat="22.5277720" lon="88.3459210">
    <ele>9.1</ele>
    <time>2025-11-16T15:28:12Z</time>
   </trkpt>
   <trkpt lat="22.5277760" lon="88.3459130">
    <ele>9.1</ele>
    <time>2025-11-16T15:28:13Z</time>
   </trkpt>
   <trkpt lat="22.5277980" lon="88.3459060">
    <ele>9.1</ele>
    <time>2025-11-16T15:28:14Z</time>
   </trkpt>
   <trkpt lat="22.5278040" lon="88.3459020">
    <ele>9.1</ele>
    <time>2025-11-16T15:28:15Z</time>
   </trkpt>
   <trkpt lat="22.5278110" lon="88.3458990">
    <ele>9.2</ele>
    <time>2025-11-16T15:28:16Z</time>
   </trkpt>
   <trkpt lat="22.5278270" lon="88.3458890">
    <ele>9.2</ele>
    <time>2025-11-16T15:28:17Z</time>
   </trkpt>
   <trkpt lat="22.5278360" lon="88.3458870">
    <ele>9.2</ele>
    <time>2025-11-16T15:28:18Z</time>
   </trkpt>
   <trkpt lat="22.5278440" lon="88.3458840">
    <ele>9.2</ele>
    <time>2025-11-16T15:28:19Z</time>
   </trkpt>
   <trkpt lat="22.5278530" lon="88.3458810">
    <ele>9.2</ele>
    <time>2025-11-16T15:28:20Z</time>
   </trkpt>
   <trkpt lat="22.5278700" lon="88.3458700">
    <ele>9.2</ele>
    <time>2025-11-16T15:28:21Z</time>
   </trkpt>
   <trkpt lat="22.5278760" lon="88.3458680">
    <ele>9.2</ele>
    <time>2025-11-16T15:28:22Z</time>
   </trkpt>
   <trkpt lat="22.5278820" lon="88.3458660">
    <ele>9.2</ele>
    <time>2025-11-16T15:28:23Z</time>
   </trkpt>
   <trkpt lat="22.5278860" lon="88.3458620">
    <ele>9.2</ele>
    <time>2025-11-16T15:28:24Z</time>
   </trkpt>
   <trkpt lat="22.5279020" lon="88.3458580">
    <ele>9.2</ele>
    <time>2025-11-16T15:28:25Z</time>
   </trkpt>
   <trkpt lat="22.5279140" lon="88.3458540">
    <ele>9.2</ele>
    <time>2025-11-16T15:28:26Z</time>
   </trkpt>
   <trkpt lat="22.5279210" lon="88.3458530">
    <ele>9.2</ele>
    <time>2025-11-16T15:28:27Z</time>
   </trkpt>
   <trkpt lat="22.5279440" lon="88.3458470">
    <ele>9.2</ele>
    <time>2025-11-16T15:28:28Z</time>
   </trkpt>
   <trkpt lat="22.5279590" lon="88.3458320">
    <ele>9.2</ele>
    <time>2025-11-16T15:28:29Z</time>
   </trkpt>
   <trkpt lat="22.5279640" lon="88.3458260">
    <ele>9.2</ele>
    <time>2025-11-16T15:28:30Z</time>
   </trkpt>
   <trkpt lat="22.5279700" lon="88.3458200">
    <ele>9.2</ele>
    <time>2025-11-16T15:28:31Z</time>
   </trkpt>
   <trkpt lat="22.5279870" lon="88.3458120">
    <ele>9.3</ele>
    <time>2025-11-16T15:28:32Z</time>
   </trkpt>
   <trkpt lat="22.5279960" lon="88.3458090">
    <ele>9.3</ele>
    <time>2025-11-16T15:28:33Z</time>
   </trkpt>
   <trkpt lat="22.5280110" lon="88.3458100">
    <ele>9.3</ele>
    <time>2025-11-16T15:28:34Z</time>
   </trkpt>
   <trkpt lat="22.5280280" lon="88.3458130">
    <ele>9.3</ele>
    <time>2025-11-16T15:28:35Z</time>
   </trkpt>
   <trkpt lat="22.5280590" lon="88.3458050">
    <ele>9.3</ele>
    <time>2025-11-16T15:28:36Z</time>
   </trkpt>
   <trkpt lat="22.5280660" lon="88.3458030">
    <ele>9.3</ele>
    <time>2025-11-16T15:28:37Z</time>
   </trkpt>
   <trkpt lat="22.5280750" lon="88.3458090">
    <ele>9.3</ele>
    <time>2025-11-16T15:28:38Z</time>
   </trkpt>
   <trkpt lat="22.5280950" lon="88.3458120">
    <ele>9.3</ele>
    <time>2025-11-16T15:28:39Z</time>
   </trkpt>
   <trkpt lat="22.5281220" lon="88.3458200">
    <ele>9.3</ele>
    <time>2025-11-16T15:28:40Z</time>
   </trkpt>
   <trkpt lat="22.5281320" lon="88.3458280">
    <ele>9.3</ele>
    <time>2025-11-16T15:28:41Z</time>
   </trkpt>
   <trkpt lat="22.5281390" lon="88.3458270">
    <ele>9.4</ele>
    <time>2025-11-16T15:28:42Z</time>
   </trkpt>
   <trkpt lat="22.5281500" lon="88.3458300">
    <ele>9.4</ele>
    <time>2025-11-16T15:28:43Z</time>
   </trkpt>
   <trkpt lat="22.5281660" lon="88.3458290">
    <ele>9.4</ele>
    <time>2025-11-16T15:28:44Z</time>
   </trkpt>
   <trkpt lat="22.5281840" lon="88.3458280">
    <ele>9.4</ele>
    <time>2025-11-16T15:28:45Z</time>
   </trkpt>
   <trkpt lat="22.5281900" lon="88.3458320">
    <ele>9.4</ele>
    <time>2025-11-16T15:28:46Z</time>
   </trkpt>
   <trkpt lat="22.5281970" lon="88.3458370">
    <ele>9.4</ele>
    <time>2025-11-16T15:28:47Z</time>
   </trkpt>
   <trkpt lat="22.5282030" lon="88.3458420">
    <ele>9.4</ele>
    <time>2025-11-16T15:28:48Z</time>
   </trkpt>
   <trkpt lat="22.5282240" lon="88.3458470">
    <ele>9.4</ele>
    <time>2025-11-16T15:28:49Z</time>
   </trkpt>
   <trkpt lat="22.5282360" lon="88.3458470">
    <ele>9.4</ele>
    <time>2025-11-16T15:28:50Z</time>
   </trkpt>
   <trkpt lat="22.5282490" lon="88.3458460">
    <ele>9.4</ele>
    <time>2025-11-16T15:28:51Z</time>
   </trkpt>
   <trkpt lat="22.5282590" lon="88.3458350">
    <ele>9.4</ele>
    <time>2025-11-16T15:28:52Z</time>
   </trkpt>
   <trkpt lat="22.5282690" lon="88.3458330">
    <ele>9.4</ele>
    <time>2025-11-16T15:28:53Z</time>
   </trkpt>
   <trkpt lat="22.5282780" lon="88.3458340">
    <ele>9.4</ele>
    <time>2025-11-16T15:28:54Z</time>
   </trkpt>
   <trkpt lat="22.5282980" lon="88.3458270">
    <ele>9.4</ele>
    <time>2025-11-16T15:28:55Z</time>
   </trkpt>
   <trkpt lat="22.5283060" lon="88.3458220">
    <ele>9.4</ele>
    <time>2025-11-16T15:28:56Z</time>
   </trkpt>
   <trkpt lat="22.5283130" lon="88.3458160">
    <ele>9.4</ele>
    <time>2025-11-16T15:28:57Z</time>
   </trkpt>
   <trkpt lat="22.5283260" lon="88.3458110">
    <ele>9.5</ele>
    <time>2025-11-16T15:28:58Z</time>
   </trkpt>
   <trkpt lat="22.5283430" lon="88.3457950">
    <ele>9.5</ele>
    <time>2025-11-16T15:28:59Z</time>
   </trkpt>
   <trkpt lat="22.5283540" lon="88.3457850">
    <ele>9.5</ele>
    <time>2025-11-16T15:29:00Z</time>
   </trkpt>
   <trkpt lat="22.5283660" lon="88.3457740">
    <ele>9.5</ele>
    <time>2025-11-16T15:29:01Z</time>
   </trkpt>
   <trkpt lat="22.5283800" lon="88.3457680">
    <ele>9.5</ele>
    <time>2025-11-16T15:29:02Z</time>
   </trkpt>
   <trkpt lat="22.5283940" lon="88.3457620">
    <ele>9.5</ele>
    <time>2025-11-16T15:29:03Z</time>
   </trkpt>
   <trkpt lat="22.5284070" lon="88.3457580">
    <ele>9.5</ele>
    <time>2025-11-16T15:29:04Z</time>
   </trkpt>
   <trkpt lat="22.5284110" lon="88.3457520">
    <ele>9.5</ele>
    <time>2025-11-16T15:29:05Z</time>
   </trkpt>
   <trkpt lat="22.5284230" lon="88.3457470">
    <ele>9.5</ele>
    <time>2025-11-16T15:29:06Z</time>
   </trkpt>
   <trkpt lat="22.5284330" lon="88.3457350">
    <ele>9.5</ele>
    <time>2025-11-16T15:29:07Z</time>
   </trkpt>
   <trkpt lat="22.5284490" lon="88.3457210">
    <ele>9.5</ele>
    <time>2025-11-16T15:29:08Z</time>
   </trkpt>
   <trkpt lat="22.5284670" lon="88.3457180">
    <ele>9.5</ele>
    <time>2025-11-16T15:29:09Z</time>
   </trkpt>
   <trkpt lat="22.5284810" lon="88.3457210">
    <ele>9.5</ele>
    <time>2025-11-16T15:29:10Z</time>
   </trkpt>
   <trkpt lat="22.5284840" lon="88.3457120">
    <ele>9.5</ele>
    <time>2025-11-16T15:29:11Z</time>
   </trkpt>
   <trkpt lat="22.5285080" lon="88.3457030">
    <ele>9.5</ele>
    <time>2025-11-16T15:29:12Z</time>
   </trkpt>
   <trkpt lat="22.5285210" lon="88.3457030">
    <ele>9.5</ele>
    <time>2025-11-16T15:29:13Z</time>
   </trkpt>
   <trkpt lat="22.5285350" lon="88.3456970">
    <ele>9.5</ele>
    <time>2025-11-16T15:29:14Z</time>
   </trkpt>
   <trkpt lat="22.5285580" lon="88.3456900">
    <ele>9.5</ele>
    <time>2025-11-16T15:29:15Z</time>
   </trkpt>
   <trkpt lat="22.5285630" lon="88.3456860">
    <ele>9.5</ele>
    <time>2025-11-16T15:29:16Z</time>
   </trkpt>
   <trkpt lat="22.5285690" lon="88.3456840">
    <ele>9.5</ele>
    <time>2025-11-16T15:29:17Z</time>
   </trkpt>
   <trkpt lat="22.5285710" lon="88.3456810">
    <ele>9.5</ele>
    <time>2025-11-16T15:29:18Z</time>
   </trkpt>
   <trkpt lat="22.5285770" lon="88.3456770">
    <ele>9.5</ele>
    <time>2025-11-16T15:29:19Z</time>
   </trkpt>
   <trkpt lat="22.5285870" lon="88.3456700">
    <ele>9.5</ele>
    <time>2025-11-16T15:29:20Z</time>
   </trkpt>
   <trkpt lat="22.5285910" lon="88.3456650">
    <ele>9.5</ele>
    <time>2025-11-16T15:29:21Z</time>
   </trkpt>
   <trkpt lat="22.5286040" lon="88.3456580">
    <ele>9.5</ele>
    <time>2025-11-16T15:29:22Z</time>
   </trkpt>
   <trkpt lat="22.5286160" lon="88.3456530">
    <ele>9.5</ele>
    <time>2025-11-16T15:29:23Z</time>
   </trkpt>
   <trkpt lat="22.5286260" lon="88.3456480">
    <ele>9.5</ele>
    <time>2025-11-16T15:29:24Z</time>
   </trkpt>
   <trkpt lat="22.5286340" lon="88.3456430">
    <ele>9.5</ele>
    <time>2025-11-16T15:29:25Z</time>
   </trkpt>
   <trkpt lat="22.5286430" lon="88.3456330">
    <ele>9.5</ele>
    <time>2025-11-16T15:29:26Z</time>
   </trkpt>
   <trkpt lat="22.5286590" lon="88.3456320">
    <ele>9.5</ele>
    <time>2025-11-16T15:29:27Z</time>
   </trkpt>
   <trkpt lat="22.5286730" lon="88.3456290">
    <ele>9.5</ele>
    <time>2025-11-16T15:29:28Z</time>
   </trkpt>
   <trkpt lat="22.5287020" lon="88.3456140">
    <ele>9.5</ele>
    <time>2025-11-16T15:29:29Z</time>
   </trkpt>
   <trkpt lat="22.5287090" lon="88.3456080">
    <ele>9.5</ele>
    <time>2025-11-16T15:29:31Z</time>
   </trkpt>
   <trkpt lat="22.5287170" lon="88.3456010">
    <ele>9.5</ele>
    <time>2025-11-16T15:29:32Z</time>
   </trkpt>
   <trkpt lat="22.5287240" lon="88.3455950">
    <ele>9.5</ele>
    <time>2025-11-16T15:29:33Z</time>
   </trkpt>
   <trkpt lat="22.5287320" lon="88.3455880">
    <ele>9.5</ele>
    <time>2025-11-16T15:29:34Z</time>
   </trkpt>
   <trkpt lat="22.5287480" lon="88.3455850">
    <ele>9.5</ele>
    <time>2025-11-16T15:29:35Z</time>
   </trkpt>
   <trkpt lat="22.5287640" lon="88.3455770">
    <ele>9.5</ele>
    <time>2025-11-16T15:29:36Z</time>
   </trkpt>
   <trkpt lat="22.5287750" lon="88.3455660">
    <ele>9.5</ele>
    <time>2025-11-16T15:29:37Z</time>
   </trkpt>
   <trkpt lat="22.5287850" lon="88.3455650">
    <ele>9.5</ele>
    <time>2025-11-16T15:29:38Z</time>
   </trkpt>
   <trkpt lat="22.5287980" lon="88.3455670">
    <ele>9.5</ele>
    <time>2025-11-16T15:29:39Z</time>
   </trkpt>
   <trkpt lat="22.5288190" lon="88.3455610">
    <ele>9.5</ele>
    <time>2025-11-16T15:29:40Z</time>
   </trkpt>
   <trkpt lat="22.5288280" lon="88.3455570">
    <ele>9.5</ele>
    <time>2025-11-16T15:29:41Z</time>
   </trkpt>
   <trkpt lat="22.5288350" lon="88.3455430">
    <ele>9.5</ele>
    <time>2025-11-16T15:29:42Z</time>
   </trkpt>
   <trkpt lat="22.5288440" lon="88.3455440">
    <ele>9.6</ele>
    <time>2025-11-16T15:29:43Z</time>
   </trkpt>
   <trkpt lat="22.5288540" lon="88.3455430">
    <ele>9.6</ele>
    <time>2025-11-16T15:29:44Z</time>
   </trkpt>
   <trkpt lat="22.5288690" lon="88.3455480">
    <ele>9.6</ele>
    <time>2025-11-16T15:29:45Z</time>
   </trkpt>
   <trkpt lat="22.5288850" lon="88.3455520">
    <ele>9.6</ele>
    <time>2025-11-16T15:29:46Z</time>
   </trkpt>
   <trkpt lat="22.5288980" lon="88.3455580">
    <ele>9.6</ele>
    <time>2025-11-16T15:29:47Z</time>
   </trkpt>
   <trkpt lat="22.5289150" lon="88.3455610">
    <ele>9.6</ele>
    <time>2025-11-16T15:29:48Z</time>
   </trkpt>
   <trkpt lat="22.5289330" lon="88.3455570">
    <ele>9.6</ele>
    <time>2025-11-16T15:29:49Z</time>
   </trkpt>
   <trkpt lat="22.5289380" lon="88.3455520">
    <ele>9.6</ele>
    <time>2025-11-16T15:29:50Z</time>
   </trkpt>
   <trkpt lat="22.5289420" lon="88.3455470">
    <ele>9.6</ele>
    <time>2025-11-16T15:29:51Z</time>
   </trkpt>
   <trkpt lat="22.5289470" lon="88.3455430">
    <ele>9.6</ele>
    <time>2025-11-16T15:29:52Z</time>
   </trkpt>
   <trkpt lat="22.5289510" lon="88.3455380">
    <ele>9.6</ele>
    <time>2025-11-16T15:29:53Z</time>
   </trkpt>
   <trkpt lat="22.5289560" lon="88.3455330">
    <ele>9.6</ele>
    <time>2025-11-16T15:29:54Z</time>
   </trkpt>
   <trkpt lat="22.5289600" lon="88.3455280">
    <ele>9.6</ele>
    <time>2025-11-16T15:29:55Z</time>
   </trkpt>
   <trkpt lat="22.5289860" lon="88.3455400">
    <ele>9.6</ele>
    <time>2025-11-16T15:29:56Z</time>
   </trkpt>
   <trkpt lat="22.5289940" lon="88.3455510">
    <ele>9.6</ele>
    <time>2025-11-16T15:29:57Z</time>
   </trkpt>
   <trkpt lat="22.5290120" lon="88.3455690">
    <ele>9.6</ele>
    <time>2025-11-16T15:29:58Z</time>
   </trkpt>
   <trkpt lat="22.5290200" lon="88.3455750">
    <ele>9.6</ele>
    <time>2025-11-16T15:29:59Z</time>
   </trkpt>
   <trkpt lat="22.5290340" lon="88.3455780">
    <ele>9.6</ele>
    <time>2025-11-16T15:30:00Z</time>
   </trkpt>
   <trkpt lat="22.5290410" lon="88.3455820">
    <ele>9.6</ele>
    <time>2025-11-16T15:30:01Z</time>
   </trkpt>
   <trkpt lat="22.5290470" lon="88.3455850">
    <ele>9.6</ele>
    <time>2025-11-16T15:30:02Z</time>
   </trkpt>
   <trkpt lat="22.5290540" lon="88.3455890">
    <ele>9.6</ele>
    <time>2025-11-16T15:30:03Z</time>
   </trkpt>
   <trkpt lat="22.5290720" lon="88.3455920">
    <ele>9.6</ele>
    <time>2025-11-16T15:30:04Z</time>
   </trkpt>
   <trkpt lat="22.5290790" lon="88.3455890">
    <ele>9.7</ele>
    <time>2025-11-16T15:30:05Z</time>
   </trkpt>
   <trkpt lat="22.5290840" lon="88.3455910">
    <ele>9.7</ele>
    <time>2025-11-16T15:30:06Z</time>
   </trkpt>
   <trkpt lat="22.5290880" lon="88.3455870">
    <ele>9.7</ele>
    <time>2025-11-16T15:30:07Z</time>
   </trkpt>
   <trkpt lat="22.5290810" lon="88.3455860">
    <ele>9.7</ele>
    <time>2025-11-16T15:30:08Z</time>
   </trkpt>
   <trkpt lat="22.5290840" lon="88.3455890">
    <ele>9.7</ele>
    <time>2025-11-16T15:30:09Z</time>
   </trkpt>
   <trkpt lat="22.5290970" lon="88.3455820">
    <ele>9.7</ele>
    <time>2025-11-16T15:30:10Z</time>
   </trkpt>
   <trkpt lat="22.5291120" lon="88.3455790">
    <ele>9.7</ele>
    <time>2025-11-16T15:30:11Z</time>
   </trkpt>
   <trkpt lat="22.5291240" lon="88.3455710">
    <ele>9.7</ele>
    <time>2025-11-16T15:30:12Z</time>
   </trkpt>
   <trkpt lat="22.5291280" lon="88.3455610">
    <ele>9.7</ele>
    <time>2025-11-16T15:30:13Z</time>
   </trkpt>
   <trkpt lat="22.5291300" lon="88.3455530">
    <ele>9.7</ele>
    <time>2025-11-16T15:30:14Z</time>
   </trkpt>
   <trkpt lat="22.5291320" lon="88.3455330">
    <ele>9.7</ele>
    <time>2025-11-16T15:30:15Z</time>
   </trkpt>
   <trkpt lat="22.5291370" lon="88.3455250">
    <ele>9.7</ele>
    <time>2025-11-16T15:30:16Z</time>
   </trkpt>
   <trkpt lat="22.5291420" lon="88.3455160">
    <ele>9.7</ele>
    <time>2025-11-16T15:30:17Z</time>
   </trkpt>
   <trkpt lat="22.5291480" lon="88.3455140">
    <ele>9.7</ele>
    <time>2025-11-16T15:30:18Z</time>
   </trkpt>
   <trkpt lat="22.5291560" lon="88.3455110">
    <ele>9.7</ele>
    <time>2025-11-16T15:30:19Z</time>
   </trkpt>
   <trkpt lat="22.5291570" lon="88.3455100">
    <ele>9.7</ele>
    <time>2025-11-16T15:30:20Z</time>
   </trkpt>
   <trkpt lat="22.5291540" lon="88.3455180">
    <ele>9.7</ele>
    <time>2025-11-16T15:30:21Z</time>
   </trkpt>
   <trkpt lat="22.5291560" lon="88.3455230">
    <ele>9.7</ele>
    <time>2025-11-16T15:30:22Z</time>
   </trkpt>
   <trkpt lat="22.5291730" lon="88.3455200">
    <ele>9.7</ele>
    <time>2025-11-16T15:30:23Z</time>
   </trkpt>
   <trkpt lat="22.5291850" lon="88.3455180">
    <ele>9.8</ele>
    <time>2025-11-16T15:30:24Z</time>
   </trkpt>
   <trkpt lat="22.5291940" lon="88.3455130">
    <ele>9.8</ele>
    <time>2025-11-16T15:30:25Z</time>
   </trkpt>
   <trkpt lat="22.5292000" lon="88.3455110">
    <ele>9.8</ele>
    <time>2025-11-16T15:30:26Z</time>
   </trkpt>
   <trkpt lat="22.5292090" lon="88.3455080">
    <ele>9.8</ele>
    <time>2025-11-16T15:30:27Z</time>
   </trkpt>
   <trkpt lat="22.5292320" lon="88.3455090">
    <ele>9.8</ele>
    <time>2025-11-16T15:30:28Z</time>
   </trkpt>
   <trkpt lat="22.5292560" lon="88.3455060">
    <ele>9.8</ele>
    <time>2025-11-16T15:30:29Z</time>
   </trkpt>
   <trkpt lat="22.5292660" lon="88.3455050">
    <ele>9.8</ele>
    <time>2025-11-16T15:30:30Z</time>
   </trkpt>
   <trkpt lat="22.5292760" lon="88.3455050">
    <ele>9.8</ele>
    <time>2025-11-16T15:30:31Z</time>
   </trkpt>
   <trkpt lat="22.5292910" lon="88.3455040">
    <ele>9.8</ele>
    <time>2025-11-16T15:30:32Z</time>
   </trkpt>
   <trkpt lat="22.5293000" lon="88.3455030">
    <ele>9.8</ele>
    <time>2025-11-16T15:30:33Z</time>
   </trkpt>
   <trkpt lat="22.5293080" lon="88.3455030">
    <ele>9.8</ele>
    <time>2025-11-16T15:30:34Z</time>
   </trkpt>
   <trkpt lat="22.5293250" lon="88.3455080">
    <ele>9.8</ele>
    <time>2025-11-16T15:30:35Z</time>
   </trkpt>
   <trkpt lat="22.5293360" lon="88.3455110">
    <ele>9.8</ele>
    <time>2025-11-16T15:30:36Z</time>
   </trkpt>
   <trkpt lat="22.5293600" lon="88.3455130">
    <ele>9.8</ele>
    <time>2025-11-16T15:30:37Z</time>
   </trkpt>
   <trkpt lat="22.5293690" lon="88.3455130">
    <ele>9.8</ele>
    <time>2025-11-16T15:30:38Z</time>
   </trkpt>
   <trkpt lat="22.5293780" lon="88.3455130">
    <ele>9.8</ele>
    <time>2025-11-16T15:30:39Z</time>
   </trkpt>
   <trkpt lat="22.5293900" lon="88.3455170">
    <ele>9.8</ele>
    <time>2025-11-16T15:30:40Z</time>
   </trkpt>
   <trkpt lat="22.5294020" lon="88.3455190">
    <ele>9.8</ele>
    <time>2025-11-16T15:30:41Z</time>
   </trkpt>
   <trkpt lat="22.5294130" lon="88.3455220">
    <ele>9.8</ele>
    <time>2025-11-16T15:30:42Z</time>
   </trkpt>
   <trkpt lat="22.5294290" lon="88.3455280">
    <ele>9.8</ele>
    <time>2025-11-16T15:30:43Z</time>
   </trkpt>
   <trkpt lat="22.5294390" lon="88.3455280">
    <ele>9.8</ele>
    <time>2025-11-16T15:30:44Z</time>
   </trkpt>
   <trkpt lat="22.5294490" lon="88.3455290">
    <ele>9.8</ele>
    <time>2025-11-16T15:30:45Z</time>
   </trkpt>
   <trkpt lat="22.5294580" lon="88.3455290">
    <ele>9.8</ele>
    <time>2025-11-16T15:30:46Z</time>
   </trkpt>
   <trkpt lat="22.5294790" lon="88.3455420">
    <ele>9.9</ele>
    <time>2025-11-16T15:30:47Z</time>
   </trkpt>
   <trkpt lat="22.5294960" lon="88.3455470">
    <ele>9.9</ele>
    <time>2025-11-16T15:30:48Z</time>
   </trkpt>
   <trkpt lat="22.5295070" lon="88.3455530">
    <ele>9.9</ele>
    <time>2025-11-16T15:30:49Z</time>
   </trkpt>
   <trkpt lat="22.5295190" lon="88.3455640">
    <ele>9.9</ele>
    <time>2025-11-16T15:30:50Z</time>
   </trkpt>
   <trkpt lat="22.5295290" lon="88.3455630">
    <ele>9.9</ele>
    <time>2025-11-16T15:30:51Z</time>
   </trkpt>
   <trkpt lat="22.5295430" lon="88.3455590">
    <ele>9.9</ele>
    <time>2025-11-16T15:30:52Z</time>
   </trkpt>
   <trkpt lat="22.5295500" lon="88.3455590">
    <ele>9.9</ele>
    <time>2025-11-16T15:30:53Z</time>
   </trkpt>
   <trkpt lat="22.5295670" lon="88.3455610">
    <ele>9.9</ele>
    <time>2025-11-16T15:30:54Z</time>
   </trkpt>
   <trkpt lat="22.5295800" lon="88.3455620">
    <ele>9.9</ele>
    <time>2025-11-16T15:30:55Z</time>
   </trkpt>
   <trkpt lat="22.5295930" lon="88.3455560">
    <ele>9.8</ele>
    <time>2025-11-16T15:30:56Z</time>
   </trkpt>
   <trkpt lat="22.5295990" lon="88.3455520">
    <ele>9.8</ele>
    <time>2025-11-16T15:30:57Z</time>
   </trkpt>
   <trkpt lat="22.5296130" lon="88.3455540">
    <ele>9.8</ele>
    <time>2025-11-16T15:30:58Z</time>
   </trkpt>
   <trkpt lat="22.5296250" lon="88.3455610">
    <ele>9.8</ele>
    <time>2025-11-16T15:30:59Z</time>
   </trkpt>
   <trkpt lat="22.5296370" lon="88.3455690">
    <ele>9.8</ele>
    <time>2025-11-16T15:31:00Z</time>
   </trkpt>
   <trkpt lat="22.5296590" lon="88.3455770">
    <ele>9.8</ele>
    <time>2025-11-16T15:31:01Z</time>
   </trkpt>
   <trkpt lat="22.5296640" lon="88.3455830">
    <ele>9.8</ele>
    <time>2025-11-16T15:31:02Z</time>
   </trkpt>
   <trkpt lat="22.5296690" lon="88.3455900">
    <ele>9.8</ele>
    <time>2025-11-16T15:31:03Z</time>
   </trkpt>
   <trkpt lat="22.5296880" lon="88.3455820">
    <ele>9.8</ele>
    <time>2025-11-16T15:31:04Z</time>
   </trkpt>
   <trkpt lat="22.5296970" lon="88.3455870">
    <ele>9.8</ele>
    <time>2025-11-16T15:31:05Z</time>
   </trkpt>
   <trkpt lat="22.5297050" lon="88.3455840">
    <ele>9.8</ele>
    <time>2025-11-16T15:31:06Z</time>
   </trkpt>
   <trkpt lat="22.5297250" lon="88.3455910">
    <ele>9.8</ele>
    <time>2025-11-16T15:31:07Z</time>
   </trkpt>
   <trkpt lat="22.5297500" lon="88.3455960">
    <ele>9.8</ele>
    <time>2025-11-16T15:31:08Z</time>
   </trkpt>
   <trkpt lat="22.5297630" lon="88.3455970">
    <ele>9.8</ele>
    <time>2025-11-16T15:31:09Z</time>
   </trkpt>
   <trkpt lat="22.5297940" lon="88.3455950">
    <ele>9.8</ele>
    <time>2025-11-16T15:31:10Z</time>
   </trkpt>
   <trkpt lat="22.5298000" lon="88.3456010">
    <ele>9.8</ele>
    <time>2025-11-16T15:31:11Z</time>
   </trkpt>
   <trkpt lat="22.5298120" lon="88.3456030">
    <ele>9.8</ele>
    <time>2025-11-16T15:31:12Z</time>
   </trkpt>
   <trkpt lat="22.5298240" lon="88.3456200">
    <ele>9.8</ele>
    <time>2025-11-16T15:31:13Z</time>
   </trkpt>
   <trkpt lat="22.5298430" lon="88.3456300">
    <ele>9.8</ele>
    <time>2025-11-16T15:31:14Z</time>
   </trkpt>
   <trkpt lat="22.5298500" lon="88.3456300">
    <ele>9.8</ele>
    <time>2025-11-16T15:31:15Z</time>
   </trkpt>
   <trkpt lat="22.5298580" lon="88.3456300">
    <ele>9.8</ele>
    <time>2025-11-16T15:31:16Z</time>
   </trkpt>
   <trkpt lat="22.5298650" lon="88.3456300">
    <ele>9.8</ele>
    <time>2025-11-16T15:31:17Z</time>
   </trkpt>
   <trkpt lat="22.5298800" lon="88.3456340">
    <ele>9.8</ele>
    <time>2025-11-16T15:31:18Z</time>
   </trkpt>
   <trkpt lat="22.5298960" lon="88.3456450">
    <ele>9.8</ele>
    <time>2025-11-16T15:31:19Z</time>
   </trkpt>
   <trkpt lat="22.5299050" lon="88.3456510">
    <ele>9.8</ele>
    <time>2025-11-16T15:31:20Z</time>
   </trkpt>
   <trkpt lat="22.5299170" lon="88.3456520">
    <ele>9.8</ele>
    <time>2025-11-16T15:31:21Z</time>
   </trkpt>
   <trkpt lat="22.5299220" lon="88.3456520">
    <ele>9.8</ele>
    <time>2025-11-16T15:31:22Z</time>
   </trkpt>
   <trkpt lat="22.5299300" lon="88.3456500">
    <ele>9.8</ele>
    <time>2025-11-16T15:31:23Z</time>
   </trkpt>
   <trkpt lat="22.5299380" lon="88.3456510">
    <ele>9.8</ele>
    <time>2025-11-16T15:31:25Z</time>
   </trkpt>
   <trkpt lat="22.5299470" lon="88.3456510">
    <ele>9.8</ele>
    <time>2025-11-16T15:31:26Z</time>
   </trkpt>
   <trkpt lat="22.5299550" lon="88.3456520">
    <ele>9.8</ele>
    <time>2025-11-16T15:31:27Z</time>
   </trkpt>
   <trkpt lat="22.5299630" lon="88.3456520">
    <ele>9.8</ele>
    <time>2025-11-16T15:31:28Z</time>
   </trkpt>
   <trkpt lat="22.5299800" lon="88.3456530">
    <ele>9.8</ele>
    <time>2025-11-16T15:31:29Z</time>
   </trkpt>
   <trkpt lat="22.5299900" lon="88.3456510">
    <ele>9.8</ele>
    <time>2025-11-16T15:31:30Z</time>
   </trkpt>
   <trkpt lat="22.5300010" lon="88.3456480">
    <ele>9.8</ele>
    <time>2025-11-16T15:31:31Z</time>
   </trkpt>
   <trkpt lat="22.5300110" lon="88.3456460">
    <ele>9.8</ele>
    <time>2025-11-16T15:31:32Z</time>
   </trkpt>
   <trkpt lat="22.5300280" lon="88.3456400">
    <ele>9.8</ele>
    <time>2025-11-16T15:31:33Z</time>
   </trkpt>
   <trkpt lat="22.5300400" lon="88.3456400">
    <ele>9.8</ele>
    <time>2025-11-16T15:31:34Z</time>
   </trkpt>
   <trkpt lat="22.5300700" lon="88.3456460">
    <ele>9.8</ele>
    <time>2025-11-16T15:31:35Z</time>
   </trkpt>
   <trkpt lat="22.5300830" lon="88.3456530">
    <ele>9.8</ele>
    <time>2025-11-16T15:31:36Z</time>
   </trkpt>
   <trkpt lat="22.5300980" lon="88.3456490">
    <ele>9.8</ele>
    <time>2025-11-16T15:31:37Z</time>
   </trkpt>
   <trkpt lat="22.5301110" lon="88.3456480">
    <ele>9.8</ele>
    <time>2025-11-16T15:31:38Z</time>
   </trkpt>
   <trkpt lat="22.5301160" lon="88.3456700">
    <ele>9.8</ele>
    <time>2025-11-16T15:31:39Z</time>
   </trkpt>
   <trkpt lat="22.5301250" lon="88.3456780">
    <ele>9.8</ele>
    <time>2025-11-16T15:31:40Z</time>
   </trkpt>
   <trkpt lat="22.5301330" lon="88.3456860">
    <ele>9.8</ele>
    <time>2025-11-16T15:31:41Z</time>
   </trkpt>
   <trkpt lat="22.5301420" lon="88.3456880">
    <ele>9.8</ele>
    <time>2025-11-16T15:31:42Z</time>
   </trkpt>
   <trkpt lat="22.5301550" lon="88.3456860">
    <ele>9.8</ele>
    <time>2025-11-16T15:31:43Z</time>
   </trkpt>
   <trkpt lat="22.5301650" lon="88.3456890">
    <ele>9.8</ele>
    <time>2025-11-16T15:31:44Z</time>
   </trkpt>
   <trkpt lat="22.5301770" lon="88.3456920">
    <ele>9.8</ele>
    <time>2025-11-16T15:31:45Z</time>
   </trkpt>
   <trkpt lat="22.5301870" lon="88.3456950">
    <ele>9.9</ele>
    <time>2025-11-16T15:31:46Z</time>
   </trkpt>
   <trkpt lat="22.5301930" lon="88.3456990">
    <ele>9.9</ele>
    <time>2025-11-16T15:31:47Z</time>
   </trkpt>
   <trkpt lat="22.5302030" lon="88.3457050">
    <ele>9.9</ele>
    <time>2025-11-16T15:31:48Z</time>
   </trkpt>
   <trkpt lat="22.5302120" lon="88.3457000">
    <ele>9.9</ele>
    <time>2025-11-16T15:31:49Z</time>
   </trkpt>
   <trkpt lat="22.5302170" lon="88.3457060">
    <ele>9.9</ele>
    <time>2025-11-16T15:31:50Z</time>
   </trkpt>
   <trkpt lat="22.5302230" lon="88.3457160">
    <ele>9.9</ele>
    <time>2025-11-16T15:31:51Z</time>
   </trkpt>
   <trkpt lat="22.5302420" lon="88.3457240">
    <ele>9.9</ele>
    <time>2025-11-16T15:31:52Z</time>
   </trkpt>
   <trkpt lat="22.5302500" lon="88.3457280">
    <ele>9.9</ele>
    <time>2025-11-16T15:31:53Z</time>
   </trkpt>
   <trkpt lat="22.5302580" lon="88.3457310">
    <ele>9.9</ele>
    <time>2025-11-16T15:31:54Z</time>
   </trkpt>
   <trkpt lat="22.5302650" lon="88.3457330">
    <ele>9.9</ele>
    <time>2025-11-16T15:31:55Z</time>
   </trkpt>
   <trkpt lat="22.5302740" lon="88.3457320">
    <ele>9.9</ele>
    <time>2025-11-16T15:31:56Z</time>
   </trkpt>
   <trkpt lat="22.5302850" lon="88.3457300">
    <ele>9.9</ele>
    <time>2025-11-16T15:31:57Z</time>
   </trkpt>
   <trkpt lat="22.5302940" lon="88.3457330">
    <ele>9.9</ele>
    <time>2025-11-16T15:31:58Z</time>
   </trkpt>
   <trkpt lat="22.5303080" lon="88.3457260">
    <ele>9.9</ele>
    <time>2025-11-16T15:31:59Z</time>
   </trkpt>
   <trkpt lat="22.5303220" lon="88.3457290">
    <ele>9.9</ele>
    <time>2025-11-16T15:32:00Z</time>
   </trkpt>
   <trkpt lat="22.5303300" lon="88.3457300">
    <ele>9.9</ele>
    <time>2025-11-16T15:32:01Z</time>
   </trkpt>
   <trkpt lat="22.5303480" lon="88.3457220">
    <ele>9.9</ele>
    <time>2025-11-16T15:32:02Z</time>
   </trkpt>
   <trkpt lat="22.5303560" lon="88.3457260">
    <ele>9.9</ele>
    <time>2025-11-16T15:32:03Z</time>
   </trkpt>
   <trkpt lat="22.5303660" lon="88.3457250">
    <ele>9.9</ele>
    <time>2025-11-16T15:32:04Z</time>
   </trkpt>
   <trkpt lat="22.5303770" lon="88.3457280">
    <ele>9.9</ele>
    <time>2025-11-16T15:32:05Z</time>
   </trkpt>
   <trkpt lat="22.5303940" lon="88.3457260">
    <ele>9.9</ele>
    <time>2025-11-16T15:32:06Z</time>
   </trkpt>
   <trkpt lat="22.5304090" lon="88.3457290">
    <ele>9.9</ele>
    <time>2025-11-16T15:32:07Z</time>
   </trkpt>
   <trkpt lat="22.5304250" lon="88.3457320">
    <ele>9.9</ele>
    <time>2025-11-16T15:32:08Z</time>
   </trkpt>
   <trkpt lat="22.5304440" lon="88.3457340">
    <ele>9.9</ele>
    <time>2025-11-16T15:32:09Z</time>
   </trkpt>
   <trkpt lat="22.5304670" lon="88.3457360">
    <ele>9.9</ele>
    <time>2025-11-16T15:32:10Z</time>
   </trkpt>
   <trkpt lat="22.5304750" lon="88.3457350">
    <ele>9.9</ele>
    <time>2025-11-16T15:32:11Z</time>
   </trkpt>
   <trkpt lat="22.5304830" lon="88.3457340">
    <ele>9.9</ele>
    <time>2025-11-16T15:32:12Z</time>
   </trkpt>
   <trkpt lat="22.5305010" lon="88.3457370">
    <ele>9.9</ele>
    <time>2025-11-16T15:32:13Z</time>
   </trkpt>
   <trkpt lat="22.5305120" lon="88.3457390">
    <ele>9.9</ele>
    <time>2025-11-16T15:32:14Z</time>
   </trkpt>
   <trkpt lat="22.5305360" lon="88.3457400">
    <ele>9.9</ele>
    <time>2025-11-16T15:32:15Z</time>
   </trkpt>
   <trkpt lat="22.5305440" lon="88.3457410">
    <ele>9.9</ele>
    <time>2025-11-16T15:32:16Z</time>
   </trkpt>
   <trkpt lat="22.5305530" lon="88.3457420">
    <ele>9.9</ele>
    <time>2025-11-16T15:32:17Z</time>
   </trkpt>
   <trkpt lat="22.5305620" lon="88.3457460">
    <ele>9.9</ele>
    <time>2025-11-16T15:32:18Z</time>
   </trkpt>
   <trkpt lat="22.5305790" lon="88.3457490">
    <ele>9.9</ele>
    <time>2025-11-16T15:32:19Z</time>
   </trkpt>
   <trkpt lat="22.5305860" lon="88.3457490">
    <ele>9.9</ele>
    <time>2025-11-16T15:32:20Z</time>
   </trkpt>
   <trkpt lat="22.5305950" lon="88.3457540">
    <ele>9.9</ele>
    <time>2025-11-16T15:32:21Z</time>
   </trkpt>
   <trkpt lat="22.5305990" lon="88.3457550">
    <ele>9.9</ele>
    <time>2025-11-16T15:32:22Z</time>
   </trkpt>
   <trkpt lat="22.5306220" lon="88.3457540">
    <ele>9.9</ele>
    <time>2025-11-16T15:32:23Z</time>
   </trkpt>
   <trkpt lat="22.5306460" lon="88.3457730">
    <ele>9.9</ele>
    <time>2025-11-16T15:32:24Z</time>
   </trkpt>
   <trkpt lat="22.5306570" lon="88.3457790">
    <ele>9.9</ele>
    <time>2025-11-16T15:32:25Z</time>
   </trkpt>
   <trkpt lat="22.5306700" lon="88.3457820">
    <ele>9.9</ele>
    <time>2025-11-16T15:32:26Z</time>
   </trkpt>
   <trkpt lat="22.5306810" lon="88.3457870">
    <ele>9.9</ele>
    <time>2025-11-16T15:32:27Z</time>
   </trkpt>
   <trkpt lat="22.5306870" lon="88.3457870">
    <ele>9.9</ele>
    <time>2025-11-16T15:32:28Z</time>
   </trkpt>
   <trkpt lat="22.5306990" lon="88.3457900">
    <ele>9.9</ele>
    <time>2025-11-16T15:32:29Z</time>
   </trkpt>
   <trkpt lat="22.5307090" lon="88.3457920">
    <ele>9.9</ele>
    <time>2025-11-16T15:32:30Z</time>
   </trkpt>
   <trkpt lat="22.5307210" lon="88.3457940">
    <ele>9.9</ele>
    <time>2025-11-16T15:32:31Z</time>
   </trkpt>
   <trkpt lat="22.5307320" lon="88.3457890">
    <ele>9.9</ele>
    <time>2025-11-16T15:32:32Z</time>
   </trkpt>
   <trkpt lat="22.5307480" lon="88.3457900">
    <ele>9.9</ele>
    <time>2025-11-16T15:32:33Z</time>
   </trkpt>
   <trkpt lat="22.5307650" lon="88.3457790">
    <ele>9.9</ele>
    <time>2025-11-16T15:32:34Z</time>
   </trkpt>
   <trkpt lat="22.5307710" lon="88.3457710">
    <ele>9.9</ele>
    <time>2025-11-16T15:32:35Z</time>
   </trkpt>
   <trkpt lat="22.5307760" lon="88.3457640">
    <ele>9.9</ele>
    <time>2025-11-16T15:32:36Z</time>
   </trkpt>
   <trkpt lat="22.5307950" lon="88.3457630">
    <ele>9.9</ele>
    <time>2025-11-16T15:32:37Z</time>
   </trkpt>
   <trkpt lat="22.5308050" lon="88.3457650">
    <ele>9.9</ele>
    <time>2025-11-16T15:32:38Z</time>
   </trkpt>
   <trkpt lat="22.5308150" lon="88.3457660">
    <ele>9.9</ele>
    <time>2025-11-16T15:32:39Z</time>
   </trkpt>
   <trkpt lat="22.5308240" lon="88.3457630">
    <ele>9.9</ele>
    <time>2025-11-16T15:32:40Z</time>
   </trkpt>
   <trkpt lat="22.5308380" lon="88.3457620">
    <ele>9.9</ele>
    <time>2025-11-16T15:32:41Z</time>
   </trkpt>
   <trkpt lat="22.5308480" lon="88.3457610">
    <ele>9.9</ele>
    <time>2025-11-16T15:32:42Z</time>
   </trkpt>
   <trkpt lat="22.5308720" lon="88.3457620">
    <ele>9.9</ele>
    <time>2025-11-16T15:32:43Z</time>
   </trkpt>
   <trkpt lat="22.5308790" lon="88.3457610">
    <ele>9.9</ele>
    <time>2025-11-16T15:32:44Z</time>
   </trkpt>
   <trkpt lat="22.5308870" lon="88.3457600">
    <ele>9.9</ele>
    <time>2025-11-16T15:32:45Z</time>
   </trkpt>
   <trkpt lat="22.5308940" lon="88.3457670">
    <ele>9.9</ele>
    <time>2025-11-16T15:32:46Z</time>
   </trkpt>
   <trkpt lat="22.5309040" lon="88.3457690">
    <ele>9.9</ele>
    <time>2025-11-16T15:32:47Z</time>
   </trkpt>
   <trkpt lat="22.5309170" lon="88.3457730">
    <ele>9.9</ele>
    <time>2025-11-16T15:32:48Z</time>
   </trkpt>
   <trkpt lat="22.5309380" lon="88.3457790">
    <ele>9.9</ele>
    <time>2025-11-16T15:32:49Z</time>
   </trkpt>
   <trkpt lat="22.5309470" lon="88.3457810">
    <ele>9.9</ele>
    <time>2025-11-16T15:32:50Z</time>
   </trkpt>
   <trkpt lat="22.5309550" lon="88.3457820">
    <ele>9.9</ele>
    <time>2025-11-16T15:32:51Z</time>
   </trkpt>
   <trkpt lat="22.5309740" lon="88.3457820">
    <ele>9.9</ele>
    <time>2025-11-16T15:32:52Z</time>
   </trkpt>
   <trkpt lat="22.5309820" lon="88.3457870">
    <ele>9.9</ele>
    <time>2025-11-16T15:32:53Z</time>
   </trkpt>
   <trkpt lat="22.5309910" lon="88.3457930">
    <ele>9.9</ele>
    <time>2025-11-16T15:32:54Z</time>
   </trkpt>
   <trkpt lat="22.5310060" lon="88.3457960">
    <ele>9.9</ele>
    <time>2025-11-16T15:32:55Z</time>
   </trkpt>
   <trkpt lat="22.5310210" lon="88.3458070">
    <ele>9.9</ele>
    <time>2025-11-16T15:32:56Z</time>
   </trkpt>
   <trkpt lat="22.5310280" lon="88.3458150">
    <ele>9.9</ele>
    <time>2025-11-16T15:32:57Z</time>
   </trkpt>
   <trkpt lat="22.5310530" lon="88.3458100">
    <ele>9.9</ele>
    <time>2025-11-16T15:32:58Z</time>
   </trkpt>
   <trkpt lat="22.5310720" lon="88.3458120">
    <ele>9.9</ele>
    <time>2025-11-16T15:32:59Z</time>
   </trkpt>
   <trkpt lat="22.5310830" lon="88.3458140">
    <ele>9.9</ele>
    <time>2025-11-16T15:33:00Z</time>
   </trkpt>
   <trkpt lat="22.5310930" lon="88.3458150">
    <ele>9.9</ele>
    <time>2025-11-16T15:33:01Z</time>
   </trkpt>
   <trkpt lat="22.5310980" lon="88.3458120">
    <ele>9.9</ele>
    <time>2025-11-16T15:33:02Z</time>
   </trkpt>
   <trkpt lat="22.5311080" lon="88.3458140">
    <ele>9.9</ele>
    <time>2025-11-16T15:33:03Z</time>
   </trkpt>
   <trkpt lat="22.5311150" lon="88.3458170">
    <ele>9.9</ele>
    <time>2025-11-16T15:33:04Z</time>
   </trkpt>
   <trkpt lat="22.5311210" lon="88.3458250">
    <ele>9.9</ele>
    <time>2025-11-16T15:33:05Z</time>
   </trkpt>
   <trkpt lat="22.5311410" lon="88.3458260">
    <ele>9.9</ele>
    <time>2025-11-16T15:33:06Z</time>
   </trkpt>
   <trkpt lat="22.5311470" lon="88.3458330">
    <ele>9.9</ele>
    <time>2025-11-16T15:33:07Z</time>
   </trkpt>
   <trkpt lat="22.5311520" lon="88.3458390">
    <ele>9.9</ele>
    <time>2025-11-16T15:33:08Z</time>
   </trkpt>
   <trkpt lat="22.5311680" lon="88.3458450">
    <ele>9.9</ele>
    <time>2025-11-16T15:33:09Z</time>
   </trkpt>
   <trkpt lat="22.5311820" lon="88.3458490">
    <ele>9.9</ele>
    <time>2025-11-16T15:33:10Z</time>
   </trkpt>
   <trkpt lat="22.5311980" lon="88.3458550">
    <ele>9.9</ele>
    <time>2025-11-16T15:33:11Z</time>
   </trkpt>
   <trkpt lat="22.5312110" lon="88.3458570">
    <ele>9.9</ele>
    <time>2025-11-16T15:33:12Z</time>
   </trkpt>
   <trkpt lat="22.5312070" lon="88.3458540">
    <ele>9.9</ele>
    <time>2025-11-16T15:33:13Z</time>
   </trkpt>
   <trkpt lat="22.5312330" lon="88.3458520">
    <ele>9.9</ele>
    <time>2025-11-16T15:33:14Z</time>
   </trkpt>
   <trkpt lat="22.5312460" lon="88.3458570">
    <ele>9.9</ele>
    <time>2025-11-16T15:33:15Z</time>
   </trkpt>
   <trkpt lat="22.5312660" lon="88.3458580">
    <ele>9.9</ele>
    <time>2025-11-16T15:33:16Z</time>
   </trkpt>
   <trkpt lat="22.5312770" lon="88.3458570">
    <ele>9.9</ele>
    <time>2025-11-16T15:33:17Z</time>
   </trkpt>
   <trkpt lat="22.5312870" lon="88.3458550">
    <ele>9.9</ele>
    <time>2025-11-16T15:33:18Z</time>
   </trkpt>
   <trkpt lat="22.5313000" lon="88.3458510">
    <ele>9.9</ele>
    <time>2025-11-16T15:33:19Z</time>
   </trkpt>
   <trkpt lat="22.5313100" lon="88.3458520">
    <ele>9.9</ele>
    <time>2025-11-16T15:33:20Z</time>
   </trkpt>
   <trkpt lat="22.5313210" lon="88.3458520">
    <ele>9.9</ele>
    <time>2025-11-16T15:33:21Z</time>
   </trkpt>
   <trkpt lat="22.5313350" lon="88.3458570">
    <ele>9.9</ele>
    <time>2025-11-16T15:33:22Z</time>
   </trkpt>
   <trkpt lat="22.5313420" lon="88.3458570">
    <ele>9.9</ele>
    <time>2025-11-16T15:33:23Z</time>
   </trkpt>
   <trkpt lat="22.5313490" lon="88.3458610">
    <ele>9.9</ele>
    <time>2025-11-16T15:33:24Z</time>
   </trkpt>
   <trkpt lat="22.5313600" lon="88.3458650">
    <ele>9.9</ele>
    <time>2025-11-16T15:33:25Z</time>
   </trkpt>
   <trkpt lat="22.5313720" lon="88.3458660">
    <ele>9.9</ele>
    <time>2025-11-16T15:33:26Z</time>
   </trkpt>
   <trkpt lat="22.5313800" lon="88.3458680">
    <ele>9.9</ele>
    <time>2025-11-16T15:33:27Z</time>
   </trkpt>
   <trkpt lat="22.5314000" lon="88.3458750">
    <ele>9.9</ele>
    <time>2025-11-16T15:33:28Z</time>
   </trkpt>
   <trkpt lat="22.5314080" lon="88.3458780">
    <ele>9.9</ele>
    <time>2025-11-16T15:33:29Z</time>
   </trkpt>
   <trkpt lat="22.5314160" lon="88.3458810">
    <ele>9.9</ele>
    <time>2025-11-16T15:33:30Z</time>
   </trkpt>
   <trkpt lat="22.5314210" lon="88.3458920">
    <ele>9.9</ele>
    <time>2025-11-16T15:33:31Z</time>
   </trkpt>
   <trkpt lat="22.5314280" lon="88.3459020">
    <ele>9.9</ele>
    <time>2025-11-16T15:33:32Z</time>
   </trkpt>
   <trkpt lat="22.5314360" lon="88.3459080">
    <ele>9.9</ele>
    <time>2025-11-16T15:33:33Z</time>
   </trkpt>
   <trkpt lat="22.5314500" lon="88.3459090">
    <ele>9.9</ele>
    <time>2025-11-16T15:33:35Z</time>
   </trkpt>
   <trkpt lat="22.5314580" lon="88.3459100">
    <ele>9.9</ele>
    <time>2025-11-16T15:33:36Z</time>
   </trkpt>
   <trkpt lat="22.5314670" lon="88.3459120">
    <ele>9.9</ele>
    <time>2025-11-16T15:33:37Z</time>
   </trkpt>
   <trkpt lat="22.5314750" lon="88.3459130">
    <ele>9.8</ele>
    <time>2025-11-16T15:33:38Z</time>
   </trkpt>
   <trkpt lat="22.5314880" lon="88.3459210">
    <ele>9.8</ele>
    <time>2025-11-16T15:33:39Z</time>
   </trkpt>
   <trkpt lat="22.5315030" lon="88.3459280">
    <ele>9.8</ele>
    <time>2025-11-16T15:33:40Z</time>
   </trkpt>
   <trkpt lat="22.5315150" lon="88.3459330">
    <ele>9.8</ele>
    <time>2025-11-16T15:33:41Z</time>
   </trkpt>
   <trkpt lat="22.5315240" lon="88.3459350">
    <ele>9.8</ele>
    <time>2025-11-16T15:33:42Z</time>
   </trkpt>
   <trkpt lat="22.5315360" lon="88.3459350">
    <ele>9.8</ele>
    <time>2025-11-16T15:33:43Z</time>
   </trkpt>
   <trkpt lat="22.5315550" lon="88.3459330">
    <ele>9.8</ele>
    <time>2025-11-16T15:33:44Z</time>
   </trkpt>
   <trkpt lat="22.5315630" lon="88.3459340">
    <ele>9.8</ele>
    <time>2025-11-16T15:33:45Z</time>
   </trkpt>
   <trkpt lat="22.5315720" lon="88.3459340">
    <ele>9.8</ele>
    <time>2025-11-16T15:33:46Z</time>
   </trkpt>
   <trkpt lat="22.5315950" lon="88.3459280">
    <ele>9.8</ele>
    <time>2025-11-16T15:33:47Z</time>
   </trkpt>
   <trkpt lat="22.5316030" lon="88.3459280">
    <ele>9.8</ele>
    <time>2025-11-16T15:33:48Z</time>
   </trkpt>
   <trkpt lat="22.5316110" lon="88.3459270">
    <ele>9.8</ele>
    <time>2025-11-16T15:33:49Z</time>
   </trkpt>
   <trkpt lat="22.5316260" lon="88.3459270">
    <ele>9.8</ele>
    <time>2025-11-16T15:33:50Z</time>
   </trkpt>
   <trkpt lat="22.5316390" lon="88.3459270">
    <ele>9.7</ele>
    <time>2025-11-16T15:33:51Z</time>
   </trkpt>
   <trkpt lat="22.5316530" lon="88.3459240">
    <ele>9.7</ele>
    <time>2025-11-16T15:33:52Z</time>
   </trkpt>
   <trkpt lat="22.5316660" lon="88.3459180">
    <ele>9.7</ele>
    <time>2025-11-16T15:33:53Z</time>
   </trkpt>
   <trkpt lat="22.5316750" lon="88.3459180">
    <ele>9.7</ele>
    <time>2025-11-16T15:33:54Z</time>
   </trkpt>
   <trkpt lat="22.5316840" lon="88.3459190">
    <ele>9.7</ele>
    <time>2025-11-16T15:33:55Z</time>
   </trkpt>
   <trkpt lat="22.5316840" lon="88.3459280">
    <ele>9.7</ele>
    <time>2025-11-16T15:33:56Z</time>
   </trkpt>
   <trkpt lat="22.5316950" lon="88.3459290">
    <ele>9.7</ele>
    <time>2025-11-16T15:33:57Z</time>
   </trkpt>
   <trkpt lat="22.5317160" lon="88.3459310">
    <ele>9.7</ele>
    <time>2025-11-16T15:33:58Z</time>
   </trkpt>
   <trkpt lat="22.5317290" lon="88.3459350">
    <ele>9.7</ele>
    <time>2025-11-16T15:33:59Z</time>
   </trkpt>
   <trkpt lat="22.5317420" lon="88.3459390">
    <ele>9.6</ele>
    <time>2025-11-16T15:34:00Z</time>
   </trkpt>
   <trkpt lat="22.5317560" lon="88.3459360">
    <ele>9.6</ele>
    <time>2025-11-16T15:34:01Z</time>
   </trkpt>
   <trkpt lat="22.5317720" lon="88.3459400">
    <ele>9.6</ele>
    <time>2025-11-16T15:34:02Z</time>
   </trkpt>
   <trkpt lat="22.5317900" lon="88.3459390">
    <ele>9.6</ele>
    <time>2025-11-16T15:34:03Z</time>
   </trkpt>
   <trkpt lat="22.5318030" lon="88.3459410">
    <ele>9.6</ele>
    <time>2025-11-16T15:34:04Z</time>
   </trkpt>
   <trkpt lat="22.5318190" lon="88.3459400">
    <ele>9.6</ele>
    <time>2025-11-16T15:34:05Z</time>
   </trkpt>
   <trkpt lat="22.5318330" lon="88.3459400">
    <ele>9.6</ele>
    <time>2025-11-16T15:34:06Z</time>
   </trkpt>
   <trkpt lat="22.5318570" lon="88.3459290">
    <ele>9.5</ele>
    <time>2025-11-16T15:34:07Z</time>
   </trkpt>
   <trkpt lat="22.5318620" lon="88.3459240">
    <ele>9.5</ele>
    <time>2025-11-16T15:34:08Z</time>
   </trkpt>
   <trkpt lat="22.5318820" lon="88.3459550">
    <ele>9.5</ele>
    <time>2025-11-16T15:34:09Z</time>
   </trkpt>
   <trkpt lat="22.5319100" lon="88.3459490">
    <ele>9.5</ele>
    <time>2025-11-16T15:34:10Z</time>
   </trkpt>
   <trkpt lat="22.5319240" lon="88.3459450">
    <ele>9.5</ele>
    <time>2025-11-16T15:34:11Z</time>
   </trkpt>
   <trkpt lat="22.5319390" lon="88.3459400">
    <ele>9.5</ele>
    <time>2025-11-16T15:34:12Z</time>
   </trkpt>
   <trkpt lat="22.5319380" lon="88.3459320">
    <ele>9.5</ele>
    <time>2025-11-16T15:34:13Z</time>
   </trkpt>
   <trkpt lat="22.5319440" lon="88.3459340">
    <ele>9.4</ele>
    <time>2025-11-16T15:34:14Z</time>
   </trkpt>
   <trkpt lat="22.5319480" lon="88.3459330">
    <ele>9.4</ele>
    <time>2025-11-16T15:34:15Z</time>
   </trkpt>
   <trkpt lat="22.5319520" lon="88.3459270">
    <ele>9.4</ele>
    <time>2025-11-16T15:34:16Z</time>
   </trkpt>
   <trkpt lat="22.5319640" lon="88.3459260">
    <ele>9.4</ele>
    <time>2025-11-16T15:34:17Z</time>
   </trkpt>
   <trkpt lat="22.5319720" lon="88.3459250">
    <ele>9.4</ele>
    <time>2025-11-16T15:34:18Z</time>
   </trkpt>
   <trkpt lat="22.5319970" lon="88.3459280">
    <ele>9.4</ele>
    <time>2025-11-16T15:34:19Z</time>
   </trkpt>
   <trkpt lat="22.5319950" lon="88.3459290">
    <ele>9.4</ele>
    <time>2025-11-16T15:34:20Z</time>
   </trkpt>
   <trkpt lat="22.5320140" lon="88.3459280">
    <ele>9.4</ele>
    <time>2025-11-16T15:34:21Z</time>
   </trkpt>
   <trkpt lat="22.5320180" lon="88.3459340">
    <ele>9.4</ele>
    <time>2025-11-16T15:34:22Z</time>
   </trkpt>
   <trkpt lat="22.5320290" lon="88.3459440">
    <ele>9.4</ele>
    <time>2025-11-16T15:34:23Z</time>
   </trkpt>
   <trkpt lat="22.5320410" lon="88.3459680">
    <ele>9.4</ele>
    <time>2025-11-16T15:34:24Z</time>
   </trkpt>
   <trkpt lat="22.5320500" lon="88.3459740">
    <ele>9.4</ele>
    <time>2025-11-16T15:34:25Z</time>
   </trkpt>
   <trkpt lat="22.5320580" lon="88.3459800">
    <ele>9.4</ele>
    <time>2025-11-16T15:34:26Z</time>
   </trkpt>
   <trkpt lat="22.5320610" lon="88.3459940">
    <ele>9.4</ele>
    <time>2025-11-16T15:34:27Z</time>
   </trkpt>
   <trkpt lat="22.5320630" lon="88.3460020">
    <ele>9.4</ele>
    <time>2025-11-16T15:34:28Z</time>
   </trkpt>
   <trkpt lat="22.5320780" lon="88.3459950">
    <ele>9.3</ele>
    <time>2025-11-16T15:34:29Z</time>
   </trkpt>
   <trkpt lat="22.5320860" lon="88.3459970">
    <ele>9.3</ele>
    <time>2025-11-16T15:34:30Z</time>
   </trkpt>
   <trkpt lat="22.5321110" lon="88.3460010">
    <ele>9.3</ele>
    <time>2025-11-16T15:34:31Z</time>
   </trkpt>
   <trkpt lat="22.5321240" lon="88.3460010">
    <ele>9.3</ele>
    <time>2025-11-16T15:34:32Z</time>
   </trkpt>
   <trkpt lat="22.5321380" lon="88.3459940">
    <ele>9.3</ele>
    <time>2025-11-16T15:34:33Z</time>
   </trkpt>
   <trkpt lat="22.5321460" lon="88.3459950">
    <ele>9.3</ele>
    <time>2025-11-16T15:34:34Z</time>
   </trkpt>
   <trkpt lat="22.5321540" lon="88.3459970">
    <ele>9.3</ele>
    <time>2025-11-16T15:34:35Z</time>
   </trkpt>
   <trkpt lat="22.5321620" lon="88.3459980">
    <ele>9.3</ele>
    <time>2025-11-16T15:34:36Z</time>
   </trkpt>
   <trkpt lat="22.5321790" lon="88.3459990">
    <ele>9.3</ele>
    <time>2025-11-16T15:34:37Z</time>
   </trkpt>
   <trkpt lat="22.5321870" lon="88.3460010">
    <ele>9.3</ele>
    <time>2025-11-16T15:34:38Z</time>
   </trkpt>
  </trkseg>
 </trk>
</gpx>
