<?xml version="1.0" encoding="UTF-8"?>
<gpx creator="StravaGPX" version="1.1" xmlns="http://www.topografix.com/GPX/1/1" xmlns:xsi="http://www.w3.org/2001/XMLSchema-instance" xsi:schemaLocation="http://www.topografix.com/GPX/1/1 http://www.topografix.com/GPX/1/1/gpx.xsd">
 <metadata>
  <time>2026-03-14T14:02:19Z</time>
 </metadata>
 <trk>
  <name>Evening Walk</name>
  <type>walking</type>
  <trkseg>
   <trkpt lat="22.5756450" lon="88.3598950">
    <ele>9.7</ele>
    <time>2026-03-14T14:02:19Z</time>
   </trkpt>
   <trkpt lat="22.5756450" lon="88.3598950">
    <ele>9.7</ele>
    <time>2026-03-14T14:02:20Z</time>
   </trkpt>
   <trkpt lat="22.5756500" lon="88.3599020">
    <ele>9.7</ele>
    <time>2026-03-14T14:02:21Z</time>
   </trkpt>
   <trkpt lat="22.5756550" lon="88.3599060">
    <ele>9.7</ele>
    <time>2026-03-14T14:02:22Z</time>
   </trkpt>
   <trkpt lat="22.5756650" lon="88.3599110">
    <ele>9.6</ele>
    <time>2026-03-14T14:02:23Z</time>
   </trkpt>
   <trkpt lat="22.5756760" lon="88.3599130">
    <ele>9.6</ele>
    <time>2026-03-14T14:02:24Z</time>
   </trkpt>
   <trkpt lat="22.5756880" lon="88.3599150">
    <ele>9.6</ele>
    <time>2026-03-14T14:02:25Z</time>
   </trkpt>
   <trkpt lat="22.5756990" lon="88.3599170">
    <ele>9.6</ele>
    <time>2026-03-14T14:02:26Z</time>
   </trkpt>
   <trkpt lat="22.5757100" lon="88.3599200">
    <ele>9.6</ele>
    <time>2026-03-14T14:02:27Z</time>
   </trkpt>
   <trkpt lat="22.5757180" lon="88.3599230">
    <ele>9.6</ele>
    <time>2026-03-14T14:02:28Z</time>
   </trkpt>
   <trkpt lat="22.5757270" lon="88.3599280">
    <ele>9.6</ele>
    <time>2026-03-14T14:02:29Z</time>
   </trkpt>
   <trkpt lat="22.5757350" lon="88.3599380">
    <ele>9.6</ele>
    <time>2026-03-14T14:02:30Z</time>
   </trkpt>
   <trkpt lat="22.5757530" lon="88.3599510">
    <ele>9.6</ele>
    <time>2026-03-14T14:02:31Z</time>
   </trkpt>
   <trkpt lat="22.5757610" lon="88.3599550">
    <ele>9.6</ele>
    <time>2026-03-14T14:02:32Z</time>
   </trkpt>
   <trkpt lat="22.5757690" lon="88.3599580">
    <ele>9.6</ele>
    <time>2026-03-14T14:02:33Z</time>
   </trkpt>
   <trkpt lat="22.5757860" lon="88.3599600">
    <ele>9.6</ele>
    <time>2026-03-14T14:02:34Z</time>
   </trkpt>
   <trkpt lat="22.5758020" lon="88.3599570">
    <ele>9.6</ele>
    <time>2026-03-14T14:02:35Z</time>
   </trkpt>
   <trkpt lat="22.5758320" lon="88.3599580">
    <ele>9.6</ele>
    <time>2026-03-14T14:02:36Z</time>
   </trkpt>
   <trkpt lat="22.5758420" lon="88.3599590">
    <ele>9.6</ele>
    <time>2026-03-14T14:02:37Z</time>
   </trkpt>
   <trkpt lat="22.5758560" lon="88.3599610">
    <ele>9.6</ele>
    <time>2026-03-14T14:02:38Z</time>
   </trkpt>
   <trkpt lat="22.5758700" lon="88.3599610">
    <ele>9.6</ele>
    <time>2026-03-14T14:02:39Z</time>
   </trkpt>
   <trkpt lat="22.5758800" lon="88.3599600">
    <ele>9.6</ele>
    <time>2026-03-14T14:02:40Z</time>
   </trkpt>
   <trkpt lat="22.5758910" lon="88.3599590">
    <ele>9.6</ele>
    <time>2026-03-14T14:02:41Z</time>
   </trkpt>
   <trkpt lat="22.5759060" lon="88.3599590">
    <ele>9.6</ele>
    <time>2026-03-14T14:02:42Z</time>
   </trkpt>
   <trkpt lat="22.5759210" lon="88.3599530">
    <ele>9.6</ele>
    <time>2026-03-14T14:02:43Z</time>
   </trkpt>
   <trkpt lat="22.5759460" lon="88.3599480">
    <ele>9.6</ele>
    <time>2026-03-14T14:02:44Z</time>
   </trkpt>
   <trkpt lat="22.5759500" lon="88.3599470">
    <ele>9.6</ele>
    <time>2026-03-14T14:02:45Z</time>
   </trkpt>
   <trkpt lat="22.5759290" lon="88.3599720">
    <ele>9.6</ele>
    <time>2026-03-14T14:02:46Z</time>
   </trkpt>
   <trkpt lat="22.5759370" lon="88.3599720">
    <ele>9.6</ele>
    <time>2026-03-14T14:02:47Z</time>
   </trkpt>
   <trkpt lat="22.5759410" lon="88.3599720">
    <ele>9.6</ele>
    <time>2026-03-14T14:02:48Z</time>
   </trkpt>
   <trkpt lat="22.5759580" lon="88.3599710">
    <ele>9.5</ele>
    <time>2026-03-14T14:02:49Z</time>
   </trkpt>
   <trkpt lat="22.5759600" lon="88.3599740">
    <ele>9.5</ele>
    <time>2026-03-14T14:02:50Z</time>
   </trkpt>
   <trkpt lat="22.5759650" lon="88.3599860">
    <ele>9.5</ele>
    <time>2026-03-14T14:02:51Z</time>
   </trkpt>
   <trkpt lat="22.5759640" lon="88.3599970">
    <ele>9.5</ele>
    <time>2026-03-14T14:02:52Z</time>
   </trkpt>
   <trkpt lat="22.5759690" lon="88.3599910">
    <ele>9.5</ele>
    <time>2026-03-14T14:02:53Z</time>
   </trkpt>
   <trkpt lat="22.5759720" lon="88.3599900">
    <ele>9.5</ele>
    <time>2026-03-14T14:02:54Z</time>
   </trkpt>
   <trkpt lat="22.5759820" lon="88.3599850">
    <ele>9.5</ele>
    <time>2026-03-14T14:02:55Z</time>
   </trkpt>
   <trkpt lat="22.5760030" lon="88.3599820">
    <ele>9.5</ele>
    <time>2026-03-14T14:02:56Z</time>
   </trkpt>
   <trkpt lat="22.5760130" lon="88.3599810">
    <ele>9.5</ele>
    <time>2026-03-14T14:02:57Z</time>
   </trkpt>
   <trkpt lat="22.5760230" lon="88.3599810">
    <ele>9.5</ele>
    <time>2026-03-14T14:02:58Z</time>
   </trkpt>
   <trkpt lat="22.5760510" lon="88.3599810">
    <ele>9.5</ele>
    <time>2026-03-14T14:02:59Z</time>
   </trkpt>
   <trkpt lat="22.5760800" lon="88.3599570">
    <ele>9.5</ele>
    <time>2026-03-14T14:03:00Z</time>
   </trkpt>
   <trkpt lat="22.5761040" lon="88.3599700">
    <ele>9.4</ele>
    <time>2026-03-14T14:03:01Z</time>
   </trkpt>
   <trkpt lat="22.5761280" lon="88.3599750">
    <ele>9.4</ele>
    <time>2026-03-14T14:03:02Z</time>
   </trkpt>
   <trkpt lat="22.5761330" lon="88.3599930">
    <ele>9.4</ele>
    <time>2026-03-14T14:03:03Z</time>
   </trkpt>
   <trkpt lat="22.5761250" lon="88.3600150">
    <ele>9.4</ele>
    <time>2026-03-14T14:03:04Z</time>
   </trkpt>
   <trkpt lat="22.5761320" lon="88.3600180">
    <ele>9.4</ele>
    <time>2026-03-14T14:03:05Z</time>
   </trkpt>
   <trkpt lat="22.5761390" lon="88.3600220">
    <ele>9.4</ele>
    <time>2026-03-14T14:03:06Z</time>
   </trkpt>
   <trkpt lat="22.5761650" lon="88.3600300">
    <ele>9.4</ele>
    <time>2026-03-14T14:03:07Z</time>
   </trkpt>
   <trkpt lat="22.5761740" lon="88.3600350">
    <ele>9.4</ele>
    <time>2026-03-14T14:03:08Z</time>
   </trkpt>
   <trkpt lat="22.5761970" lon="88.3600400">
    <ele>9.4</ele>
    <time>2026-03-14T14:03:09Z</time>
   </trkpt>
   <trkpt lat="22.5762040" lon="88.3600390">
    <ele>9.4</ele>
    <time>2026-03-14T14:03:10Z</time>
   </trkpt>
   <trkpt lat="22.5762120" lon="88.3600390">
    <ele>9.4</ele>
    <time>2026-03-14T14:03:11Z</time>
   </trkpt>
   <trkpt lat="22.5762240" lon="88.3600390">
    <ele>9.4</ele>
    <time>2026-03-14T14:03:12Z</time>
   </trkpt>
   <trkpt lat="22.5762430" lon="88.3600370">
    <ele>9.4</ele>
    <time>2026-03-14T14:03:13Z</time>
   </trkpt>
   <trkpt lat="22.5762580" lon="88.3600550">
    <ele>9.4</ele>
    <time>2026-03-14T14:03:14Z</time>
   </trkpt>
   <trkpt lat="22.5762650" lon="88.3600590">
    <ele>9.4</ele>
    <time>2026-03-14T14:03:15Z</time>
   </trkpt>
   <trkpt lat="22.5762730" lon="88.3600640">
    <ele>9.4</ele>
    <time>2026-03-14T14:03:16Z</time>
   </trkpt>
   <trkpt lat="22.5763100" lon="88.3600650">
    <ele>9.3</ele>
    <time>2026-03-14T14:03:17Z</time>
   </trkpt>
   <trkpt lat="22.5763210" lon="88.3600650">
    <ele>9.3</ele>
    <time>2026-03-14T14:03:18Z</time>
   </trkpt>
   <trkpt lat="22.5763430" lon="88.3600700">
    <ele>9.3</ele>
    <time>2026-03-14T14:03:19Z</time>
   </trkpt>
   <trkpt lat="22.5763490" lon="88.3600660">
    <ele>9.3</ele>
    <time>2026-03-14T14:03:20Z</time>
   </trkpt>
   <trkpt lat="22.5763600" lon="88.3600680">
    <ele>9.3</ele>
    <time>2026-03-14T14:03:21Z</time>
   </trkpt>
   <trkpt lat="22.5763800" lon="88.3600750">
    <ele>9.3</ele>
    <time>2026-03-14T14:03:22Z</time>
   </trkpt>
   <trkpt lat="22.5763970" lon="88.3600820">
    <ele>9.3</ele>
    <time>2026-03-14T14:03:23Z</time>
   </trkpt>
   <trkpt lat="22.5764040" lon="88.3600840">
    <ele>9.3</ele>
    <time>2026-03-14T14:03:24Z</time>
   </trkpt>
   <trkpt lat="22.5764100" lon="88.3600870">
    <ele>9.3</ele>
    <time>2026-03-14T14:03:25Z</time>
   </trkpt>
   <trkpt lat="22.5764160" lon="88.3600890">
    <ele>9.3</ele>
    <time>2026-03-14T14:03:26Z</time>
   </trkpt>
   <trkpt lat="22.5764300" lon="88.3601020">
    <ele>9.3</ele>
    <time>2026-03-14T14:03:27Z</time>
   </trkpt>
   <trkpt lat="22.5764380" lon="88.3601090">
    <ele>9.3</ele>
    <time>2026-03-14T14:03:28Z</time>
   </trkpt>
   <trkpt lat="22.5764460" lon="88.3601150">
    <ele>9.3</ele>
    <time>2026-03-14T14:03:29Z</time>
   </trkpt>
   <trkpt lat="22.5764430" lon="88.3601250">
    <ele>9.3</ele>
    <time>2026-03-14T14:03:30Z</time>
   </trkpt>
   <trkpt lat="22.5764510" lon="88.3601230">
    <ele>9.3</ele>
    <time>2026-03-14T14:03:31Z</time>
   </trkpt>
   <trkpt lat="22.5764730" lon="88.3601320">
    <ele>9.3</ele>
    <time>2026-03-14T14:03:32Z</time>
   </trkpt>
   <trkpt lat="22.5765020" lon="88.3601380">
    <ele>9.3</ele>
    <time>2026-03-14T14:03:33Z</time>
   </trkpt>
   <trkpt lat="22.5765090" lon="88.3601400">
    <ele>9.3</ele>
    <time>2026-03-14T14:03:34Z</time>
   </trkpt>
   <trkpt lat="22.5765200" lon="88.3601430">
    <ele>9.3</ele>
    <time>2026-03-14T14:03:35Z</time>
   </trkpt>
   <trkpt lat="22.5765370" lon="88.3601460">
    <ele>9.3</ele>
    <time>2026-03-14T14:03:36Z</time>
   </trkpt>
   <trkpt lat="22.5765540" lon="88.3601560">
    <ele>9.3</ele>
    <time>2026-03-14T14:03:37Z</time>
   </trkpt>
   <trkpt lat="22.5765630" lon="88.3601600">
    <ele>9.3</ele>
    <time>2026-03-14T14:03:38Z</time>
   </trkpt>
   <trkpt lat="22.5765730" lon="88.3601640">
    <ele>9.3</ele>
    <time>2026-03-14T14:03:39Z</time>
   </trkpt>
   <trkpt lat="22.5765830" lon="88.3601640">
    <ele>9.3</ele>
    <time>2026-03-14T14:03:40Z</time>
   </trkpt>
   <trkpt lat="22.5765830" lon="88.3601740">
    <ele>9.3</ele>
    <time>2026-03-14T14:03:41Z</time>
   </trkpt>
   <trkpt lat="22.5765860" lon="88.3601830">
    <ele>9.3</ele>
    <time>2026-03-14T14:03:42Z</time>
   </trkpt>
   <trkpt lat="22.5766020" lon="88.3601770">
    <ele>9.3</ele>
    <time>2026-03-14T14:03:43Z</time>
   </trkpt>
   <trkpt lat="22.5766260" lon="88.3601700">
    <ele>9.3</ele>
    <time>2026-03-14T14:03:44Z</time>
   </trkpt>
   <trkpt lat="22.5766360" lon="88.3601690">
    <ele>9.3</ele>
    <time>2026-03-14T14:03:45Z</time>
   </trkpt>
   <trkpt lat="22.5766470" lon="88.3601670">
    <ele>9.3</ele>
    <time>2026-03-14T14:03:46Z</time>
   </trkpt>
   <trkpt lat="22.5766660" lon="88.3601680">
    <ele>9.3</ele>
    <time>2026-03-14T14:03:47Z</time>
   </trkpt>
   <trkpt lat="22.5766770" lon="88.3601690">
    <ele>9.3</ele>
    <time>2026-03-14T14:03:48Z</time>
   </trkpt>
   <trkpt lat="22.5766870" lon="88.3601710">
    <ele>9.3</ele>
    <time>2026-03-14T14:03:49Z</time>
   </trkpt>
   <trkpt lat="22.5766940" lon="88.3601760">
    <ele>9.3</ele>
    <time>2026-03-14T14:03:50Z</time>
   </trkpt>
   <trkpt lat="22.5766990" lon="88.3601800">
    <ele>9.3</ele>
    <time>2026-03-14T14:03:51Z</time>
   </trkpt>
   <trkpt lat="22.5767000" lon="88.3601780">
    <ele>9.3</ele>
    <time>2026-03-14T14:03:52Z</time>
   </trkpt>
   <trkpt lat="22.5767190" lon="88.3601820">
    <ele>9.3</ele>
    <time>2026-03-14T14:03:53Z</time>
   </trkpt>
   <trkpt lat="22.5767490" lon="88.3601770">
    <ele>9.3</ele>
    <time>2026-03-14T14:03:54Z</time>
   </trkpt>
   <trkpt lat="22.5767600" lon="88.3601810">
    <ele>9.3</ele>
    <time>2026-03-14T14:03:55Z</time>
   </trkpt>
   <trkpt lat="22.5767630" lon="88.3601890">
    <ele>9.3</ele>
    <time>2026-03-14T14:03:56Z</time>
   </trkpt>
   <trkpt lat="22.5767700" lon="88.3601950">
    <ele>9.3</ele>
    <time>2026-03-14T14:03:57Z</time>
   </trkpt>
   <trkpt lat="22.5767850" lon="88.3601990">
    <ele>9.3</ele>
    <time>2026-03-14T14:03:58Z</time>
   </trkpt>
   <trkpt lat="22.5767920" lon="88.3602060">
    <ele>9.3</ele>
    <time>2026-03-14T14:03:59Z</time>
   </trkpt>
   <trkpt lat="22.5768000" lon="88.3602130">
    <ele>9.3</ele>
    <time>2026-03-14T14:04:00Z</time>
   </trkpt>
   <trkpt lat="22.5768100" lon="88.3602130">
    <ele>9.3</ele>
    <time>2026-03-14T14:04:01Z</time>
   </trkpt>
   <trkpt lat="22.5768200" lon="88.3602140">
    <ele>9.3</ele>
    <time>2026-03-14T14:04:02Z</time>
   </trkpt>
   <trkpt lat="22.5768340" lon="88.3602230">
    <ele>9.3</ele>
    <time>2026-03-14T14:04:03Z</time>
   </trkpt>
   <trkpt lat="22.5768630" lon="88.3602320">
    <ele>9.3</ele>
    <time>2026-03-14T14:04:04Z</time>
   </trkpt>
   <trkpt lat="22.5768720" lon="88.3602360">
    <ele>9.3</ele>
    <time>2026-03-14T14:04:05Z</time>
   </trkpt>
   <trkpt lat="22.5768810" lon="88.3602390">
    <ele>9.3</ele>
    <time>2026-03-14T14:04:06Z</time>
   </trkpt>
   <trkpt lat="22.5768960" lon="88.3602420">
    <ele>9.3</ele>
    <time>2026-03-14T14:04:07Z</time>
   </trkpt>
   <trkpt lat="22.5769070" lon="88.3602520">
    <ele>9.3</ele>
    <time>2026-03-14T14:04:08Z</time>
   </trkpt>
   <trkpt lat="22.5769160" lon="88.3602590">
    <ele>9.3</ele>
    <time>2026-03-14T14:04:09Z</time>
   </trkpt>
   <trkpt lat="22.5769330" lon="88.3602690">
    <ele>9.3</ele>
    <time>2026-03-14T14:04:10Z</time>
   </trkpt>
   <trkpt lat="22.5769460" lon="88.3602730">
    <ele>9.3</ele>
    <time>2026-03-14T14:04:11Z</time>
   </trkpt>
   <trkpt lat="22.5769620" lon="88.3602770">
    <ele>9.3</ele>
    <time>2026-03-14T14:04:12Z</time>
   </trkpt>
   <trkpt lat="22.5769690" lon="88.3602890">
    <ele>9.3</ele>
    <time>2026-03-14T14:04:13Z</time>
   </trkpt>
   <trkpt lat="22.5769620" lon="88.3603010">
    <ele>9.3</ele>
    <time>2026-03-14T14:04:14Z</time>
   </trkpt>
   <trkpt lat="22.5769780" lon="88.3603130">
    <ele>9.3</ele>
    <time>2026-03-14T14:04:15Z</time>
   </trkpt>
   <trkpt lat="22.5769980" lon="88.3603140">
    <ele>9.3</ele>
    <time>2026-03-14T14:04:16Z</time>
   </trkpt>
   <trkpt lat="22.5770040" lon="88.3603150">
    <ele>9.3</ele>
    <time>2026-03-14T14:04:17Z</time>
   </trkpt>
   <trkpt lat="22.5770090" lon="88.3603170">
    <ele>9.3</ele>
    <time>2026-03-14T14:04:18Z</time>
   </trkpt>
   <trkpt lat="22.5770140" lon="88.3603180">
    <ele>9.3</ele>
    <time>2026-03-14T14:04:19Z</time>
   </trkpt>
   <trkpt lat="22.5770350" lon="88.3603210">
    <ele>9.3</ele>
    <time>2026-03-14T14:04:20Z</time>
   </trkpt>
   <trkpt lat="22.5770480" lon="88.3603260">
    <ele>9.3</ele>
    <time>2026-03-14T14:04:21Z</time>
   </trkpt>
   <trkpt lat="22.5770660" lon="88.3603350">
    <ele>9.3</ele>
    <time>2026-03-14T14:04:22Z</time>
   </trkpt>
   <trkpt lat="22.5770730" lon="88.3603410">
    <ele>9.3</ele>
    <time>2026-03-14T14:04:23Z</time>
   </trkpt>
   <trkpt lat="22.5770800" lon="88.3603460">
    <ele>9.3</ele>
    <time>2026-03-14T14:04:24Z</time>
   </trkpt>
   <trkpt lat="22.5770960" lon="88.3603520">
    <ele>9.3</ele>
    <time>2026-03-14T14:04:25Z</time>
   </trkpt>
   <trkpt lat="22.5771110" lon="88.3603660">
    <ele>9.3</ele>
    <time>2026-03-14T14:04:26Z</time>
   </trkpt>
   <trkpt lat="22.5771270" lon="88.3603720">
    <ele>9.3</ele>
    <time>2026-03-14T14:04:27Z</time>
   </trkpt>
   <trkpt lat="22.5771340" lon="88.3603760">
    <ele>9.3</ele>
    <time>2026-03-14T14:04:28Z</time>
   </trkpt>
   <trkpt lat="22.5771440" lon="88.3603790">
    <ele>9.3</ele>
    <time>2026-03-14T14:04:29Z</time>
   </trkpt>
   <trkpt lat="22.5771650" lon="88.3603880">
    <ele>9.3</ele>
    <time>2026-03-14T14:04:30Z</time>
   </trkpt>
   <trkpt lat="22.5771740" lon="88.3603900">
    <ele>9.3</ele>
    <time>2026-03-14T14:04:31Z</time>
   </trkpt>
   <trkpt lat="22.5771830" lon="88.3603930">
    <ele>9.3</ele>
    <time>2026-03-14T14:04:32Z</time>
   </trkpt>
   <trkpt lat="22.5771960" lon="88.3604010">
    <ele>9.3</ele>
    <time>2026-03-14T14:04:33Z</time>
   </trkpt>
   <trkpt lat="22.5772130" lon="88.3604010">
    <ele>9.3</ele>
    <time>2026-03-14T14:04:34Z</time>
   </trkpt>
   <trkpt lat="22.5772250" lon="88.3604030">
    <ele>9.3</ele>
    <time>2026-03-14T14:04:35Z</time>
   </trkpt>
   <trkpt lat="22.5772370" lon="88.3604080">
    <ele>9.3</ele>
    <time>2026-03-14T14:04:36Z</time>
   </trkpt>
   <trkpt lat="22.5772410" lon="88.3604090">
    <ele>9.3</ele>
    <time>2026-03-14T14:04:37Z</time>
   </trkpt>
   <trkpt lat="22.5772490" lon="88.3603920">
    <ele>9.3</ele>
    <time>2026-03-14T14:04:38Z</time>
   </trkpt>
   <trkpt lat="22.5772590" lon="88.3603800">
    <ele>9.3</ele>
    <time>2026-03-14T14:04:39Z</time>
   </trkpt>
   <trkpt lat="22.5772680" lon="88.3603670">
    <ele>9.3</ele>
    <time>2026-03-14T14:04:40Z</time>
   </trkpt>
   <trkpt lat="22.5772790" lon="88.3603660">
    <ele>9.3</ele>
    <time>2026-03-14T14:04:41Z</time>
   </trkpt>
   <trkpt lat="22.5772850" lon="88.3603820">
    <ele>9.3</ele>
    <time>2026-03-14T14:04:42Z</time>
   </trkpt>
   <trkpt lat="22.5772960" lon="88.3603880">
    <ele>9.3</ele>
    <time>2026-03-14T14:04:43Z</time>
   </trkpt>
   <trkpt lat="22.5773200" lon="88.3604010">
    <ele>9.3</ele>
    <time>2026-03-14T14:04:44Z</time>
   </trkpt>
   <trkpt lat="22.5773240" lon="88.3604040">
    <ele>9.3</ele>
    <time>2026-03-14T14:04:45Z</time>
   </trkpt>
   <trkpt lat="22.5773270" lon="88.3604080">
    <ele>9.3</ele>
    <time>2026-03-14T14:04:46Z</time>
   </trkpt>
   <trkpt lat="22.5773360" lon="88.3604070">
    <ele>9.4</ele>
    <time>2026-03-14T14:04:47Z</time>
   </trkpt>
   <trkpt lat="22.5773600" lon="88.3604200">
    <ele>9.4</ele>
    <time>2026-03-14T14:04:48Z</time>
   </trkpt>
   <trkpt lat="22.5773750" lon="88.3604240">
    <ele>9.4</ele>
    <time>2026-03-14T14:04:49Z</time>
   </trkpt>
   <trkpt lat="22.5773900" lon="88.3604260">
    <ele>9.4</ele>
    <time>2026-03-14T14:04:50Z</time>
   </trkpt>
   <trkpt lat="22.5774130" lon="88.3604390">
    <ele>9.4</ele>
    <time>2026-03-14T14:04:51Z</time>
   </trkpt>
   <trkpt lat="22.5774210" lon="88.3604430">
    <ele>9.4</ele>
    <time>2026-03-14T14:04:52Z</time>
   </trkpt>
   <trkpt lat="22.5774390" lon="88.3604560">
    <ele>9.4</ele>
    <time>2026-03-14T14:04:53Z</time>
   </trkpt>
   <trkpt lat="22.5774470" lon="88.3604580">
    <ele>9.4</ele>
    <time>2026-03-14T14:04:54Z</time>
   </trkpt>
   <trkpt lat="22.5774550" lon="88.3604590">
    <ele>9.4</ele>
    <time>2026-03-14T14:04:55Z</time>
   </trkpt>
   <trkpt lat="22.5774690" lon="88.3604680">
    <ele>9.4</ele>
    <time>2026-03-14T14:04:56Z</time>
   </trkpt>
   <trkpt lat="22.5774890" lon="88.3604710">
    <ele>9.4</ele>
    <time>2026-03-14T14:04:57Z</time>
   </trkpt>
   <trkpt lat="22.5775000" lon="88.3604760">
    <ele>9.4</ele>
    <time>2026-03-14T14:04:58Z</time>
   </trkpt>
   <trkpt lat="22.5774990" lon="88.3604780">
    <ele>9.4</ele>
    <time>2026-03-14T14:04:59Z</time>
   </trkpt>
   <trkpt lat="22.5775180" lon="88.3604800">
    <ele>9.4</ele>
    <time>2026-03-14T14:05:00Z</time>
   </trkpt>
   <trkpt lat="22.5775280" lon="88.3604860">
    <ele>9.4</ele>
    <time>2026-03-14T14:05:01Z</time>
   </trkpt>
   <trkpt lat="22.5775430" lon="88.3604930">
    <ele>9.4</ele>
    <time>2026-03-14T14:05:02Z</time>
   </trkpt>
   <trkpt lat="22.5775520" lon="88.3604960">
    <ele>9.4</ele>
    <time>2026-03-14T14:05:03Z</time>
   </trkpt>
   <trkpt lat="22.5775580" lon="88.3604940">
    <ele>9.4</ele>
    <time>2026-03-14T14:05:04Z</time>
   </trkpt>
   <trkpt lat="22.5775700" lon="88.3604880">
    <ele>9.4</ele>
    <time>2026-03-14T14:05:05Z</time>
   </trkpt>
   <trkpt lat="22.5776000" lon="88.3604900">
    <ele>9.4</ele>
    <time>2026-03-14T14:05:06Z</time>
   </trkpt>
   <trkpt lat="22.5776080" lon="88.3604930">
    <ele>9.4</ele>
    <time>2026-03-14T14:05:07Z</time>
   </trkpt>
   <trkpt lat="22.5776200" lon="88.3604950">
    <ele>9.4</ele>
    <time>2026-03-14T14:05:08Z</time>
   </trkpt>
   <trkpt lat="22.5776220" lon="88.3604950">
    <ele>9.4</ele>
    <time>2026-03-14T14:05:09Z</time>
   </trkpt>
   <trkpt lat="22.5776280" lon="88.3604920">
    <ele>9.4</ele>
    <time>2026-03-14T14:05:10Z</time>
   </trkpt>
   <trkpt lat="22.5776380" lon="88.3604890">
    <ele>9.4</ele>
    <time>2026-03-14T14:05:11Z</time>
   </trkpt>
   <trkpt lat="22.5776620" lon="88.3604970">
    <ele>9.4</ele>
    <time>2026-03-14T14:05:12Z</time>
   </trkpt>
   <trkpt lat="22.5776660" lon="88.3604970">
    <ele>9.4</ele>
    <time>2026-03-14T14:05:13Z</time>
   </trkpt>
   <trkpt lat="22.5776690" lon="88.3604980">
    <ele>9.4</ele>
    <time>2026-03-14T14:05:14Z</time>
   </trkpt>
   <trkpt lat="22.5776730" lon="88.3604980">
    <ele>9.4</ele>
    <time>2026-03-14T14:05:15Z</time>
   </trkpt>
   <trkpt lat="22.5776770" lon="88.3604980">
    <ele>9.4</ele>
    <time>2026-03-14T14:05:16Z</time>
   </trkpt>
   <trkpt lat="22.5776880" lon="88.3605100">
    <ele>9.4</ele>
    <time>2026-03-14T14:05:17Z</time>
   </trkpt>
   <trkpt lat="22.5777060" lon="88.3605200">
    <ele>9.4</ele>
    <time>2026-03-14T14:05:18Z</time>
   </trkpt>
   <trkpt lat="22.5777110" lon="88.3605230">
    <ele>9.4</ele>
    <time>2026-03-14T14:05:19Z</time>
   </trkpt>
   <trkpt lat="22.5777210" lon="88.3605270">
    <ele>9.4</ele>
    <time>2026-03-14T14:05:20Z</time>
   </trkpt>
   <trkpt lat="22.5777300" lon="88.3605320">
    <ele>9.4</ele>
    <time>2026-03-14T14:05:21Z</time>
   </trkpt>
   <trkpt lat="22.5777400" lon="88.3605360">
    <ele>9.4</ele>
    <time>2026-03-14T14:05:22Z</time>
   </trkpt>
   <trkpt lat="22.5777580" lon="88.3605330">
    <ele>9.3</ele>
    <time>2026-03-14T14:05:23Z</time>
   </trkpt>
   <trkpt lat="22.5777690" lon="88.3605340">
    <ele>9.3</ele>
    <time>2026-03-14T14:05:24Z</time>
   </trkpt>
   <trkpt lat="22.5777800" lon="88.3605340">
    <ele>9.3</ele>
    <time>2026-03-14T14:05:25Z</time>
   </trkpt>
   <trkpt lat="22.5778100" lon="88.3605270">
    <ele>9.3</ele>
    <time>2026-03-14T14:05:26Z</time>
   </trkpt>
   <trkpt lat="22.5778260" lon="88.3605260">
    <ele>9.3</ele>
    <time>2026-03-14T14:05:27Z</time>
   </trkpt>
   <trkpt lat="22.5778220" lon="88.3605510">
    <ele>9.3</ele>
    <time>2026-03-14T14:05:28Z</time>
   </trkpt>
   <trkpt lat="22.5778340" lon="88.3605510">
    <ele>9.3</ele>
    <time>2026-03-14T14:05:29Z</time>
   </trkpt>
   <trkpt lat="22.5778420" lon="88.3605570">
    <ele>9.3</ele>
    <time>2026-03-14T14:05:30Z</time>
   </trkpt>
   <trkpt lat="22.5778520" lon="88.3605620">
    <ele>9.3</ele>
    <time>2026-03-14T14:05:31Z</time>
   </trkpt>
   <trkpt lat="22.5778650" lon="88.3605680">
    <ele>9.3</ele>
    <time>2026-03-14T14:05:32Z</time>
   </trkpt>
   <trkpt lat="22.5778840" lon="88.3605710">
    <ele>9.3</ele>
    <time>2026-03-14T14:05:33Z</time>
   </trkpt>
   <trkpt lat="22.5778930" lon="88.3605720">
    <ele>9.4</ele>
    <time>2026-03-14T14:05:34Z</time>
   </trkpt>
   <trkpt lat="22.5779010" lon="88.3605720">
    <ele>9.4</ele>
    <time>2026-03-14T14:05:35Z</time>
   </trkpt>
   <trkpt lat="22.5779170" lon="88.3605740">
    <ele>9.4</ele>
    <time>2026-03-14T14:05:36Z</time>
   </trkpt>
   <trkpt lat="22.5779280" lon="88.3605770">
    <ele>9.4</ele>
    <time>2026-03-14T14:05:37Z</time>
   </trkpt>
   <trkpt lat="22.5779370" lon="88.3605810">
    <ele>9.4</ele>
    <time>2026-03-14T14:05:38Z</time>
   </trkpt>
   <trkpt lat="22.5779500" lon="88.3605860">
    <ele>9.4</ele>
    <time>2026-03-14T14:05:39Z</time>
   </trkpt>
   <trkpt lat="22.5779610" lon="88.3605940">
    <ele>9.4</ele>
    <time>2026-03-14T14:05:40Z</time>
   </trkpt>
   <trkpt lat="22.5779690" lon="88.3605980">
    <ele>9.4</ele>
    <time>2026-03-14T14:05:41Z</time>
   </trkpt>
   <trkpt lat="22.5779790" lon="88.3606040">
    <ele>9.4</ele>
    <time>2026-03-14T14:05:42Z</time>
   </trkpt>
   <trkpt lat="22.5779890" lon="88.3606050">
    <ele>9.4</ele>
    <time>2026-03-14T14:05:43Z</time>
   </trkpt>
   <trkpt lat="22.5780050" lon="88.3606100">
    <ele>9.4</ele>
    <time>2026-03-14T14:05:44Z</time>
   </trkpt>
   <trkpt lat="22.5780130" lon="88.3606120">
    <ele>9.4</ele>
    <time>2026-03-14T14:05:45Z</time>
   </trkpt>
   <trkpt lat="22.5780220" lon="88.3606140">
    <ele>9.4</ele>
    <time>2026-03-14T14:05:46Z</time>
   </trkpt>
   <trkpt lat="22.5780310" lon="88.3606220">
    <ele>9.4</ele>
    <time>2026-03-14T14:05:47Z</time>
   </trkpt>
   <trkpt lat="22.5780420" lon="88.3606270">
    <ele>9.4</ele>
    <time>2026-03-14T14:05:48Z</time>
   </trkpt>
   <trkpt lat="22.5780540" lon="88.3606300">
    <ele>9.4</ele>
    <time>2026-03-14T14:05:49Z</time>
   </trkpt>
   <trkpt lat="22.5780640" lon="88.3606360">
    <ele>9.4</ele>
    <time>2026-03-14T14:05:50Z</time>
   </trkpt>
   <trkpt lat="22.5780700" lon="88.3606400">
    <ele>9.4</ele>
    <time>2026-03-14T14:05:51Z</time>
   </trkpt>
   <trkpt lat="22.5780740" lon="88.3606440">
    <ele>9.4</ele>
    <time>2026-03-14T14:05:52Z</time>
   </trkpt>
   <trkpt lat="22.5780690" lon="88.3606430">
    <ele>9.4</ele>
    <time>2026-03-14T14:05:53Z</time>
   </trkpt>
   <trkpt lat="22.5780820" lon="88.3606520">
    <ele>9.4</ele>
    <time>2026-03-14T14:05:54Z</time>
   </trkpt>
   <trkpt lat="22.5781000" lon="88.3606580">
    <ele>9.4</ele>
    <time>2026-03-14T14:05:55Z</time>
   </trkpt>
   <trkpt lat="22.5781130" lon="88.3606640">
    <ele>9.5</ele>
    <time>2026-03-14T14:05:56Z</time>
   </trkpt>
   <trkpt lat="22.5781220" lon="88.3606650">
    <ele>9.5</ele>
    <time>2026-03-14T14:05:57Z</time>
   </trkpt>
   <trkpt lat="22.5781330" lon="88.3606650">
    <ele>9.5</ele>
    <time>2026-03-14T14:05:58Z</time>
   </trkpt>
   <trkpt lat="22.5781410" lon="88.3606630">
    <ele>9.5</ele>
    <time>2026-03-14T14:05:59Z</time>
   </trkpt>
   <trkpt lat="22.5781490" lon="88.3606640">
    <ele>9.5</ele>
    <time>2026-03-14T14:06:00Z</time>
   </trkpt>
   <trkpt lat="22.5781650" lon="88.3606740">
    <ele>9.5</ele>
    <time>2026-03-14T14:06:01Z</time>
   </trkpt>
   <trkpt lat="22.5781730" lon="88.3606750">
    <ele>9.5</ele>
    <time>2026-03-14T14:06:02Z</time>
   </trkpt>
   <trkpt lat="22.5781850" lon="88.3606710">
    <ele>9.5</ele>
    <time>2026-03-14T14:06:03Z</time>
   </trkpt>
   <trkpt lat="22.5781980" lon="88.3606710">
    <ele>9.5</ele>
    <time>2026-03-14T14:06:04Z</time>
   </trkpt>
   <trkpt lat="22.5782040" lon="88.3606790">
    <ele>9.5</ele>
    <time>2026-03-14T14:06:05Z</time>
   </trkpt>
   <trkpt lat="22.5782110" lon="88.3606800">
    <ele>9.5</ele>
    <time>2026-03-14T14:06:06Z</time>
   </trkpt>
   <trkpt lat="22.5782240" lon="88.3606790">
    <ele>9.5</ele>
    <time>2026-03-14T14:06:07Z</time>
   </trkpt>
   <trkpt lat="22.5782330" lon="88.3606870">
    <ele>9.5</ele>
    <time>2026-03-14T14:06:08Z</time>
   </trkpt>
   <trkpt lat="22.5782440" lon="88.3606930">
    <ele>9.5</ele>
    <time>2026-03-14T14:06:09Z</time>
   </trkpt>
   <trkpt lat="22.5782510" lon="88.3606950">
    <ele>9.5</ele>
    <time>2026-03-14T14:06:10Z</time>
   </trkpt>
   <trkpt lat="22.5782590" lon="88.3606980">
    <ele>9.5</ele>
    <time>2026-03-14T14:06:11Z</time>
   </trkpt>
   <trkpt lat="22.5782690" lon="88.3607050">
    <ele>9.6</ele>
    <time>2026-03-14T14:06:12Z</time>
   </trkpt>
   <trkpt lat="22.5782810" lon="88.3607080">
    <ele>9.6</ele>
    <time>2026-03-14T14:06:13Z</time>
   </trkpt>
   <trkpt lat="22.5782950" lon="88.3607050">
    <ele>9.6</ele>
    <time>2026-03-14T14:06:14Z</time>
   </trkpt>
   <trkpt lat="22.5783070" lon="88.3607060">
    <ele>9.6</ele>
    <time>2026-03-14T14:06:15Z</time>
   </trkpt>
   <trkpt lat="22.5783140" lon="88.3607060">
    <ele>9.6</ele>
    <time>2026-03-14T14:06:16Z</time>
   </trkpt>
   <trkpt lat="22.5783210" lon="88.3607100">
    <ele>9.6</ele>
    <time>2026-03-14T14:06:17Z</time>
   </trkpt>
   <trkpt lat="22.5783310" lon="88.3607090">
    <ele>9.6</ele>
    <time>2026-03-14T14:06:18Z</time>
   </trkpt>
   <trkpt lat="22.5783410" lon="88.3607090">
    <ele>9.6</ele>
    <time>2026-03-14T14:06:19Z</time>
   </trkpt>
   <trkpt lat="22.5783540" lon="88.3607040">
    <ele>9.6</ele>
    <time>2026-03-14T14:06:20Z</time>
   </trkpt>
   <trkpt lat="22.5783650" lon="88.3607010">
    <ele>9.6</ele>
    <time>2026-03-14T14:06:21Z</time>
   </trkpt>
   <trkpt lat="22.5783740" lon="88.3607020">
    <ele>9.6</ele>
    <time>2026-03-14T14:06:22Z</time>
   </trkpt>
   <trkpt lat="22.5783790" lon="88.3607080">
    <ele>9.6</ele>
    <time>2026-03-14T14:06:23Z</time>
   </trkpt>
   <trkpt lat="22.5783890" lon="88.3607130">
    <ele>9.6</ele>
    <time>2026-03-14T14:06:24Z</time>
   </trkpt>
   <trkpt lat="22.5783990" lon="88.3607140">
    <ele>9.6</ele>
    <time>2026-03-14T14:06:25Z</time>
   </trkpt>
   <trkpt lat="22.5784060" lon="88.3607200">
    <ele>9.6</ele>
    <time>2026-03-14T14:06:26Z</time>
   </trkpt>
   <trkpt lat="22.5784140" lon="88.3607240">
    <ele>9.6</ele>
    <time>2026-03-14T14:06:27Z</time>
   </trkpt>
   <trkpt lat="22.5784240" lon="88.3607300">
    <ele>9.7</ele>
    <time>2026-03-14T14:06:28Z</time>
   </trkpt>
   <trkpt lat="22.5784310" lon="88.3607360">
    <ele>9.7</ele>
    <time>2026-03-14T14:06:29Z</time>
   </trkpt>
   <trkpt lat="22.5784410" lon="88.3607450">
    <ele>9.7</ele>
    <time>2026-03-14T14:06:30Z</time>
   </trkpt>
   <trkpt lat="22.5784520" lon="88.3607440">
    <ele>9.7</ele>
    <time>2026-03-14T14:06:31Z</time>
   </trkpt>
   <trkpt lat="22.5784620" lon="88.3607410">
    <ele>9.7</ele>
    <time>2026-03-14T14:06:32Z</time>
   </trkpt>
   <trkpt lat="22.5784730" lon="88.3607390">
    <ele>9.7</ele>
    <time>2026-03-14T14:06:33Z</time>
   </trkpt>
   <trkpt lat="22.5784830" lon="88.3607390">
    <ele>9.7</ele>
    <time>2026-03-14T14:06:34Z</time>
   </trkpt>
   <trkpt lat="22.5784920" lon="88.3607410">
    <ele>9.7</ele>
    <time>2026-03-14T14:06:35Z</time>
   </trkpt>
   <trkpt lat="22.5785000" lon="88.3607440">
    <ele>9.7</ele>
    <time>2026-03-14T14:06:36Z</time>
   </trkpt>
   <trkpt lat="22.5785100" lon="88.3607560">
    <ele>9.7</ele>
    <time>2026-03-14T14:06:37Z</time>
   </trkpt>
   <trkpt lat="22.5785140" lon="88.3607640">
    <ele>9.7</ele>
    <time>2026-03-14T14:06:38Z</time>
   </trkpt>
   <trkpt lat="22.5785280" lon="88.3607670">
    <ele>9.7</ele>
    <time>2026-03-14T14:06:39Z</time>
   </trkpt>
   <trkpt lat="22.5785390" lon="88.3607760">
    <ele>9.7</ele>
    <time>2026-03-14T14:06:40Z</time>
   </trkpt>
   <trkpt lat="22.5785600" lon="88.3607780">
    <ele>9.7</ele>
    <time>2026-03-14T14:06:41Z</time>
   </trkpt>
   <trkpt lat="22.5785700" lon="88.3607790">
    <ele>9.7</ele>
    <time>2026-03-14T14:06:42Z</time>
   </trkpt>
   <trkpt lat="22.5785810" lon="88.3607800">
    <ele>9.7</ele>
    <time>2026-03-14T14:06:43Z</time>
   </trkpt>
   <trkpt lat="22.5785890" lon="88.3607940">
    <ele>9.7</ele>
    <time>2026-03-14T14:06:44Z</time>
   </trkpt>
   <trkpt lat="22.5785990" lon="88.3608080">
    <ele>9.7</ele>
    <time>2026-03-14T14:06:45Z</time>
   </trkpt>
   <trkpt lat="22.5786130" lon="88.3608170">
    <ele>9.7</ele>
    <time>2026-03-14T14:06:46Z</time>
   </trkpt>
   <trkpt lat="22.5786250" lon="88.3608260">
    <ele>9.7</ele>
    <time>2026-03-14T14:06:47Z</time>
   </trkpt>
   <trkpt lat="22.5786430" lon="88.3608410">
    <ele>9.7</ele>
    <time>2026-03-14T14:06:48Z</time>
   </trkpt>
   <trkpt lat="22.5786520" lon="88.3608440">
    <ele>9.7</ele>
    <time>2026-03-14T14:06:49Z</time>
   </trkpt>
   <trkpt lat="22.5786610" lon="88.3608480">
    <ele>9.7</ele>
    <time>2026-03-14T14:06:50Z</time>
   </trkpt>
   <trkpt lat="22.5786820" lon="88.3608550">
    <ele>9.7</ele>
    <time>2026-03-14T14:06:51Z</time>
   </trkpt>
   <trkpt lat="22.5786920" lon="88.3608550">
    <ele>9.7</ele>
    <time>2026-03-14T14:06:52Z</time>
   </trkpt>
   <trkpt lat="22.5787010" lon="88.3608560">
    <ele>9.7</ele>
    <time>2026-03-14T14:06:53Z</time>
   </trkpt>
   <trkpt lat="22.5787130" lon="88.3608560">
    <ele>9.7</ele>
    <time>2026-03-14T14:06:54Z</time>
   </trkpt>
   <trkpt lat="22.5787150" lon="88.3608490">
    <ele>9.7</ele>
    <time>2026-03-14T14:06:55Z</time>
   </trkpt>
   <trkpt lat="22.5787290" lon="88.3608450">
    <ele>9.7</ele>
    <time>2026-03-14T14:06:56Z</time>
   </trkpt>
   <trkpt lat="22.5787410" lon="88.3608430">
    <ele>9.7</ele>
    <time>2026-03-14T14:06:57Z</time>
   </trkpt>
   <trkpt lat="22.5787520" lon="88.3608470">
    <ele>9.7</ele>
    <time>2026-03-14T14:06:58Z</time>
   </trkpt>
   <trkpt lat="22.5787580" lon="88.3608510">
    <ele>9.7</ele>
    <time>2026-03-14T14:06:59Z</time>
   </trkpt>
   <trkpt lat="22.5787780" lon="88.3608470">
    <ele>9.8</ele>
    <time>2026-03-14T14:07:00Z</time>
   </trkpt>
   <trkpt lat="22.5787860" lon="88.3608470">
    <ele>9.8</ele>
    <time>2026-03-14T14:07:01Z</time>
   </trkpt>
   <trkpt lat="22.5787950" lon="88.3608470">
    <ele>9.8</ele>
    <time>2026-03-14T14:07:02Z</time>
   </trkpt>
   <trkpt lat="22.5788060" lon="88.3608490">
    <ele>9.8</ele>
    <time>2026-03-14T14:07:03Z</time>
   </trkpt>
   <trkpt lat="22.5788130" lon="88.3608470">
    <ele>9.8</ele>
    <time>2026-03-14T14:07:04Z</time>
   </trkpt>
   <trkpt lat="22.5788220" lon="88.3608450">
    <ele>9.7</ele>
    <time>2026-03-14T14:07:05Z</time>
   </trkpt>
   <trkpt lat="22.5788210" lon="88.3608480">
    <ele>9.7</ele>
    <time>2026-03-14T14:07:06Z</time>
   </trkpt>
   <trkpt lat="22.5788250" lon="88.3608490">
    <ele>9.7</ele>
    <time>2026-03-14T14:07:07Z</time>
   </trkpt>
   <trkpt lat="22.5788330" lon="88.3608430">
    <ele>9.7</ele>
    <time>2026-03-14T14:07:08Z</time>
   </trkpt>
   <trkpt lat="22.5788450" lon="88.3608500">
    <ele>9.7</ele>
    <time>2026-03-14T14:07:09Z</time>
   </trkpt>
   <trkpt lat="22.5788490" lon="88.3608490">
    <ele>9.7</ele>
    <time>2026-03-14T14:07:10Z</time>
   </trkpt>
   <trkpt lat="22.5788500" lon="88.3608490">
    <ele>9.7</ele>
    <time>2026-03-14T14:07:11Z</time>
   </trkpt>
   <trkpt lat="22.5788520" lon="88.3608510">
    <ele>9.7</ele>
    <time>2026-03-14T14:07:12Z</time>
   </trkpt>
   <trkpt lat="22.5788710" lon="88.3608560">
    <ele>9.7</ele>
    <time>2026-03-14T14:07:13Z</time>
   </trkpt>
   <trkpt lat="22.5788760" lon="88.3608550">
    <ele>9.7</ele>
    <time>2026-03-14T14:07:14Z</time>
   </trkpt>
   <trkpt lat="22.5788790" lon="88.3608540">
    <ele>9.7</ele>
    <time>2026-03-14T14:07:15Z</time>
   </trkpt>
   <trkpt lat="22.5789000" lon="88.3608590">
    <ele>9.7</ele>
    <time>2026-03-14T14:07:16Z</time>
   </trkpt>
   <trkpt lat="22.5789090" lon="88.3608590">
    <ele>9.7</ele>
    <time>2026-03-14T14:07:17Z</time>
   </trkpt>
   <trkpt lat="22.5789190" lon="88.3608600">
    <ele>9.7</ele>
    <time>2026-03-14T14:07:18Z</time>
   </trkpt>
   <trkpt lat="22.5789270" lon="88.3608570">
    <ele>9.7</ele>
    <time>2026-03-14T14:07:19Z</time>
   </trkpt>
   <trkpt lat="22.5789480" lon="88.3608650">
    <ele>9.7</ele>
    <time>2026-03-14T14:07:20Z</time>
   </trkpt>
   <trkpt lat="22.5789550" lon="88.3608770">
    <ele>9.7</ele>
    <time>2026-03-14T14:07:21Z</time>
   </trkpt>
   <trkpt lat="22.5789680" lon="88.3608800">
    <ele>9.7</ele>
    <time>2026-03-14T14:07:22Z</time>
   </trkpt>
   <trkpt lat="22.5789720" lon="88.3608860">
    <ele>9.7</ele>
    <time>2026-03-14T14:07:23Z</time>
   </trkpt>
   <trkpt lat="22.5789790" lon="88.3608860">
    <ele>9.7</ele>
    <time>2026-03-14T14:07:24Z</time>
   </trkpt>
   <trkpt lat="22.5789850" lon="88.3608910">
    <ele>9.7</ele>
    <time>2026-03-14T14:07:25Z</time>
   </trkpt>
   <trkpt lat="22.5789940" lon="88.3609060">
    <ele>9.7</ele>
    <time>2026-03-14T14:07:26Z</time>
   </trkpt>
   <trkpt lat="22.5790080" lon="88.3609170">
    <ele>9.7</ele>
    <time>2026-03-14T14:07:27Z</time>
   </trkpt>
   <trkpt lat="22.5790230" lon="88.3609210">
    <ele>9.7</ele>
    <time>2026-03-14T14:07:28Z</time>
   </trkpt>
   <trkpt lat="22.5790400" lon="88.3609250">
    <ele>9.7</ele>
    <time>2026-03-14T14:07:29Z</time>
   </trkpt>
   <trkpt lat="22.5790460" lon="88.3609270">
    <ele>9.7</ele>
    <time>2026-03-14T14:07:30Z</time>
   </trkpt>
   <trkpt lat="22.5790510" lon="88.3609300">
    <ele>9.7</ele>
    <time>2026-03-14T14:07:31Z</time>
   </trkpt>
   <trkpt lat="22.5790570" lon="88.3609320">
    <ele>9.7</ele>
    <time>2026-03-14T14:07:32Z</time>
   </trkpt>
   <trkpt lat="22.5790620" lon="88.3609340">
    <ele>9.7</ele>
    <time>2026-03-14T14:07:33Z</time>
   </trkpt>
   <trkpt lat="22.5790770" lon="88.3609370">
    <ele>9.7</ele>
    <time>2026-03-14T14:07:34Z</time>
   </trkpt>
   <trkpt lat="22.5790920" lon="88.3609370">
    <ele>9.7</ele>
    <time>2026-03-14T14:07:35Z</time>
   </trkpt>
   <trkpt lat="22.5791160" lon="88.3609370">
    <ele>9.6</ele>
    <time>2026-03-14T14:07:36Z</time>
   </trkpt>
   <trkpt lat="22.5791230" lon="88.3609390">
    <ele>9.6</ele>
    <time>2026-03-14T14:07:37Z</time>
   </trkpt>
   <trkpt lat="22.5791310" lon="88.3609410">
    <ele>9.6</ele>
    <time>2026-03-14T14:07:38Z</time>
   </trkpt>
   <trkpt lat="22.5791470" lon="88.3609470">
    <ele>9.6</ele>
    <time>2026-03-14T14:07:39Z</time>
   </trkpt>
   <trkpt lat="22.5791530" lon="88.3609470">
    <ele>9.6</ele>
    <time>2026-03-14T14:07:40Z</time>
   </trkpt>
   <trkpt lat="22.5791650" lon="88.3609450">
    <ele>9.6</ele>
    <time>2026-03-14T14:07:41Z</time>
   </trkpt>
   <trkpt lat="22.5791870" lon="88.3609550">
    <ele>9.6</ele>
    <time>2026-03-14T14:07:42Z</time>
   </trkpt>
   <trkpt lat="22.5791950" lon="88.3609600">
    <ele>9.6</ele>
    <time>2026-03-14T14:07:43Z</time>
   </trkpt>
   <trkpt lat="22.5792030" lon="88.3609660">
    <ele>9.6</ele>
    <time>2026-03-14T14:07:44Z</time>
   </trkpt>
   <trkpt lat="22.5792230" lon="88.3609830">
    <ele>9.6</ele>
    <time>2026-03-14T14:07:45Z</time>
   </trkpt>
   <trkpt lat="22.5792330" lon="88.3609870">
    <ele>9.6</ele>
    <time>2026-03-14T14:07:46Z</time>
   </trkpt>
   <trkpt lat="22.5792390" lon="88.3610040">
    <ele>9.6</ele>
    <time>2026-03-14T14:07:47Z</time>
   </trkpt>
   <trkpt lat="22.5792470" lon="88.3610050">
    <ele>9.6</ele>
    <time>2026-03-14T14:07:48Z</time>
   </trkpt>
   <trkpt lat="22.5792580" lon="88.3610050">
    <ele>9.6</ele>
    <time>2026-03-14T14:07:49Z</time>
   </trkpt>
   <trkpt lat="22.5792770" lon="88.3609930">
    <ele>9.6</ele>
    <time>2026-03-14T14:07:50Z</time>
   </trkpt>
   <trkpt lat="22.5792800" lon="88.3609820">
    <ele>9.6</ele>
    <time>2026-03-14T14:07:51Z</time>
   </trkpt>
   <trkpt lat="22.5792820" lon="88.3609710">
    <ele>9.6</ele>
    <time>2026-03-14T14:07:52Z</time>
   </trkpt>
   <trkpt lat="22.5792950" lon="88.3609610">
    <ele>9.6</ele>
    <time>2026-03-14T14:07:53Z</time>
   </trkpt>
   <trkpt lat="22.5793070" lon="88.3609840">
    <ele>9.6</ele>
    <time>2026-03-14T14:07:54Z</time>
   </trkpt>
   <trkpt lat="22.5793230" lon="88.3609980">
    <ele>9.6</ele>
    <time>2026-03-14T14:07:55Z</time>
   </trkpt>
   <trkpt lat="22.5793300" lon="88.3610040">
    <ele>9.6</ele>
    <time>2026-03-14T14:07:56Z</time>
   </trkpt>
   <trkpt lat="22.5793390" lon="88.3610080">
    <ele>9.6</ele>
    <time>2026-03-14T14:07:57Z</time>
   </trkpt>
   <trkpt lat="22.5793420" lon="88.3610110">
    <ele>9.6</ele>
    <time>2026-03-14T14:07:58Z</time>
   </trkpt>
   <trkpt lat="22.5793580" lon="88.3610190">
    <ele>9.5</ele>
    <time>2026-03-14T14:07:59Z</time>
   </trkpt>
   <trkpt lat="22.5793640" lon="88.3610210">
    <ele>9.5</ele>
    <time>2026-03-14T14:08:00Z</time>
   </trkpt>
   <trkpt lat="22.5793740" lon="88.3610300">
    <ele>9.5</ele>
    <time>2026-03-14T14:08:01Z</time>
   </trkpt>
   <trkpt lat="22.5793860" lon="88.3610370">
    <ele>9.5</ele>
    <time>2026-03-14T14:08:02Z</time>
   </trkpt>
   <trkpt lat="22.5793910" lon="88.3610420">
    <ele>9.5</ele>
    <time>2026-03-14T14:08:03Z</time>
   </trkpt>
   <trkpt lat="22.5793980" lon="88.3610430">
    <ele>9.5</ele>
    <time>2026-03-14T14:08:04Z</time>
   </trkpt>
   <trkpt lat="22.5794140" lon="88.3610450">
    <ele>9.5</ele>
    <time>2026-03-14T14:08:05Z</time>
   </trkpt>
   <trkpt lat="22.5794260" lon="88.3610640">
    <ele>9.5</ele>
    <time>2026-03-14T14:08:06Z</time>
   </trkpt>
   <trkpt lat="22.5794410" lon="88.3610700">
    <ele>9.5</ele>
    <time>2026-03-14T14:08:07Z</time>
   </trkpt>
   <trkpt lat="22.5794540" lon="88.3610740">
    <ele>9.5</ele>
    <time>2026-03-14T14:08:08Z</time>
   </trkpt>
   <trkpt lat="22.5794690" lon="88.3610760">
    <ele>9.5</ele>
    <time>2026-03-14T14:08:09Z</time>
   </trkpt>
   <trkpt lat="22.5794800" lon="88.3610690">
    <ele>9.5</ele>
    <time>2026-03-14T14:08:10Z</time>
   </trkpt>
   <trkpt lat="22.5794790" lon="88.3610690">
    <ele>9.5</ele>
    <time>2026-03-14T14:08:11Z</time>
   </trkpt>
   <trkpt lat="22.5794910" lon="88.3610700">
    <ele>9.5</ele>
    <time>2026-03-14T14:08:12Z</time>
   </trkpt>
   <trkpt lat="22.5795010" lon="88.3610720">
    <ele>9.5</ele>
    <time>2026-03-14T14:08:13Z</time>
   </trkpt>
   <trkpt lat="22.5795120" lon="88.3610880">
    <ele>9.5</ele>
    <time>2026-03-14T14:08:14Z</time>
   </trkpt>
   <trkpt lat="22.5795240" lon="88.3610870">
    <ele>9.5</ele>
    <time>2026-03-14T14:08:15Z</time>
   </trkpt>
   <trkpt lat="22.5795350" lon="88.3610850">
    <ele>9.6</ele>
    <time>2026-03-14T14:08:16Z</time>
   </trkpt>
   <trkpt lat="22.5795440" lon="88.3610880">
    <ele>9.6</ele>
    <time>2026-03-14T14:08:17Z</time>
   </trkpt>
   <trkpt lat="22.5795600" lon="88.3610900">
    <ele>9.6</ele>
    <time>2026-03-14T14:08:18Z</time>
   </trkpt>
   <trkpt lat="22.5795660" lon="88.3610950">
    <ele>9.6</ele>
    <time>2026-03-14T14:08:19Z</time>
   </trkpt>
   <trkpt lat="22.5795750" lon="88.3610960">
    <ele>9.6</ele>
    <time>2026-03-14T14:08:20Z</time>
   </trkpt>
   <trkpt lat="22.5795770" lon="88.3610910">
    <ele>9.6</ele>
    <time>2026-03-14T14:08:21Z</time>
   </trkpt>
   <trkpt lat="22.5795890" lon="88.3610900">
    <ele>9.6</ele>
    <time>2026-03-14T14:08:22Z</time>
   </trkpt>
   <trkpt lat="22.5795950" lon="88.3610880">
    <ele>9.6</ele>
    <time>2026-03-14T14:08:23Z</time>
   </trkpt>
   <trkpt lat="22.5796120" lon="88.3610970">
    <ele>9.6</ele>
    <time>2026-03-14T14:08:24Z</time>
   </trkpt>
   <trkpt lat="22.5796210" lon="88.3611010">
    <ele>9.6</ele>
    <time>2026-03-14T14:08:25Z</time>
   </trkpt>
   <trkpt lat="22.5796300" lon="88.3611060">
    <ele>9.6</ele>
    <time>2026-03-14T14:08:26Z</time>
   </trkpt>
   <trkpt lat="22.5796430" lon="88.3611050">
    <ele>9.6</ele>
    <time>2026-03-14T14:08:27Z</time>
   </trkpt>
   <trkpt lat="22.5796580" lon="88.3611100">
    <ele>9.6</ele>
    <time>2026-03-14T14:08:28Z</time>
   </trkpt>
   <trkpt lat="22.5796800" lon="88.3611130">
    <ele>9.6</ele>
    <time>2026-03-14T14:08:29Z</time>
   </trkpt>
   <trkpt lat="22.5796880" lon="88.3611140">
    <ele>9.6</ele>
    <time>2026-03-14T14:08:30Z</time>
   </trkpt>
   <trkpt lat="22.5796960" lon="88.3611140">
    <ele>9.6</ele>
    <time>2026-03-14T14:08:31Z</time>
   </trkpt>
   <trkpt lat="22.5797050" lon="88.3611100">
    <ele>9.6</ele>
    <time>2026-03-14T14:08:32Z</time>
   </trkpt>
   <trkpt lat="22.5797110" lon="88.3611080">
    <ele>9.6</ele>
    <time>2026-03-14T14:08:33Z</time>
   </trkpt>
   <trkpt lat="22.5797240" lon="88.3611100">
    <ele>9.6</ele>
    <time>2026-03-14T14:08:34Z</time>
   </trkpt>
   <trkpt lat="22.5797470" lon="88.3611040">
    <ele>9.6</ele>
    <time>2026-03-14T14:08:35Z</time>
   </trkpt>
   <trkpt lat="22.5797600" lon="88.3611050">
    <ele>9.6</ele>
    <time>2026-03-14T14:08:36Z</time>
   </trkpt>
   <trkpt lat="22.5797800" lon="88.3611080">
    <ele>9.6</ele>
    <time>2026-03-14T14:08:37Z</time>
   </trkpt>
   <trkpt lat="22.5797860" lon="88.3611170">
    <ele>9.6</ele>
    <time>2026-03-14T14:08:38Z</time>
   </trkpt>
   <trkpt lat="22.5798060" lon="88.3611280">
    <ele>9.6</ele>
    <time>2026-03-14T14:08:39Z</time>
   </trkpt>
   <trkpt lat="22.5798170" lon="88.3611310">
    <ele>9.6</ele>
    <time>2026-03-14T14:08:40Z</time>
   </trkpt>
   <trkpt lat="22.5798270" lon="88.3611340">
    <ele>9.6</ele>
    <time>2026-03-14T14:08:41Z</time>
   </trkpt>
   <trkpt lat="22.5798240" lon="88.3611340">
    <ele>9.6</ele>
    <time>2026-03-14T14:08:42Z</time>
   </trkpt>
   <trkpt lat="22.5798310" lon="88.3611390">
    <ele>9.6</ele>
    <time>2026-03-14T14:08:43Z</time>
   </trkpt>
   <trkpt lat="22.5798470" lon="88.3611410">
    <ele>9.7</ele>
    <time>2026-03-14T14:08:44Z</time>
   </trkpt>
   <trkpt lat="22.5798610" lon="88.3611470">
    <ele>9.7</ele>
    <time>2026-03-14T14:08:45Z</time>
   </trkpt>
   <trkpt lat="22.5798690" lon="88.3611520">
    <ele>9.7</ele>
    <time>2026-03-14T14:08:46Z</time>
   </trkpt>
   <trkpt lat="22.5798790" lon="88.3611560">
    <ele>9.7</ele>
    <time>2026-03-14T14:08:47Z</time>
   </trkpt>
   <trkpt lat="22.5798860" lon="88.3611640">
    <ele>9.7</ele>
    <time>2026-03-14T14:08:48Z</time>
   </trkpt>
   <trkpt lat="22.5798900" lon="88.3611710">
    <ele>9.7</ele>
    <time>2026-03-14T14:08:49Z</time>
   </trkpt>
   <trkpt lat="22.5799070" lon="88.3611710">
    <ele>9.7</ele>
    <time>2026-03-14T14:08:50Z</time>
   </trkpt>
   <trkpt lat="22.5799080" lon="88.3611750">
    <ele>9.7</ele>
    <time>2026-03-14T14:08:51Z</time>
   </trkpt>
   <trkpt lat="22.5799160" lon="88.3611810">
    <ele>9.7</ele>
    <time>2026-03-14T14:08:52Z</time>
   </trkpt>
   <trkpt lat="22.5799270" lon="88.3611820">
    <ele>9.7</ele>
    <time>2026-03-14T14:08:53Z</time>
   </trkpt>
   <trkpt lat="22.5799460" lon="88.3611870">
    <ele>9.7</ele>
    <time>2026-03-14T14:08:54Z</time>
   </trkpt>
   <trkpt lat="22.5799670" lon="88.3611950">
    <ele>9.7</ele>
    <time>2026-03-14T14:08:55Z</time>
   </trkpt>
   <trkpt lat="22.5799790" lon="88.3612020">
    <ele>9.7</ele>
    <time>2026-03-14T14:08:56Z</time>
   </trkpt>
   <trkpt lat="22.5799960" lon="88.3612100">
    <ele>9.7</ele>
    <time>2026-03-14T14:08:57Z</time>
   </trkpt>
   <trkpt lat="22.5800040" lon="88.3612220">
    <ele>9.7</ele>
    <time>2026-03-14T14:08:58Z</time>
   </trkpt>
   <trkpt lat="22.5800130" lon="88.3612240">
    <ele>9.7</ele>
    <time>2026-03-14T14:08:59Z</time>
   </trkpt>
   <trkpt lat="22.5800200" lon="88.3612290">
    <ele>9.7</ele>
    <time>2026-03-14T14:09:00Z</time>
   </trkpt>
   <trkpt lat="22.5800260" lon="88.3612340">
    <ele>9.7</ele>
    <time>2026-03-14T14:09:01Z</time>
   </trkpt>
   <trkpt lat="22.5800330" lon="88.3612390">
    <ele>9.7</ele>
    <time>2026-03-14T14:09:02Z</time>
   </trkpt>
   <trkpt lat="22.5800400" lon="88.3612440">
    <ele>9.7</ele>
    <time>2026-03-14T14:09:03Z</time>
   </trkpt>
   <trkpt lat="22.5800560" lon="88.3612430">
    <ele>9.7</ele>
    <time>2026-03-14T14:09:04Z</time>
   </trkpt>
   <trkpt lat="22.5800620" lon="88.3612540">
    <ele>9.7</ele>
    <time>2026-03-14T14:09:05Z</time>
   </trkpt>
   <trkpt lat="22.5800670" lon="88.3612620">
    <ele>9.7</ele>
    <time>2026-03-14T14:09:06Z</time>
   </trkpt>
   <trkpt lat="22.5800910" lon="88.3612780">
    <ele>9.7</ele>
    <time>2026-03-14T14:09:07Z</time>
   </trkpt>
   <trkpt lat="22.5800990" lon="88.3612850">
    <ele>9.7</ele>
    <time>2026-03-14T14:09:08Z</time>
   </trkpt>
   <trkpt lat="22.5801120" lon="88.3612970">
    <ele>9.7</ele>
    <time>2026-03-14T14:09:09Z</time>
   </trkpt>
   <trkpt lat="22.5801280" lon="88.3613030">
    <ele>9.7</ele>
    <time>2026-03-14T14:09:10Z</time>
   </trkpt>
   <trkpt lat="22.5801520" lon="88.3613240">
    <ele>9.7</ele>
    <time>2026-03-14T14:09:11Z</time>
   </trkpt>
   <trkpt lat="22.5801650" lon="88.3613270">
    <ele>9.7</ele>
    <time>2026-03-14T14:09:12Z</time>
   </trkpt>
   <trkpt lat="22.5801780" lon="88.3613380">
    <ele>9.7</ele>
    <time>2026-03-14T14:09:13Z</time>
   </trkpt>
   <trkpt lat="22.5801910" lon="88.3613430">
    <ele>9.6</ele>
    <time>2026-03-14T14:09:14Z</time>
   </trkpt>
   <trkpt lat="22.5802120" lon="88.3613500">
    <ele>9.6</ele>
    <time>2026-03-14T14:09:15Z</time>
   </trkpt>
   <trkpt lat="22.5802280" lon="88.3613520">
    <ele>9.6</ele>
    <time>2026-03-14T14:09:16Z</time>
   </trkpt>
   <trkpt lat="22.5802390" lon="88.3613530">
    <ele>9.6</ele>
    <time>2026-03-14T14:09:17Z</time>
   </trkpt>
   <trkpt lat="22.5802530" lon="88.3613580">
    <ele>9.6</ele>
    <time>2026-03-14T14:09:18Z</time>
   </trkpt>
   <trkpt lat="22.5802690" lon="88.3613500">
    <ele>9.6</ele>
    <time>2026-03-14T14:09:19Z</time>
   </trkpt>
   <trkpt lat="22.5802970" lon="88.3613580">
    <ele>9.6</ele>
    <time>2026-03-14T14:09:20Z</time>
   </trkpt>
   <trkpt lat="22.5803070" lon="88.3613510">
    <ele>9.6</ele>
    <time>2026-03-14T14:09:21Z</time>
   </trkpt>
   <trkpt lat="22.5803360" lon="88.3613580">
    <ele>9.6</ele>
    <time>2026-03-14T14:09:22Z</time>
   </trkpt>
   <trkpt lat="22.5803500" lon="88.3613650">
    <ele>9.6</ele>
    <time>2026-03-14T14:09:23Z</time>
   </trkpt>
   <trkpt lat="22.5803650" lon="88.3613710">
    <ele>9.6</ele>
    <time>2026-03-14T14:09:24Z</time>
   </trkpt>
   <trkpt lat="22.5803700" lon="88.3613700">
    <ele>9.6</ele>
    <time>2026-03-14T14:09:25Z</time>
   </trkpt>
   <trkpt lat="22.5803730" lon="88.3613640">
    <ele>9.6</ele>
    <time>2026-03-14T14:09:26Z</time>
   </trkpt>
   <trkpt lat="22.5803830" lon="88.3613650">
    <ele>9.6</ele>
    <time>2026-03-14T14:09:27Z</time>
   </trkpt>
   <trkpt lat="22.5803890" lon="88.3613700">
    <ele>9.6</ele>
    <time>2026-03-14T14:09:28Z</time>
   </trkpt>
   <trkpt lat="22.5803950" lon="88.3613740">
    <ele>9.6</ele>
    <time>2026-03-14T14:09:29Z</time>
   </trkpt>
   <trkpt lat="22.5804050" lon="88.3613690">
    <ele>9.6</ele>
    <time>2026-03-14T14:09:30Z</time>
   </trkpt>
   <trkpt lat="22.5804310" lon="88.3613740">
    <ele>9.6</ele>
    <time>2026-03-14T14:09:31Z</time>
   </trkpt>
   <trkpt lat="22.5804370" lon="88.3613790">
    <ele>9.6</ele>
    <time>2026-03-14T14:09:32Z</time>
   </trkpt>
   <trkpt lat="22.5804480" lon="88.3613900">
    <ele>9.6</ele>
    <time>2026-03-14T14:09:33Z</time>
   </trkpt>
   <trkpt lat="22.5804600" lon="88.3613950">
    <ele>9.6</ele>
    <time>2026-03-14T14:09:34Z</time>
   </trkpt>
   <trkpt lat="22.5804790" lon="88.3614020">
    <ele>9.5</ele>
    <time>2026-03-14T14:09:35Z</time>
   </trkpt>
   <trkpt lat="22.5804870" lon="88.3614060">
    <ele>9.5</ele>
    <time>2026-03-14T14:09:36Z</time>
   </trkpt>
   <trkpt lat="22.5804950" lon="88.3614090">
    <ele>9.5</ele>
    <time>2026-03-14T14:09:37Z</time>
   </trkpt>
   <trkpt lat="22.5804980" lon="88.3614130">
    <ele>9.5</ele>
    <time>2026-03-14T14:09:38Z</time>
   </trkpt>
   <trkpt lat="22.5805060" lon="88.3614210">
    <ele>9.5</ele>
    <time>2026-03-14T14:09:39Z</time>
   </trkpt>
   <trkpt lat="22.5805210" lon="88.3614250">
    <ele>9.5</ele>
    <time>2026-03-14T14:09:40Z</time>
   </trkpt>
   <trkpt lat="22.5805440" lon="88.3614270">
    <ele>9.5</ele>
    <time>2026-03-14T14:09:41Z</time>
   </trkpt>
   <trkpt lat="22.5805530" lon="88.3614290">
    <ele>9.5</ele>
    <time>2026-03-14T14:09:42Z</time>
   </trkpt>
   <trkpt lat="22.5805620" lon="88.3614310">
    <ele>9.5</ele>
    <time>2026-03-14T14:09:43Z</time>
   </trkpt>
   <trkpt lat="22.5805780" lon="88.3614320">
    <ele>9.5</ele>
    <time>2026-03-14T14:09:44Z</time>
   </trkpt>
   <trkpt lat="22.5805900" lon="88.3614360">
    <ele>9.5</ele>
    <time>2026-03-14T14:09:45Z</time>
   </trkpt>
   <trkpt lat="22.5806020" lon="88.3614370">
    <ele>9.5</ele>
    <time>2026-03-14T14:09:46Z</time>
   </trkpt>
   <trkpt lat="22.5806180" lon="88.3614460">
    <ele>9.5</ele>
    <time>2026-03-14T14:09:47Z</time>
   </trkpt>
   <trkpt lat="22.5806250" lon="88.3614530">
    <ele>9.5</ele>
    <time>2026-03-14T14:09:48Z</time>
   </trkpt>
   <trkpt lat="22.5806420" lon="88.3614600">
    <ele>9.5</ele>
    <time>2026-03-14T14:09:49Z</time>
   </trkpt>
   <trkpt lat="22.5806480" lon="88.3614590">
    <ele>9.5</ele>
    <time>2026-03-14T14:09:50Z</time>
   </trkpt>
   <trkpt lat="22.5806640" lon="88.3614670">
    <ele>9.6</ele>
    <time>2026-03-14T14:09:51Z</time>
   </trkpt>
   <trkpt lat="22.5806770" lon="88.3614690">
    <ele>9.6</ele>
    <time>2026-03-14T14:09:52Z</time>
   </trkpt>
   <trkpt lat="22.5806850" lon="88.3614770">
    <ele>9.6</ele>
    <time>2026-03-14T14:09:53Z</time>
   </trkpt>
   <trkpt lat="22.5807010" lon="88.3614870">
    <ele>9.6</ele>
    <time>2026-03-14T14:09:54Z</time>
   </trkpt>
   <trkpt lat="22.5807170" lon="88.3615010">
    <ele>9.6</ele>
    <time>2026-03-14T14:09:55Z</time>
   </trkpt>
   <trkpt lat="22.5807250" lon="88.3615050">
    <ele>9.6</ele>
    <time>2026-03-14T14:09:56Z</time>
   </trkpt>
   <trkpt lat="22.5807330" lon="88.3615100">
    <ele>9.6</ele>
    <time>2026-03-14T14:09:57Z</time>
   </trkpt>
   <trkpt lat="22.5807500" lon="88.3615190">
    <ele>9.6</ele>
    <time>2026-03-14T14:09:58Z</time>
   </trkpt>
   <trkpt lat="22.5807630" lon="88.3615110">
    <ele>9.6</ele>
    <time>2026-03-14T14:09:59Z</time>
   </trkpt>
   <trkpt lat="22.5807860" lon="88.3614950">
    <ele>9.6</ele>
    <time>2026-03-14T14:10:00Z</time>
   </trkpt>
   <trkpt lat="22.5807910" lon="88.3614890">
    <ele>9.6</ele>
    <time>2026-03-14T14:10:01Z</time>
   </trkpt>
   <trkpt lat="22.5808110" lon="88.3614950">
    <ele>9.6</ele>
    <time>2026-03-14T14:10:02Z</time>
   </trkpt>
   <trkpt lat="22.5808150" lon="88.3615100">
    <ele>9.6</ele>
    <time>2026-03-14T14:10:03Z</time>
   </trkpt>
   <trkpt lat="22.5808250" lon="88.3615110">
    <ele>9.6</ele>
    <time>2026-03-14T14:10:04Z</time>
   </trkpt>
   <trkpt lat="22.5808350" lon="88.3615190">
    <ele>9.6</ele>
    <time>2026-03-14T14:10:05Z</time>
   </trkpt>
   <trkpt lat="22.5808430" lon="88.3615260">
    <ele>9.6</ele>
    <time>2026-03-14T14:10:06Z</time>
   </trkpt>
   <trkpt lat="22.5808620" lon="88.3615310">
    <ele>9.6</ele>
    <time>2026-03-14T14:10:07Z</time>
   </trkpt>
   <trkpt lat="22.5808710" lon="88.3615330">
    <ele>9.6</ele>
    <time>2026-03-14T14:10:08Z</time>
   </trkpt>
   <trkpt lat="22.5808790" lon="88.3615360">
    <ele>9.6</ele>
    <time>2026-03-14T14:10:09Z</time>
   </trkpt>
   <trkpt lat="22.5808850" lon="88.3615370">
    <ele>9.6</ele>
    <time>2026-03-14T14:10:10Z</time>
   </trkpt>
   <trkpt lat="22.5808990" lon="88.3615340">
    <ele>9.6</ele>
    <time>2026-03-14T14:10:11Z</time>
   </trkpt>
   <trkpt lat="22.5809050" lon="88.3615280">
    <ele>9.6</ele>
    <time>2026-03-14T14:10:12Z</time>
   </trkpt>
   <trkpt lat="22.5809210" lon="88.3615180">
    <ele>9.6</ele>
    <time>2026-03-14T14:10:13Z</time>
   </trkpt>
   <trkpt lat="22.5809330" lon="88.3615210">
    <ele>9.6</ele>
    <time>2026-03-14T14:10:14Z</time>
   </trkpt>
   <trkpt lat="22.5809640" lon="88.3615180">
    <ele>9.7</ele>
    <time>2026-03-14T14:10:15Z</time>
   </trkpt>
   <trkpt lat="22.5809740" lon="88.3615140">
    <ele>9.7</ele>
    <time>2026-03-14T14:10:16Z</time>
   </trkpt>
   <trkpt lat="22.5809860" lon="88.3615070">
    <ele>9.7</ele>
    <time>2026-03-14T14:10:17Z</time>
   </trkpt>
   <trkpt lat="22.5810020" lon="88.3614990">
    <ele>9.7</ele>
    <time>2026-03-14T14:10:18Z</time>
   </trkpt>
   <trkpt lat="22.5810120" lon="88.3615000">
    <ele>9.7</ele>
    <time>2026-03-14T14:10:19Z</time>
   </trkpt>
   <trkpt lat="22.5810200" lon="88.3614990">
    <ele>9.7</ele>
    <time>2026-03-14T14:10:20Z</time>
   </trkpt>
   <trkpt lat="22.5810340" lon="88.3614910">
    <ele>9.7</ele>
    <time>2026-03-14T14:10:21Z</time>
   </trkpt>
   <trkpt lat="22.5810660" lon="88.3614820">
    <ele>9.7</ele>
    <time>2026-03-14T14:10:22Z</time>
   </trkpt>
   <trkpt lat="22.5810730" lon="88.3614810">
    <ele>9.6</ele>
    <time>2026-03-14T14:10:23Z</time>
   </trkpt>
   <trkpt lat="22.5810780" lon="88.3614860">
    <ele>9.6</ele>
    <time>2026-03-14T14:10:24Z</time>
   </trkpt>
   <trkpt lat="22.5810900" lon="88.3614870">
    <ele>9.6</ele>
    <time>2026-03-14T14:10:25Z</time>
   </trkpt>
   <trkpt lat="22.5811030" lon="88.3614890">
    <ele>9.6</ele>
    <time>2026-03-14T14:10:26Z</time>
   </trkpt>
   <trkpt lat="22.5811150" lon="88.3614910">
    <ele>9.6</ele>
    <time>2026-03-14T14:10:27Z</time>
   </trkpt>
   <trkpt lat="22.5811280" lon="88.3615090">
    <ele>9.6</ele>
    <time>2026-03-14T14:10:28Z</time>
   </trkpt>
   <trkpt lat="22.5811130" lon="88.3615170">
    <ele>9.6</ele>
    <time>2026-03-14T14:10:29Z</time>
   </trkpt>
   <trkpt lat="22.5811240" lon="88.3615200">
    <ele>9.6</ele>
    <time>2026-03-14T14:10:30Z</time>
   </trkpt>
   <trkpt lat="22.5811340" lon="88.3615280">
    <ele>9.6</ele>
    <time>2026-03-14T14:10:31Z</time>
   </trkpt>
   <trkpt lat="22.5811400" lon="88.3615370">
    <ele>9.6</ele>
    <time>2026-03-14T14:10:32Z</time>
   </trkpt>
   <trkpt lat="22.5811460" lon="88.3615390">
    <ele>9.6</ele>
    <time>2026-03-14T14:10:33Z</time>
   </trkpt>
   <trkpt lat="22.5811650" lon="88.3615400">
    <ele>9.6</ele>
    <time>2026-03-14T14:10:34Z</time>
   </trkpt>
   <trkpt lat="22.5811750" lon="88.3615420">
    <ele>9.6</ele>
    <time>2026-03-14T14:10:35Z</time>
   </trkpt>
   <trkpt lat="22.5811840" lon="88.3615430">
    <ele>9.6</ele>
    <time>2026-03-14T14:10:36Z</time>
   </trkpt>
   <trkpt lat="22.5812150" lon="88.3615350">
    <ele>9.6</ele>
    <time>2026-03-14T14:10:37Z</time>
   </trkpt>
   <trkpt lat="22.5812370" lon="88.3615320">
    <ele>9.6</ele>
    <time>2026-03-14T14:10:38Z</time>
   </trkpt>
   <trkpt lat="22.5812480" lon="88.3615330">
    <ele>9.6</ele>
    <time>2026-03-14T14:10:39Z</time>
   </trkpt>
   <trkpt lat="22.5812660" lon="88.3615360">
    <ele>9.6</ele>
    <time>2026-03-14T14:10:40Z</time>
   </trkpt>
   <trkpt lat="22.5812720" lon="88.3615390">
    <ele>9.6</ele>
    <time>2026-03-14T14:10:41Z</time>
   </trkpt>
   <trkpt lat="22.5812770" lon="88.3615410">
    <ele>9.6</ele>
    <time>2026-03-14T14:10:42Z</time>
   </trkpt>
   <trkpt lat="22.5812830" lon="88.3615440">
    <ele>9.6</ele>
    <time>2026-03-14T14:10:44Z</time>
   </trkpt>
   <trkpt lat="22.5812880" lon="88.3615470">
    <ele>9.6</ele>
    <time>2026-03-14T14:10:45Z</time>
   </trkpt>
   <trkpt lat="22.5813040" lon="88.3615510">
    <ele>9.6</ele>
    <time>2026-03-14T14:10:46Z</time>
   </trkpt>
   <trkpt lat="22.5813150" lon="88.3615540">
    <ele>9.6</ele>
    <time>2026-03-14T14:10:47Z</time>
   </trkpt>
   <trkpt lat="22.5813310" lon="88.3615600">
    <ele>9.6</ele>
    <time>2026-03-14T14:10:48Z</time>
   </trkpt>
   <trkpt lat="22.5813390" lon="88.3615620">
    <ele>9.6</ele>
    <time>2026-03-14T14:10:49Z</time>
   </trkpt>
   <trkpt lat="22.5813460" lon="88.3615650">
    <ele>9.6</ele>
    <time>2026-03-14T14:10:50Z</time>
   </trkpt>
   <trkpt lat="22.5813530" lon="88.3615680">
    <ele>9.6</ele>
    <time>2026-03-14T14:10:51Z</time>
   </trkpt>
   <trkpt lat="22.5813680" lon="88.3615720">
    <ele>9.5</ele>
    <time>2026-03-14T14:10:52Z</time>
   </trkpt>
   <trkpt lat="22.5813820" lon="88.3615750">
    <ele>9.5</ele>
    <time>2026-03-14T14:10:53Z</time>
   </trkpt>
   <trkpt lat="22.5813790" lon="88.3615750">
    <ele>9.5</ele>
    <time>2026-03-14T14:10:54Z</time>
   </trkpt>
   <trkpt lat="22.5813970" lon="88.3615770">
    <ele>9.5</ele>
    <time>2026-03-14T14:10:55Z</time>
   </trkpt>
   <trkpt lat="22.5814140" lon="88.3615790">
    <ele>9.5</ele>
    <time>2026-03-14T14:10:56Z</time>
   </trkpt>
   <trkpt lat="22.5814190" lon="88.3615840">
    <ele>9.5</ele>
    <time>2026-03-14T14:10:57Z</time>
   </trkpt>
   <trkpt lat="22.5814230" lon="88.3615910">
    <ele>9.5</ele>
    <time>2026-03-14T14:10:58Z</time>
   </trkpt>
   <trkpt lat="22.5814360" lon="88.3615990">
    <ele>9.5</ele>
    <time>2026-03-14T14:10:59Z</time>
   </trkpt>
   <trkpt lat="22.5814540" lon="88.3616030">
    <ele>9.5</ele>
    <time>2026-03-14T14:11:00Z</time>
   </trkpt>
   <trkpt lat="22.5814650" lon="88.3616040">
    <ele>9.5</ele>
    <time>2026-03-14T14:11:01Z</time>
   </trkpt>
   <trkpt lat="22.5814750" lon="88.3616060">
    <ele>9.5</ele>
    <time>2026-03-14T14:11:02Z</time>
   </trkpt>
   <trkpt lat="22.5814890" lon="88.3616070">
    <ele>9.5</ele>
    <time>2026-03-14T14:11:03Z</time>
   </trkpt>
   <trkpt lat="22.5815050" lon="88.3616130">
    <ele>9.5</ele>
    <time>2026-03-14T14:11:04Z</time>
   </trkpt>
   <trkpt lat="22.5815090" lon="88.3616150">
    <ele>9.5</ele>
    <time>2026-03-14T14:11:05Z</time>
   </trkpt>
   <trkpt lat="22.5815280" lon="88.3616140">
    <ele>9.5</ele>
    <time>2026-03-14T14:11:06Z</time>
   </trkpt>
   <trkpt lat="22.5815380" lon="88.3616100">
    <ele>9.5</ele>
    <time>2026-03-14T14:11:07Z</time>
   </trkpt>
   <trkpt lat="22.5815580" lon="88.3616120">
    <ele>9.5</ele>
    <time>2026-03-14T14:11:08Z</time>
   </trkpt>
   <trkpt lat="22.5815640" lon="88.3616140">
    <ele>9.5</ele>
    <time>2026-03-14T14:11:09Z</time>
   </trkpt>
   <trkpt lat="22.5815710" lon="88.3616150">
    <ele>9.5</ele>
    <time>2026-03-14T14:11:10Z</time>
   </trkpt>
   <trkpt lat="22.5815770" lon="88.3616170">
    <ele>9.5</ele>
    <time>2026-03-14T14:11:11Z</time>
   </trkpt>
   <trkpt lat="22.5815960" lon="88.3616270">
    <ele>9.5</ele>
    <time>2026-03-14T14:11:12Z</time>
   </trkpt>
   <trkpt lat="22.5816050" lon="88.3616290">
    <ele>9.4</ele>
    <time>2026-03-14T14:11:13Z</time>
   </trkpt>
   <trkpt lat="22.5816140" lon="88.3616320">
    <ele>9.4</ele>
    <time>2026-03-14T14:11:14Z</time>
   </trkpt>
   <trkpt lat="22.5816220" lon="88.3616350">
    <ele>9.4</ele>
    <time>2026-03-14T14:11:15Z</time>
   </trkpt>
   <trkpt lat="22.5816320" lon="88.3616380">
    <ele>9.4</ele>
    <time>2026-03-14T14:11:16Z</time>
   </trkpt>
   <trkpt lat="22.5816500" lon="88.3616410">
    <ele>9.4</ele>
    <time>2026-03-14T14:11:17Z</time>
   </trkpt>
   <trkpt lat="22.5816580" lon="88.3616470">
    <ele>9.4</ele>
    <time>2026-03-14T14:11:18Z</time>
   </trkpt>
   <trkpt lat="22.5816750" lon="88.3616510">
    <ele>9.4</ele>
    <time>2026-03-14T14:11:19Z</time>
   </trkpt>
   <trkpt lat="22.5816810" lon="88.3616560">
    <ele>9.4</ele>
    <time>2026-03-14T14:11:20Z</time>
   </trkpt>
   <trkpt lat="22.5816960" lon="88.3616620">
    <ele>9.4</ele>
    <time>2026-03-14T14:11:21Z</time>
   </trkpt>
   <trkpt lat="22.5817070" lon="88.3616580">
    <ele>9.4</ele>
    <time>2026-03-14T14:11:22Z</time>
   </trkpt>
   <trkpt lat="22.5817290" lon="88.3616570">
    <ele>9.4</ele>
    <time>2026-03-14T14:11:23Z</time>
   </trkpt>
   <trkpt lat="22.5817370" lon="88.3616580">
    <ele>9.4</ele>
    <time>2026-03-14T14:11:24Z</time>
   </trkpt>
   <trkpt lat="22.5817450" lon="88.3616600">
    <ele>9.4</ele>
    <time>2026-03-14T14:11:25Z</time>
   </trkpt>
   <trkpt lat="22.5817500" lon="88.3616640">
    <ele>9.4</ele>
    <time>2026-03-14T14:11:26Z</time>
   </trkpt>
   <trkpt lat="22.5817730" lon="88.3616600">
    <ele>9.4</ele>
    <time>2026-03-14T14:11:27Z</time>
   </trkpt>
   <trkpt lat="22.5817840" lon="88.3616620">
    <ele>9.4</ele>
    <time>2026-03-14T14:11:28Z</time>
   </trkpt>
   <trkpt lat="22.5817900" lon="88.3616660">
    <ele>9.4</ele>
    <time>2026-03-14T14:11:29Z</time>
   </trkpt>
   <trkpt lat="22.5818020" lon="88.3616670">
    <ele>9.4</ele>
    <time>2026-03-14T14:11:30Z</time>
   </trkpt>
   <trkpt lat="22.5818180" lon="88.3616770">
    <ele>9.4</ele>
    <time>2026-03-14T14:11:31Z</time>
   </trkpt>
   <trkpt lat="22.5818280" lon="88.3616780">
    <ele>9.4</ele>
    <time>2026-03-14T14:11:32Z</time>
   </trkpt>
   <trkpt lat="22.5818510" lon="88.3616860">
    <ele>9.4</ele>
    <time>2026-03-14T14:11:33Z</time>
   </trkpt>
   <trkpt lat="22.5818590" lon="88.3616900">
    <ele>9.4</ele>
    <time>2026-03-14T14:11:34Z</time>
   </trkpt>
   <trkpt lat="22.5818660" lon="88.3616930">
    <ele>9.4</ele>
    <time>2026-03-14T14:11:35Z</time>
   </trkpt>
   <trkpt lat="22.5818690" lon="88.3617050">
    <ele>9.4</ele>
    <time>2026-03-14T14:11:36Z</time>
   </trkpt>
   <trkpt lat="22.5818800" lon="88.3617070">
    <ele>9.4</ele>
    <time>2026-03-14T14:11:37Z</time>
   </trkpt>
   <trkpt lat="22.5818950" lon="88.3616970">
    <ele>9.4</ele>
    <time>2026-03-14T14:11:38Z</time>
   </trkpt>
   <trkpt lat="22.5819090" lon="88.3616980">
    <ele>9.4</ele>
    <time>2026-03-14T14:11:39Z</time>
   </trkpt>
   <trkpt lat="22.5819240" lon="88.3617060">
    <ele>9.4</ele>
    <time>2026-03-14T14:11:40Z</time>
   </trkpt>
   <trkpt lat="22.5819390" lon="88.3617160">
    <ele>9.4</ele>
    <time>2026-03-14T14:11:41Z</time>
   </trkpt>
   <trkpt lat="22.5819480" lon="88.3617200">
    <ele>9.5</ele>
    <time>2026-03-14T14:11:42Z</time>
   </trkpt>
   <trkpt lat="22.5819560" lon="88.3617240">
    <ele>9.5</ele>
    <time>2026-03-14T14:11:43Z</time>
   </trkpt>
   <trkpt lat="22.5819640" lon="88.3617280">
    <ele>9.5</ele>
    <time>2026-03-14T14:11:44Z</time>
   </trkpt>
   <trkpt lat="22.5819660" lon="88.3617340">
    <ele>9.5</ele>
    <time>2026-03-14T14:11:45Z</time>
   </trkpt>
   <trkpt lat="22.5819770" lon="88.3617400">
    <ele>9.5</ele>
    <time>2026-03-14T14:11:46Z</time>
   </trkpt>
   <trkpt lat="22.5819920" lon="88.3617430">
    <ele>9.5</ele>
    <time>2026-03-14T14:11:47Z</time>
   </trkpt>
   <trkpt lat="22.5820090" lon="88.3617420">
    <ele>9.5</ele>
    <time>2026-03-14T14:11:48Z</time>
   </trkpt>
   <trkpt lat="22.5820130" lon="88.3617450">
    <ele>9.5</ele>
    <time>2026-03-14T14:11:49Z</time>
   </trkpt>
   <trkpt lat="22.5820170" lon="88.3617500">
    <ele>9.5</ele>
    <time>2026-03-14T14:11:50Z</time>
   </trkpt>
   <trkpt lat="22.5820230" lon="88.3617540">
    <ele>9.5</ele>
    <time>2026-03-14T14:11:51Z</time>
   </trkpt>
   <trkpt lat="22.5820320" lon="88.3617550">
    <ele>9.5</ele>
    <time>2026-03-14T14:11:52Z</time>
   </trkpt>
   <trkpt lat="22.5820450" lon="88.3617560">
    <ele>9.5</ele>
    <time>2026-03-14T14:11:53Z</time>
   </trkpt>
   <trkpt lat="22.5820590" lon="88.3617600">
    <ele>9.5</ele>
    <time>2026-03-14T14:11:54Z</time>
   </trkpt>
   <trkpt lat="22.5820720" lon="88.3617700">
    <ele>9.5</ele>
    <time>2026-03-14T14:11:55Z</time>
   </trkpt>
   <trkpt lat="22.5820870" lon="88.3617760">
    <ele>9.5</ele>
    <time>2026-03-14T14:11:56Z</time>
   </trkpt>
   <trkpt lat="22.5820850" lon="88.3617780">
    <ele>9.5</ele>
    <time>2026-03-14T14:11:57Z</time>
   </trkpt>
   <trkpt lat="22.5820910" lon="88.3617780">
    <ele>9.5</ele>
    <time>2026-03-14T14:11:58Z</time>
   </trkpt>
   <trkpt lat="22.5821170" lon="88.3617760">
    <ele>9.5</ele>
    <time>2026-03-14T14:11:59Z</time>
   </trkpt>
   <trkpt lat="22.5821250" lon="88.3617790">
    <ele>9.5</ele>
    <time>2026-03-14T14:12:00Z</time>
   </trkpt>
   <trkpt lat="22.5821240" lon="88.3617820">
    <ele>9.5</ele>
    <time>2026-03-14T14:12:01Z</time>
   </trkpt>
   <trkpt lat="22.5821300" lon="88.3617860">
    <ele>9.5</ele>
    <time>2026-03-14T14:12:02Z</time>
   </trkpt>
   <trkpt lat="22.5821370" lon="88.3617900">
    <ele>9.5</ele>
    <time>2026-03-14T14:12:03Z</time>
   </trkpt>
   <trkpt lat="22.5821440" lon="88.3617940">
    <ele>9.5</ele>
    <time>2026-03-14T14:12:04Z</time>
   </trkpt>
   <trkpt lat="22.5821540" lon="88.3617960">
    <ele>9.5</ele>
    <time>2026-03-14T14:12:05Z</time>
   </trkpt>
   <trkpt lat="22.5821560" lon="88.3617980">
    <ele>9.5</ele>
    <time>2026-03-14T14:12:06Z</time>
   </trkpt>
   <trkpt lat="22.5821610" lon="88.3617950">
    <ele>9.5</ele>
    <time>2026-03-14T14:12:07Z</time>
   </trkpt>
   <trkpt lat="22.5821650" lon="88.3617920">
    <ele>9.5</ele>
    <time>2026-03-14T14:12:08Z</time>
   </trkpt>
   <trkpt lat="22.5821710" lon="88.3617900">
    <ele>9.5</ele>
    <time>2026-03-14T14:12:09Z</time>
   </trkpt>
   <trkpt lat="22.5821770" lon="88.3617930">
    <ele>9.5</ele>
    <time>2026-03-14T14:12:10Z</time>
   </trkpt>
   <trkpt lat="22.5821820" lon="88.3617920">
    <ele>9.5</ele>
    <time>2026-03-14T14:12:11Z</time>
   </trkpt>
   <trkpt lat="22.5821890" lon="88.3618020">
    <ele>9.5</ele>
    <time>2026-03-14T14:12:12Z</time>
   </trkpt>
   <trkpt lat="22.5821750" lon="88.3618020">
    <ele>9.5</ele>
    <time>2026-03-14T14:12:13Z</time>
   </trkpt>
   <trkpt lat="22.5821960" lon="88.3617880">
    <ele>9.5</ele>
    <time>2026-03-14T14:12:14Z</time>
   </trkpt>
   <trkpt lat="22.5822060" lon="88.3617900">
    <ele>9.5</ele>
    <time>2026-03-14T14:12:15Z</time>
   </trkpt>
   <trkpt lat="22.5822240" lon="88.3617920">
    <ele>9.5</ele>
    <time>2026-03-14T14:12:16Z</time>
   </trkpt>
   <trkpt lat="22.5822330" lon="88.3617900">
    <ele>9.5</ele>
    <time>2026-03-14T14:12:17Z</time>
   </trkpt>
   <trkpt lat="22.5822420" lon="88.3617880">
    <ele>9.5</ele>
    <time>2026-03-14T14:12:18Z</time>
   </trkpt>
   <trkpt lat="22.5822710" lon="88.3617790">
    <ele>9.6</ele>
    <time>2026-03-14T14:12:19Z</time>
   </trkpt>
   <trkpt lat="22.5822820" lon="88.3617740">
    <ele>9.6</ele>
    <time>2026-03-14T14:12:20Z</time>
   </trkpt>
   <trkpt lat="22.5823040" lon="88.3617920">
    <ele>9.6</ele>
    <time>2026-03-14T14:12:21Z</time>
   </trkpt>
   <trkpt lat="22.5823120" lon="88.3617980">
    <ele>9.6</ele>
    <time>2026-03-14T14:12:22Z</time>
   </trkpt>
   <trkpt lat="22.5823200" lon="88.3618030">
    <ele>9.6</ele>
    <time>2026-03-14T14:12:23Z</time>
   </trkpt>
   <trkpt lat="22.5823420" lon="88.3617980">
    <ele>9.6</ele>
    <time>2026-03-14T14:12:24Z</time>
   </trkpt>
   <trkpt lat="22.5823540" lon="88.3617980">
    <ele>9.6</ele>
    <time>2026-03-14T14:12:25Z</time>
   </trkpt>
   <trkpt lat="22.5823680" lon="88.3617910">
    <ele>9.6</ele>
    <time>2026-03-14T14:12:26Z</time>
   </trkpt>
   <trkpt lat="22.5823650" lon="88.3617990">
    <ele>9.6</ele>
    <time>2026-03-14T14:12:27Z</time>
   </trkpt>
   <trkpt lat="22.5823830" lon="88.3617990">
    <ele>9.6</ele>
    <time>2026-03-14T14:12:28Z</time>
   </trkpt>
   <trkpt lat="22.5823990" lon="88.3618040">
    <ele>9.6</ele>
    <time>2026-03-14T14:12:29Z</time>
   </trkpt>
   <trkpt lat="22.5824120" lon="88.3618020">
    <ele>9.6</ele>
    <time>2026-03-14T14:12:30Z</time>
   </trkpt>
   <trkpt lat="22.5824220" lon="88.3618020">
    <ele>9.6</ele>
    <time>2026-03-14T14:12:31Z</time>
   </trkpt>
   <trkpt lat="22.5824280" lon="88.3618100">
    <ele>9.6</ele>
    <time>2026-03-14T14:12:32Z</time>
   </trkpt>
   <trkpt lat="22.5824420" lon="88.3618150">
    <ele>9.6</ele>
    <time>2026-03-14T14:12:33Z</time>
   </trkpt>
   <trkpt lat="22.5824600" lon="88.3618170">
    <ele>9.6</ele>
    <time>2026-03-14T14:12:34Z</time>
   </trkpt>
   <trkpt lat="22.5824640" lon="88.3618170">
    <ele>9.6</ele>
    <time>2026-03-14T14:12:35Z</time>
   </trkpt>
   <trkpt lat="22.5824690" lon="88.3618260">
    <ele>9.6</ele>
    <time>2026-03-14T14:12:36Z</time>
   </trkpt>
   <trkpt lat="22.5824720" lon="88.3618320">
    <ele>9.6</ele>
    <time>2026-03-14T14:12:37Z</time>
   </trkpt>
   <trkpt lat="22.5824810" lon="88.3618390">
    <ele>9.6</ele>
    <time>2026-03-14T14:12:38Z</time>
   </trkpt>
   <trkpt lat="22.5824900" lon="88.3618440">
    <ele>9.6</ele>
    <time>2026-03-14T14:12:39Z</time>
   </trkpt>
   <trkpt lat="22.5825000" lon="88.3618440">
    <ele>9.6</ele>
    <time>2026-03-14T14:12:40Z</time>
   </trkpt>
   <trkpt lat="22.5825120" lon="88.3618460">
    <ele>9.7</ele>
    <time>2026-03-14T14:12:41Z</time>
   </trkpt>
   <trkpt lat="22.5825300" lon="88.3618540">
    <ele>9.7</ele>
    <time>2026-03-14T14:12:42Z</time>
   </trkpt>
   <trkpt lat="22.5825370" lon="88.3618590">
    <ele>9.7</ele>
    <time>2026-03-14T14:12:43Z</time>
   </trkpt>
   <trkpt lat="22.5825420" lon="88.3618660">
    <ele>9.7</ele>
    <time>2026-03-14T14:12:44Z</time>
   </trkpt>
   <trkpt lat="22.5825530" lon="88.3618760">
    <ele>9.7</ele>
    <time>2026-03-14T14:12:45Z</time>
   </trkpt>
   <trkpt lat="22.5825680" lon="88.3618880">
    <ele>9.7</ele>
    <time>2026-03-14T14:12:46Z</time>
   </trkpt>
   <trkpt lat="22.5825660" lon="88.3618990">
    <ele>9.7</ele>
    <time>2026-03-14T14:12:47Z</time>
   </trkpt>
   <trkpt lat="22.5825680" lon="88.3619030">
    <ele>9.7</ele>
    <time>2026-03-14T14:12:48Z</time>
   </trkpt>
   <trkpt lat="22.5825740" lon="88.3619070">
    <ele>9.7</ele>
    <time>2026-03-14T14:12:50Z</time>
   </trkpt>
   <trkpt lat="22.5825690" lon="88.3619090">
    <ele>9.7</ele>
    <time>2026-03-14T14:12:51Z</time>
   </trkpt>
   <trkpt lat="22.5825760" lon="88.3619100">
    <ele>9.7</ele>
    <time>2026-03-14T14:12:52Z</time>
   </trkpt>
   <trkpt lat="22.5825790" lon="88.3619120">
    <ele>9.7</ele>
    <time>2026-03-14T14:12:53Z</time>
   </trkpt>
   <trkpt lat="22.5825740" lon="88.3619070">
    <ele>9.7</ele>
    <time>2026-03-14T14:12:54Z</time>
   </trkpt>
   <trkpt lat="22.5825760" lon="88.3619110">
    <ele>9.7</ele>
    <time>2026-03-14T14:12:55Z</time>
   </trkpt>
   <trkpt lat="22.5825760" lon="88.3619100">
    <ele>9.7</ele>
    <time>2026-03-14T14:12:56Z</time>
   </trkpt>
   <trkpt lat="22.5825850" lon="88.3619060">
    <ele>9.7</ele>
    <time>2026-03-14T14:12:57Z</time>
   </trkpt>
   <trkpt lat="22.5825980" lon="88.3619100">
    <ele>9.7</ele>
    <time>2026-03-14T14:12:58Z</time>
   </trkpt>
   <trkpt lat="22.5825730" lon="88.3619110">
    <ele>9.7</ele>
    <time>2026-03-14T14:12:59Z</time>
   </trkpt>
   <trkpt lat="22.5825810" lon="88.3619170">
    <ele>9.8</ele>
    <time>2026-03-14T14:13:00Z</time>
   </trkpt>
   <trkpt lat="22.5825660" lon="88.3619000">
    <ele>9.8</ele>
    <time>2026-03-14T14:13:01Z</time>
   </trkpt>
   <trkpt lat="22.5825800" lon="88.3619280">
    <ele>9.8</ele>
    <time>2026-03-14T14:13:02Z</time>
   </trkpt>
   <trkpt lat="22.5825850" lon="88.3619290">
    <ele>9.8</ele>
    <time>2026-03-14T14:13:03Z</time>
   </trkpt>
   <trkpt lat="22.5826030" lon="88.3619170">
    <ele>9.8</ele>
    <time>2026-03-14T14:13:04Z</time>
   </trkpt>
   <trkpt lat="22.5826120" lon="88.3619100">
    <ele>9.8</ele>
    <time>2026-03-14T14:13:05Z</time>
   </trkpt>
   <trkpt lat="22.5825660" lon="88.3618630">
    <ele>9.8</ele>
    <time>2026-03-14T14:13:06Z</time>
   </trkpt>
   <trkpt lat="22.5825780" lon="88.3618740">
    <ele>9.8</ele>
    <time>2026-03-14T14:13:07Z</time>
   </trkpt>
   <trkpt lat="22.5825850" lon="88.3618820">
    <ele>9.8</ele>
    <time>2026-03-14T14:13:08Z</time>
   </trkpt>
   <trkpt lat="22.5825920" lon="88.3618890">
    <ele>9.8</ele>
    <time>2026-03-14T14:13:09Z</time>
   </trkpt>
   <trkpt lat="22.5825990" lon="88.3618970">
    <ele>9.8</ele>
    <time>2026-03-14T14:13:10Z</time>
   </trkpt>
   <trkpt lat="22.5826060" lon="88.3619050">
    <ele>9.8</ele>
    <time>2026-03-14T14:13:11Z</time>
   </trkpt>
   <trkpt lat="22.5827520" lon="88.3619290">
    <ele>9.8</ele>
    <time>2026-03-14T14:13:12Z</time>
   </trkpt>
   <trkpt lat="22.5828140" lon="88.3619320">
    <ele>9.8</ele>
    <time>2026-03-14T14:13:13Z</time>
   </trkpt>
   <trkpt lat="22.5828530" lon="88.3619470">
    <ele>9.8</ele>
    <time>2026-03-14T14:13:14Z</time>
   </trkpt>
   <trkpt lat="22.5828690" lon="88.3619510">
    <ele>9.8</ele>
    <time>2026-03-14T14:13:15Z</time>
   </trkpt>
   <trkpt lat="22.5828710" lon="88.3619580">
    <ele>9.8</ele>
    <time>2026-03-14T14:13:16Z</time>
   </trkpt>
   <trkpt lat="22.5828760" lon="88.3619390">
    <ele>9.8</ele>
    <time>2026-03-14T14:13:17Z</time>
   </trkpt>
   <trkpt lat="22.5828850" lon="88.3619320">
    <ele>9.8</ele>
    <time>2026-03-14T14:13:18Z</time>
   </trkpt>
   <trkpt lat="22.5829060" lon="88.3619360">
    <ele>9.8</ele>
    <time>2026-03-14T14:13:19Z</time>
   </trkpt>
   <trkpt lat="22.5829130" lon="88.3619430">
    <ele>9.8</ele>
    <time>2026-03-14T14:13:20Z</time>
   </trkpt>
   <trkpt lat="22.5829210" lon="88.3619500">
    <ele>9.8</ele>
    <time>2026-03-14T14:13:21Z</time>
   </trkpt>
   <trkpt lat="22.5829280" lon="88.3619570">
    <ele>9.8</ele>
    <time>2026-03-14T14:13:22Z</time>
   </trkpt>
   <trkpt lat="22.5829180" lon="88.3619500">
    <ele>9.8</ele>
    <time>2026-03-14T14:13:23Z</time>
   </trkpt>
   <trkpt lat="22.5829320" lon="88.3619450">
    <ele>9.8</ele>
    <time>2026-03-14T14:13:24Z</time>
   </trkpt>
   <trkpt lat="22.5829530" lon="88.3619410">
    <ele>9.8</ele>
    <time>2026-03-14T14:13:25Z</time>
   </trkpt>
   <trkpt lat="22.5829600" lon="88.3619410">
    <ele>9.8</ele>
    <time>2026-03-14T14:13:26Z</time>
   </trkpt>
   <trkpt lat="22.5829730" lon="88.3619260">
    <ele>9.7</ele>
    <time>2026-03-14T14:13:27Z</time>
   </trkpt>
   <trkpt lat="22.5829850" lon="88.3619220">
    <ele>9.7</ele>
    <time>2026-03-14T14:13:28Z</time>
   </trkpt>
   <trkpt lat="22.5830020" lon="88.3619380">
    <ele>9.7</ele>
    <time>2026-03-14T14:13:29Z</time>
   </trkpt>
   <trkpt lat="22.5830150" lon="88.3619420">
    <ele>9.7</ele>
    <time>2026-03-14T14:13:30Z</time>
   </trkpt>
   <trkpt lat="22.5830270" lon="88.3619470">
    <ele>9.7</ele>
    <time>2026-03-14T14:13:31Z</time>
   </trkpt>
   <trkpt lat="22.5830300" lon="88.3619510">
    <ele>9.7</ele>
    <time>2026-03-14T14:13:32Z</time>
   </trkpt>
   <trkpt lat="22.5830440" lon="88.3619560">
    <ele>9.7</ele>
    <time>2026-03-14T14:13:33Z</time>
   </trkpt>
   <trkpt lat="22.5830570" lon="88.3619640">
    <ele>9.7</ele>
    <time>2026-03-14T14:13:34Z</time>
   </trkpt>
   <trkpt lat="22.5830630" lon="88.3619560">
    <ele>9.7</ele>
    <time>2026-03-14T14:13:35Z</time>
   </trkpt>
   <trkpt lat="22.5830630" lon="88.3619480">
    <ele>9.7</ele>
    <time>2026-03-14T14:13:36Z</time>
   </trkpt>
   <trkpt lat="22.5830660" lon="88.3619420">
    <ele>9.7</ele>
    <time>2026-03-14T14:13:37Z</time>
   </trkpt>
   <trkpt lat="22.5830720" lon="88.3619410">
    <ele>9.7</ele>
    <time>2026-03-14T14:13:38Z</time>
   </trkpt>
   <trkpt lat="22.5830880" lon="88.3619420">
    <ele>9.7</ele>
    <time>2026-03-14T14:13:39Z</time>
   </trkpt>
   <trkpt lat="22.5831090" lon="88.3619440">
    <ele>9.7</ele>
    <time>2026-03-14T14:13:40Z</time>
   </trkpt>
   <trkpt lat="22.5831170" lon="88.3619460">
    <ele>9.7</ele>
    <time>2026-03-14T14:13:41Z</time>
   </trkpt>
   <trkpt lat="22.5831240" lon="88.3619470">
    <ele>9.7</ele>
    <time>2026-03-14T14:13:42Z</time>
   </trkpt>
   <trkpt lat="22.5831330" lon="88.3619460">
    <ele>9.7</ele>
    <time>2026-03-14T14:13:43Z</time>
   </trkpt>
   <trkpt lat="22.5831520" lon="88.3619440">
    <ele>9.8</ele>
    <time>2026-03-14T14:13:44Z</time>
   </trkpt>
   <trkpt lat="22.5831750" lon="88.3619680">
    <ele>9.8</ele>
    <time>2026-03-14T14:13:45Z</time>
   </trkpt>
   <trkpt lat="22.5831780" lon="88.3619820">
    <ele>9.8</ele>
    <time>2026-03-14T14:13:46Z</time>
   </trkpt>
   <trkpt lat="22.5831800" lon="88.3619770">
    <ele>9.8</ele>
    <time>2026-03-14T14:13:47Z</time>
   </trkpt>
   <trkpt lat="22.5831910" lon="88.3619750">
    <ele>9.8</ele>
    <time>2026-03-14T14:13:48Z</time>
   </trkpt>
   <trkpt lat="22.5832110" lon="88.3619770">
    <ele>9.8</ele>
    <time>2026-03-14T14:13:49Z</time>
   </trkpt>
   <trkpt lat="22.5832350" lon="88.3619870">
    <ele>9.8</ele>
    <time>2026-03-14T14:13:50Z</time>
   </trkpt>
   <trkpt lat="22.5832470" lon="88.3619930">
    <ele>9.8</ele>
    <time>2026-03-14T14:13:51Z</time>
   </trkpt>
   <trkpt lat="22.5832600" lon="88.3620040">
    <ele>9.8</ele>
    <time>2026-03-14T14:13:52Z</time>
   </trkpt>
   <trkpt lat="22.5832650" lon="88.3620000">
    <ele>9.8</ele>
    <time>2026-03-14T14:13:53Z</time>
   </trkpt>
   <trkpt lat="22.5832740" lon="88.3620060">
    <ele>9.8</ele>
    <time>2026-03-14T14:13:54Z</time>
   </trkpt>
   <trkpt lat="22.5832900" lon="88.3620200">
    <ele>9.8</ele>
    <time>2026-03-14T14:13:55Z</time>
   </trkpt>
   <trkpt lat="22.5833060" lon="88.3620240">
    <ele>9.8</ele>
    <time>2026-03-14T14:13:56Z</time>
   </trkpt>
   <trkpt lat="22.5833240" lon="88.3620260">
    <ele>9.8</ele>
    <time>2026-03-14T14:13:57Z</time>
   </trkpt>
   <trkpt lat="22.5833400" lon="88.3620300">
    <ele>9.8</ele>
    <time>2026-03-14T14:13:58Z</time>
   </trkpt>
   <trkpt lat="22.5833600" lon="88.3620330">
    <ele>9.8</ele>
    <time>2026-03-14T14:13:59Z</time>
   </trkpt>
   <trkpt lat="22.5833710" lon="88.3620320">
    <ele>9.8</ele>
    <time>2026-03-14T14:14:00Z</time>
   </trkpt>
   <trkpt lat="22.5833950" lon="88.3620250">
    <ele>9.8</ele>
    <time>2026-03-14T14:14:01Z</time>
   </trkpt>
   <trkpt lat="22.5834020" lon="88.3620240">
    <ele>9.8</ele>
    <time>2026-03-14T14:14:02Z</time>
   </trkpt>
   <trkpt lat="22.5834080" lon="88.3620220">
    <ele>9.8</ele>
    <time>2026-03-14T14:14:03Z</time>
   </trkpt>
   <trkpt lat="22.5834200" lon="88.3620270">
    <ele>9.8</ele>
    <time>2026-03-14T14:14:04Z</time>
   </trkpt>
   <trkpt lat="22.5834310" lon="88.3620310">
    <ele>9.8</ele>
    <time>2026-03-14T14:14:05Z</time>
   </trkpt>
   <trkpt lat="22.5834380" lon="88.3620400">
    <ele>9.8</ele>
    <time>2026-03-14T14:14:06Z</time>
   </trkpt>
   <trkpt lat="22.5834530" lon="88.3620450">
    <ele>9.8</ele>
    <time>2026-03-14T14:14:07Z</time>
   </trkpt>
   <trkpt lat="22.5834640" lon="88.3620490">
    <ele>9.8</ele>
    <time>2026-03-14T14:14:08Z</time>
   </trkpt>
   <trkpt lat="22.5834770" lon="88.3620560">
    <ele>9.8</ele>
    <time>2026-03-14T14:14:09Z</time>
   </trkpt>
   <trkpt lat="22.5834960" lon="88.3620570">
    <ele>9.8</ele>
    <time>2026-03-14T14:14:10Z</time>
   </trkpt>
   <trkpt lat="22.5835070" lon="88.3620650">
    <ele>9.8</ele>
    <time>2026-03-14T14:14:11Z</time>
   </trkpt>
   <trkpt lat="22.5835200" lon="88.3620630">
    <ele>9.8</ele>
    <time>2026-03-14T14:14:12Z</time>
   </trkpt>
   <trkpt lat="22.5835290" lon="88.3620620">
    <ele>9.8</ele>
    <time>2026-03-14T14:14:13Z</time>
   </trkpt>
   <trkpt lat="22.5835360" lon="88.3620710">
    <ele>9.8</ele>
    <time>2026-03-14T14:14:14Z</time>
   </trkpt>
   <trkpt lat="22.5835480" lon="88.3620680">
    <ele>9.8</ele>
    <time>2026-03-14T14:14:15Z</time>
   </trkpt>
   <trkpt lat="22.5835460" lon="88.3620760">
    <ele>9.8</ele>
    <time>2026-03-14T14:14:16Z</time>
   </trkpt>
   <trkpt lat="22.5835570" lon="88.3620850">
    <ele>9.8</ele>
    <time>2026-03-14T14:14:17Z</time>
   </trkpt>
   <trkpt lat="22.5835860" lon="88.3620820">
    <ele>9.8</ele>
    <time>2026-03-14T14:14:18Z</time>
   </trkpt>
   <trkpt lat="22.5835990" lon="88.3620760">
    <ele>9.9</ele>
    <time>2026-03-14T14:14:19Z</time>
   </trkpt>
   <trkpt lat="22.5836140" lon="88.3620760">
    <ele>9.9</ele>
    <time>2026-03-14T14:14:20Z</time>
   </trkpt>
   <trkpt lat="22.5836130" lon="88.3620900">
    <ele>9.9</ele>
    <time>2026-03-14T14:14:21Z</time>
   </trkpt>
   <trkpt lat="22.5836230" lon="88.3620920">
    <ele>9.9</ele>
    <time>2026-03-14T14:14:22Z</time>
   </trkpt>
   <trkpt lat="22.5836360" lon="88.3620960">
    <ele>9.9</ele>
    <time>2026-03-14T14:14:23Z</time>
   </trkpt>
   <trkpt lat="22.5836520" lon="88.3620990">
    <ele>9.9</ele>
    <time>2026-03-14T14:14:24Z</time>
   </trkpt>
   <trkpt lat="22.5836710" lon="88.3621050">
    <ele>9.9</ele>
    <time>2026-03-14T14:14:25Z</time>
   </trkpt>
   <trkpt lat="22.5836810" lon="88.3621130">
    <ele>9.9</ele>
    <time>2026-03-14T14:14:26Z</time>
   </trkpt>
   <trkpt lat="22.5836900" lon="88.3621200">
    <ele>9.9</ele>
    <time>2026-03-14T14:14:27Z</time>
   </trkpt>
   <trkpt lat="22.5837120" lon="88.3621220">
    <ele>9.9</ele>
    <time>2026-03-14T14:14:28Z</time>
   </trkpt>
   <trkpt lat="22.5837210" lon="88.3621200">
    <ele>9.9</ele>
    <time>2026-03-14T14:14:29Z</time>
   </trkpt>
   <trkpt lat="22.5837300" lon="88.3621170">
    <ele>9.9</ele>
    <time>2026-03-14T14:14:30Z</time>
   </trkpt>
   <trkpt lat="22.5837510" lon="88.3621320">
    <ele>9.9</ele>
    <time>2026-03-14T14:14:31Z</time>
   </trkpt>
   <trkpt lat="22.5837620" lon="88.3621350">
    <ele>9.9</ele>
    <time>2026-03-14T14:14:32Z</time>
   </trkpt>
   <trkpt lat="22.5837720" lon="88.3621380">
    <ele>9.9</ele>
    <time>2026-03-14T14:14:33Z</time>
   </trkpt>
   <trkpt lat="22.5837960" lon="88.3621350">
    <ele>9.9</ele>
    <time>2026-03-14T14:14:34Z</time>
   </trkpt>
   <trkpt lat="22.5838000" lon="88.3621420">
    <ele>9.9</ele>
    <time>2026-03-14T14:14:35Z</time>
   </trkpt>
   <trkpt lat="22.5838040" lon="88.3621460">
    <ele>9.9</ele>
    <time>2026-03-14T14:14:36Z</time>
   </trkpt>
   <trkpt lat="22.5838150" lon="88.3621500">
    <ele>9.9</ele>
    <time>2026-03-14T14:14:37Z</time>
   </trkpt>
   <trkpt lat="22.5838340" lon="88.3621530">
    <ele>9.9</ele>
    <time>2026-03-14T14:14:38Z</time>
   </trkpt>
   <trkpt lat="22.5838620" lon="88.3621610">
    <ele>9.9</ele>
    <time>2026-03-14T14:14:39Z</time>
   </trkpt>
   <trkpt lat="22.5838700" lon="88.3621700">
    <ele>9.9</ele>
    <time>2026-03-14T14:14:40Z</time>
   </trkpt>
   <trkpt lat="22.5838840" lon="88.3621620">
    <ele>9.9</ele>
    <time>2026-03-14T14:14:41Z</time>
   </trkpt>
   <trkpt lat="22.5838930" lon="88.3621560">
    <ele>9.9</ele>
    <time>2026-03-14T14:14:42Z</time>
   </trkpt>
   <trkpt lat="22.5839020" lon="88.3621510">
    <ele>9.9</ele>
    <time>2026-03-14T14:14:43Z</time>
   </trkpt>
   <trkpt lat="22.5839240" lon="88.3621490">
    <ele>9.9</ele>
    <time>2026-03-14T14:14:44Z</time>
   </trkpt>
   <trkpt lat="22.5839370" lon="88.3621400">
    <ele>9.9</ele>
    <time>2026-03-14T14:14:45Z</time>
   </trkpt>
   <trkpt lat="22.5839620" lon="88.3621410">
    <ele>10.0</ele>
    <time>2026-03-14T14:14:46Z</time>
   </trkpt>
   <trkpt lat="22.5839730" lon="88.3621410">
    <ele>10.0</ele>
    <time>2026-03-14T14:14:47Z</time>
   </trkpt>
   <trkpt lat="22.5839840" lon="88.3621410">
    <ele>10.0</ele>
    <time>2026-03-14T14:14:48Z</time>
   </trkpt>
   <trkpt lat="22.5839880" lon="88.3621700">
    <ele>10.0</ele>
    <time>2026-03-14T14:14:49Z</time>
   </trkpt>
   <trkpt lat="22.5839830" lon="88.3622030">
    <ele>10.0</ele>
    <time>2026-03-14T14:14:50Z</time>
   </trkpt>
   <trkpt lat="22.5839700" lon="88.3622210">
    <ele>10.0</ele>
    <time>2026-03-14T14:14:51Z</time>
   </trkpt>
   <trkpt lat="22.5839640" lon="88.3622170">
    <ele>10.0</ele>
    <time>2026-03-14T14:14:52Z</time>
   </trkpt>
   <trkpt lat="22.5839720" lon="88.3622220">
    <ele>10.0</ele>
    <time>2026-03-14T14:14:53Z</time>
   </trkpt>
   <trkpt lat="22.5839820" lon="88.3622250">
    <ele>10.0</ele>
    <time>2026-03-14T14:14:54Z</time>
   </trkpt>
   <trkpt lat="22.5839900" lon="88.3622260">
    <ele>10.0</ele>
    <time>2026-03-14T14:14:56Z</time>
   </trkpt>
   <trkpt lat="22.5839970" lon="88.3622340">
    <ele>10.0</ele>
    <time>2026-03-14T14:14:57Z</time>
   </trkpt>
   <trkpt lat="22.5840040" lon="88.3622490">
    <ele>10.0</ele>
    <time>2026-03-14T14:14:58Z</time>
   </trkpt>
   <trkpt lat="22.5840100" lon="88.3622560">
    <ele>10.0</ele>
    <time>2026-03-14T14:14:59Z</time>
   </trkpt>
   <trkpt lat="22.5840230" lon="88.3622560">
    <ele>10.1</ele>
    <time>2026-03-14T14:15:00Z</time>
   </trkpt>
   <trkpt lat="22.5840370" lon="88.3622630">
    <ele>10.1</ele>
    <time>2026-03-14T14:15:01Z</time>
   </trkpt>
   <trkpt lat="22.5840430" lon="88.3622700">
    <ele>10.1</ele>
    <time>2026-03-14T14:15:02Z</time>
   </trkpt>
   <trkpt lat="22.5840480" lon="88.3622760">
    <ele>10.1</ele>
    <time>2026-03-14T14:15:03Z</time>
   </trkpt>
   <trkpt lat="22.5840540" lon="88.3622830">
    <ele>10.1</ele>
    <time>2026-03-14T14:15:04Z</time>
   </trkpt>
   <trkpt lat="22.5840720" lon="88.3622860">
    <ele>10.1</ele>
    <time>2026-03-14T14:15:05Z</time>
   </trkpt>
   <trkpt lat="22.5840810" lon="88.3622900">
    <ele>10.1</ele>
    <time>2026-03-14T14:15:06Z</time>
   </trkpt>
   <trkpt lat="22.5840910" lon="88.3622940">
    <ele>10.1</ele>
    <time>2026-03-14T14:15:07Z</time>
   </trkpt>
   <trkpt lat="22.5841180" lon="88.3623080">
    <ele>10.1</ele>
    <time>2026-03-14T14:15:08Z</time>
   </trkpt>
   <trkpt lat="22.5841350" lon="88.3623110">
    <ele>10.1</ele>
    <time>2026-03-14T14:15:09Z</time>
   </trkpt>
   <trkpt lat="22.5841460" lon="88.3623180">
    <ele>10.1</ele>
    <time>2026-03-14T14:15:10Z</time>
   </trkpt>
   <trkpt lat="22.5841590" lon="88.3623220">
    <ele>10.1</ele>
    <time>2026-03-14T14:15:11Z</time>
   </trkpt>
   <trkpt lat="22.5841650" lon="88.3623200">
    <ele>10.1</ele>
    <time>2026-03-14T14:15:12Z</time>
   </trkpt>
   <trkpt lat="22.5841750" lon="88.3623200">
    <ele>10.1</ele>
    <time>2026-03-14T14:15:13Z</time>
   </trkpt>
   <trkpt lat="22.5841990" lon="88.3623270">
    <ele>10.1</ele>
    <time>2026-03-14T14:15:14Z</time>
   </trkpt>
   <trkpt lat="22.5842180" lon="88.3623300">
    <ele>10.1</ele>
    <time>2026-03-14T14:15:15Z</time>
   </trkpt>
   <trkpt lat="22.5842270" lon="88.3623340">
    <ele>10.1</ele>
    <time>2026-03-14T14:15:16Z</time>
   </trkpt>
   <trkpt lat="22.5842360" lon="88.3623370">
    <ele>10.1</ele>
    <time>2026-03-14T14:15:17Z</time>
   </trkpt>
   <trkpt lat="22.5842550" lon="88.3623380">
    <ele>10.1</ele>
    <time>2026-03-14T14:15:18Z</time>
   </trkpt>
   <trkpt lat="22.5842640" lon="88.3623270">
    <ele>10.1</ele>
    <time>2026-03-14T14:15:19Z</time>
   </trkpt>
   <trkpt lat="22.5842810" lon="88.3623250">
    <ele>10.1</ele>
    <time>2026-03-14T14:15:20Z</time>
   </trkpt>
   <trkpt lat="22.5842910" lon="88.3623260">
    <ele>10.1</ele>
    <time>2026-03-14T14:15:21Z</time>
   </trkpt>
   <trkpt lat="22.5843010" lon="88.3623260">
    <ele>10.1</ele>
    <time>2026-03-14T14:15:22Z</time>
   </trkpt>
   <trkpt lat="22.5843110" lon="88.3623270">
    <ele>10.1</ele>
    <time>2026-03-14T14:15:23Z</time>
   </trkpt>
   <trkpt lat="22.5843280" lon="88.3623310">
    <ele>10.1</ele>
    <time>2026-03-14T14:15:24Z</time>
   </trkpt>
   <trkpt lat="22.5843260" lon="88.3623330">
    <ele>10.1</ele>
    <time>2026-03-14T14:15:25Z</time>
   </trkpt>
   <trkpt lat="22.5843360" lon="88.3623430">
    <ele>10.1</ele>
    <time>2026-03-14T14:15:26Z</time>
   </trkpt>
   <trkpt lat="22.5843490" lon="88.3623450">
    <ele>10.1</ele>
    <time>2026-03-14T14:15:27Z</time>
   </trkpt>
   <trkpt lat="22.5843600" lon="88.3623460">
    <ele>10.1</ele>
    <time>2026-03-14T14:15:28Z</time>
   </trkpt>
   <trkpt lat="22.5843720" lon="88.3623470">
    <ele>10.1</ele>
    <time>2026-03-14T14:15:29Z</time>
   </trkpt>
   <trkpt lat="22.5843830" lon="88.3623480">
    <ele>10.1</ele>
    <time>2026-03-14T14:15:30Z</time>
   </trkpt>
   <trkpt lat="22.5844130" lon="88.3623440">
    <ele>10.1</ele>
    <time>2026-03-14T14:15:31Z</time>
   </trkpt>
   <trkpt lat="22.5844240" lon="88.3623450">
    <ele>10.1</ele>
    <time>2026-03-14T14:15:32Z</time>
   </trkpt>
   <trkpt lat="22.5844360" lon="88.3623470">
    <ele>10.1</ele>
    <time>2026-03-14T14:15:33Z</time>
   </trkpt>
   <trkpt lat="22.5844520" lon="88.3623520">
    <ele>10.0</ele>
    <time>2026-03-14T14:15:34Z</time>
   </trkpt>
   <trkpt lat="22.5844530" lon="88.3623490">
    <ele>10.0</ele>
    <time>2026-03-14T14:15:35Z</time>
   </trkpt>
   <trkpt lat="22.5844640" lon="88.3623570">
    <ele>10.0</ele>
    <time>2026-03-14T14:15:36Z</time>
   </trkpt>
   <trkpt lat="22.5844740" lon="88.3623600">
    <ele>10.0</ele>
    <time>2026-03-14T14:15:37Z</time>
   </trkpt>
   <trkpt lat="22.5844840" lon="88.3623620">
    <ele>10.0</ele>
    <time>2026-03-14T14:15:38Z</time>
   </trkpt>
   <trkpt lat="22.5844930" lon="88.3623670">
    <ele>10.0</ele>
    <time>2026-03-14T14:15:39Z</time>
   </trkpt>
   <trkpt lat="22.5845080" lon="88.3623760">
    <ele>10.0</ele>
    <time>2026-03-14T14:15:40Z</time>
   </trkpt>
   <trkpt lat="22.5845140" lon="88.3623810">
    <ele>10.0</ele>
    <time>2026-03-14T14:15:41Z</time>
   </trkpt>
   <trkpt lat="22.5845240" lon="88.3623850">
    <ele>10.0</ele>
    <time>2026-03-14T14:15:42Z</time>
   </trkpt>
   <trkpt lat="22.5845450" lon="88.3623720">
    <ele>10.0</ele>
    <time>2026-03-14T14:15:43Z</time>
   </trkpt>
   <trkpt lat="22.5845580" lon="88.3623730">
    <ele>10.0</ele>
    <time>2026-03-14T14:15:44Z</time>
   </trkpt>
   <trkpt lat="22.5845720" lon="88.3623660">
    <ele>10.0</ele>
    <time>2026-03-14T14:15:45Z</time>
   </trkpt>
   <trkpt lat="22.5845860" lon="88.3623660">
    <ele>10.0</ele>
    <time>2026-03-14T14:15:46Z</time>
   </trkpt>
   <trkpt lat="22.5846010" lon="88.3623640">
    <ele>10.0</ele>
    <time>2026-03-14T14:15:47Z</time>
   </trkpt>
   <trkpt lat="22.5846070" lon="88.3623690">
    <ele>10.0</ele>
    <time>2026-03-14T14:15:48Z</time>
   </trkpt>
   <trkpt lat="22.5846170" lon="88.3623700">
    <ele>10.0</ele>
    <time>2026-03-14T14:15:49Z</time>
   </trkpt>
   <trkpt lat="22.5846250" lon="88.3623710">
    <ele>10.0</ele>
    <time>2026-03-14T14:15:50Z</time>
   </trkpt>
   <trkpt lat="22.5846350" lon="88.3623720">
    <ele>10.0</ele>
    <time>2026-03-14T14:15:51Z</time>
   </trkpt>
   <trkpt lat="22.5846350" lon="88.3623670">
    <ele>10.0</ele>
    <time>2026-03-14T14:15:52Z</time>
   </trkpt>
   <trkpt lat="22.5846480" lon="88.3623630">
    <ele>10.0</ele>
    <time>2026-03-14T14:15:53Z</time>
   </trkpt>
   <trkpt lat="22.5846560" lon="88.3623640">
    <ele>10.0</ele>
    <time>2026-03-14T14:15:54Z</time>
   </trkpt>
   <trkpt lat="22.5846690" lon="88.3623640">
    <ele>10.0</ele>
    <time>2026-03-14T14:15:55Z</time>
   </trkpt>
   <trkpt lat="22.5846930" lon="88.3623700">
    <ele>10.0</ele>
    <time>2026-03-14T14:15:56Z</time>
   </trkpt>
   <trkpt lat="22.5846990" lon="88.3623710">
    <ele>10.0</ele>
    <time>2026-03-14T14:15:57Z</time>
   </trkpt>
   <trkpt lat="22.5847050" lon="88.3623730">
    <ele>10.0</ele>
    <time>2026-03-14T14:15:58Z</time>
   </trkpt>
   <trkpt lat="22.5847250" lon="88.3623710">
    <ele>10.0</ele>
    <time>2026-03-14T14:15:59Z</time>
   </trkpt>
   <trkpt lat="22.5847340" lon="88.3623690">
    <ele>10.0</ele>
    <time>2026-03-14T14:16:00Z</time>
   </trkpt>
   <trkpt lat="22.5847440" lon="88.3623670">
    <ele>10.0</ele>
    <time>2026-03-14T14:16:01Z</time>
   </trkpt>
   <trkpt lat="22.5847630" lon="88.3623740">
    <ele>10.0</ele>
    <time>2026-03-14T14:16:02Z</time>
   </trkpt>
   <trkpt lat="22.5847720" lon="88.3623770">
    <ele>10.0</ele>
    <time>2026-03-14T14:16:03Z</time>
   </trkpt>
   <trkpt lat="22.5847820" lon="88.3623810">
    <ele>10.0</ele>
    <time>2026-03-14T14:16:04Z</time>
   </trkpt>
   <trkpt lat="22.5847930" lon="88.3623850">
    <ele>10.0</ele>
    <time>2026-03-14T14:16:05Z</time>
   </trkpt>
   <trkpt lat="22.5848010" lon="88.3623850">
    <ele>10.0</ele>
    <time>2026-03-14T14:16:06Z</time>
   </trkpt>
   <trkpt lat="22.5848120" lon="88.3623890">
    <ele>10.0</ele>
    <time>2026-03-14T14:16:07Z</time>
   </trkpt>
   <trkpt lat="22.5848260" lon="88.3623990">
    <ele>10.0</ele>
    <time>2026-03-14T14:16:08Z</time>
   </trkpt>
   <trkpt lat="22.5848360" lon="88.3624040">
    <ele>10.0</ele>
    <time>2026-03-14T14:16:09Z</time>
   </trkpt>
   <trkpt lat="22.5848470" lon="88.3624090">
    <ele>10.0</ele>
    <time>2026-03-14T14:16:10Z</time>
   </trkpt>
   <trkpt lat="22.5848640" lon="88.3624150">
    <ele>10.0</ele>
    <time>2026-03-14T14:16:11Z</time>
   </trkpt>
   <trkpt lat="22.5848710" lon="88.3624180">
    <ele>10.0</ele>
    <time>2026-03-14T14:16:12Z</time>
   </trkpt>
   <trkpt lat="22.5848770" lon="88.3624220">
    <ele>10.0</ele>
    <time>2026-03-14T14:16:13Z</time>
   </trkpt>
   <trkpt lat="22.5848830" lon="88.3624250">
    <ele>10.0</ele>
    <time>2026-03-14T14:16:14Z</time>
   </trkpt>
   <trkpt lat="22.5849050" lon="88.3624350">
    <ele>10.0</ele>
    <time>2026-03-14T14:16:15Z</time>
   </trkpt>
   <trkpt lat="22.5849140" lon="88.3624360">
    <ele>10.0</ele>
    <time>2026-03-14T14:16:16Z</time>
   </trkpt>
   <trkpt lat="22.5849240" lon="88.3624380">
    <ele>10.0</ele>
    <time>2026-03-14T14:16:17Z</time>
   </trkpt>
   <trkpt lat="22.5849450" lon="88.3624470">
    <ele>10.0</ele>
    <time>2026-03-14T14:16:18Z</time>
   </trkpt>
   <trkpt lat="22.5849510" lon="88.3624510">
    <ele>10.0</ele>
    <time>2026-03-14T14:16:19Z</time>
   </trkpt>
   <trkpt lat="22.5849580" lon="88.3624540">
    <ele>10.0</ele>
    <time>2026-03-14T14:16:20Z</time>
   </trkpt>
   <trkpt lat="22.5849800" lon="88.3624680">
    <ele>10.0</ele>
    <time>2026-03-14T14:16:21Z</time>
   </trkpt>
   <trkpt lat="22.5849920" lon="88.3624770">
    <ele>10.0</ele>
    <time>2026-03-14T14:16:22Z</time>
   </trkpt>
   <trkpt lat="22.5850070" lon="88.3624790">
    <ele>10.0</ele>
    <time>2026-03-14T14:16:23Z</time>
   </trkpt>
   <trkpt lat="22.5850260" lon="88.3624760">
    <ele>10.0</ele>
    <time>2026-03-14T14:16:24Z</time>
   </trkpt>
   <trkpt lat="22.5850430" lon="88.3624790">
    <ele>10.0</ele>
    <time>2026-03-14T14:16:25Z</time>
   </trkpt>
   <trkpt lat="22.5850550" lon="88.3624830">
    <ele>10.0</ele>
    <time>2026-03-14T14:16:26Z</time>
   </trkpt>
   <trkpt lat="22.5850680" lon="88.3624850">
    <ele>10.0</ele>
    <time>2026-03-14T14:16:27Z</time>
   </trkpt>
   <trkpt lat="22.5850700" lon="88.3624890">
    <ele>10.0</ele>
    <time>2026-03-14T14:16:28Z</time>
   </trkpt>
   <trkpt lat="22.5850460" lon="88.3624970">
    <ele>10.0</ele>
    <time>2026-03-14T14:16:29Z</time>
   </trkpt>
   <trkpt lat="22.5850420" lon="88.3624990">
    <ele>10.0</ele>
    <time>2026-03-14T14:16:30Z</time>
   </trkpt>
   <trkpt lat="22.5850690" lon="88.3625170">
    <ele>10.0</ele>
    <time>2026-03-14T14:16:31Z</time>
   </trkpt>
   <trkpt lat="22.5850730" lon="88.3625220">
    <ele>10.0</ele>
    <time>2026-03-14T14:16:32Z</time>
   </trkpt>
   <trkpt lat="22.5850850" lon="88.3625310">
    <ele>10.0</ele>
    <time>2026-03-14T14:16:33Z</time>
   </trkpt>
   <trkpt lat="22.5850980" lon="88.3625370">
    <ele>10.0</ele>
    <time>2026-03-14T14:16:34Z</time>
   </trkpt>
   <trkpt lat="22.5851020" lon="88.3625410">
    <ele>10.0</ele>
    <time>2026-03-14T14:16:35Z</time>
   </trkpt>
   <trkpt lat="22.5851090" lon="88.3625490">
    <ele>10.0</ele>
    <time>2026-03-14T14:16:36Z</time>
   </trkpt>
   <trkpt lat="22.5851140" lon="88.3625520">
    <ele>10.0</ele>
    <time>2026-03-14T14:16:37Z</time>
   </trkpt>
   <trkpt lat="22.5851250" lon="88.3625590">
    <ele>10.0</ele>
    <time>2026-03-14T14:16:38Z</time>
   </trkpt>
   <trkpt lat="22.5851350" lon="88.3625630">
    <ele>10.0</ele>
    <time>2026-03-14T14:16:39Z</time>
   </trkpt>
   <trkpt lat="22.5851460" lon="88.3625640">
    <ele>10.0</ele>
    <time>2026-03-14T14:16:40Z</time>
   </trkpt>
   <trkpt lat="22.5851520" lon="88.3625750">
    <ele>10.0</ele>
    <time>2026-03-14T14:16:41Z</time>
   </trkpt>
   <trkpt lat="22.5851660" lon="88.3625740">
    <ele>10.0</ele>
    <time>2026-03-14T14:16:42Z</time>
   </trkpt>
   <trkpt lat="22.5851740" lon="88.3625800">
    <ele>10.0</ele>
    <time>2026-03-14T14:16:43Z</time>
   </trkpt>
   <trkpt lat="22.5851790" lon="88.3625810">
    <ele>10.0</ele>
    <time>2026-03-14T14:16:44Z</time>
   </trkpt>
   <trkpt lat="22.5851880" lon="88.3625510">
    <ele>10.0</ele>
    <time>2026-03-14T14:16:45Z</time>
   </trkpt>
   <trkpt lat="22.5851970" lon="88.3625310">
    <ele>10.0</ele>
    <time>2026-03-14T14:16:46Z</time>
   </trkpt>
   <trkpt lat="22.5852050" lon="88.3625220">
    <ele>10.0</ele>
    <time>2026-03-14T14:16:47Z</time>
   </trkpt>
   <trkpt lat="22.5852260" lon="88.3625130">
    <ele>9.9</ele>
    <time>2026-03-14T14:16:48Z</time>
   </trkpt>
   <trkpt lat="22.5852350" lon="88.3625120">
    <ele>9.9</ele>
    <time>2026-03-14T14:16:49Z</time>
   </trkpt>
   <trkpt lat="22.5852430" lon="88.3625110">
    <ele>9.9</ele>
    <time>2026-03-14T14:16:50Z</time>
   </trkpt>
   <trkpt lat="22.5852620" lon="88.3625070">
    <ele>9.9</ele>
    <time>2026-03-14T14:16:51Z</time>
   </trkpt>
   <trkpt lat="22.5852740" lon="88.3625130">
    <ele>9.9</ele>
    <time>2026-03-14T14:16:52Z</time>
   </trkpt>
   <trkpt lat="22.5852880" lon="88.3625160">
    <ele>9.9</ele>
    <time>2026-03-14T14:16:53Z</time>
   </trkpt>
   <trkpt lat="22.5852930" lon="88.3625150">
    <ele>9.9</ele>
    <time>2026-03-14T14:16:54Z</time>
   </trkpt>
   <trkpt lat="22.5853030" lon="88.3625160">
    <ele>9.9</ele>
    <time>2026-03-14T14:16:55Z</time>
   </trkpt>
   <trkpt lat="22.5853310" lon="88.3625070">
    <ele>9.9</ele>
    <time>2026-03-14T14:16:56Z</time>
   </trkpt>
   <trkpt lat="22.5853430" lon="88.3625200">
    <ele>9.9</ele>
    <time>2026-03-14T14:16:57Z</time>
   </trkpt>
   <trkpt lat="22.5853600" lon="88.3625170">
    <ele>9.9</ele>
    <time>2026-03-14T14:16:58Z</time>
   </trkpt>
   <trkpt lat="22.5853620" lon="88.3625220">
    <ele>9.9</ele>
    <time>2026-03-14T14:16:59Z</time>
   </trkpt>
   <trkpt lat="22.5853700" lon="88.3625280">
    <ele>9.9</ele>
    <time>2026-03-14T14:17:00Z</time>
   </trkpt>
   <trkpt lat="22.5853760" lon="88.3625300">
    <ele>9.9</ele>
    <time>2026-03-14T14:17:02Z</time>
   </trkpt>
   <trkpt lat="22.5853940" lon="88.3625290">
    <ele>9.9</ele>
    <time>2026-03-14T14:17:03Z</time>
   </trkpt>
   <trkpt lat="22.5854070" lon="88.3625380">
    <ele>9.9</ele>
    <time>2026-03-14T14:17:04Z</time>
   </trkpt>
   <trkpt lat="22.5854120" lon="88.3625440">
    <ele>9.9</ele>
    <time>2026-03-14T14:17:05Z</time>
   </trkpt>
   <trkpt lat="22.5854230" lon="88.3625460">
    <ele>9.9</ele>
    <time>2026-03-14T14:17:06Z</time>
   </trkpt>
   <trkpt lat="22.5854410" lon="88.3625580">
    <ele>9.9</ele>
    <time>2026-03-14T14:17:07Z</time>
   </trkpt>
   <trkpt lat="22.5854480" lon="88.3625640">
    <ele>10.0</ele>
    <time>2026-03-14T14:17:08Z</time>
   </trkpt>
   <trkpt lat="22.5854600" lon="88.3625710">
    <ele>10.0</ele>
    <time>2026-03-14T14:17:09Z</time>
   </trkpt>
   <trkpt lat="22.5854650" lon="88.3625720">
    <ele>10.0</ele>
    <time>2026-03-14T14:17:10Z</time>
   </trkpt>
   <trkpt lat="22.5854740" lon="88.3625770">
    <ele>10.0</ele>
    <time>2026-03-14T14:17:11Z</time>
   </trkpt>
   <trkpt lat="22.5854870" lon="88.3625790">
    <ele>10.0</ele>
    <time>2026-03-14T14:17:12Z</time>
   </trkpt>
   <trkpt lat="22.5855090" lon="88.3625790">
    <ele>10.0</ele>
    <time>2026-03-14T14:17:13Z</time>
   </trkpt>
   <trkpt lat="22.5855160" lon="88.3625760">
    <ele>10.0</ele>
    <time>2026-03-14T14:17:14Z</time>
   </trkpt>
   <trkpt lat="22.5855230" lon="88.3625790">
    <ele>10.0</ele>
    <time>2026-03-14T14:17:15Z</time>
   </trkpt>
   <trkpt lat="22.5855410" lon="88.3625830">
    <ele>9.9</ele>
    <time>2026-03-14T14:17:16Z</time>
   </trkpt>
   <trkpt lat="22.5855540" lon="88.3625870">
    <ele>9.9</ele>
    <time>2026-03-14T14:17:17Z</time>
   </trkpt>
   <trkpt lat="22.5855620" lon="88.3625900">
    <ele>9.9</ele>
    <time>2026-03-14T14:17:18Z</time>
   </trkpt>
   <trkpt lat="22.5855650" lon="88.3626000">
    <ele>9.9</ele>
    <time>2026-03-14T14:17:19Z</time>
   </trkpt>
   <trkpt lat="22.5855690" lon="88.3626080">
    <ele>9.9</ele>
    <time>2026-03-14T14:17:20Z</time>
   </trkpt>
   <trkpt lat="22.5855860" lon="88.3626120">
    <ele>9.9</ele>
    <time>2026-03-14T14:17:21Z</time>
   </trkpt>
   <trkpt lat="22.5855980" lon="88.3626050">
    <ele>9.9</ele>
    <time>2026-03-14T14:17:22Z</time>
   </trkpt>
   <trkpt lat="22.5856140" lon="88.3626100">
    <ele>9.9</ele>
    <time>2026-03-14T14:17:23Z</time>
   </trkpt>
   <trkpt lat="22.5856330" lon="88.3626110">
    <ele>9.9</ele>
    <time>2026-03-14T14:17:24Z</time>
   </trkpt>
   <trkpt lat="22.5856430" lon="88.3626130">
    <ele>9.9</ele>
    <time>2026-03-14T14:17:25Z</time>
   </trkpt>
   <trkpt lat="22.5856540" lon="88.3626180">
    <ele>9.9</ele>
    <time>2026-03-14T14:17:26Z</time>
   </trkpt>
   <trkpt lat="22.5856700" lon="88.3626240">
    <ele>9.9</ele>
    <time>2026-03-14T14:17:27Z</time>
   </trkpt>
   <trkpt lat="22.5856790" lon="88.3626270">
    <ele>9.9</ele>
    <time>2026-03-14T14:17:28Z</time>
   </trkpt>
   <trkpt lat="22.5856960" lon="88.3626290">
    <ele>9.8</ele>
    <time>2026-03-14T14:17:29Z</time>
   </trkpt>
   <trkpt lat="22.5857030" lon="88.3626310">
    <ele>9.8</ele>
    <time>2026-03-14T14:17:30Z</time>
   </trkpt>
   <trkpt lat="22.5857140" lon="88.3626390">
    <ele>9.8</ele>
    <time>2026-03-14T14:17:31Z</time>
   </trkpt>
   <trkpt lat="22.5857160" lon="88.3626530">
    <ele>9.8</ele>
    <time>2026-03-14T14:17:32Z</time>
   </trkpt>
   <trkpt lat="22.5857220" lon="88.3626700">
    <ele>9.8</ele>
    <time>2026-03-14T14:17:33Z</time>
   </trkpt>
   <trkpt lat="22.5857300" lon="88.3626710">
    <ele>9.8</ele>
    <time>2026-03-14T14:17:34Z</time>
   </trkpt>
   <trkpt lat="22.5857390" lon="88.3626710">
    <ele>9.8</ele>
    <time>2026-03-14T14:17:35Z</time>
   </trkpt>
   <trkpt lat="22.5857470" lon="88.3626720">
    <ele>9.8</ele>
    <time>2026-03-14T14:17:36Z</time>
   </trkpt>
   <trkpt lat="22.5857550" lon="88.3626730">
    <ele>9.8</ele>
    <time>2026-03-14T14:17:37Z</time>
   </trkpt>
   <trkpt lat="22.5857780" lon="88.3626720">
    <ele>9.8</ele>
    <time>2026-03-14T14:17:38Z</time>
   </trkpt>
   <trkpt lat="22.5857850" lon="88.3626740">
    <ele>9.8</ele>
    <time>2026-03-14T14:17:39Z</time>
   </trkpt>
   <trkpt lat="22.5857930" lon="88.3626750">
    <ele>9.8</ele>
    <time>2026-03-14T14:17:40Z</time>
   </trkpt>
   <trkpt lat="22.5858050" lon="88.3626750">
    <ele>9.8</ele>
    <time>2026-03-14T14:17:41Z</time>
   </trkpt>
   <trkpt lat="22.5858140" lon="88.3626780">
    <ele>9.8</ele>
    <time>2026-03-14T14:17:42Z</time>
   </trkpt>
   <trkpt lat="22.5858280" lon="88.3626780">
    <ele>9.8</ele>
    <time>2026-03-14T14:17:43Z</time>
   </trkpt>
   <trkpt lat="22.5858450" lon="88.3626770">
    <ele>9.8</ele>
    <time>2026-03-14T14:17:44Z</time>
   </trkpt>
   <trkpt lat="22.5858490" lon="88.3626780">
    <ele>9.8</ele>
    <time>2026-03-14T14:17:45Z</time>
   </trkpt>
   <trkpt lat="22.5858600" lon="88.3626780">
    <ele>9.8</ele>
    <time>2026-03-14T14:17:46Z</time>
   </trkpt>
   <trkpt lat="22.5858800" lon="88.3626800">
    <ele>9.8</ele>
    <time>2026-03-14T14:17:47Z</time>
   </trkpt>
   <trkpt lat="22.5858810" lon="88.3626760">
    <ele>9.8</ele>
    <time>2026-03-14T14:17:48Z</time>
   </trkpt>
   <trkpt lat="22.5858920" lon="88.3626840">
    <ele>9.8</ele>
    <time>2026-03-14T14:17:49Z</time>
   </trkpt>
   <trkpt lat="22.5859100" lon="88.3626860">
    <ele>9.7</ele>
    <time>2026-03-14T14:17:50Z</time>
   </trkpt>
   <trkpt lat="22.5859170" lon="88.3626870">
    <ele>9.7</ele>
    <time>2026-03-14T14:17:51Z</time>
   </trkpt>
   <trkpt lat="22.5859250" lon="88.3626880">
    <ele>9.7</ele>
    <time>2026-03-14T14:17:52Z</time>
   </trkpt>
   <trkpt lat="22.5859320" lon="88.3626890">
    <ele>9.7</ele>
    <time>2026-03-14T14:17:53Z</time>
   </trkpt>
   <trkpt lat="22.5859360" lon="88.3626960">
    <ele>9.7</ele>
    <time>2026-03-14T14:17:54Z</time>
   </trkpt>
   <trkpt lat="22.5859460" lon="88.3626970">
    <ele>9.7</ele>
    <time>2026-03-14T14:17:55Z</time>
   </trkpt>
   <trkpt lat="22.5859550" lon="88.3626980">
    <ele>9.7</ele>
    <time>2026-03-14T14:17:56Z</time>
   </trkpt>
   <trkpt lat="22.5859650" lon="88.3626990">
    <ele>9.7</ele>
    <time>2026-03-14T14:17:57Z</time>
   </trkpt>
   <trkpt lat="22.5859740" lon="88.3627000">
    <ele>9.7</ele>
    <time>2026-03-14T14:17:58Z</time>
   </trkpt>
   <trkpt lat="22.5859820" lon="88.3627030">
    <ele>9.7</ele>
    <time>2026-03-14T14:17:59Z</time>
   </trkpt>
   <trkpt lat="22.5859890" lon="88.3627060">
    <ele>9.7</ele>
    <time>2026-03-14T14:18:00Z</time>
   </trkpt>
   <trkpt lat="22.5859970" lon="88.3627100">
    <ele>9.7</ele>
    <time>2026-03-14T14:18:01Z</time>
   </trkpt>
   <trkpt lat="22.5859980" lon="88.3627170">
    <ele>9.7</ele>
    <time>2026-03-14T14:18:02Z</time>
   </trkpt>
   <trkpt lat="22.5860000" lon="88.3627220">
    <ele>9.7</ele>
    <time>2026-03-14T14:18:03Z</time>
   </trkpt>
   <trkpt lat="22.5860030" lon="88.3627150">
    <ele>9.7</ele>
    <time>2026-03-14T14:18:04Z</time>
   </trkpt>
   <trkpt lat="22.5860270" lon="88.3627100">
    <ele>9.7</ele>
    <time>2026-03-14T14:18:05Z</time>
   </trkpt>
   <trkpt lat="22.5860470" lon="88.3627100">
    <ele>9.7</ele>
    <time>2026-03-14T14:18:06Z</time>
   </trkpt>
   <trkpt lat="22.5860530" lon="88.3627100">
    <ele>9.7</ele>
    <time>2026-03-14T14:18:07Z</time>
   </trkpt>
   <trkpt lat="22.5860580" lon="88.3627100">
    <ele>9.7</ele>
    <time>2026-03-14T14:18:08Z</time>
   </trkpt>
   <trkpt lat="22.5860640" lon="88.3627100">
    <ele>9.7</ele>
    <time>2026-03-14T14:18:09Z</time>
   </trkpt>
   <trkpt lat="22.5860580" lon="88.3627160">
    <ele>9.7</ele>
    <time>2026-03-14T14:18:10Z</time>
   </trkpt>
   <trkpt lat="22.5860570" lon="88.3627160">
    <ele>9.7</ele>
    <time>2026-03-14T14:18:11Z</time>
   </trkpt>
   <trkpt lat="22.5860560" lon="88.3627150">
    <ele>9.7</ele>
    <time>2026-03-14T14:18:12Z</time>
   </trkpt>
   <trkpt lat="22.5860560" lon="88.3627150">
    <ele>9.7</ele>
    <time>2026-03-14T14:18:13Z</time>
   </trkpt>
   <trkpt lat="22.5860600" lon="88.3627250">
    <ele>9.7</ele>
    <time>2026-03-14T14:18:14Z</time>
   </trkpt>
   <trkpt lat="22.5860620" lon="88.3627300">
    <ele>9.7</ele>
    <time>2026-03-14T14:18:15Z</time>
   </trkpt>
   <trkpt lat="22.5860680" lon="88.3627270">
    <ele>9.7</ele>
    <time>2026-03-14T14:18:16Z</time>
   </trkpt>
   <trkpt lat="22.5860690" lon="88.3627270">
    <ele>9.7</ele>
    <time>2026-03-14T14:18:17Z</time>
   </trkpt>
   <trkpt lat="22.5860730" lon="88.3627220">
    <ele>9.7</ele>
    <time>2026-03-14T14:18:18Z</time>
   </trkpt>
   <trkpt lat="22.5860740" lon="88.3627210">
    <ele>9.7</ele>
    <time>2026-03-14T14:18:19Z</time>
   </trkpt>
   <trkpt lat="22.5860780" lon="88.3627220">
    <ele>9.7</ele>
    <time>2026-03-14T14:18:20Z</time>
   </trkpt>
   <trkpt lat="22.5860780" lon="88.3627220">
    <ele>9.7</ele>
    <time>2026-03-14T14:18:21Z</time>
   </trkpt>
   <trkpt lat="22.5860780" lon="88.3627240">
    <ele>9.7</ele>
    <time>2026-03-14T14:18:22Z</time>
   </trkpt>
   <trkpt lat="22.5860780" lon="88.3627250">
    <ele>9.7</ele>
    <time>2026-03-14T14:18:23Z</time>
   </trkpt>
   <trkpt lat="22.5860780" lon="88.3627270">
    <ele>9.7</ele>
    <time>2026-03-14T14:18:24Z</time>
   </trkpt>
   <trkpt lat="22.5860790" lon="88.3627270">
    <ele>9.7</ele>
    <time>2026-03-14T14:18:25Z</time>
   </trkpt>
   <trkpt lat="22.5860790" lon="88.3627270">
    <ele>9.7</ele>
    <time>2026-03-14T14:18:26Z</time>
   </trkpt>
   <trkpt lat="22.5860830" lon="88.3627270">
    <ele>9.7</ele>
    <time>2026-03-14T14:18:27Z</time>
   </trkpt>
   <trkpt lat="22.5860830" lon="88.3627270">
    <ele>9.7</ele>
    <time>2026-03-14T14:18:28Z</time>
   </trkpt>
   <trkpt lat="22.5860830" lon="88.3627270">
    <ele>9.7</ele>
    <time>2026-03-14T14:18:29Z</time>
   </trkpt>
   <trkpt lat="22.5860840" lon="88.3627240">
    <ele>9.7</ele>
    <time>2026-03-14T14:18:30Z</time>
   </trkpt>
   <trkpt lat="22.5860840" lon="88.3627240">
    <ele>9.7</ele>
    <time>2026-03-14T14:18:31Z</time>
   </trkpt>
   <trkpt lat="22.5860840" lon="88.3627240">
    <ele>9.7</ele>
    <time>2026-03-14T14:18:32Z</time>
   </trkpt>
   <trkpt lat="22.5860840" lon="88.3627240">
    <ele>9.7</ele>
    <time>2026-03-14T14:18:33Z</time>
   </trkpt>
   <trkpt lat="22.5860840" lon="88.3627240">
    <ele>9.7</ele>
    <time>2026-03-14T14:18:34Z</time>
   </trkpt>
   <trkpt lat="22.5860840" lon="88.3627240">
    <ele>9.7</ele>
    <time>2026-03-14T14:18:35Z</time>
   </trkpt>
   <trkpt lat="22.5860840" lon="88.3627240">
    <ele>9.7</ele>
    <time>2026-03-14T14:18:36Z</time>
   </trkpt>
   <trkpt lat="22.5860840" lon="88.3627240">
    <ele>9.7</ele>
    <time>2026-03-14T14:18:37Z</time>
   </trkpt>
   <trkpt lat="22.5860840" lon="88.3627240">
    <ele>9.7</ele>
    <time>2026-03-14T14:18:38Z</time>
   </trkpt>
   <trkpt lat="22.5860840" lon="88.3627240">
    <ele>9.7</ele>
    <time>2026-03-14T14:18:39Z</time>
   </trkpt>
   <trkpt lat="22.5860840" lon="88.3627240">
    <ele>9.7</ele>
    <time>2026-03-14T14:18:40Z</time>
   </trkpt>
   <trkpt lat="22.5860840" lon="88.3627240">
    <ele>9.7</ele>
    <time>2026-03-14T14:18:41Z</time>
   </trkpt>
   <trkpt lat="22.5860840" lon="88.3627240">
    <ele>9.7</ele>
    <time>2026-03-14T14:18:42Z</time>
   </trkpt>
   <trkpt lat="22.5860900" lon="88.3627250">
    <ele>9.7</ele>
    <time>2026-03-14T14:18:43Z</time>
   </trkpt>
   <trkpt lat="22.5860900" lon="88.3627270">
    <ele>9.7</ele>
    <time>2026-03-14T14:18:44Z</time>
   </trkpt>
   <trkpt lat="22.5860900" lon="88.3627280">
    <ele>9.7</ele>
    <time>2026-03-14T14:18:45Z</time>
   </trkpt>
   <trkpt lat="22.5860880" lon="88.3627270">
    <ele>9.7</ele>
    <time>2026-03-14T14:18:46Z</time>
   </trkpt>
   <trkpt lat="22.5860910" lon="88.3627200">
    <ele>9.7</ele>
    <time>2026-03-14T14:18:47Z</time>
   </trkpt>
   <trkpt lat="22.5860900" lon="88.3627200">
    <ele>9.7</ele>
    <time>2026-03-14T14:18:48Z</time>
   </trkpt>
   <trkpt lat="22.5860900" lon="88.3627200">
    <ele>9.7</ele>
    <time>2026-03-14T14:18:49Z</time>
   </trkpt>
   <trkpt lat="22.5860900" lon="88.3627200">
    <ele>9.7</ele>
    <time>2026-03-14T14:18:50Z</time>
   </trkpt>
   <trkpt lat="22.5860900" lon="88.3627200">
    <ele>9.7</ele>
    <time>2026-03-14T14:18:51Z</time>
   </trkpt>
   <trkpt lat="22.5860900" lon="88.3627200">
    <ele>9.7</ele>
    <time>2026-03-14T14:18:52Z</time>
   </trkpt>
   <trkpt lat="22.5860900" lon="88.3627200">
    <ele>9.7</ele>
    <time>2026-03-14T14:18:53Z</time>
   </trkpt>
   <trkpt lat="22.5860970" lon="88.3627110">
    <ele>9.7</ele>
    <time>2026-03-14T14:18:54Z</time>
   </trkpt>
   <trkpt lat="22.5860960" lon="88.3627110">
    <ele>9.7</ele>
    <time>2026-03-14T14:18:55Z</time>
   </trkpt>
   <trkpt lat="22.5861000" lon="88.3626950">
    <ele>9.8</ele>
    <time>2026-03-14T14:18:56Z</time>
   </trkpt>
   <trkpt lat="22.5861070" lon="88.3627070">
    <ele>9.8</ele>
    <time>2026-03-14T14:18:57Z</time>
   </trkpt>
   <trkpt lat="22.5861130" lon="88.3627150">
    <ele>9.8</ele>
    <time>2026-03-14T14:18:58Z</time>
   </trkpt>
   <trkpt lat="22.5861180" lon="88.3627230">
    <ele>9.8</ele>
    <time>2026-03-14T14:18:59Z</time>
   </trkpt>
   <trkpt lat="22.5861230" lon="88.3627310">
    <ele>9.8</ele>
    <time>2026-03-14T14:19:00Z</time>
   </trkpt>
   <trkpt lat="22.5861210" lon="88.3627450">
    <ele>9.8</ele>
    <time>2026-03-14T14:19:01Z</time>
   </trkpt>
   <trkpt lat="22.5861270" lon="88.3627600">
    <ele>9.8</ele>
    <time>2026-03-14T14:19:02Z</time>
   </trkpt>
   <trkpt lat="22.5861290" lon="88.3627860">
    <ele>9.8</ele>
    <time>2026-03-14T14:19:03Z</time>
   </trkpt>
   <trkpt lat="22.5861280" lon="88.3627940">
    <ele>9.8</ele>
    <time>2026-03-14T14:19:04Z</time>
   </trkpt>
   <trkpt lat="22.5861280" lon="88.3628020">
    <ele>9.8</ele>
    <time>2026-03-14T14:19:05Z</time>
   </trkpt>
   <trkpt lat="22.5861160" lon="88.3628010">
    <ele>9.8</ele>
    <time>2026-03-14T14:19:06Z</time>
   </trkpt>
   <trkpt lat="22.5861080" lon="88.3628100">
    <ele>9.8</ele>
    <time>2026-03-14T14:19:08Z</time>
   </trkpt>
   <trkpt lat="22.5861080" lon="88.3628230">
    <ele>9.8</ele>
    <time>2026-03-14T14:19:09Z</time>
   </trkpt>
   <trkpt lat="22.5861050" lon="88.3628330">
    <ele>9.8</ele>
    <time>2026-03-14T14:19:10Z</time>
   </trkpt>
   <trkpt lat="22.5860970" lon="88.3628340">
    <ele>9.8</ele>
    <time>2026-03-14T14:19:11Z</time>
   </trkpt>
   <trkpt lat="22.5860930" lon="88.3628340">
    <ele>9.8</ele>
    <time>2026-03-14T14:19:12Z</time>
   </trkpt>
   <trkpt lat="22.5860950" lon="88.3628290">
    <ele>9.8</ele>
    <time>2026-03-14T14:19:13Z</time>
   </trkpt>
   <trkpt lat="22.5860910" lon="88.3628320">
    <ele>9.8</ele>
    <time>2026-03-14T14:19:14Z</time>
   </trkpt>
   <trkpt lat="22.5860830" lon="88.3628290">
    <ele>9.8</ele>
    <time>2026-03-14T14:19:15Z</time>
   </trkpt>
   <trkpt lat="22.5860770" lon="88.3628280">
    <ele>9.8</ele>
    <time>2026-03-14T14:19:16Z</time>
   </trkpt>
   <trkpt lat="22.5860730" lon="88.3628850">
    <ele>9.7</ele>
    <time>2026-03-14T14:19:17Z</time>
   </trkpt>
   <trkpt lat="22.5860790" lon="88.3629410">
    <ele>9.7</ele>
    <time>2026-03-14T14:19:18Z</time>
   </trkpt>
   <trkpt lat="22.5860850" lon="88.3629970">
    <ele>9.7</ele>
    <time>2026-03-14T14:19:19Z</time>
   </trkpt>
   <trkpt lat="22.5860900" lon="88.3630530">
    <ele>9.6</ele>
    <time>2026-03-14T14:19:20Z</time>
   </trkpt>
   <trkpt lat="22.5860960" lon="88.3631090">
    <ele>9.6</ele>
    <time>2026-03-14T14:19:21Z</time>
   </trkpt>
   <trkpt lat="22.5861020" lon="88.3631650">
    <ele>9.5</ele>
    <time>2026-03-14T14:19:22Z</time>
   </trkpt>
   <trkpt lat="22.5861080" lon="88.3632210">
    <ele>9.5</ele>
    <time>2026-03-14T14:19:23Z</time>
   </trkpt>
   <trkpt lat="22.5861140" lon="88.3632770">
    <ele>9.5</ele>
    <time>2026-03-14T14:19:24Z</time>
   </trkpt>
   <trkpt lat="22.5861200" lon="88.3633330">
    <ele>9.5</ele>
    <time>2026-03-14T14:19:25Z</time>
   </trkpt>
   <trkpt lat="22.5861250" lon="88.3633890">
    <ele>9.5</ele>
    <time>2026-03-14T14:23:03Z</time>
   </trkpt>
   <trkpt lat="22.5861310" lon="88.3634450">
    <ele>9.5</ele>
    <time>2026-03-14T14:23:04Z</time>
   </trkpt>
   <trkpt lat="22.5861370" lon="88.3635010">
    <ele>9.5</ele>
    <time>2026-03-14T14:23:05Z</time>
   </trkpt>
   <trkpt lat="22.5861380" lon="88.3635060">
    <ele>9.5</ele>
    <time>2026-03-14T14:23:06Z</time>
   </trkpt>
   <trkpt lat="22.5861380" lon="88.3635110">
    <ele>9.5</ele>
    <time>2026-03-14T14:23:07Z</time>
   </trkpt>
   <trkpt lat="22.5861390" lon="88.3635190">
    <ele>9.4</ele>
    <time>2026-03-14T14:23:09Z</time>
   </trkpt>
   <trkpt lat="22.5861370" lon="88.3635320">
    <ele>9.4</ele>
    <time>2026-03-14T14:23:10Z</time>
   </trkpt>
   <trkpt lat="22.5861340" lon="88.3635420">
    <ele>9.4</ele>
    <time>2026-03-14T14:23:11Z</time>
   </trkpt>
   <trkpt lat="22.5861310" lon="88.3635550">
    <ele>9.4</ele>
    <time>2026-03-14T14:23:12Z</time>
   </trkpt>
   <trkpt lat="22.5861300" lon="88.3635690">
    <ele>9.4</ele>
    <time>2026-03-14T14:23:13Z</time>
   </trkpt>
   <trkpt lat="22.5861300" lon="88.3635810">
    <ele>9.4</ele>
    <time>2026-03-14T14:23:14Z</time>
   </trkpt>
   <trkpt lat="22.5861320" lon="88.3635940">
    <ele>9.4</ele>
    <time>2026-03-14T14:23:15Z</time>
   </trkpt>
   <trkpt lat="22.5861360" lon="88.3636050">
    <ele>9.4</ele>
    <time>2026-03-14T14:23:16Z</time>
   </trkpt>
   <trkpt lat="22.5861370" lon="88.3636190">
    <ele>9.4</ele>
    <time>2026-03-14T14:23:17Z</time>
   </trkpt>
   <trkpt lat="22.5861370" lon="88.3636370">
    <ele>9.4</ele>
    <time>2026-03-14T14:23:18Z</time>
   </trkpt>
   <trkpt lat="22.5861350" lon="88.3636480">
    <ele>9.4</ele>
    <time>2026-03-14T14:23:19Z</time>
   </trkpt>
   <trkpt lat="22.5861330" lon="88.3636590">
    <ele>9.4</ele>
    <time>2026-03-14T14:23:20Z</time>
   </trkpt>
   <trkpt lat="22.5861290" lon="88.3636740">
    <ele>9.4</ele>
    <time>2026-03-14T14:23:21Z</time>
   </trkpt>
   <trkpt lat="22.5861270" lon="88.3636930">
    <ele>9.4</ele>
    <time>2026-03-14T14:23:22Z</time>
   </trkpt>
   <trkpt lat="22.5861240" lon="88.3637100">
    <ele>9.4</ele>
    <time>2026-03-14T14:23:23Z</time>
   </trkpt>
   <trkpt lat="22.5861200" lon="88.3637260">
    <ele>9.4</ele>
    <time>2026-03-14T14:23:24Z</time>
   </trkpt>
   <trkpt lat="22.5861150" lon="88.3637420">
    <ele>9.4</ele>
    <time>2026-03-14T14:23:25Z</time>
   </trkpt>
   <trkpt lat="22.5861080" lon="88.3637580">
    <ele>9.4</ele>
    <time>2026-03-14T14:23:26Z</time>
   </trkpt>
   <trkpt lat="22.5861020" lon="88.3637740">
    <ele>9.4</ele>
    <time>2026-03-14T14:23:27Z</time>
   </trkpt>
   <trkpt lat="22.5860870" lon="88.3638020">
    <ele>9.4</ele>
    <time>2026-03-14T14:23:28Z</time>
   </trkpt>
   <trkpt lat="22.5860830" lon="88.3638190">
    <ele>9.4</ele>
    <time>2026-03-14T14:23:29Z</time>
   </trkpt>
   <trkpt lat="22.5860840" lon="88.3638330">
    <ele>9.4</ele>
    <time>2026-03-14T14:23:30Z</time>
   </trkpt>
   <trkpt lat="22.5860840" lon="88.3638510">
    <ele>9.4</ele>
    <time>2026-03-14T14:23:31Z</time>
   </trkpt>
   <trkpt lat="22.5860840" lon="88.3638670">
    <ele>9.4</ele>
    <time>2026-03-14T14:23:32Z</time>
   </trkpt>
   <trkpt lat="22.5860500" lon="88.3638920">
    <ele>9.4</ele>
    <time>2026-03-14T14:23:33Z</time>
   </trkpt>
   <trkpt lat="22.5860190" lon="88.3639080">
    <ele>9.4</ele>
    <time>2026-03-14T14:23:34Z</time>
   </trkpt>
   <trkpt lat="22.5859870" lon="88.3639240">
    <ele>9.4</ele>
    <time>2026-03-14T14:23:35Z</time>
   </trkpt>
   <trkpt lat="22.5859770" lon="88.3639200">
    <ele>9.4</ele>
    <time>2026-03-14T14:23:36Z</time>
   </trkpt>
   <trkpt lat="22.5859840" lon="88.3639320">
    <ele>9.4</ele>
    <time>2026-03-14T14:23:37Z</time>
   </trkpt>
   <trkpt lat="22.5859810" lon="88.3639500">
    <ele>9.4</ele>
    <time>2026-03-14T14:23:38Z</time>
   </trkpt>
   <trkpt lat="22.5859720" lon="88.3639560">
    <ele>9.4</ele>
    <time>2026-03-14T14:23:39Z</time>
   </trkpt>
   <trkpt lat="22.5859750" lon="88.3639740">
    <ele>9.4</ele>
    <time>2026-03-14T14:23:40Z</time>
   </trkpt>
   <trkpt lat="22.5859700" lon="88.3639890">
    <ele>9.5</ele>
    <time>2026-03-14T14:23:41Z</time>
   </trkpt>
   <trkpt lat="22.5859690" lon="88.3640000">
    <ele>9.5</ele>
    <time>2026-03-14T14:23:42Z</time>
   </trkpt>
   <trkpt lat="22.5859720" lon="88.3640210">
    <ele>9.5</ele>
    <time>2026-03-14T14:23:43Z</time>
   </trkpt>
   <trkpt lat="22.5859690" lon="88.3640320">
    <ele>9.5</ele>
    <time>2026-03-14T14:23:44Z</time>
   </trkpt>
   <trkpt lat="22.5859660" lon="88.3640310">
    <ele>9.5</ele>
    <time>2026-03-14T14:23:45Z</time>
   </trkpt>
   <trkpt lat="22.5859690" lon="88.3640500">
    <ele>9.5</ele>
    <time>2026-03-14T14:23:46Z</time>
   </trkpt>
   <trkpt lat="22.5859740" lon="88.3640660">
    <ele>9.5</ele>
    <time>2026-03-14T14:23:47Z</time>
   </trkpt>
   <trkpt lat="22.5859740" lon="88.3640770">
    <ele>9.5</ele>
    <time>2026-03-14T14:23:48Z</time>
   </trkpt>
   <trkpt lat="22.5859750" lon="88.3640770">
    <ele>9.5</ele>
    <time>2026-03-14T14:23:49Z</time>
   </trkpt>
   <trkpt lat="22.5859720" lon="88.3640790">
    <ele>9.5</ele>
    <time>2026-03-14T14:23:50Z</time>
   </trkpt>
   <trkpt lat="22.5859750" lon="88.3640890">
    <ele>9.5</ele>
    <time>2026-03-14T14:23:51Z</time>
   </trkpt>
   <trkpt lat="22.5859720" lon="88.3641100">
    <ele>9.5</ele>
    <time>2026-03-14T14:23:52Z</time>
   </trkpt>
   <trkpt lat="22.5859730" lon="88.3641420">
    <ele>9.5</ele>
    <time>2026-03-14T14:23:53Z</time>
   </trkpt>
   <trkpt lat="22.5859720" lon="88.3641510">
    <ele>9.5</ele>
    <time>2026-03-14T14:23:54Z</time>
   </trkpt>
   <trkpt lat="22.5859700" lon="88.3641550">
    <ele>9.5</ele>
    <time>2026-03-14T14:23:55Z</time>
   </trkpt>
   <trkpt lat="22.5859710" lon="88.3641690">
    <ele>9.5</ele>
    <time>2026-03-14T14:23:56Z</time>
   </trkpt>
   <trkpt lat="22.5859650" lon="88.3641860">
    <ele>9.5</ele>
    <time>2026-03-14T14:23:57Z</time>
   </trkpt>
   <trkpt lat="22.5859640" lon="88.3641980">
    <ele>9.5</ele>
    <time>2026-03-14T14:23:58Z</time>
   </trkpt>
   <trkpt lat="22.5859650" lon="88.3642160">
    <ele>9.5</ele>
    <time>2026-03-14T14:23:59Z</time>
   </trkpt>
   <trkpt lat="22.5859680" lon="88.3642280">
    <ele>9.5</ele>
    <time>2026-03-14T14:24:00Z</time>
   </trkpt>
   <trkpt lat="22.5859700" lon="88.3642410">
    <ele>9.4</ele>
    <time>2026-03-14T14:24:01Z</time>
   </trkpt>
   <trkpt lat="22.5859660" lon="88.3642450">
    <ele>9.4</ele>
    <time>2026-03-14T14:24:02Z</time>
   </trkpt>
   <trkpt lat="22.5859610" lon="88.3642500">
    <ele>9.4</ele>
    <time>2026-03-14T14:24:03Z</time>
   </trkpt>
   <trkpt lat="22.5859400" lon="88.3642750">
    <ele>9.4</ele>
    <time>2026-03-14T14:24:04Z</time>
   </trkpt>
   <trkpt lat="22.5859340" lon="88.3642860">
    <ele>9.4</ele>
    <time>2026-03-14T14:24:05Z</time>
   </trkpt>
   <trkpt lat="22.5859360" lon="88.3643030">
    <ele>9.4</ele>
    <time>2026-03-14T14:24:06Z</time>
   </trkpt>
   <trkpt lat="22.5859320" lon="88.3643210">
    <ele>9.4</ele>
    <time>2026-03-14T14:24:07Z</time>
   </trkpt>
   <trkpt lat="22.5859280" lon="88.3643290">
    <ele>9.4</ele>
    <time>2026-03-14T14:24:08Z</time>
   </trkpt>
   <trkpt lat="22.5859240" lon="88.3643390">
    <ele>9.4</ele>
    <time>2026-03-14T14:24:09Z</time>
   </trkpt>
   <trkpt lat="22.5859160" lon="88.3643550">
    <ele>9.4</ele>
    <time>2026-03-14T14:24:10Z</time>
   </trkpt>
   <trkpt lat="22.5859130" lon="88.3643620">
    <ele>9.4</ele>
    <time>2026-03-14T14:24:11Z</time>
   </trkpt>
   <trkpt lat="22.5859140" lon="88.3643810">
    <ele>9.4</ele>
    <time>2026-03-14T14:24:12Z</time>
   </trkpt>
   <trkpt lat="22.5859140" lon="88.3643910">
    <ele>9.4</ele>
    <time>2026-03-14T14:24:13Z</time>
   </trkpt>
   <trkpt lat="22.5859130" lon="88.3643970">
    <ele>9.4</ele>
    <time>2026-03-14T14:24:14Z</time>
   </trkpt>
   <trkpt lat="22.5859060" lon="88.3644070">
    <ele>9.4</ele>
    <time>2026-03-14T14:24:15Z</time>
   </trkpt>
   <trkpt lat="22.5859030" lon="88.3644180">
    <ele>9.4</ele>
    <time>2026-03-14T14:24:16Z</time>
   </trkpt>
   <trkpt lat="22.5858990" lon="88.3644290">
    <ele>9.4</ele>
    <time>2026-03-14T14:24:17Z</time>
   </trkpt>
   <trkpt lat="22.5858940" lon="88.3644470">
    <ele>9.4</ele>
    <time>2026-03-14T14:24:18Z</time>
   </trkpt>
   <trkpt lat="22.5859030" lon="88.3644770">
    <ele>9.4</ele>
    <time>2026-03-14T14:24:19Z</time>
   </trkpt>
   <trkpt lat="22.5859060" lon="88.3644880">
    <ele>9.4</ele>
    <time>2026-03-14T14:24:20Z</time>
   </trkpt>
   <trkpt lat="22.5859090" lon="88.3645040">
    <ele>9.4</ele>
    <time>2026-03-14T14:24:21Z</time>
   </trkpt>
   <trkpt lat="22.5859080" lon="88.3645170">
    <ele>9.3</ele>
    <time>2026-03-14T14:24:22Z</time>
   </trkpt>
   <trkpt lat="22.5859080" lon="88.3645290">
    <ele>9.3</ele>
    <time>2026-03-14T14:24:23Z</time>
   </trkpt>
   <trkpt lat="22.5858990" lon="88.3645400">
    <ele>9.3</ele>
    <time>2026-03-14T14:24:24Z</time>
   </trkpt>
   <trkpt lat="22.5858940" lon="88.3645470">
    <ele>9.3</ele>
    <time>2026-03-14T14:24:25Z</time>
   </trkpt>
   <trkpt lat="22.5858880" lon="88.3645550">
    <ele>9.3</ele>
    <time>2026-03-14T14:24:26Z</time>
   </trkpt>
   <trkpt lat="22.5858920" lon="88.3645830">
    <ele>9.3</ele>
    <time>2026-03-14T14:24:27Z</time>
   </trkpt>
   <trkpt lat="22.5858950" lon="88.3645950">
    <ele>9.3</ele>
    <time>2026-03-14T14:24:28Z</time>
   </trkpt>
   <trkpt lat="22.5859000" lon="88.3646140">
    <ele>9.3</ele>
    <time>2026-03-14T14:24:29Z</time>
   </trkpt>
   <trkpt lat="22.5859030" lon="88.3646240">
    <ele>9.3</ele>
    <time>2026-03-14T14:24:30Z</time>
   </trkpt>
   <trkpt lat="22.5859060" lon="88.3646350">
    <ele>9.3</ele>
    <time>2026-03-14T14:24:31Z</time>
   </trkpt>
   <trkpt lat="22.5859130" lon="88.3646620">
    <ele>9.3</ele>
    <time>2026-03-14T14:24:32Z</time>
   </trkpt>
   <trkpt lat="22.5859030" lon="88.3646730">
    <ele>9.3</ele>
    <time>2026-03-14T14:24:33Z</time>
   </trkpt>
   <trkpt lat="22.5859100" lon="88.3646880">
    <ele>9.3</ele>
    <time>2026-03-14T14:24:34Z</time>
   </trkpt>
   <trkpt lat="22.5859130" lon="88.3647100">
    <ele>9.2</ele>
    <time>2026-03-14T14:24:35Z</time>
   </trkpt>
   <trkpt lat="22.5859100" lon="88.3647340">
    <ele>9.2</ele>
    <time>2026-03-14T14:24:36Z</time>
   </trkpt>
   <trkpt lat="22.5859070" lon="88.3647440">
    <ele>9.2</ele>
    <time>2026-03-14T14:24:37Z</time>
   </trkpt>
   <trkpt lat="22.5859050" lon="88.3647540">
    <ele>9.2</ele>
    <time>2026-03-14T14:24:38Z</time>
   </trkpt>
   <trkpt lat="22.5859010" lon="88.3647680">
    <ele>9.2</ele>
    <time>2026-03-14T14:24:39Z</time>
   </trkpt>
   <trkpt lat="22.5858950" lon="88.3647790">
    <ele>9.2</ele>
    <time>2026-03-14T14:24:40Z</time>
   </trkpt>
   <trkpt lat="22.5858900" lon="88.3647810">
    <ele>9.2</ele>
    <time>2026-03-14T14:24:41Z</time>
   </trkpt>
   <trkpt lat="22.5858830" lon="88.3647900">
    <ele>9.2</ele>
    <time>2026-03-14T14:24:42Z</time>
   </trkpt>
   <trkpt lat="22.5858820" lon="88.3648050">
    <ele>9.2</ele>
    <time>2026-03-14T14:24:43Z</time>
   </trkpt>
   <trkpt lat="22.5858790" lon="88.3648160">
    <ele>9.2</ele>
    <time>2026-03-14T14:24:44Z</time>
   </trkpt>
   <trkpt lat="22.5858790" lon="88.3648280">
    <ele>9.2</ele>
    <time>2026-03-14T14:24:45Z</time>
   </trkpt>
   <trkpt lat="22.5858730" lon="88.3648470">
    <ele>9.2</ele>
    <time>2026-03-14T14:24:46Z</time>
   </trkpt>
   <trkpt lat="22.5858700" lon="88.3648670">
    <ele>9.2</ele>
    <time>2026-03-14T14:24:47Z</time>
   </trkpt>
   <trkpt lat="22.5858700" lon="88.3648760">
    <ele>9.2</ele>
    <time>2026-03-14T14:24:48Z</time>
   </trkpt>
   <trkpt lat="22.5858720" lon="88.3648860">
    <ele>9.2</ele>
    <time>2026-03-14T14:24:49Z</time>
   </trkpt>
   <trkpt lat="22.5858730" lon="88.3648920">
    <ele>9.2</ele>
    <time>2026-03-14T14:24:50Z</time>
   </trkpt>
   <trkpt lat="22.5858800" lon="88.3649040">
    <ele>9.2</ele>
    <time>2026-03-14T14:24:51Z</time>
   </trkpt>
   <trkpt lat="22.5858790" lon="88.3649150">
    <ele>9.2</ele>
    <time>2026-03-14T14:24:52Z</time>
   </trkpt>
   <trkpt lat="22.5858850" lon="88.3649300">
    <ele>9.2</ele>
    <time>2026-03-14T14:24:53Z</time>
   </trkpt>
   <trkpt lat="22.5858870" lon="88.3649440">
    <ele>9.2</ele>
    <time>2026-03-14T14:24:54Z</time>
   </trkpt>
   <trkpt lat="22.5858920" lon="88.3649570">
    <ele>9.2</ele>
    <time>2026-03-14T14:24:55Z</time>
   </trkpt>
   <trkpt lat="22.5858930" lon="88.3649730">
    <ele>9.1</ele>
    <time>2026-03-14T14:24:56Z</time>
   </trkpt>
   <trkpt lat="22.5858920" lon="88.3649850">
    <ele>9.1</ele>
    <time>2026-03-14T14:24:57Z</time>
   </trkpt>
   <trkpt lat="22.5858950" lon="88.3650050">
    <ele>9.1</ele>
    <time>2026-03-14T14:24:58Z</time>
   </trkpt>
   <trkpt lat="22.5858860" lon="88.3650190">
    <ele>9.1</ele>
    <time>2026-03-14T14:24:59Z</time>
   </trkpt>
   <trkpt lat="22.5858810" lon="88.3650170">
    <ele>9.1</ele>
    <time>2026-03-14T14:25:00Z</time>
   </trkpt>
   <trkpt lat="22.5858750" lon="88.3650360">
    <ele>9.1</ele>
    <time>2026-03-14T14:25:01Z</time>
   </trkpt>
   <trkpt lat="22.5858730" lon="88.3650540">
    <ele>9.1</ele>
    <time>2026-03-14T14:25:02Z</time>
   </trkpt>
   <trkpt lat="22.5858700" lon="88.3650670">
    <ele>9.0</ele>
    <time>2026-03-14T14:25:03Z</time>
   </trkpt>
   <trkpt lat="22.5858620" lon="88.3650830">
    <ele>9.0</ele>
    <time>2026-03-14T14:25:04Z</time>
   </trkpt>
   <trkpt lat="22.5858590" lon="88.3650990">
    <ele>9.0</ele>
    <time>2026-03-14T14:25:05Z</time>
   </trkpt>
   <trkpt lat="22.5858540" lon="88.3651220">
    <ele>9.0</ele>
    <time>2026-03-14T14:25:06Z</time>
   </trkpt>
   <trkpt lat="22.5858540" lon="88.3651300">
    <ele>9.0</ele>
    <time>2026-03-14T14:25:07Z</time>
   </trkpt>
   <trkpt lat="22.5858530" lon="88.3651380">
    <ele>9.0</ele>
    <time>2026-03-14T14:25:08Z</time>
   </trkpt>
   <trkpt lat="22.5858490" lon="88.3651690">
    <ele>9.0</ele>
    <time>2026-03-14T14:25:09Z</time>
   </trkpt>
   <trkpt lat="22.5858470" lon="88.3651790">
    <ele>9.0</ele>
    <time>2026-03-14T14:25:10Z</time>
   </trkpt>
   <trkpt lat="22.5858450" lon="88.3652030">
    <ele>9.0</ele>
    <time>2026-03-14T14:25:11Z</time>
   </trkpt>
   <trkpt lat="22.5858590" lon="88.3652090">
    <ele>9.0</ele>
    <time>2026-03-14T14:25:12Z</time>
   </trkpt>
   <trkpt lat="22.5858580" lon="88.3652200">
    <ele>9.0</ele>
    <time>2026-03-14T14:25:13Z</time>
   </trkpt>
   <trkpt lat="22.5858600" lon="88.3652380">
    <ele>8.9</ele>
    <time>2026-03-14T14:25:14Z</time>
   </trkpt>
   <trkpt lat="22.5858590" lon="88.3652740">
    <ele>8.9</ele>
    <time>2026-03-14T14:25:15Z</time>
   </trkpt>
   <trkpt lat="22.5858590" lon="88.3652880">
    <ele>8.9</ele>
    <time>2026-03-14T14:25:16Z</time>
   </trkpt>
   <trkpt lat="22.5858550" lon="88.3653140">
    <ele>8.9</ele>
    <time>2026-03-14T14:25:17Z</time>
   </trkpt>
   <trkpt lat="22.5858540" lon="88.3653210">
    <ele>8.9</ele>
    <time>2026-03-14T14:25:18Z</time>
   </trkpt>
   <trkpt lat="22.5858530" lon="88.3653290">
    <ele>8.9</ele>
    <time>2026-03-14T14:25:19Z</time>
   </trkpt>
   <trkpt lat="22.5858530" lon="88.3653550">
    <ele>8.9</ele>
    <time>2026-03-14T14:25:20Z</time>
   </trkpt>
   <trkpt lat="22.5858510" lon="88.3653650">
    <ele>8.9</ele>
    <time>2026-03-14T14:25:21Z</time>
   </trkpt>
   <trkpt lat="22.5858500" lon="88.3653780">
    <ele>8.9</ele>
    <time>2026-03-14T14:25:22Z</time>
   </trkpt>
   <trkpt lat="22.5858460" lon="88.3653920">
    <ele>8.9</ele>
    <time>2026-03-14T14:25:23Z</time>
   </trkpt>
   <trkpt lat="22.5858420" lon="88.3654010">
    <ele>8.9</ele>
    <time>2026-03-14T14:25:24Z</time>
   </trkpt>
   <trkpt lat="22.5858360" lon="88.3654220">
    <ele>8.9</ele>
    <time>2026-03-14T14:25:25Z</time>
   </trkpt>
   <trkpt lat="22.5858370" lon="88.3654230">
    <ele>8.9</ele>
    <time>2026-03-14T14:25:26Z</time>
   </trkpt>
   <trkpt lat="22.5858320" lon="88.3654310">
    <ele>8.9</ele>
    <time>2026-03-14T14:25:27Z</time>
   </trkpt>
   <trkpt lat="22.5858280" lon="88.3654460">
    <ele>8.9</ele>
    <time>2026-03-14T14:25:28Z</time>
   </trkpt>
   <trkpt lat="22.5858240" lon="88.3654640">
    <ele>8.9</ele>
    <time>2026-03-14T14:25:29Z</time>
   </trkpt>
   <trkpt lat="22.5858260" lon="88.3654820">
    <ele>8.9</ele>
    <time>2026-03-14T14:25:30Z</time>
   </trkpt>
   <trkpt lat="22.5858200" lon="88.3654850">
    <ele>8.9</ele>
    <time>2026-03-14T14:25:31Z</time>
   </trkpt>
   <trkpt lat="22.5858160" lon="88.3654870">
    <ele>8.9</ele>
    <time>2026-03-14T14:25:32Z</time>
   </trkpt>
   <trkpt lat="22.5858150" lon="88.3654980">
    <ele>8.9</ele>
    <time>2026-03-14T14:25:33Z</time>
   </trkpt>
   <trkpt lat="22.5858110" lon="88.3655120">
    <ele>8.8</ele>
    <time>2026-03-14T14:25:34Z</time>
   </trkpt>
   <trkpt lat="22.5858080" lon="88.3655250">
    <ele>8.8</ele>
    <time>2026-03-14T14:25:35Z</time>
   </trkpt>
   <trkpt lat="22.5858030" lon="88.3655350">
    <ele>8.8</ele>
    <time>2026-03-14T14:25:36Z</time>
   </trkpt>
   <trkpt lat="22.5857990" lon="88.3655550">
    <ele>8.8</ele>
    <time>2026-03-14T14:25:37Z</time>
   </trkpt>
   <trkpt lat="22.5857930" lon="88.3655650">
    <ele>8.8</ele>
    <time>2026-03-14T14:25:38Z</time>
   </trkpt>
   <trkpt lat="22.5857830" lon="88.3655800">
    <ele>8.8</ele>
    <time>2026-03-14T14:25:39Z</time>
   </trkpt>
   <trkpt lat="22.5857780" lon="88.3655960">
    <ele>8.8</ele>
    <time>2026-03-14T14:25:40Z</time>
   </trkpt>
   <trkpt lat="22.5857910" lon="88.3656090">
    <ele>8.8</ele>
    <time>2026-03-14T14:25:41Z</time>
   </trkpt>
   <trkpt lat="22.5857970" lon="88.3656160">
    <ele>8.8</ele>
    <time>2026-03-14T14:25:42Z</time>
   </trkpt>
   <trkpt lat="22.5857940" lon="88.3656220">
    <ele>8.8</ele>
    <time>2026-03-14T14:25:43Z</time>
   </trkpt>
   <trkpt lat="22.5857970" lon="88.3656280">
    <ele>8.8</ele>
    <time>2026-03-14T14:25:44Z</time>
   </trkpt>
   <trkpt lat="22.5857970" lon="88.3656300">
    <ele>8.8</ele>
    <time>2026-03-14T14:25:45Z</time>
   </trkpt>
   <trkpt lat="22.5857940" lon="88.3656460">
    <ele>8.8</ele>
    <time>2026-03-14T14:25:46Z</time>
   </trkpt>
   <trkpt lat="22.5857920" lon="88.3656560">
    <ele>8.8</ele>
    <time>2026-03-14T14:25:47Z</time>
   </trkpt>
   <trkpt lat="22.5857840" lon="88.3656720">
    <ele>8.8</ele>
    <time>2026-03-14T14:25:48Z</time>
   </trkpt>
   <trkpt lat="22.5857810" lon="88.3656790">
    <ele>8.8</ele>
    <time>2026-03-14T14:25:49Z</time>
   </trkpt>
   <trkpt lat="22.5857770" lon="88.3656870">
    <ele>8.8</ele>
    <time>2026-03-14T14:25:50Z</time>
   </trkpt>
   <trkpt lat="22.5857730" lon="88.3656940">
    <ele>8.8</ele>
    <time>2026-03-14T14:25:51Z</time>
   </trkpt>
   <trkpt lat="22.5857700" lon="88.3657020">
    <ele>8.8</ele>
    <time>2026-03-14T14:25:52Z</time>
   </trkpt>
   <trkpt lat="22.5857690" lon="88.3657230">
    <ele>8.8</ele>
    <time>2026-03-14T14:25:53Z</time>
   </trkpt>
   <trkpt lat="22.5857730" lon="88.3657370">
    <ele>8.8</ele>
    <time>2026-03-14T14:25:54Z</time>
   </trkpt>
   <trkpt lat="22.5857730" lon="88.3657590">
    <ele>8.8</ele>
    <time>2026-03-14T14:25:55Z</time>
   </trkpt>
   <trkpt lat="22.5857740" lon="88.3657720">
    <ele>8.8</ele>
    <time>2026-03-14T14:25:56Z</time>
   </trkpt>
   <trkpt lat="22.5857730" lon="88.3657770">
    <ele>8.8</ele>
    <time>2026-03-14T14:25:57Z</time>
   </trkpt>
   <trkpt lat="22.5857670" lon="88.3657830">
    <ele>8.8</ele>
    <time>2026-03-14T14:25:58Z</time>
   </trkpt>
   <trkpt lat="22.5857680" lon="88.3657830">
    <ele>8.8</ele>
    <time>2026-03-14T14:25:59Z</time>
   </trkpt>
   <trkpt lat="22.5857710" lon="88.3657940">
    <ele>8.8</ele>
    <time>2026-03-14T14:26:00Z</time>
   </trkpt>
   <trkpt lat="22.5857650" lon="88.3658180">
    <ele>8.8</ele>
    <time>2026-03-14T14:26:01Z</time>
   </trkpt>
   <trkpt lat="22.5857620" lon="88.3658280">
    <ele>8.8</ele>
    <time>2026-03-14T14:26:02Z</time>
   </trkpt>
   <trkpt lat="22.5857600" lon="88.3658370">
    <ele>8.8</ele>
    <time>2026-03-14T14:26:03Z</time>
   </trkpt>
   <trkpt lat="22.5857620" lon="88.3658540">
    <ele>8.9</ele>
    <time>2026-03-14T14:26:04Z</time>
   </trkpt>
   <trkpt lat="22.5857630" lon="88.3658660">
    <ele>8.9</ele>
    <time>2026-03-14T14:26:05Z</time>
   </trkpt>
   <trkpt lat="22.5857630" lon="88.3658750">
    <ele>8.9</ele>
    <time>2026-03-14T14:26:06Z</time>
   </trkpt>
   <trkpt lat="22.5857620" lon="88.3659050">
    <ele>8.9</ele>
    <time>2026-03-14T14:26:07Z</time>
   </trkpt>
   <trkpt lat="22.5857610" lon="88.3659240">
    <ele>8.9</ele>
    <time>2026-03-14T14:26:08Z</time>
   </trkpt>
   <trkpt lat="22.5857630" lon="88.3659410">
    <ele>8.9</ele>
    <time>2026-03-14T14:26:09Z</time>
   </trkpt>
   <trkpt lat="22.5857460" lon="88.3659590">
    <ele>8.9</ele>
    <time>2026-03-14T14:26:10Z</time>
   </trkpt>
   <trkpt lat="22.5857370" lon="88.3659660">
    <ele>8.9</ele>
    <time>2026-03-14T14:26:11Z</time>
   </trkpt>
   <trkpt lat="22.5857410" lon="88.3659700">
    <ele>8.9</ele>
    <time>2026-03-14T14:26:12Z</time>
   </trkpt>
   <trkpt lat="22.5857380" lon="88.3659820">
    <ele>8.9</ele>
    <time>2026-03-14T14:26:13Z</time>
   </trkpt>
   <trkpt lat="22.5857360" lon="88.3659960">
    <ele>8.9</ele>
    <time>2026-03-14T14:26:14Z</time>
   </trkpt>
   <trkpt lat="22.5857320" lon="88.3660050">
    <ele>8.9</ele>
    <time>2026-03-14T14:26:15Z</time>
   </trkpt>
   <trkpt lat="22.5857280" lon="88.3660100">
    <ele>8.9</ele>
    <time>2026-03-14T14:26:16Z</time>
   </trkpt>
   <trkpt lat="22.5857300" lon="88.3660230">
    <ele>8.9</ele>
    <time>2026-03-14T14:26:17Z</time>
   </trkpt>
   <trkpt lat="22.5857280" lon="88.3660300">
    <ele>8.9</ele>
    <time>2026-03-14T14:26:18Z</time>
   </trkpt>
   <trkpt lat="22.5857390" lon="88.3660420">
    <ele>8.9</ele>
    <time>2026-03-14T14:26:19Z</time>
   </trkpt>
   <trkpt lat="22.5857400" lon="88.3660580">
    <ele>8.9</ele>
    <time>2026-03-14T14:26:20Z</time>
   </trkpt>
   <trkpt lat="22.5857310" lon="88.3660740">
    <ele>8.9</ele>
    <time>2026-03-14T14:26:21Z</time>
   </trkpt>
   <trkpt lat="22.5857250" lon="88.3660840">
    <ele>8.9</ele>
    <time>2026-03-14T14:26:22Z</time>
   </trkpt>
   <trkpt lat="22.5857140" lon="88.3660990">
    <ele>8.9</ele>
    <time>2026-03-14T14:26:23Z</time>
   </trkpt>
   <trkpt lat="22.5857110" lon="88.3661120">
    <ele>8.9</ele>
    <time>2026-03-14T14:26:24Z</time>
   </trkpt>
   <trkpt lat="22.5857070" lon="88.3661340">
    <ele>8.9</ele>
    <time>2026-03-14T14:26:25Z</time>
   </trkpt>
   <trkpt lat="22.5857060" lon="88.3661480">
    <ele>8.9</ele>
    <time>2026-03-14T14:26:26Z</time>
   </trkpt>
   <trkpt lat="22.5857060" lon="88.3661610">
    <ele>8.9</ele>
    <time>2026-03-14T14:26:27Z</time>
   </trkpt>
   <trkpt lat="22.5857130" lon="88.3662000">
    <ele>9.0</ele>
    <time>2026-03-14T14:26:28Z</time>
   </trkpt>
   <trkpt lat="22.5857190" lon="88.3662130">
    <ele>9.0</ele>
    <time>2026-03-14T14:26:29Z</time>
   </trkpt>
   <trkpt lat="22.5857170" lon="88.3662220">
    <ele>9.0</ele>
    <time>2026-03-14T14:26:30Z</time>
   </trkpt>
   <trkpt lat="22.5857200" lon="88.3662450">
    <ele>9.0</ele>
    <time>2026-03-14T14:26:31Z</time>
   </trkpt>
   <trkpt lat="22.5857180" lon="88.3662630">
    <ele>9.0</ele>
    <time>2026-03-14T14:26:32Z</time>
   </trkpt>
   <trkpt lat="22.5857210" lon="88.3662820">
    <ele>9.0</ele>
    <time>2026-03-14T14:26:33Z</time>
   </trkpt>
   <trkpt lat="22.5857210" lon="88.3662950">
    <ele>9.0</ele>
    <time>2026-03-14T14:26:34Z</time>
   </trkpt>
   <trkpt lat="22.5857160" lon="88.3663030">
    <ele>9.0</ele>
    <time>2026-03-14T14:26:35Z</time>
   </trkpt>
   <trkpt lat="22.5857170" lon="88.3663170">
    <ele>9.0</ele>
    <time>2026-03-14T14:26:36Z</time>
   </trkpt>
   <trkpt lat="22.5857140" lon="88.3663400">
    <ele>9.0</ele>
    <time>2026-03-14T14:26:37Z</time>
   </trkpt>
   <trkpt lat="22.5857140" lon="88.3663490">
    <ele>9.0</ele>
    <time>2026-03-14T14:26:38Z</time>
   </trkpt>
   <trkpt lat="22.5857140" lon="88.3663580">
    <ele>9.0</ele>
    <time>2026-03-14T14:26:39Z</time>
   </trkpt>
   <trkpt lat="22.5857150" lon="88.3663680">
    <ele>9.0</ele>
    <time>2026-03-14T14:26:40Z</time>
   </trkpt>
   <trkpt lat="22.5857090" lon="88.3663750">
    <ele>9.0</ele>
    <time>2026-03-14T14:26:41Z</time>
   </trkpt>
   <trkpt lat="22.5857100" lon="88.3663910">
    <ele>9.0</ele>
    <time>2026-03-14T14:26:42Z</time>
   </trkpt>
   <trkpt lat="22.5857120" lon="88.3664020">
    <ele>9.0</ele>
    <time>2026-03-14T14:26:43Z</time>
   </trkpt>
   <trkpt lat="22.5857150" lon="88.3664160">
    <ele>9.0</ele>
    <time>2026-03-14T14:26:44Z</time>
   </trkpt>
   <trkpt lat="22.5857140" lon="88.3664280">
    <ele>9.0</ele>
    <time>2026-03-14T14:26:45Z</time>
   </trkpt>
   <trkpt lat="22.5857120" lon="88.3664440">
    <ele>9.0</ele>
    <time>2026-03-14T14:26:46Z</time>
   </trkpt>
   <trkpt lat="22.5857100" lon="88.3664440">
    <ele>9.0</ele>
    <time>2026-03-14T14:26:47Z</time>
   </trkpt>
   <trkpt lat="22.5857070" lon="88.3664580">
    <ele>9.0</ele>
    <time>2026-03-14T14:26:48Z</time>
   </trkpt>
   <trkpt lat="22.5857070" lon="88.3664710">
    <ele>9.0</ele>
    <time>2026-03-14T14:26:49Z</time>
   </trkpt>
   <trkpt lat="22.5857140" lon="88.3664930">
    <ele>9.1</ele>
    <time>2026-03-14T14:26:50Z</time>
   </trkpt>
   <trkpt lat="22.5857120" lon="88.3665000">
    <ele>9.1</ele>
    <time>2026-03-14T14:26:51Z</time>
   </trkpt>
   <trkpt lat="22.5857090" lon="88.3665240">
    <ele>9.1</ele>
    <time>2026-03-14T14:26:52Z</time>
   </trkpt>
   <trkpt lat="22.5857030" lon="88.3665380">
    <ele>9.1</ele>
    <time>2026-03-14T14:26:53Z</time>
   </trkpt>
   <trkpt lat="22.5857060" lon="88.3665570">
    <ele>9.1</ele>
    <time>2026-03-14T14:26:54Z</time>
   </trkpt>
   <trkpt lat="22.5857050" lon="88.3665670">
    <ele>9.1</ele>
    <time>2026-03-14T14:26:55Z</time>
   </trkpt>
   <trkpt lat="22.5857060" lon="88.3665820">
    <ele>9.1</ele>
    <time>2026-03-14T14:26:56Z</time>
   </trkpt>
   <trkpt lat="22.5857060" lon="88.3665930">
    <ele>9.1</ele>
    <time>2026-03-14T14:26:57Z</time>
   </trkpt>
   <trkpt lat="22.5856980" lon="88.3666110">
    <ele>9.1</ele>
    <time>2026-03-14T14:26:58Z</time>
   </trkpt>
   <trkpt lat="22.5856930" lon="88.3666220">
    <ele>9.1</ele>
    <time>2026-03-14T14:26:59Z</time>
   </trkpt>
   <trkpt lat="22.5856880" lon="88.3666370">
    <ele>9.1</ele>
    <time>2026-03-14T14:27:00Z</time>
   </trkpt>
   <trkpt lat="22.5856860" lon="88.3666460">
    <ele>9.1</ele>
    <time>2026-03-14T14:27:01Z</time>
   </trkpt>
   <trkpt lat="22.5856810" lon="88.3666580">
    <ele>9.1</ele>
    <time>2026-03-14T14:27:02Z</time>
   </trkpt>
   <trkpt lat="22.5856750" lon="88.3666810">
    <ele>9.1</ele>
    <time>2026-03-14T14:27:03Z</time>
   </trkpt>
   <trkpt lat="22.5856740" lon="88.3666900">
    <ele>9.1</ele>
    <time>2026-03-14T14:27:04Z</time>
   </trkpt>
   <trkpt lat="22.5856730" lon="88.3666980">
    <ele>9.2</ele>
    <time>2026-03-14T14:27:05Z</time>
   </trkpt>
   <trkpt lat="22.5856690" lon="88.3667110">
    <ele>9.2</ele>
    <time>2026-03-14T14:27:06Z</time>
   </trkpt>
   <trkpt lat="22.5856720" lon="88.3667210">
    <ele>9.2</ele>
    <time>2026-03-14T14:27:07Z</time>
   </trkpt>
   <trkpt lat="22.5856750" lon="88.3667380">
    <ele>9.2</ele>
    <time>2026-03-14T14:27:08Z</time>
   </trkpt>
   <trkpt lat="22.5856710" lon="88.3667610">
    <ele>9.2</ele>
    <time>2026-03-14T14:27:09Z</time>
   </trkpt>
   <trkpt lat="22.5856670" lon="88.3667690">
    <ele>9.2</ele>
    <time>2026-03-14T14:27:10Z</time>
   </trkpt>
   <trkpt lat="22.5856620" lon="88.3667780">
    <ele>9.2</ele>
    <time>2026-03-14T14:27:11Z</time>
   </trkpt>
   <trkpt lat="22.5856600" lon="88.3667880">
    <ele>9.2</ele>
    <time>2026-03-14T14:27:12Z</time>
   </trkpt>
   <trkpt lat="22.5856590" lon="88.3667960">
    <ele>9.2</ele>
    <time>2026-03-14T14:27:13Z</time>
   </trkpt>
   <trkpt lat="22.5856690" lon="88.3667990">
    <ele>9.2</ele>
    <time>2026-03-14T14:27:14Z</time>
   </trkpt>
   <trkpt lat="22.5856680" lon="88.3668010">
    <ele>9.2</ele>
    <time>2026-03-14T14:27:15Z</time>
   </trkpt>
   <trkpt lat="22.5856730" lon="88.3668010">
    <ele>9.2</ele>
    <time>2026-03-14T14:27:16Z</time>
   </trkpt>
   <trkpt lat="22.5856810" lon="88.3668070">
    <ele>9.2</ele>
    <time>2026-03-14T14:27:17Z</time>
   </trkpt>
   <trkpt lat="22.5856830" lon="88.3668060">
    <ele>9.2</ele>
    <time>2026-03-14T14:27:18Z</time>
   </trkpt>
   <trkpt lat="22.5856820" lon="88.3668120">
    <ele>9.2</ele>
    <time>2026-03-14T14:27:19Z</time>
   </trkpt>
   <trkpt lat="22.5856800" lon="88.3668240">
    <ele>9.2</ele>
    <time>2026-03-14T14:27:20Z</time>
   </trkpt>
   <trkpt lat="22.5856840" lon="88.3668250">
    <ele>9.2</ele>
    <time>2026-03-14T14:27:21Z</time>
   </trkpt>
   <trkpt lat="22.5856840" lon="88.3668410">
    <ele>9.2</ele>
    <time>2026-03-14T14:27:22Z</time>
   </trkpt>
   <trkpt lat="22.5856840" lon="88.3668490">
    <ele>9.2</ele>
    <time>2026-03-14T14:27:23Z</time>
   </trkpt>
   <trkpt lat="22.5856850" lon="88.3668620">
    <ele>9.2</ele>
    <time>2026-03-14T14:27:24Z</time>
   </trkpt>
   <trkpt lat="22.5856840" lon="88.3668760">
    <ele>9.2</ele>
    <time>2026-03-14T14:27:25Z</time>
   </trkpt>
   <trkpt lat="22.5856840" lon="88.3668860">
    <ele>9.2</ele>
    <time>2026-03-14T14:27:26Z</time>
   </trkpt>
   <trkpt lat="22.5856800" lon="88.3668980">
    <ele>9.2</ele>
    <time>2026-03-14T14:27:27Z</time>
   </trkpt>
   <trkpt lat="22.5856770" lon="88.3669070">
    <ele>9.2</ele>
    <time>2026-03-14T14:27:28Z</time>
   </trkpt>
   <trkpt lat="22.5856750" lon="88.3669180">
    <ele>9.2</ele>
    <time>2026-03-14T14:27:29Z</time>
   </trkpt>
   <trkpt lat="22.5856550" lon="88.3669430">
    <ele>9.2</ele>
    <time>2026-03-14T14:27:31Z</time>
   </trkpt>
   <trkpt lat="22.5856480" lon="88.3669580">
    <ele>9.2</ele>
    <time>2026-03-14T14:27:32Z</time>
   </trkpt>
   <trkpt lat="22.5856480" lon="88.3670000">
    <ele>9.2</ele>
    <time>2026-03-14T14:27:34Z</time>
   </trkpt>
   <trkpt lat="22.5856400" lon="88.3670120">
    <ele>9.2</ele>
    <time>2026-03-14T14:27:35Z</time>
   </trkpt>
   <trkpt lat="22.5856340" lon="88.3670160">
    <ele>9.2</ele>
    <time>2026-03-14T14:27:36Z</time>
   </trkpt>
   <trkpt lat="22.5856290" lon="88.3670190">
    <ele>9.2</ele>
    <time>2026-03-14T14:27:37Z</time>
   </trkpt>
   <trkpt lat="22.5856230" lon="88.3670230">
    <ele>9.2</ele>
    <time>2026-03-14T14:27:38Z</time>
   </trkpt>
   <trkpt lat="22.5856170" lon="88.3670270">
    <ele>9.2</ele>
    <time>2026-03-14T14:27:39Z</time>
   </trkpt>
   <trkpt lat="22.5856170" lon="88.3670370">
    <ele>9.3</ele>
    <time>2026-03-14T14:27:40Z</time>
   </trkpt>
   <trkpt lat="22.5856110" lon="88.3670500">
    <ele>9.3</ele>
    <time>2026-03-14T14:27:41Z</time>
   </trkpt>
   <trkpt lat="22.5856050" lon="88.3670620">
    <ele>9.3</ele>
    <time>2026-03-14T14:27:42Z</time>
   </trkpt>
   <trkpt lat="22.5855940" lon="88.3670780">
    <ele>9.3</ele>
    <time>2026-03-14T14:27:43Z</time>
   </trkpt>
   <trkpt lat="22.5855880" lon="88.3670870">
    <ele>9.3</ele>
    <time>2026-03-14T14:27:44Z</time>
   </trkpt>
   <trkpt lat="22.5855820" lon="88.3670970">
    <ele>9.3</ele>
    <time>2026-03-14T14:27:45Z</time>
   </trkpt>
   <trkpt lat="22.5855890" lon="88.3671170">
    <ele>9.3</ele>
    <time>2026-03-14T14:27:46Z</time>
   </trkpt>
   <trkpt lat="22.5855980" lon="88.3671320">
    <ele>9.3</ele>
    <time>2026-03-14T14:27:47Z</time>
   </trkpt>
   <trkpt lat="22.5856080" lon="88.3671470">
    <ele>9.4</ele>
    <time>2026-03-14T14:27:48Z</time>
   </trkpt>
   <trkpt lat="22.5856180" lon="88.3671660">
    <ele>9.4</ele>
    <time>2026-03-14T14:27:49Z</time>
   </trkpt>
   <trkpt lat="22.5856200" lon="88.3671800">
    <ele>9.4</ele>
    <time>2026-03-14T14:27:50Z</time>
   </trkpt>
   <trkpt lat="22.5856260" lon="88.3672070">
    <ele>9.4</ele>
    <time>2026-03-14T14:27:51Z</time>
   </trkpt>
   <trkpt lat="22.5856260" lon="88.3672140">
    <ele>9.4</ele>
    <time>2026-03-14T14:27:52Z</time>
   </trkpt>
   <trkpt lat="22.5856270" lon="88.3672220">
    <ele>9.4</ele>
    <time>2026-03-14T14:27:53Z</time>
   </trkpt>
   <trkpt lat="22.5856230" lon="88.3672380">
    <ele>9.5</ele>
    <time>2026-03-14T14:27:54Z</time>
   </trkpt>
   <trkpt lat="22.5856110" lon="88.3672520">
    <ele>9.5</ele>
    <time>2026-03-14T14:27:55Z</time>
   </trkpt>
   <trkpt lat="22.5856070" lon="88.3672640">
    <ele>9.5</ele>
    <time>2026-03-14T14:27:56Z</time>
   </trkpt>
   <trkpt lat="22.5856050" lon="88.3672820">
    <ele>9.5</ele>
    <time>2026-03-14T14:27:57Z</time>
   </trkpt>
   <trkpt lat="22.5856090" lon="88.3673090">
    <ele>9.6</ele>
    <time>2026-03-14T14:27:58Z</time>
   </trkpt>
   <trkpt lat="22.5856090" lon="88.3673180">
    <ele>9.6</ele>
    <time>2026-03-14T14:27:59Z</time>
   </trkpt>
   <trkpt lat="22.5855980" lon="88.3673280">
    <ele>9.6</ele>
    <time>2026-03-14T14:28:00Z</time>
   </trkpt>
   <trkpt lat="22.5855930" lon="88.3673340">
    <ele>9.6</ele>
    <time>2026-03-14T14:28:01Z</time>
   </trkpt>
   <trkpt lat="22.5855870" lon="88.3673400">
    <ele>9.6</ele>
    <time>2026-03-14T14:28:02Z</time>
   </trkpt>
   <trkpt lat="22.5855820" lon="88.3673460">
    <ele>9.6</ele>
    <time>2026-03-14T14:28:03Z</time>
   </trkpt>
   <trkpt lat="22.5855720" lon="88.3673590">
    <ele>9.6</ele>
    <time>2026-03-14T14:28:04Z</time>
   </trkpt>
   <trkpt lat="22.5855580" lon="88.3673640">
    <ele>9.7</ele>
    <time>2026-03-14T14:28:05Z</time>
   </trkpt>
   <trkpt lat="22.5855480" lon="88.3673740">
    <ele>9.7</ele>
    <time>2026-03-14T14:28:06Z</time>
   </trkpt>
   <trkpt lat="22.5855470" lon="88.3673910">
    <ele>9.7</ele>
    <time>2026-03-14T14:28:07Z</time>
   </trkpt>
   <trkpt lat="22.5855390" lon="88.3673970">
    <ele>9.7</ele>
    <time>2026-03-14T14:28:08Z</time>
   </trkpt>
   <trkpt lat="22.5855430" lon="88.3674030">
    <ele>9.7</ele>
    <time>2026-03-14T14:28:09Z</time>
   </trkpt>
   <trkpt lat="22.5855420" lon="88.3673980">
    <ele>9.7</ele>
    <time>2026-03-14T14:28:10Z</time>
   </trkpt>
   <trkpt lat="22.5855290" lon="88.3674080">
    <ele>9.7</ele>
    <time>2026-03-14T14:28:11Z</time>
   </trkpt>
   <trkpt lat="22.5855210" lon="88.3674170">
    <ele>9.7</ele>
    <time>2026-03-14T14:28:12Z</time>
   </trkpt>
   <trkpt lat="22.5855040" lon="88.3674130">
    <ele>9.8</ele>
    <time>2026-03-14T14:28:13Z</time>
   </trkpt>
   <trkpt lat="22.5854960" lon="88.3674100">
    <ele>9.8</ele>
    <time>2026-03-14T14:28:14Z</time>
   </trkpt>
   <trkpt lat="22.5854870" lon="88.3674080">
    <ele>9.8</ele>
    <time>2026-03-14T14:28:15Z</time>
   </trkpt>
   <trkpt lat="22.5854780" lon="88.3674050">
    <ele>9.8</ele>
    <time>2026-03-14T14:28:16Z</time>
   </trkpt>
   <trkpt lat="22.5854620" lon="88.3674120">
    <ele>9.8</ele>
    <time>2026-03-14T14:28:17Z</time>
   </trkpt>
   <trkpt lat="22.5854520" lon="88.3674120">
    <ele>9.8</ele>
    <time>2026-03-14T14:28:18Z</time>
   </trkpt>
   <trkpt lat="22.5854420" lon="88.3674120">
    <ele>9.8</ele>
    <time>2026-03-14T14:28:19Z</time>
   </trkpt>
   <trkpt lat="22.5854270" lon="88.3674120">
    <ele>9.8</ele>
    <time>2026-03-14T14:28:20Z</time>
   </trkpt>
   <trkpt lat="22.5854130" lon="88.3674120">
    <ele>9.8</ele>
    <time>2026-03-14T14:28:21Z</time>
   </trkpt>
   <trkpt lat="22.5854090" lon="88.3674140">
    <ele>9.8</ele>
    <time>2026-03-14T14:28:22Z</time>
   </trkpt>
   <trkpt lat="22.5853970" lon="88.3674180">
    <ele>9.8</ele>
    <time>2026-03-14T14:28:23Z</time>
   </trkpt>
   <trkpt lat="22.5853940" lon="88.3674140">
    <ele>9.8</ele>
    <time>2026-03-14T14:28:24Z</time>
   </trkpt>
   <trkpt lat="22.5853850" lon="88.3674250">
    <ele>9.8</ele>
    <time>2026-03-14T14:28:25Z</time>
   </trkpt>
   <trkpt lat="22.5853640" lon="88.3673800">
    <ele>9.8</ele>
    <time>2026-03-14T14:28:26Z</time>
   </trkpt>
   <trkpt lat="22.5853450" lon="88.3673520">
    <ele>9.8</ele>
    <time>2026-03-14T14:28:27Z</time>
   </trkpt>
   <trkpt lat="22.5853310" lon="88.3673460">
    <ele>9.8</ele>
    <time>2026-03-14T14:28:28Z</time>
   </trkpt>
   <trkpt lat="22.5853230" lon="88.3673460">
    <ele>9.8</ele>
    <time>2026-03-14T14:28:29Z</time>
   </trkpt>
   <trkpt lat="22.5853070" lon="88.3673370">
    <ele>9.9</ele>
    <time>2026-03-14T14:28:30Z</time>
   </trkpt>
   <trkpt lat="22.5852970" lon="88.3673390">
    <ele>9.9</ele>
    <time>2026-03-14T14:28:31Z</time>
   </trkpt>
   <trkpt lat="22.5852860" lon="88.3673320">
    <ele>9.9</ele>
    <time>2026-03-14T14:28:32Z</time>
   </trkpt>
   <trkpt lat="22.5852660" lon="88.3673290">
    <ele>9.9</ele>
    <time>2026-03-14T14:28:33Z</time>
   </trkpt>
   <trkpt lat="22.5852470" lon="88.3673210">
    <ele>9.9</ele>
    <time>2026-03-14T14:28:34Z</time>
   </trkpt>
   <trkpt lat="22.5852480" lon="88.3673140">
    <ele>9.9</ele>
    <time>2026-03-14T14:28:35Z</time>
   </trkpt>
   <trkpt lat="22.5852360" lon="88.3673120">
    <ele>9.9</ele>
    <time>2026-03-14T14:28:36Z</time>
   </trkpt>
   <trkpt lat="22.5852180" lon="88.3673090">
    <ele>9.9</ele>
    <time>2026-03-14T14:28:37Z</time>
   </trkpt>
   <trkpt lat="22.5852070" lon="88.3673060">
    <ele>9.9</ele>
    <time>2026-03-14T14:28:38Z</time>
   </trkpt>
   <trkpt lat="22.5851950" lon="88.3673040">
    <ele>10.0</ele>
    <time>2026-03-14T14:28:39Z</time>
   </trkpt>
   <trkpt lat="22.5851700" lon="88.3672980">
    <ele>10.0</ele>
    <time>2026-03-14T14:28:40Z</time>
   </trkpt>
   <trkpt lat="22.5851640" lon="88.3672950">
    <ele>10.0</ele>
    <time>2026-03-14T14:28:41Z</time>
   </trkpt>
   <trkpt lat="22.5851570" lon="88.3672920">
    <ele>10.0</ele>
    <time>2026-03-14T14:28:42Z</time>
   </trkpt>
   <trkpt lat="22.5851430" lon="88.3672840">
    <ele>10.0</ele>
    <time>2026-03-14T14:28:43Z</time>
   </trkpt>
   <trkpt lat="22.5851340" lon="88.3672890">
    <ele>10.0</ele>
    <time>2026-03-14T14:28:44Z</time>
   </trkpt>
   <trkpt lat="22.5851330" lon="88.3672770">
    <ele>10.0</ele>
    <time>2026-03-14T14:28:45Z</time>
   </trkpt>
   <trkpt lat="22.5851350" lon="88.3672780">
    <ele>10.0</ele>
    <time>2026-03-14T14:28:46Z</time>
   </trkpt>
   <trkpt lat="22.5851140" lon="88.3672820">
    <ele>10.0</ele>
    <time>2026-03-14T14:28:47Z</time>
   </trkpt>
   <trkpt lat="22.5851030" lon="88.3672810">
    <ele>10.0</ele>
    <time>2026-03-14T14:28:48Z</time>
   </trkpt>
   <trkpt lat="22.5850890" lon="88.3672630">
    <ele>10.1</ele>
    <time>2026-03-14T14:28:49Z</time>
   </trkpt>
   <trkpt lat="22.5850820" lon="88.3672580">
    <ele>10.1</ele>
    <time>2026-03-14T14:28:50Z</time>
   </trkpt>
   <trkpt lat="22.5850750" lon="88.3672530">
    <ele>10.1</ele>
    <time>2026-03-14T14:28:51Z</time>
   </trkpt>
   <trkpt lat="22.5850710" lon="88.3672350">
    <ele>10.1</ele>
    <time>2026-03-14T14:28:52Z</time>
   </trkpt>
   <trkpt lat="22.5850650" lon="88.3672150">
    <ele>10.1</ele>
    <time>2026-03-14T14:28:53Z</time>
   </trkpt>
   <trkpt lat="22.5850550" lon="88.3672060">
    <ele>10.1</ele>
    <time>2026-03-14T14:28:54Z</time>
   </trkpt>
   <trkpt lat="22.5850370" lon="88.3672000">
    <ele>10.1</ele>
    <time>2026-03-14T14:28:55Z</time>
   </trkpt>
   <trkpt lat="22.5850260" lon="88.3671970">
    <ele>10.1</ele>
    <time>2026-03-14T14:28:56Z</time>
   </trkpt>
   <trkpt lat="22.5850070" lon="88.3671950">
    <ele>10.2</ele>
    <time>2026-03-14T14:28:57Z</time>
   </trkpt>
   <trkpt lat="22.5849870" lon="88.3671900">
    <ele>10.2</ele>
    <time>2026-03-14T14:28:58Z</time>
   </trkpt>
   <trkpt lat="22.5849790" lon="88.3671890">
    <ele>10.2</ele>
    <time>2026-03-14T14:28:59Z</time>
   </trkpt>
   <trkpt lat="22.5849710" lon="88.3671870">
    <ele>10.2</ele>
    <time>2026-03-14T14:29:00Z</time>
   </trkpt>
   <trkpt lat="22.5849610" lon="88.3671920">
    <ele>10.2</ele>
    <time>2026-03-14T14:29:01Z</time>
   </trkpt>
   <trkpt lat="22.5849530" lon="88.3671880">
    <ele>10.2</ele>
    <time>2026-03-14T14:29:02Z</time>
   </trkpt>
   <trkpt lat="22.5849370" lon="88.3671890">
    <ele>10.2</ele>
    <time>2026-03-14T14:29:03Z</time>
   </trkpt>
   <trkpt lat="22.5849220" lon="88.3671880">
    <ele>10.2</ele>
    <time>2026-03-14T14:29:04Z</time>
   </trkpt>
   <trkpt lat="22.5849080" lon="88.3671870">
    <ele>10.3</ele>
    <time>2026-03-14T14:29:05Z</time>
   </trkpt>
   <trkpt lat="22.5848930" lon="88.3671800">
    <ele>10.3</ele>
    <time>2026-03-14T14:29:06Z</time>
   </trkpt>
   <trkpt lat="22.5848750" lon="88.3671700">
    <ele>10.3</ele>
    <time>2026-03-14T14:29:07Z</time>
   </trkpt>
   <trkpt lat="22.5848530" lon="88.3671680">
    <ele>10.3</ele>
    <time>2026-03-14T14:29:08Z</time>
   </trkpt>
   <trkpt lat="22.5848450" lon="88.3671660">
    <ele>10.4</ele>
    <time>2026-03-14T14:29:09Z</time>
   </trkpt>
   <trkpt lat="22.5848360" lon="88.3671650">
    <ele>10.4</ele>
    <time>2026-03-14T14:29:10Z</time>
   </trkpt>
   <trkpt lat="22.5848140" lon="88.3671550">
    <ele>10.4</ele>
    <time>2026-03-14T14:29:11Z</time>
   </trkpt>
   <trkpt lat="22.5848050" lon="88.3671460">
    <ele>10.4</ele>
    <time>2026-03-14T14:29:12Z</time>
   </trkpt>
   <trkpt lat="22.5847990" lon="88.3671430">
    <ele>10.4</ele>
    <time>2026-03-14T14:29:13Z</time>
   </trkpt>
   <trkpt lat="22.5847890" lon="88.3671430">
    <ele>10.4</ele>
    <time>2026-03-14T14:29:14Z</time>
   </trkpt>
   <trkpt lat="22.5847780" lon="88.3671340">
    <ele>10.4</ele>
    <time>2026-03-14T14:29:15Z</time>
   </trkpt>
   <trkpt lat="22.5847630" lon="88.3671320">
    <ele>10.5</ele>
    <time>2026-03-14T14:29:16Z</time>
   </trkpt>
   <trkpt lat="22.5847430" lon="88.3671360">
    <ele>10.5</ele>
    <time>2026-03-14T14:29:17Z</time>
   </trkpt>
   <trkpt lat="22.5847340" lon="88.3671340">
    <ele>10.5</ele>
    <time>2026-03-14T14:29:18Z</time>
   </trkpt>
   <trkpt lat="22.5847190" lon="88.3671310">
    <ele>10.5</ele>
    <time>2026-03-14T14:29:19Z</time>
   </trkpt>
   <trkpt lat="22.5847070" lon="88.3671350">
    <ele>10.5</ele>
    <time>2026-03-14T14:29:20Z</time>
   </trkpt>
   <trkpt lat="22.5846980" lon="88.3671320">
    <ele>10.5</ele>
    <time>2026-03-14T14:29:21Z</time>
   </trkpt>
   <trkpt lat="22.5846930" lon="88.3671370">
    <ele>10.5</ele>
    <time>2026-03-14T14:29:22Z</time>
   </trkpt>
   <trkpt lat="22.5846880" lon="88.3671360">
    <ele>10.5</ele>
    <time>2026-03-14T14:29:23Z</time>
   </trkpt>
   <trkpt lat="22.5846790" lon="88.3671340">
    <ele>10.5</ele>
    <time>2026-03-14T14:29:24Z</time>
   </trkpt>
   <trkpt lat="22.5846490" lon="88.3671350">
    <ele>10.6</ele>
    <time>2026-03-14T14:29:25Z</time>
   </trkpt>
   <trkpt lat="22.5846320" lon="88.3671310">
    <ele>10.6</ele>
    <time>2026-03-14T14:29:27Z</time>
   </trkpt>
   <trkpt lat="22.5846150" lon="88.3671260">
    <ele>10.6</ele>
    <time>2026-03-14T14:29:28Z</time>
   </trkpt>
   <trkpt lat="22.5846070" lon="88.3671210">
    <ele>10.6</ele>
    <time>2026-03-14T14:29:30Z</time>
   </trkpt>
   <trkpt lat="22.5846000" lon="88.3671150">
    <ele>10.6</ele>
    <time>2026-03-14T14:29:31Z</time>
   </trkpt>
   <trkpt lat="22.5845950" lon="88.3671140">
    <ele>10.6</ele>
    <time>2026-03-14T14:29:32Z</time>
   </trkpt>
   <trkpt lat="22.5845790" lon="88.3671130">
    <ele>10.6</ele>
    <time>2026-03-14T14:29:33Z</time>
   </trkpt>
   <trkpt lat="22.5845670" lon="88.3671080">
    <ele>10.6</ele>
    <time>2026-03-14T14:29:34Z</time>
   </trkpt>
   <trkpt lat="22.5845580" lon="88.3671040">
    <ele>10.6</ele>
    <time>2026-03-14T14:29:35Z</time>
   </trkpt>
   <trkpt lat="22.5845480" lon="88.3670950">
    <ele>10.6</ele>
    <time>2026-03-14T14:29:36Z</time>
   </trkpt>
   <trkpt lat="22.5845370" lon="88.3671000">
    <ele>10.6</ele>
    <time>2026-03-14T14:29:37Z</time>
   </trkpt>
   <trkpt lat="22.5845210" lon="88.3671010">
    <ele>10.6</ele>
    <time>2026-03-14T14:29:38Z</time>
   </trkpt>
   <trkpt lat="22.5845050" lon="88.3670890">
    <ele>10.7</ele>
    <time>2026-03-14T14:29:39Z</time>
   </trkpt>
   <trkpt lat="22.5844880" lon="88.3670910">
    <ele>10.7</ele>
    <time>2026-03-14T14:29:40Z</time>
   </trkpt>
   <trkpt lat="22.5844840" lon="88.3670920">
    <ele>10.7</ele>
    <time>2026-03-14T14:29:41Z</time>
   </trkpt>
   <trkpt lat="22.5844640" lon="88.3670570">
    <ele>10.7</ele>
    <time>2026-03-14T14:29:42Z</time>
   </trkpt>
   <trkpt lat="22.5844470" lon="88.3670480">
    <ele>10.7</ele>
    <time>2026-03-14T14:29:43Z</time>
   </trkpt>
   <trkpt lat="22.5844240" lon="88.3670510">
    <ele>10.7</ele>
    <time>2026-03-14T14:29:44Z</time>
   </trkpt>
   <trkpt lat="22.5844160" lon="88.3670520">
    <ele>10.7</ele>
    <time>2026-03-14T14:29:45Z</time>
   </trkpt>
   <trkpt lat="22.5844070" lon="88.3670530">
    <ele>10.7</ele>
    <time>2026-03-14T14:29:46Z</time>
   </trkpt>
   <trkpt lat="22.5843960" lon="88.3670360">
    <ele>10.8</ele>
    <time>2026-03-14T14:29:47Z</time>
   </trkpt>
   <trkpt lat="22.5843890" lon="88.3670210">
    <ele>10.8</ele>
    <time>2026-03-14T14:29:48Z</time>
   </trkpt>
   <trkpt lat="22.5843700" lon="88.3670060">
    <ele>10.8</ele>
    <time>2026-03-14T14:29:49Z</time>
   </trkpt>
   <trkpt lat="22.5843590" lon="88.3669960">
    <ele>10.8</ele>
    <time>2026-03-14T14:29:50Z</time>
   </trkpt>
   <trkpt lat="22.5843470" lon="88.3669860">
    <ele>10.8</ele>
    <time>2026-03-14T14:29:51Z</time>
   </trkpt>
   <trkpt lat="22.5843370" lon="88.3669650">
    <ele>10.8</ele>
    <time>2026-03-14T14:29:52Z</time>
   </trkpt>
   <trkpt lat="22.5843340" lon="88.3669570">
    <ele>10.8</ele>
    <time>2026-03-14T14:29:53Z</time>
   </trkpt>
   <trkpt lat="22.5843300" lon="88.3669480">
    <ele>10.8</ele>
    <time>2026-03-14T14:29:54Z</time>
   </trkpt>
   <trkpt lat="22.5843140" lon="88.3669410">
    <ele>10.9</ele>
    <time>2026-03-14T14:29:55Z</time>
   </trkpt>
   <trkpt lat="22.5843120" lon="88.3669310">
    <ele>10.9</ele>
    <time>2026-03-14T14:29:56Z</time>
   </trkpt>
   <trkpt lat="22.5843040" lon="88.3669220">
    <ele>10.9</ele>
    <time>2026-03-14T14:29:57Z</time>
   </trkpt>
   <trkpt lat="22.5842960" lon="88.3669190">
    <ele>10.9</ele>
    <time>2026-03-14T14:29:58Z</time>
   </trkpt>
   <trkpt lat="22.5842900" lon="88.3669140">
    <ele>10.9</ele>
    <time>2026-03-14T14:29:59Z</time>
   </trkpt>
   <trkpt lat="22.5842790" lon="88.3668980">
    <ele>10.9</ele>
    <time>2026-03-14T14:30:00Z</time>
   </trkpt>
   <trkpt lat="22.5842700" lon="88.3668950">
    <ele>10.9</ele>
    <time>2026-03-14T14:30:01Z</time>
   </trkpt>
   <trkpt lat="22.5842560" lon="88.3668950">
    <ele>10.9</ele>
    <time>2026-03-14T14:30:02Z</time>
   </trkpt>
   <trkpt lat="22.5842430" lon="88.3668950">
    <ele>10.9</ele>
    <time>2026-03-14T14:30:03Z</time>
   </trkpt>
   <trkpt lat="22.5842370" lon="88.3669030">
    <ele>10.9</ele>
    <time>2026-03-14T14:30:04Z</time>
   </trkpt>
   <trkpt lat="22.5842240" lon="88.3669050">
    <ele>10.9</ele>
    <time>2026-03-14T14:30:05Z</time>
   </trkpt>
   <trkpt lat="22.5842110" lon="88.3669060">
    <ele>11.0</ele>
    <time>2026-03-14T14:30:06Z</time>
   </trkpt>
   <trkpt lat="22.5842020" lon="88.3669010">
    <ele>11.0</ele>
    <time>2026-03-14T14:30:07Z</time>
   </trkpt>
   <trkpt lat="22.5841930" lon="88.3668970">
    <ele>11.0</ele>
    <time>2026-03-14T14:30:08Z</time>
   </trkpt>
   <trkpt lat="22.5841820" lon="88.3668880">
    <ele>11.0</ele>
    <time>2026-03-14T14:30:09Z</time>
   </trkpt>
   <trkpt lat="22.5841660" lon="88.3668850">
    <ele>11.0</ele>
    <time>2026-03-14T14:30:10Z</time>
   </trkpt>
   <trkpt lat="22.5841600" lon="88.3668830">
    <ele>11.0</ele>
    <time>2026-03-14T14:30:11Z</time>
   </trkpt>
   <trkpt lat="22.5841530" lon="88.3668810">
    <ele>11.0</ele>
    <time>2026-03-14T14:30:12Z</time>
   </trkpt>
   <trkpt lat="22.5841470" lon="88.3668790">
    <ele>11.0</ele>
    <time>2026-03-14T14:30:13Z</time>
   </trkpt>
   <trkpt lat="22.5841400" lon="88.3668770">
    <ele>11.0</ele>
    <time>2026-03-14T14:30:14Z</time>
   </trkpt>
   <trkpt lat="22.5841200" lon="88.3668730">
    <ele>11.0</ele>
    <time>2026-03-14T14:30:15Z</time>
   </trkpt>
   <trkpt lat="22.5841100" lon="88.3668680">
    <ele>11.0</ele>
    <time>2026-03-14T14:30:16Z</time>
   </trkpt>
   <trkpt lat="22.5841000" lon="88.3668640">
    <ele>11.0</ele>
    <time>2026-03-14T14:30:17Z</time>
   </trkpt>
   <trkpt lat="22.5840980" lon="88.3668770">
    <ele>11.0</ele>
    <time>2026-03-14T14:30:18Z</time>
   </trkpt>
   <trkpt lat="22.5840890" lon="88.3668740">
    <ele>11.0</ele>
    <time>2026-03-14T14:30:19Z</time>
   </trkpt>
   <trkpt lat="22.5840800" lon="88.3668680">
    <ele>11.0</ele>
    <time>2026-03-14T14:30:20Z</time>
   </trkpt>
   <trkpt lat="22.5840680" lon="88.3668690">
    <ele>11.1</ele>
    <time>2026-03-14T14:30:21Z</time>
   </trkpt>
   <trkpt lat="22.5840580" lon="88.3668690">
    <ele>11.1</ele>
    <time>2026-03-14T14:30:22Z</time>
   </trkpt>
   <trkpt lat="22.5840570" lon="88.3668790">
    <ele>11.1</ele>
    <time>2026-03-14T14:30:23Z</time>
   </trkpt>
   <trkpt lat="22.5840450" lon="88.3668790">
    <ele>11.1</ele>
    <time>2026-03-14T14:30:24Z</time>
   </trkpt>
   <trkpt lat="22.5840420" lon="88.3668500">
    <ele>11.1</ele>
    <time>2026-03-14T14:30:25Z</time>
   </trkpt>
   <trkpt lat="22.5840270" lon="88.3668340">
    <ele>11.1</ele>
    <time>2026-03-14T14:30:26Z</time>
   </trkpt>
   <trkpt lat="22.5840210" lon="88.3668260">
    <ele>11.1</ele>
    <time>2026-03-14T14:30:27Z</time>
   </trkpt>
   <trkpt lat="22.5840140" lon="88.3668190">
    <ele>11.1</ele>
    <time>2026-03-14T14:30:28Z</time>
   </trkpt>
   <trkpt lat="22.5840200" lon="88.3668170">
    <ele>11.1</ele>
    <time>2026-03-14T14:30:29Z</time>
   </trkpt>
   <trkpt lat="22.5840160" lon="88.3668110">
    <ele>11.1</ele>
    <time>2026-03-14T14:30:30Z</time>
   </trkpt>
   <trkpt lat="22.5840130" lon="88.3668090">
    <ele>11.1</ele>
    <time>2026-03-14T14:30:31Z</time>
   </trkpt>
   <trkpt lat="22.5840060" lon="88.3668050">
    <ele>11.1</ele>
    <time>2026-03-14T14:30:32Z</time>
   </trkpt>
   <trkpt lat="22.5840080" lon="88.3668120">
    <ele>11.1</ele>
    <time>2026-03-14T14:30:33Z</time>
   </trkpt>
   <trkpt lat="22.5839880" lon="88.3668120">
    <ele>11.2</ele>
    <time>2026-03-14T14:30:34Z</time>
   </trkpt>
   <trkpt lat="22.5839690" lon="88.3668000">
    <ele>11.2</ele>
    <time>2026-03-14T14:30:35Z</time>
   </trkpt>
   <trkpt lat="22.5839640" lon="88.3667910">
    <ele>11.2</ele>
    <time>2026-03-14T14:30:36Z</time>
   </trkpt>
   <trkpt lat="22.5839590" lon="88.3667810">
    <ele>11.2</ele>
    <time>2026-03-14T14:30:37Z</time>
   </trkpt>
   <trkpt lat="22.5839330" lon="88.3667880">
    <ele>11.2</ele>
    <time>2026-03-14T14:30:38Z</time>
   </trkpt>
   <trkpt lat="22.5839290" lon="88.3667910">
    <ele>11.2</ele>
    <time>2026-03-14T14:30:39Z</time>
   </trkpt>
   <trkpt lat="22.5839240" lon="88.3667930">
    <ele>11.3</ele>
    <time>2026-03-14T14:30:40Z</time>
   </trkpt>
   <trkpt lat="22.5839030" lon="88.3667870">
    <ele>11.3</ele>
    <time>2026-03-14T14:30:41Z</time>
   </trkpt>
   <trkpt lat="22.5838940" lon="88.3667840">
    <ele>11.3</ele>
    <time>2026-03-14T14:30:42Z</time>
   </trkpt>
   <trkpt lat="22.5838840" lon="88.3667810">
    <ele>11.3</ele>
    <time>2026-03-14T14:30:43Z</time>
   </trkpt>
   <trkpt lat="22.5838770" lon="88.3667820">
    <ele>11.3</ele>
    <time>2026-03-14T14:30:44Z</time>
   </trkpt>
   <trkpt lat="22.5838680" lon="88.3667560">
    <ele>11.3</ele>
    <time>2026-03-14T14:30:45Z</time>
   </trkpt>
   <trkpt lat="22.5838390" lon="88.3667460">
    <ele>11.4</ele>
    <time>2026-03-14T14:30:46Z</time>
   </trkpt>
   <trkpt lat="22.5838290" lon="88.3667400">
    <ele>11.4</ele>
    <time>2026-03-14T14:30:47Z</time>
   </trkpt>
   <trkpt lat="22.5838030" lon="88.3667420">
    <ele>11.4</ele>
    <time>2026-03-14T14:30:48Z</time>
   </trkpt>
   <trkpt lat="22.5837950" lon="88.3667420">
    <ele>11.4</ele>
    <time>2026-03-14T14:30:49Z</time>
   </trkpt>
   <trkpt lat="22.5837860" lon="88.3667410">
    <ele>11.4</ele>
    <time>2026-03-14T14:30:50Z</time>
   </trkpt>
   <trkpt lat="22.5837620" lon="88.3667400">
    <ele>11.4</ele>
    <time>2026-03-14T14:30:51Z</time>
   </trkpt>
   <trkpt lat="22.5837550" lon="88.3667400">
    <ele>11.5</ele>
    <time>2026-03-14T14:30:52Z</time>
   </trkpt>
   <trkpt lat="22.5837480" lon="88.3667400">
    <ele>11.5</ele>
    <time>2026-03-14T14:30:53Z</time>
   </trkpt>
   <trkpt lat="22.5837310" lon="88.3667370">
    <ele>11.5</ele>
    <time>2026-03-14T14:30:54Z</time>
   </trkpt>
   <trkpt lat="22.5837330" lon="88.3667480">
    <ele>11.5</ele>
    <time>2026-03-14T14:30:55Z</time>
   </trkpt>
   <trkpt lat="22.5837150" lon="88.3667340">
    <ele>11.5</ele>
    <time>2026-03-14T14:30:56Z</time>
   </trkpt>
   <trkpt lat="22.5836800" lon="88.3667180">
    <ele>11.5</ele>
    <time>2026-03-14T14:30:57Z</time>
   </trkpt>
   <trkpt lat="22.5836680" lon="88.3667130">
    <ele>11.5</ele>
    <time>2026-03-14T14:30:58Z</time>
   </trkpt>
   <trkpt lat="22.5836440" lon="88.3667030">
    <ele>11.6</ele>
    <time>2026-03-14T14:30:59Z</time>
   </trkpt>
   <trkpt lat="22.5836360" lon="88.3666980">
    <ele>11.6</ele>
    <time>2026-03-14T14:31:00Z</time>
   </trkpt>
   <trkpt lat="22.5836280" lon="88.3666930">
    <ele>11.6</ele>
    <time>2026-03-14T14:31:01Z</time>
   </trkpt>
   <trkpt lat="22.5836010" lon="88.3666950">
    <ele>11.6</ele>
    <time>2026-03-14T14:31:02Z</time>
   </trkpt>
   <trkpt lat="22.5835890" lon="88.3666960">
    <ele>11.6</ele>
    <time>2026-03-14T14:31:03Z</time>
   </trkpt>
   <trkpt lat="22.5835750" lon="88.3666900">
    <ele>11.6</ele>
    <time>2026-03-14T14:31:04Z</time>
   </trkpt>
   <trkpt lat="22.5835670" lon="88.3666880">
    <ele>11.6</ele>
    <time>2026-03-14T14:31:05Z</time>
   </trkpt>
   <trkpt lat="22.5835580" lon="88.3666850">
    <ele>11.6</ele>
    <time>2026-03-14T14:31:06Z</time>
   </trkpt>
   <trkpt lat="22.5835500" lon="88.3666830">
    <ele>11.6</ele>
    <time>2026-03-14T14:31:07Z</time>
   </trkpt>
   <trkpt lat="22.5835580" lon="88.3666840">
    <ele>11.6</ele>
    <time>2026-03-14T14:31:08Z</time>
   </trkpt>
   <trkpt lat="22.5835550" lon="88.3666780">
    <ele>11.6</ele>
    <time>2026-03-14T14:31:09Z</time>
   </trkpt>
   <trkpt lat="22.5835460" lon="88.3666780">
    <ele>11.7</ele>
    <time>2026-03-14T14:31:10Z</time>
   </trkpt>
   <trkpt lat="22.5835230" lon="88.3666690">
    <ele>11.7</ele>
    <time>2026-03-14T14:31:11Z</time>
   </trkpt>
   <trkpt lat="22.5835040" lon="88.3666650">
    <ele>11.7</ele>
    <time>2026-03-14T14:31:12Z</time>
   </trkpt>
   <trkpt lat="22.5834920" lon="88.3666600">
    <ele>11.7</ele>
    <time>2026-03-14T14:31:13Z</time>
   </trkpt>
   <trkpt lat="22.5834850" lon="88.3666490">
    <ele>11.7</ele>
    <time>2026-03-14T14:31:14Z</time>
   </trkpt>
   <trkpt lat="22.5834720" lon="88.3666380">
    <ele>11.7</ele>
    <time>2026-03-14T14:31:15Z</time>
   </trkpt>
   <trkpt lat="22.5834510" lon="88.3666280">
    <ele>11.8</ele>
    <time>2026-03-14T14:31:16Z</time>
   </trkpt>
   <trkpt lat="22.5834420" lon="88.3666250">
    <ele>11.8</ele>
    <time>2026-03-14T14:31:17Z</time>
   </trkpt>
   <trkpt lat="22.5834340" lon="88.3666220">
    <ele>11.8</ele>
    <time>2026-03-14T14:31:18Z</time>
   </trkpt>
   <trkpt lat="22.5834180" lon="88.3666210">
    <ele>11.8</ele>
    <time>2026-03-14T14:31:19Z</time>
   </trkpt>
   <trkpt lat="22.5834060" lon="88.3666190">
    <ele>11.8</ele>
    <time>2026-03-14T14:31:20Z</time>
   </trkpt>
   <trkpt lat="22.5833970" lon="88.3666180">
    <ele>11.8</ele>
    <time>2026-03-14T14:31:21Z</time>
   </trkpt>
   <trkpt lat="22.5833840" lon="88.3666160">
    <ele>11.8</ele>
    <time>2026-03-14T14:31:22Z</time>
   </trkpt>
   <trkpt lat="22.5833770" lon="88.3666130">
    <ele>11.8</ele>
    <time>2026-03-14T14:31:23Z</time>
   </trkpt>
   <trkpt lat="22.5833640" lon="88.3665970">
    <ele>11.8</ele>
    <time>2026-03-14T14:31:24Z</time>
   </trkpt>
   <trkpt lat="22.5833550" lon="88.3665900">
    <ele>11.9</ele>
    <time>2026-03-14T14:31:25Z</time>
   </trkpt>
   <trkpt lat="22.5833470" lon="88.3665830">
    <ele>11.9</ele>
    <time>2026-03-14T14:31:26Z</time>
   </trkpt>
   <trkpt lat="22.5833300" lon="88.3665790">
    <ele>11.9</ele>
    <time>2026-03-14T14:31:27Z</time>
   </trkpt>
   <trkpt lat="22.5833130" lon="88.3665740">
    <ele>11.9</ele>
    <time>2026-03-14T14:31:28Z</time>
   </trkpt>
   <trkpt lat="22.5833050" lon="88.3665710">
    <ele>11.9</ele>
    <time>2026-03-14T14:31:29Z</time>
   </trkpt>
   <trkpt lat="22.5832890" lon="88.3665630">
    <ele>11.8</ele>
    <time>2026-03-14T14:31:30Z</time>
   </trkpt>
   <trkpt lat="22.5832850" lon="88.3665650">
    <ele>11.8</ele>
    <time>2026-03-14T14:31:31Z</time>
   </trkpt>
   <trkpt lat="22.5832810" lon="88.3665650">
    <ele>11.8</ele>
    <time>2026-03-14T14:31:33Z</time>
   </trkpt>
   <trkpt lat="22.5832730" lon="88.3665670">
    <ele>11.8</ele>
    <time>2026-03-14T14:31:34Z</time>
   </trkpt>
   <trkpt lat="22.5832600" lon="88.3665640">
    <ele>11.8</ele>
    <time>2026-03-14T14:31:35Z</time>
   </trkpt>
   <trkpt lat="22.5832580" lon="88.3665580">
    <ele>11.8</ele>
    <time>2026-03-14T14:31:36Z</time>
   </trkpt>
   <trkpt lat="22.5832360" lon="88.3665490">
    <ele>11.7</ele>
    <time>2026-03-14T14:31:37Z</time>
   </trkpt>
   <trkpt lat="22.5832340" lon="88.3665470">
    <ele>11.7</ele>
    <time>2026-03-14T14:31:38Z</time>
   </trkpt>
   <trkpt lat="22.5832280" lon="88.3665420">
    <ele>11.7</ele>
    <time>2026-03-14T14:31:39Z</time>
   </trkpt>
   <trkpt lat="22.5832000" lon="88.3665240">
    <ele>11.6</ele>
    <time>2026-03-14T14:31:40Z</time>
   </trkpt>
   <trkpt lat="22.5831920" lon="88.3665220">
    <ele>11.6</ele>
    <time>2026-03-14T14:31:41Z</time>
   </trkpt>
   <trkpt lat="22.5831720" lon="88.3665230">
    <ele>11.6</ele>
    <time>2026-03-14T14:31:42Z</time>
   </trkpt>
   <trkpt lat="22.5831620" lon="88.3665200">
    <ele>11.5</ele>
    <time>2026-03-14T14:31:43Z</time>
   </trkpt>
   <trkpt lat="22.5831530" lon="88.3665170">
    <ele>11.5</ele>
    <time>2026-03-14T14:31:44Z</time>
   </trkpt>
   <trkpt lat="22.5831270" lon="88.3665000">
    <ele>11.4</ele>
    <time>2026-03-14T14:31:45Z</time>
   </trkpt>
   <trkpt lat="22.5831180" lon="88.3664970">
    <ele>11.4</ele>
    <time>2026-03-14T14:31:46Z</time>
   </trkpt>
   <trkpt lat="22.5830940" lon="88.3664960">
    <ele>11.4</ele>
    <time>2026-03-14T14:31:47Z</time>
   </trkpt>
   <trkpt lat="22.5830810" lon="88.3664960">
    <ele>11.3</ele>
    <time>2026-03-14T14:31:48Z</time>
   </trkpt>
   <trkpt lat="22.5830690" lon="88.3664960">
    <ele>11.3</ele>
    <time>2026-03-14T14:31:49Z</time>
   </trkpt>
   <trkpt lat="22.5830650" lon="88.3664900">
    <ele>11.3</ele>
    <time>2026-03-14T14:31:50Z</time>
   </trkpt>
   <trkpt lat="22.5830560" lon="88.3664870">
    <ele>11.3</ele>
    <time>2026-03-14T14:31:51Z</time>
   </trkpt>
   <trkpt lat="22.5830400" lon="88.3664900">
    <ele>11.2</ele>
    <time>2026-03-14T14:31:52Z</time>
   </trkpt>
   <trkpt lat="22.5830180" lon="88.3664870">
    <ele>11.2</ele>
    <time>2026-03-14T14:31:53Z</time>
   </trkpt>
   <trkpt lat="22.5830070" lon="88.3664820">
    <ele>11.1</ele>
    <time>2026-03-14T14:31:54Z</time>
   </trkpt>
   <trkpt lat="22.5829930" lon="88.3664780">
    <ele>11.1</ele>
    <time>2026-03-14T14:31:55Z</time>
   </trkpt>
   <trkpt lat="22.5829830" lon="88.3664750">
    <ele>11.1</ele>
    <time>2026-03-14T14:31:56Z</time>
   </trkpt>
   <trkpt lat="22.5829790" lon="88.3664740">
    <ele>11.1</ele>
    <time>2026-03-14T14:31:57Z</time>
   </trkpt>
   <trkpt lat="22.5829600" lon="88.3664680">
    <ele>11.0</ele>
    <time>2026-03-14T14:31:58Z</time>
   </trkpt>
   <trkpt lat="22.5829460" lon="88.3664640">
    <ele>11.0</ele>
    <time>2026-03-14T14:31:59Z</time>
   </trkpt>
   <trkpt lat="22.5829270" lon="88.3664580">
    <ele>11.0</ele>
    <time>2026-03-14T14:32:00Z</time>
   </trkpt>
   <trkpt lat="22.5829180" lon="88.3664550">
    <ele>11.0</ele>
    <time>2026-03-14T14:32:01Z</time>
   </trkpt>
   <trkpt lat="22.5829090" lon="88.3664530">
    <ele>10.9</ele>
    <time>2026-03-14T14:32:02Z</time>
   </trkpt>
   <trkpt lat="22.5828970" lon="88.3664470">
    <ele>10.9</ele>
    <time>2026-03-14T14:32:03Z</time>
   </trkpt>
   <trkpt lat="22.5828870" lon="88.3664440">
    <ele>10.9</ele>
    <time>2026-03-14T14:32:04Z</time>
   </trkpt>
   <trkpt lat="22.5828800" lon="88.3664360">
    <ele>10.9</ele>
    <time>2026-03-14T14:32:05Z</time>
   </trkpt>
   <trkpt lat="22.5828710" lon="88.3664320">
    <ele>10.9</ele>
    <time>2026-03-14T14:32:06Z</time>
   </trkpt>
   <trkpt lat="22.5828600" lon="88.3664250">
    <ele>10.8</ele>
    <time>2026-03-14T14:32:07Z</time>
   </trkpt>
   <trkpt lat="22.5828480" lon="88.3664240">
    <ele>10.8</ele>
    <time>2026-03-14T14:32:08Z</time>
   </trkpt>
   <trkpt lat="22.5828400" lon="88.3664280">
    <ele>10.8</ele>
    <time>2026-03-14T14:32:09Z</time>
   </trkpt>
   <trkpt lat="22.5828250" lon="88.3664270">
    <ele>10.8</ele>
    <time>2026-03-14T14:32:10Z</time>
   </trkpt>
   <trkpt lat="22.5828210" lon="88.3664320">
    <ele>10.8</ele>
    <time>2026-03-14T14:32:11Z</time>
   </trkpt>
   <trkpt lat="22.5828000" lon="88.3664330">
    <ele>10.7</ele>
    <time>2026-03-14T14:32:12Z</time>
   </trkpt>
   <trkpt lat="22.5827870" lon="88.3664340">
    <ele>10.7</ele>
    <time>2026-03-14T14:32:13Z</time>
   </trkpt>
   <trkpt lat="22.5827720" lon="88.3664260">
    <ele>10.7</ele>
    <time>2026-03-14T14:32:14Z</time>
   </trkpt>
   <trkpt lat="22.5827630" lon="88.3664180">
    <ele>10.6</ele>
    <time>2026-03-14T14:32:15Z</time>
   </trkpt>
   <trkpt lat="22.5827540" lon="88.3664110">
    <ele>10.6</ele>
    <time>2026-03-14T14:32:16Z</time>
   </trkpt>
   <trkpt lat="22.5827410" lon="88.3664040">
    <ele>10.6</ele>
    <time>2026-03-14T14:32:17Z</time>
   </trkpt>
   <trkpt lat="22.5827290" lon="88.3663990">
    <ele>10.6</ele>
    <time>2026-03-14T14:32:18Z</time>
   </trkpt>
   <trkpt lat="22.5827180" lon="88.3663950">
    <ele>10.6</ele>
    <time>2026-03-14T14:32:19Z</time>
   </trkpt>
   <trkpt lat="22.5827100" lon="88.3663800">
    <ele>10.5</ele>
    <time>2026-03-14T14:32:20Z</time>
   </trkpt>
   <trkpt lat="22.5826900" lon="88.3663690">
    <ele>10.5</ele>
    <time>2026-03-14T14:32:21Z</time>
   </trkpt>
   <trkpt lat="22.5826750" lon="88.3663510">
    <ele>10.4</ele>
    <time>2026-03-14T14:32:22Z</time>
   </trkpt>
   <trkpt lat="22.5826610" lon="88.3663490">
    <ele>10.4</ele>
    <time>2026-03-14T14:32:23Z</time>
   </trkpt>
   <trkpt lat="22.5826460" lon="88.3663400">
    <ele>10.4</ele>
    <time>2026-03-14T14:32:24Z</time>
   </trkpt>
   <trkpt lat="22.5826310" lon="88.3663400">
    <ele>10.4</ele>
    <time>2026-03-14T14:32:25Z</time>
   </trkpt>
   <trkpt lat="22.5826050" lon="88.3663240">
    <ele>10.3</ele>
    <time>2026-03-14T14:32:26Z</time>
   </trkpt>
   <trkpt lat="22.5825970" lon="88.3663180">
    <ele>10.3</ele>
    <time>2026-03-14T14:32:27Z</time>
   </trkpt>
   <trkpt lat="22.5825850" lon="88.3663250">
    <ele>10.3</ele>
    <time>2026-03-14T14:32:28Z</time>
   </trkpt>
   <trkpt lat="22.5825710" lon="88.3663080">
    <ele>10.3</ele>
    <time>2026-03-14T14:32:29Z</time>
   </trkpt>
   <trkpt lat="22.5825610" lon="88.3663040">
    <ele>10.3</ele>
    <time>2026-03-14T14:32:30Z</time>
   </trkpt>
   <trkpt lat="22.5825540" lon="88.3662970">
    <ele>10.3</ele>
    <time>2026-03-14T14:32:31Z</time>
   </trkpt>
   <trkpt lat="22.5825440" lon="88.3662930">
    <ele>10.2</ele>
    <time>2026-03-14T14:32:32Z</time>
   </trkpt>
   <trkpt lat="22.5825280" lon="88.3662840">
    <ele>10.2</ele>
    <time>2026-03-14T14:32:33Z</time>
   </trkpt>
   <trkpt lat="22.5825190" lon="88.3662790">
    <ele>10.2</ele>
    <time>2026-03-14T14:32:34Z</time>
   </trkpt>
   <trkpt lat="22.5825010" lon="88.3662780">
    <ele>10.2</ele>
    <time>2026-03-14T14:32:35Z</time>
   </trkpt>
   <trkpt lat="22.5824870" lon="88.3662780">
    <ele>10.2</ele>
    <time>2026-03-14T14:32:36Z</time>
   </trkpt>
   <trkpt lat="22.5824780" lon="88.3662670">
    <ele>10.2</ele>
    <time>2026-03-14T14:32:37Z</time>
   </trkpt>
   <trkpt lat="22.5824730" lon="88.3662540">
    <ele>10.2</ele>
    <time>2026-03-14T14:32:38Z</time>
   </trkpt>
   <trkpt lat="22.5824630" lon="88.3662560">
    <ele>10.2</ele>
    <time>2026-03-14T14:32:39Z</time>
   </trkpt>
   <trkpt lat="22.5824490" lon="88.3662500">
    <ele>10.1</ele>
    <time>2026-03-14T14:32:40Z</time>
   </trkpt>
   <trkpt lat="22.5824380" lon="88.3662430">
    <ele>10.1</ele>
    <time>2026-03-14T14:32:41Z</time>
   </trkpt>
   <trkpt lat="22.5824260" lon="88.3662400">
    <ele>10.1</ele>
    <time>2026-03-14T14:32:42Z</time>
   </trkpt>
   <trkpt lat="22.5824170" lon="88.3662290">
    <ele>10.1</ele>
    <time>2026-03-14T14:32:43Z</time>
   </trkpt>
   <trkpt lat="22.5824160" lon="88.3662330">
    <ele>10.1</ele>
    <time>2026-03-14T14:32:44Z</time>
   </trkpt>
   <trkpt lat="22.5824040" lon="88.3662310">
    <ele>10.1</ele>
    <time>2026-03-14T14:32:45Z</time>
   </trkpt>
   <trkpt lat="22.5823860" lon="88.3662240">
    <ele>10.1</ele>
    <time>2026-03-14T14:32:46Z</time>
   </trkpt>
   <trkpt lat="22.5823810" lon="88.3662220">
    <ele>10.1</ele>
    <time>2026-03-14T14:32:47Z</time>
   </trkpt>
   <trkpt lat="22.5823680" lon="88.3662260">
    <ele>10.1</ele>
    <time>2026-03-14T14:32:48Z</time>
   </trkpt>
   <trkpt lat="22.5823590" lon="88.3662280">
    <ele>10.0</ele>
    <time>2026-03-14T14:32:49Z</time>
   </trkpt>
   <trkpt lat="22.5823550" lon="88.3662320">
    <ele>10.0</ele>
    <time>2026-03-14T14:32:50Z</time>
   </trkpt>
   <trkpt lat="22.5823410" lon="88.3662240">
    <ele>10.0</ele>
    <time>2026-03-14T14:32:51Z</time>
   </trkpt>
   <trkpt lat="22.5823380" lon="88.3662080">
    <ele>10.0</ele>
    <time>2026-03-14T14:32:52Z</time>
   </trkpt>
   <trkpt lat="22.5823270" lon="88.3662060">
    <ele>10.0</ele>
    <time>2026-03-14T14:32:53Z</time>
   </trkpt>
   <trkpt lat="22.5823170" lon="88.3661990">
    <ele>10.0</ele>
    <time>2026-03-14T14:32:54Z</time>
   </trkpt>
   <trkpt lat="22.5823090" lon="88.3662080">
    <ele>10.0</ele>
    <time>2026-03-14T14:32:55Z</time>
   </trkpt>
   <trkpt lat="22.5823030" lon="88.3662100">
    <ele>10.0</ele>
    <time>2026-03-14T14:32:56Z</time>
   </trkpt>
   <trkpt lat="22.5822930" lon="88.3662090">
    <ele>10.0</ele>
    <time>2026-03-14T14:32:57Z</time>
   </trkpt>
   <trkpt lat="22.5822820" lon="88.3662080">
    <ele>10.0</ele>
    <time>2026-03-14T14:32:58Z</time>
   </trkpt>
   <trkpt lat="22.5822680" lon="88.3661980">
    <ele>10.0</ele>
    <time>2026-03-14T14:32:59Z</time>
   </trkpt>
   <trkpt lat="22.5822510" lon="88.3661900">
    <ele>10.0</ele>
    <time>2026-03-14T14:33:00Z</time>
   </trkpt>
   <trkpt lat="22.5822390" lon="88.3661840">
    <ele>10.0</ele>
    <time>2026-03-14T14:33:01Z</time>
   </trkpt>
   <trkpt lat="22.5822360" lon="88.3661690">
    <ele>9.9</ele>
    <time>2026-03-14T14:33:02Z</time>
   </trkpt>
   <trkpt lat="22.5822310" lon="88.3661640">
    <ele>9.9</ele>
    <time>2026-03-14T14:33:03Z</time>
   </trkpt>
   <trkpt lat="22.5822190" lon="88.3661550">
    <ele>9.9</ele>
    <time>2026-03-14T14:33:04Z</time>
   </trkpt>
   <trkpt lat="22.5822020" lon="88.3661470">
    <ele>9.9</ele>
    <time>2026-03-14T14:33:05Z</time>
   </trkpt>
   <trkpt lat="22.5821980" lon="88.3661440">
    <ele>9.9</ele>
    <time>2026-03-14T14:33:06Z</time>
   </trkpt>
   <trkpt lat="22.5821840" lon="88.3661440">
    <ele>9.9</ele>
    <time>2026-03-14T14:33:07Z</time>
   </trkpt>
   <trkpt lat="22.5821680" lon="88.3661440">
    <ele>9.9</ele>
    <time>2026-03-14T14:33:08Z</time>
   </trkpt>
   <trkpt lat="22.5821500" lon="88.3661410">
    <ele>9.9</ele>
    <time>2026-03-14T14:33:09Z</time>
   </trkpt>
   <trkpt lat="22.5821390" lon="88.3661390">
    <ele>9.9</ele>
    <time>2026-03-14T14:33:10Z</time>
   </trkpt>
   <trkpt lat="22.5821270" lon="88.3661360">
    <ele>9.9</ele>
    <time>2026-03-14T14:33:11Z</time>
   </trkpt>
   <trkpt lat="22.5821080" lon="88.3661300">
    <ele>9.9</ele>
    <time>2026-03-14T14:33:12Z</time>
   </trkpt>
   <trkpt lat="22.5820940" lon="88.3661220">
    <ele>9.9</ele>
    <time>2026-03-14T14:33:13Z</time>
   </trkpt>
   <trkpt lat="22.5820860" lon="88.3661140">
    <ele>9.9</ele>
    <time>2026-03-14T14:33:14Z</time>
   </trkpt>
   <trkpt lat="22.5820650" lon="88.3661040">
    <ele>9.9</ele>
    <time>2026-03-14T14:33:15Z</time>
   </trkpt>
   <trkpt lat="22.5820520" lon="88.3661060">
    <ele>9.9</ele>
    <time>2026-03-14T14:33:16Z</time>
   </trkpt>
   <trkpt lat="22.5820310" lon="88.3661060">
    <ele>9.9</ele>
    <time>2026-03-14T14:33:17Z</time>
   </trkpt>
   <trkpt lat="22.5820080" lon="88.3660940">
    <ele>9.9</ele>
    <time>2026-03-14T14:33:18Z</time>
   </trkpt>
   <trkpt lat="22.5819990" lon="88.3660880">
    <ele>9.9</ele>
    <time>2026-03-14T14:33:19Z</time>
   </trkpt>
   <trkpt lat="22.5819910" lon="88.3660830">
    <ele>9.9</ele>
    <time>2026-03-14T14:33:20Z</time>
   </trkpt>
   <trkpt lat="22.5819790" lon="88.3660710">
    <ele>9.8</ele>
    <time>2026-03-14T14:33:21Z</time>
   </trkpt>
   <trkpt lat="22.5819720" lon="88.3660770">
    <ele>9.8</ele>
    <time>2026-03-14T14:33:22Z</time>
   </trkpt>
   <trkpt lat="22.5819640" lon="88.3660750">
    <ele>9.8</ele>
    <time>2026-03-14T14:33:23Z</time>
   </trkpt>
   <trkpt lat="22.5819510" lon="88.3660720">
    <ele>9.8</ele>
    <time>2026-03-14T14:33:24Z</time>
   </trkpt>
   <trkpt lat="22.5819390" lon="88.3660740">
    <ele>9.8</ele>
    <time>2026-03-14T14:33:25Z</time>
   </trkpt>
   <trkpt lat="22.5819310" lon="88.3660720">
    <ele>9.8</ele>
    <time>2026-03-14T14:33:26Z</time>
   </trkpt>
   <trkpt lat="22.5819160" lon="88.3660590">
    <ele>9.8</ele>
    <time>2026-03-14T14:33:27Z</time>
   </trkpt>
   <trkpt lat="22.5819130" lon="88.3660640">
    <ele>9.8</ele>
    <time>2026-03-14T14:33:28Z</time>
   </trkpt>
   <trkpt lat="22.5819040" lon="88.3660660">
    <ele>9.8</ele>
    <time>2026-03-14T14:33:29Z</time>
   </trkpt>
   <trkpt lat="22.5818970" lon="88.3660740">
    <ele>9.8</ele>
    <time>2026-03-14T14:33:30Z</time>
   </trkpt>
   <trkpt lat="22.5818940" lon="88.3660880">
    <ele>9.8</ele>
    <time>2026-03-14T14:33:31Z</time>
   </trkpt>
   <trkpt lat="22.5818830" lon="88.3660940">
    <ele>9.8</ele>
    <time>2026-03-14T14:33:32Z</time>
   </trkpt>
   <trkpt lat="22.5818660" lon="88.3660960">
    <ele>9.8</ele>
    <time>2026-03-14T14:33:33Z</time>
   </trkpt>
   <trkpt lat="22.5818530" lon="88.3660970">
    <ele>9.8</ele>
    <time>2026-03-14T14:33:34Z</time>
   </trkpt>
   <trkpt lat="22.5818420" lon="88.3660950">
    <ele>9.8</ele>
    <time>2026-03-14T14:33:35Z</time>
   </trkpt>
   <trkpt lat="22.5818430" lon="88.3660950">
    <ele>9.8</ele>
    <time>2026-03-14T14:33:36Z</time>
   </trkpt>
   <trkpt lat="22.5818270" lon="88.3660950">
    <ele>9.8</ele>
    <time>2026-03-14T14:33:37Z</time>
   </trkpt>
   <trkpt lat="22.5818220" lon="88.3660970">
    <ele>9.8</ele>
    <time>2026-03-14T14:33:38Z</time>
   </trkpt>
   <trkpt lat="22.5818080" lon="88.3660860">
    <ele>9.8</ele>
    <time>2026-03-14T14:33:39Z</time>
   </trkpt>
   <trkpt lat="22.5817960" lon="88.3660790">
    <ele>9.7</ele>
    <time>2026-03-14T14:33:40Z</time>
   </trkpt>
   <trkpt lat="22.5817760" lon="88.3660700">
    <ele>9.7</ele>
    <time>2026-03-14T14:33:41Z</time>
   </trkpt>
   <trkpt lat="22.5817720" lon="88.3660620">
    <ele>9.6</ele>
    <time>2026-03-14T14:33:42Z</time>
   </trkpt>
   <trkpt lat="22.5817670" lon="88.3660540">
    <ele>9.6</ele>
    <time>2026-03-14T14:33:43Z</time>
   </trkpt>
   <trkpt lat="22.5817410" lon="88.3660420">
    <ele>9.5</ele>
    <time>2026-03-14T14:33:44Z</time>
   </trkpt>
   <trkpt lat="22.5817320" lon="88.3660380">
    <ele>9.5</ele>
    <time>2026-03-14T14:33:45Z</time>
   </trkpt>
   <trkpt lat="22.5817240" lon="88.3660300">
    <ele>9.5</ele>
    <time>2026-03-14T14:33:46Z</time>
   </trkpt>
   <trkpt lat="22.5817070" lon="88.3660240">
    <ele>9.4</ele>
    <time>2026-03-14T14:33:47Z</time>
   </trkpt>
   <trkpt lat="22.5816910" lon="88.3660120">
    <ele>9.4</ele>
    <time>2026-03-14T14:33:48Z</time>
   </trkpt>
   <trkpt lat="22.5816860" lon="88.3660050">
    <ele>9.3</ele>
    <time>2026-03-14T14:33:49Z</time>
   </trkpt>
   <trkpt lat="22.5816650" lon="88.3659890">
    <ele>9.3</ele>
    <time>2026-03-14T14:33:50Z</time>
   </trkpt>
   <trkpt lat="22.5816540" lon="88.3659830">
    <ele>9.2</ele>
    <time>2026-03-14T14:33:51Z</time>
   </trkpt>
   <trkpt lat="22.5816280" lon="88.3659750">
    <ele>9.1</ele>
    <time>2026-03-14T14:33:52Z</time>
   </trkpt>
   <trkpt lat="22.5816180" lon="88.3659720">
    <ele>9.1</ele>
    <time>2026-03-14T14:33:53Z</time>
   </trkpt>
   <trkpt lat="22.5816090" lon="88.3659700">
    <ele>9.1</ele>
    <time>2026-03-14T14:33:54Z</time>
   </trkpt>
   <trkpt lat="22.5815890" lon="88.3659650">
    <ele>9.0</ele>
    <time>2026-03-14T14:33:55Z</time>
   </trkpt>
   <trkpt lat="22.5815800" lon="88.3659700">
    <ele>9.0</ele>
    <time>2026-03-14T14:33:56Z</time>
   </trkpt>
   <trkpt lat="22.5815590" lon="88.3659630">
    <ele>9.0</ele>
    <time>2026-03-14T14:33:57Z</time>
   </trkpt>
   <trkpt lat="22.5815520" lon="88.3659600">
    <ele>8.9</ele>
    <time>2026-03-14T14:33:58Z</time>
   </trkpt>
   <trkpt lat="22.5815440" lon="88.3659570">
    <ele>8.9</ele>
    <time>2026-03-14T14:33:59Z</time>
   </trkpt>
   <trkpt lat="22.5815360" lon="88.3659490">
    <ele>8.9</ele>
    <time>2026-03-14T14:34:00Z</time>
   </trkpt>
   <trkpt lat="22.5815160" lon="88.3659380">
    <ele>8.9</ele>
    <time>2026-03-14T14:34:01Z</time>
   </trkpt>
   <trkpt lat="22.5815050" lon="88.3659320">
    <ele>8.8</ele>
    <time>2026-03-14T14:34:02Z</time>
   </trkpt>
   <trkpt lat="22.5815000" lon="88.3659290">
    <ele>8.8</ele>
    <time>2026-03-14T14:34:03Z</time>
   </trkpt>
   <trkpt lat="22.5814960" lon="88.3659220">
    <ele>8.8</ele>
    <time>2026-03-14T14:34:04Z</time>
   </trkpt>
   <trkpt lat="22.5814930" lon="88.3659200">
    <ele>8.8</ele>
    <time>2026-03-14T14:34:05Z</time>
   </trkpt>
   <trkpt lat="22.5814830" lon="88.3659090">
    <ele>8.8</ele>
    <time>2026-03-14T14:34:06Z</time>
   </trkpt>
   <trkpt lat="22.5814760" lon="88.3659000">
    <ele>8.7</ele>
    <time>2026-03-14T14:34:07Z</time>
   </trkpt>
   <trkpt lat="22.5814680" lon="88.3658910">
    <ele>8.7</ele>
    <time>2026-03-14T14:34:08Z</time>
   </trkpt>
   <trkpt lat="22.5814500" lon="88.3658920">
    <ele>8.7</ele>
    <time>2026-03-14T14:34:09Z</time>
   </trkpt>
   <trkpt lat="22.5814390" lon="88.3658900">
    <ele>8.6</ele>
    <time>2026-03-14T14:34:10Z</time>
   </trkpt>
   <trkpt lat="22.5814290" lon="88.3658880">
    <ele>8.6</ele>
    <time>2026-03-14T14:34:11Z</time>
   </trkpt>
   <trkpt lat="22.5814150" lon="88.3658900">
    <ele>8.6</ele>
    <time>2026-03-14T14:34:12Z</time>
   </trkpt>
   <trkpt lat="22.5814160" lon="88.3658810">
    <ele>8.6</ele>
    <time>2026-03-14T14:34:13Z</time>
   </trkpt>
   <trkpt lat="22.5813980" lon="88.3658700">
    <ele>8.5</ele>
    <time>2026-03-14T14:34:14Z</time>
   </trkpt>
   <trkpt lat="22.5813740" lon="88.3658670">
    <ele>8.5</ele>
    <time>2026-03-14T14:34:15Z</time>
   </trkpt>
   <trkpt lat="22.5813660" lon="88.3658640">
    <ele>8.5</ele>
    <time>2026-03-14T14:34:16Z</time>
   </trkpt>
   <trkpt lat="22.5813590" lon="88.3658620">
    <ele>8.4</ele>
    <time>2026-03-14T14:34:17Z</time>
   </trkpt>
   <trkpt lat="22.5813440" lon="88.3658500">
    <ele>8.4</ele>
    <time>2026-03-14T14:34:18Z</time>
   </trkpt>
   <trkpt lat="22.5813340" lon="88.3658450">
    <ele>8.4</ele>
    <time>2026-03-14T14:34:19Z</time>
   </trkpt>
   <trkpt lat="22.5813250" lon="88.3658400">
    <ele>8.3</ele>
    <time>2026-03-14T14:34:20Z</time>
   </trkpt>
   <trkpt lat="22.5813070" lon="88.3658360">
    <ele>8.3</ele>
    <time>2026-03-14T14:34:21Z</time>
   </trkpt>
   <trkpt lat="22.5812990" lon="88.3658300">
    <ele>8.4</ele>
    <time>2026-03-14T14:34:22Z</time>
   </trkpt>
   <trkpt lat="22.5812910" lon="88.3658240">
    <ele>8.4</ele>
    <time>2026-03-14T14:34:23Z</time>
   </trkpt>
   <trkpt lat="22.5812810" lon="88.3658240">
    <ele>8.4</ele>
    <time>2026-03-14T14:34:24Z</time>
   </trkpt>
   <trkpt lat="22.5812740" lon="88.3658250">
    <ele>8.4</ele>
    <time>2026-03-14T14:34:25Z</time>
   </trkpt>
   <trkpt lat="22.5812600" lon="88.3658210">
    <ele>8.4</ele>
    <time>2026-03-14T14:34:26Z</time>
   </trkpt>
   <trkpt lat="22.5812470" lon="88.3658110">
    <ele>8.4</ele>
    <time>2026-03-14T14:34:27Z</time>
   </trkpt>
   <trkpt lat="22.5812400" lon="88.3658110">
    <ele>8.5</ele>
    <time>2026-03-14T14:34:28Z</time>
   </trkpt>
   <trkpt lat="22.5812470" lon="88.3658160">
    <ele>8.5</ele>
    <time>2026-03-14T14:34:29Z</time>
   </trkpt>
   <trkpt lat="22.5812280" lon="88.3658060">
    <ele>8.5</ele>
    <time>2026-03-14T14:34:30Z</time>
   </trkpt>
   <trkpt lat="22.5812200" lon="88.3658000">
    <ele>8.5</ele>
    <time>2026-03-14T14:34:31Z</time>
   </trkpt>
   <trkpt lat="22.5812070" lon="88.3657860">
    <ele>8.5</ele>
    <time>2026-03-14T14:34:32Z</time>
   </trkpt>
   <trkpt lat="22.5812050" lon="88.3657780">
    <ele>8.6</ele>
    <time>2026-03-14T14:34:33Z</time>
   </trkpt>
   <trkpt lat="22.5811960" lon="88.3657720">
    <ele>8.6</ele>
    <time>2026-03-14T14:34:34Z</time>
   </trkpt>
   <trkpt lat="22.5811860" lon="88.3657670">
    <ele>8.6</ele>
    <time>2026-03-14T14:34:35Z</time>
   </trkpt>
   <trkpt lat="22.5811770" lon="88.3657610">
    <ele>8.6</ele>
    <time>2026-03-14T14:34:36Z</time>
   </trkpt>
   <trkpt lat="22.5811710" lon="88.3657540">
    <ele>8.6</ele>
    <time>2026-03-14T14:34:37Z</time>
   </trkpt>
   <trkpt lat="22.5811570" lon="88.3657600">
    <ele>8.6</ele>
    <time>2026-03-14T14:34:38Z</time>
   </trkpt>
   <trkpt lat="22.5811450" lon="88.3657580">
    <ele>8.7</ele>
    <time>2026-03-14T14:34:39Z</time>
   </trkpt>
   <trkpt lat="22.5811450" lon="88.3657600">
    <ele>8.7</ele>
    <time>2026-03-14T14:34:40Z</time>
   </trkpt>
   <trkpt lat="22.5811400" lon="88.3657710">
    <ele>8.7</ele>
    <time>2026-03-14T14:34:41Z</time>
   </trkpt>
   <trkpt lat="22.5811220" lon="88.3657560">
    <ele>8.7</ele>
    <time>2026-03-14T14:34:42Z</time>
   </trkpt>
   <trkpt lat="22.5811150" lon="88.3657620">
    <ele>8.7</ele>
    <time>2026-03-14T14:34:43Z</time>
   </trkpt>
   <trkpt lat="22.5811230" lon="88.3657690">
    <ele>8.7</ele>
    <time>2026-03-14T14:34:44Z</time>
   </trkpt>
   <trkpt lat="22.5811180" lon="88.3657670">
    <ele>8.7</ele>
    <time>2026-03-14T14:34:45Z</time>
   </trkpt>
   <trkpt lat="22.5811100" lon="88.3657630">
    <ele>8.8</ele>
    <time>2026-03-14T14:34:46Z</time>
   </trkpt>
   <trkpt lat="22.5811110" lon="88.3657640">
    <ele>8.8</ele>
    <time>2026-03-14T14:34:47Z</time>
   </trkpt>
   <trkpt lat="22.5810890" lon="88.3657590">
    <ele>8.8</ele>
    <time>2026-03-14T14:34:48Z</time>
   </trkpt>
   <trkpt lat="22.5810810" lon="88.3657570">
    <ele>8.8</ele>
    <time>2026-03-14T14:34:49Z</time>
   </trkpt>
   <trkpt lat="22.5810590" lon="88.3657560">
    <ele>8.8</ele>
    <time>2026-03-14T14:34:50Z</time>
   </trkpt>
   <trkpt lat="22.5810480" lon="88.3657540">
    <ele>8.8</ele>
    <time>2026-03-14T14:34:51Z</time>
   </trkpt>
   <trkpt lat="22.5810310" lon="88.3657550">
    <ele>8.9</ele>
    <time>2026-03-14T14:34:52Z</time>
   </trkpt>
   <trkpt lat="22.5810150" lon="88.3657500">
    <ele>8.9</ele>
    <time>2026-03-14T14:34:53Z</time>
   </trkpt>
   <trkpt lat="22.5810100" lon="88.3657500">
    <ele>8.9</ele>
    <time>2026-03-14T14:34:54Z</time>
   </trkpt>
   <trkpt lat="22.5810030" lon="88.3657460">
    <ele>8.9</ele>
    <time>2026-03-14T14:34:55Z</time>
   </trkpt>
   <trkpt lat="22.5809980" lon="88.3657440">
    <ele>8.8</ele>
    <time>2026-03-14T14:34:56Z</time>
   </trkpt>
   <trkpt lat="22.5809880" lon="88.3657420">
    <ele>8.8</ele>
    <time>2026-03-14T14:34:57Z</time>
   </trkpt>
   <trkpt lat="22.5809710" lon="88.3657360">
    <ele>8.8</ele>
    <time>2026-03-14T14:34:58Z</time>
   </trkpt>
   <trkpt lat="22.5809650" lon="88.3657350">
    <ele>8.7</ele>
    <time>2026-03-14T14:34:59Z</time>
   </trkpt>
   <trkpt lat="22.5809620" lon="88.3657370">
    <ele>8.7</ele>
    <time>2026-03-14T14:35:00Z</time>
   </trkpt>
   <trkpt lat="22.5809600" lon="88.3657380">
    <ele>8.7</ele>
    <time>2026-03-14T14:35:01Z</time>
   </trkpt>
   <trkpt lat="22.5809430" lon="88.3657340">
    <ele>8.7</ele>
    <time>2026-03-14T14:35:02Z</time>
   </trkpt>
   <trkpt lat="22.5809330" lon="88.3657320">
    <ele>8.6</ele>
    <time>2026-03-14T14:35:03Z</time>
   </trkpt>
   <trkpt lat="22.5809230" lon="88.3657290">
    <ele>8.6</ele>
    <time>2026-03-14T14:35:04Z</time>
   </trkpt>
   <trkpt lat="22.5809130" lon="88.3657270">
    <ele>8.6</ele>
    <time>2026-03-14T14:35:05Z</time>
   </trkpt>
   <trkpt lat="22.5809050" lon="88.3657170">
    <ele>8.5</ele>
    <time>2026-03-14T14:35:06Z</time>
   </trkpt>
   <trkpt lat="22.5808890" lon="88.3657020">
    <ele>8.5</ele>
    <time>2026-03-14T14:35:07Z</time>
   </trkpt>
   <trkpt lat="22.5808830" lon="88.3656900">
    <ele>8.4</ele>
    <time>2026-03-14T14:35:08Z</time>
   </trkpt>
   <trkpt lat="22.5808920" lon="88.3656850">
    <ele>8.4</ele>
    <time>2026-03-14T14:35:09Z</time>
   </trkpt>
   <trkpt lat="22.5808870" lon="88.3656750">
    <ele>8.4</ele>
    <time>2026-03-14T14:35:10Z</time>
   </trkpt>
   <trkpt lat="22.5808780" lon="88.3656690">
    <ele>8.3</ele>
    <time>2026-03-14T14:35:11Z</time>
   </trkpt>
   <trkpt lat="22.5808700" lon="88.3656710">
    <ele>8.3</ele>
    <time>2026-03-14T14:35:12Z</time>
   </trkpt>
   <trkpt lat="22.5808560" lon="88.3656630">
    <ele>8.3</ele>
    <time>2026-03-14T14:35:13Z</time>
   </trkpt>
   <trkpt lat="22.5808470" lon="88.3656590">
    <ele>8.2</ele>
    <time>2026-03-14T14:35:14Z</time>
   </trkpt>
   <trkpt lat="22.5808260" lon="88.3656620">
    <ele>8.2</ele>
    <time>2026-03-14T14:35:15Z</time>
   </trkpt>
   <trkpt lat="22.5808190" lon="88.3656640">
    <ele>8.2</ele>
    <time>2026-03-14T14:35:16Z</time>
   </trkpt>
   <trkpt lat="22.5808110" lon="88.3656670">
    <ele>8.1</ele>
    <time>2026-03-14T14:35:17Z</time>
   </trkpt>
   <trkpt lat="22.5807980" lon="88.3656650">
    <ele>8.1</ele>
    <time>2026-03-14T14:35:18Z</time>
   </trkpt>
   <trkpt lat="22.5807750" lon="88.3656660">
    <ele>8.0</ele>
    <time>2026-03-14T14:35:19Z</time>
   </trkpt>
   <trkpt lat="22.5807650" lon="88.3656740">
    <ele>8.0</ele>
    <time>2026-03-14T14:35:20Z</time>
   </trkpt>
   <trkpt lat="22.5807630" lon="88.3656790">
    <ele>8.0</ele>
    <time>2026-03-14T14:35:21Z</time>
   </trkpt>
   <trkpt lat="22.5807640" lon="88.3656870">
    <ele>7.9</ele>
    <time>2026-03-14T14:35:22Z</time>
   </trkpt>
   <trkpt lat="22.5807750" lon="88.3656890">
    <ele>7.9</ele>
    <time>2026-03-14T14:35:23Z</time>
   </trkpt>
   <trkpt lat="22.5807710" lon="88.3657010">
    <ele>7.9</ele>
    <time>2026-03-14T14:35:24Z</time>
   </trkpt>
   <trkpt lat="22.5807500" lon="88.3657080">
    <ele>7.8</ele>
    <time>2026-03-14T14:35:25Z</time>
   </trkpt>
   <trkpt lat="22.5807390" lon="88.3657110">
    <ele>7.8</ele>
    <time>2026-03-14T14:35:26Z</time>
   </trkpt>
   <trkpt lat="22.5807370" lon="88.3657170">
    <ele>7.7</ele>
    <time>2026-03-14T14:35:27Z</time>
   </trkpt>
   <trkpt lat="22.5807360" lon="88.3657220">
    <ele>7.7</ele>
    <time>2026-03-14T14:35:28Z</time>
   </trkpt>
   <trkpt lat="22.5807260" lon="88.3657270">
    <ele>7.7</ele>
    <time>2026-03-14T14:35:29Z</time>
   </trkpt>
   <trkpt lat="22.5807110" lon="88.3657340">
    <ele>7.6</ele>
    <time>2026-03-14T14:35:30Z</time>
   </trkpt>
   <trkpt lat="22.5806800" lon="88.3657230">
    <ele>7.5</ele>
    <time>2026-03-14T14:35:31Z</time>
   </trkpt>
   <trkpt lat="22.5806680" lon="88.3657200">
    <ele>7.5</ele>
    <time>2026-03-14T14:35:32Z</time>
   </trkpt>
   <trkpt lat="22.5806490" lon="88.3657090">
    <ele>7.4</ele>
    <time>2026-03-14T14:35:33Z</time>
   </trkpt>
   <trkpt lat="22.5806410" lon="88.3657040">
    <ele>7.4</ele>
    <time>2026-03-14T14:35:34Z</time>
   </trkpt>
   <trkpt lat="22.5806320" lon="88.3657000">
    <ele>7.4</ele>
    <time>2026-03-14T14:35:35Z</time>
   </trkpt>
   <trkpt lat="22.5806060" lon="88.3656920">
    <ele>7.3</ele>
    <time>2026-03-14T14:35:36Z</time>
   </trkpt>
   <trkpt lat="22.5805950" lon="88.3656900">
    <ele>7.3</ele>
    <time>2026-03-14T14:35:37Z</time>
   </trkpt>
   <trkpt lat="22.5805740" lon="88.3656800">
    <ele>7.2</ele>
    <time>2026-03-14T14:35:38Z</time>
   </trkpt>
   <trkpt lat="22.5805610" lon="88.3656700">
    <ele>7.2</ele>
    <time>2026-03-14T14:35:39Z</time>
   </trkpt>
   <trkpt lat="22.5805510" lon="88.3656430">
    <ele>7.1</ele>
    <time>2026-03-14T14:35:40Z</time>
   </trkpt>
   <trkpt lat="22.5805450" lon="88.3656340">
    <ele>7.1</ele>
    <time>2026-03-14T14:35:41Z</time>
   </trkpt>
   <trkpt lat="22.5805380" lon="88.3656260">
    <ele>7.0</ele>
    <time>2026-03-14T14:35:42Z</time>
   </trkpt>
   <trkpt lat="22.5805330" lon="88.3655860">
    <ele>6.9</ele>
    <time>2026-03-14T14:35:43Z</time>
   </trkpt>
   <trkpt lat="22.5805320" lon="88.3655770">
    <ele>6.9</ele>
    <time>2026-03-14T14:35:45Z</time>
   </trkpt>
   <trkpt lat="22.5805310" lon="88.3655770">
    <ele>6.9</ele>
    <time>2026-03-14T14:35:46Z</time>
   </trkpt>
   <trkpt lat="22.5805190" lon="88.3655870">
    <ele>6.8</ele>
    <time>2026-03-14T14:35:47Z</time>
   </trkpt>
   <trkpt lat="22.5805060" lon="88.3655940">
    <ele>6.8</ele>
    <time>2026-03-14T14:35:48Z</time>
   </trkpt>
   <trkpt lat="22.5804960" lon="88.3656030">
    <ele>6.8</ele>
    <time>2026-03-14T14:35:49Z</time>
   </trkpt>
   <trkpt lat="22.5804860" lon="88.3656010">
    <ele>6.7</ele>
    <time>2026-03-14T14:35:50Z</time>
   </trkpt>
   <trkpt lat="22.5804840" lon="88.3655970">
    <ele>6.7</ele>
    <time>2026-03-14T14:35:51Z</time>
   </trkpt>
   <trkpt lat="22.5804830" lon="88.3655820">
    <ele>6.7</ele>
    <time>2026-03-14T14:35:52Z</time>
   </trkpt>
   <trkpt lat="22.5804810" lon="88.3655780">
    <ele>6.7</ele>
    <time>2026-03-14T14:35:53Z</time>
   </trkpt>
   <trkpt lat="22.5804780" lon="88.3656000">
    <ele>6.6</ele>
    <time>2026-03-14T14:35:54Z</time>
   </trkpt>
   <trkpt lat="22.5804790" lon="88.3656120">
    <ele>6.6</ele>
    <time>2026-03-14T14:35:55Z</time>
   </trkpt>
   <trkpt lat="22.5804450" lon="88.3656120">
    <ele>6.5</ele>
    <time>2026-03-14T14:35:56Z</time>
   </trkpt>
   <trkpt lat="22.5804330" lon="88.3656100">
    <ele>6.4</ele>
    <time>2026-03-14T14:35:57Z</time>
   </trkpt>
   <trkpt lat="22.5804450" lon="88.3656030">
    <ele>6.4</ele>
    <time>2026-03-14T14:35:58Z</time>
   </trkpt>
   <trkpt lat="22.5804350" lon="88.3656010">
    <ele>6.4</ele>
    <time>2026-03-14T14:35:59Z</time>
   </trkpt>
   <trkpt lat="22.5804250" lon="88.3655950">
    <ele>6.3</ele>
    <time>2026-03-14T14:36:00Z</time>
   </trkpt>
   <trkpt lat="22.5804090" lon="88.3655820">
    <ele>6.3</ele>
    <time>2026-03-14T14:36:01Z</time>
   </trkpt>
   <trkpt lat="22.5803830" lon="88.3655440">
    <ele>6.2</ele>
    <time>2026-03-14T14:36:02Z</time>
   </trkpt>
   <trkpt lat="22.5803670" lon="88.3655310">
    <ele>6.1</ele>
    <time>2026-03-14T14:36:03Z</time>
   </trkpt>
   <trkpt lat="22.5803490" lon="88.3655280">
    <ele>6.1</ele>
    <time>2026-03-14T14:36:04Z</time>
   </trkpt>
   <trkpt lat="22.5803360" lon="88.3655310">
    <ele>6.1</ele>
    <time>2026-03-14T14:36:05Z</time>
   </trkpt>
   <trkpt lat="22.5803370" lon="88.3655260">
    <ele>6.1</ele>
    <time>2026-03-14T14:36:06Z</time>
   </trkpt>
   <trkpt lat="22.5803270" lon="88.3655220">
    <ele>6.1</ele>
    <time>2026-03-14T14:36:07Z</time>
   </trkpt>
   <trkpt lat="22.5803200" lon="88.3655160">
    <ele>6.1</ele>
    <time>2026-03-14T14:36:08Z</time>
   </trkpt>
   <trkpt lat="22.5803100" lon="88.3655090">
    <ele>6.1</ele>
    <time>2026-03-14T14:36:09Z</time>
   </trkpt>
   <trkpt lat="22.5802920" lon="88.3655100">
    <ele>6.1</ele>
    <time>2026-03-14T14:36:10Z</time>
   </trkpt>
   <trkpt lat="22.5802650" lon="88.3655030">
    <ele>6.1</ele>
    <time>2026-03-14T14:36:11Z</time>
   </trkpt>
   <trkpt lat="22.5802570" lon="88.3655010">
    <ele>6.1</ele>
    <time>2026-03-14T14:36:12Z</time>
   </trkpt>
   <trkpt lat="22.5802490" lon="88.3654980">
    <ele>6.1</ele>
    <time>2026-03-14T14:36:13Z</time>
   </trkpt>
   <trkpt lat="22.5802170" lon="88.3654810">
    <ele>6.1</ele>
    <time>2026-03-14T14:36:14Z</time>
   </trkpt>
   <trkpt lat="22.5802010" lon="88.3654720">
    <ele>6.2</ele>
    <time>2026-03-14T14:36:15Z</time>
   </trkpt>
   <trkpt lat="22.5801820" lon="88.3654670">
    <ele>6.2</ele>
    <time>2026-03-14T14:36:16Z</time>
   </trkpt>
   <trkpt lat="22.5801710" lon="88.3654740">
    <ele>6.2</ele>
    <time>2026-03-14T14:36:17Z</time>
   </trkpt>
   <trkpt lat="22.5801520" lon="88.3654730">
    <ele>6.2</ele>
    <time>2026-03-14T14:36:18Z</time>
   </trkpt>
   <trkpt lat="22.5801420" lon="88.3654690">
    <ele>6.2</ele>
    <time>2026-03-14T14:36:19Z</time>
   </trkpt>
   <trkpt lat="22.5801320" lon="88.3654660">
    <ele>6.2</ele>
    <time>2026-03-14T14:36:20Z</time>
   </trkpt>
   <trkpt lat="22.5801170" lon="88.3654580">
    <ele>6.2</ele>
    <time>2026-03-14T14:36:21Z</time>
   </trkpt>
   <trkpt lat="22.5801040" lon="88.3654530">
    <ele>6.2</ele>
    <time>2026-03-14T14:36:22Z</time>
   </trkpt>
   <trkpt lat="22.5800990" lon="88.3654350">
    <ele>6.2</ele>
    <time>2026-03-14T14:36:23Z</time>
   </trkpt>
   <trkpt lat="22.5800930" lon="88.3654370">
    <ele>6.2</ele>
    <time>2026-03-14T14:36:24Z</time>
   </trkpt>
   <trkpt lat="22.5800870" lon="88.3654310">
    <ele>6.2</ele>
    <time>2026-03-14T14:36:25Z</time>
   </trkpt>
   <trkpt lat="22.5800750" lon="88.3654300">
    <ele>6.2</ele>
    <time>2026-03-14T14:36:26Z</time>
   </trkpt>
   <trkpt lat="22.5800630" lon="88.3654270">
    <ele>6.2</ele>
    <time>2026-03-14T14:36:27Z</time>
   </trkpt>
   <trkpt lat="22.5800510" lon="88.3654310">
    <ele>6.2</ele>
    <time>2026-03-14T14:36:28Z</time>
   </trkpt>
   <trkpt lat="22.5800400" lon="88.3654360">
    <ele>6.2</ele>
    <time>2026-03-14T14:36:29Z</time>
   </trkpt>
   <trkpt lat="22.5800390" lon="88.3654370">
    <ele>6.2</ele>
    <time>2026-03-14T14:36:30Z</time>
   </trkpt>
   <trkpt lat="22.5800290" lon="88.3654330">
    <ele>6.2</ele>
    <time>2026-03-14T14:36:31Z</time>
   </trkpt>
   <trkpt lat="22.5800190" lon="88.3654390">
    <ele>6.3</ele>
    <time>2026-03-14T14:36:32Z</time>
   </trkpt>
   <trkpt lat="22.5800050" lon="88.3654350">
    <ele>6.3</ele>
    <time>2026-03-14T14:36:33Z</time>
   </trkpt>
   <trkpt lat="22.5799910" lon="88.3654300">
    <ele>6.3</ele>
    <time>2026-03-14T14:36:34Z</time>
   </trkpt>
   <trkpt lat="22.5799830" lon="88.3654170">
    <ele>6.3</ele>
    <time>2026-03-14T14:36:35Z</time>
   </trkpt>
   <trkpt lat="22.5799580" lon="88.3654120">
    <ele>6.3</ele>
    <time>2026-03-14T14:36:36Z</time>
   </trkpt>
   <trkpt lat="22.5799490" lon="88.3654110">
    <ele>6.3</ele>
    <time>2026-03-14T14:36:37Z</time>
   </trkpt>
   <trkpt lat="22.5799390" lon="88.3654090">
    <ele>6.3</ele>
    <time>2026-03-14T14:36:38Z</time>
   </trkpt>
   <trkpt lat="22.5799280" lon="88.3653940">
    <ele>6.3</ele>
    <time>2026-03-14T14:36:39Z</time>
   </trkpt>
   <trkpt lat="22.5799210" lon="88.3653870">
    <ele>6.3</ele>
    <time>2026-03-14T14:36:40Z</time>
   </trkpt>
   <trkpt lat="22.5799150" lon="88.3653790">
    <ele>6.3</ele>
    <time>2026-03-14T14:36:41Z</time>
   </trkpt>
   <trkpt lat="22.5799020" lon="88.3653770">
    <ele>6.3</ele>
    <time>2026-03-14T14:36:42Z</time>
   </trkpt>
   <trkpt lat="22.5798880" lon="88.3653760">
    <ele>6.3</ele>
    <time>2026-03-14T14:36:43Z</time>
   </trkpt>
   <trkpt lat="22.5798660" lon="88.3653750">
    <ele>6.4</ele>
    <time>2026-03-14T14:36:44Z</time>
   </trkpt>
   <trkpt lat="22.5798600" lon="88.3653710">
    <ele>6.4</ele>
    <time>2026-03-14T14:36:45Z</time>
   </trkpt>
   <trkpt lat="22.5798530" lon="88.3653660">
    <ele>6.4</ele>
    <time>2026-03-14T14:36:46Z</time>
   </trkpt>
   <trkpt lat="22.5798460" lon="88.3653570">
    <ele>6.4</ele>
    <time>2026-03-14T14:36:47Z</time>
   </trkpt>
   <trkpt lat="22.5798290" lon="88.3653480">
    <ele>6.5</ele>
    <time>2026-03-14T14:36:48Z</time>
   </trkpt>
   <trkpt lat="22.5798130" lon="88.3653330">
    <ele>6.8</ele>
    <time>2026-03-14T14:36:49Z</time>
   </trkpt>
   <trkpt lat="22.5798060" lon="88.3653250">
    <ele>6.9</ele>
    <time>2026-03-14T14:36:50Z</time>
   </trkpt>
   <trkpt lat="22.5797860" lon="88.3653300">
    <ele>7.1</ele>
    <time>2026-03-14T14:36:51Z</time>
   </trkpt>
   <trkpt lat="22.5797760" lon="88.3653300">
    <ele>7.2</ele>
    <time>2026-03-14T14:36:52Z</time>
   </trkpt>
   <trkpt lat="22.5797650" lon="88.3653310">
    <ele>7.3</ele>
    <time>2026-03-14T14:36:53Z</time>
   </trkpt>
   <trkpt lat="22.5797360" lon="88.3653420">
    <ele>7.7</ele>
    <time>2026-03-14T14:36:54Z</time>
   </trkpt>
   <trkpt lat="22.5797280" lon="88.3653470">
    <ele>7.7</ele>
    <time>2026-03-14T14:36:55Z</time>
   </trkpt>
   <trkpt lat="22.5797140" lon="88.3653430">
    <ele>7.7</ele>
    <time>2026-03-14T14:36:56Z</time>
   </trkpt>
   <trkpt lat="22.5797180" lon="88.3653330">
    <ele>7.7</ele>
    <time>2026-03-14T14:36:57Z</time>
   </trkpt>
   <trkpt lat="22.5797100" lon="88.3653300">
    <ele>7.7</ele>
    <time>2026-03-14T14:36:58Z</time>
   </trkpt>
   <trkpt lat="22.5797000" lon="88.3653230">
    <ele>7.8</ele>
    <time>2026-03-14T14:36:59Z</time>
   </trkpt>
   <trkpt lat="22.5796820" lon="88.3653130">
    <ele>7.8</ele>
    <time>2026-03-14T14:37:00Z</time>
   </trkpt>
   <trkpt lat="22.5796720" lon="88.3653100">
    <ele>7.8</ele>
    <time>2026-03-14T14:37:01Z</time>
   </trkpt>
   <trkpt lat="22.5796620" lon="88.3653070">
    <ele>7.8</ele>
    <time>2026-03-14T14:37:02Z</time>
   </trkpt>
   <trkpt lat="22.5796340" lon="88.3652930">
    <ele>7.9</ele>
    <time>2026-03-14T14:37:03Z</time>
   </trkpt>
   <trkpt lat="22.5796280" lon="88.3652860">
    <ele>7.9</ele>
    <time>2026-03-14T14:37:04Z</time>
   </trkpt>
   <trkpt lat="22.5796020" lon="88.3652650">
    <ele>8.0</ele>
    <time>2026-03-14T14:37:05Z</time>
   </trkpt>
   <trkpt lat="22.5795930" lon="88.3652550">
    <ele>8.0</ele>
    <time>2026-03-14T14:37:06Z</time>
   </trkpt>
   <trkpt lat="22.5795730" lon="88.3652310">
    <ele>8.1</ele>
    <time>2026-03-14T14:37:07Z</time>
   </trkpt>
   <trkpt lat="22.5795750" lon="88.3652240">
    <ele>8.1</ele>
    <time>2026-03-14T14:37:08Z</time>
   </trkpt>
   <trkpt lat="22.5795760" lon="88.3652170">
    <ele>8.1</ele>
    <time>2026-03-14T14:37:09Z</time>
   </trkpt>
   <trkpt lat="22.5795770" lon="88.3652100">
    <ele>8.1</ele>
    <time>2026-03-14T14:37:10Z</time>
   </trkpt>
   <trkpt lat="22.5795580" lon="88.3651900">
    <ele>8.2</ele>
    <time>2026-03-14T14:37:11Z</time>
   </trkpt>
   <trkpt lat="22.5795490" lon="88.3651830">
    <ele>8.2</ele>
    <time>2026-03-14T14:37:12Z</time>
   </trkpt>
   <trkpt lat="22.5795400" lon="88.3651760">
    <ele>8.2</ele>
    <time>2026-03-14T14:37:13Z</time>
   </trkpt>
   <trkpt lat="22.5795310" lon="88.3651740">
    <ele>8.2</ele>
    <time>2026-03-14T14:37:14Z</time>
   </trkpt>
   <trkpt lat="22.5795170" lon="88.3651670">
    <ele>8.3</ele>
    <time>2026-03-14T14:37:15Z</time>
   </trkpt>
   <trkpt lat="22.5795100" lon="88.3651770">
    <ele>8.3</ele>
    <time>2026-03-14T14:37:16Z</time>
   </trkpt>
   <trkpt lat="22.5795020" lon="88.3651630">
    <ele>8.3</ele>
    <time>2026-03-14T14:37:17Z</time>
   </trkpt>
   <trkpt lat="22.5794960" lon="88.3651570">
    <ele>8.3</ele>
    <time>2026-03-14T14:37:18Z</time>
   </trkpt>
   <trkpt lat="22.5794890" lon="88.3651510">
    <ele>8.4</ele>
    <time>2026-03-14T14:37:19Z</time>
   </trkpt>
   <trkpt lat="22.5794830" lon="88.3651450">
    <ele>8.4</ele>
    <time>2026-03-14T14:37:20Z</time>
   </trkpt>
   <trkpt lat="22.5794700" lon="88.3651560">
    <ele>8.4</ele>
    <time>2026-03-14T14:37:21Z</time>
   </trkpt>
   <trkpt lat="22.5794660" lon="88.3651450">
    <ele>8.4</ele>
    <time>2026-03-14T14:37:22Z</time>
   </trkpt>
   <trkpt lat="22.5794520" lon="88.3651440">
    <ele>8.5</ele>
    <time>2026-03-14T14:37:23Z</time>
   </trkpt>
   <trkpt lat="22.5794460" lon="88.3651360">
    <ele>8.5</ele>
    <time>2026-03-14T14:37:24Z</time>
   </trkpt>
   <trkpt lat="22.5794320" lon="88.3651430">
    <ele>8.5</ele>
    <time>2026-03-14T14:37:25Z</time>
   </trkpt>
   <trkpt lat="22.5794160" lon="88.3651430">
    <ele>8.5</ele>
    <time>2026-03-14T14:37:26Z</time>
   </trkpt>
   <trkpt lat="22.5793960" lon="88.3651320">
    <ele>8.6</ele>
    <time>2026-03-14T14:37:27Z</time>
   </trkpt>
   <trkpt lat="22.5793910" lon="88.3651270">
    <ele>8.6</ele>
    <time>2026-03-14T14:37:28Z</time>
   </trkpt>
   <trkpt lat="22.5793850" lon="88.3651210">
    <ele>8.6</ele>
    <time>2026-03-14T14:37:29Z</time>
   </trkpt>
   <trkpt lat="22.5793710" lon="88.3651240">
    <ele>8.6</ele>
    <time>2026-03-14T14:37:30Z</time>
   </trkpt>
   <trkpt lat="22.5793610" lon="88.3651220">
    <ele>8.7</ele>
    <time>2026-03-14T14:37:31Z</time>
   </trkpt>
   <trkpt lat="22.5793490" lon="88.3651210">
    <ele>8.7</ele>
    <time>2026-03-14T14:37:32Z</time>
   </trkpt>
   <trkpt lat="22.5793420" lon="88.3651190">
    <ele>8.7</ele>
    <time>2026-03-14T14:37:33Z</time>
   </trkpt>
   <trkpt lat="22.5793340" lon="88.3651110">
    <ele>8.7</ele>
    <time>2026-03-14T14:37:34Z</time>
   </trkpt>
   <trkpt lat="22.5793240" lon="88.3651040">
    <ele>8.7</ele>
    <time>2026-03-14T14:37:35Z</time>
   </trkpt>
   <trkpt lat="22.5793130" lon="88.3650990">
    <ele>8.8</ele>
    <time>2026-03-14T14:37:36Z</time>
   </trkpt>
   <trkpt lat="22.5793000" lon="88.3650990">
    <ele>8.8</ele>
    <time>2026-03-14T14:37:37Z</time>
   </trkpt>
   <trkpt lat="22.5792900" lon="88.3650990">
    <ele>8.8</ele>
    <time>2026-03-14T14:37:38Z</time>
   </trkpt>
   <trkpt lat="22.5792840" lon="88.3650970">
    <ele>8.8</ele>
    <time>2026-03-14T14:37:39Z</time>
   </trkpt>
   <trkpt lat="22.5792780" lon="88.3650930">
    <ele>8.8</ele>
    <time>2026-03-14T14:37:40Z</time>
   </trkpt>
   <trkpt lat="22.5792710" lon="88.3650880">
    <ele>8.8</ele>
    <time>2026-03-14T14:37:41Z</time>
   </trkpt>
   <trkpt lat="22.5792640" lon="88.3650840">
    <ele>8.9</ele>
    <time>2026-03-14T14:37:42Z</time>
   </trkpt>
   <trkpt lat="22.5792580" lon="88.3650800">
    <ele>8.9</ele>
    <time>2026-03-14T14:37:43Z</time>
   </trkpt>
   <trkpt lat="22.5792510" lon="88.3650760">
    <ele>8.9</ele>
    <time>2026-03-14T14:37:44Z</time>
   </trkpt>
   <trkpt lat="22.5792290" lon="88.3650560">
    <ele>8.9</ele>
    <time>2026-03-14T14:37:45Z</time>
   </trkpt>
   <trkpt lat="22.5792030" lon="88.3650390">
    <ele>9.0</ele>
    <time>2026-03-14T14:37:46Z</time>
   </trkpt>
   <trkpt lat="22.5791960" lon="88.3650360">
    <ele>9.0</ele>
    <time>2026-03-14T14:37:47Z</time>
   </trkpt>
   <trkpt lat="22.5791770" lon="88.3650240">
    <ele>9.1</ele>
    <time>2026-03-14T14:37:48Z</time>
   </trkpt>
   <trkpt lat="22.5791740" lon="88.3650220">
    <ele>9.1</ele>
    <time>2026-03-14T14:37:49Z</time>
   </trkpt>
   <trkpt lat="22.5791710" lon="88.3650230">
    <ele>9.1</ele>
    <time>2026-03-14T14:37:51Z</time>
   </trkpt>
   <trkpt lat="22.5791540" lon="88.3650330">
    <ele>9.1</ele>
    <time>2026-03-14T14:37:52Z</time>
   </trkpt>
   <trkpt lat="22.5791520" lon="88.3650290">
    <ele>9.1</ele>
    <time>2026-03-14T14:37:53Z</time>
   </trkpt>
   <trkpt lat="22.5791350" lon="88.3650290">
    <ele>9.1</ele>
    <time>2026-03-14T14:37:54Z</time>
   </trkpt>
   <trkpt lat="22.5791360" lon="88.3650300">
    <ele>9.1</ele>
    <time>2026-03-14T14:37:55Z</time>
   </trkpt>
   <trkpt lat="22.5791300" lon="88.3650270">
    <ele>9.2</ele>
    <time>2026-03-14T14:37:56Z</time>
   </trkpt>
   <trkpt lat="22.5791250" lon="88.3650320">
    <ele>9.2</ele>
    <time>2026-03-14T14:37:57Z</time>
   </trkpt>
   <trkpt lat="22.5791100" lon="88.3650570">
    <ele>9.2</ele>
    <time>2026-03-14T14:37:58Z</time>
   </trkpt>
   <trkpt lat="22.5790990" lon="88.3650730">
    <ele>9.3</ele>
    <time>2026-03-14T14:37:59Z</time>
   </trkpt>
   <trkpt lat="22.5790930" lon="88.3650820">
    <ele>9.3</ele>
    <time>2026-03-14T14:38:00Z</time>
   </trkpt>
   <trkpt lat="22.5790870" lon="88.3650910">
    <ele>9.3</ele>
    <time>2026-03-14T14:38:01Z</time>
   </trkpt>
   <trkpt lat="22.5790780" lon="88.3651100">
    <ele>9.3</ele>
    <time>2026-03-14T14:38:02Z</time>
   </trkpt>
   <trkpt lat="22.5790930" lon="88.3651290">
    <ele>9.4</ele>
    <time>2026-03-14T14:38:03Z</time>
   </trkpt>
   <trkpt lat="22.5790860" lon="88.3651440">
    <ele>9.4</ele>
    <time>2026-03-14T14:38:04Z</time>
   </trkpt>
   <trkpt lat="22.5790840" lon="88.3651620">
    <ele>9.5</ele>
    <time>2026-03-14T14:38:05Z</time>
   </trkpt>
   <trkpt lat="22.5790770" lon="88.3651720">
    <ele>9.5</ele>
    <time>2026-03-14T14:38:06Z</time>
   </trkpt>
   <trkpt lat="22.5790870" lon="88.3651910">
    <ele>9.5</ele>
    <time>2026-03-14T14:38:07Z</time>
   </trkpt>
   <trkpt lat="22.5790830" lon="88.3652060">
    <ele>9.6</ele>
    <time>2026-03-14T14:38:08Z</time>
   </trkpt>
   <trkpt lat="22.5790940" lon="88.3652090">
    <ele>9.6</ele>
    <time>2026-03-14T14:38:09Z</time>
   </trkpt>
   <trkpt lat="22.5790700" lon="88.3652110">
    <ele>9.6</ele>
    <time>2026-03-14T14:38:10Z</time>
   </trkpt>
   <trkpt lat="22.5790520" lon="88.3652050">
    <ele>9.7</ele>
    <time>2026-03-14T14:38:11Z</time>
   </trkpt>
   <trkpt lat="22.5790370" lon="88.3652020">
    <ele>9.7</ele>
    <time>2026-03-14T14:38:12Z</time>
   </trkpt>
   <trkpt lat="22.5790330" lon="88.3652050">
    <ele>9.7</ele>
    <time>2026-03-14T14:38:13Z</time>
   </trkpt>
   <trkpt lat="22.5790260" lon="88.3652040">
    <ele>9.7</ele>
    <time>2026-03-14T14:38:14Z</time>
   </trkpt>
   <trkpt lat="22.5790180" lon="88.3652030">
    <ele>9.8</ele>
    <time>2026-03-14T14:38:15Z</time>
   </trkpt>
   <trkpt lat="22.5790030" lon="88.3652050">
    <ele>9.8</ele>
    <time>2026-03-14T14:38:16Z</time>
   </trkpt>
   <trkpt lat="22.5789970" lon="88.3652080">
    <ele>9.8</ele>
    <time>2026-03-14T14:38:17Z</time>
   </trkpt>
   <trkpt lat="22.5789860" lon="88.3652080">
    <ele>9.8</ele>
    <time>2026-03-14T14:38:18Z</time>
   </trkpt>
   <trkpt lat="22.5789590" lon="88.3652000">
    <ele>9.9</ele>
    <time>2026-03-14T14:38:19Z</time>
   </trkpt>
   <trkpt lat="22.5789480" lon="88.3651950">
    <ele>9.9</ele>
    <time>2026-03-14T14:38:20Z</time>
   </trkpt>
   <trkpt lat="22.5789360" lon="88.3651910">
    <ele>10.0</ele>
    <time>2026-03-14T14:38:21Z</time>
   </trkpt>
   <trkpt lat="22.5789270" lon="88.3651910">
    <ele>10.0</ele>
    <time>2026-03-14T14:38:22Z</time>
   </trkpt>
   <trkpt lat="22.5789310" lon="88.3651850">
    <ele>10.0</ele>
    <time>2026-03-14T14:38:23Z</time>
   </trkpt>
   <trkpt lat="22.5789230" lon="88.3651750">
    <ele>10.0</ele>
    <time>2026-03-14T14:38:24Z</time>
   </trkpt>
   <trkpt lat="22.5789170" lon="88.3651670">
    <ele>10.0</ele>
    <time>2026-03-14T14:38:25Z</time>
   </trkpt>
   <trkpt lat="22.5789060" lon="88.3651360">
    <ele>10.0</ele>
    <time>2026-03-14T14:38:26Z</time>
   </trkpt>
   <trkpt lat="22.5789020" lon="88.3651260">
    <ele>10.0</ele>
    <time>2026-03-14T14:38:27Z</time>
   </trkpt>
   <trkpt lat="22.5789200" lon="88.3650990">
    <ele>10.0</ele>
    <time>2026-03-14T14:38:28Z</time>
   </trkpt>
   <trkpt lat="22.5789320" lon="88.3650940">
    <ele>10.0</ele>
    <time>2026-03-14T14:38:29Z</time>
   </trkpt>
   <trkpt lat="22.5789220" lon="88.3650620">
    <ele>10.0</ele>
    <time>2026-03-14T14:38:30Z</time>
   </trkpt>
   <trkpt lat="22.5789240" lon="88.3650480">
    <ele>10.0</ele>
    <time>2026-03-14T14:38:31Z</time>
   </trkpt>
   <trkpt lat="22.5789160" lon="88.3650270">
    <ele>10.0</ele>
    <time>2026-03-14T14:38:32Z</time>
   </trkpt>
   <trkpt lat="22.5789160" lon="88.3650140">
    <ele>10.0</ele>
    <time>2026-03-14T14:38:33Z</time>
   </trkpt>
   <trkpt lat="22.5789150" lon="88.3649980">
    <ele>10.0</ele>
    <time>2026-03-14T14:38:34Z</time>
   </trkpt>
   <trkpt lat="22.5789150" lon="88.3649910">
    <ele>10.0</ele>
    <time>2026-03-14T14:38:35Z</time>
   </trkpt>
   <trkpt lat="22.5789160" lon="88.3649850">
    <ele>10.0</ele>
    <time>2026-03-14T14:38:36Z</time>
   </trkpt>
   <trkpt lat="22.5789160" lon="88.3649780">
    <ele>10.0</ele>
    <time>2026-03-14T14:38:37Z</time>
   </trkpt>
   <trkpt lat="22.5789160" lon="88.3649720">
    <ele>10.0</ele>
    <time>2026-03-14T14:38:38Z</time>
   </trkpt>
   <trkpt lat="22.5789160" lon="88.3649650">
    <ele>10.0</ele>
    <time>2026-03-14T14:38:39Z</time>
   </trkpt>
   <trkpt lat="22.5789090" lon="88.3649500">
    <ele>10.0</ele>
    <time>2026-03-14T14:38:40Z</time>
   </trkpt>
   <trkpt lat="22.5789060" lon="88.3649320">
    <ele>10.0</ele>
    <time>2026-03-14T14:38:41Z</time>
   </trkpt>
   <trkpt lat="22.5788970" lon="88.3649000">
    <ele>10.0</ele>
    <time>2026-03-14T14:38:42Z</time>
   </trkpt>
   <trkpt lat="22.5788840" lon="88.3648680">
    <ele>10.1</ele>
    <time>2026-03-14T14:38:43Z</time>
   </trkpt>
   <trkpt lat="22.5788790" lon="88.3648630">
    <ele>10.1</ele>
    <time>2026-03-14T14:38:44Z</time>
   </trkpt>
   <trkpt lat="22.5788740" lon="88.3648570">
    <ele>10.1</ele>
    <time>2026-03-14T14:38:45Z</time>
   </trkpt>
   <trkpt lat="22.5788600" lon="88.3648300">
    <ele>10.1</ele>
    <time>2026-03-14T14:38:46Z</time>
   </trkpt>
   <trkpt lat="22.5788520" lon="88.3648240">
    <ele>10.1</ele>
    <time>2026-03-14T14:38:47Z</time>
   </trkpt>
   <trkpt lat="22.5788330" lon="88.3647970">
    <ele>10.1</ele>
    <time>2026-03-14T14:38:48Z</time>
   </trkpt>
   <trkpt lat="22.5788260" lon="88.3647770">
    <ele>10.2</ele>
    <time>2026-03-14T14:38:49Z</time>
   </trkpt>
   <trkpt lat="22.5788150" lon="88.3647640">
    <ele>10.2</ele>
    <time>2026-03-14T14:38:50Z</time>
   </trkpt>
   <trkpt lat="22.5788030" lon="88.3647680">
    <ele>10.2</ele>
    <time>2026-03-14T14:38:51Z</time>
   </trkpt>
   <trkpt lat="22.5787890" lon="88.3647850">
    <ele>10.2</ele>
    <time>2026-03-14T14:38:52Z</time>
   </trkpt>
   <trkpt lat="22.5787770" lon="88.3647790">
    <ele>10.2</ele>
    <time>2026-03-14T14:38:53Z</time>
   </trkpt>
   <trkpt lat="22.5787660" lon="88.3647880">
    <ele>10.2</ele>
    <time>2026-03-14T14:38:54Z</time>
   </trkpt>
   <trkpt lat="22.5787650" lon="88.3647940">
    <ele>10.2</ele>
    <time>2026-03-14T14:38:55Z</time>
   </trkpt>
   <trkpt lat="22.5787580" lon="88.3647850">
    <ele>10.2</ele>
    <time>2026-03-14T14:38:56Z</time>
   </trkpt>
   <trkpt lat="22.5787500" lon="88.3647940">
    <ele>10.3</ele>
    <time>2026-03-14T14:38:57Z</time>
   </trkpt>
   <trkpt lat="22.5787560" lon="88.3648000">
    <ele>10.3</ele>
    <time>2026-03-14T14:38:58Z</time>
   </trkpt>
   <trkpt lat="22.5787490" lon="88.3648150">
    <ele>10.3</ele>
    <time>2026-03-14T14:38:59Z</time>
   </trkpt>
   <trkpt lat="22.5787400" lon="88.3648250">
    <ele>10.3</ele>
    <time>2026-03-14T14:39:00Z</time>
   </trkpt>
   <trkpt lat="22.5787350" lon="88.3648220">
    <ele>10.3</ele>
    <time>2026-03-14T14:39:01Z</time>
   </trkpt>
   <trkpt lat="22.5787300" lon="88.3648200">
    <ele>10.3</ele>
    <time>2026-03-14T14:39:02Z</time>
   </trkpt>
   <trkpt lat="22.5787150" lon="88.3648280">
    <ele>10.3</ele>
    <time>2026-03-14T14:39:03Z</time>
   </trkpt>
   <trkpt lat="22.5787140" lon="88.3648410">
    <ele>10.3</ele>
    <time>2026-03-14T14:39:04Z</time>
   </trkpt>
   <trkpt lat="22.5787060" lon="88.3648640">
    <ele>10.3</ele>
    <time>2026-03-14T14:39:05Z</time>
   </trkpt>
   <trkpt lat="22.5786980" lon="88.3648860">
    <ele>10.4</ele>
    <time>2026-03-14T14:39:06Z</time>
   </trkpt>
   <trkpt lat="22.5786930" lon="88.3648850">
    <ele>10.4</ele>
    <time>2026-03-14T14:39:07Z</time>
   </trkpt>
   <trkpt lat="22.5786740" lon="88.3648860">
    <ele>10.4</ele>
    <time>2026-03-14T14:39:08Z</time>
   </trkpt>
   <trkpt lat="22.5786680" lon="88.3648900">
    <ele>10.4</ele>
    <time>2026-03-14T14:39:09Z</time>
   </trkpt>
   <trkpt lat="22.5786510" lon="88.3648930">
    <ele>10.4</ele>
    <time>2026-03-14T14:39:10Z</time>
   </trkpt>
   <trkpt lat="22.5786380" lon="88.3648980">
    <ele>10.4</ele>
    <time>2026-03-14T14:39:11Z</time>
   </trkpt>
   <trkpt lat="22.5786240" lon="88.3649020">
    <ele>10.4</ele>
    <time>2026-03-14T14:39:12Z</time>
   </trkpt>
   <trkpt lat="22.5785850" lon="88.3648950">
    <ele>10.5</ele>
    <time>2026-03-14T14:39:13Z</time>
   </trkpt>
   <trkpt lat="22.5785660" lon="88.3648890">
    <ele>10.5</ele>
    <time>2026-03-14T14:39:14Z</time>
   </trkpt>
   <trkpt lat="22.5785560" lon="88.3648760">
    <ele>10.5</ele>
    <time>2026-03-14T14:39:15Z</time>
   </trkpt>
   <trkpt lat="22.5785380" lon="88.3648500">
    <ele>10.5</ele>
    <time>2026-03-14T14:39:16Z</time>
   </trkpt>
   <trkpt lat="22.5785320" lon="88.3648430">
    <ele>10.5</ele>
    <time>2026-03-14T14:39:17Z</time>
   </trkpt>
   <trkpt lat="22.5785020" lon="88.3648320">
    <ele>10.6</ele>
    <time>2026-03-14T14:39:18Z</time>
   </trkpt>
   <trkpt lat="22.5784950" lon="88.3648310">
    <ele>10.6</ele>
    <time>2026-03-14T14:39:19Z</time>
   </trkpt>
   <trkpt lat="22.5784770" lon="88.3648310">
    <ele>10.6</ele>
    <time>2026-03-14T14:39:20Z</time>
   </trkpt>
   <trkpt lat="22.5784660" lon="88.3648290">
    <ele>10.6</ele>
    <time>2026-03-14T14:39:21Z</time>
   </trkpt>
   <trkpt lat="22.5784540" lon="88.3648280">
    <ele>10.6</ele>
    <time>2026-03-14T14:39:22Z</time>
   </trkpt>
   <trkpt lat="22.5784430" lon="88.3648270">
    <ele>10.6</ele>
    <time>2026-03-14T14:39:23Z</time>
   </trkpt>
   <trkpt lat="22.5784300" lon="88.3648210">
    <ele>10.6</ele>
    <time>2026-03-14T14:39:24Z</time>
   </trkpt>
   <trkpt lat="22.5784350" lon="88.3648110">
    <ele>10.6</ele>
    <time>2026-03-14T14:39:25Z</time>
   </trkpt>
   <trkpt lat="22.5784470" lon="88.3647990">
    <ele>10.7</ele>
    <time>2026-03-14T14:39:26Z</time>
   </trkpt>
   <trkpt lat="22.5784410" lon="88.3648080">
    <ele>10.7</ele>
    <time>2026-03-14T14:39:27Z</time>
   </trkpt>
   <trkpt lat="22.5784400" lon="88.3648110">
    <ele>10.7</ele>
    <time>2026-03-14T14:39:28Z</time>
   </trkpt>
   <trkpt lat="22.5784390" lon="88.3648060">
    <ele>10.7</ele>
    <time>2026-03-14T14:39:29Z</time>
   </trkpt>
   <trkpt lat="22.5784390" lon="88.3648040">
    <ele>10.7</ele>
    <time>2026-03-14T14:39:30Z</time>
   </trkpt>
   <trkpt lat="22.5784360" lon="88.3648060">
    <ele>10.7</ele>
    <time>2026-03-14T14:39:31Z</time>
   </trkpt>
   <trkpt lat="22.5784210" lon="88.3647970">
    <ele>10.7</ele>
    <time>2026-03-14T14:39:32Z</time>
   </trkpt>
   <trkpt lat="22.5783990" lon="88.3647740">
    <ele>10.7</ele>
    <time>2026-03-14T14:39:33Z</time>
   </trkpt>
   <trkpt lat="22.5783860" lon="88.3647670">
    <ele>10.7</ele>
    <time>2026-03-14T14:39:34Z</time>
   </trkpt>
   <trkpt lat="22.5783720" lon="88.3647610">
    <ele>10.8</ele>
    <time>2026-03-14T14:39:35Z</time>
   </trkpt>
   <trkpt lat="22.5783640" lon="88.3647620">
    <ele>10.8</ele>
    <time>2026-03-14T14:39:36Z</time>
   </trkpt>
   <trkpt lat="22.5783460" lon="88.3647650">
    <ele>10.8</ele>
    <time>2026-03-14T14:39:37Z</time>
   </trkpt>
   <trkpt lat="22.5783430" lon="88.3647530">
    <ele>10.8</ele>
    <time>2026-03-14T14:39:38Z</time>
   </trkpt>
   <trkpt lat="22.5783340" lon="88.3647520">
    <ele>10.8</ele>
    <time>2026-03-14T14:39:39Z</time>
   </trkpt>
   <trkpt lat="22.5783420" lon="88.3647470">
    <ele>10.8</ele>
    <time>2026-03-14T14:39:40Z</time>
   </trkpt>
   <trkpt lat="22.5783380" lon="88.3647170">
    <ele>10.8</ele>
    <time>2026-03-14T14:39:41Z</time>
   </trkpt>
   <trkpt lat="22.5782960" lon="88.3646840">
    <ele>10.9</ele>
    <time>2026-03-14T14:39:42Z</time>
   </trkpt>
   <trkpt lat="22.5782860" lon="88.3646850">
    <ele>10.9</ele>
    <time>2026-03-14T14:39:43Z</time>
   </trkpt>
   <trkpt lat="22.5782750" lon="88.3646770">
    <ele>10.9</ele>
    <time>2026-03-14T14:39:44Z</time>
   </trkpt>
   <trkpt lat="22.5782640" lon="88.3646700">
    <ele>10.9</ele>
    <time>2026-03-14T14:39:45Z</time>
   </trkpt>
   <trkpt lat="22.5782540" lon="88.3646620">
    <ele>10.9</ele>
    <time>2026-03-14T14:39:46Z</time>
   </trkpt>
   <trkpt lat="22.5782430" lon="88.3646540">
    <ele>10.9</ele>
    <time>2026-03-14T14:39:47Z</time>
   </trkpt>
   <trkpt lat="22.5782320" lon="88.3646460">
    <ele>10.9</ele>
    <time>2026-03-14T14:39:48Z</time>
   </trkpt>
   <trkpt lat="22.5782210" lon="88.3646390">
    <ele>10.9</ele>
    <time>2026-03-14T14:39:49Z</time>
   </trkpt>
   <trkpt lat="22.5782100" lon="88.3646310">
    <ele>10.9</ele>
    <time>2026-03-14T14:39:50Z</time>
   </trkpt>
   <trkpt lat="22.5781470" lon="88.3645700">
    <ele>10.9</ele>
    <time>2026-03-14T14:39:51Z</time>
   </trkpt>
   <trkpt lat="22.5781260" lon="88.3645770">
    <ele>10.9</ele>
    <time>2026-03-14T14:39:52Z</time>
   </trkpt>
   <trkpt lat="22.5781240" lon="88.3645870">
    <ele>10.9</ele>
    <time>2026-03-14T14:39:53Z</time>
   </trkpt>
   <trkpt lat="22.5781230" lon="88.3645960">
    <ele>10.9</ele>
    <time>2026-03-14T14:39:54Z</time>
   </trkpt>
   <trkpt lat="22.5781210" lon="88.3646050">
    <ele>10.9</ele>
    <time>2026-03-14T14:39:55Z</time>
   </trkpt>
   <trkpt lat="22.5781070" lon="88.3646030">
    <ele>10.9</ele>
    <time>2026-03-14T14:39:57Z</time>
   </trkpt>
   <trkpt lat="22.5780990" lon="88.3646000">
    <ele>10.9</ele>
    <time>2026-03-14T14:39:58Z</time>
   </trkpt>
   <trkpt lat="22.5780920" lon="88.3645980">
    <ele>10.9</ele>
    <time>2026-03-14T14:39:59Z</time>
   </trkpt>
   <trkpt lat="22.5781030" lon="88.3645710">
    <ele>10.9</ele>
    <time>2026-03-14T14:40:00Z</time>
   </trkpt>
   <trkpt lat="22.5781170" lon="88.3645480">
    <ele>10.9</ele>
    <time>2026-03-14T14:40:01Z</time>
   </trkpt>
   <trkpt lat="22.5781320" lon="88.3645250">
    <ele>10.9</ele>
    <time>2026-03-14T14:40:02Z</time>
   </trkpt>
   <trkpt lat="22.5781470" lon="88.3645010">
    <ele>10.9</ele>
    <time>2026-03-14T14:40:03Z</time>
   </trkpt>
   <trkpt lat="22.5781620" lon="88.3644780">
    <ele>10.9</ele>
    <time>2026-03-14T14:40:04Z</time>
   </trkpt>
   <trkpt lat="22.5781760" lon="88.3644550">
    <ele>10.9</ele>
    <time>2026-03-14T14:40:05Z</time>
   </trkpt>
   <trkpt lat="22.5781910" lon="88.3644320">
    <ele>10.9</ele>
    <time>2026-03-14T14:40:06Z</time>
   </trkpt>
   <trkpt lat="22.5781440" lon="88.3643740">
    <ele>10.9</ele>
    <time>2026-03-14T14:40:07Z</time>
   </trkpt>
   <trkpt lat="22.5781300" lon="88.3643560">
    <ele>10.9</ele>
    <time>2026-03-14T14:40:08Z</time>
   </trkpt>
   <trkpt lat="22.5781230" lon="88.3643520">
    <ele>10.9</ele>
    <time>2026-03-14T14:40:09Z</time>
   </trkpt>
   <trkpt lat="22.5781080" lon="88.3643320">
    <ele>10.9</ele>
    <time>2026-03-14T14:40:10Z</time>
   </trkpt>
   <trkpt lat="22.5781000" lon="88.3643330">
    <ele>10.9</ele>
    <time>2026-03-14T14:40:11Z</time>
   </trkpt>
   <trkpt lat="22.5780900" lon="88.3643210">
    <ele>10.9</ele>
    <time>2026-03-14T14:40:12Z</time>
   </trkpt>
   <trkpt lat="22.5780650" lon="88.3642990">
    <ele>10.9</ele>
    <time>2026-03-14T14:40:13Z</time>
   </trkpt>
   <trkpt lat="22.5780450" lon="88.3643460">
    <ele>10.9</ele>
    <time>2026-03-14T14:40:14Z</time>
   </trkpt>
   <trkpt lat="22.5780350" lon="88.3643180">
    <ele>10.9</ele>
    <time>2026-03-14T14:40:15Z</time>
   </trkpt>
   <trkpt lat="22.5780660" lon="88.3643680">
    <ele>10.9</ele>
    <time>2026-03-14T14:40:16Z</time>
   </trkpt>
   <trkpt lat="22.5780590" lon="88.3643370">
    <ele>10.9</ele>
    <time>2026-03-14T14:40:17Z</time>
   </trkpt>
   <trkpt lat="22.5780580" lon="88.3643310">
    <ele>10.9</ele>
    <time>2026-03-14T14:40:18Z</time>
   </trkpt>
   <trkpt lat="22.5780360" lon="88.3643560">
    <ele>10.9</ele>
    <time>2026-03-14T14:40:19Z</time>
   </trkpt>
   <trkpt lat="22.5780040" lon="88.3643520">
    <ele>10.9</ele>
    <time>2026-03-14T14:40:20Z</time>
   </trkpt>
   <trkpt lat="22.5779810" lon="88.3643480">
    <ele>10.9</ele>
    <time>2026-03-14T14:40:21Z</time>
   </trkpt>
   <trkpt lat="22.5779580" lon="88.3643430">
    <ele>10.9</ele>
    <time>2026-03-14T14:40:22Z</time>
   </trkpt>
   <trkpt lat="22.5779340" lon="88.3643270">
    <ele>10.9</ele>
    <time>2026-03-14T14:40:23Z</time>
   </trkpt>
   <trkpt lat="22.5779170" lon="88.3643180">
    <ele>10.9</ele>
    <time>2026-03-14T14:40:24Z</time>
   </trkpt>
   <trkpt lat="22.5778730" lon="88.3642900">
    <ele>10.9</ele>
    <time>2026-03-14T14:40:25Z</time>
   </trkpt>
   <trkpt lat="22.5778460" lon="88.3642810">
    <ele>10.9</ele>
    <time>2026-03-14T14:40:26Z</time>
   </trkpt>
   <trkpt lat="22.5778380" lon="88.3642910">
    <ele>10.9</ele>
    <time>2026-03-14T14:40:27Z</time>
   </trkpt>
   <trkpt lat="22.5778240" lon="88.3642880">
    <ele>10.9</ele>
    <time>2026-03-14T14:40:28Z</time>
   </trkpt>
   <trkpt lat="22.5778100" lon="88.3642840">
    <ele>11.0</ele>
    <time>2026-03-14T14:40:29Z</time>
   </trkpt>
   <trkpt lat="22.5777960" lon="88.3642810">
    <ele>11.0</ele>
    <time>2026-03-14T14:40:30Z</time>
   </trkpt>
   <trkpt lat="22.5777600" lon="88.3642690">
    <ele>11.0</ele>
    <time>2026-03-14T14:40:31Z</time>
   </trkpt>
   <trkpt lat="22.5777370" lon="88.3642610">
    <ele>11.0</ele>
    <time>2026-03-14T14:40:32Z</time>
   </trkpt>
   <trkpt lat="22.5777260" lon="88.3642540">
    <ele>11.0</ele>
    <time>2026-03-14T14:40:33Z</time>
   </trkpt>
   <trkpt lat="22.5777160" lon="88.3642480">
    <ele>11.0</ele>
    <time>2026-03-14T14:40:34Z</time>
   </trkpt>
   <trkpt lat="22.5776900" lon="88.3642320">
    <ele>11.0</ele>
    <time>2026-03-14T14:40:35Z</time>
   </trkpt>
   <trkpt lat="22.5776830" lon="88.3642270">
    <ele>11.0</ele>
    <time>2026-03-14T14:40:36Z</time>
   </trkpt>
   <trkpt lat="22.5776660" lon="88.3642060">
    <ele>11.0</ele>
    <time>2026-03-14T14:40:37Z</time>
   </trkpt>
   <trkpt lat="22.5776600" lon="88.3641960">
    <ele>11.0</ele>
    <time>2026-03-14T14:40:38Z</time>
   </trkpt>
   <trkpt lat="22.5776500" lon="88.3641820">
    <ele>11.0</ele>
    <time>2026-03-14T14:40:39Z</time>
   </trkpt>
   <trkpt lat="22.5776350" lon="88.3641680">
    <ele>11.0</ele>
    <time>2026-03-14T14:40:40Z</time>
   </trkpt>
   <trkpt lat="22.5776250" lon="88.3641610">
    <ele>11.0</ele>
    <time>2026-03-14T14:40:41Z</time>
   </trkpt>
   <trkpt lat="22.5776220" lon="88.3641480">
    <ele>11.0</ele>
    <time>2026-03-14T14:40:42Z</time>
   </trkpt>
   <trkpt lat="22.5776070" lon="88.3641590">
    <ele>11.0</ele>
    <time>2026-03-14T14:40:43Z</time>
   </trkpt>
   <trkpt lat="22.5775900" lon="88.3641870">
    <ele>11.0</ele>
    <time>2026-03-14T14:40:44Z</time>
   </trkpt>
   <trkpt lat="22.5775810" lon="88.3642090">
    <ele>11.0</ele>
    <time>2026-03-14T14:40:45Z</time>
   </trkpt>
   <trkpt lat="22.5775710" lon="88.3642320">
    <ele>11.0</ele>
    <time>2026-03-14T14:40:46Z</time>
   </trkpt>
   <trkpt lat="22.5775610" lon="88.3642540">
    <ele>11.0</ele>
    <time>2026-03-14T14:40:47Z</time>
   </trkpt>
   <trkpt lat="22.5775460" lon="88.3643240">
    <ele>11.0</ele>
    <time>2026-03-14T14:40:48Z</time>
   </trkpt>
   <trkpt lat="22.5775300" lon="88.3643530">
    <ele>11.0</ele>
    <time>2026-03-14T14:40:49Z</time>
   </trkpt>
   <trkpt lat="22.5775040" lon="88.3643550">
    <ele>10.9</ele>
    <time>2026-03-14T14:40:50Z</time>
   </trkpt>
   <trkpt lat="22.5774990" lon="88.3643520">
    <ele>10.9</ele>
    <time>2026-03-14T14:40:51Z</time>
   </trkpt>
   <trkpt lat="22.5774940" lon="88.3643490">
    <ele>10.9</ele>
    <time>2026-03-14T14:40:52Z</time>
   </trkpt>
   <trkpt lat="22.5774810" lon="88.3643370">
    <ele>10.9</ele>
    <time>2026-03-14T14:40:53Z</time>
   </trkpt>
   <trkpt lat="22.5774800" lon="88.3643290">
    <ele>10.9</ele>
    <time>2026-03-14T14:40:54Z</time>
   </trkpt>
   <trkpt lat="22.5774800" lon="88.3643210">
    <ele>10.9</ele>
    <time>2026-03-14T14:40:55Z</time>
   </trkpt>
   <trkpt lat="22.5774820" lon="88.3643190">
    <ele>10.9</ele>
    <time>2026-03-14T14:40:56Z</time>
   </trkpt>
   <trkpt lat="22.5774720" lon="88.3643080">
    <ele>10.9</ele>
    <time>2026-03-14T14:40:57Z</time>
   </trkpt>
   <trkpt lat="22.5774600" lon="88.3642990">
    <ele>10.9</ele>
    <time>2026-03-14T14:40:58Z</time>
   </trkpt>
   <trkpt lat="22.5774380" lon="88.3642730">
    <ele>10.9</ele>
    <time>2026-03-14T14:40:59Z</time>
   </trkpt>
   <trkpt lat="22.5774350" lon="88.3642680">
    <ele>10.9</ele>
    <time>2026-03-14T14:41:00Z</time>
   </trkpt>
   <trkpt lat="22.5774390" lon="88.3642620">
    <ele>10.9</ele>
    <time>2026-03-14T14:41:01Z</time>
   </trkpt>
   <trkpt lat="22.5774300" lon="88.3642500">
    <ele>10.8</ele>
    <time>2026-03-14T14:41:02Z</time>
   </trkpt>
   <trkpt lat="22.5774220" lon="88.3642410">
    <ele>10.8</ele>
    <time>2026-03-14T14:41:03Z</time>
   </trkpt>
   <trkpt lat="22.5774110" lon="88.3641950">
    <ele>10.8</ele>
    <time>2026-03-14T14:41:04Z</time>
   </trkpt>
   <trkpt lat="22.5774030" lon="88.3641580">
    <ele>10.8</ele>
    <time>2026-03-14T14:41:05Z</time>
   </trkpt>
   <trkpt lat="22.5773960" lon="88.3641200">
    <ele>10.8</ele>
    <time>2026-03-14T14:41:06Z</time>
   </trkpt>
   <trkpt lat="22.5773720" lon="88.3640960">
    <ele>10.8</ele>
    <time>2026-03-14T14:41:07Z</time>
   </trkpt>
   <trkpt lat="22.5773590" lon="88.3640860">
    <ele>10.8</ele>
    <time>2026-03-14T14:41:08Z</time>
   </trkpt>
   <trkpt lat="22.5773360" lon="88.3640730">
    <ele>10.8</ele>
    <time>2026-03-14T14:41:09Z</time>
   </trkpt>
   <trkpt lat="22.5773230" lon="88.3640640">
    <ele>10.8</ele>
    <time>2026-03-14T14:41:10Z</time>
   </trkpt>
   <trkpt lat="22.5772900" lon="88.3640500">
    <ele>10.8</ele>
    <time>2026-03-14T14:41:11Z</time>
   </trkpt>
   <trkpt lat="22.5772740" lon="88.3640430">
    <ele>10.8</ele>
    <time>2026-03-14T14:41:12Z</time>
   </trkpt>
   <trkpt lat="22.5772320" lon="88.3640320">
    <ele>10.8</ele>
    <time>2026-03-14T14:41:13Z</time>
   </trkpt>
   <trkpt lat="22.5771890" lon="88.3640200">
    <ele>10.8</ele>
    <time>2026-03-14T14:41:14Z</time>
   </trkpt>
   <trkpt lat="22.5771210" lon="88.3640370">
    <ele>10.8</ele>
    <time>2026-03-14T14:41:15Z</time>
   </trkpt>
   <trkpt lat="22.5771420" lon="88.3640490">
    <ele>10.8</ele>
    <time>2026-03-14T14:41:16Z</time>
   </trkpt>
   <trkpt lat="22.5771710" lon="88.3640620">
    <ele>10.8</ele>
    <time>2026-03-14T14:41:17Z</time>
   </trkpt>
   <trkpt lat="22.5772010" lon="88.3640750">
    <ele>10.8</ele>
    <time>2026-03-14T14:41:18Z</time>
   </trkpt>
   <trkpt lat="22.5772300" lon="88.3640880">
    <ele>10.8</ele>
    <time>2026-03-14T14:41:19Z</time>
   </trkpt>
   <trkpt lat="22.5772330" lon="88.3640830">
    <ele>10.8</ele>
    <time>2026-03-14T14:41:20Z</time>
   </trkpt>
   <trkpt lat="22.5772260" lon="88.3640940">
    <ele>10.8</ele>
    <time>2026-03-14T14:41:21Z</time>
   </trkpt>
   <trkpt lat="22.5772250" lon="88.3641100">
    <ele>10.8</ele>
    <time>2026-03-14T14:41:22Z</time>
   </trkpt>
   <trkpt lat="22.5772110" lon="88.3641120">
    <ele>10.8</ele>
    <time>2026-03-14T14:41:23Z</time>
   </trkpt>
   <trkpt lat="22.5772020" lon="88.3641230">
    <ele>10.8</ele>
    <time>2026-03-14T14:41:24Z</time>
   </trkpt>
   <trkpt lat="22.5772010" lon="88.3641030">
    <ele>10.8</ele>
    <time>2026-03-14T14:41:25Z</time>
   </trkpt>
   <trkpt lat="22.5772000" lon="88.3640830">
    <ele>10.8</ele>
    <time>2026-03-14T14:41:26Z</time>
   </trkpt>
   <trkpt lat="22.5771780" lon="88.3640760">
    <ele>10.8</ele>
    <time>2026-03-14T14:41:27Z</time>
   </trkpt>
   <trkpt lat="22.5771670" lon="88.3640730">
    <ele>10.8</ele>
    <time>2026-03-14T14:41:28Z</time>
   </trkpt>
   <trkpt lat="22.5771570" lon="88.3640690">
    <ele>10.8</ele>
    <time>2026-03-14T14:41:29Z</time>
   </trkpt>
   <trkpt lat="22.5771280" lon="88.3640610">
    <ele>10.8</ele>
    <time>2026-03-14T14:41:30Z</time>
   </trkpt>
   <trkpt lat="22.5771320" lon="88.3640760">
    <ele>10.8</ele>
    <time>2026-03-14T14:41:31Z</time>
   </trkpt>
   <trkpt lat="22.5771280" lon="88.3640920">
    <ele>10.8</ele>
    <time>2026-03-14T14:41:32Z</time>
   </trkpt>
   <trkpt lat="22.5771240" lon="88.3641090">
    <ele>10.8</ele>
    <time>2026-03-14T14:41:33Z</time>
   </trkpt>
   <trkpt lat="22.5771200" lon="88.3641250">
    <ele>10.8</ele>
    <time>2026-03-14T14:41:34Z</time>
   </trkpt>
   <trkpt lat="22.5771160" lon="88.3641410">
    <ele>10.8</ele>
    <time>2026-03-14T14:41:35Z</time>
   </trkpt>
   <trkpt lat="22.5771210" lon="88.3641740">
    <ele>10.9</ele>
    <time>2026-03-14T14:41:36Z</time>
   </trkpt>
   <trkpt lat="22.5771220" lon="88.3641860">
    <ele>10.9</ele>
    <time>2026-03-14T14:41:37Z</time>
   </trkpt>
   <trkpt lat="22.5771220" lon="88.3642010">
    <ele>10.9</ele>
    <time>2026-03-14T14:41:38Z</time>
   </trkpt>
   <trkpt lat="22.5771180" lon="88.3642120">
    <ele>10.9</ele>
    <time>2026-03-14T14:41:39Z</time>
   </trkpt>
   <trkpt lat="22.5771100" lon="88.3642230">
    <ele>10.9</ele>
    <time>2026-03-14T14:41:40Z</time>
   </trkpt>
   <trkpt lat="22.5771050" lon="88.3642400">
    <ele>10.9</ele>
    <time>2026-03-14T14:41:41Z</time>
   </trkpt>
   <trkpt lat="22.5771050" lon="88.3642540">
    <ele>10.9</ele>
    <time>2026-03-14T14:41:42Z</time>
   </trkpt>
   <trkpt lat="22.5771050" lon="88.3642650">
    <ele>10.9</ele>
    <time>2026-03-14T14:41:43Z</time>
   </trkpt>
   <trkpt lat="22.5770990" lon="88.3642710">
    <ele>10.9</ele>
    <time>2026-03-14T14:41:44Z</time>
   </trkpt>
   <trkpt lat="22.5770940" lon="88.3642780">
    <ele>10.9</ele>
    <time>2026-03-14T14:41:45Z</time>
   </trkpt>
   <trkpt lat="22.5770820" lon="88.3642720">
    <ele>10.9</ele>
    <time>2026-03-14T14:41:46Z</time>
   </trkpt>
   <trkpt lat="22.5770660" lon="88.3642740">
    <ele>11.0</ele>
    <time>2026-03-14T14:41:47Z</time>
   </trkpt>
   <trkpt lat="22.5770350" lon="88.3642620">
    <ele>11.0</ele>
    <time>2026-03-14T14:41:48Z</time>
   </trkpt>
   <trkpt lat="22.5770250" lon="88.3642550">
    <ele>11.0</ele>
    <time>2026-03-14T14:41:49Z</time>
   </trkpt>
   <trkpt lat="22.5770140" lon="88.3642440">
    <ele>11.0</ele>
    <time>2026-03-14T14:41:50Z</time>
   </trkpt>
   <trkpt lat="22.5770010" lon="88.3642360">
    <ele>11.0</ele>
    <time>2026-03-14T14:41:51Z</time>
   </trkpt>
   <trkpt lat="22.5769990" lon="88.3642360">
    <ele>11.0</ele>
    <time>2026-03-14T14:41:52Z</time>
   </trkpt>
   <trkpt lat="22.5769860" lon="88.3642330">
    <ele>11.0</ele>
    <time>2026-03-14T14:41:53Z</time>
   </trkpt>
   <trkpt lat="22.5769700" lon="88.3642320">
    <ele>11.1</ele>
    <time>2026-03-14T14:41:54Z</time>
   </trkpt>
   <trkpt lat="22.5769550" lon="88.3642430">
    <ele>11.1</ele>
    <time>2026-03-14T14:41:55Z</time>
   </trkpt>
   <trkpt lat="22.5769480" lon="88.3642510">
    <ele>11.1</ele>
    <time>2026-03-14T14:41:56Z</time>
   </trkpt>
   <trkpt lat="22.5769420" lon="88.3642580">
    <ele>11.1</ele>
    <time>2026-03-14T14:41:57Z</time>
   </trkpt>
   <trkpt lat="22.5769340" lon="88.3642690">
    <ele>11.1</ele>
    <time>2026-03-14T14:41:58Z</time>
   </trkpt>
   <trkpt lat="22.5769330" lon="88.3642750">
    <ele>11.1</ele>
    <time>2026-03-14T14:41:59Z</time>
   </trkpt>
   <trkpt lat="22.5769250" lon="88.3642820">
    <ele>11.2</ele>
    <time>2026-03-14T14:42:00Z</time>
   </trkpt>
   <trkpt lat="22.5769050" lon="88.3643000">
    <ele>11.4</ele>
    <time>2026-03-14T14:42:01Z</time>
   </trkpt>
   <trkpt lat="22.5768940" lon="88.3643030">
    <ele>11.7</ele>
    <time>2026-03-14T14:42:03Z</time>
   </trkpt>
   <trkpt lat="22.5768830" lon="88.3643050">
    <ele>12.0</ele>
    <time>2026-03-14T14:42:04Z</time>
   </trkpt>
   <trkpt lat="22.5768720" lon="88.3643080">
    <ele>12.3</ele>
    <time>2026-03-14T14:42:05Z</time>
   </trkpt>
   <trkpt lat="22.5768610" lon="88.3643110">
    <ele>12.6</ele>
    <time>2026-03-14T14:42:06Z</time>
   </trkpt>
   <trkpt lat="22.5768460" lon="88.3643090">
    <ele>12.6</ele>
    <time>2026-03-14T14:42:07Z</time>
   </trkpt>
   <trkpt lat="22.5768340" lon="88.3642950">
    <ele>12.6</ele>
    <time>2026-03-14T14:42:08Z</time>
   </trkpt>
   <trkpt lat="22.5768180" lon="88.3642850">
    <ele>12.5</ele>
    <time>2026-03-14T14:42:09Z</time>
   </trkpt>
   <trkpt lat="22.5768040" lon="88.3642800">
    <ele>12.5</ele>
    <time>2026-03-14T14:42:10Z</time>
   </trkpt>
   <trkpt lat="22.5767950" lon="88.3642710">
    <ele>12.4</ele>
    <time>2026-03-14T14:42:11Z</time>
   </trkpt>
   <trkpt lat="22.5767820" lon="88.3642670">
    <ele>12.4</ele>
    <time>2026-03-14T14:42:12Z</time>
   </trkpt>
   <trkpt lat="22.5767750" lon="88.3642720">
    <ele>12.4</ele>
    <time>2026-03-14T14:42:13Z</time>
   </trkpt>
   <trkpt lat="22.5767480" lon="88.3642620">
    <ele>12.3</ele>
    <time>2026-03-14T14:42:14Z</time>
   </trkpt>
   <trkpt lat="22.5767400" lon="88.3642580">
    <ele>12.3</ele>
    <time>2026-03-14T14:42:15Z</time>
   </trkpt>
   <trkpt lat="22.5767300" lon="88.3642560">
    <ele>12.3</ele>
    <time>2026-03-14T14:42:16Z</time>
   </trkpt>
   <trkpt lat="22.5767190" lon="88.3642480">
    <ele>12.2</ele>
    <time>2026-03-14T14:42:17Z</time>
   </trkpt>
   <trkpt lat="22.5767060" lon="88.3642480">
    <ele>12.2</ele>
    <time>2026-03-14T14:42:18Z</time>
   </trkpt>
   <trkpt lat="22.5766980" lon="88.3642460">
    <ele>12.2</ele>
    <time>2026-03-14T14:42:19Z</time>
   </trkpt>
   <trkpt lat="22.5766740" lon="88.3642340">
    <ele>12.1</ele>
    <time>2026-03-14T14:42:20Z</time>
   </trkpt>
   <trkpt lat="22.5766590" lon="88.3642310">
    <ele>12.0</ele>
    <time>2026-03-14T14:42:21Z</time>
   </trkpt>
   <trkpt lat="22.5766420" lon="88.3642280">
    <ele>12.0</ele>
    <time>2026-03-14T14:42:22Z</time>
   </trkpt>
   <trkpt lat="22.5766340" lon="88.3642390">
    <ele>12.0</ele>
    <time>2026-03-14T14:42:23Z</time>
   </trkpt>
   <trkpt lat="22.5766140" lon="88.3642410">
    <ele>11.9</ele>
    <time>2026-03-14T14:42:24Z</time>
   </trkpt>
   <trkpt lat="22.5765940" lon="88.3642390">
    <ele>11.9</ele>
    <time>2026-03-14T14:42:25Z</time>
   </trkpt>
   <trkpt lat="22.5765950" lon="88.3642350">
    <ele>11.8</ele>
    <time>2026-03-14T14:42:26Z</time>
   </trkpt>
   <trkpt lat="22.5765800" lon="88.3642430">
    <ele>11.8</ele>
    <time>2026-03-14T14:42:27Z</time>
   </trkpt>
   <trkpt lat="22.5765610" lon="88.3642470">
    <ele>11.8</ele>
    <time>2026-03-14T14:42:28Z</time>
   </trkpt>
   <trkpt lat="22.5765480" lon="88.3642570">
    <ele>11.7</ele>
    <time>2026-03-14T14:42:29Z</time>
   </trkpt>
   <trkpt lat="22.5765320" lon="88.3642500">
    <ele>11.7</ele>
    <time>2026-03-14T14:42:30Z</time>
   </trkpt>
   <trkpt lat="22.5765210" lon="88.3642410">
    <ele>11.6</ele>
    <time>2026-03-14T14:42:31Z</time>
   </trkpt>
   <trkpt lat="22.5765070" lon="88.3642420">
    <ele>11.6</ele>
    <time>2026-03-14T14:42:32Z</time>
   </trkpt>
   <trkpt lat="22.5764970" lon="88.3642410">
    <ele>11.6</ele>
    <time>2026-03-14T14:42:33Z</time>
   </trkpt>
   <trkpt lat="22.5764900" lon="88.3642210">
    <ele>11.5</ele>
    <time>2026-03-14T14:42:34Z</time>
   </trkpt>
   <trkpt lat="22.5764690" lon="88.3642040">
    <ele>11.4</ele>
    <time>2026-03-14T14:42:35Z</time>
   </trkpt>
   <trkpt lat="22.5764590" lon="88.3642010">
    <ele>11.4</ele>
    <time>2026-03-14T14:42:36Z</time>
   </trkpt>
   <trkpt lat="22.5764560" lon="88.3641940">
    <ele>11.4</ele>
    <time>2026-03-14T14:42:37Z</time>
   </trkpt>
   <trkpt lat="22.5764480" lon="88.3641980">
    <ele>11.4</ele>
    <time>2026-03-14T14:42:38Z</time>
   </trkpt>
   <trkpt lat="22.5764380" lon="88.3642050">
    <ele>11.3</ele>
    <time>2026-03-14T14:42:39Z</time>
   </trkpt>
   <trkpt lat="22.5764220" lon="88.3642030">
    <ele>11.3</ele>
    <time>2026-03-14T14:42:40Z</time>
   </trkpt>
   <trkpt lat="22.5764050" lon="88.3642040">
    <ele>11.2</ele>
    <time>2026-03-14T14:42:41Z</time>
   </trkpt>
   <trkpt lat="22.5763910" lon="88.3642010">
    <ele>11.2</ele>
    <time>2026-03-14T14:42:42Z</time>
   </trkpt>
   <trkpt lat="22.5763790" lon="88.3642010">
    <ele>11.2</ele>
    <time>2026-03-14T14:42:43Z</time>
   </trkpt>
   <trkpt lat="22.5763660" lon="88.3642220">
    <ele>11.1</ele>
    <time>2026-03-14T14:42:44Z</time>
   </trkpt>
   <trkpt lat="22.5763630" lon="88.3642140">
    <ele>11.1</ele>
    <time>2026-03-14T14:42:45Z</time>
   </trkpt>
   <trkpt lat="22.5763580" lon="88.3642040">
    <ele>11.1</ele>
    <time>2026-03-14T14:42:46Z</time>
   </trkpt>
   <trkpt lat="22.5763480" lon="88.3641940">
    <ele>11.0</ele>
    <time>2026-03-14T14:42:47Z</time>
   </trkpt>
   <trkpt lat="22.5763290" lon="88.3641930">
    <ele>11.0</ele>
    <time>2026-03-14T14:42:48Z</time>
   </trkpt>
   <trkpt lat="22.5763140" lon="88.3641870">
    <ele>10.9</ele>
    <time>2026-03-14T14:42:49Z</time>
   </trkpt>
   <trkpt lat="22.5762990" lon="88.3641790">
    <ele>10.9</ele>
    <time>2026-03-14T14:42:50Z</time>
   </trkpt>
   <trkpt lat="22.5762870" lon="88.3641730">
    <ele>10.8</ele>
    <time>2026-03-14T14:42:51Z</time>
   </trkpt>
   <trkpt lat="22.5762740" lon="88.3641710">
    <ele>10.8</ele>
    <time>2026-03-14T14:42:52Z</time>
   </trkpt>
   <trkpt lat="22.5762620" lon="88.3641750">
    <ele>10.8</ele>
    <time>2026-03-14T14:42:53Z</time>
   </trkpt>
   <trkpt lat="22.5762540" lon="88.3641720">
    <ele>10.8</ele>
    <time>2026-03-14T14:42:54Z</time>
   </trkpt>
   <trkpt lat="22.5762430" lon="88.3641720">
    <ele>10.7</ele>
    <time>2026-03-14T14:42:55Z</time>
   </trkpt>
   <trkpt lat="22.5762360" lon="88.3641680">
    <ele>10.7</ele>
    <time>2026-03-14T14:42:56Z</time>
   </trkpt>
   <trkpt lat="22.5762270" lon="88.3641660">
    <ele>10.7</ele>
    <time>2026-03-14T14:42:57Z</time>
   </trkpt>
   <trkpt lat="22.5762220" lon="88.3641560">
    <ele>10.7</ele>
    <time>2026-03-14T14:42:58Z</time>
   </trkpt>
   <trkpt lat="22.5762110" lon="88.3641500">
    <ele>10.6</ele>
    <time>2026-03-14T14:42:59Z</time>
   </trkpt>
   <trkpt lat="22.5762070" lon="88.3641410">
    <ele>10.6</ele>
    <time>2026-03-14T14:43:00Z</time>
   </trkpt>
   <trkpt lat="22.5761960" lon="88.3641380">
    <ele>10.6</ele>
    <time>2026-03-14T14:43:01Z</time>
   </trkpt>
   <trkpt lat="22.5761890" lon="88.3641380">
    <ele>10.5</ele>
    <time>2026-03-14T14:43:02Z</time>
   </trkpt>
   <trkpt lat="22.5761830" lon="88.3641370">
    <ele>10.5</ele>
    <time>2026-03-14T14:43:03Z</time>
   </trkpt>
   <trkpt lat="22.5761760" lon="88.3641370">
    <ele>10.5</ele>
    <time>2026-03-14T14:43:04Z</time>
   </trkpt>
   <trkpt lat="22.5761700" lon="88.3641360">
    <ele>10.5</ele>
    <time>2026-03-14T14:43:05Z</time>
   </trkpt>
   <trkpt lat="22.5761480" lon="88.3641220">
    <ele>10.4</ele>
    <time>2026-03-14T14:43:06Z</time>
   </trkpt>
   <trkpt lat="22.5761390" lon="88.3641180">
    <ele>10.4</ele>
    <time>2026-03-14T14:43:07Z</time>
   </trkpt>
   <trkpt lat="22.5761310" lon="88.3641150">
    <ele>10.4</ele>
    <time>2026-03-14T14:43:08Z</time>
   </trkpt>
   <trkpt lat="22.5761290" lon="88.3641160">
    <ele>10.4</ele>
    <time>2026-03-14T14:43:09Z</time>
   </trkpt>
   <trkpt lat="22.5761220" lon="88.3641190">
    <ele>10.3</ele>
    <time>2026-03-14T14:43:10Z</time>
   </trkpt>
   <trkpt lat="22.5761180" lon="88.3641170">
    <ele>10.3</ele>
    <time>2026-03-14T14:43:11Z</time>
   </trkpt>
   <trkpt lat="22.5761000" lon="88.3641110">
    <ele>10.3</ele>
    <time>2026-03-14T14:43:12Z</time>
   </trkpt>
   <trkpt lat="22.5760730" lon="88.3641210">
    <ele>10.2</ele>
    <time>2026-03-14T14:43:13Z</time>
   </trkpt>
   <trkpt lat="22.5760620" lon="88.3641260">
    <ele>10.2</ele>
    <time>2026-03-14T14:43:14Z</time>
   </trkpt>
   <trkpt lat="22.5760280" lon="88.3641560">
    <ele>10.1</ele>
    <time>2026-03-14T14:43:15Z</time>
   </trkpt>
   <trkpt lat="22.5760140" lon="88.3641680">
    <ele>9.9</ele>
    <time>2026-03-14T14:43:16Z</time>
   </trkpt>
   <trkpt lat="22.5760030" lon="88.3642060">
    <ele>9.9</ele>
    <time>2026-03-14T14:43:17Z</time>
   </trkpt>
   <trkpt lat="22.5759920" lon="88.3642330">
    <ele>9.8</ele>
    <time>2026-03-14T14:43:18Z</time>
   </trkpt>
   <trkpt lat="22.5759890" lon="88.3642540">
    <ele>9.8</ele>
    <time>2026-03-14T14:43:19Z</time>
   </trkpt>
   <trkpt lat="22.5759850" lon="88.3642670">
    <ele>9.8</ele>
    <time>2026-03-14T14:43:20Z</time>
   </trkpt>
   <trkpt lat="22.5759830" lon="88.3642860">
    <ele>9.7</ele>
    <time>2026-03-14T14:43:21Z</time>
   </trkpt>
   <trkpt lat="22.5759780" lon="88.3643030">
    <ele>9.7</ele>
    <time>2026-03-14T14:43:22Z</time>
   </trkpt>
   <trkpt lat="22.5759670" lon="88.3643240">
    <ele>9.7</ele>
    <time>2026-03-14T14:43:23Z</time>
   </trkpt>
   <trkpt lat="22.5759650" lon="88.3643340">
    <ele>9.7</ele>
    <time>2026-03-14T14:43:24Z</time>
   </trkpt>
   <trkpt lat="22.5759630" lon="88.3643440">
    <ele>9.7</ele>
    <time>2026-03-14T14:43:25Z</time>
   </trkpt>
   <trkpt lat="22.5759560" lon="88.3643570">
    <ele>9.7</ele>
    <time>2026-03-14T14:43:26Z</time>
   </trkpt>
   <trkpt lat="22.5759460" lon="88.3643700">
    <ele>9.6</ele>
    <time>2026-03-14T14:43:27Z</time>
   </trkpt>
   <trkpt lat="22.5759370" lon="88.3643970">
    <ele>9.6</ele>
    <time>2026-03-14T14:43:28Z</time>
   </trkpt>
   <trkpt lat="22.5759370" lon="88.3644050">
    <ele>9.6</ele>
    <time>2026-03-14T14:43:29Z</time>
   </trkpt>
   <trkpt lat="22.5759360" lon="88.3644140">
    <ele>9.6</ele>
    <time>2026-03-14T14:43:30Z</time>
   </trkpt>
   <trkpt lat="22.5759300" lon="88.3644200">
    <ele>9.6</ele>
    <time>2026-03-14T14:43:31Z</time>
   </trkpt>
   <trkpt lat="22.5759270" lon="88.3644290">
    <ele>9.6</ele>
    <time>2026-03-14T14:43:32Z</time>
   </trkpt>
   <trkpt lat="22.5759250" lon="88.3644400">
    <ele>9.6</ele>
    <time>2026-03-14T14:43:33Z</time>
   </trkpt>
   <trkpt lat="22.5759200" lon="88.3644490">
    <ele>9.6</ele>
    <time>2026-03-14T14:43:34Z</time>
   </trkpt>
   <trkpt lat="22.5759070" lon="88.3644740">
    <ele>9.6</ele>
    <time>2026-03-14T14:43:35Z</time>
   </trkpt>
   <trkpt lat="22.5759010" lon="88.3644830">
    <ele>9.6</ele>
    <time>2026-03-14T14:43:36Z</time>
   </trkpt>
   <trkpt lat="22.5758950" lon="88.3644920">
    <ele>9.6</ele>
    <time>2026-03-14T14:43:37Z</time>
   </trkpt>
   <trkpt lat="22.5758920" lon="88.3645070">
    <ele>9.6</ele>
    <time>2026-03-14T14:43:38Z</time>
   </trkpt>
   <trkpt lat="22.5758920" lon="88.3645160">
    <ele>9.6</ele>
    <time>2026-03-14T14:43:39Z</time>
   </trkpt>
   <trkpt lat="22.5758910" lon="88.3645240">
    <ele>9.5</ele>
    <time>2026-03-14T14:43:40Z</time>
   </trkpt>
   <trkpt lat="22.5758900" lon="88.3645330">
    <ele>9.5</ele>
    <time>2026-03-14T14:43:41Z</time>
   </trkpt>
   <trkpt lat="22.5758780" lon="88.3645530">
    <ele>9.5</ele>
    <time>2026-03-14T14:43:42Z</time>
   </trkpt>
   <trkpt lat="22.5758730" lon="88.3645610">
    <ele>9.5</ele>
    <time>2026-03-14T14:43:43Z</time>
   </trkpt>
   <trkpt lat="22.5758690" lon="88.3645680">
    <ele>9.5</ele>
    <time>2026-03-14T14:43:44Z</time>
   </trkpt>
   <trkpt lat="22.5758570" lon="88.3645860">
    <ele>9.5</ele>
    <time>2026-03-14T14:43:45Z</time>
   </trkpt>
   <trkpt lat="22.5758530" lon="88.3645950">
    <ele>9.5</ele>
    <time>2026-03-14T14:43:46Z</time>
   </trkpt>
   <trkpt lat="22.5758500" lon="88.3646030">
    <ele>9.5</ele>
    <time>2026-03-14T14:43:47Z</time>
   </trkpt>
   <trkpt lat="22.5758460" lon="88.3646180">
    <ele>9.5</ele>
    <time>2026-03-14T14:43:48Z</time>
   </trkpt>
   <trkpt lat="22.5758460" lon="88.3646350">
    <ele>9.5</ele>
    <time>2026-03-14T14:43:49Z</time>
   </trkpt>
   <trkpt lat="22.5758360" lon="88.3646570">
    <ele>9.5</ele>
    <time>2026-03-14T14:43:50Z</time>
   </trkpt>
   <trkpt lat="22.5758330" lon="88.3646640">
    <ele>9.5</ele>
    <time>2026-03-14T14:43:51Z</time>
   </trkpt>
   <trkpt lat="22.5758310" lon="88.3646720">
    <ele>9.5</ele>
    <time>2026-03-14T14:43:52Z</time>
   </trkpt>
   <trkpt lat="22.5758150" lon="88.3646870">
    <ele>9.5</ele>
    <time>2026-03-14T14:43:53Z</time>
   </trkpt>
   <trkpt lat="22.5758100" lon="88.3647020">
    <ele>9.5</ele>
    <time>2026-03-14T14:43:54Z</time>
   </trkpt>
   <trkpt lat="22.5758030" lon="88.3647150">
    <ele>9.5</ele>
    <time>2026-03-14T14:43:55Z</time>
   </trkpt>
   <trkpt lat="22.5757950" lon="88.3647290">
    <ele>9.5</ele>
    <time>2026-03-14T14:43:56Z</time>
   </trkpt>
   <trkpt lat="22.5757900" lon="88.3647430">
    <ele>9.4</ele>
    <time>2026-03-14T14:43:57Z</time>
   </trkpt>
   <trkpt lat="22.5757860" lon="88.3647590">
    <ele>9.4</ele>
    <time>2026-03-14T14:43:58Z</time>
   </trkpt>
   <trkpt lat="22.5757800" lon="88.3647830">
    <ele>9.4</ele>
    <time>2026-03-14T14:43:59Z</time>
   </trkpt>
   <trkpt lat="22.5757780" lon="88.3647910">
    <ele>9.4</ele>
    <time>2026-03-14T14:44:00Z</time>
   </trkpt>
   <trkpt lat="22.5757760" lon="88.3648000">
    <ele>9.4</ele>
    <time>2026-03-14T14:44:01Z</time>
   </trkpt>
   <trkpt lat="22.5757690" lon="88.3648110">
    <ele>9.4</ele>
    <time>2026-03-14T14:44:02Z</time>
   </trkpt>
   <trkpt lat="22.5757630" lon="88.3648190">
    <ele>9.3</ele>
    <time>2026-03-14T14:44:03Z</time>
   </trkpt>
   <trkpt lat="22.5757580" lon="88.3648320">
    <ele>9.3</ele>
    <time>2026-03-14T14:44:04Z</time>
   </trkpt>
   <trkpt lat="22.5757550" lon="88.3648520">
    <ele>9.3</ele>
    <time>2026-03-14T14:44:05Z</time>
   </trkpt>
   <trkpt lat="22.5757580" lon="88.3648620">
    <ele>9.3</ele>
    <time>2026-03-14T14:44:06Z</time>
   </trkpt>
   <trkpt lat="22.5757600" lon="88.3648720">
    <ele>9.3</ele>
    <time>2026-03-14T14:44:07Z</time>
   </trkpt>
   <trkpt lat="22.5757540" lon="88.3648890">
    <ele>9.4</ele>
    <time>2026-03-14T14:44:08Z</time>
   </trkpt>
   <trkpt lat="22.5757570" lon="88.3648990">
    <ele>9.4</ele>
    <time>2026-03-14T14:44:09Z</time>
   </trkpt>
   <trkpt lat="22.5757490" lon="88.3649090">
    <ele>9.5</ele>
    <time>2026-03-14T14:44:10Z</time>
   </trkpt>
   <trkpt lat="22.5757460" lon="88.3649300">
    <ele>9.6</ele>
    <time>2026-03-14T14:44:11Z</time>
   </trkpt>
   <trkpt lat="22.5757430" lon="88.3649410">
    <ele>9.6</ele>
    <time>2026-03-14T14:44:12Z</time>
   </trkpt>
   <trkpt lat="22.5757390" lon="88.3649530">
    <ele>9.7</ele>
    <time>2026-03-14T14:44:13Z</time>
   </trkpt>
   <trkpt lat="22.5757260" lon="88.3649720">
    <ele>9.8</ele>
    <time>2026-03-14T14:44:14Z</time>
   </trkpt>
   <trkpt lat="22.5757220" lon="88.3649780">
    <ele>9.8</ele>
    <time>2026-03-14T14:44:15Z</time>
   </trkpt>
   <trkpt lat="22.5757170" lon="88.3649850">
    <ele>9.9</ele>
    <time>2026-03-14T14:44:16Z</time>
   </trkpt>
   <trkpt lat="22.5757130" lon="88.3650000">
    <ele>10.0</ele>
    <time>2026-03-14T14:44:17Z</time>
   </trkpt>
   <trkpt lat="22.5757080" lon="88.3650180">
    <ele>10.0</ele>
    <time>2026-03-14T14:44:18Z</time>
   </trkpt>
   <trkpt lat="22.5757090" lon="88.3650350">
    <ele>10.1</ele>
    <time>2026-03-14T14:44:19Z</time>
   </trkpt>
   <trkpt lat="22.5757050" lon="88.3650410">
    <ele>10.2</ele>
    <time>2026-03-14T14:44:20Z</time>
   </trkpt>
   <trkpt lat="22.5757050" lon="88.3650560">
    <ele>10.2</ele>
    <time>2026-03-14T14:44:21Z</time>
   </trkpt>
   <trkpt lat="22.5757040" lon="88.3650710">
    <ele>10.3</ele>
    <time>2026-03-14T14:44:22Z</time>
   </trkpt>
   <trkpt lat="22.5757030" lon="88.3650890">
    <ele>10.4</ele>
    <time>2026-03-14T14:44:23Z</time>
   </trkpt>
   <trkpt lat="22.5757000" lon="88.3651010">
    <ele>10.4</ele>
    <time>2026-03-14T14:44:24Z</time>
   </trkpt>
   <trkpt lat="22.5756950" lon="88.3651070">
    <ele>10.5</ele>
    <time>2026-03-14T14:44:25Z</time>
   </trkpt>
   <trkpt lat="22.5756860" lon="88.3651170">
    <ele>10.5</ele>
    <time>2026-03-14T14:44:26Z</time>
   </trkpt>
   <trkpt lat="22.5756690" lon="88.3651300">
    <ele>10.6</ele>
    <time>2026-03-14T14:44:27Z</time>
   </trkpt>
   <trkpt lat="22.5756610" lon="88.3651350">
    <ele>10.7</ele>
    <time>2026-03-14T14:44:28Z</time>
   </trkpt>
   <trkpt lat="22.5756530" lon="88.3651410">
    <ele>10.7</ele>
    <time>2026-03-14T14:44:29Z</time>
   </trkpt>
   <trkpt lat="22.5756350" lon="88.3651410">
    <ele>10.8</ele>
    <time>2026-03-14T14:44:30Z</time>
   </trkpt>
   <trkpt lat="22.5756250" lon="88.3651390">
    <ele>10.8</ele>
    <time>2026-03-14T14:44:31Z</time>
   </trkpt>
   <trkpt lat="22.5756160" lon="88.3651380">
    <ele>10.8</ele>
    <time>2026-03-14T14:44:32Z</time>
   </trkpt>
   <trkpt lat="22.5756040" lon="88.3651310">
    <ele>10.8</ele>
    <time>2026-03-14T14:44:33Z</time>
   </trkpt>
   <trkpt lat="22.5755930" lon="88.3651210">
    <ele>10.8</ele>
    <time>2026-03-14T14:44:34Z</time>
   </trkpt>
   <trkpt lat="22.5755670" lon="88.3651060">
    <ele>10.7</ele>
    <time>2026-03-14T14:44:35Z</time>
   </trkpt>
   <trkpt lat="22.5755580" lon="88.3651030">
    <ele>10.7</ele>
    <time>2026-03-14T14:44:36Z</time>
   </trkpt>
   <trkpt lat="22.5755440" lon="88.3650940">
    <ele>10.7</ele>
    <time>2026-03-14T14:44:37Z</time>
   </trkpt>
   <trkpt lat="22.5755310" lon="88.3650870">
    <ele>10.7</ele>
    <time>2026-03-14T14:44:38Z</time>
   </trkpt>
   <trkpt lat="22.5755100" lon="88.3650770">
    <ele>10.6</ele>
    <time>2026-03-14T14:44:39Z</time>
   </trkpt>
   <trkpt lat="22.5755020" lon="88.3650730">
    <ele>10.6</ele>
    <time>2026-03-14T14:44:40Z</time>
   </trkpt>
   <trkpt lat="22.5754950" lon="88.3650680">
    <ele>10.6</ele>
    <time>2026-03-14T14:44:41Z</time>
   </trkpt>
   <trkpt lat="22.5754840" lon="88.3650610">
    <ele>10.6</ele>
    <time>2026-03-14T14:44:42Z</time>
   </trkpt>
   <trkpt lat="22.5754750" lon="88.3650610">
    <ele>10.6</ele>
    <time>2026-03-14T14:44:43Z</time>
   </trkpt>
   <trkpt lat="22.5754730" lon="88.3650680">
    <ele>10.6</ele>
    <time>2026-03-14T14:44:44Z</time>
   </trkpt>
   <trkpt lat="22.5754630" lon="88.3650570">
    <ele>10.5</ele>
    <time>2026-03-14T14:44:45Z</time>
   </trkpt>
   <trkpt lat="22.5754530" lon="88.3650590">
    <ele>10.5</ele>
    <time>2026-03-14T14:44:46Z</time>
   </trkpt>
   <trkpt lat="22.5754350" lon="88.3650540">
    <ele>10.5</ele>
    <time>2026-03-14T14:44:47Z</time>
   </trkpt>
   <trkpt lat="22.5754080" lon="88.3650490">
    <ele>10.5</ele>
    <time>2026-03-14T14:44:48Z</time>
   </trkpt>
   <trkpt lat="22.5753980" lon="88.3650480">
    <ele>10.4</ele>
    <time>2026-03-14T14:44:49Z</time>
   </trkpt>
   <trkpt lat="22.5753660" lon="88.3650410">
    <ele>10.4</ele>
    <time>2026-03-14T14:44:50Z</time>
   </trkpt>
   <trkpt lat="22.5753540" lon="88.3650370">
    <ele>10.4</ele>
    <time>2026-03-14T14:44:51Z</time>
   </trkpt>
   <trkpt lat="22.5753310" lon="88.3650310">
    <ele>10.3</ele>
    <time>2026-03-14T14:44:52Z</time>
   </trkpt>
   <trkpt lat="22.5753190" lon="88.3650280">
    <ele>10.3</ele>
    <time>2026-03-14T14:44:53Z</time>
   </trkpt>
   <trkpt lat="22.5753080" lon="88.3650240">
    <ele>10.3</ele>
    <time>2026-03-14T14:44:54Z</time>
   </trkpt>
   <trkpt lat="22.5753000" lon="88.3650160">
    <ele>10.3</ele>
    <time>2026-03-14T14:44:55Z</time>
   </trkpt>
   <trkpt lat="22.5752970" lon="88.3650080">
    <ele>10.3</ele>
    <time>2026-03-14T14:44:56Z</time>
   </trkpt>
   <trkpt lat="22.5752950" lon="88.3649990">
    <ele>10.3</ele>
    <time>2026-03-14T14:44:57Z</time>
   </trkpt>
   <trkpt lat="22.5752920" lon="88.3649910">
    <ele>10.2</ele>
    <time>2026-03-14T14:44:58Z</time>
   </trkpt>
   <trkpt lat="22.5752890" lon="88.3649820">
    <ele>10.2</ele>
    <time>2026-03-14T14:44:59Z</time>
   </trkpt>
   <trkpt lat="22.5752590" lon="88.3649620">
    <ele>10.2</ele>
    <time>2026-03-14T14:45:00Z</time>
   </trkpt>
   <trkpt lat="22.5752490" lon="88.3649550">
    <ele>10.2</ele>
    <time>2026-03-14T14:45:01Z</time>
   </trkpt>
   <trkpt lat="22.5752300" lon="88.3649520">
    <ele>10.1</ele>
    <time>2026-03-14T14:45:02Z</time>
   </trkpt>
   <trkpt lat="22.5752170" lon="88.3649470">
    <ele>10.1</ele>
    <time>2026-03-14T14:45:03Z</time>
   </trkpt>
   <trkpt lat="22.5751870" lon="88.3649290">
    <ele>10.1</ele>
    <time>2026-03-14T14:45:04Z</time>
   </trkpt>
   <trkpt lat="22.5751790" lon="88.3649160">
    <ele>10.0</ele>
    <time>2026-03-14T14:45:05Z</time>
   </trkpt>
   <trkpt lat="22.5751740" lon="88.3649170">
    <ele>10.0</ele>
    <time>2026-03-14T14:45:06Z</time>
   </trkpt>
   <trkpt lat="22.5751610" lon="88.3649180">
    <ele>10.0</ele>
    <time>2026-03-14T14:45:07Z</time>
   </trkpt>
   <trkpt lat="22.5751360" lon="88.3649290">
    <ele>10.0</ele>
    <time>2026-03-14T14:45:08Z</time>
   </trkpt>
   <trkpt lat="22.5751150" lon="88.3649310">
    <ele>9.9</ele>
    <time>2026-03-14T14:45:09Z</time>
   </trkpt>
   <trkpt lat="22.5751040" lon="88.3649260">
    <ele>9.9</ele>
    <time>2026-03-14T14:45:10Z</time>
   </trkpt>
   <trkpt lat="22.5750820" lon="88.3649230">
    <ele>9.9</ele>
    <time>2026-03-14T14:45:11Z</time>
   </trkpt>
   <trkpt lat="22.5750740" lon="88.3649220">
    <ele>9.9</ele>
    <time>2026-03-14T14:45:12Z</time>
   </trkpt>
   <trkpt lat="22.5750660" lon="88.3649220">
    <ele>9.9</ele>
    <time>2026-03-14T14:45:13Z</time>
   </trkpt>
   <trkpt lat="22.5750520" lon="88.3649230">
    <ele>9.8</ele>
    <time>2026-03-14T14:45:14Z</time>
   </trkpt>
   <trkpt lat="22.5750370" lon="88.3649240">
    <ele>9.8</ele>
    <time>2026-03-14T14:45:15Z</time>
   </trkpt>
   <trkpt lat="22.5750300" lon="88.3649270">
    <ele>9.8</ele>
    <time>2026-03-14T14:45:16Z</time>
   </trkpt>
   <trkpt lat="22.5750230" lon="88.3649270">
    <ele>9.8</ele>
    <time>2026-03-14T14:45:17Z</time>
   </trkpt>
   <trkpt lat="22.5750090" lon="88.3649240">
    <ele>9.8</ele>
    <time>2026-03-14T14:45:18Z</time>
   </trkpt>
   <trkpt lat="22.5749990" lon="88.3649210">
    <ele>9.8</ele>
    <time>2026-03-14T14:45:19Z</time>
   </trkpt>
   <trkpt lat="22.5750010" lon="88.3649160">
    <ele>9.8</ele>
    <time>2026-03-14T14:45:20Z</time>
   </trkpt>
   <trkpt lat="22.5749820" lon="88.3649150">
    <ele>9.7</ele>
    <time>2026-03-14T14:45:21Z</time>
   </trkpt>
   <trkpt lat="22.5749670" lon="88.3649020">
    <ele>9.7</ele>
    <time>2026-03-14T14:45:22Z</time>
   </trkpt>
   <trkpt lat="22.5749640" lon="88.3648980">
    <ele>9.7</ele>
    <time>2026-03-14T14:45:23Z</time>
   </trkpt>
   <trkpt lat="22.5749610" lon="88.3648930">
    <ele>9.7</ele>
    <time>2026-03-14T14:45:24Z</time>
   </trkpt>
   <trkpt lat="22.5749580" lon="88.3648890">
    <ele>9.7</ele>
    <time>2026-03-14T14:45:25Z</time>
   </trkpt>
   <trkpt lat="22.5749550" lon="88.3648840">
    <ele>9.7</ele>
    <time>2026-03-14T14:45:26Z</time>
   </trkpt>
   <trkpt lat="22.5749540" lon="88.3648560">
    <ele>9.6</ele>
    <time>2026-03-14T14:45:27Z</time>
   </trkpt>
   <trkpt lat="22.5749520" lon="88.3648450">
    <ele>9.6</ele>
    <time>2026-03-14T14:45:28Z</time>
   </trkpt>
   <trkpt lat="22.5749510" lon="88.3648330">
    <ele>9.6</ele>
    <time>2026-03-14T14:45:29Z</time>
   </trkpt>
   <trkpt lat="22.5749460" lon="88.3648120">
    <ele>9.6</ele>
    <time>2026-03-14T14:45:30Z</time>
   </trkpt>
   <trkpt lat="22.5749230" lon="88.3648210">
    <ele>9.5</ele>
    <time>2026-03-14T14:45:31Z</time>
   </trkpt>
   <trkpt lat="22.5749170" lon="88.3648240">
    <ele>9.5</ele>
    <time>2026-03-14T14:45:32Z</time>
   </trkpt>
   <trkpt lat="22.5749030" lon="88.3648190">
    <ele>9.5</ele>
    <time>2026-03-14T14:45:33Z</time>
   </trkpt>
   <trkpt lat="22.5748900" lon="88.3648090">
    <ele>9.5</ele>
    <time>2026-03-14T14:45:34Z</time>
   </trkpt>
   <trkpt lat="22.5748770" lon="88.3648080">
    <ele>9.4</ele>
    <time>2026-03-14T14:45:35Z</time>
   </trkpt>
   <trkpt lat="22.5748630" lon="88.3648010">
    <ele>9.4</ele>
    <time>2026-03-14T14:45:36Z</time>
   </trkpt>
   <trkpt lat="22.5748510" lon="88.3647940">
    <ele>9.4</ele>
    <time>2026-03-14T14:45:37Z</time>
   </trkpt>
   <trkpt lat="22.5748330" lon="88.3647980">
    <ele>9.4</ele>
    <time>2026-03-14T14:45:38Z</time>
   </trkpt>
   <trkpt lat="22.5748340" lon="88.3648020">
    <ele>9.4</ele>
    <time>2026-03-14T14:45:39Z</time>
   </trkpt>
   <trkpt lat="22.5748260" lon="88.3648010">
    <ele>9.4</ele>
    <time>2026-03-14T14:45:40Z</time>
   </trkpt>
   <trkpt lat="22.5748200" lon="88.3647900">
    <ele>9.3</ele>
    <time>2026-03-14T14:45:41Z</time>
   </trkpt>
   <trkpt lat="22.5748090" lon="88.3647780">
    <ele>9.3</ele>
    <time>2026-03-14T14:45:42Z</time>
   </trkpt>
   <trkpt lat="22.5747960" lon="88.3647780">
    <ele>9.3</ele>
    <time>2026-03-14T14:45:43Z</time>
   </trkpt>
   <trkpt lat="22.5747820" lon="88.3647820">
    <ele>9.3</ele>
    <time>2026-03-14T14:45:44Z</time>
   </trkpt>
   <trkpt lat="22.5747600" lon="88.3647730">
    <ele>9.2</ele>
    <time>2026-03-14T14:45:45Z</time>
   </trkpt>
   <trkpt lat="22.5747480" lon="88.3647680">
    <ele>9.2</ele>
    <time>2026-03-14T14:45:46Z</time>
   </trkpt>
   <trkpt lat="22.5747340" lon="88.3647710">
    <ele>9.2</ele>
    <time>2026-03-14T14:45:47Z</time>
   </trkpt>
   <trkpt lat="22.5747370" lon="88.3647740">
    <ele>9.2</ele>
    <time>2026-03-14T14:45:48Z</time>
   </trkpt>
   <trkpt lat="22.5747260" lon="88.3647680">
    <ele>9.2</ele>
    <time>2026-03-14T14:45:49Z</time>
   </trkpt>
   <trkpt lat="22.5747130" lon="88.3647660">
    <ele>9.2</ele>
    <time>2026-03-14T14:45:50Z</time>
   </trkpt>
   <trkpt lat="22.5746960" lon="88.3647560">
    <ele>9.1</ele>
    <time>2026-03-14T14:45:51Z</time>
   </trkpt>
   <trkpt lat="22.5746820" lon="88.3647450">
    <ele>9.1</ele>
    <time>2026-03-14T14:45:52Z</time>
   </trkpt>
   <trkpt lat="22.5746670" lon="88.3647340">
    <ele>9.1</ele>
    <time>2026-03-14T14:45:53Z</time>
   </trkpt>
   <trkpt lat="22.5746390" lon="88.3647190">
    <ele>9.0</ele>
    <time>2026-03-14T14:45:54Z</time>
   </trkpt>
   <trkpt lat="22.5746270" lon="88.3647180">
    <ele>9.0</ele>
    <time>2026-03-14T14:45:55Z</time>
   </trkpt>
   <trkpt lat="22.5746000" lon="88.3647360">
    <ele>9.0</ele>
    <time>2026-03-14T14:45:56Z</time>
   </trkpt>
   <trkpt lat="22.5745910" lon="88.3647380">
    <ele>8.9</ele>
    <time>2026-03-14T14:45:57Z</time>
   </trkpt>
   <trkpt lat="22.5746000" lon="88.3647280">
    <ele>8.9</ele>
    <time>2026-03-14T14:45:58Z</time>
   </trkpt>
   <trkpt lat="22.5745900" lon="88.3647280">
    <ele>8.9</ele>
    <time>2026-03-14T14:45:59Z</time>
   </trkpt>
   <trkpt lat="22.5745850" lon="88.3647240">
    <ele>8.9</ele>
    <time>2026-03-14T14:46:00Z</time>
   </trkpt>
   <trkpt lat="22.5745720" lon="88.3647180">
    <ele>8.9</ele>
    <time>2026-03-14T14:46:01Z</time>
   </trkpt>
   <trkpt lat="22.5745630" lon="88.3647140">
    <ele>8.9</ele>
    <time>2026-03-14T14:46:02Z</time>
   </trkpt>
   <trkpt lat="22.5745380" lon="88.3646970">
    <ele>8.8</ele>
    <time>2026-03-14T14:46:03Z</time>
   </trkpt>
   <trkpt lat="22.5745280" lon="88.3646980">
    <ele>8.8</ele>
    <time>2026-03-14T14:46:04Z</time>
   </trkpt>
   <trkpt lat="22.5745080" lon="88.3646930">
    <ele>8.8</ele>
    <time>2026-03-14T14:46:05Z</time>
   </trkpt>
   <trkpt lat="22.5744990" lon="88.3646890">
    <ele>8.8</ele>
    <time>2026-03-14T14:46:06Z</time>
   </trkpt>
   <trkpt lat="22.5744910" lon="88.3646850">
    <ele>8.7</ele>
    <time>2026-03-14T14:46:07Z</time>
   </trkpt>
   <trkpt lat="22.5744850" lon="88.3646820">
    <ele>8.7</ele>
    <time>2026-03-14T14:46:08Z</time>
   </trkpt>
   <trkpt lat="22.5744740" lon="88.3646760">
    <ele>8.7</ele>
    <time>2026-03-14T14:46:09Z</time>
   </trkpt>
   <trkpt lat="22.5744620" lon="88.3646650">
    <ele>8.7</ele>
    <time>2026-03-14T14:46:10Z</time>
   </trkpt>
   <trkpt lat="22.5744460" lon="88.3646600">
    <ele>8.7</ele>
    <time>2026-03-14T14:46:11Z</time>
   </trkpt>
   <trkpt lat="22.5744340" lon="88.3646550">
    <ele>8.6</ele>
    <time>2026-03-14T14:46:12Z</time>
   </trkpt>
   <trkpt lat="22.5744150" lon="88.3646390">
    <ele>8.6</ele>
    <time>2026-03-14T14:46:13Z</time>
   </trkpt>
   <trkpt lat="22.5744100" lon="88.3646350">
    <ele>8.6</ele>
    <time>2026-03-14T14:46:14Z</time>
   </trkpt>
   <trkpt lat="22.5744040" lon="88.3646310">
    <ele>8.6</ele>
    <time>2026-03-14T14:46:15Z</time>
   </trkpt>
   <trkpt lat="22.5743930" lon="88.3646200">
    <ele>8.6</ele>
    <time>2026-03-14T14:46:16Z</time>
   </trkpt>
   <trkpt lat="22.5743760" lon="88.3646080">
    <ele>8.5</ele>
    <time>2026-03-14T14:46:17Z</time>
   </trkpt>
   <trkpt lat="22.5743760" lon="88.3646160">
    <ele>8.5</ele>
    <time>2026-03-14T14:46:18Z</time>
   </trkpt>
   <trkpt lat="22.5743730" lon="88.3646160">
    <ele>8.5</ele>
    <time>2026-03-14T14:46:19Z</time>
   </trkpt>
   <trkpt lat="22.5743730" lon="88.3646110">
    <ele>8.5</ele>
    <time>2026-03-14T14:46:20Z</time>
   </trkpt>
   <trkpt lat="22.5743700" lon="88.3646120">
    <ele>8.5</ele>
    <time>2026-03-14T14:46:21Z</time>
   </trkpt>
   <trkpt lat="22.5743700" lon="88.3645960">
    <ele>8.5</ele>
    <time>2026-03-14T14:46:22Z</time>
   </trkpt>
   <trkpt lat="22.5743630" lon="88.3645980">
    <ele>8.5</ele>
    <time>2026-03-14T14:46:23Z</time>
   </trkpt>
   <trkpt lat="22.5743690" lon="88.3646120">
    <ele>8.5</ele>
    <time>2026-03-14T14:46:24Z</time>
   </trkpt>
   <trkpt lat="22.5743470" lon="88.3646070">
    <ele>8.4</ele>
    <time>2026-03-14T14:46:25Z</time>
   </trkpt>
   <trkpt lat="22.5743320" lon="88.3646090">
    <ele>8.4</ele>
    <time>2026-03-14T14:46:26Z</time>
   </trkpt>
   <trkpt lat="22.5743200" lon="88.3646160">
    <ele>8.4</ele>
    <time>2026-03-14T14:46:27Z</time>
   </trkpt>
   <trkpt lat="22.5743100" lon="88.3646130">
    <ele>8.4</ele>
    <time>2026-03-14T14:46:28Z</time>
   </trkpt>
   <trkpt lat="22.5742950" lon="88.3646100">
    <ele>8.3</ele>
    <time>2026-03-14T14:46:29Z</time>
   </trkpt>
   <trkpt lat="22.5742970" lon="88.3646090">
    <ele>8.3</ele>
    <time>2026-03-14T14:46:30Z</time>
   </trkpt>
   <trkpt lat="22.5742990" lon="88.3646070">
    <ele>8.3</ele>
    <time>2026-03-14T14:46:31Z</time>
   </trkpt>
   <trkpt lat="22.5742990" lon="88.3645980">
    <ele>8.3</ele>
    <time>2026-03-14T14:46:32Z</time>
   </trkpt>
   <trkpt lat="22.5742970" lon="88.3646010">
    <ele>8.3</ele>
    <time>2026-03-14T14:46:33Z</time>
   </trkpt>
   <trkpt lat="22.5743030" lon="88.3645980">
    <ele>8.3</ele>
    <time>2026-03-14T14:46:34Z</time>
   </trkpt>
   <trkpt lat="22.5743080" lon="88.3645920">
    <ele>8.3</ele>
    <time>2026-03-14T14:46:35Z</time>
   </trkpt>
   <trkpt lat="22.5743090" lon="88.3645940">
    <ele>8.3</ele>
    <time>2026-03-14T14:46:36Z</time>
   </trkpt>
   <trkpt lat="22.5743100" lon="88.3645950">
    <ele>8.3</ele>
    <time>2026-03-14T14:46:37Z</time>
   </trkpt>
   <trkpt lat="22.5743150" lon="88.3645850">
    <ele>8.3</ele>
    <time>2026-03-14T14:46:38Z</time>
   </trkpt>
   <trkpt lat="22.5743100" lon="88.3645850">
    <ele>8.3</ele>
    <time>2026-03-14T14:46:39Z</time>
   </trkpt>
   <trkpt lat="22.5743070" lon="88.3645890">
    <ele>8.3</ele>
    <time>2026-03-14T14:46:40Z</time>
   </trkpt>
   <trkpt lat="22.5743070" lon="88.3645870">
    <ele>8.3</ele>
    <time>2026-03-14T14:46:41Z</time>
   </trkpt>
   <trkpt lat="22.5743010" lon="88.3645870">
    <ele>8.2</ele>
    <time>2026-03-14T14:46:42Z</time>
   </trkpt>
   <trkpt lat="22.5742990" lon="88.3645790">
    <ele>8.2</ele>
    <time>2026-03-14T14:46:43Z</time>
   </trkpt>
   <trkpt lat="22.5743000" lon="88.3645740">
    <ele>8.2</ele>
    <time>2026-03-14T14:46:44Z</time>
   </trkpt>
   <trkpt lat="22.5742930" lon="88.3645810">
    <ele>8.2</ele>
    <time>2026-03-14T14:46:45Z</time>
   </trkpt>
   <trkpt lat="22.5742940" lon="88.3645810">
    <ele>8.2</ele>
    <time>2026-03-14T14:46:46Z</time>
   </trkpt>
   <trkpt lat="22.5742940" lon="88.3645810">
    <ele>8.2</ele>
    <time>2026-03-14T14:46:47Z</time>
   </trkpt>
   <trkpt lat="22.5742940" lon="88.3645810">
    <ele>8.2</ele>
    <time>2026-03-14T14:46:48Z</time>
   </trkpt>
   <trkpt lat="22.5742940" lon="88.3645810">
    <ele>8.2</ele>
    <time>2026-03-14T14:46:49Z</time>
   </trkpt>
   <trkpt lat="22.5742940" lon="88.3645810">
    <ele>8.2</ele>
    <time>2026-03-14T14:46:50Z</time>
   </trkpt>
   <trkpt lat="22.5743050" lon="88.3645670">
    <ele>8.2</ele>
    <time>2026-03-14T14:46:51Z</time>
   </trkpt>
   <trkpt lat="22.5743050" lon="88.3645510">
    <ele>8.2</ele>
    <time>2026-03-14T14:46:52Z</time>
   </trkpt>
   <trkpt lat="22.5743060" lon="88.3645450">
    <ele>8.2</ele>
    <time>2026-03-14T14:46:53Z</time>
   </trkpt>
   <trkpt lat="22.5743060" lon="88.3645440">
    <ele>8.2</ele>
    <time>2026-03-14T14:46:54Z</time>
   </trkpt>
   <trkpt lat="22.5743060" lon="88.3645440">
    <ele>8.2</ele>
    <time>2026-03-14T14:46:55Z</time>
   </trkpt>
   <trkpt lat="22.5743060" lon="88.3645440">
    <ele>8.2</ele>
    <time>2026-03-14T14:46:56Z</time>
   </trkpt>
   <trkpt lat="22.5743060" lon="88.3645440">
    <ele>8.2</ele>
    <time>2026-03-14T14:46:57Z</time>
   </trkpt>
   <trkpt lat="22.5743060" lon="88.3645440">
    <ele>8.2</ele>
    <time>2026-03-14T14:46:58Z</time>
   </trkpt>
   <trkpt lat="22.5743060" lon="88.3645440">
    <ele>8.2</ele>
    <time>2026-03-14T14:46:59Z</time>
   </trkpt>
   <trkpt lat="22.5743170" lon="88.3645430">
    <ele>8.1</ele>
    <time>2026-03-14T14:47:00Z</time>
   </trkpt>
   <trkpt lat="22.5743190" lon="88.3645470">
    <ele>8.1</ele>
    <time>2026-03-14T14:47:01Z</time>
   </trkpt>
   <trkpt lat="22.5743200" lon="88.3645490">
    <ele>8.1</ele>
    <time>2026-03-14T14:47:02Z</time>
   </trkpt>
   <trkpt lat="22.5743210" lon="88.3645510">
    <ele>8.1</ele>
    <time>2026-03-14T14:47:03Z</time>
   </trkpt>
   <trkpt lat="22.5743280" lon="88.3645650">
    <ele>8.1</ele>
    <time>2026-03-14T14:47:04Z</time>
   </trkpt>
   <trkpt lat="22.5743240" lon="88.3645790">
    <ele>8.1</ele>
    <time>2026-03-14T14:47:05Z</time>
   </trkpt>
   <trkpt lat="22.5743240" lon="88.3645850">
    <ele>8.1</ele>
    <time>2026-03-14T14:47:06Z</time>
   </trkpt>
   <trkpt lat="22.5743200" lon="88.3645950">
    <ele>8.1</ele>
    <time>2026-03-14T14:47:07Z</time>
   </trkpt>
   <trkpt lat="22.5743170" lon="88.3645940">
    <ele>8.1</ele>
    <time>2026-03-14T14:47:08Z</time>
   </trkpt>
   <trkpt lat="22.5743170" lon="88.3645970">
    <ele>8.0</ele>
    <time>2026-03-14T14:47:09Z</time>
   </trkpt>
   <trkpt lat="22.5743170" lon="88.3645900">
    <ele>8.0</ele>
    <time>2026-03-14T14:47:10Z</time>
   </trkpt>
   <trkpt lat="22.5743180" lon="88.3645860">
    <ele>8.0</ele>
    <time>2026-03-14T14:47:11Z</time>
   </trkpt>
   <trkpt lat="22.5743170" lon="88.3645810">
    <ele>8.0</ele>
    <time>2026-03-14T14:47:12Z</time>
   </trkpt>
   <trkpt lat="22.5743170" lon="88.3645810">
    <ele>8.0</ele>
    <time>2026-03-14T14:47:13Z</time>
   </trkpt>
   <trkpt lat="22.5743170" lon="88.3645810">
    <ele>8.0</ele>
    <time>2026-03-14T14:47:14Z</time>
   </trkpt>
   <trkpt lat="22.5743180" lon="88.3645810">
    <ele>8.0</ele>
    <time>2026-03-14T14:47:15Z</time>
   </trkpt>
   <trkpt lat="22.5743190" lon="88.3645810">
    <ele>8.0</ele>
    <time>2026-03-14T14:47:16Z</time>
   </trkpt>
   <trkpt lat="22.5743180" lon="88.3645830">
    <ele>8.0</ele>
    <time>2026-03-14T14:47:17Z</time>
   </trkpt>
   <trkpt lat="22.5743170" lon="88.3645840">
    <ele>8.0</ele>
    <time>2026-03-14T14:47:18Z</time>
   </trkpt>
   <trkpt lat="22.5743190" lon="88.3645840">
    <ele>8.0</ele>
    <time>2026-03-14T14:47:19Z</time>
   </trkpt>
   <trkpt lat="22.5743190" lon="88.3645820">
    <ele>8.0</ele>
    <time>2026-03-14T14:47:20Z</time>
   </trkpt>
   <trkpt lat="22.5743660" lon="88.3645670">
    <ele>7.9</ele>
    <time>2026-03-14T14:51:00Z</time>
   </trkpt>
   <trkpt lat="22.5743760" lon="88.3645770">
    <ele>7.9</ele>
    <time>2026-03-14T14:51:01Z</time>
   </trkpt>
   <trkpt lat="22.5743850" lon="88.3645630">
    <ele>7.9</ele>
    <time>2026-03-14T14:51:02Z</time>
   </trkpt>
   <trkpt lat="22.5743730" lon="88.3645600">
    <ele>7.9</ele>
    <time>2026-03-14T14:51:03Z</time>
   </trkpt>
   <trkpt lat="22.5743660" lon="88.3645580">
    <ele>7.9</ele>
    <time>2026-03-14T14:51:04Z</time>
   </trkpt>
   <trkpt lat="22.5743530" lon="88.3645620">
    <ele>7.8</ele>
    <time>2026-03-14T14:51:05Z</time>
   </trkpt>
   <trkpt lat="22.5742990" lon="88.3645520">
    <ele>7.8</ele>
    <time>2026-03-14T14:51:06Z</time>
   </trkpt>
   <trkpt lat="22.5742820" lon="88.3645520">
    <ele>7.7</ele>
    <time>2026-03-14T14:51:07Z</time>
   </trkpt>
   <trkpt lat="22.5742640" lon="88.3645490">
    <ele>7.7</ele>
    <time>2026-03-14T14:51:08Z</time>
   </trkpt>
   <trkpt lat="22.5742450" lon="88.3645460">
    <ele>7.7</ele>
    <time>2026-03-14T14:51:09Z</time>
   </trkpt>
   <trkpt lat="22.5742280" lon="88.3645450">
    <ele>7.7</ele>
    <time>2026-03-14T14:51:10Z</time>
   </trkpt>
   <trkpt lat="22.5742130" lon="88.3645450">
    <ele>7.6</ele>
    <time>2026-03-14T14:51:11Z</time>
   </trkpt>
   <trkpt lat="22.5741970" lon="88.3645420">
    <ele>7.6</ele>
    <time>2026-03-14T14:51:12Z</time>
   </trkpt>
   <trkpt lat="22.5741870" lon="88.3645430">
    <ele>7.6</ele>
    <time>2026-03-14T14:51:13Z</time>
   </trkpt>
   <trkpt lat="22.5741650" lon="88.3645270">
    <ele>7.5</ele>
    <time>2026-03-14T14:51:14Z</time>
   </trkpt>
   <trkpt lat="22.5741430" lon="88.3645060">
    <ele>7.5</ele>
    <time>2026-03-14T14:51:15Z</time>
   </trkpt>
   <trkpt lat="22.5741370" lon="88.3644990">
    <ele>7.5</ele>
    <time>2026-03-14T14:51:16Z</time>
   </trkpt>
   <trkpt lat="22.5741250" lon="88.3644870">
    <ele>7.5</ele>
    <time>2026-03-14T14:51:17Z</time>
   </trkpt>
   <trkpt lat="22.5741080" lon="88.3644820">
    <ele>7.4</ele>
    <time>2026-03-14T14:51:18Z</time>
   </trkpt>
   <trkpt lat="22.5740860" lon="88.3644650">
    <ele>7.4</ele>
    <time>2026-03-14T14:51:19Z</time>
   </trkpt>
   <trkpt lat="22.5740790" lon="88.3644580">
    <ele>7.4</ele>
    <time>2026-03-14T14:51:20Z</time>
   </trkpt>
   <trkpt lat="22.5740570" lon="88.3644300">
    <ele>7.3</ele>
    <time>2026-03-14T14:51:21Z</time>
   </trkpt>
   <trkpt lat="22.5740490" lon="88.3644230">
    <ele>7.3</ele>
    <time>2026-03-14T14:51:22Z</time>
   </trkpt>
   <trkpt lat="22.5740290" lon="88.3644090">
    <ele>7.3</ele>
    <time>2026-03-14T14:51:23Z</time>
   </trkpt>
   <trkpt lat="22.5740220" lon="88.3644050">
    <ele>7.3</ele>
    <time>2026-03-14T14:51:24Z</time>
   </trkpt>
   <trkpt lat="22.5740140" lon="88.3644010">
    <ele>7.3</ele>
    <time>2026-03-14T14:51:25Z</time>
   </trkpt>
   <trkpt lat="22.5740000" lon="88.3643970">
    <ele>7.2</ele>
    <time>2026-03-14T14:51:26Z</time>
   </trkpt>
   <trkpt lat="22.5739860" lon="88.3643950">
    <ele>7.2</ele>
    <time>2026-03-14T14:51:27Z</time>
   </trkpt>
   <trkpt lat="22.5739780" lon="88.3643970">
    <ele>7.2</ele>
    <time>2026-03-14T14:51:28Z</time>
   </trkpt>
   <trkpt lat="22.5739700" lon="88.3644000">
    <ele>7.2</ele>
    <time>2026-03-14T14:51:29Z</time>
   </trkpt>
   <trkpt lat="22.5739610" lon="88.3644070">
    <ele>7.2</ele>
    <time>2026-03-14T14:51:30Z</time>
   </trkpt>
   <trkpt lat="22.5739240" lon="88.3644160">
    <ele>7.1</ele>
    <time>2026-03-14T14:51:31Z</time>
   </trkpt>
   <trkpt lat="22.5738980" lon="88.3644140">
    <ele>7.1</ele>
    <time>2026-03-14T14:51:32Z</time>
   </trkpt>
   <trkpt lat="22.5738710" lon="88.3644130">
    <ele>7.5</ele>
    <time>2026-03-14T14:51:33Z</time>
   </trkpt>
   <trkpt lat="22.5738730" lon="88.3644470">
    <ele>7.8</ele>
    <time>2026-03-14T14:51:34Z</time>
   </trkpt>
   <trkpt lat="22.5738790" lon="88.3644570">
    <ele>7.9</ele>
    <time>2026-03-14T14:51:35Z</time>
   </trkpt>
   <trkpt lat="22.5738830" lon="88.3644710">
    <ele>8.1</ele>
    <time>2026-03-14T14:51:36Z</time>
   </trkpt>
   <trkpt lat="22.5738710" lon="88.3644950">
    <ele>8.4</ele>
    <time>2026-03-14T14:51:37Z</time>
   </trkpt>
   <trkpt lat="22.5738340" lon="88.3644950">
    <ele>8.8</ele>
    <time>2026-03-14T14:51:38Z</time>
   </trkpt>
   <trkpt lat="22.5738270" lon="88.3644870">
    <ele>8.9</ele>
    <time>2026-03-14T14:51:39Z</time>
   </trkpt>
   <trkpt lat="22.5738140" lon="88.3644940">
    <ele>9.1</ele>
    <time>2026-03-14T14:51:40Z</time>
   </trkpt>
   <trkpt lat="22.5738000" lon="88.3645060">
    <ele>9.3</ele>
    <time>2026-03-14T14:51:41Z</time>
   </trkpt>
   <trkpt lat="22.5737960" lon="88.3645120">
    <ele>9.3</ele>
    <time>2026-03-14T14:51:42Z</time>
   </trkpt>
   <trkpt lat="22.5737970" lon="88.3645130">
    <ele>9.4</ele>
    <time>2026-03-14T14:51:43Z</time>
   </trkpt>
   <trkpt lat="22.5737990" lon="88.3645200">
    <ele>9.4</ele>
    <time>2026-03-14T14:51:44Z</time>
   </trkpt>
   <trkpt lat="22.5737970" lon="88.3645140">
    <ele>9.5</ele>
    <time>2026-03-14T14:51:45Z</time>
   </trkpt>
   <trkpt lat="22.5737990" lon="88.3645160">
    <ele>9.5</ele>
    <time>2026-03-14T14:51:46Z</time>
   </trkpt>
   <trkpt lat="22.5737750" lon="88.3645150">
    <ele>9.8</ele>
    <time>2026-03-14T14:51:47Z</time>
   </trkpt>
   <trkpt lat="22.5737500" lon="88.3645290">
    <ele>10.1</ele>
    <time>2026-03-14T14:51:48Z</time>
   </trkpt>
   <trkpt lat="22.5737400" lon="88.3645330">
    <ele>10.2</ele>
    <time>2026-03-14T14:51:49Z</time>
   </trkpt>
   <trkpt lat="22.5737240" lon="88.3645420">
    <ele>10.4</ele>
    <time>2026-03-14T14:51:50Z</time>
   </trkpt>
   <trkpt lat="22.5737160" lon="88.3645480">
    <ele>10.5</ele>
    <time>2026-03-14T14:51:51Z</time>
   </trkpt>
   <trkpt lat="22.5737080" lon="88.3645540">
    <ele>10.7</ele>
    <time>2026-03-14T14:51:52Z</time>
   </trkpt>
   <trkpt lat="22.5736950" lon="88.3645610">
    <ele>10.8</ele>
    <time>2026-03-14T14:51:53Z</time>
   </trkpt>
   <trkpt lat="22.5736930" lon="88.3645720">
    <ele>10.9</ele>
    <time>2026-03-14T14:51:54Z</time>
   </trkpt>
   <trkpt lat="22.5736720" lon="88.3645590">
    <ele>11.1</ele>
    <time>2026-03-14T14:51:55Z</time>
   </trkpt>
   <trkpt lat="22.5736500" lon="88.3645430">
    <ele>11.2</ele>
    <time>2026-03-14T14:51:56Z</time>
   </trkpt>
   <trkpt lat="22.5736400" lon="88.3645380">
    <ele>11.2</ele>
    <time>2026-03-14T14:51:57Z</time>
   </trkpt>
   <trkpt lat="22.5736220" lon="88.3645200">
    <ele>11.3</ele>
    <time>2026-03-14T14:51:58Z</time>
   </trkpt>
   <trkpt lat="22.5736200" lon="88.3645110">
    <ele>11.4</ele>
    <time>2026-03-14T14:51:59Z</time>
   </trkpt>
   <trkpt lat="22.5736190" lon="88.3645020">
    <ele>11.4</ele>
    <time>2026-03-14T14:52:00Z</time>
   </trkpt>
   <trkpt lat="22.5736060" lon="88.3644840">
    <ele>11.5</ele>
    <time>2026-03-14T14:52:01Z</time>
   </trkpt>
   <trkpt lat="22.5735970" lon="88.3644820">
    <ele>11.5</ele>
    <time>2026-03-14T14:52:02Z</time>
   </trkpt>
   <trkpt lat="22.5735880" lon="88.3644800">
    <ele>11.6</ele>
    <time>2026-03-14T14:52:03Z</time>
   </trkpt>
   <trkpt lat="22.5735820" lon="88.3644860">
    <ele>11.6</ele>
    <time>2026-03-14T14:52:04Z</time>
   </trkpt>
   <trkpt lat="22.5735780" lon="88.3644820">
    <ele>11.6</ele>
    <time>2026-03-14T14:52:05Z</time>
   </trkpt>
   <trkpt lat="22.5735570" lon="88.3644770">
    <ele>11.7</ele>
    <time>2026-03-14T14:52:06Z</time>
   </trkpt>
   <trkpt lat="22.5735510" lon="88.3644800">
    <ele>11.7</ele>
    <time>2026-03-14T14:52:07Z</time>
   </trkpt>
   <trkpt lat="22.5735460" lon="88.3644850">
    <ele>11.8</ele>
    <time>2026-03-14T14:52:08Z</time>
   </trkpt>
   <trkpt lat="22.5735300" lon="88.3644670">
    <ele>11.9</ele>
    <time>2026-03-14T14:52:09Z</time>
   </trkpt>
   <trkpt lat="22.5735320" lon="88.3644570">
    <ele>11.9</ele>
    <time>2026-03-14T14:52:10Z</time>
   </trkpt>
   <trkpt lat="22.5735280" lon="88.3644500">
    <ele>11.9</ele>
    <time>2026-03-14T14:52:11Z</time>
   </trkpt>
   <trkpt lat="22.5735180" lon="88.3644390">
    <ele>12.0</ele>
    <time>2026-03-14T14:52:12Z</time>
   </trkpt>
   <trkpt lat="22.5735080" lon="88.3644190">
    <ele>12.1</ele>
    <time>2026-03-14T14:52:13Z</time>
   </trkpt>
   <trkpt lat="22.5735010" lon="88.3644110">
    <ele>12.1</ele>
    <time>2026-03-14T14:52:14Z</time>
   </trkpt>
   <trkpt lat="22.5734940" lon="88.3644030">
    <ele>12.2</ele>
    <time>2026-03-14T14:52:15Z</time>
   </trkpt>
   <trkpt lat="22.5734660" lon="88.3643940">
    <ele>12.3</ele>
    <time>2026-03-14T14:52:16Z</time>
   </trkpt>
   <trkpt lat="22.5734530" lon="88.3643930">
    <ele>12.3</ele>
    <time>2026-03-14T14:52:17Z</time>
   </trkpt>
   <trkpt lat="22.5734180" lon="88.3643890">
    <ele>12.5</ele>
    <time>2026-03-14T14:52:18Z</time>
   </trkpt>
   <trkpt lat="22.5734090" lon="88.3643860">
    <ele>12.5</ele>
    <time>2026-03-14T14:52:19Z</time>
   </trkpt>
   <trkpt lat="22.5734150" lon="88.3643850">
    <ele>12.6</ele>
    <time>2026-03-14T14:52:20Z</time>
   </trkpt>
   <trkpt lat="22.5734090" lon="88.3643780">
    <ele>12.6</ele>
    <time>2026-03-14T14:52:21Z</time>
   </trkpt>
   <trkpt lat="22.5734180" lon="88.3643620">
    <ele>12.7</ele>
    <time>2026-03-14T14:52:22Z</time>
   </trkpt>
   <trkpt lat="22.5734220" lon="88.3643570">
    <ele>12.7</ele>
    <time>2026-03-14T14:52:23Z</time>
   </trkpt>
   <trkpt lat="22.5734040" lon="88.3643280">
    <ele>12.8</ele>
    <time>2026-03-14T14:52:24Z</time>
   </trkpt>
   <trkpt lat="22.5734040" lon="88.3642940">
    <ele>13.0</ele>
    <time>2026-03-14T14:52:25Z</time>
   </trkpt>
   <trkpt lat="22.5734130" lon="88.3642680">
    <ele>13.1</ele>
    <time>2026-03-14T14:52:26Z</time>
   </trkpt>
   <trkpt lat="22.5734120" lon="88.3642890">
    <ele>13.1</ele>
    <time>2026-03-14T14:52:27Z</time>
   </trkpt>
   <trkpt lat="22.5733950" lon="88.3642950">
    <ele>13.2</ele>
    <time>2026-03-14T14:52:28Z</time>
   </trkpt>
   <trkpt lat="22.5733610" lon="88.3642960">
    <ele>13.4</ele>
    <time>2026-03-14T14:52:29Z</time>
   </trkpt>
   <trkpt lat="22.5733360" lon="88.3643040">
    <ele>13.5</ele>
    <time>2026-03-14T14:52:30Z</time>
   </trkpt>
   <trkpt lat="22.5733050" lon="88.3643100">
    <ele>13.6</ele>
    <time>2026-03-14T14:52:31Z</time>
   </trkpt>
   <trkpt lat="22.5732770" lon="88.3643040">
    <ele>13.7</ele>
    <time>2026-03-14T14:52:32Z</time>
   </trkpt>
   <trkpt lat="22.5732370" lon="88.3643170">
    <ele>13.9</ele>
    <time>2026-03-14T14:52:33Z</time>
   </trkpt>
   <trkpt lat="22.5732220" lon="88.3643270">
    <ele>14.0</ele>
    <time>2026-03-14T14:52:34Z</time>
   </trkpt>
   <trkpt lat="22.5732030" lon="88.3643260">
    <ele>14.0</ele>
    <time>2026-03-14T14:52:35Z</time>
   </trkpt>
   <trkpt lat="22.5731880" lon="88.3643270">
    <ele>14.0</ele>
    <time>2026-03-14T14:52:36Z</time>
   </trkpt>
   <trkpt lat="22.5731820" lon="88.3643380">
    <ele>14.0</ele>
    <time>2026-03-14T14:52:37Z</time>
   </trkpt>
   <trkpt lat="22.5731800" lon="88.3643560">
    <ele>14.0</ele>
    <time>2026-03-14T14:52:38Z</time>
   </trkpt>
   <trkpt lat="22.5731580" lon="88.3643740">
    <ele>14.0</ele>
    <time>2026-03-14T14:52:39Z</time>
   </trkpt>
   <trkpt lat="22.5731490" lon="88.3643800">
    <ele>14.0</ele>
    <time>2026-03-14T14:52:40Z</time>
   </trkpt>
   <trkpt lat="22.5731490" lon="88.3644100">
    <ele>14.0</ele>
    <time>2026-03-14T14:52:41Z</time>
   </trkpt>
   <trkpt lat="22.5731500" lon="88.3644210">
    <ele>14.0</ele>
    <time>2026-03-14T14:52:42Z</time>
   </trkpt>
   <trkpt lat="22.5731450" lon="88.3644320">
    <ele>14.0</ele>
    <time>2026-03-14T14:52:43Z</time>
   </trkpt>
   <trkpt lat="22.5731450" lon="88.3644510">
    <ele>14.0</ele>
    <time>2026-03-14T14:52:44Z</time>
   </trkpt>
   <trkpt lat="22.5731450" lon="88.3644650">
    <ele>14.0</ele>
    <time>2026-03-14T14:52:45Z</time>
   </trkpt>
   <trkpt lat="22.5731430" lon="88.3644760">
    <ele>14.0</ele>
    <time>2026-03-14T14:52:46Z</time>
   </trkpt>
   <trkpt lat="22.5731450" lon="88.3644910">
    <ele>14.0</ele>
    <time>2026-03-14T14:52:47Z</time>
   </trkpt>
   <trkpt lat="22.5731400" lon="88.3645020">
    <ele>14.0</ele>
    <time>2026-03-14T14:52:48Z</time>
   </trkpt>
   <trkpt lat="22.5731370" lon="88.3645130">
    <ele>14.0</ele>
    <time>2026-03-14T14:52:49Z</time>
   </trkpt>
   <trkpt lat="22.5731370" lon="88.3645260">
    <ele>14.0</ele>
    <time>2026-03-14T14:52:50Z</time>
   </trkpt>
   <trkpt lat="22.5731320" lon="88.3645480">
    <ele>14.0</ele>
    <time>2026-03-14T14:52:51Z</time>
   </trkpt>
   <trkpt lat="22.5731300" lon="88.3645580">
    <ele>14.0</ele>
    <time>2026-03-14T14:52:52Z</time>
   </trkpt>
   <trkpt lat="22.5731290" lon="88.3645680">
    <ele>14.0</ele>
    <time>2026-03-14T14:52:53Z</time>
   </trkpt>
   <trkpt lat="22.5731170" lon="88.3645870">
    <ele>14.0</ele>
    <time>2026-03-14T14:52:54Z</time>
   </trkpt>
   <trkpt lat="22.5731170" lon="88.3646020">
    <ele>14.0</ele>
    <time>2026-03-14T14:52:55Z</time>
   </trkpt>
   <trkpt lat="22.5731110" lon="88.3646160">
    <ele>14.0</ele>
    <time>2026-03-14T14:52:56Z</time>
   </trkpt>
   <trkpt lat="22.5731130" lon="88.3646340">
    <ele>14.0</ele>
    <time>2026-03-14T14:52:57Z</time>
   </trkpt>
   <trkpt lat="22.5730790" lon="88.3646390">
    <ele>14.0</ele>
    <time>2026-03-14T14:52:58Z</time>
   </trkpt>
   <trkpt lat="22.5730700" lon="88.3646370">
    <ele>14.0</ele>
    <time>2026-03-14T14:52:59Z</time>
   </trkpt>
   <trkpt lat="22.5730620" lon="88.3646200">
    <ele>14.0</ele>
    <time>2026-03-14T14:53:00Z</time>
   </trkpt>
   <trkpt lat="22.5730550" lon="88.3646170">
    <ele>14.0</ele>
    <time>2026-03-14T14:53:01Z</time>
   </trkpt>
   <trkpt lat="22.5730490" lon="88.3646130">
    <ele>14.0</ele>
    <time>2026-03-14T14:53:02Z</time>
   </trkpt>
   <trkpt lat="22.5730420" lon="88.3646100">
    <ele>14.0</ele>
    <time>2026-03-14T14:53:03Z</time>
   </trkpt>
   <trkpt lat="22.5730290" lon="88.3646040">
    <ele>14.0</ele>
    <time>2026-03-14T14:53:04Z</time>
   </trkpt>
   <trkpt lat="22.5730220" lon="88.3646000">
    <ele>14.0</ele>
    <time>2026-03-14T14:53:05Z</time>
   </trkpt>
   <trkpt lat="22.5730140" lon="88.3645970">
    <ele>14.0</ele>
    <time>2026-03-14T14:53:06Z</time>
   </trkpt>
   <trkpt lat="22.5730070" lon="88.3645940">
    <ele>14.0</ele>
    <time>2026-03-14T14:53:07Z</time>
   </trkpt>
   <trkpt lat="22.5729920" lon="88.3645880">
    <ele>14.0</ele>
    <time>2026-03-14T14:53:08Z</time>
   </trkpt>
   <trkpt lat="22.5729810" lon="88.3645810">
    <ele>14.0</ele>
    <time>2026-03-14T14:53:09Z</time>
   </trkpt>
   <trkpt lat="22.5729640" lon="88.3645810">
    <ele>14.0</ele>
    <time>2026-03-14T14:53:10Z</time>
   </trkpt>
   <trkpt lat="22.5729470" lon="88.3645880">
    <ele>14.0</ele>
    <time>2026-03-14T14:53:11Z</time>
   </trkpt>
   <trkpt lat="22.5729330" lon="88.3645920">
    <ele>14.0</ele>
    <time>2026-03-14T14:53:12Z</time>
   </trkpt>
   <trkpt lat="22.5729190" lon="88.3645840">
    <ele>14.0</ele>
    <time>2026-03-14T14:53:13Z</time>
   </trkpt>
   <trkpt lat="22.5729000" lon="88.3645760">
    <ele>14.0</ele>
    <time>2026-03-14T14:53:14Z</time>
   </trkpt>
   <trkpt lat="22.5728930" lon="88.3645700">
    <ele>14.0</ele>
    <time>2026-03-14T14:53:15Z</time>
   </trkpt>
   <trkpt lat="22.5728860" lon="88.3645640">
    <ele>14.0</ele>
    <time>2026-03-14T14:53:16Z</time>
   </trkpt>
   <trkpt lat="22.5728770" lon="88.3645490">
    <ele>14.0</ele>
    <time>2026-03-14T14:53:17Z</time>
   </trkpt>
   <trkpt lat="22.5728720" lon="88.3645340">
    <ele>14.0</ele>
    <time>2026-03-14T14:53:18Z</time>
   </trkpt>
   <trkpt lat="22.5728570" lon="88.3645320">
    <ele>14.0</ele>
    <time>2026-03-14T14:53:19Z</time>
   </trkpt>
   <trkpt lat="22.5728460" lon="88.3645230">
    <ele>14.0</ele>
    <time>2026-03-14T14:53:20Z</time>
   </trkpt>
   <trkpt lat="22.5728320" lon="88.3645220">
    <ele>14.0</ele>
    <time>2026-03-14T14:53:21Z</time>
   </trkpt>
   <trkpt lat="22.5728180" lon="88.3645150">
    <ele>14.0</ele>
    <time>2026-03-14T14:53:22Z</time>
   </trkpt>
   <trkpt lat="22.5728060" lon="88.3645110">
    <ele>14.0</ele>
    <time>2026-03-14T14:53:23Z</time>
   </trkpt>
   <trkpt lat="22.5727990" lon="88.3645010">
    <ele>14.0</ele>
    <time>2026-03-14T14:53:24Z</time>
   </trkpt>
   <trkpt lat="22.5727850" lon="88.3644970">
    <ele>14.0</ele>
    <time>2026-03-14T14:53:25Z</time>
   </trkpt>
   <trkpt lat="22.5727610" lon="88.3645100">
    <ele>14.0</ele>
    <time>2026-03-14T14:53:26Z</time>
   </trkpt>
   <trkpt lat="22.5727520" lon="88.3645300">
    <ele>14.0</ele>
    <time>2026-03-14T14:53:27Z</time>
   </trkpt>
   <trkpt lat="22.5727420" lon="88.3645360">
    <ele>14.0</ele>
    <time>2026-03-14T14:53:28Z</time>
   </trkpt>
   <trkpt lat="22.5727290" lon="88.3645220">
    <ele>14.0</ele>
    <time>2026-03-14T14:53:29Z</time>
   </trkpt>
   <trkpt lat="22.5727250" lon="88.3645120">
    <ele>14.0</ele>
    <time>2026-03-14T14:53:30Z</time>
   </trkpt>
   <trkpt lat="22.5727130" lon="88.3645020">
    <ele>14.0</ele>
    <time>2026-03-14T14:53:31Z</time>
   </trkpt>
   <trkpt lat="22.5726990" lon="88.3644960">
    <ele>14.1</ele>
    <time>2026-03-14T14:53:32Z</time>
   </trkpt>
   <trkpt lat="22.5726760" lon="88.3644760">
    <ele>14.1</ele>
    <time>2026-03-14T14:53:33Z</time>
   </trkpt>
   <trkpt lat="22.5726550" lon="88.3644550">
    <ele>14.1</ele>
    <time>2026-03-14T14:53:34Z</time>
   </trkpt>
   <trkpt lat="22.5726420" lon="88.3644530">
    <ele>14.1</ele>
    <time>2026-03-14T14:53:35Z</time>
   </trkpt>
   <trkpt lat="22.5726290" lon="88.3644420">
    <ele>14.1</ele>
    <time>2026-03-14T14:53:36Z</time>
   </trkpt>
   <trkpt lat="22.5726210" lon="88.3644310">
    <ele>14.1</ele>
    <time>2026-03-14T14:53:37Z</time>
   </trkpt>
   <trkpt lat="22.5726000" lon="88.3644320">
    <ele>14.2</ele>
    <time>2026-03-14T14:53:38Z</time>
   </trkpt>
   <trkpt lat="22.5725690" lon="88.3644420">
    <ele>14.2</ele>
    <time>2026-03-14T14:53:39Z</time>
   </trkpt>
   <trkpt lat="22.5725600" lon="88.3644450">
    <ele>14.2</ele>
    <time>2026-03-14T14:53:40Z</time>
   </trkpt>
   <trkpt lat="22.5725740" lon="88.3644320">
    <ele>14.2</ele>
    <time>2026-03-14T14:53:41Z</time>
   </trkpt>
   <trkpt lat="22.5725840" lon="88.3644190">
    <ele>14.2</ele>
    <time>2026-03-14T14:53:42Z</time>
   </trkpt>
   <trkpt lat="22.5725930" lon="88.3644070">
    <ele>14.2</ele>
    <time>2026-03-14T14:53:43Z</time>
   </trkpt>
   <trkpt lat="22.5726110" lon="88.3643750">
    <ele>14.3</ele>
    <time>2026-03-14T14:53:44Z</time>
   </trkpt>
   <trkpt lat="22.5726160" lon="88.3643630">
    <ele>14.3</ele>
    <time>2026-03-14T14:53:45Z</time>
   </trkpt>
   <trkpt lat="22.5726100" lon="88.3643630">
    <ele>14.3</ele>
    <time>2026-03-14T14:53:46Z</time>
   </trkpt>
   <trkpt lat="22.5726060" lon="88.3643500">
    <ele>14.3</ele>
    <time>2026-03-14T14:53:47Z</time>
   </trkpt>
   <trkpt lat="22.5726030" lon="88.3643450">
    <ele>14.3</ele>
    <time>2026-03-14T14:53:48Z</time>
   </trkpt>
   <trkpt lat="22.5725970" lon="88.3643320">
    <ele>14.3</ele>
    <time>2026-03-14T14:53:49Z</time>
   </trkpt>
   <trkpt lat="22.5725900" lon="88.3643040">
    <ele>14.3</ele>
    <time>2026-03-14T14:53:50Z</time>
   </trkpt>
   <trkpt lat="22.5725870" lon="88.3642890">
    <ele>14.3</ele>
    <time>2026-03-14T14:53:51Z</time>
   </trkpt>
   <trkpt lat="22.5725800" lon="88.3642760">
    <ele>14.4</ele>
    <time>2026-03-14T14:53:52Z</time>
   </trkpt>
   <trkpt lat="22.5725720" lon="88.3642660">
    <ele>14.4</ele>
    <time>2026-03-14T14:53:53Z</time>
   </trkpt>
   <trkpt lat="22.5725630" lon="88.3642520">
    <ele>14.4</ele>
    <time>2026-03-14T14:53:54Z</time>
   </trkpt>
   <trkpt lat="22.5725400" lon="88.3642340">
    <ele>14.4</ele>
    <time>2026-03-14T14:53:55Z</time>
   </trkpt>
   <trkpt lat="22.5725280" lon="88.3642320">
    <ele>14.4</ele>
    <time>2026-03-14T14:53:56Z</time>
   </trkpt>
   <trkpt lat="22.5725050" lon="88.3642320">
    <ele>14.4</ele>
    <time>2026-03-14T14:53:57Z</time>
   </trkpt>
   <trkpt lat="22.5724960" lon="88.3642230">
    <ele>14.5</ele>
    <time>2026-03-14T14:53:58Z</time>
   </trkpt>
   <trkpt lat="22.5724790" lon="88.3642290">
    <ele>14.5</ele>
    <time>2026-03-14T14:53:59Z</time>
   </trkpt>
   <trkpt lat="22.5724660" lon="88.3642300">
    <ele>14.5</ele>
    <time>2026-03-14T14:54:00Z</time>
   </trkpt>
   <trkpt lat="22.5724540" lon="88.3642240">
    <ele>14.5</ele>
    <time>2026-03-14T14:54:01Z</time>
   </trkpt>
   <trkpt lat="22.5724320" lon="88.3642300">
    <ele>14.5</ele>
    <time>2026-03-14T14:54:02Z</time>
   </trkpt>
   <trkpt lat="22.5724170" lon="88.3642330">
    <ele>14.5</ele>
    <time>2026-03-14T14:54:03Z</time>
   </trkpt>
   <trkpt lat="22.5724010" lon="88.3642270">
    <ele>14.5</ele>
    <time>2026-03-14T14:54:04Z</time>
   </trkpt>
   <trkpt lat="22.5723930" lon="88.3642140">
    <ele>14.6</ele>
    <time>2026-03-14T14:54:05Z</time>
   </trkpt>
   <trkpt lat="22.5723800" lon="88.3642000">
    <ele>14.6</ele>
    <time>2026-03-14T14:54:06Z</time>
   </trkpt>
   <trkpt lat="22.5723610" lon="88.3641900">
    <ele>14.6</ele>
    <time>2026-03-14T14:54:07Z</time>
   </trkpt>
   <trkpt lat="22.5723550" lon="88.3641830">
    <ele>14.6</ele>
    <time>2026-03-14T14:54:08Z</time>
   </trkpt>
   <trkpt lat="22.5723490" lon="88.3641770">
    <ele>14.6</ele>
    <time>2026-03-14T14:54:09Z</time>
   </trkpt>
   <trkpt lat="22.5723290" lon="88.3641620">
    <ele>14.6</ele>
    <time>2026-03-14T14:54:10Z</time>
   </trkpt>
   <trkpt lat="22.5723220" lon="88.3641580">
    <ele>14.6</ele>
    <time>2026-03-14T14:54:11Z</time>
   </trkpt>
   <trkpt lat="22.5723150" lon="88.3641530">
    <ele>14.6</ele>
    <time>2026-03-14T14:54:12Z</time>
   </trkpt>
   <trkpt lat="22.5723060" lon="88.3641470">
    <ele>14.6</ele>
    <time>2026-03-14T14:54:13Z</time>
   </trkpt>
   <trkpt lat="22.5722820" lon="88.3641500">
    <ele>14.7</ele>
    <time>2026-03-14T14:54:14Z</time>
   </trkpt>
   <trkpt lat="22.5722630" lon="88.3641500">
    <ele>14.7</ele>
    <time>2026-03-14T14:54:15Z</time>
   </trkpt>
   <trkpt lat="22.5722480" lon="88.3641520">
    <ele>14.7</ele>
    <time>2026-03-14T14:54:16Z</time>
   </trkpt>
   <trkpt lat="22.5722330" lon="88.3641480">
    <ele>14.7</ele>
    <time>2026-03-14T14:54:17Z</time>
   </trkpt>
   <trkpt lat="22.5722260" lon="88.3641450">
    <ele>14.7</ele>
    <time>2026-03-14T14:54:18Z</time>
   </trkpt>
   <trkpt lat="22.5722200" lon="88.3641410">
    <ele>14.7</ele>
    <time>2026-03-14T14:54:19Z</time>
   </trkpt>
   <trkpt lat="22.5722130" lon="88.3641380">
    <ele>14.7</ele>
    <time>2026-03-14T14:54:20Z</time>
   </trkpt>
   <trkpt lat="22.5721960" lon="88.3641440">
    <ele>14.6</ele>
    <time>2026-03-14T14:54:21Z</time>
   </trkpt>
   <trkpt lat="22.5721840" lon="88.3641390">
    <ele>14.6</ele>
    <time>2026-03-14T14:54:22Z</time>
   </trkpt>
   <trkpt lat="22.5721790" lon="88.3641380">
    <ele>14.6</ele>
    <time>2026-03-14T14:54:23Z</time>
   </trkpt>
   <trkpt lat="22.5721640" lon="88.3641350">
    <ele>14.6</ele>
    <time>2026-03-14T14:54:24Z</time>
   </trkpt>
   <trkpt lat="22.5721520" lon="88.3641320">
    <ele>14.5</ele>
    <time>2026-03-14T14:54:25Z</time>
   </trkpt>
   <trkpt lat="22.5721370" lon="88.3641310">
    <ele>14.5</ele>
    <time>2026-03-14T14:54:26Z</time>
   </trkpt>
   <trkpt lat="22.5721220" lon="88.3641310">
    <ele>14.4</ele>
    <time>2026-03-14T14:54:27Z</time>
   </trkpt>
   <trkpt lat="22.5721070" lon="88.3641260">
    <ele>14.4</ele>
    <time>2026-03-14T14:54:28Z</time>
   </trkpt>
   <trkpt lat="22.5720960" lon="88.3641160">
    <ele>14.4</ele>
    <time>2026-03-14T14:54:29Z</time>
   </trkpt>
   <trkpt lat="22.5720800" lon="88.3641050">
    <ele>14.3</ele>
    <time>2026-03-14T14:54:30Z</time>
   </trkpt>
   <trkpt lat="22.5720690" lon="88.3640980">
    <ele>14.3</ele>
    <time>2026-03-14T14:54:31Z</time>
   </trkpt>
   <trkpt lat="22.5720590" lon="88.3640960">
    <ele>14.3</ele>
    <time>2026-03-14T14:54:32Z</time>
   </trkpt>
   <trkpt lat="22.5720640" lon="88.3640780">
    <ele>14.3</ele>
    <time>2026-03-14T14:54:33Z</time>
   </trkpt>
   <trkpt lat="22.5720660" lon="88.3640640">
    <ele>14.3</ele>
    <time>2026-03-14T14:54:34Z</time>
   </trkpt>
   <trkpt lat="22.5720750" lon="88.3640520">
    <ele>14.3</ele>
    <time>2026-03-14T14:54:35Z</time>
   </trkpt>
   <trkpt lat="22.5720810" lon="88.3640330">
    <ele>14.4</ele>
    <time>2026-03-14T14:54:36Z</time>
   </trkpt>
   <trkpt lat="22.5720830" lon="88.3640210">
    <ele>14.4</ele>
    <time>2026-03-14T14:54:37Z</time>
   </trkpt>
   <trkpt lat="22.5720860" lon="88.3640080">
    <ele>14.4</ele>
    <time>2026-03-14T14:54:38Z</time>
   </trkpt>
   <trkpt lat="22.5720890" lon="88.3639950">
    <ele>14.4</ele>
    <time>2026-03-14T14:54:39Z</time>
   </trkpt>
   <trkpt lat="22.5720940" lon="88.3639840">
    <ele>14.4</ele>
    <time>2026-03-14T14:54:40Z</time>
   </trkpt>
   <trkpt lat="22.5720970" lon="88.3639690">
    <ele>14.4</ele>
    <time>2026-03-14T14:54:41Z</time>
   </trkpt>
   <trkpt lat="22.5720990" lon="88.3639590">
    <ele>14.5</ele>
    <time>2026-03-14T14:54:42Z</time>
   </trkpt>
   <trkpt lat="22.5720810" lon="88.3639370">
    <ele>14.5</ele>
    <time>2026-03-14T14:54:43Z</time>
   </trkpt>
   <trkpt lat="22.5720730" lon="88.3639280">
    <ele>14.5</ele>
    <time>2026-03-14T14:54:44Z</time>
   </trkpt>
   <trkpt lat="22.5720530" lon="88.3639030">
    <ele>14.6</ele>
    <time>2026-03-14T14:54:45Z</time>
   </trkpt>
   <trkpt lat="22.5720510" lon="88.3638950">
    <ele>14.6</ele>
    <time>2026-03-14T14:54:46Z</time>
   </trkpt>
   <trkpt lat="22.5720440" lon="88.3638850">
    <ele>14.6</ele>
    <time>2026-03-14T14:54:47Z</time>
   </trkpt>
   <trkpt lat="22.5720330" lon="88.3638730">
    <ele>14.6</ele>
    <time>2026-03-14T14:54:48Z</time>
   </trkpt>
   <trkpt lat="22.5720240" lon="88.3638680">
    <ele>14.6</ele>
    <time>2026-03-14T14:54:49Z</time>
   </trkpt>
   <trkpt lat="22.5720040" lon="88.3638580">
    <ele>14.6</ele>
    <time>2026-03-14T14:54:50Z</time>
   </trkpt>
   <trkpt lat="22.5720010" lon="88.3638490">
    <ele>14.5</ele>
    <time>2026-03-14T14:54:51Z</time>
   </trkpt>
   <trkpt lat="22.5719900" lon="88.3638360">
    <ele>14.5</ele>
    <time>2026-03-14T14:54:52Z</time>
   </trkpt>
   <trkpt lat="22.5719810" lon="88.3638250">
    <ele>14.5</ele>
    <time>2026-03-14T14:54:53Z</time>
   </trkpt>
   <trkpt lat="22.5719760" lon="88.3638120">
    <ele>14.5</ele>
    <time>2026-03-14T14:54:54Z</time>
   </trkpt>
   <trkpt lat="22.5719710" lon="88.3637960">
    <ele>14.5</ele>
    <time>2026-03-14T14:54:55Z</time>
   </trkpt>
   <trkpt lat="22.5719530" lon="88.3637940">
    <ele>14.5</ele>
    <time>2026-03-14T14:54:56Z</time>
   </trkpt>
   <trkpt lat="22.5719360" lon="88.3637970">
    <ele>14.5</ele>
    <time>2026-03-14T14:54:57Z</time>
   </trkpt>
   <trkpt lat="22.5719170" lon="88.3637870">
    <ele>14.4</ele>
    <time>2026-03-14T14:54:58Z</time>
   </trkpt>
   <trkpt lat="22.5719100" lon="88.3637830">
    <ele>14.4</ele>
    <time>2026-03-14T14:54:59Z</time>
   </trkpt>
   <trkpt lat="22.5719040" lon="88.3637780">
    <ele>14.4</ele>
    <time>2026-03-14T14:55:00Z</time>
   </trkpt>
   <trkpt lat="22.5718860" lon="88.3637700">
    <ele>14.4</ele>
    <time>2026-03-14T14:55:01Z</time>
   </trkpt>
   <trkpt lat="22.5718780" lon="88.3637660">
    <ele>14.4</ele>
    <time>2026-03-14T14:55:02Z</time>
   </trkpt>
   <trkpt lat="22.5718700" lon="88.3637620">
    <ele>14.4</ele>
    <time>2026-03-14T14:55:03Z</time>
   </trkpt>
   <trkpt lat="22.5718630" lon="88.3637580">
    <ele>14.4</ele>
    <time>2026-03-14T14:55:04Z</time>
   </trkpt>
   <trkpt lat="22.5718580" lon="88.3637540">
    <ele>14.4</ele>
    <time>2026-03-14T14:55:05Z</time>
   </trkpt>
   <trkpt lat="22.5718480" lon="88.3637470">
    <ele>14.4</ele>
    <time>2026-03-14T14:55:06Z</time>
   </trkpt>
   <trkpt lat="22.5718490" lon="88.3637420">
    <ele>14.4</ele>
    <time>2026-03-14T14:55:07Z</time>
   </trkpt>
   <trkpt lat="22.5718380" lon="88.3637240">
    <ele>14.3</ele>
    <time>2026-03-14T14:55:08Z</time>
   </trkpt>
   <trkpt lat="22.5718300" lon="88.3637160">
    <ele>14.3</ele>
    <time>2026-03-14T14:55:09Z</time>
   </trkpt>
   <trkpt lat="22.5718210" lon="88.3637090">
    <ele>14.3</ele>
    <time>2026-03-14T14:55:10Z</time>
   </trkpt>
   <trkpt lat="22.5717980" lon="88.3637040">
    <ele>14.4</ele>
    <time>2026-03-14T14:55:11Z</time>
   </trkpt>
   <trkpt lat="22.5717920" lon="88.3637030">
    <ele>14.4</ele>
    <time>2026-03-14T14:55:12Z</time>
   </trkpt>
   <trkpt lat="22.5717850" lon="88.3637030">
    <ele>14.4</ele>
    <time>2026-03-14T14:55:13Z</time>
   </trkpt>
   <trkpt lat="22.5717700" lon="88.3636950">
    <ele>14.5</ele>
    <time>2026-03-14T14:55:14Z</time>
   </trkpt>
   <trkpt lat="22.5717570" lon="88.3636980">
    <ele>14.5</ele>
    <time>2026-03-14T14:55:15Z</time>
   </trkpt>
   <trkpt lat="22.5717440" lon="88.3637000">
    <ele>14.6</ele>
    <time>2026-03-14T14:55:16Z</time>
   </trkpt>
   <trkpt lat="22.5717290" lon="88.3636980">
    <ele>14.6</ele>
    <time>2026-03-14T14:55:17Z</time>
   </trkpt>
   <trkpt lat="22.5717150" lon="88.3637040">
    <ele>14.5</ele>
    <time>2026-03-14T14:55:18Z</time>
   </trkpt>
   <trkpt lat="22.5717000" lon="88.3637100">
    <ele>14.3</ele>
    <time>2026-03-14T14:55:19Z</time>
   </trkpt>
   <trkpt lat="22.5716730" lon="88.3637420">
    <ele>13.9</ele>
    <time>2026-03-14T14:55:20Z</time>
   </trkpt>
   <trkpt lat="22.5716620" lon="88.3637500">
    <ele>13.8</ele>
    <time>2026-03-14T14:55:21Z</time>
   </trkpt>
   <trkpt lat="22.5716440" lon="88.3637750">
    <ele>13.5</ele>
    <time>2026-03-14T14:55:22Z</time>
   </trkpt>
   <trkpt lat="22.5716400" lon="88.3637850">
    <ele>13.4</ele>
    <time>2026-03-14T14:55:23Z</time>
   </trkpt>
   <trkpt lat="22.5716310" lon="88.3638000">
    <ele>13.2</ele>
    <time>2026-03-14T14:55:24Z</time>
   </trkpt>
   <trkpt lat="22.5716200" lon="88.3638150">
    <ele>13.0</ele>
    <time>2026-03-14T14:55:25Z</time>
   </trkpt>
   <trkpt lat="22.5716130" lon="88.3638300">
    <ele>12.8</ele>
    <time>2026-03-14T14:55:26Z</time>
   </trkpt>
   <trkpt lat="22.5716100" lon="88.3638440">
    <ele>12.7</ele>
    <time>2026-03-14T14:55:27Z</time>
   </trkpt>
   <trkpt lat="22.5716030" lon="88.3638600">
    <ele>12.5</ele>
    <time>2026-03-14T14:55:28Z</time>
   </trkpt>
   <trkpt lat="22.5716000" lon="88.3638740">
    <ele>12.4</ele>
    <time>2026-03-14T14:55:29Z</time>
   </trkpt>
   <trkpt lat="22.5715960" lon="88.3638870">
    <ele>12.3</ele>
    <time>2026-03-14T14:55:30Z</time>
   </trkpt>
   <trkpt lat="22.5715890" lon="88.3639020">
    <ele>12.1</ele>
    <time>2026-03-14T14:55:31Z</time>
   </trkpt>
   <trkpt lat="22.5715790" lon="88.3639230">
    <ele>11.9</ele>
    <time>2026-03-14T14:55:32Z</time>
   </trkpt>
   <trkpt lat="22.5715740" lon="88.3639320">
    <ele>11.8</ele>
    <time>2026-03-14T14:55:33Z</time>
   </trkpt>
   <trkpt lat="22.5715700" lon="88.3639420">
    <ele>11.7</ele>
    <time>2026-03-14T14:55:34Z</time>
   </trkpt>
   <trkpt lat="22.5715620" lon="88.3639490">
    <ele>11.6</ele>
    <time>2026-03-14T14:55:35Z</time>
   </trkpt>
   <trkpt lat="22.5715560" lon="88.3639640">
    <ele>11.4</ele>
    <time>2026-03-14T14:55:36Z</time>
   </trkpt>
   <trkpt lat="22.5715500" lon="88.3639730">
    <ele>11.3</ele>
    <time>2026-03-14T14:55:37Z</time>
   </trkpt>
   <trkpt lat="22.5715460" lon="88.3639860">
    <ele>11.2</ele>
    <time>2026-03-14T14:55:38Z</time>
   </trkpt>
   <trkpt lat="22.5715430" lon="88.3639960">
    <ele>11.1</ele>
    <time>2026-03-14T14:55:39Z</time>
   </trkpt>
   <trkpt lat="22.5715390" lon="88.3640070">
    <ele>11.0</ele>
    <time>2026-03-14T14:55:40Z</time>
   </trkpt>
   <trkpt lat="22.5715260" lon="88.3640250">
    <ele>10.8</ele>
    <time>2026-03-14T14:55:41Z</time>
   </trkpt>
   <trkpt lat="22.5715180" lon="88.3640310">
    <ele>10.7</ele>
    <time>2026-03-14T14:55:42Z</time>
   </trkpt>
   <trkpt lat="22.5715090" lon="88.3640370">
    <ele>10.6</ele>
    <time>2026-03-14T14:55:43Z</time>
   </trkpt>
   <trkpt lat="22.5715010" lon="88.3640490">
    <ele>10.4</ele>
    <time>2026-03-14T14:55:44Z</time>
   </trkpt>
   <trkpt lat="22.5714930" lon="88.3640610">
    <ele>10.3</ele>
    <time>2026-03-14T14:55:45Z</time>
   </trkpt>
   <trkpt lat="22.5714890" lon="88.3640750">
    <ele>10.2</ele>
    <time>2026-03-14T14:55:46Z</time>
   </trkpt>
   <trkpt lat="22.5714760" lon="88.3640880">
    <ele>10.0</ele>
    <time>2026-03-14T14:55:47Z</time>
   </trkpt>
   <trkpt lat="22.5714640" lon="88.3641080">
    <ele>9.8</ele>
    <time>2026-03-14T14:55:48Z</time>
   </trkpt>
   <trkpt lat="22.5714580" lon="88.3641170">
    <ele>9.7</ele>
    <time>2026-03-14T14:55:49Z</time>
   </trkpt>
   <trkpt lat="22.5714530" lon="88.3641250">
    <ele>9.6</ele>
    <time>2026-03-14T14:55:50Z</time>
   </trkpt>
   <trkpt lat="22.5714380" lon="88.3641410">
    <ele>9.3</ele>
    <time>2026-03-14T14:55:51Z</time>
   </trkpt>
   <trkpt lat="22.5714310" lon="88.3641470">
    <ele>9.3</ele>
    <time>2026-03-14T14:55:52Z</time>
   </trkpt>
   <trkpt lat="22.5714250" lon="88.3641530">
    <ele>9.2</ele>
    <time>2026-03-14T14:55:53Z</time>
   </trkpt>
   <trkpt lat="22.5714140" lon="88.3641680">
    <ele>9.0</ele>
    <time>2026-03-14T14:55:54Z</time>
   </trkpt>
   <trkpt lat="22.5714100" lon="88.3641800">
    <ele>8.9</ele>
    <time>2026-03-14T14:55:55Z</time>
   </trkpt>
   <trkpt lat="22.5714040" lon="88.3642040">
    <ele>8.8</ele>
    <time>2026-03-14T14:55:56Z</time>
   </trkpt>
   <trkpt lat="22.5714040" lon="88.3642150">
    <ele>8.8</ele>
    <time>2026-03-14T14:55:57Z</time>
   </trkpt>
   <trkpt lat="22.5714050" lon="88.3642250">
    <ele>8.7</ele>
    <time>2026-03-14T14:55:58Z</time>
   </trkpt>
   <trkpt lat="22.5714080" lon="88.3642410">
    <ele>8.7</ele>
    <time>2026-03-14T14:55:59Z</time>
   </trkpt>
   <trkpt lat="22.5714000" lon="88.3642540">
    <ele>8.7</ele>
    <time>2026-03-14T14:56:00Z</time>
   </trkpt>
   <trkpt lat="22.5713980" lon="88.3642690">
    <ele>8.6</ele>
    <time>2026-03-14T14:56:01Z</time>
   </trkpt>
   <trkpt lat="22.5713960" lon="88.3642820">
    <ele>8.6</ele>
    <time>2026-03-14T14:56:02Z</time>
   </trkpt>
   <trkpt lat="22.5713990" lon="88.3642930">
    <ele>8.6</ele>
    <time>2026-03-14T14:56:03Z</time>
   </trkpt>
   <trkpt lat="22.5713930" lon="88.3643100">
    <ele>8.5</ele>
    <time>2026-03-14T14:56:04Z</time>
   </trkpt>
   <trkpt lat="22.5713910" lon="88.3643250">
    <ele>8.5</ele>
    <time>2026-03-14T14:56:05Z</time>
   </trkpt>
   <trkpt lat="22.5713830" lon="88.3643440">
    <ele>8.4</ele>
    <time>2026-03-14T14:56:06Z</time>
   </trkpt>
   <trkpt lat="22.5713790" lon="88.3643540">
    <ele>8.4</ele>
    <time>2026-03-14T14:56:07Z</time>
   </trkpt>
   <trkpt lat="22.5713750" lon="88.3643640">
    <ele>8.4</ele>
    <time>2026-03-14T14:56:08Z</time>
   </trkpt>
   <trkpt lat="22.5713710" lon="88.3643850">
    <ele>8.3</ele>
    <time>2026-03-14T14:56:09Z</time>
   </trkpt>
   <trkpt lat="22.5713700" lon="88.3643950">
    <ele>8.3</ele>
    <time>2026-03-14T14:56:10Z</time>
   </trkpt>
   <trkpt lat="22.5713680" lon="88.3644040">
    <ele>8.3</ele>
    <time>2026-03-14T14:56:11Z</time>
   </trkpt>
   <trkpt lat="22.5713700" lon="88.3644210">
    <ele>8.3</ele>
    <time>2026-03-14T14:56:12Z</time>
   </trkpt>
   <trkpt lat="22.5713690" lon="88.3644320">
    <ele>8.2</ele>
    <time>2026-03-14T14:56:13Z</time>
   </trkpt>
   <trkpt lat="22.5713700" lon="88.3644420">
    <ele>8.2</ele>
    <time>2026-03-14T14:56:14Z</time>
   </trkpt>
   <trkpt lat="22.5713610" lon="88.3644580">
    <ele>8.2</ele>
    <time>2026-03-14T14:56:15Z</time>
   </trkpt>
   <trkpt lat="22.5713600" lon="88.3644710">
    <ele>8.3</ele>
    <time>2026-03-14T14:56:16Z</time>
   </trkpt>
   <trkpt lat="22.5713620" lon="88.3644880">
    <ele>8.3</ele>
    <time>2026-03-14T14:56:17Z</time>
   </trkpt>
   <trkpt lat="22.5713610" lon="88.3645010">
    <ele>8.3</ele>
    <time>2026-03-14T14:56:18Z</time>
   </trkpt>
   <trkpt lat="22.5713570" lon="88.3645200">
    <ele>8.3</ele>
    <time>2026-03-14T14:56:19Z</time>
   </trkpt>
   <trkpt lat="22.5713570" lon="88.3645310">
    <ele>8.3</ele>
    <time>2026-03-14T14:56:20Z</time>
   </trkpt>
   <trkpt lat="22.5713580" lon="88.3645410">
    <ele>8.4</ele>
    <time>2026-03-14T14:56:21Z</time>
   </trkpt>
   <trkpt lat="22.5713490" lon="88.3645520">
    <ele>8.4</ele>
    <time>2026-03-14T14:56:22Z</time>
   </trkpt>
   <trkpt lat="22.5713480" lon="88.3645600">
    <ele>8.4</ele>
    <time>2026-03-14T14:56:23Z</time>
   </trkpt>
   <trkpt lat="22.5713420" lon="88.3645720">
    <ele>8.4</ele>
    <time>2026-03-14T14:56:24Z</time>
   </trkpt>
   <trkpt lat="22.5713400" lon="88.3645990">
    <ele>8.4</ele>
    <time>2026-03-14T14:56:25Z</time>
   </trkpt>
   <trkpt lat="22.5713420" lon="88.3646090">
    <ele>8.5</ele>
    <time>2026-03-14T14:56:26Z</time>
   </trkpt>
   <trkpt lat="22.5713450" lon="88.3646200">
    <ele>8.5</ele>
    <time>2026-03-14T14:56:27Z</time>
   </trkpt>
   <trkpt lat="22.5713480" lon="88.3646310">
    <ele>8.5</ele>
    <time>2026-03-14T14:56:28Z</time>
   </trkpt>
   <trkpt lat="22.5713480" lon="88.3646460">
    <ele>8.5</ele>
    <time>2026-03-14T14:56:29Z</time>
   </trkpt>
   <trkpt lat="22.5713450" lon="88.3646580">
    <ele>8.5</ele>
    <time>2026-03-14T14:56:30Z</time>
   </trkpt>
   <trkpt lat="22.5713390" lon="88.3646690">
    <ele>8.5</ele>
    <time>2026-03-14T14:56:31Z</time>
   </trkpt>
   <trkpt lat="22.5713360" lon="88.3646810">
    <ele>8.5</ele>
    <time>2026-03-14T14:56:32Z</time>
   </trkpt>
   <trkpt lat="22.5713310" lon="88.3646860">
    <ele>8.6</ele>
    <time>2026-03-14T14:56:33Z</time>
   </trkpt>
   <trkpt lat="22.5713250" lon="88.3647060">
    <ele>8.6</ele>
    <time>2026-03-14T14:56:34Z</time>
   </trkpt>
   <trkpt lat="22.5713180" lon="88.3647190">
    <ele>8.6</ele>
    <time>2026-03-14T14:56:35Z</time>
   </trkpt>
   <trkpt lat="22.5713110" lon="88.3647400">
    <ele>8.6</ele>
    <time>2026-03-14T14:56:36Z</time>
   </trkpt>
   <trkpt lat="22.5713090" lon="88.3647500">
    <ele>8.6</ele>
    <time>2026-03-14T14:56:37Z</time>
   </trkpt>
   <trkpt lat="22.5713070" lon="88.3647590">
    <ele>8.7</ele>
    <time>2026-03-14T14:56:38Z</time>
   </trkpt>
   <trkpt lat="22.5713080" lon="88.3647780">
    <ele>8.7</ele>
    <time>2026-03-14T14:56:39Z</time>
   </trkpt>
   <trkpt lat="22.5713000" lon="88.3647920">
    <ele>8.7</ele>
    <time>2026-03-14T14:56:40Z</time>
   </trkpt>
   <trkpt lat="22.5712930" lon="88.3648040">
    <ele>8.7</ele>
    <time>2026-03-14T14:56:41Z</time>
   </trkpt>
   <trkpt lat="22.5712860" lon="88.3648190">
    <ele>8.7</ele>
    <time>2026-03-14T14:56:42Z</time>
   </trkpt>
   <trkpt lat="22.5712820" lon="88.3648370">
    <ele>8.8</ele>
    <time>2026-03-14T14:56:43Z</time>
   </trkpt>
   <trkpt lat="22.5712760" lon="88.3648500">
    <ele>8.8</ele>
    <time>2026-03-14T14:56:44Z</time>
   </trkpt>
   <trkpt lat="22.5712630" lon="88.3648550">
    <ele>8.8</ele>
    <time>2026-03-14T14:56:45Z</time>
   </trkpt>
   <trkpt lat="22.5712600" lon="88.3648700">
    <ele>8.8</ele>
    <time>2026-03-14T14:56:46Z</time>
   </trkpt>
   <trkpt lat="22.5712460" lon="88.3648730">
    <ele>8.8</ele>
    <time>2026-03-14T14:56:47Z</time>
   </trkpt>
   <trkpt lat="22.5712420" lon="88.3648840">
    <ele>8.9</ele>
    <time>2026-03-14T14:56:48Z</time>
   </trkpt>
   <trkpt lat="22.5712330" lon="88.3648990">
    <ele>8.9</ele>
    <time>2026-03-14T14:56:49Z</time>
   </trkpt>
   <trkpt lat="22.5712300" lon="88.3649190">
    <ele>8.9</ele>
    <time>2026-03-14T14:56:50Z</time>
   </trkpt>
   <trkpt lat="22.5712210" lon="88.3649330">
    <ele>8.9</ele>
    <time>2026-03-14T14:56:51Z</time>
   </trkpt>
   <trkpt lat="22.5712090" lon="88.3649530">
    <ele>9.0</ele>
    <time>2026-03-14T14:56:52Z</time>
   </trkpt>
   <trkpt lat="22.5712040" lon="88.3649620">
    <ele>9.0</ele>
    <time>2026-03-14T14:56:53Z</time>
   </trkpt>
   <trkpt lat="22.5711980" lon="88.3649700">
    <ele>9.0</ele>
    <time>2026-03-14T14:56:54Z</time>
   </trkpt>
   <trkpt lat="22.5711940" lon="88.3649790">
    <ele>9.0</ele>
    <time>2026-03-14T14:56:55Z</time>
   </trkpt>
   <trkpt lat="22.5711860" lon="88.3649870">
    <ele>9.0</ele>
    <time>2026-03-14T14:56:56Z</time>
   </trkpt>
   <trkpt lat="22.5711750" lon="88.3649910">
    <ele>9.0</ele>
    <time>2026-03-14T14:56:57Z</time>
   </trkpt>
   <trkpt lat="22.5711610" lon="88.3649900">
    <ele>9.1</ele>
    <time>2026-03-14T14:56:58Z</time>
   </trkpt>
   <trkpt lat="22.5711550" lon="88.3649880">
    <ele>9.0</ele>
    <time>2026-03-14T14:56:59Z</time>
   </trkpt>
   <trkpt lat="22.5711500" lon="88.3649850">
    <ele>9.0</ele>
    <time>2026-03-14T14:57:00Z</time>
   </trkpt>
   <trkpt lat="22.5711440" lon="88.3649830">
    <ele>9.0</ele>
    <time>2026-03-14T14:57:01Z</time>
   </trkpt>
   <trkpt lat="22.5711390" lon="88.3649810">
    <ele>9.0</ele>
    <time>2026-03-14T14:57:02Z</time>
   </trkpt>
   <trkpt lat="22.5711300" lon="88.3649640">
    <ele>9.0</ele>
    <time>2026-03-14T14:57:03Z</time>
   </trkpt>
   <trkpt lat="22.5711230" lon="88.3649510">
    <ele>9.0</ele>
    <time>2026-03-14T14:57:04Z</time>
   </trkpt>
   <trkpt lat="22.5711010" lon="88.3649430">
    <ele>9.0</ele>
    <time>2026-03-14T14:57:05Z</time>
   </trkpt>
   <trkpt lat="22.5711050" lon="88.3649250">
    <ele>9.0</ele>
    <time>2026-03-14T14:57:06Z</time>
   </trkpt>
   <trkpt lat="22.5710920" lon="88.3649210">
    <ele>9.0</ele>
    <time>2026-03-14T14:57:07Z</time>
   </trkpt>
   <trkpt lat="22.5710750" lon="88.3649190">
    <ele>9.0</ele>
    <time>2026-03-14T14:57:08Z</time>
   </trkpt>
   <trkpt lat="22.5710560" lon="88.3649090">
    <ele>9.0</ele>
    <time>2026-03-14T14:57:09Z</time>
   </trkpt>
   <trkpt lat="22.5710490" lon="88.3649050">
    <ele>9.0</ele>
    <time>2026-03-14T14:57:10Z</time>
   </trkpt>
   <trkpt lat="22.5710410" lon="88.3649020">
    <ele>9.0</ele>
    <time>2026-03-14T14:57:11Z</time>
   </trkpt>
   <trkpt lat="22.5710310" lon="88.3649000">
    <ele>9.0</ele>
    <time>2026-03-14T14:57:12Z</time>
   </trkpt>
   <trkpt lat="22.5710200" lon="88.3648980">
    <ele>9.0</ele>
    <time>2026-03-14T14:57:13Z</time>
   </trkpt>
   <trkpt lat="22.5710130" lon="88.3648850">
    <ele>9.0</ele>
    <time>2026-03-14T14:57:14Z</time>
   </trkpt>
   <trkpt lat="22.5710030" lon="88.3648760">
    <ele>9.0</ele>
    <time>2026-03-14T14:57:15Z</time>
   </trkpt>
   <trkpt lat="22.5709900" lon="88.3648670">
    <ele>9.0</ele>
    <time>2026-03-14T14:57:16Z</time>
   </trkpt>
   <trkpt lat="22.5709790" lon="88.3648630">
    <ele>9.0</ele>
    <time>2026-03-14T14:57:17Z</time>
   </trkpt>
   <trkpt lat="22.5709670" lon="88.3648490">
    <ele>9.0</ele>
    <time>2026-03-14T14:57:18Z</time>
   </trkpt>
   <trkpt lat="22.5709520" lon="88.3648390">
    <ele>9.0</ele>
    <time>2026-03-14T14:57:19Z</time>
   </trkpt>
   <trkpt lat="22.5709370" lon="88.3648270">
    <ele>9.0</ele>
    <time>2026-03-14T14:57:20Z</time>
   </trkpt>
   <trkpt lat="22.5709230" lon="88.3648190">
    <ele>9.0</ele>
    <time>2026-03-14T14:57:21Z</time>
   </trkpt>
   <trkpt lat="22.5709120" lon="88.3648070">
    <ele>9.0</ele>
    <time>2026-03-14T14:57:22Z</time>
   </trkpt>
   <trkpt lat="22.5708870" lon="88.3648010">
    <ele>9.0</ele>
    <time>2026-03-14T14:57:23Z</time>
   </trkpt>
   <trkpt lat="22.5708770" lon="88.3647970">
    <ele>9.0</ele>
    <time>2026-03-14T14:57:25Z</time>
   </trkpt>
   <trkpt lat="22.5708680" lon="88.3647920">
    <ele>9.0</ele>
    <time>2026-03-14T14:57:26Z</time>
   </trkpt>
   <trkpt lat="22.5708560" lon="88.3647800">
    <ele>9.0</ele>
    <time>2026-03-14T14:57:27Z</time>
   </trkpt>
   <trkpt lat="22.5708480" lon="88.3647720">
    <ele>9.0</ele>
    <time>2026-03-14T14:57:28Z</time>
   </trkpt>
   <trkpt lat="22.5708410" lon="88.3647680">
    <ele>9.0</ele>
    <time>2026-03-14T14:57:29Z</time>
   </trkpt>
   <trkpt lat="22.5708340" lon="88.3647790">
    <ele>9.0</ele>
    <time>2026-03-14T14:57:30Z</time>
   </trkpt>
   <trkpt lat="22.5708240" lon="88.3647820">
    <ele>9.0</ele>
    <time>2026-03-14T14:57:31Z</time>
   </trkpt>
   <trkpt lat="22.5708220" lon="88.3647910">
    <ele>9.0</ele>
    <time>2026-03-14T14:57:32Z</time>
   </trkpt>
   <trkpt lat="22.5707930" lon="88.3647970">
    <ele>9.0</ele>
    <time>2026-03-14T14:57:33Z</time>
   </trkpt>
   <trkpt lat="22.5707850" lon="88.3648020">
    <ele>9.0</ele>
    <time>2026-03-14T14:57:34Z</time>
   </trkpt>
   <trkpt lat="22.5707720" lon="88.3647990">
    <ele>9.0</ele>
    <time>2026-03-14T14:57:35Z</time>
   </trkpt>
   <trkpt lat="22.5707560" lon="88.3647890">
    <ele>9.0</ele>
    <time>2026-03-14T14:57:36Z</time>
   </trkpt>
   <trkpt lat="22.5707400" lon="88.3647810">
    <ele>9.0</ele>
    <time>2026-03-14T14:57:37Z</time>
   </trkpt>
   <trkpt lat="22.5707270" lon="88.3647760">
    <ele>9.0</ele>
    <time>2026-03-14T14:57:38Z</time>
   </trkpt>
   <trkpt lat="22.5707080" lon="88.3647670">
    <ele>9.0</ele>
    <time>2026-03-14T14:57:39Z</time>
   </trkpt>
   <trkpt lat="22.5706980" lon="88.3647640">
    <ele>9.0</ele>
    <time>2026-03-14T14:57:40Z</time>
   </trkpt>
   <trkpt lat="22.5706880" lon="88.3647610">
    <ele>9.0</ele>
    <time>2026-03-14T14:57:41Z</time>
   </trkpt>
   <trkpt lat="22.5706760" lon="88.3647550">
    <ele>9.0</ele>
    <time>2026-03-14T14:57:42Z</time>
   </trkpt>
   <trkpt lat="22.5706630" lon="88.3647500">
    <ele>9.0</ele>
    <time>2026-03-14T14:57:43Z</time>
   </trkpt>
   <trkpt lat="22.5706510" lon="88.3647460">
    <ele>9.2</ele>
    <time>2026-03-14T14:57:44Z</time>
   </trkpt>
   <trkpt lat="22.5706350" lon="88.3647390">
    <ele>9.4</ele>
    <time>2026-03-14T14:57:45Z</time>
   </trkpt>
   <trkpt lat="22.5706200" lon="88.3647320">
    <ele>9.6</ele>
    <time>2026-03-14T14:57:46Z</time>
   </trkpt>
   <trkpt lat="22.5706140" lon="88.3647290">
    <ele>9.7</ele>
    <time>2026-03-14T14:57:47Z</time>
   </trkpt>
   <trkpt lat="22.5706070" lon="88.3647250">
    <ele>9.8</ele>
    <time>2026-03-14T14:57:48Z</time>
   </trkpt>
   <trkpt lat="22.5706010" lon="88.3647220">
    <ele>9.9</ele>
    <time>2026-03-14T14:57:49Z</time>
   </trkpt>
   <trkpt lat="22.5705950" lon="88.3647150">
    <ele>10.0</ele>
    <time>2026-03-14T14:57:50Z</time>
   </trkpt>
   <trkpt lat="22.5705900" lon="88.3647070">
    <ele>10.1</ele>
    <time>2026-03-14T14:57:51Z</time>
   </trkpt>
   <trkpt lat="22.5705800" lon="88.3647010">
    <ele>10.2</ele>
    <time>2026-03-14T14:57:52Z</time>
   </trkpt>
   <trkpt lat="22.5705740" lon="88.3646990">
    <ele>10.3</ele>
    <time>2026-03-14T14:57:53Z</time>
   </trkpt>
   <trkpt lat="22.5705570" lon="88.3646960">
    <ele>10.5</ele>
    <time>2026-03-14T14:57:54Z</time>
   </trkpt>
   <trkpt lat="22.5705460" lon="88.3646940">
    <ele>10.6</ele>
    <time>2026-03-14T14:57:55Z</time>
   </trkpt>
   <trkpt lat="22.5705240" lon="88.3646880">
    <ele>10.9</ele>
    <time>2026-03-14T14:57:56Z</time>
   </trkpt>
   <trkpt lat="22.5705150" lon="88.3646820">
    <ele>11.0</ele>
    <time>2026-03-14T14:57:57Z</time>
   </trkpt>
   <trkpt lat="22.5705090" lon="88.3646800">
    <ele>11.1</ele>
    <time>2026-03-14T14:57:58Z</time>
   </trkpt>
   <trkpt lat="22.5704980" lon="88.3646740">
    <ele>11.3</ele>
    <time>2026-03-14T14:57:59Z</time>
   </trkpt>
   <trkpt lat="22.5704840" lon="88.3646710">
    <ele>11.4</ele>
    <time>2026-03-14T14:58:00Z</time>
   </trkpt>
   <trkpt lat="22.5704710" lon="88.3646610">
    <ele>11.6</ele>
    <time>2026-03-14T14:58:01Z</time>
   </trkpt>
   <trkpt lat="22.5704590" lon="88.3646530">
    <ele>11.8</ele>
    <time>2026-03-14T14:58:02Z</time>
   </trkpt>
   <trkpt lat="22.5704500" lon="88.3646490">
    <ele>11.9</ele>
    <time>2026-03-14T14:58:03Z</time>
   </trkpt>
   <trkpt lat="22.5704490" lon="88.3646470">
    <ele>11.9</ele>
    <time>2026-03-14T14:58:04Z</time>
   </trkpt>
   <trkpt lat="22.5704440" lon="88.3646450">
    <ele>12.0</ele>
    <time>2026-03-14T14:58:05Z</time>
   </trkpt>
   <trkpt lat="22.5704360" lon="88.3646510">
    <ele>12.1</ele>
    <time>2026-03-14T14:58:06Z</time>
   </trkpt>
   <trkpt lat="22.5704340" lon="88.3646510">
    <ele>12.1</ele>
    <time>2026-03-14T14:58:07Z</time>
   </trkpt>
   <trkpt lat="22.5704320" lon="88.3646580">
    <ele>12.2</ele>
    <time>2026-03-14T14:58:08Z</time>
   </trkpt>
   <trkpt lat="22.5704210" lon="88.3646730">
    <ele>12.4</ele>
    <time>2026-03-14T14:58:09Z</time>
   </trkpt>
   <trkpt lat="22.5704100" lon="88.3646810">
    <ele>12.6</ele>
    <time>2026-03-14T14:58:10Z</time>
   </trkpt>
   <trkpt lat="22.5703990" lon="88.3646890">
    <ele>12.8</ele>
    <time>2026-03-14T14:58:11Z</time>
   </trkpt>
   <trkpt lat="22.5703850" lon="88.3647060">
    <ele>12.7</ele>
    <time>2026-03-14T14:58:12Z</time>
   </trkpt>
   <trkpt lat="22.5703860" lon="88.3647210">
    <ele>12.7</ele>
    <time>2026-03-14T14:58:13Z</time>
   </trkpt>
   <trkpt lat="22.5703780" lon="88.3647440">
    <ele>12.6</ele>
    <time>2026-03-14T14:58:14Z</time>
   </trkpt>
   <trkpt lat="22.5703760" lon="88.3647510">
    <ele>12.6</ele>
    <time>2026-03-14T14:58:15Z</time>
   </trkpt>
   <trkpt lat="22.5703740" lon="88.3647590">
    <ele>12.5</ele>
    <time>2026-03-14T14:58:16Z</time>
   </trkpt>
   <trkpt lat="22.5703680" lon="88.3647730">
    <ele>12.5</ele>
    <time>2026-03-14T14:58:17Z</time>
   </trkpt>
   <trkpt lat="22.5703620" lon="88.3647870">
    <ele>12.4</ele>
    <time>2026-03-14T14:58:18Z</time>
   </trkpt>
   <trkpt lat="22.5703550" lon="88.3648020">
    <ele>12.4</ele>
    <time>2026-03-14T14:58:19Z</time>
   </trkpt>
   <trkpt lat="22.5703480" lon="88.3648190">
    <ele>12.3</ele>
    <time>2026-03-14T14:58:20Z</time>
   </trkpt>
   <trkpt lat="22.5703370" lon="88.3648420">
    <ele>12.3</ele>
    <time>2026-03-14T14:58:21Z</time>
   </trkpt>
   <trkpt lat="22.5703350" lon="88.3648480">
    <ele>12.2</ele>
    <time>2026-03-14T14:58:22Z</time>
   </trkpt>
   <trkpt lat="22.5703320" lon="88.3648550">
    <ele>12.2</ele>
    <time>2026-03-14T14:58:23Z</time>
   </trkpt>
   <trkpt lat="22.5703170" lon="88.3648630">
    <ele>12.2</ele>
    <time>2026-03-14T14:58:24Z</time>
   </trkpt>
   <trkpt lat="22.5703070" lon="88.3648610">
    <ele>12.2</ele>
    <time>2026-03-14T14:58:25Z</time>
   </trkpt>
   <trkpt lat="22.5702980" lon="88.3648590">
    <ele>12.2</ele>
    <time>2026-03-14T14:58:26Z</time>
   </trkpt>
   <trkpt lat="22.5702880" lon="88.3648570">
    <ele>12.2</ele>
    <time>2026-03-14T14:58:27Z</time>
   </trkpt>
   <trkpt lat="22.5702790" lon="88.3648550">
    <ele>12.3</ele>
    <time>2026-03-14T14:58:28Z</time>
   </trkpt>
   <trkpt lat="22.5702610" lon="88.3648520">
    <ele>12.3</ele>
    <time>2026-03-14T14:58:29Z</time>
   </trkpt>
   <trkpt lat="22.5702500" lon="88.3648550">
    <ele>12.3</ele>
    <time>2026-03-14T14:58:30Z</time>
   </trkpt>
   <trkpt lat="22.5702390" lon="88.3648590">
    <ele>12.4</ele>
    <time>2026-03-14T14:58:31Z</time>
   </trkpt>
   <trkpt lat="22.5702490" lon="88.3648490">
    <ele>12.4</ele>
    <time>2026-03-14T14:58:32Z</time>
   </trkpt>
   <trkpt lat="22.5702420" lon="88.3648370">
    <ele>12.4</ele>
    <time>2026-03-14T14:58:33Z</time>
   </trkpt>
   <trkpt lat="22.5702350" lon="88.3648260">
    <ele>12.5</ele>
    <time>2026-03-14T14:58:34Z</time>
   </trkpt>
   <trkpt lat="22.5702280" lon="88.3648140">
    <ele>12.5</ele>
    <time>2026-03-14T14:58:35Z</time>
   </trkpt>
   <trkpt lat="22.5702210" lon="88.3648020">
    <ele>12.6</ele>
    <time>2026-03-14T14:58:36Z</time>
   </trkpt>
   <trkpt lat="22.5701910" lon="88.3647710">
    <ele>12.7</ele>
    <time>2026-03-14T14:58:37Z</time>
   </trkpt>
   <trkpt lat="22.5701780" lon="88.3647630">
    <ele>12.7</ele>
    <time>2026-03-14T14:58:38Z</time>
   </trkpt>
   <trkpt lat="22.5701640" lon="88.3647640">
    <ele>12.7</ele>
    <time>2026-03-14T14:58:39Z</time>
   </trkpt>
   <trkpt lat="22.5701480" lon="88.3647630">
    <ele>12.8</ele>
    <time>2026-03-14T14:58:40Z</time>
   </trkpt>
   <trkpt lat="22.5701310" lon="88.3647610">
    <ele>12.8</ele>
    <time>2026-03-14T14:58:41Z</time>
   </trkpt>
   <trkpt lat="22.5701200" lon="88.3647520">
    <ele>12.9</ele>
    <time>2026-03-14T14:58:42Z</time>
   </trkpt>
   <trkpt lat="22.5701040" lon="88.3647520">
    <ele>12.9</ele>
    <time>2026-03-14T14:58:43Z</time>
   </trkpt>
   <trkpt lat="22.5700880" lon="88.3647470">
    <ele>13.0</ele>
    <time>2026-03-14T14:58:44Z</time>
   </trkpt>
   <trkpt lat="22.5700760" lon="88.3647440">
    <ele>13.0</ele>
    <time>2026-03-14T14:58:45Z</time>
   </trkpt>
   <trkpt lat="22.5700650" lon="88.3647420">
    <ele>13.0</ele>
    <time>2026-03-14T14:58:46Z</time>
   </trkpt>
   <trkpt lat="22.5700540" lon="88.3647240">
    <ele>13.1</ele>
    <time>2026-03-14T14:58:47Z</time>
   </trkpt>
   <trkpt lat="22.5700470" lon="88.3647140">
    <ele>13.1</ele>
    <time>2026-03-14T14:58:48Z</time>
   </trkpt>
   <trkpt lat="22.5700430" lon="88.3647090">
    <ele>13.1</ele>
    <time>2026-03-14T14:58:49Z</time>
   </trkpt>
   <trkpt lat="22.5700390" lon="88.3647080">
    <ele>13.1</ele>
    <time>2026-03-14T14:58:50Z</time>
   </trkpt>
   <trkpt lat="22.5700330" lon="88.3647070">
    <ele>13.1</ele>
    <time>2026-03-14T14:58:51Z</time>
   </trkpt>
   <trkpt lat="22.5700140" lon="88.3647010">
    <ele>13.2</ele>
    <time>2026-03-14T14:58:52Z</time>
   </trkpt>
   <trkpt lat="22.5700050" lon="88.3647060">
    <ele>13.2</ele>
    <time>2026-03-14T14:58:53Z</time>
   </trkpt>
   <trkpt lat="22.5699920" lon="88.3647020">
    <ele>13.3</ele>
    <time>2026-03-14T14:58:54Z</time>
   </trkpt>
   <trkpt lat="22.5699900" lon="88.3647000">
    <ele>13.3</ele>
    <time>2026-03-14T14:58:55Z</time>
   </trkpt>
   <trkpt lat="22.5699800" lon="88.3647010">
    <ele>13.3</ele>
    <time>2026-03-14T14:58:56Z</time>
   </trkpt>
   <trkpt lat="22.5699620" lon="88.3647030">
    <ele>13.3</ele>
    <time>2026-03-14T14:58:57Z</time>
   </trkpt>
   <trkpt lat="22.5699500" lon="88.3647000">
    <ele>13.4</ele>
    <time>2026-03-14T14:58:58Z</time>
   </trkpt>
   <trkpt lat="22.5699370" lon="88.3646980">
    <ele>13.4</ele>
    <time>2026-03-14T14:58:59Z</time>
   </trkpt>
   <trkpt lat="22.5699170" lon="88.3647300">
    <ele>13.5</ele>
    <time>2026-03-14T14:59:00Z</time>
   </trkpt>
   <trkpt lat="22.5699110" lon="88.3647500">
    <ele>13.6</ele>
    <time>2026-03-14T14:59:01Z</time>
   </trkpt>
   <trkpt lat="22.5698920" lon="88.3647440">
    <ele>13.6</ele>
    <time>2026-03-14T14:59:02Z</time>
   </trkpt>
   <trkpt lat="22.5698790" lon="88.3647410">
    <ele>13.6</ele>
    <time>2026-03-14T14:59:03Z</time>
   </trkpt>
   <trkpt lat="22.5698470" lon="88.3647290">
    <ele>13.7</ele>
    <time>2026-03-14T14:59:04Z</time>
   </trkpt>
   <trkpt lat="22.5698380" lon="88.3647260">
    <ele>13.8</ele>
    <time>2026-03-14T14:59:05Z</time>
   </trkpt>
   <trkpt lat="22.5698180" lon="88.3647300">
    <ele>13.8</ele>
    <time>2026-03-14T14:59:06Z</time>
   </trkpt>
   <trkpt lat="22.5698090" lon="88.3647370">
    <ele>13.8</ele>
    <time>2026-03-14T14:59:07Z</time>
   </trkpt>
   <trkpt lat="22.5698010" lon="88.3647450">
    <ele>13.8</ele>
    <time>2026-03-14T14:59:08Z</time>
   </trkpt>
   <trkpt lat="22.5697820" lon="88.3647420">
    <ele>13.8</ele>
    <time>2026-03-14T14:59:09Z</time>
   </trkpt>
   <trkpt lat="22.5697670" lon="88.3647390">
    <ele>13.8</ele>
    <time>2026-03-14T14:59:10Z</time>
   </trkpt>
   <trkpt lat="22.5697640" lon="88.3647400">
    <ele>13.8</ele>
    <time>2026-03-14T14:59:11Z</time>
   </trkpt>
   <trkpt lat="22.5697580" lon="88.3647280">
    <ele>13.8</ele>
    <time>2026-03-14T14:59:12Z</time>
   </trkpt>
   <trkpt lat="22.5697510" lon="88.3647130">
    <ele>13.8</ele>
    <time>2026-03-14T14:59:13Z</time>
   </trkpt>
   <trkpt lat="22.5697510" lon="88.3647050">
    <ele>13.8</ele>
    <time>2026-03-14T14:59:14Z</time>
   </trkpt>
   <trkpt lat="22.5697470" lon="88.3647030">
    <ele>13.8</ele>
    <time>2026-03-14T14:59:15Z</time>
   </trkpt>
   <trkpt lat="22.5697400" lon="88.3647010">
    <ele>13.8</ele>
    <time>2026-03-14T14:59:16Z</time>
   </trkpt>
   <trkpt lat="22.5697230" lon="88.3646970">
    <ele>13.8</ele>
    <time>2026-03-14T14:59:17Z</time>
   </trkpt>
   <trkpt lat="22.5696900" lon="88.3646930">
    <ele>13.8</ele>
    <time>2026-03-14T14:59:18Z</time>
   </trkpt>
   <trkpt lat="22.5696770" lon="88.3646930">
    <ele>13.8</ele>
    <time>2026-03-14T14:59:19Z</time>
   </trkpt>
   <trkpt lat="22.5696520" lon="88.3646940">
    <ele>13.8</ele>
    <time>2026-03-14T14:59:20Z</time>
   </trkpt>
   <trkpt lat="22.5696440" lon="88.3646960">
    <ele>13.7</ele>
    <time>2026-03-14T14:59:21Z</time>
   </trkpt>
   <trkpt lat="22.5696370" lon="88.3646980">
    <ele>13.7</ele>
    <time>2026-03-14T14:59:22Z</time>
   </trkpt>
   <trkpt lat="22.5696240" lon="88.3647000">
    <ele>13.6</ele>
    <time>2026-03-14T14:59:23Z</time>
   </trkpt>
   <trkpt lat="22.5696070" lon="88.3647050">
    <ele>13.5</ele>
    <time>2026-03-14T14:59:24Z</time>
   </trkpt>
   <trkpt lat="22.5695900" lon="88.3647100">
    <ele>13.4</ele>
    <time>2026-03-14T14:59:25Z</time>
   </trkpt>
   <trkpt lat="22.5695640" lon="88.3647150">
    <ele>13.3</ele>
    <time>2026-03-14T14:59:26Z</time>
   </trkpt>
   <trkpt lat="22.5695540" lon="88.3647090">
    <ele>13.2</ele>
    <time>2026-03-14T14:59:27Z</time>
   </trkpt>
   <trkpt lat="22.5695270" lon="88.3647020">
    <ele>13.1</ele>
    <time>2026-03-14T14:59:28Z</time>
   </trkpt>
   <trkpt lat="22.5695180" lon="88.3646990">
    <ele>13.0</ele>
    <time>2026-03-14T14:59:29Z</time>
   </trkpt>
   <trkpt lat="22.5695120" lon="88.3646980">
    <ele>13.0</ele>
    <time>2026-03-14T14:59:31Z</time>
   </trkpt>
   <trkpt lat="22.5694860" lon="88.3646870">
    <ele>12.9</ele>
    <time>2026-03-14T14:59:32Z</time>
   </trkpt>
   <trkpt lat="22.5694620" lon="88.3646620">
    <ele>12.7</ele>
    <time>2026-03-14T14:59:33Z</time>
   </trkpt>
   <trkpt lat="22.5694550" lon="88.3646510">
    <ele>12.6</ele>
    <time>2026-03-14T14:59:34Z</time>
   </trkpt>
   <trkpt lat="22.5694380" lon="88.3646330">
    <ele>12.5</ele>
    <time>2026-03-14T14:59:35Z</time>
   </trkpt>
   <trkpt lat="22.5694390" lon="88.3646270">
    <ele>12.5</ele>
    <time>2026-03-14T14:59:36Z</time>
   </trkpt>
   <trkpt lat="22.5694290" lon="88.3646240">
    <ele>12.4</ele>
    <time>2026-03-14T14:59:37Z</time>
   </trkpt>
   <trkpt lat="22.5694260" lon="88.3646270">
    <ele>12.4</ele>
    <time>2026-03-14T14:59:38Z</time>
   </trkpt>
   <trkpt lat="22.5694120" lon="88.3646070">
    <ele>12.3</ele>
    <time>2026-03-14T14:59:39Z</time>
   </trkpt>
   <trkpt lat="22.5694000" lon="88.3645940">
    <ele>12.2</ele>
    <time>2026-03-14T14:59:40Z</time>
   </trkpt>
   <trkpt lat="22.5693870" lon="88.3645870">
    <ele>12.1</ele>
    <time>2026-03-14T14:59:41Z</time>
   </trkpt>
   <trkpt lat="22.5693780" lon="88.3645600">
    <ele>12.0</ele>
    <time>2026-03-14T14:59:42Z</time>
   </trkpt>
   <trkpt lat="22.5693780" lon="88.3645510">
    <ele>12.0</ele>
    <time>2026-03-14T14:59:43Z</time>
   </trkpt>
   <trkpt lat="22.5693790" lon="88.3645420">
    <ele>12.0</ele>
    <time>2026-03-14T14:59:44Z</time>
   </trkpt>
   <trkpt lat="22.5693900" lon="88.3645200">
    <ele>12.0</ele>
    <time>2026-03-14T14:59:45Z</time>
   </trkpt>
   <trkpt lat="22.5694000" lon="88.3645160">
    <ele>12.0</ele>
    <time>2026-03-14T14:59:46Z</time>
   </trkpt>
   <trkpt lat="22.5694090" lon="88.3645110">
    <ele>12.0</ele>
    <time>2026-03-14T14:59:47Z</time>
   </trkpt>
   <trkpt lat="22.5694150" lon="88.3644880">
    <ele>12.0</ele>
    <time>2026-03-14T14:59:48Z</time>
   </trkpt>
   <trkpt lat="22.5694170" lon="88.3644740">
    <ele>12.0</ele>
    <time>2026-03-14T14:59:49Z</time>
   </trkpt>
   <trkpt lat="22.5694180" lon="88.3644610">
    <ele>11.9</ele>
    <time>2026-03-14T14:59:50Z</time>
   </trkpt>
   <trkpt lat="22.5694160" lon="88.3644390">
    <ele>11.9</ele>
    <time>2026-03-14T14:59:51Z</time>
   </trkpt>
   <trkpt lat="22.5694460" lon="88.3644430">
    <ele>11.9</ele>
    <time>2026-03-14T14:59:52Z</time>
   </trkpt>
   <trkpt lat="22.5694690" lon="88.3644340">
    <ele>11.9</ele>
    <time>2026-03-14T14:59:53Z</time>
   </trkpt>
   <trkpt lat="22.5694760" lon="88.3644270">
    <ele>11.9</ele>
    <time>2026-03-14T14:59:54Z</time>
   </trkpt>
   <trkpt lat="22.5694820" lon="88.3644210">
    <ele>11.9</ele>
    <time>2026-03-14T14:59:55Z</time>
   </trkpt>
   <trkpt lat="22.5695090" lon="88.3644100">
    <ele>11.8</ele>
    <time>2026-03-14T14:59:56Z</time>
   </trkpt>
   <trkpt lat="22.5695160" lon="88.3643820">
    <ele>11.8</ele>
    <time>2026-03-14T14:59:57Z</time>
   </trkpt>
   <trkpt lat="22.5695160" lon="88.3643700">
    <ele>11.8</ele>
    <time>2026-03-14T14:59:58Z</time>
   </trkpt>
   <trkpt lat="22.5695120" lon="88.3643720">
    <ele>11.8</ele>
    <time>2026-03-14T14:59:59Z</time>
   </trkpt>
   <trkpt lat="22.5695100" lon="88.3643590">
    <ele>11.7</ele>
    <time>2026-03-14T15:00:00Z</time>
   </trkpt>
   <trkpt lat="22.5695060" lon="88.3643480">
    <ele>11.7</ele>
    <time>2026-03-14T15:00:01Z</time>
   </trkpt>
   <trkpt lat="22.5695090" lon="88.3643400">
    <ele>11.7</ele>
    <time>2026-03-14T15:00:02Z</time>
   </trkpt>
   <trkpt lat="22.5695160" lon="88.3643390">
    <ele>11.7</ele>
    <time>2026-03-14T15:00:03Z</time>
   </trkpt>
   <trkpt lat="22.5695000" lon="88.3643320">
    <ele>11.7</ele>
    <time>2026-03-14T15:00:04Z</time>
   </trkpt>
   <trkpt lat="22.5694990" lon="88.3643230">
    <ele>11.7</ele>
    <time>2026-03-14T15:00:05Z</time>
   </trkpt>
   <trkpt lat="22.5694990" lon="88.3643050">
    <ele>11.6</ele>
    <time>2026-03-14T15:00:06Z</time>
   </trkpt>
   <trkpt lat="22.5695020" lon="88.3642920">
    <ele>11.6</ele>
    <time>2026-03-14T15:00:07Z</time>
   </trkpt>
   <trkpt lat="22.5695000" lon="88.3642820">
    <ele>11.6</ele>
    <time>2026-03-14T15:00:08Z</time>
   </trkpt>
   <trkpt lat="22.5694930" lon="88.3642710">
    <ele>11.6</ele>
    <time>2026-03-14T15:00:09Z</time>
   </trkpt>
   <trkpt lat="22.5694930" lon="88.3642490">
    <ele>11.6</ele>
    <time>2026-03-14T15:00:10Z</time>
   </trkpt>
   <trkpt lat="22.5694980" lon="88.3642400">
    <ele>11.6</ele>
    <time>2026-03-14T15:00:11Z</time>
   </trkpt>
   <trkpt lat="22.5695020" lon="88.3642230">
    <ele>11.5</ele>
    <time>2026-03-14T15:00:12Z</time>
   </trkpt>
   <trkpt lat="22.5695090" lon="88.3642130">
    <ele>11.5</ele>
    <time>2026-03-14T15:00:13Z</time>
   </trkpt>
   <trkpt lat="22.5695140" lon="88.3641920">
    <ele>11.5</ele>
    <time>2026-03-14T15:00:14Z</time>
   </trkpt>
   <trkpt lat="22.5695160" lon="88.3641820">
    <ele>11.5</ele>
    <time>2026-03-14T15:00:15Z</time>
   </trkpt>
   <trkpt lat="22.5695190" lon="88.3641720">
    <ele>11.5</ele>
    <time>2026-03-14T15:00:16Z</time>
   </trkpt>
   <trkpt lat="22.5695210" lon="88.3641620">
    <ele>11.5</ele>
    <time>2026-03-14T15:00:17Z</time>
   </trkpt>
   <trkpt lat="22.5695230" lon="88.3641480">
    <ele>11.4</ele>
    <time>2026-03-14T15:00:18Z</time>
   </trkpt>
   <trkpt lat="22.5695290" lon="88.3641310">
    <ele>11.4</ele>
    <time>2026-03-14T15:00:19Z</time>
   </trkpt>
   <trkpt lat="22.5695250" lon="88.3640910">
    <ele>11.4</ele>
    <time>2026-03-14T15:00:20Z</time>
   </trkpt>
   <trkpt lat="22.5695250" lon="88.3640780">
    <ele>11.4</ele>
    <time>2026-03-14T15:00:21Z</time>
   </trkpt>
   <trkpt lat="22.5695250" lon="88.3640610">
    <ele>11.3</ele>
    <time>2026-03-14T15:00:22Z</time>
   </trkpt>
   <trkpt lat="22.5695360" lon="88.3640420">
    <ele>11.3</ele>
    <time>2026-03-14T15:00:23Z</time>
   </trkpt>
   <trkpt lat="22.5695450" lon="88.3640160">
    <ele>11.3</ele>
    <time>2026-03-14T15:00:24Z</time>
   </trkpt>
   <trkpt lat="22.5695490" lon="88.3640110">
    <ele>11.3</ele>
    <time>2026-03-14T15:00:25Z</time>
   </trkpt>
   <trkpt lat="22.5695370" lon="88.3640070">
    <ele>11.2</ele>
    <time>2026-03-14T15:00:26Z</time>
   </trkpt>
   <trkpt lat="22.5695480" lon="88.3639950">
    <ele>11.2</ele>
    <time>2026-03-14T15:00:27Z</time>
   </trkpt>
   <trkpt lat="22.5695550" lon="88.3639880">
    <ele>11.2</ele>
    <time>2026-03-14T15:00:28Z</time>
   </trkpt>
   <trkpt lat="22.5695530" lon="88.3639790">
    <ele>11.2</ele>
    <time>2026-03-14T15:00:29Z</time>
   </trkpt>
   <trkpt lat="22.5695620" lon="88.3639680">
    <ele>11.2</ele>
    <time>2026-03-14T15:00:30Z</time>
   </trkpt>
   <trkpt lat="22.5695710" lon="88.3639480">
    <ele>11.2</ele>
    <time>2026-03-14T15:00:31Z</time>
   </trkpt>
   <trkpt lat="22.5695780" lon="88.3639380">
    <ele>11.1</ele>
    <time>2026-03-14T15:00:32Z</time>
   </trkpt>
   <trkpt lat="22.5695890" lon="88.3639280">
    <ele>11.1</ele>
    <time>2026-03-14T15:00:33Z</time>
   </trkpt>
   <trkpt lat="22.5695920" lon="88.3639190">
    <ele>11.1</ele>
    <time>2026-03-14T15:00:34Z</time>
   </trkpt>
   <trkpt lat="22.5695970" lon="88.3639160">
    <ele>11.1</ele>
    <time>2026-03-14T15:00:35Z</time>
   </trkpt>
   <trkpt lat="22.5695950" lon="88.3639100">
    <ele>11.1</ele>
    <time>2026-03-14T15:00:36Z</time>
   </trkpt>
   <trkpt lat="22.5695880" lon="88.3639050">
    <ele>11.1</ele>
    <time>2026-03-14T15:00:37Z</time>
   </trkpt>
   <trkpt lat="22.5695930" lon="88.3638850">
    <ele>11.1</ele>
    <time>2026-03-14T15:00:38Z</time>
   </trkpt>
   <trkpt lat="22.5695950" lon="88.3638690">
    <ele>11.0</ele>
    <time>2026-03-14T15:00:39Z</time>
   </trkpt>
   <trkpt lat="22.5695800" lon="88.3638690">
    <ele>11.0</ele>
    <time>2026-03-14T15:00:40Z</time>
   </trkpt>
   <trkpt lat="22.5695650" lon="88.3638760">
    <ele>11.0</ele>
    <time>2026-03-14T15:00:41Z</time>
   </trkpt>
   <trkpt lat="22.5695390" lon="88.3638850">
    <ele>11.0</ele>
    <time>2026-03-14T15:00:42Z</time>
   </trkpt>
   <trkpt lat="22.5695060" lon="88.3638640">
    <ele>11.0</ele>
    <time>2026-03-14T15:00:43Z</time>
   </trkpt>
   <trkpt lat="22.5694710" lon="88.3638530">
    <ele>11.0</ele>
    <time>2026-03-14T15:00:44Z</time>
   </trkpt>
   <trkpt lat="22.5694610" lon="88.3638500">
    <ele>11.0</ele>
    <time>2026-03-14T15:00:45Z</time>
   </trkpt>
   <trkpt lat="22.5694490" lon="88.3638400">
    <ele>11.0</ele>
    <time>2026-03-14T15:00:46Z</time>
   </trkpt>
   <trkpt lat="22.5694360" lon="88.3638340">
    <ele>11.0</ele>
    <time>2026-03-14T15:00:47Z</time>
   </trkpt>
   <trkpt lat="22.5694230" lon="88.3638230">
    <ele>11.0</ele>
    <time>2026-03-14T15:00:48Z</time>
   </trkpt>
   <trkpt lat="22.5694110" lon="88.3638160">
    <ele>11.0</ele>
    <time>2026-03-14T15:00:49Z</time>
   </trkpt>
   <trkpt lat="22.5693950" lon="88.3637890">
    <ele>11.0</ele>
    <time>2026-03-14T15:00:50Z</time>
   </trkpt>
   <trkpt lat="22.5693910" lon="88.3637820">
    <ele>11.0</ele>
    <time>2026-03-14T15:00:51Z</time>
   </trkpt>
   <trkpt lat="22.5693650" lon="88.3637650">
    <ele>11.0</ele>
    <time>2026-03-14T15:00:52Z</time>
   </trkpt>
   <trkpt lat="22.5693560" lon="88.3637520">
    <ele>11.0</ele>
    <time>2026-03-14T15:00:53Z</time>
   </trkpt>
   <trkpt lat="22.5693430" lon="88.3637370">
    <ele>11.0</ele>
    <time>2026-03-14T15:00:54Z</time>
   </trkpt>
   <trkpt lat="22.5693770" lon="88.3637050">
    <ele>11.0</ele>
    <time>2026-03-14T15:00:55Z</time>
   </trkpt>
   <trkpt lat="22.5694170" lon="88.3636830">
    <ele>11.0</ele>
    <time>2026-03-14T15:00:56Z</time>
   </trkpt>
   <trkpt lat="22.5694460" lon="88.3636600">
    <ele>11.0</ele>
    <time>2026-03-14T15:00:57Z</time>
   </trkpt>
   <trkpt lat="22.5694530" lon="88.3636470">
    <ele>11.0</ele>
    <time>2026-03-14T15:00:58Z</time>
   </trkpt>
   <trkpt lat="22.5694570" lon="88.3636310">
    <ele>11.0</ele>
    <time>2026-03-14T15:00:59Z</time>
   </trkpt>
   <trkpt lat="22.5694670" lon="88.3635990">
    <ele>11.0</ele>
    <time>2026-03-14T15:01:00Z</time>
   </trkpt>
   <trkpt lat="22.5694640" lon="88.3635840">
    <ele>11.0</ele>
    <time>2026-03-14T15:01:01Z</time>
   </trkpt>
   <trkpt lat="22.5694540" lon="88.3635770">
    <ele>11.0</ele>
    <time>2026-03-14T15:01:02Z</time>
   </trkpt>
   <trkpt lat="22.5694530" lon="88.3635620">
    <ele>11.0</ele>
    <time>2026-03-14T15:01:03Z</time>
   </trkpt>
   <trkpt lat="22.5694740" lon="88.3635530">
    <ele>11.0</ele>
    <time>2026-03-14T15:01:04Z</time>
   </trkpt>
   <trkpt lat="22.5694880" lon="88.3635300">
    <ele>11.0</ele>
    <time>2026-03-14T15:01:05Z</time>
   </trkpt>
   <trkpt lat="22.5694930" lon="88.3635240">
    <ele>11.0</ele>
    <time>2026-03-14T15:01:06Z</time>
   </trkpt>
   <trkpt lat="22.5694990" lon="88.3635180">
    <ele>11.0</ele>
    <time>2026-03-14T15:01:07Z</time>
   </trkpt>
   <trkpt lat="22.5695080" lon="88.3635020">
    <ele>11.0</ele>
    <time>2026-03-14T15:01:08Z</time>
   </trkpt>
   <trkpt lat="22.5695180" lon="88.3634740">
    <ele>11.0</ele>
    <time>2026-03-14T15:01:09Z</time>
   </trkpt>
   <trkpt lat="22.5695170" lon="88.3634610">
    <ele>11.0</ele>
    <time>2026-03-14T15:01:10Z</time>
   </trkpt>
   <trkpt lat="22.5695120" lon="88.3634480">
    <ele>11.0</ele>
    <time>2026-03-14T15:01:11Z</time>
   </trkpt>
   <trkpt lat="22.5695130" lon="88.3634430">
    <ele>11.0</ele>
    <time>2026-03-14T15:01:12Z</time>
   </trkpt>
   <trkpt lat="22.5695150" lon="88.3634350">
    <ele>11.0</ele>
    <time>2026-03-14T15:01:13Z</time>
   </trkpt>
   <trkpt lat="22.5695140" lon="88.3634270">
    <ele>11.0</ele>
    <time>2026-03-14T15:01:14Z</time>
   </trkpt>
   <trkpt lat="22.5695140" lon="88.3633990">
    <ele>11.0</ele>
    <time>2026-03-14T15:01:15Z</time>
   </trkpt>
   <trkpt lat="22.5695140" lon="88.3633840">
    <ele>11.0</ele>
    <time>2026-03-14T15:01:16Z</time>
   </trkpt>
   <trkpt lat="22.5695160" lon="88.3633630">
    <ele>11.0</ele>
    <time>2026-03-14T15:01:17Z</time>
   </trkpt>
   <trkpt lat="22.5695180" lon="88.3633530">
    <ele>11.0</ele>
    <time>2026-03-14T15:01:18Z</time>
   </trkpt>
   <trkpt lat="22.5695190" lon="88.3633420">
    <ele>11.0</ele>
    <time>2026-03-14T15:01:19Z</time>
   </trkpt>
   <trkpt lat="22.5694800" lon="88.3634150">
    <ele>10.9</ele>
    <time>2026-03-14T15:01:21Z</time>
   </trkpt>
   <trkpt lat="22.5694870" lon="88.3634350">
    <ele>10.9</ele>
    <time>2026-03-14T15:01:22Z</time>
   </trkpt>
   <trkpt lat="22.5694730" lon="88.3634400">
    <ele>10.9</ele>
    <time>2026-03-14T15:01:23Z</time>
   </trkpt>
  </trkseg>
 </trk>
</gpx>
