<?xml version="1.0" encoding="UTF-8"?>
<gpx creator="StravaGPX" version="1.1" xmlns="http://www.topografix.com/GPX/1/1" xmlns:xsi="http://www.w3.org/2001/XMLSchema-instance" xsi:schemaLocation="http://www.topografix.com/GPX/1/1 http://www.topografix.com/GPX/1/1/gpx.xsd">
 <metadata>
  <time>2026-04-18T12:23:35Z</time>
 </metadata>
 <trk>
  <name>Evening walk</name>
  <type>walking</type>
  <trkseg>
   <trkpt lat="12.9079020" lon="77.6252950">
    <ele>892.0</ele>
    <time>2026-04-18T12:23:35Z</time>
   </trkpt>
   <trkpt lat="12.9079040" lon="77.6253060">
    <ele>892.0</ele>
    <time>2026-04-18T12:23:36Z</time>
   </trkpt>
   <trkpt lat="12.9079060" lon="77.6253150">
    <ele>892.0</ele>
    <time>2026-04-18T12:23:37Z</time>
   </trkpt>
   <trkpt lat="12.9079060" lon="77.6253250">
    <ele>892.1</ele>
    <time>2026-04-18T12:23:38Z</time>
   </trkpt>
   <trkpt lat="12.9079010" lon="77.6253410">
    <ele>892.1</ele>
    <time>2026-04-18T12:23:39Z</time>
   </trkpt>
   <trkpt lat="12.9078990" lon="77.6253480">
    <ele>892.1</ele>
    <time>2026-04-18T12:23:40Z</time>
   </trkpt>
   <trkpt lat="12.9078960" lon="77.6253550">
    <ele>892.1</ele>
    <time>2026-04-18T12:23:41Z</time>
   </trkpt>
   <trkpt lat="12.9078940" lon="77.6253620">
    <ele>892.1</ele>
    <time>2026-04-18T12:23:42Z</time>
   </trkpt>
   <trkpt lat="12.9078840" lon="77.6253770">
    <ele>892.1</ele>
    <time>2026-04-18T12:23:43Z</time>
   </trkpt>
   <trkpt lat="12.9078780" lon="77.6253840">
    <ele>892.1</ele>
    <time>2026-04-18T12:23:44Z</time>
   </trkpt>
   <trkpt lat="12.9078720" lon="77.6253920">
    <ele>892.2</ele>
    <time>2026-04-18T12:23:45Z</time>
   </trkpt>
   <trkpt lat="12.9078670" lon="77.6254000">
    <ele>892.2</ele>
    <time>2026-04-18T12:23:46Z</time>
   </trkpt>
   <trkpt lat="12.9078610" lon="77.6254100">
    <ele>892.2</ele>
    <time>2026-04-18T12:23:47Z</time>
   </trkpt>
   <trkpt lat="12.9078530" lon="77.6254220">
    <ele>892.2</ele>
    <time>2026-04-18T12:23:48Z</time>
   </trkpt>
   <trkpt lat="12.9078480" lon="77.6254350">
    <ele>892.2</ele>
    <time>2026-04-18T12:23:49Z</time>
   </trkpt>
   <trkpt lat="12.9078440" lon="77.6254490">
    <ele>892.2</ele>
    <time>2026-04-18T12:23:50Z</time>
   </trkpt>
   <trkpt lat="12.9078420" lon="77.6254620">
    <ele>892.3</ele>
    <time>2026-04-18T12:23:51Z</time>
   </trkpt>
   <trkpt lat="12.9078420" lon="77.6254720">
    <ele>892.3</ele>
    <time>2026-04-18T12:23:52Z</time>
   </trkpt>
   <trkpt lat="12.9078410" lon="77.6254860">
    <ele>892.3</ele>
    <time>2026-04-18T12:23:53Z</time>
   </trkpt>
   <trkpt lat="12.9078400" lon="77.6254980">
    <ele>892.3</ele>
    <time>2026-04-18T12:23:54Z</time>
   </trkpt>
   <trkpt lat="12.9078360" lon="77.6255090">
    <ele>892.3</ele>
    <time>2026-04-18T12:23:55Z</time>
   </trkpt>
   <trkpt lat="12.9078320" lon="77.6255220">
    <ele>892.3</ele>
    <time>2026-04-18T12:23:56Z</time>
   </trkpt>
   <trkpt lat="12.9078250" lon="77.6255350">
    <ele>892.4</ele>
    <time>2026-04-18T12:23:57Z</time>
   </trkpt>
   <trkpt lat="12.9078220" lon="77.6255490">
    <ele>892.4</ele>
    <time>2026-04-18T12:23:58Z</time>
   </trkpt>
   <trkpt lat="12.9078220" lon="77.6255740">
    <ele>892.4</ele>
    <time>2026-04-18T12:23:59Z</time>
   </trkpt>
   <trkpt lat="12.9078220" lon="77.6255830">
    <ele>892.4</ele>
    <time>2026-04-18T12:24:00Z</time>
   </trkpt>
   <trkpt lat="12.9078220" lon="77.6255930">
    <ele>892.4</ele>
    <time>2026-04-18T12:24:01Z</time>
   </trkpt>
   <trkpt lat="12.9078150" lon="77.6256180">
    <ele>892.5</ele>
    <time>2026-04-18T12:24:02Z</time>
   </trkpt>
   <trkpt lat="12.9078100" lon="77.6256300">
    <ele>892.5</ele>
    <time>2026-04-18T12:24:03Z</time>
   </trkpt>
   <trkpt lat="12.9078140" lon="77.6256370">
    <ele>892.5</ele>
    <time>2026-04-18T12:24:04Z</time>
   </trkpt>
   <trkpt lat="12.9078130" lon="77.6256440">
    <ele>892.5</ele>
    <time>2026-04-18T12:24:05Z</time>
   </trkpt>
   <trkpt lat="12.9078110" lon="77.6256600">
    <ele>892.6</ele>
    <time>2026-04-18T12:24:06Z</time>
   </trkpt>
   <trkpt lat="12.9078070" lon="77.6256650">
    <ele>892.6</ele>
    <time>2026-04-18T12:24:07Z</time>
   </trkpt>
   <trkpt lat="12.9078010" lon="77.6256790">
    <ele>892.6</ele>
    <time>2026-04-18T12:24:08Z</time>
   </trkpt>
   <trkpt lat="12.9077980" lon="77.6256880">
    <ele>892.6</ele>
    <time>2026-04-18T12:24:09Z</time>
   </trkpt>
   <trkpt lat="12.9077980" lon="77.6257250">
    <ele>892.7</ele>
    <time>2026-04-18T12:24:10Z</time>
   </trkpt>
   <trkpt lat="12.9077920" lon="77.6257380">
    <ele>892.7</ele>
    <time>2026-04-18T12:24:12Z</time>
   </trkpt>
   <trkpt lat="12.9077860" lon="77.6257500">
    <ele>892.8</ele>
    <time>2026-04-18T12:24:13Z</time>
   </trkpt>
   <trkpt lat="12.9077800" lon="77.6257620">
    <ele>892.8</ele>
    <time>2026-04-18T12:24:14Z</time>
   </trkpt>
   <trkpt lat="12.9078040" lon="77.6257780">
    <ele>892.9</ele>
    <time>2026-04-18T12:24:15Z</time>
   </trkpt>
   <trkpt lat="12.9078070" lon="77.6257910">
    <ele>892.9</ele>
    <time>2026-04-18T12:24:16Z</time>
   </trkpt>
   <trkpt lat="12.9078130" lon="77.6258020">
    <ele>892.9</ele>
    <time>2026-04-18T12:24:17Z</time>
   </trkpt>
   <trkpt lat="12.9078190" lon="77.6258130">
    <ele>892.9</ele>
    <time>2026-04-18T12:24:18Z</time>
   </trkpt>
   <trkpt lat="12.9078180" lon="77.6258310">
    <ele>893.0</ele>
    <time>2026-04-18T12:24:19Z</time>
   </trkpt>
   <trkpt lat="12.9078170" lon="77.6258410">
    <ele>893.0</ele>
    <time>2026-04-18T12:24:20Z</time>
   </trkpt>
   <trkpt lat="12.9078190" lon="77.6258670">
    <ele>893.1</ele>
    <time>2026-04-18T12:24:21Z</time>
   </trkpt>
   <trkpt lat="12.9078270" lon="77.6258860">
    <ele>893.1</ele>
    <time>2026-04-18T12:24:22Z</time>
   </trkpt>
   <trkpt lat="12.9078120" lon="77.6259110">
    <ele>893.2</ele>
    <time>2026-04-18T12:24:23Z</time>
   </trkpt>
   <trkpt lat="12.9078050" lon="77.6259250">
    <ele>893.2</ele>
    <time>2026-04-18T12:24:24Z</time>
   </trkpt>
   <trkpt lat="12.9077970" lon="77.6259400">
    <ele>893.3</ele>
    <time>2026-04-18T12:24:25Z</time>
   </trkpt>
   <trkpt lat="12.9077880" lon="77.6259270">
    <ele>893.3</ele>
    <time>2026-04-18T12:24:26Z</time>
   </trkpt>
   <trkpt lat="12.9077800" lon="77.6259330">
    <ele>893.3</ele>
    <time>2026-04-18T12:24:27Z</time>
   </trkpt>
   <trkpt lat="12.9078050" lon="77.6259370">
    <ele>893.4</ele>
    <time>2026-04-18T12:24:28Z</time>
   </trkpt>
   <trkpt lat="12.9078090" lon="77.6259580">
    <ele>893.4</ele>
    <time>2026-04-18T12:24:29Z</time>
   </trkpt>
   <trkpt lat="12.9078050" lon="77.6259660">
    <ele>893.5</ele>
    <time>2026-04-18T12:24:30Z</time>
   </trkpt>
   <trkpt lat="12.9078030" lon="77.6259740">
    <ele>893.5</ele>
    <time>2026-04-18T12:24:31Z</time>
   </trkpt>
   <trkpt lat="12.9077930" lon="77.6259940">
    <ele>893.5</ele>
    <time>2026-04-18T12:24:32Z</time>
   </trkpt>
   <trkpt lat="12.9078000" lon="77.6260010">
    <ele>893.5</ele>
    <time>2026-04-18T12:24:33Z</time>
   </trkpt>
   <trkpt lat="12.9077980" lon="77.6260100">
    <ele>893.6</ele>
    <time>2026-04-18T12:24:34Z</time>
   </trkpt>
   <trkpt lat="12.9077810" lon="77.6260200">
    <ele>893.6</ele>
    <time>2026-04-18T12:24:35Z</time>
   </trkpt>
   <trkpt lat="12.9077600" lon="77.6260200">
    <ele>893.6</ele>
    <time>2026-04-18T12:24:36Z</time>
   </trkpt>
   <trkpt lat="12.9077420" lon="77.6260270">
    <ele>893.7</ele>
    <time>2026-04-18T12:24:37Z</time>
   </trkpt>
   <trkpt lat="12.9077410" lon="77.6260320">
    <ele>893.7</ele>
    <time>2026-04-18T12:24:38Z</time>
   </trkpt>
   <trkpt lat="12.9077410" lon="77.6260380">
    <ele>893.7</ele>
    <time>2026-04-18T12:24:39Z</time>
   </trkpt>
   <trkpt lat="12.9077410" lon="77.6260430">
    <ele>893.7</ele>
    <time>2026-04-18T12:24:40Z</time>
   </trkpt>
   <trkpt lat="12.9077400" lon="77.6260490">
    <ele>893.7</ele>
    <time>2026-04-18T12:24:41Z</time>
   </trkpt>
   <trkpt lat="12.9077400" lon="77.6260540">
    <ele>893.7</ele>
    <time>2026-04-18T12:24:42Z</time>
   </trkpt>
   <trkpt lat="12.9077300" lon="77.6260670">
    <ele>893.7</ele>
    <time>2026-04-18T12:24:43Z</time>
   </trkpt>
   <trkpt lat="12.9077280" lon="77.6260840">
    <ele>893.8</ele>
    <time>2026-04-18T12:24:44Z</time>
   </trkpt>
   <trkpt lat="12.9077450" lon="77.6261140">
    <ele>893.8</ele>
    <time>2026-04-18T12:24:45Z</time>
   </trkpt>
   <trkpt lat="12.9077500" lon="77.6261320">
    <ele>893.9</ele>
    <time>2026-04-18T12:24:46Z</time>
   </trkpt>
   <trkpt lat="12.9077540" lon="77.6261480">
    <ele>893.9</ele>
    <time>2026-04-18T12:24:47Z</time>
   </trkpt>
   <trkpt lat="12.9077510" lon="77.6261610">
    <ele>893.9</ele>
    <time>2026-04-18T12:24:48Z</time>
   </trkpt>
   <trkpt lat="12.9077480" lon="77.6261780">
    <ele>893.9</ele>
    <time>2026-04-18T12:24:49Z</time>
   </trkpt>
   <trkpt lat="12.9077400" lon="77.6262040">
    <ele>894.0</ele>
    <time>2026-04-18T12:24:50Z</time>
   </trkpt>
   <trkpt lat="12.9077370" lon="77.6262120">
    <ele>894.0</ele>
    <time>2026-04-18T12:24:51Z</time>
   </trkpt>
   <trkpt lat="12.9077330" lon="77.6262190">
    <ele>894.0</ele>
    <time>2026-04-18T12:24:52Z</time>
   </trkpt>
   <trkpt lat="12.9077160" lon="77.6262420">
    <ele>894.0</ele>
    <time>2026-04-18T12:24:53Z</time>
   </trkpt>
   <trkpt lat="12.9077040" lon="77.6262520">
    <ele>894.1</ele>
    <time>2026-04-18T12:24:54Z</time>
   </trkpt>
   <trkpt lat="12.9077260" lon="77.6262780">
    <ele>894.1</ele>
    <time>2026-04-18T12:24:55Z</time>
   </trkpt>
   <trkpt lat="12.9077480" lon="77.6262860">
    <ele>894.2</ele>
    <time>2026-04-18T12:24:56Z</time>
   </trkpt>
   <trkpt lat="12.9077360" lon="77.6262990">
    <ele>894.2</ele>
    <time>2026-04-18T12:24:57Z</time>
   </trkpt>
   <trkpt lat="12.9077360" lon="77.6263150">
    <ele>894.2</ele>
    <time>2026-04-18T12:24:58Z</time>
   </trkpt>
   <trkpt lat="12.9077310" lon="77.6263280">
    <ele>894.2</ele>
    <time>2026-04-18T12:24:59Z</time>
   </trkpt>
   <trkpt lat="12.9077260" lon="77.6263310">
    <ele>894.3</ele>
    <time>2026-04-18T12:25:00Z</time>
   </trkpt>
   <trkpt lat="12.9077210" lon="77.6263410">
    <ele>894.3</ele>
    <time>2026-04-18T12:25:01Z</time>
   </trkpt>
   <trkpt lat="12.9077370" lon="77.6263440">
    <ele>894.3</ele>
    <time>2026-04-18T12:25:02Z</time>
   </trkpt>
   <trkpt lat="12.9077270" lon="77.6263520">
    <ele>894.3</ele>
    <time>2026-04-18T12:25:03Z</time>
   </trkpt>
   <trkpt lat="12.9077130" lon="77.6263750">
    <ele>894.4</ele>
    <time>2026-04-18T12:25:04Z</time>
   </trkpt>
   <trkpt lat="12.9076970" lon="77.6264050">
    <ele>894.4</ele>
    <time>2026-04-18T12:25:05Z</time>
   </trkpt>
   <trkpt lat="12.9076880" lon="77.6264130">
    <ele>894.5</ele>
    <time>2026-04-18T12:25:06Z</time>
   </trkpt>
   <trkpt lat="12.9077060" lon="77.6264280">
    <ele>894.5</ele>
    <time>2026-04-18T12:25:07Z</time>
   </trkpt>
   <trkpt lat="12.9077070" lon="77.6264410">
    <ele>894.5</ele>
    <time>2026-04-18T12:25:08Z</time>
   </trkpt>
   <trkpt lat="12.9076860" lon="77.6264600">
    <ele>894.6</ele>
    <time>2026-04-18T12:25:09Z</time>
   </trkpt>
   <trkpt lat="12.9076780" lon="77.6264890">
    <ele>894.6</ele>
    <time>2026-04-18T12:25:10Z</time>
   </trkpt>
   <trkpt lat="12.9076760" lon="77.6265000">
    <ele>894.6</ele>
    <time>2026-04-18T12:25:11Z</time>
   </trkpt>
   <trkpt lat="12.9076820" lon="77.6265300">
    <ele>894.7</ele>
    <time>2026-04-18T12:25:12Z</time>
   </trkpt>
   <trkpt lat="12.9076740" lon="77.6265430">
    <ele>894.7</ele>
    <time>2026-04-18T12:25:13Z</time>
   </trkpt>
   <trkpt lat="12.9076740" lon="77.6265660">
    <ele>894.7</ele>
    <time>2026-04-18T12:25:14Z</time>
   </trkpt>
   <trkpt lat="12.9076610" lon="77.6265820">
    <ele>894.7</ele>
    <time>2026-04-18T12:25:15Z</time>
   </trkpt>
   <trkpt lat="12.9076520" lon="77.6265960">
    <ele>894.8</ele>
    <time>2026-04-18T12:25:16Z</time>
   </trkpt>
   <trkpt lat="12.9076590" lon="77.6266040">
    <ele>894.8</ele>
    <time>2026-04-18T12:25:17Z</time>
   </trkpt>
   <trkpt lat="12.9076660" lon="77.6266140">
    <ele>894.8</ele>
    <time>2026-04-18T12:25:18Z</time>
   </trkpt>
   <trkpt lat="12.9076710" lon="77.6266240">
    <ele>894.8</ele>
    <time>2026-04-18T12:25:19Z</time>
   </trkpt>
   <trkpt lat="12.9076780" lon="77.6266450">
    <ele>894.8</ele>
    <time>2026-04-18T12:25:20Z</time>
   </trkpt>
   <trkpt lat="12.9076810" lon="77.6266560">
    <ele>894.8</ele>
    <time>2026-04-18T12:25:21Z</time>
   </trkpt>
   <trkpt lat="12.9076770" lon="77.6266610">
    <ele>894.8</ele>
    <time>2026-04-18T12:25:22Z</time>
   </trkpt>
   <trkpt lat="12.9076730" lon="77.6266690">
    <ele>894.9</ele>
    <time>2026-04-18T12:25:23Z</time>
   </trkpt>
   <trkpt lat="12.9076750" lon="77.6266700">
    <ele>894.9</ele>
    <time>2026-04-18T12:25:24Z</time>
   </trkpt>
   <trkpt lat="12.9076780" lon="77.6266750">
    <ele>894.9</ele>
    <time>2026-04-18T12:25:25Z</time>
   </trkpt>
   <trkpt lat="12.9076810" lon="77.6266800">
    <ele>894.9</ele>
    <time>2026-04-18T12:25:26Z</time>
   </trkpt>
   <trkpt lat="12.9076800" lon="77.6266890">
    <ele>894.9</ele>
    <time>2026-04-18T12:25:27Z</time>
   </trkpt>
   <trkpt lat="12.9076780" lon="77.6267100">
    <ele>894.9</ele>
    <time>2026-04-18T12:25:28Z</time>
   </trkpt>
   <trkpt lat="12.9076790" lon="77.6267210">
    <ele>894.9</ele>
    <time>2026-04-18T12:25:29Z</time>
   </trkpt>
   <trkpt lat="12.9076800" lon="77.6267320">
    <ele>894.9</ele>
    <time>2026-04-18T12:25:30Z</time>
   </trkpt>
   <trkpt lat="12.9076860" lon="77.6267490">
    <ele>894.9</ele>
    <time>2026-04-18T12:25:31Z</time>
   </trkpt>
   <trkpt lat="12.9076800" lon="77.6267650">
    <ele>894.9</ele>
    <time>2026-04-18T12:25:32Z</time>
   </trkpt>
   <trkpt lat="12.9076790" lon="77.6267890">
    <ele>895.0</ele>
    <time>2026-04-18T12:25:33Z</time>
   </trkpt>
   <trkpt lat="12.9076850" lon="77.6267960">
    <ele>895.0</ele>
    <time>2026-04-18T12:25:34Z</time>
   </trkpt>
   <trkpt lat="12.9076900" lon="77.6268040">
    <ele>895.0</ele>
    <time>2026-04-18T12:25:35Z</time>
   </trkpt>
   <trkpt lat="12.9076840" lon="77.6268160">
    <ele>895.0</ele>
    <time>2026-04-18T12:25:36Z</time>
   </trkpt>
   <trkpt lat="12.9076910" lon="77.6268200">
    <ele>895.0</ele>
    <time>2026-04-18T12:25:37Z</time>
   </trkpt>
   <trkpt lat="12.9076860" lon="77.6268330">
    <ele>895.0</ele>
    <time>2026-04-18T12:25:38Z</time>
   </trkpt>
   <trkpt lat="12.9076820" lon="77.6268660">
    <ele>895.0</ele>
    <time>2026-04-18T12:25:39Z</time>
   </trkpt>
   <trkpt lat="12.9076640" lon="77.6268880">
    <ele>895.0</ele>
    <time>2026-04-18T12:25:40Z</time>
   </trkpt>
   <trkpt lat="12.9076580" lon="77.6268980">
    <ele>895.0</ele>
    <time>2026-04-18T12:25:41Z</time>
   </trkpt>
   <trkpt lat="12.9076440" lon="77.6269090">
    <ele>895.0</ele>
    <time>2026-04-18T12:25:42Z</time>
   </trkpt>
   <trkpt lat="12.9076580" lon="77.6269200">
    <ele>895.0</ele>
    <time>2026-04-18T12:25:43Z</time>
   </trkpt>
   <trkpt lat="12.9076610" lon="77.6269290">
    <ele>895.0</ele>
    <time>2026-04-18T12:25:44Z</time>
   </trkpt>
   <trkpt lat="12.9076690" lon="77.6269500">
    <ele>895.0</ele>
    <time>2026-04-18T12:25:45Z</time>
   </trkpt>
   <trkpt lat="12.9076720" lon="77.6269590">
    <ele>895.0</ele>
    <time>2026-04-18T12:25:46Z</time>
   </trkpt>
   <trkpt lat="12.9076740" lon="77.6269690">
    <ele>895.0</ele>
    <time>2026-04-18T12:25:47Z</time>
   </trkpt>
   <trkpt lat="12.9076710" lon="77.6269890">
    <ele>895.0</ele>
    <time>2026-04-18T12:25:48Z</time>
   </trkpt>
   <trkpt lat="12.9076730" lon="77.6269980">
    <ele>895.0</ele>
    <time>2026-04-18T12:25:49Z</time>
   </trkpt>
   <trkpt lat="12.9076740" lon="77.6270080">
    <ele>895.0</ele>
    <time>2026-04-18T12:25:50Z</time>
   </trkpt>
   <trkpt lat="12.9076700" lon="77.6270210">
    <ele>895.0</ele>
    <time>2026-04-18T12:25:51Z</time>
   </trkpt>
   <trkpt lat="12.9076590" lon="77.6270330">
    <ele>895.0</ele>
    <time>2026-04-18T12:25:52Z</time>
   </trkpt>
   <trkpt lat="12.9076510" lon="77.6270490">
    <ele>895.0</ele>
    <time>2026-04-18T12:25:53Z</time>
   </trkpt>
   <trkpt lat="12.9076490" lon="77.6270660">
    <ele>895.0</ele>
    <time>2026-04-18T12:25:54Z</time>
   </trkpt>
   <trkpt lat="12.9076540" lon="77.6270740">
    <ele>895.0</ele>
    <time>2026-04-18T12:25:55Z</time>
   </trkpt>
   <trkpt lat="12.9076440" lon="77.6270800">
    <ele>895.0</ele>
    <time>2026-04-18T12:25:56Z</time>
   </trkpt>
   <trkpt lat="12.9076350" lon="77.6270920">
    <ele>895.0</ele>
    <time>2026-04-18T12:25:57Z</time>
   </trkpt>
   <trkpt lat="12.9076240" lon="77.6271050">
    <ele>895.0</ele>
    <time>2026-04-18T12:25:58Z</time>
   </trkpt>
   <trkpt lat="12.9076190" lon="77.6271180">
    <ele>895.0</ele>
    <time>2026-04-18T12:25:59Z</time>
   </trkpt>
   <trkpt lat="12.9076210" lon="77.6271320">
    <ele>895.0</ele>
    <time>2026-04-18T12:26:00Z</time>
   </trkpt>
   <trkpt lat="12.9076160" lon="77.6271480">
    <ele>895.0</ele>
    <time>2026-04-18T12:26:01Z</time>
   </trkpt>
   <trkpt lat="12.9076040" lon="77.6271750">
    <ele>895.0</ele>
    <time>2026-04-18T12:26:02Z</time>
   </trkpt>
   <trkpt lat="12.9075970" lon="77.6271860">
    <ele>895.0</ele>
    <time>2026-04-18T12:26:03Z</time>
   </trkpt>
   <trkpt lat="12.9075910" lon="77.6271970">
    <ele>895.0</ele>
    <time>2026-04-18T12:26:04Z</time>
   </trkpt>
   <trkpt lat="12.9075850" lon="77.6272080">
    <ele>895.0</ele>
    <time>2026-04-18T12:26:05Z</time>
   </trkpt>
   <trkpt lat="12.9075740" lon="77.6272240">
    <ele>895.0</ele>
    <time>2026-04-18T12:26:06Z</time>
   </trkpt>
   <trkpt lat="12.9075650" lon="77.6272310">
    <ele>895.0</ele>
    <time>2026-04-18T12:26:07Z</time>
   </trkpt>
   <trkpt lat="12.9075570" lon="77.6272390">
    <ele>895.0</ele>
    <time>2026-04-18T12:26:08Z</time>
   </trkpt>
   <trkpt lat="12.9075620" lon="77.6272650">
    <ele>894.9</ele>
    <time>2026-04-18T12:26:09Z</time>
   </trkpt>
   <trkpt lat="12.9075630" lon="77.6272700">
    <ele>894.9</ele>
    <time>2026-04-18T12:26:10Z</time>
   </trkpt>
   <trkpt lat="12.9075560" lon="77.6272990">
    <ele>894.9</ele>
    <time>2026-04-18T12:26:11Z</time>
   </trkpt>
   <trkpt lat="12.9075480" lon="77.6273150">
    <ele>894.9</ele>
    <time>2026-04-18T12:26:12Z</time>
   </trkpt>
   <trkpt lat="12.9075500" lon="77.6273270">
    <ele>894.8</ele>
    <time>2026-04-18T12:26:13Z</time>
   </trkpt>
   <trkpt lat="12.9075560" lon="77.6273330">
    <ele>894.8</ele>
    <time>2026-04-18T12:26:14Z</time>
   </trkpt>
   <trkpt lat="12.9075500" lon="77.6273470">
    <ele>894.7</ele>
    <time>2026-04-18T12:26:15Z</time>
   </trkpt>
   <trkpt lat="12.9075540" lon="77.6273570">
    <ele>894.7</ele>
    <time>2026-04-18T12:26:16Z</time>
   </trkpt>
   <trkpt lat="12.9075530" lon="77.6273560">
    <ele>894.7</ele>
    <time>2026-04-18T12:26:17Z</time>
   </trkpt>
   <trkpt lat="12.9075520" lon="77.6273620">
    <ele>894.7</ele>
    <time>2026-04-18T12:26:18Z</time>
   </trkpt>
   <trkpt lat="12.9075540" lon="77.6273690">
    <ele>894.6</ele>
    <time>2026-04-18T12:26:19Z</time>
   </trkpt>
   <trkpt lat="12.9075540" lon="77.6273790">
    <ele>894.6</ele>
    <time>2026-04-18T12:26:20Z</time>
   </trkpt>
   <trkpt lat="12.9075550" lon="77.6274000">
    <ele>894.5</ele>
    <time>2026-04-18T12:26:21Z</time>
   </trkpt>
   <trkpt lat="12.9075600" lon="77.6274070">
    <ele>894.5</ele>
    <time>2026-04-18T12:26:22Z</time>
   </trkpt>
   <trkpt lat="12.9075560" lon="77.6274300">
    <ele>894.4</ele>
    <time>2026-04-18T12:26:23Z</time>
   </trkpt>
   <trkpt lat="12.9075600" lon="77.6274420">
    <ele>894.3</ele>
    <time>2026-04-18T12:26:24Z</time>
   </trkpt>
   <trkpt lat="12.9075630" lon="77.6274520">
    <ele>894.3</ele>
    <time>2026-04-18T12:26:25Z</time>
   </trkpt>
   <trkpt lat="12.9075610" lon="77.6274690">
    <ele>894.2</ele>
    <time>2026-04-18T12:26:26Z</time>
   </trkpt>
   <trkpt lat="12.9075600" lon="77.6274910">
    <ele>894.2</ele>
    <time>2026-04-18T12:26:27Z</time>
   </trkpt>
   <trkpt lat="12.9075610" lon="77.6274990">
    <ele>894.1</ele>
    <time>2026-04-18T12:26:28Z</time>
   </trkpt>
   <trkpt lat="12.9075610" lon="77.6275070">
    <ele>894.1</ele>
    <time>2026-04-18T12:26:29Z</time>
   </trkpt>
   <trkpt lat="12.9075630" lon="77.6275090">
    <ele>894.1</ele>
    <time>2026-04-18T12:26:30Z</time>
   </trkpt>
   <trkpt lat="12.9075620" lon="77.6275160">
    <ele>894.1</ele>
    <time>2026-04-18T12:26:31Z</time>
   </trkpt>
   <trkpt lat="12.9075560" lon="77.6275230">
    <ele>894.0</ele>
    <time>2026-04-18T12:26:32Z</time>
   </trkpt>
   <trkpt lat="12.9075560" lon="77.6275410">
    <ele>894.0</ele>
    <time>2026-04-18T12:26:33Z</time>
   </trkpt>
   <trkpt lat="12.9075640" lon="77.6275640">
    <ele>893.9</ele>
    <time>2026-04-18T12:26:34Z</time>
   </trkpt>
   <trkpt lat="12.9075640" lon="77.6275720">
    <ele>893.9</ele>
    <time>2026-04-18T12:26:35Z</time>
   </trkpt>
   <trkpt lat="12.9075630" lon="77.6275800">
    <ele>893.8</ele>
    <time>2026-04-18T12:26:36Z</time>
   </trkpt>
   <trkpt lat="12.9075640" lon="77.6276010">
    <ele>893.8</ele>
    <time>2026-04-18T12:26:37Z</time>
   </trkpt>
   <trkpt lat="12.9075590" lon="77.6276110">
    <ele>893.8</ele>
    <time>2026-04-18T12:26:38Z</time>
   </trkpt>
   <trkpt lat="12.9075640" lon="77.6276160">
    <ele>893.7</ele>
    <time>2026-04-18T12:26:39Z</time>
   </trkpt>
   <trkpt lat="12.9075640" lon="77.6276360">
    <ele>893.7</ele>
    <time>2026-04-18T12:26:40Z</time>
   </trkpt>
   <trkpt lat="12.9075570" lon="77.6276390">
    <ele>893.7</ele>
    <time>2026-04-18T12:26:41Z</time>
   </trkpt>
   <trkpt lat="12.9075420" lon="77.6276640">
    <ele>893.6</ele>
    <time>2026-04-18T12:26:42Z</time>
   </trkpt>
   <trkpt lat="12.9075360" lon="77.6276730">
    <ele>893.6</ele>
    <time>2026-04-18T12:26:43Z</time>
   </trkpt>
   <trkpt lat="12.9075350" lon="77.6277000">
    <ele>893.5</ele>
    <time>2026-04-18T12:26:44Z</time>
   </trkpt>
   <trkpt lat="12.9075330" lon="77.6277070">
    <ele>893.5</ele>
    <time>2026-04-18T12:26:45Z</time>
   </trkpt>
   <trkpt lat="12.9075310" lon="77.6277150">
    <ele>893.5</ele>
    <time>2026-04-18T12:26:46Z</time>
   </trkpt>
   <trkpt lat="12.9075320" lon="77.6277320">
    <ele>893.4</ele>
    <time>2026-04-18T12:26:47Z</time>
   </trkpt>
   <trkpt lat="12.9075310" lon="77.6277490">
    <ele>893.4</ele>
    <time>2026-04-18T12:26:48Z</time>
   </trkpt>
   <trkpt lat="12.9075270" lon="77.6277730">
    <ele>893.4</ele>
    <time>2026-04-18T12:26:49Z</time>
   </trkpt>
   <trkpt lat="12.9075230" lon="77.6277840">
    <ele>893.4</ele>
    <time>2026-04-18T12:26:50Z</time>
   </trkpt>
   <trkpt lat="12.9075180" lon="77.6277940">
    <ele>893.3</ele>
    <time>2026-04-18T12:26:51Z</time>
   </trkpt>
   <trkpt lat="12.9075330" lon="77.6278260">
    <ele>893.3</ele>
    <time>2026-04-18T12:26:52Z</time>
   </trkpt>
   <trkpt lat="12.9075230" lon="77.6278510">
    <ele>893.2</ele>
    <time>2026-04-18T12:26:53Z</time>
   </trkpt>
   <trkpt lat="12.9075170" lon="77.6278560">
    <ele>893.2</ele>
    <time>2026-04-18T12:26:54Z</time>
   </trkpt>
   <trkpt lat="12.9075100" lon="77.6278610">
    <ele>893.2</ele>
    <time>2026-04-18T12:26:55Z</time>
   </trkpt>
   <trkpt lat="12.9075050" lon="77.6278550">
    <ele>893.2</ele>
    <time>2026-04-18T12:26:56Z</time>
   </trkpt>
   <trkpt lat="12.9074950" lon="77.6278650">
    <ele>893.2</ele>
    <time>2026-04-18T12:26:57Z</time>
   </trkpt>
   <trkpt lat="12.9074930" lon="77.6278710">
    <ele>893.2</ele>
    <time>2026-04-18T12:26:58Z</time>
   </trkpt>
   <trkpt lat="12.9074890" lon="77.6278820">
    <ele>893.2</ele>
    <time>2026-04-18T12:26:59Z</time>
   </trkpt>
   <trkpt lat="12.9074830" lon="77.6278900">
    <ele>893.2</ele>
    <time>2026-04-18T12:27:00Z</time>
   </trkpt>
   <trkpt lat="12.9074790" lon="77.6279020">
    <ele>893.2</ele>
    <time>2026-04-18T12:27:01Z</time>
   </trkpt>
   <trkpt lat="12.9074720" lon="77.6279070">
    <ele>893.2</ele>
    <time>2026-04-18T12:27:02Z</time>
   </trkpt>
   <trkpt lat="12.9074690" lon="77.6279120">
    <ele>893.2</ele>
    <time>2026-04-18T12:27:03Z</time>
   </trkpt>
   <trkpt lat="12.9074610" lon="77.6279150">
    <ele>893.2</ele>
    <time>2026-04-18T12:27:04Z</time>
   </trkpt>
   <trkpt lat="12.9074460" lon="77.6279210">
    <ele>893.2</ele>
    <time>2026-04-18T12:27:05Z</time>
   </trkpt>
   <trkpt lat="12.9074430" lon="77.6279030">
    <ele>893.3</ele>
    <time>2026-04-18T12:27:06Z</time>
   </trkpt>
   <trkpt lat="12.9074220" lon="77.6279000">
    <ele>893.3</ele>
    <time>2026-04-18T12:27:07Z</time>
   </trkpt>
   <trkpt lat="12.9074070" lon="77.6279050">
    <ele>893.3</ele>
    <time>2026-04-18T12:27:08Z</time>
   </trkpt>
   <trkpt lat="12.9073910" lon="77.6279040">
    <ele>893.3</ele>
    <time>2026-04-18T12:27:09Z</time>
   </trkpt>
   <trkpt lat="12.9073760" lon="77.6279070">
    <ele>893.3</ele>
    <time>2026-04-18T12:27:10Z</time>
   </trkpt>
   <trkpt lat="12.9073600" lon="77.6279090">
    <ele>893.3</ele>
    <time>2026-04-18T12:27:11Z</time>
   </trkpt>
   <trkpt lat="12.9073480" lon="77.6279130">
    <ele>893.3</ele>
    <time>2026-04-18T12:27:12Z</time>
   </trkpt>
   <trkpt lat="12.9073400" lon="77.6279160">
    <ele>893.3</ele>
    <time>2026-04-18T12:27:13Z</time>
   </trkpt>
   <trkpt lat="12.9073410" lon="77.6279090">
    <ele>893.3</ele>
    <time>2026-04-18T12:27:14Z</time>
   </trkpt>
   <trkpt lat="12.9073330" lon="77.6279080">
    <ele>893.3</ele>
    <time>2026-04-18T12:27:15Z</time>
   </trkpt>
   <trkpt lat="12.9073270" lon="77.6279010">
    <ele>893.3</ele>
    <time>2026-04-18T12:27:16Z</time>
   </trkpt>
   <trkpt lat="12.9073220" lon="77.6278930">
    <ele>893.3</ele>
    <time>2026-04-18T12:27:17Z</time>
   </trkpt>
   <trkpt lat="12.9073250" lon="77.6278890">
    <ele>893.3</ele>
    <time>2026-04-18T12:27:18Z</time>
   </trkpt>
   <trkpt lat="12.9073210" lon="77.6278950">
    <ele>893.3</ele>
    <time>2026-04-18T12:27:19Z</time>
   </trkpt>
   <trkpt lat="12.9073130" lon="77.6278940">
    <ele>893.3</ele>
    <time>2026-04-18T12:27:20Z</time>
   </trkpt>
   <trkpt lat="12.9072990" lon="77.6278970">
    <ele>893.3</ele>
    <time>2026-04-18T12:27:21Z</time>
   </trkpt>
   <trkpt lat="12.9072860" lon="77.6278960">
    <ele>893.3</ele>
    <time>2026-04-18T12:27:22Z</time>
   </trkpt>
   <trkpt lat="12.9072810" lon="77.6278980">
    <ele>893.3</ele>
    <time>2026-04-18T12:27:23Z</time>
   </trkpt>
   <trkpt lat="12.9072750" lon="77.6278950">
    <ele>893.3</ele>
    <time>2026-04-18T12:27:24Z</time>
   </trkpt>
   <trkpt lat="12.9072690" lon="77.6278870">
    <ele>893.3</ele>
    <time>2026-04-18T12:27:25Z</time>
   </trkpt>
   <trkpt lat="12.9072590" lon="77.6278890">
    <ele>893.3</ele>
    <time>2026-04-18T12:27:26Z</time>
   </trkpt>
   <trkpt lat="12.9072500" lon="77.6278900">
    <ele>893.3</ele>
    <time>2026-04-18T12:27:27Z</time>
   </trkpt>
   <trkpt lat="12.9072390" lon="77.6278890">
    <ele>893.3</ele>
    <time>2026-04-18T12:27:28Z</time>
   </trkpt>
   <trkpt lat="12.9072180" lon="77.6278870">
    <ele>893.3</ele>
    <time>2026-04-18T12:27:29Z</time>
   </trkpt>
   <trkpt lat="12.9072090" lon="77.6278880">
    <ele>893.3</ele>
    <time>2026-04-18T12:27:30Z</time>
   </trkpt>
   <trkpt lat="12.9071990" lon="77.6278890">
    <ele>893.3</ele>
    <time>2026-04-18T12:27:31Z</time>
   </trkpt>
   <trkpt lat="12.9071850" lon="77.6278950">
    <ele>893.3</ele>
    <time>2026-04-18T12:27:32Z</time>
   </trkpt>
   <trkpt lat="12.9071740" lon="77.6278980">
    <ele>893.3</ele>
    <time>2026-04-18T12:27:33Z</time>
   </trkpt>
   <trkpt lat="12.9071690" lon="77.6278900">
    <ele>893.3</ele>
    <time>2026-04-18T12:27:34Z</time>
   </trkpt>
   <trkpt lat="12.9071630" lon="77.6278900">
    <ele>893.3</ele>
    <time>2026-04-18T12:27:35Z</time>
   </trkpt>
   <trkpt lat="12.9071520" lon="77.6278920">
    <ele>893.3</ele>
    <time>2026-04-18T12:27:36Z</time>
   </trkpt>
   <trkpt lat="12.9071350" lon="77.6278770">
    <ele>893.3</ele>
    <time>2026-04-18T12:27:37Z</time>
   </trkpt>
   <trkpt lat="12.9071230" lon="77.6278710">
    <ele>893.4</ele>
    <time>2026-04-18T12:27:38Z</time>
   </trkpt>
   <trkpt lat="12.9071310" lon="77.6278780">
    <ele>893.4</ele>
    <time>2026-04-18T12:27:39Z</time>
   </trkpt>
   <trkpt lat="12.9071290" lon="77.6278740">
    <ele>893.4</ele>
    <time>2026-04-18T12:27:40Z</time>
   </trkpt>
   <trkpt lat="12.9071080" lon="77.6278760">
    <ele>893.4</ele>
    <time>2026-04-18T12:27:41Z</time>
   </trkpt>
   <trkpt lat="12.9070820" lon="77.6278770">
    <ele>893.4</ele>
    <time>2026-04-18T12:27:42Z</time>
   </trkpt>
   <trkpt lat="12.9070690" lon="77.6278810">
    <ele>893.4</ele>
    <time>2026-04-18T12:27:43Z</time>
   </trkpt>
   <trkpt lat="12.9070510" lon="77.6278680">
    <ele>893.5</ele>
    <time>2026-04-18T12:27:44Z</time>
   </trkpt>
   <trkpt lat="12.9070350" lon="77.6278710">
    <ele>893.5</ele>
    <time>2026-04-18T12:27:45Z</time>
   </trkpt>
   <trkpt lat="12.9070210" lon="77.6278690">
    <ele>893.5</ele>
    <time>2026-04-18T12:27:46Z</time>
   </trkpt>
   <trkpt lat="12.9070080" lon="77.6278660">
    <ele>893.5</ele>
    <time>2026-04-18T12:27:47Z</time>
   </trkpt>
   <trkpt lat="12.9069950" lon="77.6278620">
    <ele>893.5</ele>
    <time>2026-04-18T12:27:48Z</time>
   </trkpt>
   <trkpt lat="12.9069860" lon="77.6278640">
    <ele>893.6</ele>
    <time>2026-04-18T12:27:49Z</time>
   </trkpt>
   <trkpt lat="12.9069770" lon="77.6278710">
    <ele>893.6</ele>
    <time>2026-04-18T12:27:50Z</time>
   </trkpt>
   <trkpt lat="12.9069490" lon="77.6278700">
    <ele>893.6</ele>
    <time>2026-04-18T12:27:51Z</time>
   </trkpt>
   <trkpt lat="12.9069370" lon="77.6278710">
    <ele>893.6</ele>
    <time>2026-04-18T12:27:52Z</time>
   </trkpt>
   <trkpt lat="12.9069210" lon="77.6278720">
    <ele>893.7</ele>
    <time>2026-04-18T12:27:53Z</time>
   </trkpt>
   <trkpt lat="12.9069070" lon="77.6278570">
    <ele>893.7</ele>
    <time>2026-04-18T12:27:54Z</time>
   </trkpt>
   <trkpt lat="12.9069010" lon="77.6278530">
    <ele>893.7</ele>
    <time>2026-04-18T12:27:55Z</time>
   </trkpt>
   <trkpt lat="12.9068900" lon="77.6278580">
    <ele>893.7</ele>
    <time>2026-04-18T12:27:56Z</time>
   </trkpt>
   <trkpt lat="12.9068790" lon="77.6278660">
    <ele>893.8</ele>
    <time>2026-04-18T12:27:57Z</time>
   </trkpt>
   <trkpt lat="12.9068690" lon="77.6278730">
    <ele>893.8</ele>
    <time>2026-04-18T12:27:58Z</time>
   </trkpt>
   <trkpt lat="12.9068630" lon="77.6278820">
    <ele>893.8</ele>
    <time>2026-04-18T12:27:59Z</time>
   </trkpt>
   <trkpt lat="12.9068620" lon="77.6278790">
    <ele>893.8</ele>
    <time>2026-04-18T12:28:00Z</time>
   </trkpt>
   <trkpt lat="12.9068520" lon="77.6278830">
    <ele>893.8</ele>
    <time>2026-04-18T12:28:01Z</time>
   </trkpt>
   <trkpt lat="12.9068520" lon="77.6278860">
    <ele>893.8</ele>
    <time>2026-04-18T12:28:02Z</time>
   </trkpt>
   <trkpt lat="12.9068390" lon="77.6278960">
    <ele>893.9</ele>
    <time>2026-04-18T12:28:03Z</time>
   </trkpt>
   <trkpt lat="12.9068250" lon="77.6279010">
    <ele>893.9</ele>
    <time>2026-04-18T12:28:04Z</time>
   </trkpt>
   <trkpt lat="12.9068200" lon="77.6279020">
    <ele>893.9</ele>
    <time>2026-04-18T12:28:05Z</time>
   </trkpt>
   <trkpt lat="12.9068130" lon="77.6278970">
    <ele>893.9</ele>
    <time>2026-04-18T12:28:06Z</time>
   </trkpt>
   <trkpt lat="12.9067970" lon="77.6278940">
    <ele>894.0</ele>
    <time>2026-04-18T12:28:07Z</time>
   </trkpt>
   <trkpt lat="12.9067650" lon="77.6278700">
    <ele>894.1</ele>
    <time>2026-04-18T12:28:08Z</time>
   </trkpt>
   <trkpt lat="12.9067500" lon="77.6278600">
    <ele>894.1</ele>
    <time>2026-04-18T12:28:09Z</time>
   </trkpt>
   <trkpt lat="12.9067460" lon="77.6278660">
    <ele>894.2</ele>
    <time>2026-04-18T12:28:10Z</time>
   </trkpt>
   <trkpt lat="12.9067360" lon="77.6278730">
    <ele>894.2</ele>
    <time>2026-04-18T12:28:11Z</time>
   </trkpt>
   <trkpt lat="12.9067240" lon="77.6278730">
    <ele>894.2</ele>
    <time>2026-04-18T12:28:12Z</time>
   </trkpt>
   <trkpt lat="12.9067100" lon="77.6278640">
    <ele>894.3</ele>
    <time>2026-04-18T12:28:13Z</time>
   </trkpt>
   <trkpt lat="12.9067000" lon="77.6278590">
    <ele>894.3</ele>
    <time>2026-04-18T12:28:14Z</time>
   </trkpt>
   <trkpt lat="12.9067020" lon="77.6278410">
    <ele>894.4</ele>
    <time>2026-04-18T12:28:15Z</time>
   </trkpt>
   <trkpt lat="12.9066920" lon="77.6278420">
    <ele>894.4</ele>
    <time>2026-04-18T12:28:16Z</time>
   </trkpt>
   <trkpt lat="12.9066640" lon="77.6278370">
    <ele>894.5</ele>
    <time>2026-04-18T12:28:17Z</time>
   </trkpt>
   <trkpt lat="12.9066530" lon="77.6278370">
    <ele>894.5</ele>
    <time>2026-04-18T12:28:18Z</time>
   </trkpt>
   <trkpt lat="12.9066230" lon="77.6278430">
    <ele>894.6</ele>
    <time>2026-04-18T12:28:19Z</time>
   </trkpt>
   <trkpt lat="12.9066140" lon="77.6278440">
    <ele>894.6</ele>
    <time>2026-04-18T12:28:20Z</time>
   </trkpt>
   <trkpt lat="12.9066060" lon="77.6278620">
    <ele>894.7</ele>
    <time>2026-04-18T12:28:21Z</time>
   </trkpt>
   <trkpt lat="12.9066010" lon="77.6278700">
    <ele>894.7</ele>
    <time>2026-04-18T12:28:22Z</time>
   </trkpt>
   <trkpt lat="12.9065910" lon="77.6278730">
    <ele>894.7</ele>
    <time>2026-04-18T12:28:23Z</time>
   </trkpt>
   <trkpt lat="12.9065800" lon="77.6278780">
    <ele>894.8</ele>
    <time>2026-04-18T12:28:24Z</time>
   </trkpt>
   <trkpt lat="12.9065670" lon="77.6278790">
    <ele>894.8</ele>
    <time>2026-04-18T12:28:25Z</time>
   </trkpt>
   <trkpt lat="12.9065570" lon="77.6278860">
    <ele>894.8</ele>
    <time>2026-04-18T12:28:26Z</time>
   </trkpt>
   <trkpt lat="12.9065560" lon="77.6278910">
    <ele>894.8</ele>
    <time>2026-04-18T12:28:27Z</time>
   </trkpt>
   <trkpt lat="12.9065560" lon="77.6278970">
    <ele>894.8</ele>
    <time>2026-04-18T12:28:28Z</time>
   </trkpt>
   <trkpt lat="12.9065550" lon="77.6279030">
    <ele>894.9</ele>
    <time>2026-04-18T12:28:29Z</time>
   </trkpt>
   <trkpt lat="12.9065540" lon="77.6279080">
    <ele>894.9</ele>
    <time>2026-04-18T12:28:30Z</time>
   </trkpt>
   <trkpt lat="12.9065530" lon="77.6279140">
    <ele>894.9</ele>
    <time>2026-04-18T12:28:31Z</time>
   </trkpt>
   <trkpt lat="12.9065590" lon="77.6279330">
    <ele>895.0</ele>
    <time>2026-04-18T12:28:32Z</time>
   </trkpt>
   <trkpt lat="12.9065610" lon="77.6279380">
    <ele>894.9</ele>
    <time>2026-04-18T12:28:33Z</time>
   </trkpt>
   <trkpt lat="12.9065640" lon="77.6279420">
    <ele>894.9</ele>
    <time>2026-04-18T12:28:34Z</time>
   </trkpt>
   <trkpt lat="12.9065660" lon="77.6279470">
    <ele>894.9</ele>
    <time>2026-04-18T12:28:35Z</time>
   </trkpt>
   <trkpt lat="12.9065690" lon="77.6279520">
    <ele>894.9</ele>
    <time>2026-04-18T12:28:36Z</time>
   </trkpt>
   <trkpt lat="12.9065740" lon="77.6279730">
    <ele>894.8</ele>
    <time>2026-04-18T12:28:37Z</time>
   </trkpt>
   <trkpt lat="12.9065840" lon="77.6279650">
    <ele>894.7</ele>
    <time>2026-04-18T12:28:38Z</time>
   </trkpt>
   <trkpt lat="12.9065830" lon="77.6279820">
    <ele>894.7</ele>
    <time>2026-04-18T12:28:39Z</time>
   </trkpt>
   <trkpt lat="12.9066000" lon="77.6279940">
    <ele>894.6</ele>
    <time>2026-04-18T12:28:40Z</time>
   </trkpt>
   <trkpt lat="12.9066060" lon="77.6279990">
    <ele>894.6</ele>
    <time>2026-04-18T12:28:41Z</time>
   </trkpt>
   <trkpt lat="12.9066130" lon="77.6280040">
    <ele>894.6</ele>
    <time>2026-04-18T12:28:42Z</time>
   </trkpt>
   <trkpt lat="12.9066210" lon="77.6280150">
    <ele>894.5</ele>
    <time>2026-04-18T12:28:43Z</time>
   </trkpt>
   <trkpt lat="12.9066310" lon="77.6280220">
    <ele>894.5</ele>
    <time>2026-04-18T12:28:44Z</time>
   </trkpt>
   <trkpt lat="12.9066370" lon="77.6280270">
    <ele>894.5</ele>
    <time>2026-04-18T12:28:45Z</time>
   </trkpt>
   <trkpt lat="12.9066440" lon="77.6280370">
    <ele>894.4</ele>
    <time>2026-04-18T12:28:46Z</time>
   </trkpt>
   <trkpt lat="12.9066490" lon="77.6280460">
    <ele>894.4</ele>
    <time>2026-04-18T12:28:47Z</time>
   </trkpt>
   <trkpt lat="12.9066510" lon="77.6280380">
    <ele>894.4</ele>
    <time>2026-04-18T12:28:48Z</time>
   </trkpt>
   <trkpt lat="12.9066550" lon="77.6280500">
    <ele>894.3</ele>
    <time>2026-04-18T12:28:49Z</time>
   </trkpt>
   <trkpt lat="12.9066730" lon="77.6280550">
    <ele>894.3</ele>
    <time>2026-04-18T12:28:50Z</time>
   </trkpt>
   <trkpt lat="12.9066820" lon="77.6280650">
    <ele>894.2</ele>
    <time>2026-04-18T12:28:51Z</time>
   </trkpt>
   <trkpt lat="12.9066910" lon="77.6280750">
    <ele>894.2</ele>
    <time>2026-04-18T12:28:52Z</time>
   </trkpt>
   <trkpt lat="12.9067020" lon="77.6280900">
    <ele>894.1</ele>
    <time>2026-04-18T12:28:53Z</time>
   </trkpt>
   <trkpt lat="12.9067100" lon="77.6281020">
    <ele>894.1</ele>
    <time>2026-04-18T12:28:54Z</time>
   </trkpt>
   <trkpt lat="12.9067240" lon="77.6281190">
    <ele>894.0</ele>
    <time>2026-04-18T12:28:55Z</time>
   </trkpt>
   <trkpt lat="12.9067290" lon="77.6281250">
    <ele>894.0</ele>
    <time>2026-04-18T12:28:56Z</time>
   </trkpt>
   <trkpt lat="12.9067330" lon="77.6281320">
    <ele>894.0</ele>
    <time>2026-04-18T12:28:57Z</time>
   </trkpt>
   <trkpt lat="12.9067420" lon="77.6281490">
    <ele>893.9</ele>
    <time>2026-04-18T12:28:58Z</time>
   </trkpt>
   <trkpt lat="12.9067490" lon="77.6281590">
    <ele>893.9</ele>
    <time>2026-04-18T12:28:59Z</time>
   </trkpt>
   <trkpt lat="12.9067550" lon="77.6281690">
    <ele>893.8</ele>
    <time>2026-04-18T12:29:00Z</time>
   </trkpt>
   <trkpt lat="12.9067600" lon="77.6281870">
    <ele>893.8</ele>
    <time>2026-04-18T12:29:01Z</time>
   </trkpt>
   <trkpt lat="12.9067550" lon="77.6281950">
    <ele>893.7</ele>
    <time>2026-04-18T12:29:02Z</time>
   </trkpt>
   <trkpt lat="12.9067540" lon="77.6282040">
    <ele>893.7</ele>
    <time>2026-04-18T12:29:03Z</time>
   </trkpt>
   <trkpt lat="12.9067500" lon="77.6282210">
    <ele>893.7</ele>
    <time>2026-04-18T12:29:04Z</time>
   </trkpt>
   <trkpt lat="12.9067370" lon="77.6282300">
    <ele>893.6</ele>
    <time>2026-04-18T12:29:05Z</time>
   </trkpt>
   <trkpt lat="12.9067280" lon="77.6282440">
    <ele>893.6</ele>
    <time>2026-04-18T12:29:06Z</time>
   </trkpt>
   <trkpt lat="12.9067280" lon="77.6282540">
    <ele>893.6</ele>
    <time>2026-04-18T12:29:07Z</time>
   </trkpt>
   <trkpt lat="12.9067320" lon="77.6282650">
    <ele>893.5</ele>
    <time>2026-04-18T12:29:08Z</time>
   </trkpt>
   <trkpt lat="12.9067430" lon="77.6282690">
    <ele>893.5</ele>
    <time>2026-04-18T12:29:09Z</time>
   </trkpt>
   <trkpt lat="12.9067470" lon="77.6282610">
    <ele>893.5</ele>
    <time>2026-04-18T12:29:10Z</time>
   </trkpt>
   <trkpt lat="12.9067520" lon="77.6282520">
    <ele>893.5</ele>
    <time>2026-04-18T12:29:11Z</time>
   </trkpt>
   <trkpt lat="12.9067560" lon="77.6282440">
    <ele>893.4</ele>
    <time>2026-04-18T12:29:12Z</time>
   </trkpt>
   <trkpt lat="12.9067610" lon="77.6282360">
    <ele>893.4</ele>
    <time>2026-04-18T12:29:13Z</time>
   </trkpt>
   <trkpt lat="12.9067730" lon="77.6282260">
    <ele>893.4</ele>
    <time>2026-04-18T12:29:14Z</time>
   </trkpt>
   <trkpt lat="12.9067800" lon="77.6282200">
    <ele>893.3</ele>
    <time>2026-04-18T12:29:15Z</time>
   </trkpt>
   <trkpt lat="12.9067750" lon="77.6282250">
    <ele>893.3</ele>
    <time>2026-04-18T12:29:16Z</time>
   </trkpt>
   <trkpt lat="12.9067700" lon="77.6282480">
    <ele>893.3</ele>
    <time>2026-04-18T12:29:17Z</time>
   </trkpt>
   <trkpt lat="12.9067550" lon="77.6282620">
    <ele>893.2</ele>
    <time>2026-04-18T12:29:18Z</time>
   </trkpt>
   <trkpt lat="12.9067570" lon="77.6282730">
    <ele>893.2</ele>
    <time>2026-04-18T12:29:19Z</time>
   </trkpt>
   <trkpt lat="12.9067470" lon="77.6282860">
    <ele>893.2</ele>
    <time>2026-04-18T12:29:20Z</time>
   </trkpt>
   <trkpt lat="12.9067590" lon="77.6282830">
    <ele>893.1</ele>
    <time>2026-04-18T12:29:21Z</time>
   </trkpt>
   <trkpt lat="12.9067610" lon="77.6283020">
    <ele>893.1</ele>
    <time>2026-04-18T12:29:22Z</time>
   </trkpt>
   <trkpt lat="12.9067660" lon="77.6283100">
    <ele>893.1</ele>
    <time>2026-04-18T12:29:23Z</time>
   </trkpt>
   <trkpt lat="12.9067700" lon="77.6283150">
    <ele>893.1</ele>
    <time>2026-04-18T12:29:24Z</time>
   </trkpt>
   <trkpt lat="12.9067750" lon="77.6283260">
    <ele>893.1</ele>
    <time>2026-04-18T12:29:25Z</time>
   </trkpt>
   <trkpt lat="12.9067810" lon="77.6283420">
    <ele>893.0</ele>
    <time>2026-04-18T12:29:26Z</time>
   </trkpt>
   <trkpt lat="12.9067810" lon="77.6283540">
    <ele>893.0</ele>
    <time>2026-04-18T12:29:27Z</time>
   </trkpt>
   <trkpt lat="12.9067800" lon="77.6283670">
    <ele>893.0</ele>
    <time>2026-04-18T12:29:28Z</time>
   </trkpt>
   <trkpt lat="12.9067990" lon="77.6283880">
    <ele>892.9</ele>
    <time>2026-04-18T12:29:29Z</time>
   </trkpt>
   <trkpt lat="12.9068180" lon="77.6283990">
    <ele>892.9</ele>
    <time>2026-04-18T12:29:30Z</time>
   </trkpt>
   <trkpt lat="12.9068180" lon="77.6284150">
    <ele>892.9</ele>
    <time>2026-04-18T12:29:31Z</time>
   </trkpt>
   <trkpt lat="12.9068250" lon="77.6284230">
    <ele>892.9</ele>
    <time>2026-04-18T12:29:32Z</time>
   </trkpt>
   <trkpt lat="12.9068240" lon="77.6284340">
    <ele>892.9</ele>
    <time>2026-04-18T12:29:33Z</time>
   </trkpt>
   <trkpt lat="12.9068300" lon="77.6284440">
    <ele>892.8</ele>
    <time>2026-04-18T12:29:34Z</time>
   </trkpt>
   <trkpt lat="12.9068360" lon="77.6284650">
    <ele>892.8</ele>
    <time>2026-04-18T12:29:35Z</time>
   </trkpt>
   <trkpt lat="12.9068400" lon="77.6284720">
    <ele>892.8</ele>
    <time>2026-04-18T12:29:36Z</time>
   </trkpt>
   <trkpt lat="12.9068440" lon="77.6284790">
    <ele>892.8</ele>
    <time>2026-04-18T12:29:37Z</time>
   </trkpt>
   <trkpt lat="12.9068560" lon="77.6284920">
    <ele>892.8</ele>
    <time>2026-04-18T12:29:38Z</time>
   </trkpt>
   <trkpt lat="12.9068620" lon="77.6285030">
    <ele>892.8</ele>
    <time>2026-04-18T12:29:39Z</time>
   </trkpt>
   <trkpt lat="12.9068670" lon="77.6285140">
    <ele>892.7</ele>
    <time>2026-04-18T12:29:40Z</time>
   </trkpt>
   <trkpt lat="12.9068750" lon="77.6285260">
    <ele>892.7</ele>
    <time>2026-04-18T12:29:41Z</time>
   </trkpt>
   <trkpt lat="12.9068800" lon="77.6285430">
    <ele>892.2</ele>
    <time>2026-04-18T12:29:42Z</time>
   </trkpt>
   <trkpt lat="12.9068700" lon="77.6285600">
    <ele>892.2</ele>
    <time>2026-04-18T12:29:43Z</time>
   </trkpt>
   <trkpt lat="12.9068590" lon="77.6285650">
    <ele>892.2</ele>
    <time>2026-04-18T12:29:44Z</time>
   </trkpt>
   <trkpt lat="12.9068550" lon="77.6285790">
    <ele>892.2</ele>
    <time>2026-04-18T12:29:45Z</time>
   </trkpt>
   <trkpt lat="12.9068540" lon="77.6285870">
    <ele>891.7</ele>
    <time>2026-04-18T12:29:46Z</time>
   </trkpt>
   <trkpt lat="12.9068530" lon="77.6285960">
    <ele>891.7</ele>
    <time>2026-04-18T12:29:47Z</time>
   </trkpt>
   <trkpt lat="12.9068520" lon="77.6286040">
    <ele>891.7</ele>
    <time>2026-04-18T12:29:48Z</time>
   </trkpt>
   <trkpt lat="12.9068460" lon="77.6286320">
    <ele>891.3</ele>
    <time>2026-04-18T12:29:49Z</time>
   </trkpt>
   <trkpt lat="12.9068570" lon="77.6286480">
    <ele>891.3</ele>
    <time>2026-04-18T12:29:50Z</time>
   </trkpt>
   <trkpt lat="12.9068640" lon="77.6286560">
    <ele>891.2</ele>
    <time>2026-04-18T12:29:51Z</time>
   </trkpt>
   <trkpt lat="12.9068700" lon="77.6286630">
    <ele>891.2</ele>
    <time>2026-04-18T12:29:52Z</time>
   </trkpt>
   <trkpt lat="12.9068770" lon="77.6286820">
    <ele>891.1</ele>
    <time>2026-04-18T12:29:53Z</time>
   </trkpt>
   <trkpt lat="12.9068890" lon="77.6286920">
    <ele>891.1</ele>
    <time>2026-04-18T12:29:54Z</time>
   </trkpt>
   <trkpt lat="12.9068860" lon="77.6286970">
    <ele>891.1</ele>
    <time>2026-04-18T12:29:56Z</time>
   </trkpt>
   <trkpt lat="12.9068880" lon="77.6287120">
    <ele>890.9</ele>
    <time>2026-04-18T12:29:57Z</time>
   </trkpt>
   <trkpt lat="12.9068880" lon="77.6287220">
    <ele>890.9</ele>
    <time>2026-04-18T12:29:58Z</time>
   </trkpt>
   <trkpt lat="12.9068930" lon="77.6287290">
    <ele>890.9</ele>
    <time>2026-04-18T12:29:59Z</time>
   </trkpt>
   <trkpt lat="12.9068940" lon="77.6287450">
    <ele>890.9</ele>
    <time>2026-04-18T12:30:00Z</time>
   </trkpt>
   <trkpt lat="12.9068990" lon="77.6287560">
    <ele>890.7</ele>
    <time>2026-04-18T12:30:01Z</time>
   </trkpt>
   <trkpt lat="12.9069090" lon="77.6287610">
    <ele>890.5</ele>
    <time>2026-04-18T12:30:02Z</time>
   </trkpt>
   <trkpt lat="12.9069120" lon="77.6287650">
    <ele>890.5</ele>
    <time>2026-04-18T12:30:03Z</time>
   </trkpt>
   <trkpt lat="12.9069160" lon="77.6287690">
    <ele>890.5</ele>
    <time>2026-04-18T12:30:04Z</time>
   </trkpt>
   <trkpt lat="12.9069110" lon="77.6287700">
    <ele>890.5</ele>
    <time>2026-04-18T12:30:05Z</time>
   </trkpt>
   <trkpt lat="12.9069250" lon="77.6287820">
    <ele>890.5</ele>
    <time>2026-04-18T12:30:06Z</time>
   </trkpt>
   <trkpt lat="12.9069310" lon="77.6287860">
    <ele>890.5</ele>
    <time>2026-04-18T12:30:07Z</time>
   </trkpt>
   <trkpt lat="12.9069440" lon="77.6287920">
    <ele>890.3</ele>
    <time>2026-04-18T12:30:08Z</time>
   </trkpt>
   <trkpt lat="12.9069530" lon="77.6287980">
    <ele>890.1</ele>
    <time>2026-04-18T12:30:09Z</time>
   </trkpt>
   <trkpt lat="12.9069450" lon="77.6288140">
    <ele>890.1</ele>
    <time>2026-04-18T12:30:10Z</time>
   </trkpt>
   <trkpt lat="12.9069420" lon="77.6288250">
    <ele>890.3</ele>
    <time>2026-04-18T12:30:11Z</time>
   </trkpt>
   <trkpt lat="12.9069370" lon="77.6288390">
    <ele>890.3</ele>
    <time>2026-04-18T12:30:12Z</time>
   </trkpt>
   <trkpt lat="12.9069320" lon="77.6288550">
    <ele>890.3</ele>
    <time>2026-04-18T12:30:13Z</time>
   </trkpt>
   <trkpt lat="12.9069360" lon="77.6288850">
    <ele>890.3</ele>
    <time>2026-04-18T12:30:14Z</time>
   </trkpt>
   <trkpt lat="12.9069380" lon="77.6288970">
    <ele>890.3</ele>
    <time>2026-04-18T12:30:15Z</time>
   </trkpt>
   <trkpt lat="12.9069520" lon="77.6289220">
    <ele>890.1</ele>
    <time>2026-04-18T12:30:16Z</time>
   </trkpt>
   <trkpt lat="12.9069560" lon="77.6289310">
    <ele>890.1</ele>
    <time>2026-04-18T12:30:17Z</time>
   </trkpt>
   <trkpt lat="12.9069750" lon="77.6289320">
    <ele>890.1</ele>
    <time>2026-04-18T12:30:18Z</time>
   </trkpt>
   <trkpt lat="12.9069880" lon="77.6289460">
    <ele>890.0</ele>
    <time>2026-04-18T12:30:19Z</time>
   </trkpt>
   <trkpt lat="12.9069950" lon="77.6289630">
    <ele>890.0</ele>
    <time>2026-04-18T12:30:20Z</time>
   </trkpt>
   <trkpt lat="12.9070080" lon="77.6289610">
    <ele>890.0</ele>
    <time>2026-04-18T12:30:21Z</time>
   </trkpt>
   <trkpt lat="12.9070140" lon="77.6289700">
    <ele>890.1</ele>
    <time>2026-04-18T12:30:22Z</time>
   </trkpt>
   <trkpt lat="12.9070160" lon="77.6289730">
    <ele>890.1</ele>
    <time>2026-04-18T12:30:23Z</time>
   </trkpt>
   <trkpt lat="12.9070190" lon="77.6289800">
    <ele>890.1</ele>
    <time>2026-04-18T12:30:24Z</time>
   </trkpt>
   <trkpt lat="12.9070130" lon="77.6289830">
    <ele>890.0</ele>
    <time>2026-04-18T12:30:25Z</time>
   </trkpt>
   <trkpt lat="12.9070030" lon="77.6289850">
    <ele>890.0</ele>
    <time>2026-04-18T12:30:26Z</time>
   </trkpt>
   <trkpt lat="12.9069910" lon="77.6289820">
    <ele>890.0</ele>
    <time>2026-04-18T12:30:27Z</time>
   </trkpt>
   <trkpt lat="12.9069820" lon="77.6289800">
    <ele>890.0</ele>
    <time>2026-04-18T12:30:28Z</time>
   </trkpt>
   <trkpt lat="12.9069840" lon="77.6289850">
    <ele>890.0</ele>
    <time>2026-04-18T12:30:29Z</time>
   </trkpt>
   <trkpt lat="12.9069830" lon="77.6289840">
    <ele>890.0</ele>
    <time>2026-04-18T12:30:30Z</time>
   </trkpt>
   <trkpt lat="12.9069810" lon="77.6289970">
    <ele>890.0</ele>
    <time>2026-04-18T12:30:31Z</time>
   </trkpt>
   <trkpt lat="12.9069790" lon="77.6289960">
    <ele>890.0</ele>
    <time>2026-04-18T12:30:32Z</time>
   </trkpt>
   <trkpt lat="12.9069790" lon="77.6289960">
    <ele>890.0</ele>
    <time>2026-04-18T12:30:33Z</time>
   </trkpt>
   <trkpt lat="12.9069790" lon="77.6289960">
    <ele>890.0</ele>
    <time>2026-04-18T12:30:34Z</time>
   </trkpt>
   <trkpt lat="12.9069830" lon="77.6290110">
    <ele>890.2</ele>
    <time>2026-04-18T12:30:35Z</time>
   </trkpt>
   <trkpt lat="12.9069830" lon="77.6290100">
    <ele>890.2</ele>
    <time>2026-04-18T12:30:36Z</time>
   </trkpt>
   <trkpt lat="12.9069830" lon="77.6290100">
    <ele>890.2</ele>
    <time>2026-04-18T12:30:37Z</time>
   </trkpt>
   <trkpt lat="12.9069830" lon="77.6290100">
    <ele>890.2</ele>
    <time>2026-04-18T12:30:38Z</time>
   </trkpt>
   <trkpt lat="12.9069740" lon="77.6290010">
    <ele>889.9</ele>
    <time>2026-04-18T12:30:39Z</time>
   </trkpt>
   <trkpt lat="12.9069810" lon="77.6290050">
    <ele>889.9</ele>
    <time>2026-04-18T12:30:40Z</time>
   </trkpt>
   <trkpt lat="12.9069910" lon="77.6290170">
    <ele>890.2</ele>
    <time>2026-04-18T12:30:41Z</time>
   </trkpt>
   <trkpt lat="12.9069680" lon="77.6290090">
    <ele>890.2</ele>
    <time>2026-04-18T12:30:42Z</time>
   </trkpt>
   <trkpt lat="12.9069670" lon="77.6290020">
    <ele>889.9</ele>
    <time>2026-04-18T12:30:43Z</time>
   </trkpt>
   <trkpt lat="12.9069740" lon="77.6290330">
    <ele>890.1</ele>
    <time>2026-04-18T12:30:44Z</time>
   </trkpt>
   <trkpt lat="12.9069800" lon="77.6290410">
    <ele>890.1</ele>
    <time>2026-04-18T12:30:45Z</time>
   </trkpt>
   <trkpt lat="12.9069980" lon="77.6290700">
    <ele>890.4</ele>
    <time>2026-04-18T12:30:46Z</time>
   </trkpt>
   <trkpt lat="12.9070020" lon="77.6290750">
    <ele>890.4</ele>
    <time>2026-04-18T12:30:47Z</time>
   </trkpt>
   <trkpt lat="12.9070110" lon="77.6290970">
    <ele>890.6</ele>
    <time>2026-04-18T12:30:48Z</time>
   </trkpt>
   <trkpt lat="12.9070130" lon="77.6291070">
    <ele>890.6</ele>
    <time>2026-04-18T12:30:49Z</time>
   </trkpt>
   <trkpt lat="12.9070140" lon="77.6291160">
    <ele>890.6</ele>
    <time>2026-04-18T12:30:50Z</time>
   </trkpt>
   <trkpt lat="12.9070210" lon="77.6291300">
    <ele>890.6</ele>
    <time>2026-04-18T12:30:51Z</time>
   </trkpt>
   <trkpt lat="12.9070250" lon="77.6291380">
    <ele>890.8</ele>
    <time>2026-04-18T12:30:52Z</time>
   </trkpt>
   <trkpt lat="12.9070290" lon="77.6291460">
    <ele>890.8</ele>
    <time>2026-04-18T12:30:53Z</time>
   </trkpt>
   <trkpt lat="12.9070330" lon="77.6291540">
    <ele>890.8</ele>
    <time>2026-04-18T12:30:54Z</time>
   </trkpt>
   <trkpt lat="12.9070370" lon="77.6291620">
    <ele>890.7</ele>
    <time>2026-04-18T12:30:55Z</time>
   </trkpt>
   <trkpt lat="12.9070290" lon="77.6291490">
    <ele>890.8</ele>
    <time>2026-04-18T12:30:56Z</time>
   </trkpt>
   <trkpt lat="12.9070290" lon="77.6291590">
    <ele>890.8</ele>
    <time>2026-04-18T12:30:57Z</time>
   </trkpt>
   <trkpt lat="12.9070280" lon="77.6291650">
    <ele>890.8</ele>
    <time>2026-04-18T12:30:58Z</time>
   </trkpt>
   <trkpt lat="12.9070280" lon="77.6291640">
    <ele>890.8</ele>
    <time>2026-04-18T12:30:59Z</time>
   </trkpt>
   <trkpt lat="12.9070250" lon="77.6291570">
    <ele>890.8</ele>
    <time>2026-04-18T12:31:00Z</time>
   </trkpt>
   <trkpt lat="12.9070200" lon="77.6291680">
    <ele>890.8</ele>
    <time>2026-04-18T12:31:01Z</time>
   </trkpt>
   <trkpt lat="12.9070150" lon="77.6291920">
    <ele>890.8</ele>
    <time>2026-04-18T12:31:02Z</time>
   </trkpt>
   <trkpt lat="12.9070090" lon="77.6292030">
    <ele>890.8</ele>
    <time>2026-04-18T12:31:03Z</time>
   </trkpt>
   <trkpt lat="12.9070000" lon="77.6292090">
    <ele>890.8</ele>
    <time>2026-04-18T12:31:04Z</time>
   </trkpt>
   <trkpt lat="12.9069890" lon="77.6292130">
    <ele>890.8</ele>
    <time>2026-04-18T12:31:05Z</time>
   </trkpt>
   <trkpt lat="12.9069770" lon="77.6292180">
    <ele>890.8</ele>
    <time>2026-04-18T12:31:06Z</time>
   </trkpt>
   <trkpt lat="12.9069640" lon="77.6292240">
    <ele>890.8</ele>
    <time>2026-04-18T12:31:07Z</time>
   </trkpt>
   <trkpt lat="12.9069580" lon="77.6292260">
    <ele>890.9</ele>
    <time>2026-04-18T12:31:08Z</time>
   </trkpt>
   <trkpt lat="12.9069460" lon="77.6292330">
    <ele>890.9</ele>
    <time>2026-04-18T12:31:09Z</time>
   </trkpt>
   <trkpt lat="12.9069340" lon="77.6292370">
    <ele>890.9</ele>
    <time>2026-04-18T12:31:10Z</time>
   </trkpt>
   <trkpt lat="12.9069250" lon="77.6292410">
    <ele>890.9</ele>
    <time>2026-04-18T12:31:11Z</time>
   </trkpt>
   <trkpt lat="12.9069200" lon="77.6292430">
    <ele>890.9</ele>
    <time>2026-04-18T12:31:12Z</time>
   </trkpt>
   <trkpt lat="12.9069120" lon="77.6292490">
    <ele>890.9</ele>
    <time>2026-04-18T12:31:13Z</time>
   </trkpt>
   <trkpt lat="12.9069030" lon="77.6292590">
    <ele>890.9</ele>
    <time>2026-04-18T12:31:14Z</time>
   </trkpt>
   <trkpt lat="12.9068760" lon="77.6292680">
    <ele>890.9</ele>
    <time>2026-04-18T12:31:15Z</time>
   </trkpt>
   <trkpt lat="12.9068640" lon="77.6292710">
    <ele>891.0</ele>
    <time>2026-04-18T12:31:16Z</time>
   </trkpt>
   <trkpt lat="12.9068560" lon="77.6292750">
    <ele>891.0</ele>
    <time>2026-04-18T12:31:17Z</time>
   </trkpt>
   <trkpt lat="12.9068440" lon="77.6292760">
    <ele>891.0</ele>
    <time>2026-04-18T12:31:18Z</time>
   </trkpt>
   <trkpt lat="12.9068330" lon="77.6292890">
    <ele>891.0</ele>
    <time>2026-04-18T12:31:19Z</time>
   </trkpt>
   <trkpt lat="12.9068150" lon="77.6292900">
    <ele>891.0</ele>
    <time>2026-04-18T12:31:20Z</time>
   </trkpt>
   <trkpt lat="12.9068040" lon="77.6292900">
    <ele>891.0</ele>
    <time>2026-04-18T12:31:21Z</time>
   </trkpt>
   <trkpt lat="12.9068010" lon="77.6292970">
    <ele>891.0</ele>
    <time>2026-04-18T12:31:22Z</time>
   </trkpt>
   <trkpt lat="12.9067930" lon="77.6292990">
    <ele>891.0</ele>
    <time>2026-04-18T12:31:23Z</time>
   </trkpt>
   <trkpt lat="12.9067810" lon="77.6293050">
    <ele>891.0</ele>
    <time>2026-04-18T12:31:24Z</time>
   </trkpt>
   <trkpt lat="12.9067730" lon="77.6293120">
    <ele>891.1</ele>
    <time>2026-04-18T12:31:25Z</time>
   </trkpt>
   <trkpt lat="12.9067650" lon="77.6293160">
    <ele>891.1</ele>
    <time>2026-04-18T12:31:26Z</time>
   </trkpt>
   <trkpt lat="12.9067680" lon="77.6293100">
    <ele>891.1</ele>
    <time>2026-04-18T12:31:27Z</time>
   </trkpt>
   <trkpt lat="12.9067510" lon="77.6293110">
    <ele>891.1</ele>
    <time>2026-04-18T12:31:28Z</time>
   </trkpt>
   <trkpt lat="12.9067430" lon="77.6293240">
    <ele>891.1</ele>
    <time>2026-04-18T12:31:29Z</time>
   </trkpt>
   <trkpt lat="12.9067290" lon="77.6293310">
    <ele>891.1</ele>
    <time>2026-04-18T12:31:30Z</time>
   </trkpt>
   <trkpt lat="12.9067200" lon="77.6293360">
    <ele>891.1</ele>
    <time>2026-04-18T12:31:31Z</time>
   </trkpt>
   <trkpt lat="12.9067120" lon="77.6293410">
    <ele>891.1</ele>
    <time>2026-04-18T12:31:32Z</time>
   </trkpt>
   <trkpt lat="12.9067050" lon="77.6293490">
    <ele>891.2</ele>
    <time>2026-04-18T12:31:33Z</time>
   </trkpt>
   <trkpt lat="12.9066920" lon="77.6293600">
    <ele>891.2</ele>
    <time>2026-04-18T12:31:34Z</time>
   </trkpt>
   <trkpt lat="12.9066820" lon="77.6293650">
    <ele>891.2</ele>
    <time>2026-04-18T12:31:35Z</time>
   </trkpt>
   <trkpt lat="12.9066730" lon="77.6293700">
    <ele>891.2</ele>
    <time>2026-04-18T12:31:36Z</time>
   </trkpt>
   <trkpt lat="12.9066620" lon="77.6293760">
    <ele>891.2</ele>
    <time>2026-04-18T12:31:37Z</time>
   </trkpt>
   <trkpt lat="12.9066460" lon="77.6293850">
    <ele>891.2</ele>
    <time>2026-04-18T12:31:38Z</time>
   </trkpt>
   <trkpt lat="12.9066450" lon="77.6293850">
    <ele>891.2</ele>
    <time>2026-04-18T12:31:39Z</time>
   </trkpt>
   <trkpt lat="12.9066330" lon="77.6293990">
    <ele>891.2</ele>
    <time>2026-04-18T12:31:40Z</time>
   </trkpt>
   <trkpt lat="12.9066230" lon="77.6294060">
    <ele>891.2</ele>
    <time>2026-04-18T12:31:41Z</time>
   </trkpt>
   <trkpt lat="12.9066160" lon="77.6294170">
    <ele>891.2</ele>
    <time>2026-04-18T12:31:42Z</time>
   </trkpt>
   <trkpt lat="12.9066040" lon="77.6294290">
    <ele>891.2</ele>
    <time>2026-04-18T12:31:43Z</time>
   </trkpt>
   <trkpt lat="12.9065970" lon="77.6294370">
    <ele>891.2</ele>
    <time>2026-04-18T12:31:44Z</time>
   </trkpt>
   <trkpt lat="12.9065950" lon="77.6294450">
    <ele>891.2</ele>
    <time>2026-04-18T12:31:45Z</time>
   </trkpt>
   <trkpt lat="12.9065810" lon="77.6294560">
    <ele>891.2</ele>
    <time>2026-04-18T12:31:46Z</time>
   </trkpt>
   <trkpt lat="12.9065670" lon="77.6294650">
    <ele>891.2</ele>
    <time>2026-04-18T12:31:47Z</time>
   </trkpt>
   <trkpt lat="12.9065570" lon="77.6294770">
    <ele>891.2</ele>
    <time>2026-04-18T12:31:48Z</time>
   </trkpt>
   <trkpt lat="12.9065530" lon="77.6294830">
    <ele>891.2</ele>
    <time>2026-04-18T12:31:49Z</time>
   </trkpt>
   <trkpt lat="12.9065430" lon="77.6294960">
    <ele>891.3</ele>
    <time>2026-04-18T12:31:50Z</time>
   </trkpt>
   <trkpt lat="12.9065370" lon="77.6295020">
    <ele>891.3</ele>
    <time>2026-04-18T12:31:51Z</time>
   </trkpt>
   <trkpt lat="12.9065210" lon="77.6295060">
    <ele>891.3</ele>
    <time>2026-04-18T12:31:52Z</time>
   </trkpt>
   <trkpt lat="12.9065030" lon="77.6295120">
    <ele>891.3</ele>
    <time>2026-04-18T12:31:53Z</time>
   </trkpt>
   <trkpt lat="12.9064860" lon="77.6295180">
    <ele>891.3</ele>
    <time>2026-04-18T12:31:54Z</time>
   </trkpt>
   <trkpt lat="12.9064820" lon="77.6295270">
    <ele>891.3</ele>
    <time>2026-04-18T12:31:55Z</time>
   </trkpt>
   <trkpt lat="12.9064810" lon="77.6295340">
    <ele>891.3</ele>
    <time>2026-04-18T12:31:56Z</time>
   </trkpt>
   <trkpt lat="12.9064730" lon="77.6295400">
    <ele>891.3</ele>
    <time>2026-04-18T12:31:57Z</time>
   </trkpt>
   <trkpt lat="12.9064630" lon="77.6295450">
    <ele>891.3</ele>
    <time>2026-04-18T12:31:58Z</time>
   </trkpt>
   <trkpt lat="12.9064620" lon="77.6295520">
    <ele>891.3</ele>
    <time>2026-04-18T12:31:59Z</time>
   </trkpt>
   <trkpt lat="12.9064560" lon="77.6295610">
    <ele>891.3</ele>
    <time>2026-04-18T12:32:00Z</time>
   </trkpt>
   <trkpt lat="12.9064530" lon="77.6295820">
    <ele>891.3</ele>
    <time>2026-04-18T12:32:02Z</time>
   </trkpt>
   <trkpt lat="12.9064480" lon="77.6295900">
    <ele>891.3</ele>
    <time>2026-04-18T12:32:03Z</time>
   </trkpt>
   <trkpt lat="12.9064440" lon="77.6295990">
    <ele>891.3</ele>
    <time>2026-04-18T12:32:04Z</time>
   </trkpt>
   <trkpt lat="12.9064410" lon="77.6296110">
    <ele>891.3</ele>
    <time>2026-04-18T12:32:05Z</time>
   </trkpt>
   <trkpt lat="12.9064300" lon="77.6296320">
    <ele>891.3</ele>
    <time>2026-04-18T12:32:06Z</time>
   </trkpt>
   <trkpt lat="12.9064260" lon="77.6296540">
    <ele>891.3</ele>
    <time>2026-04-18T12:32:07Z</time>
   </trkpt>
   <trkpt lat="12.9064220" lon="77.6296630">
    <ele>891.3</ele>
    <time>2026-04-18T12:32:08Z</time>
   </trkpt>
   <trkpt lat="12.9064170" lon="77.6296710">
    <ele>891.3</ele>
    <time>2026-04-18T12:32:09Z</time>
   </trkpt>
   <trkpt lat="12.9064240" lon="77.6297020">
    <ele>891.3</ele>
    <time>2026-04-18T12:32:10Z</time>
   </trkpt>
   <trkpt lat="12.9064240" lon="77.6297200">
    <ele>891.2</ele>
    <time>2026-04-18T12:32:11Z</time>
   </trkpt>
   <trkpt lat="12.9064060" lon="77.6297300">
    <ele>891.2</ele>
    <time>2026-04-18T12:32:12Z</time>
   </trkpt>
   <trkpt lat="12.9064040" lon="77.6297430">
    <ele>891.2</ele>
    <time>2026-04-18T12:32:13Z</time>
   </trkpt>
   <trkpt lat="12.9064060" lon="77.6297560">
    <ele>891.1</ele>
    <time>2026-04-18T12:32:14Z</time>
   </trkpt>
   <trkpt lat="12.9064070" lon="77.6297680">
    <ele>891.1</ele>
    <time>2026-04-18T12:32:15Z</time>
   </trkpt>
   <trkpt lat="12.9064100" lon="77.6297800">
    <ele>891.0</ele>
    <time>2026-04-18T12:32:16Z</time>
   </trkpt>
   <trkpt lat="12.9064080" lon="77.6297900">
    <ele>891.0</ele>
    <time>2026-04-18T12:32:17Z</time>
   </trkpt>
   <trkpt lat="12.9064110" lon="77.6297980">
    <ele>891.0</ele>
    <time>2026-04-18T12:32:18Z</time>
   </trkpt>
   <trkpt lat="12.9064120" lon="77.6298300">
    <ele>890.8</ele>
    <time>2026-04-18T12:32:19Z</time>
   </trkpt>
   <trkpt lat="12.9064120" lon="77.6298360">
    <ele>890.8</ele>
    <time>2026-04-18T12:32:20Z</time>
   </trkpt>
   <trkpt lat="12.9064230" lon="77.6298520">
    <ele>890.7</ele>
    <time>2026-04-18T12:32:21Z</time>
   </trkpt>
   <trkpt lat="12.9064270" lon="77.6298580">
    <ele>890.7</ele>
    <time>2026-04-18T12:32:22Z</time>
   </trkpt>
   <trkpt lat="12.9064310" lon="77.6298640">
    <ele>890.7</ele>
    <time>2026-04-18T12:32:23Z</time>
   </trkpt>
   <trkpt lat="12.9064350" lon="77.6298700">
    <ele>890.7</ele>
    <time>2026-04-18T12:32:24Z</time>
   </trkpt>
   <trkpt lat="12.9064450" lon="77.6298970">
    <ele>890.6</ele>
    <time>2026-04-18T12:32:25Z</time>
   </trkpt>
   <trkpt lat="12.9064450" lon="77.6299030">
    <ele>890.5</ele>
    <time>2026-04-18T12:32:26Z</time>
   </trkpt>
   <trkpt lat="12.9064450" lon="77.6299100">
    <ele>890.5</ele>
    <time>2026-04-18T12:32:27Z</time>
   </trkpt>
   <trkpt lat="12.9064560" lon="77.6299420">
    <ele>890.4</ele>
    <time>2026-04-18T12:32:28Z</time>
   </trkpt>
   <trkpt lat="12.9064590" lon="77.6299510">
    <ele>890.4</ele>
    <time>2026-04-18T12:32:29Z</time>
   </trkpt>
   <trkpt lat="12.9064630" lon="77.6299640">
    <ele>890.3</ele>
    <time>2026-04-18T12:32:30Z</time>
   </trkpt>
   <trkpt lat="12.9064650" lon="77.6299780">
    <ele>890.3</ele>
    <time>2026-04-18T12:32:31Z</time>
   </trkpt>
   <trkpt lat="12.9064610" lon="77.6300020">
    <ele>890.2</ele>
    <time>2026-04-18T12:32:32Z</time>
   </trkpt>
   <trkpt lat="12.9064630" lon="77.6300150">
    <ele>890.1</ele>
    <time>2026-04-18T12:32:33Z</time>
   </trkpt>
   <trkpt lat="12.9064650" lon="77.6300290">
    <ele>890.1</ele>
    <time>2026-04-18T12:32:34Z</time>
   </trkpt>
   <trkpt lat="12.9064770" lon="77.6300450">
    <ele>890.0</ele>
    <time>2026-04-18T12:32:35Z</time>
   </trkpt>
   <trkpt lat="12.9064530" lon="77.6300610">
    <ele>889.9</ele>
    <time>2026-04-18T12:32:36Z</time>
   </trkpt>
   <trkpt lat="12.9064360" lon="77.6300660">
    <ele>889.9</ele>
    <time>2026-04-18T12:32:37Z</time>
   </trkpt>
   <trkpt lat="12.9064350" lon="77.6300710">
    <ele>889.8</ele>
    <time>2026-04-18T12:32:38Z</time>
   </trkpt>
   <trkpt lat="12.9064290" lon="77.6301120">
    <ele>889.7</ele>
    <time>2026-04-18T12:32:39Z</time>
   </trkpt>
   <trkpt lat="12.9064150" lon="77.6301220">
    <ele>889.6</ele>
    <time>2026-04-18T12:32:40Z</time>
   </trkpt>
   <trkpt lat="12.9063920" lon="77.6301440">
    <ele>889.5</ele>
    <time>2026-04-18T12:32:41Z</time>
   </trkpt>
   <trkpt lat="12.9064020" lon="77.6301530">
    <ele>889.5</ele>
    <time>2026-04-18T12:32:42Z</time>
   </trkpt>
   <trkpt lat="12.9063950" lon="77.6301630">
    <ele>889.5</ele>
    <time>2026-04-18T12:32:43Z</time>
   </trkpt>
   <trkpt lat="12.9064080" lon="77.6301730">
    <ele>889.4</ele>
    <time>2026-04-18T12:32:44Z</time>
   </trkpt>
   <trkpt lat="12.9064050" lon="77.6301920">
    <ele>889.3</ele>
    <time>2026-04-18T12:32:45Z</time>
   </trkpt>
   <trkpt lat="12.9064190" lon="77.6302050">
    <ele>889.3</ele>
    <time>2026-04-18T12:32:46Z</time>
   </trkpt>
   <trkpt lat="12.9064310" lon="77.6302110">
    <ele>889.2</ele>
    <time>2026-04-18T12:32:47Z</time>
   </trkpt>
   <trkpt lat="12.9064420" lon="77.6302270">
    <ele>889.2</ele>
    <time>2026-04-18T12:32:48Z</time>
   </trkpt>
   <trkpt lat="12.9064560" lon="77.6302480">
    <ele>889.1</ele>
    <time>2026-04-18T12:32:49Z</time>
   </trkpt>
   <trkpt lat="12.9064600" lon="77.6302470">
    <ele>889.1</ele>
    <time>2026-04-18T12:32:50Z</time>
   </trkpt>
   <trkpt lat="12.9064610" lon="77.6302590">
    <ele>889.1</ele>
    <time>2026-04-18T12:32:51Z</time>
   </trkpt>
   <trkpt lat="12.9064650" lon="77.6302720">
    <ele>889.0</ele>
    <time>2026-04-18T12:32:52Z</time>
   </trkpt>
   <trkpt lat="12.9064730" lon="77.6302800">
    <ele>889.0</ele>
    <time>2026-04-18T12:32:53Z</time>
   </trkpt>
   <trkpt lat="12.9064840" lon="77.6302750">
    <ele>889.0</ele>
    <time>2026-04-18T12:32:54Z</time>
   </trkpt>
   <trkpt lat="12.9064980" lon="77.6302850">
    <ele>888.9</ele>
    <time>2026-04-18T12:32:55Z</time>
   </trkpt>
   <trkpt lat="12.9064970" lon="77.6303000">
    <ele>888.9</ele>
    <time>2026-04-18T12:32:56Z</time>
   </trkpt>
   <trkpt lat="12.9064980" lon="77.6303160">
    <ele>888.9</ele>
    <time>2026-04-18T12:32:57Z</time>
   </trkpt>
   <trkpt lat="12.9065020" lon="77.6303240">
    <ele>888.8</ele>
    <time>2026-04-18T12:32:58Z</time>
   </trkpt>
   <trkpt lat="12.9065030" lon="77.6303330">
    <ele>888.8</ele>
    <time>2026-04-18T12:32:59Z</time>
   </trkpt>
   <trkpt lat="12.9065060" lon="77.6303320">
    <ele>888.8</ele>
    <time>2026-04-18T12:33:00Z</time>
   </trkpt>
   <trkpt lat="12.9065110" lon="77.6303430">
    <ele>888.8</ele>
    <time>2026-04-18T12:33:01Z</time>
   </trkpt>
   <trkpt lat="12.9065160" lon="77.6303610">
    <ele>888.7</ele>
    <time>2026-04-18T12:33:02Z</time>
   </trkpt>
   <trkpt lat="12.9065220" lon="77.6303930">
    <ele>888.6</ele>
    <time>2026-04-18T12:33:03Z</time>
   </trkpt>
   <trkpt lat="12.9065250" lon="77.6304030">
    <ele>888.6</ele>
    <time>2026-04-18T12:33:04Z</time>
   </trkpt>
   <trkpt lat="12.9065250" lon="77.6304060">
    <ele>888.6</ele>
    <time>2026-04-18T12:33:05Z</time>
   </trkpt>
   <trkpt lat="12.9065280" lon="77.6304100">
    <ele>888.6</ele>
    <time>2026-04-18T12:33:06Z</time>
   </trkpt>
   <trkpt lat="12.9065300" lon="77.6304240">
    <ele>888.6</ele>
    <time>2026-04-18T12:33:07Z</time>
   </trkpt>
   <trkpt lat="12.9065400" lon="77.6304340">
    <ele>888.5</ele>
    <time>2026-04-18T12:33:08Z</time>
   </trkpt>
   <trkpt lat="12.9065450" lon="77.6304410">
    <ele>888.5</ele>
    <time>2026-04-18T12:33:09Z</time>
   </trkpt>
   <trkpt lat="12.9065460" lon="77.6304480">
    <ele>888.5</ele>
    <time>2026-04-18T12:33:10Z</time>
   </trkpt>
   <trkpt lat="12.9065470" lon="77.6304600">
    <ele>888.5</ele>
    <time>2026-04-18T12:33:11Z</time>
   </trkpt>
   <trkpt lat="12.9065460" lon="77.6304700">
    <ele>888.4</ele>
    <time>2026-04-18T12:33:12Z</time>
   </trkpt>
   <trkpt lat="12.9065490" lon="77.6304920">
    <ele>888.4</ele>
    <time>2026-04-18T12:33:13Z</time>
   </trkpt>
   <trkpt lat="12.9065480" lon="77.6305020">
    <ele>888.4</ele>
    <time>2026-04-18T12:33:14Z</time>
   </trkpt>
   <trkpt lat="12.9065480" lon="77.6305110">
    <ele>888.3</ele>
    <time>2026-04-18T12:33:15Z</time>
   </trkpt>
   <trkpt lat="12.9065460" lon="77.6305160">
    <ele>888.3</ele>
    <time>2026-04-18T12:33:16Z</time>
   </trkpt>
   <trkpt lat="12.9065430" lon="77.6305290">
    <ele>888.3</ele>
    <time>2026-04-18T12:33:17Z</time>
   </trkpt>
   <trkpt lat="12.9065400" lon="77.6305470">
    <ele>888.3</ele>
    <time>2026-04-18T12:33:18Z</time>
   </trkpt>
   <trkpt lat="12.9065380" lon="77.6305630">
    <ele>888.2</ele>
    <time>2026-04-18T12:33:19Z</time>
   </trkpt>
   <trkpt lat="12.9065350" lon="77.6305780">
    <ele>888.2</ele>
    <time>2026-04-18T12:33:20Z</time>
   </trkpt>
   <trkpt lat="12.9065360" lon="77.6305860">
    <ele>888.2</ele>
    <time>2026-04-18T12:33:21Z</time>
   </trkpt>
   <trkpt lat="12.9065260" lon="77.6306120">
    <ele>888.1</ele>
    <time>2026-04-18T12:33:22Z</time>
   </trkpt>
   <trkpt lat="12.9065220" lon="77.6306300">
    <ele>888.1</ele>
    <time>2026-04-18T12:33:23Z</time>
   </trkpt>
   <trkpt lat="12.9065290" lon="77.6306450">
    <ele>888.1</ele>
    <time>2026-04-18T12:33:24Z</time>
   </trkpt>
   <trkpt lat="12.9065330" lon="77.6306620">
    <ele>888.0</ele>
    <time>2026-04-18T12:33:25Z</time>
   </trkpt>
   <trkpt lat="12.9065350" lon="77.6306650">
    <ele>888.0</ele>
    <time>2026-04-18T12:33:26Z</time>
   </trkpt>
   <trkpt lat="12.9065370" lon="77.6306780">
    <ele>888.0</ele>
    <time>2026-04-18T12:33:27Z</time>
   </trkpt>
   <trkpt lat="12.9065400" lon="77.6306870">
    <ele>888.0</ele>
    <time>2026-04-18T12:33:28Z</time>
   </trkpt>
   <trkpt lat="12.9065440" lon="77.6306990">
    <ele>888.0</ele>
    <time>2026-04-18T12:33:29Z</time>
   </trkpt>
   <trkpt lat="12.9065460" lon="77.6307090">
    <ele>887.9</ele>
    <time>2026-04-18T12:33:30Z</time>
   </trkpt>
   <trkpt lat="12.9065480" lon="77.6307310">
    <ele>887.9</ele>
    <time>2026-04-18T12:33:31Z</time>
   </trkpt>
   <trkpt lat="12.9065490" lon="77.6307400">
    <ele>887.9</ele>
    <time>2026-04-18T12:33:32Z</time>
   </trkpt>
   <trkpt lat="12.9065500" lon="77.6307480">
    <ele>887.9</ele>
    <time>2026-04-18T12:33:33Z</time>
   </trkpt>
   <trkpt lat="12.9065510" lon="77.6307580">
    <ele>887.8</ele>
    <time>2026-04-18T12:33:34Z</time>
   </trkpt>
   <trkpt lat="12.9065540" lon="77.6307680">
    <ele>887.8</ele>
    <time>2026-04-18T12:33:35Z</time>
   </trkpt>
   <trkpt lat="12.9065520" lon="77.6307780">
    <ele>887.8</ele>
    <time>2026-04-18T12:33:36Z</time>
   </trkpt>
   <trkpt lat="12.9065520" lon="77.6307870">
    <ele>887.8</ele>
    <time>2026-04-18T12:33:37Z</time>
   </trkpt>
   <trkpt lat="12.9065520" lon="77.6308070">
    <ele>887.7</ele>
    <time>2026-04-18T12:33:38Z</time>
   </trkpt>
   <trkpt lat="12.9065510" lon="77.6308180">
    <ele>887.7</ele>
    <time>2026-04-18T12:33:39Z</time>
   </trkpt>
   <trkpt lat="12.9065480" lon="77.6308320">
    <ele>887.7</ele>
    <time>2026-04-18T12:33:40Z</time>
   </trkpt>
   <trkpt lat="12.9065470" lon="77.6308380">
    <ele>887.7</ele>
    <time>2026-04-18T12:33:41Z</time>
   </trkpt>
   <trkpt lat="12.9065490" lon="77.6308570">
    <ele>887.6</ele>
    <time>2026-04-18T12:33:42Z</time>
   </trkpt>
   <trkpt lat="12.9065530" lon="77.6308670">
    <ele>887.6</ele>
    <time>2026-04-18T12:33:43Z</time>
   </trkpt>
   <trkpt lat="12.9065570" lon="77.6308760">
    <ele>887.6</ele>
    <time>2026-04-18T12:33:44Z</time>
   </trkpt>
   <trkpt lat="12.9065520" lon="77.6308910">
    <ele>887.6</ele>
    <time>2026-04-18T12:33:45Z</time>
   </trkpt>
   <trkpt lat="12.9065430" lon="77.6308960">
    <ele>887.5</ele>
    <time>2026-04-18T12:33:46Z</time>
   </trkpt>
   <trkpt lat="12.9065400" lon="77.6309030">
    <ele>887.5</ele>
    <time>2026-04-18T12:33:47Z</time>
   </trkpt>
   <trkpt lat="12.9065390" lon="77.6309170">
    <ele>887.5</ele>
    <time>2026-04-18T12:33:48Z</time>
   </trkpt>
   <trkpt lat="12.9065330" lon="77.6309330">
    <ele>887.4</ele>
    <time>2026-04-18T12:33:49Z</time>
   </trkpt>
   <trkpt lat="12.9065280" lon="77.6309400">
    <ele>887.4</ele>
    <time>2026-04-18T12:33:50Z</time>
   </trkpt>
   <trkpt lat="12.9065260" lon="77.6309500">
    <ele>887.4</ele>
    <time>2026-04-18T12:33:51Z</time>
   </trkpt>
   <trkpt lat="12.9065250" lon="77.6309620">
    <ele>887.4</ele>
    <time>2026-04-18T12:33:52Z</time>
   </trkpt>
   <trkpt lat="12.9065260" lon="77.6309790">
    <ele>887.3</ele>
    <time>2026-04-18T12:33:53Z</time>
   </trkpt>
   <trkpt lat="12.9065260" lon="77.6309900">
    <ele>887.3</ele>
    <time>2026-04-18T12:33:54Z</time>
   </trkpt>
   <trkpt lat="12.9065270" lon="77.6310010">
    <ele>887.3</ele>
    <time>2026-04-18T12:33:55Z</time>
   </trkpt>
   <trkpt lat="12.9065400" lon="77.6309960">
    <ele>887.3</ele>
    <time>2026-04-18T12:33:56Z</time>
   </trkpt>
   <trkpt lat="12.9065480" lon="77.6310010">
    <ele>887.2</ele>
    <time>2026-04-18T12:33:57Z</time>
   </trkpt>
   <trkpt lat="12.9065600" lon="77.6310140">
    <ele>887.2</ele>
    <time>2026-04-18T12:33:58Z</time>
   </trkpt>
   <trkpt lat="12.9065660" lon="77.6310290">
    <ele>887.2</ele>
    <time>2026-04-18T12:33:59Z</time>
   </trkpt>
   <trkpt lat="12.9065680" lon="77.6310480">
    <ele>887.1</ele>
    <time>2026-04-18T12:34:00Z</time>
   </trkpt>
   <trkpt lat="12.9065690" lon="77.6310570">
    <ele>887.1</ele>
    <time>2026-04-18T12:34:01Z</time>
   </trkpt>
   <trkpt lat="12.9065680" lon="77.6310670">
    <ele>887.1</ele>
    <time>2026-04-18T12:34:02Z</time>
   </trkpt>
   <trkpt lat="12.9065670" lon="77.6310780">
    <ele>887.1</ele>
    <time>2026-04-18T12:34:03Z</time>
   </trkpt>
   <trkpt lat="12.9065740" lon="77.6310870">
    <ele>887.0</ele>
    <time>2026-04-18T12:34:04Z</time>
   </trkpt>
   <trkpt lat="12.9065790" lon="77.6310990">
    <ele>887.0</ele>
    <time>2026-04-18T12:34:05Z</time>
   </trkpt>
   <trkpt lat="12.9065790" lon="77.6311110">
    <ele>887.0</ele>
    <time>2026-04-18T12:34:06Z</time>
   </trkpt>
   <trkpt lat="12.9065810" lon="77.6311270">
    <ele>886.9</ele>
    <time>2026-04-18T12:34:07Z</time>
   </trkpt>
   <trkpt lat="12.9065840" lon="77.6311370">
    <ele>886.9</ele>
    <time>2026-04-18T12:34:08Z</time>
   </trkpt>
   <trkpt lat="12.9065850" lon="77.6311460">
    <ele>886.9</ele>
    <time>2026-04-18T12:34:09Z</time>
   </trkpt>
   <trkpt lat="12.9065880" lon="77.6311580">
    <ele>886.9</ele>
    <time>2026-04-18T12:34:10Z</time>
   </trkpt>
   <trkpt lat="12.9065890" lon="77.6311770">
    <ele>886.8</ele>
    <time>2026-04-18T12:34:11Z</time>
   </trkpt>
   <trkpt lat="12.9065880" lon="77.6311920">
    <ele>886.8</ele>
    <time>2026-04-18T12:34:12Z</time>
   </trkpt>
   <trkpt lat="12.9065880" lon="77.6312060">
    <ele>886.8</ele>
    <time>2026-04-18T12:34:13Z</time>
   </trkpt>
   <trkpt lat="12.9065880" lon="77.6312210">
    <ele>886.7</ele>
    <time>2026-04-18T12:34:14Z</time>
   </trkpt>
   <trkpt lat="12.9065900" lon="77.6312260">
    <ele>886.7</ele>
    <time>2026-04-18T12:34:15Z</time>
   </trkpt>
   <trkpt lat="12.9065940" lon="77.6312380">
    <ele>886.7</ele>
    <time>2026-04-18T12:34:16Z</time>
   </trkpt>
   <trkpt lat="12.9065930" lon="77.6312520">
    <ele>886.7</ele>
    <time>2026-04-18T12:34:17Z</time>
   </trkpt>
   <trkpt lat="12.9065950" lon="77.6312700">
    <ele>886.6</ele>
    <time>2026-04-18T12:34:18Z</time>
   </trkpt>
   <trkpt lat="12.9065910" lon="77.6312870">
    <ele>886.6</ele>
    <time>2026-04-18T12:34:19Z</time>
   </trkpt>
   <trkpt lat="12.9065940" lon="77.6313020">
    <ele>886.6</ele>
    <time>2026-04-18T12:34:20Z</time>
   </trkpt>
   <trkpt lat="12.9065930" lon="77.6313230">
    <ele>886.5</ele>
    <time>2026-04-18T12:34:21Z</time>
   </trkpt>
   <trkpt lat="12.9065950" lon="77.6313310">
    <ele>886.5</ele>
    <time>2026-04-18T12:34:22Z</time>
   </trkpt>
   <trkpt lat="12.9065970" lon="77.6313390">
    <ele>886.5</ele>
    <time>2026-04-18T12:34:23Z</time>
   </trkpt>
   <trkpt lat="12.9065980" lon="77.6313560">
    <ele>886.5</ele>
    <time>2026-04-18T12:34:24Z</time>
   </trkpt>
   <trkpt lat="12.9065980" lon="77.6313700">
    <ele>886.4</ele>
    <time>2026-04-18T12:34:25Z</time>
   </trkpt>
   <trkpt lat="12.9066000" lon="77.6313760">
    <ele>886.4</ele>
    <time>2026-04-18T12:34:26Z</time>
   </trkpt>
   <trkpt lat="12.9066000" lon="77.6313900">
    <ele>886.4</ele>
    <time>2026-04-18T12:34:27Z</time>
   </trkpt>
   <trkpt lat="12.9065980" lon="77.6314050">
    <ele>886.4</ele>
    <time>2026-04-18T12:34:28Z</time>
   </trkpt>
   <trkpt lat="12.9065980" lon="77.6314200">
    <ele>886.4</ele>
    <time>2026-04-18T12:34:29Z</time>
   </trkpt>
   <trkpt lat="12.9065970" lon="77.6314270">
    <ele>886.4</ele>
    <time>2026-04-18T12:34:30Z</time>
   </trkpt>
   <trkpt lat="12.9065940" lon="77.6314370">
    <ele>886.3</ele>
    <time>2026-04-18T12:34:31Z</time>
   </trkpt>
   <trkpt lat="12.9065880" lon="77.6314580">
    <ele>886.3</ele>
    <time>2026-04-18T12:34:32Z</time>
   </trkpt>
   <trkpt lat="12.9065850" lon="77.6314660">
    <ele>886.3</ele>
    <time>2026-04-18T12:34:33Z</time>
   </trkpt>
   <trkpt lat="12.9065810" lon="77.6314750">
    <ele>886.3</ele>
    <time>2026-04-18T12:34:34Z</time>
   </trkpt>
   <trkpt lat="12.9065790" lon="77.6314860">
    <ele>886.3</ele>
    <time>2026-04-18T12:34:35Z</time>
   </trkpt>
   <trkpt lat="12.9065770" lon="77.6315040">
    <ele>886.2</ele>
    <time>2026-04-18T12:34:36Z</time>
   </trkpt>
   <trkpt lat="12.9065810" lon="77.6315210">
    <ele>886.2</ele>
    <time>2026-04-18T12:34:37Z</time>
   </trkpt>
   <trkpt lat="12.9065800" lon="77.6315360">
    <ele>886.2</ele>
    <time>2026-04-18T12:34:38Z</time>
   </trkpt>
   <trkpt lat="12.9065790" lon="77.6315470">
    <ele>886.2</ele>
    <time>2026-04-18T12:34:39Z</time>
   </trkpt>
   <trkpt lat="12.9065680" lon="77.6315500">
    <ele>886.2</ele>
    <time>2026-04-18T12:34:40Z</time>
   </trkpt>
   <trkpt lat="12.9065690" lon="77.6315470">
    <ele>886.2</ele>
    <time>2026-04-18T12:34:41Z</time>
   </trkpt>
   <trkpt lat="12.9065670" lon="77.6315580">
    <ele>886.2</ele>
    <time>2026-04-18T12:34:42Z</time>
   </trkpt>
   <trkpt lat="12.9065630" lon="77.6315630">
    <ele>886.2</ele>
    <time>2026-04-18T12:34:43Z</time>
   </trkpt>
   <trkpt lat="12.9065630" lon="77.6315830">
    <ele>886.2</ele>
    <time>2026-04-18T12:34:44Z</time>
   </trkpt>
   <trkpt lat="12.9065650" lon="77.6315940">
    <ele>886.1</ele>
    <time>2026-04-18T12:34:45Z</time>
   </trkpt>
   <trkpt lat="12.9065670" lon="77.6316040">
    <ele>886.1</ele>
    <time>2026-04-18T12:34:46Z</time>
   </trkpt>
   <trkpt lat="12.9065690" lon="77.6316190">
    <ele>886.1</ele>
    <time>2026-04-18T12:34:47Z</time>
   </trkpt>
   <trkpt lat="12.9065740" lon="77.6316340">
    <ele>886.1</ele>
    <time>2026-04-18T12:34:48Z</time>
   </trkpt>
   <trkpt lat="12.9065750" lon="77.6316490">
    <ele>886.1</ele>
    <time>2026-04-18T12:34:49Z</time>
   </trkpt>
   <trkpt lat="12.9065840" lon="77.6316690">
    <ele>886.1</ele>
    <time>2026-04-18T12:34:50Z</time>
   </trkpt>
   <trkpt lat="12.9065880" lon="77.6316790">
    <ele>886.1</ele>
    <time>2026-04-18T12:34:51Z</time>
   </trkpt>
   <trkpt lat="12.9065920" lon="77.6316920">
    <ele>886.1</ele>
    <time>2026-04-18T12:34:52Z</time>
   </trkpt>
   <trkpt lat="12.9065910" lon="77.6317040">
    <ele>886.0</ele>
    <time>2026-04-18T12:34:53Z</time>
   </trkpt>
   <trkpt lat="12.9066060" lon="77.6317160">
    <ele>886.0</ele>
    <time>2026-04-18T12:34:54Z</time>
   </trkpt>
   <trkpt lat="12.9066170" lon="77.6317270">
    <ele>886.0</ele>
    <time>2026-04-18T12:34:55Z</time>
   </trkpt>
   <trkpt lat="12.9066120" lon="77.6317480">
    <ele>886.0</ele>
    <time>2026-04-18T12:34:56Z</time>
   </trkpt>
   <trkpt lat="12.9066110" lon="77.6317580">
    <ele>886.0</ele>
    <time>2026-04-18T12:34:57Z</time>
   </trkpt>
   <trkpt lat="12.9066100" lon="77.6317690">
    <ele>886.0</ele>
    <time>2026-04-18T12:34:58Z</time>
   </trkpt>
   <trkpt lat="12.9066160" lon="77.6317860">
    <ele>886.0</ele>
    <time>2026-04-18T12:34:59Z</time>
   </trkpt>
   <trkpt lat="12.9066280" lon="77.6317890">
    <ele>885.9</ele>
    <time>2026-04-18T12:35:00Z</time>
   </trkpt>
   <trkpt lat="12.9066280" lon="77.6317980">
    <ele>885.9</ele>
    <time>2026-04-18T12:35:01Z</time>
   </trkpt>
   <trkpt lat="12.9066270" lon="77.6318090">
    <ele>885.9</ele>
    <time>2026-04-18T12:35:02Z</time>
   </trkpt>
   <trkpt lat="12.9066330" lon="77.6318190">
    <ele>885.9</ele>
    <time>2026-04-18T12:35:03Z</time>
   </trkpt>
   <trkpt lat="12.9066380" lon="77.6318320">
    <ele>885.9</ele>
    <time>2026-04-18T12:35:04Z</time>
   </trkpt>
   <trkpt lat="12.9066430" lon="77.6318460">
    <ele>885.9</ele>
    <time>2026-04-18T12:35:05Z</time>
   </trkpt>
   <trkpt lat="12.9066430" lon="77.6318540">
    <ele>885.9</ele>
    <time>2026-04-18T12:35:06Z</time>
   </trkpt>
   <trkpt lat="12.9066400" lon="77.6318650">
    <ele>885.9</ele>
    <time>2026-04-18T12:35:07Z</time>
   </trkpt>
   <trkpt lat="12.9066360" lon="77.6318880">
    <ele>885.8</ele>
    <time>2026-04-18T12:35:08Z</time>
   </trkpt>
   <trkpt lat="12.9066350" lon="77.6318960">
    <ele>885.8</ele>
    <time>2026-04-18T12:35:09Z</time>
   </trkpt>
   <trkpt lat="12.9066340" lon="77.6319050">
    <ele>885.8</ele>
    <time>2026-04-18T12:35:10Z</time>
   </trkpt>
   <trkpt lat="12.9066330" lon="77.6319180">
    <ele>885.8</ele>
    <time>2026-04-18T12:35:11Z</time>
   </trkpt>
   <trkpt lat="12.9066370" lon="77.6319230">
    <ele>885.8</ele>
    <time>2026-04-18T12:35:12Z</time>
   </trkpt>
   <trkpt lat="12.9066400" lon="77.6319370">
    <ele>885.8</ele>
    <time>2026-04-18T12:35:13Z</time>
   </trkpt>
   <trkpt lat="12.9066400" lon="77.6319570">
    <ele>885.7</ele>
    <time>2026-04-18T12:35:14Z</time>
   </trkpt>
   <trkpt lat="12.9066410" lon="77.6319640">
    <ele>885.7</ele>
    <time>2026-04-18T12:35:15Z</time>
   </trkpt>
   <trkpt lat="12.9066420" lon="77.6319700">
    <ele>885.7</ele>
    <time>2026-04-18T12:35:16Z</time>
   </trkpt>
   <trkpt lat="12.9066430" lon="77.6319770">
    <ele>885.7</ele>
    <time>2026-04-18T12:35:17Z</time>
   </trkpt>
   <trkpt lat="12.9066440" lon="77.6319900">
    <ele>885.7</ele>
    <time>2026-04-18T12:35:18Z</time>
   </trkpt>
   <trkpt lat="12.9066460" lon="77.6320020">
    <ele>885.7</ele>
    <time>2026-04-18T12:35:19Z</time>
   </trkpt>
   <trkpt lat="12.9066560" lon="77.6320100">
    <ele>885.7</ele>
    <time>2026-04-18T12:35:20Z</time>
   </trkpt>
   <trkpt lat="12.9066620" lon="77.6320220">
    <ele>885.7</ele>
    <time>2026-04-18T12:35:21Z</time>
   </trkpt>
   <trkpt lat="12.9066650" lon="77.6320380">
    <ele>885.7</ele>
    <time>2026-04-18T12:35:22Z</time>
   </trkpt>
   <trkpt lat="12.9066590" lon="77.6320480">
    <ele>885.6</ele>
    <time>2026-04-18T12:35:23Z</time>
   </trkpt>
   <trkpt lat="12.9066640" lon="77.6320580">
    <ele>885.6</ele>
    <time>2026-04-18T12:35:24Z</time>
   </trkpt>
   <trkpt lat="12.9066690" lon="77.6320680">
    <ele>885.6</ele>
    <time>2026-04-18T12:35:25Z</time>
   </trkpt>
   <trkpt lat="12.9066740" lon="77.6320790">
    <ele>885.6</ele>
    <time>2026-04-18T12:35:26Z</time>
   </trkpt>
   <trkpt lat="12.9066730" lon="77.6320950">
    <ele>885.6</ele>
    <time>2026-04-18T12:35:27Z</time>
   </trkpt>
   <trkpt lat="12.9066740" lon="77.6321120">
    <ele>885.6</ele>
    <time>2026-04-18T12:35:28Z</time>
   </trkpt>
   <trkpt lat="12.9066750" lon="77.6321260">
    <ele>885.6</ele>
    <time>2026-04-18T12:35:29Z</time>
   </trkpt>
   <trkpt lat="12.9066740" lon="77.6321390">
    <ele>885.5</ele>
    <time>2026-04-18T12:35:30Z</time>
   </trkpt>
   <trkpt lat="12.9066770" lon="77.6321550">
    <ele>885.5</ele>
    <time>2026-04-18T12:35:31Z</time>
   </trkpt>
   <trkpt lat="12.9066770" lon="77.6321760">
    <ele>885.5</ele>
    <time>2026-04-18T12:35:32Z</time>
   </trkpt>
   <trkpt lat="12.9066740" lon="77.6321840">
    <ele>885.5</ele>
    <time>2026-04-18T12:35:33Z</time>
   </trkpt>
   <trkpt lat="12.9066720" lon="77.6321920">
    <ele>885.5</ele>
    <time>2026-04-18T12:35:34Z</time>
   </trkpt>
   <trkpt lat="12.9066720" lon="77.6322060">
    <ele>885.4</ele>
    <time>2026-04-18T12:35:35Z</time>
   </trkpt>
   <trkpt lat="12.9066690" lon="77.6322170">
    <ele>885.4</ele>
    <time>2026-04-18T12:35:36Z</time>
   </trkpt>
   <trkpt lat="12.9066660" lon="77.6322270">
    <ele>885.4</ele>
    <time>2026-04-18T12:35:37Z</time>
   </trkpt>
   <trkpt lat="12.9066660" lon="77.6322320">
    <ele>885.4</ele>
    <time>2026-04-18T12:35:38Z</time>
   </trkpt>
   <trkpt lat="12.9066670" lon="77.6322420">
    <ele>885.4</ele>
    <time>2026-04-18T12:35:39Z</time>
   </trkpt>
   <trkpt lat="12.9066670" lon="77.6322520">
    <ele>885.4</ele>
    <time>2026-04-18T12:35:40Z</time>
   </trkpt>
   <trkpt lat="12.9066680" lon="77.6322590">
    <ele>885.4</ele>
    <time>2026-04-18T12:35:41Z</time>
   </trkpt>
   <trkpt lat="12.9066680" lon="77.6322770">
    <ele>885.3</ele>
    <time>2026-04-18T12:35:42Z</time>
   </trkpt>
   <trkpt lat="12.9066680" lon="77.6322920">
    <ele>885.3</ele>
    <time>2026-04-18T12:35:43Z</time>
   </trkpt>
   <trkpt lat="12.9066680" lon="77.6323070">
    <ele>885.3</ele>
    <time>2026-04-18T12:35:44Z</time>
   </trkpt>
   <trkpt lat="12.9066720" lon="77.6323160">
    <ele>885.3</ele>
    <time>2026-04-18T12:35:45Z</time>
   </trkpt>
   <trkpt lat="12.9066750" lon="77.6323240">
    <ele>885.3</ele>
    <time>2026-04-18T12:35:46Z</time>
   </trkpt>
   <trkpt lat="12.9066790" lon="77.6323330">
    <ele>885.3</ele>
    <time>2026-04-18T12:35:47Z</time>
   </trkpt>
   <trkpt lat="12.9066780" lon="77.6323480">
    <ele>885.2</ele>
    <time>2026-04-18T12:35:48Z</time>
   </trkpt>
   <trkpt lat="12.9066770" lon="77.6323610">
    <ele>885.2</ele>
    <time>2026-04-18T12:35:49Z</time>
   </trkpt>
   <trkpt lat="12.9066770" lon="77.6323720">
    <ele>885.2</ele>
    <time>2026-04-18T12:35:50Z</time>
   </trkpt>
   <trkpt lat="12.9066790" lon="77.6323810">
    <ele>885.2</ele>
    <time>2026-04-18T12:35:51Z</time>
   </trkpt>
   <trkpt lat="12.9066820" lon="77.6323950">
    <ele>885.2</ele>
    <time>2026-04-18T12:35:52Z</time>
   </trkpt>
   <trkpt lat="12.9066850" lon="77.6324100">
    <ele>885.2</ele>
    <time>2026-04-18T12:35:53Z</time>
   </trkpt>
   <trkpt lat="12.9066810" lon="77.6324260">
    <ele>885.2</ele>
    <time>2026-04-18T12:35:54Z</time>
   </trkpt>
   <trkpt lat="12.9066800" lon="77.6324350">
    <ele>885.2</ele>
    <time>2026-04-18T12:35:55Z</time>
   </trkpt>
   <trkpt lat="12.9066810" lon="77.6324450">
    <ele>885.1</ele>
    <time>2026-04-18T12:35:56Z</time>
   </trkpt>
   <trkpt lat="12.9066850" lon="77.6324510">
    <ele>885.1</ele>
    <time>2026-04-18T12:35:57Z</time>
   </trkpt>
   <trkpt lat="12.9066900" lon="77.6324600">
    <ele>885.1</ele>
    <time>2026-04-18T12:35:58Z</time>
   </trkpt>
   <trkpt lat="12.9066950" lon="77.6324720">
    <ele>885.1</ele>
    <time>2026-04-18T12:35:59Z</time>
   </trkpt>
   <trkpt lat="12.9066980" lon="77.6324870">
    <ele>885.1</ele>
    <time>2026-04-18T12:36:00Z</time>
   </trkpt>
   <trkpt lat="12.9067040" lon="77.6324980">
    <ele>885.1</ele>
    <time>2026-04-18T12:36:01Z</time>
   </trkpt>
   <trkpt lat="12.9067070" lon="77.6325110">
    <ele>885.1</ele>
    <time>2026-04-18T12:36:02Z</time>
   </trkpt>
   <trkpt lat="12.9067080" lon="77.6325190">
    <ele>885.1</ele>
    <time>2026-04-18T12:36:03Z</time>
   </trkpt>
   <trkpt lat="12.9067100" lon="77.6325180">
    <ele>885.1</ele>
    <time>2026-04-18T12:36:04Z</time>
   </trkpt>
   <trkpt lat="12.9067100" lon="77.6325140">
    <ele>885.1</ele>
    <time>2026-04-18T12:36:05Z</time>
   </trkpt>
   <trkpt lat="12.9067070" lon="77.6324970">
    <ele>885.1</ele>
    <time>2026-04-18T12:36:06Z</time>
   </trkpt>
   <trkpt lat="12.9067090" lon="77.6324970">
    <ele>885.1</ele>
    <time>2026-04-18T12:36:07Z</time>
   </trkpt>
   <trkpt lat="12.9067140" lon="77.6324990">
    <ele>885.0</ele>
    <time>2026-04-18T12:36:08Z</time>
   </trkpt>
   <trkpt lat="12.9067230" lon="77.6325000">
    <ele>885.0</ele>
    <time>2026-04-18T12:36:09Z</time>
   </trkpt>
   <trkpt lat="12.9067290" lon="77.6325010">
    <ele>885.0</ele>
    <time>2026-04-18T12:36:10Z</time>
   </trkpt>
   <trkpt lat="12.9067360" lon="77.6325030">
    <ele>885.0</ele>
    <time>2026-04-18T12:36:11Z</time>
   </trkpt>
   <trkpt lat="12.9067400" lon="77.6325030">
    <ele>885.0</ele>
    <time>2026-04-18T12:36:12Z</time>
   </trkpt>
   <trkpt lat="12.9067420" lon="77.6325030">
    <ele>885.0</ele>
    <time>2026-04-18T12:36:13Z</time>
   </trkpt>
   <trkpt lat="12.9067540" lon="77.6325120">
    <ele>885.0</ele>
    <time>2026-04-18T12:36:14Z</time>
   </trkpt>
   <trkpt lat="12.9067500" lon="77.6325130">
    <ele>885.0</ele>
    <time>2026-04-18T12:36:15Z</time>
   </trkpt>
   <trkpt lat="12.9067510" lon="77.6325170">
    <ele>885.0</ele>
    <time>2026-04-18T12:36:16Z</time>
   </trkpt>
   <trkpt lat="12.9067520" lon="77.6325270">
    <ele>885.0</ele>
    <time>2026-04-18T12:36:17Z</time>
   </trkpt>
   <trkpt lat="12.9067540" lon="77.6325350">
    <ele>885.0</ele>
    <time>2026-04-18T12:36:18Z</time>
   </trkpt>
   <trkpt lat="12.9067510" lon="77.6325250">
    <ele>885.0</ele>
    <time>2026-04-18T12:36:19Z</time>
   </trkpt>
   <trkpt lat="12.9067480" lon="77.6325160">
    <ele>885.0</ele>
    <time>2026-04-18T12:36:20Z</time>
   </trkpt>
   <trkpt lat="12.9067570" lon="77.6325210">
    <ele>885.0</ele>
    <time>2026-04-18T12:36:21Z</time>
   </trkpt>
   <trkpt lat="12.9067610" lon="77.6325310">
    <ele>885.0</ele>
    <time>2026-04-18T12:36:22Z</time>
   </trkpt>
   <trkpt lat="12.9067630" lon="77.6325310">
    <ele>885.0</ele>
    <time>2026-04-18T12:36:23Z</time>
   </trkpt>
   <trkpt lat="12.9067620" lon="77.6325280">
    <ele>885.0</ele>
    <time>2026-04-18T12:36:24Z</time>
   </trkpt>
   <trkpt lat="12.9067600" lon="77.6325290">
    <ele>885.0</ele>
    <time>2026-04-18T12:36:25Z</time>
   </trkpt>
   <trkpt lat="12.9067630" lon="77.6325300">
    <ele>885.0</ele>
    <time>2026-04-18T12:36:26Z</time>
   </trkpt>
   <trkpt lat="12.9067650" lon="77.6325300">
    <ele>885.0</ele>
    <time>2026-04-18T12:36:27Z</time>
   </trkpt>
   <trkpt lat="12.9067650" lon="77.6325300">
    <ele>885.0</ele>
    <time>2026-04-18T12:36:28Z</time>
   </trkpt>
   <trkpt lat="12.9067660" lon="77.6325410">
    <ele>885.0</ele>
    <time>2026-04-18T12:36:29Z</time>
   </trkpt>
   <trkpt lat="12.9067650" lon="77.6325540">
    <ele>885.0</ele>
    <time>2026-04-18T12:36:30Z</time>
   </trkpt>
   <trkpt lat="12.9067630" lon="77.6325730">
    <ele>884.9</ele>
    <time>2026-04-18T12:36:31Z</time>
   </trkpt>
   <trkpt lat="12.9067590" lon="77.6325830">
    <ele>884.9</ele>
    <time>2026-04-18T12:36:32Z</time>
   </trkpt>
   <trkpt lat="12.9067540" lon="77.6325880">
    <ele>884.9</ele>
    <time>2026-04-18T12:36:33Z</time>
   </trkpt>
   <trkpt lat="12.9067520" lon="77.6325970">
    <ele>884.9</ele>
    <time>2026-04-18T12:36:34Z</time>
   </trkpt>
   <trkpt lat="12.9067480" lon="77.6326060">
    <ele>884.9</ele>
    <time>2026-04-18T12:36:35Z</time>
   </trkpt>
   <trkpt lat="12.9067440" lon="77.6326250">
    <ele>884.9</ele>
    <time>2026-04-18T12:36:36Z</time>
   </trkpt>
   <trkpt lat="12.9067420" lon="77.6326320">
    <ele>884.9</ele>
    <time>2026-04-18T12:36:37Z</time>
   </trkpt>
   <trkpt lat="12.9067390" lon="77.6326400">
    <ele>884.8</ele>
    <time>2026-04-18T12:36:38Z</time>
   </trkpt>
   <trkpt lat="12.9067370" lon="77.6326470">
    <ele>884.8</ele>
    <time>2026-04-18T12:36:39Z</time>
   </trkpt>
   <trkpt lat="12.9067330" lon="77.6326480">
    <ele>884.8</ele>
    <time>2026-04-18T12:36:40Z</time>
   </trkpt>
   <trkpt lat="12.9067250" lon="77.6326550">
    <ele>884.8</ele>
    <time>2026-04-18T12:36:41Z</time>
   </trkpt>
   <trkpt lat="12.9067180" lon="77.6326620">
    <ele>884.8</ele>
    <time>2026-04-18T12:36:42Z</time>
   </trkpt>
   <trkpt lat="12.9067190" lon="77.6326690">
    <ele>884.8</ele>
    <time>2026-04-18T12:36:43Z</time>
   </trkpt>
   <trkpt lat="12.9067170" lon="77.6326800">
    <ele>884.8</ele>
    <time>2026-04-18T12:36:44Z</time>
   </trkpt>
   <trkpt lat="12.9067300" lon="77.6326980">
    <ele>884.8</ele>
    <time>2026-04-18T12:36:45Z</time>
   </trkpt>
   <trkpt lat="12.9067310" lon="77.6327150">
    <ele>884.7</ele>
    <time>2026-04-18T12:36:46Z</time>
   </trkpt>
   <trkpt lat="12.9067280" lon="77.6327340">
    <ele>884.7</ele>
    <time>2026-04-18T12:36:47Z</time>
   </trkpt>
   <trkpt lat="12.9067190" lon="77.6327560">
    <ele>884.7</ele>
    <time>2026-04-18T12:36:48Z</time>
   </trkpt>
   <trkpt lat="12.9067180" lon="77.6327640">
    <ele>884.7</ele>
    <time>2026-04-18T12:36:49Z</time>
   </trkpt>
   <trkpt lat="12.9067160" lon="77.6327710">
    <ele>884.7</ele>
    <time>2026-04-18T12:36:50Z</time>
   </trkpt>
   <trkpt lat="12.9067190" lon="77.6327880">
    <ele>884.7</ele>
    <time>2026-04-18T12:36:51Z</time>
   </trkpt>
   <trkpt lat="12.9067280" lon="77.6328030">
    <ele>884.7</ele>
    <time>2026-04-18T12:36:52Z</time>
   </trkpt>
   <trkpt lat="12.9067340" lon="77.6328140">
    <ele>884.7</ele>
    <time>2026-04-18T12:36:53Z</time>
   </trkpt>
   <trkpt lat="12.9067360" lon="77.6328320">
    <ele>884.6</ele>
    <time>2026-04-18T12:36:54Z</time>
   </trkpt>
   <trkpt lat="12.9067380" lon="77.6328410">
    <ele>884.6</ele>
    <time>2026-04-18T12:36:55Z</time>
   </trkpt>
   <trkpt lat="12.9067400" lon="77.6328540">
    <ele>884.6</ele>
    <time>2026-04-18T12:36:56Z</time>
   </trkpt>
   <trkpt lat="12.9067420" lon="77.6328660">
    <ele>884.6</ele>
    <time>2026-04-18T12:36:57Z</time>
   </trkpt>
   <trkpt lat="12.9067420" lon="77.6328770">
    <ele>884.6</ele>
    <time>2026-04-18T12:36:58Z</time>
   </trkpt>
   <trkpt lat="12.9067420" lon="77.6328860">
    <ele>884.6</ele>
    <time>2026-04-18T12:36:59Z</time>
   </trkpt>
   <trkpt lat="12.9067390" lon="77.6328980">
    <ele>884.6</ele>
    <time>2026-04-18T12:37:00Z</time>
   </trkpt>
   <trkpt lat="12.9067380" lon="77.6329090">
    <ele>884.6</ele>
    <time>2026-04-18T12:37:01Z</time>
   </trkpt>
   <trkpt lat="12.9067340" lon="77.6329210">
    <ele>884.6</ele>
    <time>2026-04-18T12:37:02Z</time>
   </trkpt>
   <trkpt lat="12.9067360" lon="77.6329350">
    <ele>884.6</ele>
    <time>2026-04-18T12:37:03Z</time>
   </trkpt>
   <trkpt lat="12.9067350" lon="77.6329560">
    <ele>884.6</ele>
    <time>2026-04-18T12:37:04Z</time>
   </trkpt>
   <trkpt lat="12.9067330" lon="77.6329650">
    <ele>884.6</ele>
    <time>2026-04-18T12:37:05Z</time>
   </trkpt>
   <trkpt lat="12.9067300" lon="77.6329730">
    <ele>884.6</ele>
    <time>2026-04-18T12:37:06Z</time>
   </trkpt>
   <trkpt lat="12.9067240" lon="77.6329950">
    <ele>884.6</ele>
    <time>2026-04-18T12:37:07Z</time>
   </trkpt>
   <trkpt lat="12.9067210" lon="77.6330020">
    <ele>884.6</ele>
    <time>2026-04-18T12:37:08Z</time>
   </trkpt>
   <trkpt lat="12.9067180" lon="77.6330100">
    <ele>884.6</ele>
    <time>2026-04-18T12:37:09Z</time>
   </trkpt>
   <trkpt lat="12.9067190" lon="77.6330240">
    <ele>884.6</ele>
    <time>2026-04-18T12:37:10Z</time>
   </trkpt>
   <trkpt lat="12.9067150" lon="77.6330370">
    <ele>884.6</ele>
    <time>2026-04-18T12:37:11Z</time>
   </trkpt>
   <trkpt lat="12.9067170" lon="77.6330470">
    <ele>884.6</ele>
    <time>2026-04-18T12:37:12Z</time>
   </trkpt>
   <trkpt lat="12.9067170" lon="77.6330610">
    <ele>884.6</ele>
    <time>2026-04-18T12:37:13Z</time>
   </trkpt>
   <trkpt lat="12.9067180" lon="77.6330680">
    <ele>884.6</ele>
    <time>2026-04-18T12:37:14Z</time>
   </trkpt>
   <trkpt lat="12.9067160" lon="77.6330800">
    <ele>884.6</ele>
    <time>2026-04-18T12:37:15Z</time>
   </trkpt>
   <trkpt lat="12.9067160" lon="77.6330910">
    <ele>884.6</ele>
    <time>2026-04-18T12:37:16Z</time>
   </trkpt>
   <trkpt lat="12.9067210" lon="77.6331010">
    <ele>884.6</ele>
    <time>2026-04-18T12:37:17Z</time>
   </trkpt>
   <trkpt lat="12.9067210" lon="77.6331230">
    <ele>884.6</ele>
    <time>2026-04-18T12:37:18Z</time>
   </trkpt>
   <trkpt lat="12.9067200" lon="77.6331300">
    <ele>884.6</ele>
    <time>2026-04-18T12:37:19Z</time>
   </trkpt>
   <trkpt lat="12.9067190" lon="77.6331380">
    <ele>884.6</ele>
    <time>2026-04-18T12:37:20Z</time>
   </trkpt>
   <trkpt lat="12.9067250" lon="77.6331630">
    <ele>884.5</ele>
    <time>2026-04-18T12:37:21Z</time>
   </trkpt>
   <trkpt lat="12.9067260" lon="77.6331700">
    <ele>884.5</ele>
    <time>2026-04-18T12:37:22Z</time>
   </trkpt>
   <trkpt lat="12.9067280" lon="77.6331780">
    <ele>884.5</ele>
    <time>2026-04-18T12:37:23Z</time>
   </trkpt>
   <trkpt lat="12.9067370" lon="77.6331970">
    <ele>884.5</ele>
    <time>2026-04-18T12:37:24Z</time>
   </trkpt>
   <trkpt lat="12.9067400" lon="77.6332060">
    <ele>884.5</ele>
    <time>2026-04-18T12:37:25Z</time>
   </trkpt>
   <trkpt lat="12.9067440" lon="77.6332140">
    <ele>884.5</ele>
    <time>2026-04-18T12:37:26Z</time>
   </trkpt>
   <trkpt lat="12.9067470" lon="77.6332360">
    <ele>884.5</ele>
    <time>2026-04-18T12:37:27Z</time>
   </trkpt>
   <trkpt lat="12.9067490" lon="77.6332440">
    <ele>884.5</ele>
    <time>2026-04-18T12:37:28Z</time>
   </trkpt>
   <trkpt lat="12.9067510" lon="77.6332530">
    <ele>884.5</ele>
    <time>2026-04-18T12:37:29Z</time>
   </trkpt>
   <trkpt lat="12.9067530" lon="77.6332740">
    <ele>884.5</ele>
    <time>2026-04-18T12:37:30Z</time>
   </trkpt>
   <trkpt lat="12.9067550" lon="77.6332820">
    <ele>884.5</ele>
    <time>2026-04-18T12:37:31Z</time>
   </trkpt>
   <trkpt lat="12.9067560" lon="77.6332900">
    <ele>884.5</ele>
    <time>2026-04-18T12:37:32Z</time>
   </trkpt>
   <trkpt lat="12.9067590" lon="77.6333050">
    <ele>884.5</ele>
    <time>2026-04-18T12:37:33Z</time>
   </trkpt>
   <trkpt lat="12.9067600" lon="77.6333200">
    <ele>884.5</ele>
    <time>2026-04-18T12:37:34Z</time>
   </trkpt>
   <trkpt lat="12.9067610" lon="77.6333290">
    <ele>884.5</ele>
    <time>2026-04-18T12:37:35Z</time>
   </trkpt>
   <trkpt lat="12.9067640" lon="77.6333340">
    <ele>884.5</ele>
    <time>2026-04-18T12:37:36Z</time>
   </trkpt>
   <trkpt lat="12.9067670" lon="77.6333480">
    <ele>884.5</ele>
    <time>2026-04-18T12:37:37Z</time>
   </trkpt>
   <trkpt lat="12.9067730" lon="77.6333620">
    <ele>884.5</ele>
    <time>2026-04-18T12:37:38Z</time>
   </trkpt>
   <trkpt lat="12.9067720" lon="77.6333760">
    <ele>884.5</ele>
    <time>2026-04-18T12:37:39Z</time>
   </trkpt>
   <trkpt lat="12.9067740" lon="77.6333840">
    <ele>884.5</ele>
    <time>2026-04-18T12:37:40Z</time>
   </trkpt>
   <trkpt lat="12.9067760" lon="77.6333950">
    <ele>884.6</ele>
    <time>2026-04-18T12:37:41Z</time>
   </trkpt>
   <trkpt lat="12.9067780" lon="77.6334060">
    <ele>884.6</ele>
    <time>2026-04-18T12:37:42Z</time>
   </trkpt>
   <trkpt lat="12.9067830" lon="77.6334220">
    <ele>884.6</ele>
    <time>2026-04-18T12:37:43Z</time>
   </trkpt>
   <trkpt lat="12.9067820" lon="77.6334350">
    <ele>884.6</ele>
    <time>2026-04-18T12:37:44Z</time>
   </trkpt>
   <trkpt lat="12.9067840" lon="77.6334480">
    <ele>884.6</ele>
    <time>2026-04-18T12:37:45Z</time>
   </trkpt>
   <trkpt lat="12.9067890" lon="77.6334630">
    <ele>884.6</ele>
    <time>2026-04-18T12:37:46Z</time>
   </trkpt>
   <trkpt lat="12.9067910" lon="77.6334700">
    <ele>884.6</ele>
    <time>2026-04-18T12:37:47Z</time>
   </trkpt>
   <trkpt lat="12.9067930" lon="77.6334850">
    <ele>884.6</ele>
    <time>2026-04-18T12:37:48Z</time>
   </trkpt>
   <trkpt lat="12.9067940" lon="77.6334950">
    <ele>884.6</ele>
    <time>2026-04-18T12:37:49Z</time>
   </trkpt>
   <trkpt lat="12.9067940" lon="77.6335150">
    <ele>884.6</ele>
    <time>2026-04-18T12:37:50Z</time>
   </trkpt>
   <trkpt lat="12.9067960" lon="77.6335260">
    <ele>884.6</ele>
    <time>2026-04-18T12:37:51Z</time>
   </trkpt>
   <trkpt lat="12.9067970" lon="77.6335370">
    <ele>884.6</ele>
    <time>2026-04-18T12:37:52Z</time>
   </trkpt>
   <trkpt lat="12.9068000" lon="77.6335500">
    <ele>884.6</ele>
    <time>2026-04-18T12:37:53Z</time>
   </trkpt>
   <trkpt lat="12.9068090" lon="77.6335710">
    <ele>884.6</ele>
    <time>2026-04-18T12:37:54Z</time>
   </trkpt>
   <trkpt lat="12.9068090" lon="77.6335880">
    <ele>884.6</ele>
    <time>2026-04-18T12:37:55Z</time>
   </trkpt>
   <trkpt lat="12.9068090" lon="77.6335950">
    <ele>884.6</ele>
    <time>2026-04-18T12:37:56Z</time>
   </trkpt>
   <trkpt lat="12.9068090" lon="77.6336020">
    <ele>884.6</ele>
    <time>2026-04-18T12:37:57Z</time>
   </trkpt>
   <trkpt lat="12.9068090" lon="77.6336090">
    <ele>884.6</ele>
    <time>2026-04-18T12:37:58Z</time>
   </trkpt>
   <trkpt lat="12.9068110" lon="77.6336300">
    <ele>884.6</ele>
    <time>2026-04-18T12:37:59Z</time>
   </trkpt>
   <trkpt lat="12.9068150" lon="77.6336440">
    <ele>884.6</ele>
    <time>2026-04-18T12:38:00Z</time>
   </trkpt>
   <trkpt lat="12.9068260" lon="77.6336540">
    <ele>884.6</ele>
    <time>2026-04-18T12:38:01Z</time>
   </trkpt>
   <trkpt lat="12.9068370" lon="77.6336640">
    <ele>884.6</ele>
    <time>2026-04-18T12:38:02Z</time>
   </trkpt>
   <trkpt lat="12.9068470" lon="77.6336830">
    <ele>884.6</ele>
    <time>2026-04-18T12:38:03Z</time>
   </trkpt>
   <trkpt lat="12.9068500" lon="77.6336930">
    <ele>884.6</ele>
    <time>2026-04-18T12:38:04Z</time>
   </trkpt>
   <trkpt lat="12.9068540" lon="77.6337020">
    <ele>884.6</ele>
    <time>2026-04-18T12:38:05Z</time>
   </trkpt>
   <trkpt lat="12.9068610" lon="77.6337140">
    <ele>884.6</ele>
    <time>2026-04-18T12:38:06Z</time>
   </trkpt>
   <trkpt lat="12.9068680" lon="77.6337230">
    <ele>884.6</ele>
    <time>2026-04-18T12:38:07Z</time>
   </trkpt>
   <trkpt lat="12.9068670" lon="77.6337350">
    <ele>884.6</ele>
    <time>2026-04-18T12:38:08Z</time>
   </trkpt>
   <trkpt lat="12.9068780" lon="77.6337540">
    <ele>884.6</ele>
    <time>2026-04-18T12:38:09Z</time>
   </trkpt>
   <trkpt lat="12.9068840" lon="77.6337630">
    <ele>884.6</ele>
    <time>2026-04-18T12:38:10Z</time>
   </trkpt>
   <trkpt lat="12.9068910" lon="77.6337710">
    <ele>884.6</ele>
    <time>2026-04-18T12:38:11Z</time>
   </trkpt>
   <trkpt lat="12.9068990" lon="77.6337830">
    <ele>884.6</ele>
    <time>2026-04-18T12:38:12Z</time>
   </trkpt>
   <trkpt lat="12.9069060" lon="77.6337950">
    <ele>884.6</ele>
    <time>2026-04-18T12:38:13Z</time>
   </trkpt>
   <trkpt lat="12.9069150" lon="77.6338050">
    <ele>884.6</ele>
    <time>2026-04-18T12:38:14Z</time>
   </trkpt>
   <trkpt lat="12.9069200" lon="77.6338200">
    <ele>884.6</ele>
    <time>2026-04-18T12:38:15Z</time>
   </trkpt>
   <trkpt lat="12.9069260" lon="77.6338340">
    <ele>884.6</ele>
    <time>2026-04-18T12:38:16Z</time>
   </trkpt>
   <trkpt lat="12.9069300" lon="77.6338410">
    <ele>884.6</ele>
    <time>2026-04-18T12:38:17Z</time>
   </trkpt>
   <trkpt lat="12.9069310" lon="77.6338510">
    <ele>884.6</ele>
    <time>2026-04-18T12:38:18Z</time>
   </trkpt>
   <trkpt lat="12.9069340" lon="77.6338610">
    <ele>884.6</ele>
    <time>2026-04-18T12:38:19Z</time>
   </trkpt>
   <trkpt lat="12.9069360" lon="77.6338720">
    <ele>884.6</ele>
    <time>2026-04-18T12:38:20Z</time>
   </trkpt>
   <trkpt lat="12.9069390" lon="77.6338850">
    <ele>884.6</ele>
    <time>2026-04-18T12:38:21Z</time>
   </trkpt>
   <trkpt lat="12.9069430" lon="77.6339050">
    <ele>884.6</ele>
    <time>2026-04-18T12:38:22Z</time>
   </trkpt>
   <trkpt lat="12.9069370" lon="77.6339150">
    <ele>884.6</ele>
    <time>2026-04-18T12:38:23Z</time>
   </trkpt>
   <trkpt lat="12.9069410" lon="77.6339250">
    <ele>884.6</ele>
    <time>2026-04-18T12:38:24Z</time>
   </trkpt>
   <trkpt lat="12.9069470" lon="77.6339310">
    <ele>884.6</ele>
    <time>2026-04-18T12:38:25Z</time>
   </trkpt>
   <trkpt lat="12.9069530" lon="77.6339430">
    <ele>884.6</ele>
    <time>2026-04-18T12:38:26Z</time>
   </trkpt>
   <trkpt lat="12.9069610" lon="77.6339590">
    <ele>884.6</ele>
    <time>2026-04-18T12:38:27Z</time>
   </trkpt>
   <trkpt lat="12.9069660" lon="77.6339710">
    <ele>884.6</ele>
    <time>2026-04-18T12:38:28Z</time>
   </trkpt>
   <trkpt lat="12.9069780" lon="77.6339850">
    <ele>884.6</ele>
    <time>2026-04-18T12:38:29Z</time>
   </trkpt>
   <trkpt lat="12.9069760" lon="77.6339930">
    <ele>884.6</ele>
    <time>2026-04-18T12:38:30Z</time>
   </trkpt>
   <trkpt lat="12.9069750" lon="77.6340010">
    <ele>884.6</ele>
    <time>2026-04-18T12:38:31Z</time>
   </trkpt>
   <trkpt lat="12.9069730" lon="77.6340090">
    <ele>884.6</ele>
    <time>2026-04-18T12:38:32Z</time>
   </trkpt>
   <trkpt lat="12.9069780" lon="77.6340240">
    <ele>884.6</ele>
    <time>2026-04-18T12:38:33Z</time>
   </trkpt>
   <trkpt lat="12.9069880" lon="77.6340350">
    <ele>884.6</ele>
    <time>2026-04-18T12:38:34Z</time>
   </trkpt>
   <trkpt lat="12.9070000" lon="77.6340430">
    <ele>884.6</ele>
    <time>2026-04-18T12:38:35Z</time>
   </trkpt>
   <trkpt lat="12.9070100" lon="77.6340540">
    <ele>884.6</ele>
    <time>2026-04-18T12:38:36Z</time>
   </trkpt>
   <trkpt lat="12.9070180" lon="77.6340670">
    <ele>884.6</ele>
    <time>2026-04-18T12:38:37Z</time>
   </trkpt>
   <trkpt lat="12.9070270" lon="77.6340790">
    <ele>884.6</ele>
    <time>2026-04-18T12:38:38Z</time>
   </trkpt>
   <trkpt lat="12.9070330" lon="77.6340890">
    <ele>884.6</ele>
    <time>2026-04-18T12:38:39Z</time>
   </trkpt>
   <trkpt lat="12.9070400" lon="77.6341040">
    <ele>884.6</ele>
    <time>2026-04-18T12:38:40Z</time>
   </trkpt>
   <trkpt lat="12.9070450" lon="77.6341150">
    <ele>884.6</ele>
    <time>2026-04-18T12:38:41Z</time>
   </trkpt>
   <trkpt lat="12.9070490" lon="77.6341270">
    <ele>884.6</ele>
    <time>2026-04-18T12:38:42Z</time>
   </trkpt>
   <trkpt lat="12.9070510" lon="77.6341350">
    <ele>884.6</ele>
    <time>2026-04-18T12:38:43Z</time>
   </trkpt>
   <trkpt lat="12.9070550" lon="77.6341550">
    <ele>884.6</ele>
    <time>2026-04-18T12:38:44Z</time>
   </trkpt>
   <trkpt lat="12.9070580" lon="77.6341630">
    <ele>884.6</ele>
    <time>2026-04-18T12:38:45Z</time>
   </trkpt>
   <trkpt lat="12.9070600" lon="77.6341720">
    <ele>884.6</ele>
    <time>2026-04-18T12:38:46Z</time>
   </trkpt>
   <trkpt lat="12.9070620" lon="77.6341810">
    <ele>884.6</ele>
    <time>2026-04-18T12:38:47Z</time>
   </trkpt>
   <trkpt lat="12.9070750" lon="77.6341840">
    <ele>884.6</ele>
    <time>2026-04-18T12:38:48Z</time>
   </trkpt>
   <trkpt lat="12.9070780" lon="77.6341950">
    <ele>884.6</ele>
    <time>2026-04-18T12:38:49Z</time>
   </trkpt>
   <trkpt lat="12.9070800" lon="77.6342100">
    <ele>884.6</ele>
    <time>2026-04-18T12:38:50Z</time>
   </trkpt>
   <trkpt lat="12.9070900" lon="77.6342360">
    <ele>884.6</ele>
    <time>2026-04-18T12:38:51Z</time>
   </trkpt>
   <trkpt lat="12.9070920" lon="77.6342460">
    <ele>884.6</ele>
    <time>2026-04-18T12:38:52Z</time>
   </trkpt>
   <trkpt lat="12.9071020" lon="77.6342590">
    <ele>884.6</ele>
    <time>2026-04-18T12:38:53Z</time>
   </trkpt>
   <trkpt lat="12.9071110" lon="77.6342730">
    <ele>884.6</ele>
    <time>2026-04-18T12:38:54Z</time>
   </trkpt>
   <trkpt lat="12.9071190" lon="77.6342920">
    <ele>884.6</ele>
    <time>2026-04-18T12:38:55Z</time>
   </trkpt>
   <trkpt lat="12.9071210" lon="77.6343040">
    <ele>884.6</ele>
    <time>2026-04-18T12:38:56Z</time>
   </trkpt>
   <trkpt lat="12.9071230" lon="77.6343170">
    <ele>884.6</ele>
    <time>2026-04-18T12:38:57Z</time>
   </trkpt>
   <trkpt lat="12.9071270" lon="77.6343270">
    <ele>884.6</ele>
    <time>2026-04-18T12:38:58Z</time>
   </trkpt>
   <trkpt lat="12.9071240" lon="77.6343400">
    <ele>884.6</ele>
    <time>2026-04-18T12:38:59Z</time>
   </trkpt>
   <trkpt lat="12.9071060" lon="77.6343390">
    <ele>884.6</ele>
    <time>2026-04-18T12:39:00Z</time>
   </trkpt>
   <trkpt lat="12.9071020" lon="77.6343440">
    <ele>884.6</ele>
    <time>2026-04-18T12:39:01Z</time>
   </trkpt>
   <trkpt lat="12.9071080" lon="77.6343420">
    <ele>884.6</ele>
    <time>2026-04-18T12:39:02Z</time>
   </trkpt>
   <trkpt lat="12.9071080" lon="77.6343560">
    <ele>884.6</ele>
    <time>2026-04-18T12:39:03Z</time>
   </trkpt>
   <trkpt lat="12.9071200" lon="77.6343730">
    <ele>884.6</ele>
    <time>2026-04-18T12:39:04Z</time>
   </trkpt>
   <trkpt lat="12.9071210" lon="77.6343890">
    <ele>884.6</ele>
    <time>2026-04-18T12:39:05Z</time>
   </trkpt>
   <trkpt lat="12.9071220" lon="77.6344000">
    <ele>884.7</ele>
    <time>2026-04-18T12:39:06Z</time>
   </trkpt>
   <trkpt lat="12.9071210" lon="77.6344110">
    <ele>884.7</ele>
    <time>2026-04-18T12:39:07Z</time>
   </trkpt>
   <trkpt lat="12.9071310" lon="77.6344260">
    <ele>884.7</ele>
    <time>2026-04-18T12:39:08Z</time>
   </trkpt>
   <trkpt lat="12.9071340" lon="77.6344350">
    <ele>884.7</ele>
    <time>2026-04-18T12:39:09Z</time>
   </trkpt>
   <trkpt lat="12.9071380" lon="77.6344440">
    <ele>884.7</ele>
    <time>2026-04-18T12:39:10Z</time>
   </trkpt>
   <trkpt lat="12.9071570" lon="77.6344710">
    <ele>884.7</ele>
    <time>2026-04-18T12:39:11Z</time>
   </trkpt>
   <trkpt lat="12.9071650" lon="77.6344780">
    <ele>884.7</ele>
    <time>2026-04-18T12:39:12Z</time>
   </trkpt>
   <trkpt lat="12.9071770" lon="77.6344960">
    <ele>884.7</ele>
    <time>2026-04-18T12:39:13Z</time>
   </trkpt>
   <trkpt lat="12.9071860" lon="77.6345070">
    <ele>884.7</ele>
    <time>2026-04-18T12:39:14Z</time>
   </trkpt>
   <trkpt lat="12.9071970" lon="77.6345200">
    <ele>884.7</ele>
    <time>2026-04-18T12:39:15Z</time>
   </trkpt>
   <trkpt lat="12.9072020" lon="77.6345280">
    <ele>884.7</ele>
    <time>2026-04-18T12:39:16Z</time>
   </trkpt>
   <trkpt lat="12.9071900" lon="77.6345390">
    <ele>884.7</ele>
    <time>2026-04-18T12:39:17Z</time>
   </trkpt>
   <trkpt lat="12.9071880" lon="77.6345440">
    <ele>884.7</ele>
    <time>2026-04-18T12:39:18Z</time>
   </trkpt>
   <trkpt lat="12.9071960" lon="77.6345530">
    <ele>884.7</ele>
    <time>2026-04-18T12:39:19Z</time>
   </trkpt>
   <trkpt lat="12.9072010" lon="77.6345700">
    <ele>884.7</ele>
    <time>2026-04-18T12:39:20Z</time>
   </trkpt>
   <trkpt lat="12.9072050" lon="77.6345790">
    <ele>884.7</ele>
    <time>2026-04-18T12:39:21Z</time>
   </trkpt>
   <trkpt lat="12.9072080" lon="77.6345900">
    <ele>884.7</ele>
    <time>2026-04-18T12:39:22Z</time>
   </trkpt>
   <trkpt lat="12.9072120" lon="77.6345990">
    <ele>884.7</ele>
    <time>2026-04-18T12:39:23Z</time>
   </trkpt>
   <trkpt lat="12.9072170" lon="77.6346170">
    <ele>884.7</ele>
    <time>2026-04-18T12:39:24Z</time>
   </trkpt>
   <trkpt lat="12.9072210" lon="77.6346260">
    <ele>884.7</ele>
    <time>2026-04-18T12:39:25Z</time>
   </trkpt>
   <trkpt lat="12.9072250" lon="77.6346350">
    <ele>884.7</ele>
    <time>2026-04-18T12:39:26Z</time>
   </trkpt>
   <trkpt lat="12.9072360" lon="77.6346630">
    <ele>884.7</ele>
    <time>2026-04-18T12:39:27Z</time>
   </trkpt>
   <trkpt lat="12.9072380" lon="77.6346720">
    <ele>884.7</ele>
    <time>2026-04-18T12:39:28Z</time>
   </trkpt>
   <trkpt lat="12.9072370" lon="77.6346910">
    <ele>884.7</ele>
    <time>2026-04-18T12:39:29Z</time>
   </trkpt>
   <trkpt lat="12.9072330" lon="77.6347030">
    <ele>884.7</ele>
    <time>2026-04-18T12:39:30Z</time>
   </trkpt>
   <trkpt lat="12.9072380" lon="77.6347120">
    <ele>884.8</ele>
    <time>2026-04-18T12:39:31Z</time>
   </trkpt>
   <trkpt lat="12.9072410" lon="77.6347240">
    <ele>884.8</ele>
    <time>2026-04-18T12:39:32Z</time>
   </trkpt>
   <trkpt lat="12.9072490" lon="77.6347360">
    <ele>884.8</ele>
    <time>2026-04-18T12:39:33Z</time>
   </trkpt>
   <trkpt lat="12.9072520" lon="77.6347520">
    <ele>884.8</ele>
    <time>2026-04-18T12:39:34Z</time>
   </trkpt>
   <trkpt lat="12.9072610" lon="77.6347690">
    <ele>884.8</ele>
    <time>2026-04-18T12:39:35Z</time>
   </trkpt>
   <trkpt lat="12.9072720" lon="77.6347830">
    <ele>884.8</ele>
    <time>2026-04-18T12:39:36Z</time>
   </trkpt>
   <trkpt lat="12.9072840" lon="77.6347980">
    <ele>884.8</ele>
    <time>2026-04-18T12:39:37Z</time>
   </trkpt>
   <trkpt lat="12.9072920" lon="77.6348230">
    <ele>884.8</ele>
    <time>2026-04-18T12:39:38Z</time>
   </trkpt>
   <trkpt lat="12.9072910" lon="77.6348300">
    <ele>884.8</ele>
    <time>2026-04-18T12:39:39Z</time>
   </trkpt>
   <trkpt lat="12.9072890" lon="77.6348380">
    <ele>884.8</ele>
    <time>2026-04-18T12:39:40Z</time>
   </trkpt>
   <trkpt lat="12.9072920" lon="77.6348510">
    <ele>884.8</ele>
    <time>2026-04-18T12:39:41Z</time>
   </trkpt>
   <trkpt lat="12.9072890" lon="77.6348560">
    <ele>884.8</ele>
    <time>2026-04-18T12:39:42Z</time>
   </trkpt>
   <trkpt lat="12.9072950" lon="77.6348690">
    <ele>884.8</ele>
    <time>2026-04-18T12:39:43Z</time>
   </trkpt>
   <trkpt lat="12.9072970" lon="77.6348830">
    <ele>884.8</ele>
    <time>2026-04-18T12:39:44Z</time>
   </trkpt>
   <trkpt lat="12.9072990" lon="77.6349040">
    <ele>884.8</ele>
    <time>2026-04-18T12:39:45Z</time>
   </trkpt>
   <trkpt lat="12.9073040" lon="77.6349170">
    <ele>884.8</ele>
    <time>2026-04-18T12:39:46Z</time>
   </trkpt>
   <trkpt lat="12.9072980" lon="77.6349370">
    <ele>884.9</ele>
    <time>2026-04-18T12:39:47Z</time>
   </trkpt>
   <trkpt lat="12.9073020" lon="77.6349400">
    <ele>884.9</ele>
    <time>2026-04-18T12:39:48Z</time>
   </trkpt>
   <trkpt lat="12.9073060" lon="77.6349460">
    <ele>884.9</ele>
    <time>2026-04-18T12:39:49Z</time>
   </trkpt>
   <trkpt lat="12.9073080" lon="77.6349580">
    <ele>884.9</ele>
    <time>2026-04-18T12:39:50Z</time>
   </trkpt>
   <trkpt lat="12.9073180" lon="77.6349680">
    <ele>884.9</ele>
    <time>2026-04-18T12:39:51Z</time>
   </trkpt>
   <trkpt lat="12.9073180" lon="77.6349730">
    <ele>884.9</ele>
    <time>2026-04-18T12:39:52Z</time>
   </trkpt>
   <trkpt lat="12.9073190" lon="77.6349760">
    <ele>884.9</ele>
    <time>2026-04-18T12:39:53Z</time>
   </trkpt>
   <trkpt lat="12.9073180" lon="77.6349890">
    <ele>884.9</ele>
    <time>2026-04-18T12:39:54Z</time>
   </trkpt>
   <trkpt lat="12.9073250" lon="77.6349990">
    <ele>884.9</ele>
    <time>2026-04-18T12:39:55Z</time>
   </trkpt>
   <trkpt lat="12.9073300" lon="77.6350040">
    <ele>884.9</ele>
    <time>2026-04-18T12:39:56Z</time>
   </trkpt>
   <trkpt lat="12.9073310" lon="77.6350110">
    <ele>884.9</ele>
    <time>2026-04-18T12:39:57Z</time>
   </trkpt>
   <trkpt lat="12.9073320" lon="77.6350170">
    <ele>884.9</ele>
    <time>2026-04-18T12:39:58Z</time>
   </trkpt>
   <trkpt lat="12.9073320" lon="77.6350240">
    <ele>884.9</ele>
    <time>2026-04-18T12:39:59Z</time>
   </trkpt>
   <trkpt lat="12.9073330" lon="77.6350300">
    <ele>884.9</ele>
    <time>2026-04-18T12:40:00Z</time>
   </trkpt>
   <trkpt lat="12.9073340" lon="77.6350370">
    <ele>884.9</ele>
    <time>2026-04-18T12:40:01Z</time>
   </trkpt>
   <trkpt lat="12.9073350" lon="77.6350430">
    <ele>884.9</ele>
    <time>2026-04-18T12:40:02Z</time>
   </trkpt>
   <trkpt lat="12.9073400" lon="77.6350630">
    <ele>884.9</ele>
    <time>2026-04-18T12:40:03Z</time>
   </trkpt>
   <trkpt lat="12.9073390" lon="77.6350780">
    <ele>885.0</ele>
    <time>2026-04-18T12:40:04Z</time>
   </trkpt>
   <trkpt lat="12.9073430" lon="77.6350900">
    <ele>885.0</ele>
    <time>2026-04-18T12:40:05Z</time>
   </trkpt>
   <trkpt lat="12.9073470" lon="77.6351090">
    <ele>885.0</ele>
    <time>2026-04-18T12:40:06Z</time>
   </trkpt>
   <trkpt lat="12.9073490" lon="77.6351300">
    <ele>885.1</ele>
    <time>2026-04-18T12:40:07Z</time>
   </trkpt>
   <trkpt lat="12.9073490" lon="77.6351390">
    <ele>885.1</ele>
    <time>2026-04-18T12:40:08Z</time>
   </trkpt>
   <trkpt lat="12.9073500" lon="77.6351470">
    <ele>885.1</ele>
    <time>2026-04-18T12:40:09Z</time>
   </trkpt>
   <trkpt lat="12.9073520" lon="77.6351510">
    <ele>885.1</ele>
    <time>2026-04-18T12:40:10Z</time>
   </trkpt>
   <trkpt lat="12.9073460" lon="77.6351660">
    <ele>885.1</ele>
    <time>2026-04-18T12:40:11Z</time>
   </trkpt>
   <trkpt lat="12.9073390" lon="77.6351790">
    <ele>885.2</ele>
    <time>2026-04-18T12:40:12Z</time>
   </trkpt>
   <trkpt lat="12.9073340" lon="77.6352000">
    <ele>885.2</ele>
    <time>2026-04-18T12:40:13Z</time>
   </trkpt>
   <trkpt lat="12.9073340" lon="77.6352080">
    <ele>885.2</ele>
    <time>2026-04-18T12:40:14Z</time>
   </trkpt>
   <trkpt lat="12.9073330" lon="77.6352170">
    <ele>885.2</ele>
    <time>2026-04-18T12:40:15Z</time>
   </trkpt>
   <trkpt lat="12.9073290" lon="77.6352320">
    <ele>885.3</ele>
    <time>2026-04-18T12:40:16Z</time>
   </trkpt>
   <trkpt lat="12.9073340" lon="77.6352450">
    <ele>885.3</ele>
    <time>2026-04-18T12:40:17Z</time>
   </trkpt>
   <trkpt lat="12.9073310" lon="77.6352550">
    <ele>885.3</ele>
    <time>2026-04-18T12:40:18Z</time>
   </trkpt>
   <trkpt lat="12.9073310" lon="77.6352700">
    <ele>885.4</ele>
    <time>2026-04-18T12:40:19Z</time>
   </trkpt>
   <trkpt lat="12.9073250" lon="77.6352750">
    <ele>885.4</ele>
    <time>2026-04-18T12:40:20Z</time>
   </trkpt>
   <trkpt lat="12.9073190" lon="77.6352910">
    <ele>885.4</ele>
    <time>2026-04-18T12:40:21Z</time>
   </trkpt>
   <trkpt lat="12.9073220" lon="77.6353050">
    <ele>885.4</ele>
    <time>2026-04-18T12:40:22Z</time>
   </trkpt>
   <trkpt lat="12.9073150" lon="77.6353230">
    <ele>885.5</ele>
    <time>2026-04-18T12:40:23Z</time>
   </trkpt>
   <trkpt lat="12.9073130" lon="77.6353330">
    <ele>885.5</ele>
    <time>2026-04-18T12:40:24Z</time>
   </trkpt>
   <trkpt lat="12.9073100" lon="77.6353420">
    <ele>885.5</ele>
    <time>2026-04-18T12:40:25Z</time>
   </trkpt>
   <trkpt lat="12.9073010" lon="77.6353570">
    <ele>885.5</ele>
    <time>2026-04-18T12:40:26Z</time>
   </trkpt>
   <trkpt lat="12.9073010" lon="77.6353690">
    <ele>885.5</ele>
    <time>2026-04-18T12:40:27Z</time>
   </trkpt>
   <trkpt lat="12.9072970" lon="77.6353820">
    <ele>885.6</ele>
    <time>2026-04-18T12:40:28Z</time>
   </trkpt>
   <trkpt lat="12.9072910" lon="77.6354010">
    <ele>885.6</ele>
    <time>2026-04-18T12:40:29Z</time>
   </trkpt>
   <trkpt lat="12.9072870" lon="77.6354120">
    <ele>885.6</ele>
    <time>2026-04-18T12:40:30Z</time>
   </trkpt>
   <trkpt lat="12.9072940" lon="77.6354050">
    <ele>885.6</ele>
    <time>2026-04-18T12:40:31Z</time>
   </trkpt>
   <trkpt lat="12.9072910" lon="77.6354150">
    <ele>885.7</ele>
    <time>2026-04-18T12:40:32Z</time>
   </trkpt>
   <trkpt lat="12.9072860" lon="77.6354240">
    <ele>885.7</ele>
    <time>2026-04-18T12:40:33Z</time>
   </trkpt>
   <trkpt lat="12.9072850" lon="77.6354350">
    <ele>885.7</ele>
    <time>2026-04-18T12:40:34Z</time>
   </trkpt>
   <trkpt lat="12.9072780" lon="77.6354510">
    <ele>885.7</ele>
    <time>2026-04-18T12:40:35Z</time>
   </trkpt>
   <trkpt lat="12.9072790" lon="77.6354710">
    <ele>885.8</ele>
    <time>2026-04-18T12:40:36Z</time>
   </trkpt>
   <trkpt lat="12.9072770" lon="77.6354950">
    <ele>885.8</ele>
    <time>2026-04-18T12:40:37Z</time>
   </trkpt>
   <trkpt lat="12.9072780" lon="77.6355010">
    <ele>885.8</ele>
    <time>2026-04-18T12:40:38Z</time>
   </trkpt>
   <trkpt lat="12.9072790" lon="77.6355080">
    <ele>885.8</ele>
    <time>2026-04-18T12:40:39Z</time>
   </trkpt>
   <trkpt lat="12.9072990" lon="77.6355090">
    <ele>885.9</ele>
    <time>2026-04-18T12:40:40Z</time>
   </trkpt>
   <trkpt lat="12.9072870" lon="77.6355210">
    <ele>885.9</ele>
    <time>2026-04-18T12:40:41Z</time>
   </trkpt>
   <trkpt lat="12.9072810" lon="77.6355370">
    <ele>885.9</ele>
    <time>2026-04-18T12:40:42Z</time>
   </trkpt>
   <trkpt lat="12.9072770" lon="77.6355500">
    <ele>886.0</ele>
    <time>2026-04-18T12:40:43Z</time>
   </trkpt>
   <trkpt lat="12.9072650" lon="77.6355680">
    <ele>886.0</ele>
    <time>2026-04-18T12:40:44Z</time>
   </trkpt>
   <trkpt lat="12.9072560" lon="77.6355780">
    <ele>886.0</ele>
    <time>2026-04-18T12:40:45Z</time>
   </trkpt>
   <trkpt lat="12.9072400" lon="77.6355950">
    <ele>886.1</ele>
    <time>2026-04-18T12:40:46Z</time>
   </trkpt>
   <trkpt lat="12.9072270" lon="77.6356090">
    <ele>886.1</ele>
    <time>2026-04-18T12:40:47Z</time>
   </trkpt>
   <trkpt lat="12.9072210" lon="77.6356170">
    <ele>886.1</ele>
    <time>2026-04-18T12:40:48Z</time>
   </trkpt>
   <trkpt lat="12.9072140" lon="77.6356260">
    <ele>886.1</ele>
    <time>2026-04-18T12:40:49Z</time>
   </trkpt>
   <trkpt lat="12.9072090" lon="77.6356340">
    <ele>886.2</ele>
    <time>2026-04-18T12:40:50Z</time>
   </trkpt>
   <trkpt lat="12.9072030" lon="77.6356440">
    <ele>886.2</ele>
    <time>2026-04-18T12:40:51Z</time>
   </trkpt>
   <trkpt lat="12.9072010" lon="77.6356520">
    <ele>886.2</ele>
    <time>2026-04-18T12:40:52Z</time>
   </trkpt>
   <trkpt lat="12.9071900" lon="77.6356670">
    <ele>886.2</ele>
    <time>2026-04-18T12:40:53Z</time>
   </trkpt>
   <trkpt lat="12.9071840" lon="77.6356800">
    <ele>886.3</ele>
    <time>2026-04-18T12:40:54Z</time>
   </trkpt>
   <trkpt lat="12.9071790" lon="77.6356960">
    <ele>886.3</ele>
    <time>2026-04-18T12:40:55Z</time>
   </trkpt>
   <trkpt lat="12.9071760" lon="77.6357090">
    <ele>886.3</ele>
    <time>2026-04-18T12:40:56Z</time>
   </trkpt>
   <trkpt lat="12.9071720" lon="77.6357150">
    <ele>886.3</ele>
    <time>2026-04-18T12:40:57Z</time>
   </trkpt>
   <trkpt lat="12.9071680" lon="77.6357280">
    <ele>886.4</ele>
    <time>2026-04-18T12:40:58Z</time>
   </trkpt>
   <trkpt lat="12.9071660" lon="77.6357360">
    <ele>886.4</ele>
    <time>2026-04-18T12:40:59Z</time>
   </trkpt>
   <trkpt lat="12.9071610" lon="77.6357430">
    <ele>886.4</ele>
    <time>2026-04-18T12:41:00Z</time>
   </trkpt>
   <trkpt lat="12.9071450" lon="77.6357490">
    <ele>886.4</ele>
    <time>2026-04-18T12:41:01Z</time>
   </trkpt>
   <trkpt lat="12.9071400" lon="77.6357560">
    <ele>886.4</ele>
    <time>2026-04-18T12:41:02Z</time>
   </trkpt>
   <trkpt lat="12.9071260" lon="77.6357660">
    <ele>886.5</ele>
    <time>2026-04-18T12:41:03Z</time>
   </trkpt>
   <trkpt lat="12.9071190" lon="77.6357750">
    <ele>886.5</ele>
    <time>2026-04-18T12:41:04Z</time>
   </trkpt>
   <trkpt lat="12.9071130" lon="77.6357840">
    <ele>886.5</ele>
    <time>2026-04-18T12:41:05Z</time>
   </trkpt>
   <trkpt lat="12.9071090" lon="77.6357970">
    <ele>886.6</ele>
    <time>2026-04-18T12:41:06Z</time>
   </trkpt>
   <trkpt lat="12.9071020" lon="77.6358110">
    <ele>886.6</ele>
    <time>2026-04-18T12:41:07Z</time>
   </trkpt>
   <trkpt lat="12.9070950" lon="77.6358310">
    <ele>886.6</ele>
    <time>2026-04-18T12:41:08Z</time>
   </trkpt>
   <trkpt lat="12.9070910" lon="77.6358390">
    <ele>886.6</ele>
    <time>2026-04-18T12:41:09Z</time>
   </trkpt>
   <trkpt lat="12.9070860" lon="77.6358460">
    <ele>886.7</ele>
    <time>2026-04-18T12:41:10Z</time>
   </trkpt>
   <trkpt lat="12.9070790" lon="77.6358540">
    <ele>886.7</ele>
    <time>2026-04-18T12:41:11Z</time>
   </trkpt>
   <trkpt lat="12.9070740" lon="77.6358690">
    <ele>886.7</ele>
    <time>2026-04-18T12:41:12Z</time>
   </trkpt>
   <trkpt lat="12.9070720" lon="77.6358730">
    <ele>886.7</ele>
    <time>2026-04-18T12:41:13Z</time>
   </trkpt>
   <trkpt lat="12.9070660" lon="77.6358860">
    <ele>886.7</ele>
    <time>2026-04-18T12:41:14Z</time>
   </trkpt>
   <trkpt lat="12.9070620" lon="77.6358910">
    <ele>886.8</ele>
    <time>2026-04-18T12:41:15Z</time>
   </trkpt>
   <trkpt lat="12.9070550" lon="77.6359010">
    <ele>886.8</ele>
    <time>2026-04-18T12:41:16Z</time>
   </trkpt>
   <trkpt lat="12.9070500" lon="77.6359040">
    <ele>886.8</ele>
    <time>2026-04-18T12:41:17Z</time>
   </trkpt>
   <trkpt lat="12.9070420" lon="77.6359210">
    <ele>886.8</ele>
    <time>2026-04-18T12:41:18Z</time>
   </trkpt>
   <trkpt lat="12.9070390" lon="77.6359330">
    <ele>886.8</ele>
    <time>2026-04-18T12:41:19Z</time>
   </trkpt>
   <trkpt lat="12.9070390" lon="77.6359550">
    <ele>886.9</ele>
    <time>2026-04-18T12:41:20Z</time>
   </trkpt>
   <trkpt lat="12.9070370" lon="77.6359670">
    <ele>886.9</ele>
    <time>2026-04-18T12:41:21Z</time>
   </trkpt>
   <trkpt lat="12.9070340" lon="77.6359800">
    <ele>886.9</ele>
    <time>2026-04-18T12:41:22Z</time>
   </trkpt>
   <trkpt lat="12.9070280" lon="77.6359970">
    <ele>887.0</ele>
    <time>2026-04-18T12:41:23Z</time>
   </trkpt>
   <trkpt lat="12.9070190" lon="77.6360070">
    <ele>887.0</ele>
    <time>2026-04-18T12:41:24Z</time>
   </trkpt>
   <trkpt lat="12.9070180" lon="77.6360100">
    <ele>887.0</ele>
    <time>2026-04-18T12:41:25Z</time>
   </trkpt>
   <trkpt lat="12.9070070" lon="77.6360240">
    <ele>887.0</ele>
    <time>2026-04-18T12:41:26Z</time>
   </trkpt>
   <trkpt lat="12.9070020" lon="77.6360400">
    <ele>887.1</ele>
    <time>2026-04-18T12:41:27Z</time>
   </trkpt>
   <trkpt lat="12.9069950" lon="77.6360560">
    <ele>887.1</ele>
    <time>2026-04-18T12:41:28Z</time>
   </trkpt>
   <trkpt lat="12.9069870" lon="77.6360690">
    <ele>887.1</ele>
    <time>2026-04-18T12:41:29Z</time>
   </trkpt>
   <trkpt lat="12.9069830" lon="77.6360870">
    <ele>887.2</ele>
    <time>2026-04-18T12:41:30Z</time>
   </trkpt>
   <trkpt lat="12.9069780" lon="77.6361020">
    <ele>887.2</ele>
    <time>2026-04-18T12:41:31Z</time>
   </trkpt>
   <trkpt lat="12.9069690" lon="77.6361180">
    <ele>887.2</ele>
    <time>2026-04-18T12:41:32Z</time>
   </trkpt>
   <trkpt lat="12.9069600" lon="77.6361340">
    <ele>887.3</ele>
    <time>2026-04-18T12:41:33Z</time>
   </trkpt>
   <trkpt lat="12.9069460" lon="77.6361550">
    <ele>887.4</ele>
    <time>2026-04-18T12:41:34Z</time>
   </trkpt>
   <trkpt lat="12.9069420" lon="77.6361630">
    <ele>887.4</ele>
    <time>2026-04-18T12:41:35Z</time>
   </trkpt>
   <trkpt lat="12.9069370" lon="77.6361700">
    <ele>887.4</ele>
    <time>2026-04-18T12:41:36Z</time>
   </trkpt>
   <trkpt lat="12.9069250" lon="77.6361790">
    <ele>887.4</ele>
    <time>2026-04-18T12:41:37Z</time>
   </trkpt>
   <trkpt lat="12.9069190" lon="77.6361880">
    <ele>887.5</ele>
    <time>2026-04-18T12:41:38Z</time>
   </trkpt>
   <trkpt lat="12.9069120" lon="77.6361950">
    <ele>887.5</ele>
    <time>2026-04-18T12:41:39Z</time>
   </trkpt>
   <trkpt lat="12.9069040" lon="77.6362080">
    <ele>887.5</ele>
    <time>2026-04-18T12:41:40Z</time>
   </trkpt>
   <trkpt lat="12.9069060" lon="77.6362150">
    <ele>887.5</ele>
    <time>2026-04-18T12:41:41Z</time>
   </trkpt>
   <trkpt lat="12.9068980" lon="77.6362230">
    <ele>887.6</ele>
    <time>2026-04-18T12:41:42Z</time>
   </trkpt>
   <trkpt lat="12.9068840" lon="77.6362400">
    <ele>887.6</ele>
    <time>2026-04-18T12:41:43Z</time>
   </trkpt>
   <trkpt lat="12.9068870" lon="77.6362520">
    <ele>887.7</ele>
    <time>2026-04-18T12:41:44Z</time>
   </trkpt>
   <trkpt lat="12.9068800" lon="77.6362620">
    <ele>887.7</ele>
    <time>2026-04-18T12:41:45Z</time>
   </trkpt>
   <trkpt lat="12.9068750" lon="77.6362730">
    <ele>887.7</ele>
    <time>2026-04-18T12:41:46Z</time>
   </trkpt>
   <trkpt lat="12.9068700" lon="77.6362830">
    <ele>887.8</ele>
    <time>2026-04-18T12:41:47Z</time>
   </trkpt>
   <trkpt lat="12.9068590" lon="77.6362990">
    <ele>887.8</ele>
    <time>2026-04-18T12:41:48Z</time>
   </trkpt>
   <trkpt lat="12.9068540" lon="77.6363070">
    <ele>887.9</ele>
    <time>2026-04-18T12:41:49Z</time>
   </trkpt>
   <trkpt lat="12.9068490" lon="77.6363140">
    <ele>887.9</ele>
    <time>2026-04-18T12:41:50Z</time>
   </trkpt>
   <trkpt lat="12.9068430" lon="77.6363240">
    <ele>887.9</ele>
    <time>2026-04-18T12:41:51Z</time>
   </trkpt>
   <trkpt lat="12.9068400" lon="77.6363330">
    <ele>888.0</ele>
    <time>2026-04-18T12:41:52Z</time>
   </trkpt>
   <trkpt lat="12.9068360" lon="77.6363490">
    <ele>888.0</ele>
    <time>2026-04-18T12:41:53Z</time>
   </trkpt>
   <trkpt lat="12.9068280" lon="77.6363640">
    <ele>888.1</ele>
    <time>2026-04-18T12:41:54Z</time>
   </trkpt>
   <trkpt lat="12.9068240" lon="77.6363720">
    <ele>888.1</ele>
    <time>2026-04-18T12:41:55Z</time>
   </trkpt>
   <trkpt lat="12.9068210" lon="77.6363790">
    <ele>888.1</ele>
    <time>2026-04-18T12:41:56Z</time>
   </trkpt>
   <trkpt lat="12.9068170" lon="77.6363870">
    <ele>888.1</ele>
    <time>2026-04-18T12:41:57Z</time>
   </trkpt>
   <trkpt lat="12.9068070" lon="77.6364100">
    <ele>888.2</ele>
    <time>2026-04-18T12:41:58Z</time>
   </trkpt>
   <trkpt lat="12.9068040" lon="77.6364190">
    <ele>888.3</ele>
    <time>2026-04-18T12:41:59Z</time>
   </trkpt>
   <trkpt lat="12.9068020" lon="77.6364270">
    <ele>888.3</ele>
    <time>2026-04-18T12:42:00Z</time>
   </trkpt>
   <trkpt lat="12.9067870" lon="77.6364450">
    <ele>888.4</ele>
    <time>2026-04-18T12:42:01Z</time>
   </trkpt>
   <trkpt lat="12.9067830" lon="77.6364510">
    <ele>888.4</ele>
    <time>2026-04-18T12:42:02Z</time>
   </trkpt>
   <trkpt lat="12.9067780" lon="77.6364570">
    <ele>888.4</ele>
    <time>2026-04-18T12:42:03Z</time>
   </trkpt>
   <trkpt lat="12.9067660" lon="77.6364670">
    <ele>888.5</ele>
    <time>2026-04-18T12:42:04Z</time>
   </trkpt>
   <trkpt lat="12.9067550" lon="77.6364760">
    <ele>888.5</ele>
    <time>2026-04-18T12:42:05Z</time>
   </trkpt>
   <trkpt lat="12.9067530" lon="77.6364900">
    <ele>888.6</ele>
    <time>2026-04-18T12:42:06Z</time>
   </trkpt>
   <trkpt lat="12.9067470" lon="77.6365050">
    <ele>888.6</ele>
    <time>2026-04-18T12:42:07Z</time>
   </trkpt>
   <trkpt lat="12.9067400" lon="77.6365150">
    <ele>888.7</ele>
    <time>2026-04-18T12:42:08Z</time>
   </trkpt>
   <trkpt lat="12.9067350" lon="77.6365240">
    <ele>888.7</ele>
    <time>2026-04-18T12:42:09Z</time>
   </trkpt>
   <trkpt lat="12.9067260" lon="77.6365330">
    <ele>888.8</ele>
    <time>2026-04-18T12:42:10Z</time>
   </trkpt>
   <trkpt lat="12.9067180" lon="77.6365460">
    <ele>888.8</ele>
    <time>2026-04-18T12:42:11Z</time>
   </trkpt>
   <trkpt lat="12.9067070" lon="77.6365560">
    <ele>888.9</ele>
    <time>2026-04-18T12:42:12Z</time>
   </trkpt>
   <trkpt lat="12.9067010" lon="77.6365720">
    <ele>888.9</ele>
    <time>2026-04-18T12:42:13Z</time>
   </trkpt>
   <trkpt lat="12.9066950" lon="77.6365720">
    <ele>889.0</ele>
    <time>2026-04-18T12:42:14Z</time>
   </trkpt>
   <trkpt lat="12.9066970" lon="77.6365860">
    <ele>889.0</ele>
    <time>2026-04-18T12:42:15Z</time>
   </trkpt>
   <trkpt lat="12.9067020" lon="77.6366080">
    <ele>889.1</ele>
    <time>2026-04-18T12:42:16Z</time>
   </trkpt>
   <trkpt lat="12.9067000" lon="77.6366160">
    <ele>889.1</ele>
    <time>2026-04-18T12:42:17Z</time>
   </trkpt>
   <trkpt lat="12.9066980" lon="77.6366240">
    <ele>889.2</ele>
    <time>2026-04-18T12:42:18Z</time>
   </trkpt>
   <trkpt lat="12.9066970" lon="77.6366370">
    <ele>889.2</ele>
    <time>2026-04-18T12:42:19Z</time>
   </trkpt>
   <trkpt lat="12.9066960" lon="77.6366460">
    <ele>889.3</ele>
    <time>2026-04-18T12:42:20Z</time>
   </trkpt>
   <trkpt lat="12.9066940" lon="77.6366540">
    <ele>889.3</ele>
    <time>2026-04-18T12:42:21Z</time>
   </trkpt>
   <trkpt lat="12.9066930" lon="77.6366630">
    <ele>889.3</ele>
    <time>2026-04-18T12:42:22Z</time>
   </trkpt>
   <trkpt lat="12.9066940" lon="77.6366750">
    <ele>889.4</ele>
    <time>2026-04-18T12:42:23Z</time>
   </trkpt>
   <trkpt lat="12.9067030" lon="77.6366770">
    <ele>889.4</ele>
    <time>2026-04-18T12:42:24Z</time>
   </trkpt>
   <trkpt lat="12.9067040" lon="77.6366850">
    <ele>889.4</ele>
    <time>2026-04-18T12:42:25Z</time>
   </trkpt>
   <trkpt lat="12.9067000" lon="77.6366950">
    <ele>889.5</ele>
    <time>2026-04-18T12:42:26Z</time>
   </trkpt>
   <trkpt lat="12.9066890" lon="77.6367120">
    <ele>889.6</ele>
    <time>2026-04-18T12:42:27Z</time>
   </trkpt>
   <trkpt lat="12.9066830" lon="77.6367210">
    <ele>889.6</ele>
    <time>2026-04-18T12:42:28Z</time>
   </trkpt>
   <trkpt lat="12.9066770" lon="77.6367290">
    <ele>889.6</ele>
    <time>2026-04-18T12:42:29Z</time>
   </trkpt>
   <trkpt lat="12.9066750" lon="77.6367430">
    <ele>889.7</ele>
    <time>2026-04-18T12:42:30Z</time>
   </trkpt>
   <trkpt lat="12.9066720" lon="77.6367580">
    <ele>889.8</ele>
    <time>2026-04-18T12:42:32Z</time>
   </trkpt>
   <trkpt lat="12.9066700" lon="77.6367720">
    <ele>889.8</ele>
    <time>2026-04-18T12:42:33Z</time>
   </trkpt>
   <trkpt lat="12.9066690" lon="77.6367840">
    <ele>889.9</ele>
    <time>2026-04-18T12:42:34Z</time>
   </trkpt>
   <trkpt lat="12.9066730" lon="77.6367820">
    <ele>889.9</ele>
    <time>2026-04-18T12:42:35Z</time>
   </trkpt>
   <trkpt lat="12.9066750" lon="77.6367930">
    <ele>889.9</ele>
    <time>2026-04-18T12:42:36Z</time>
   </trkpt>
   <trkpt lat="12.9066640" lon="77.6368010">
    <ele>890.0</ele>
    <time>2026-04-18T12:42:37Z</time>
   </trkpt>
   <trkpt lat="12.9066550" lon="77.6368150">
    <ele>890.0</ele>
    <time>2026-04-18T12:42:38Z</time>
   </trkpt>
   <trkpt lat="12.9066480" lon="77.6368260">
    <ele>890.1</ele>
    <time>2026-04-18T12:42:39Z</time>
   </trkpt>
   <trkpt lat="12.9066390" lon="77.6368300">
    <ele>890.1</ele>
    <time>2026-04-18T12:42:40Z</time>
   </trkpt>
   <trkpt lat="12.9066320" lon="77.6368330">
    <ele>890.1</ele>
    <time>2026-04-18T12:42:41Z</time>
   </trkpt>
   <trkpt lat="12.9066260" lon="77.6368430">
    <ele>890.2</ele>
    <time>2026-04-18T12:42:42Z</time>
   </trkpt>
   <trkpt lat="12.9066220" lon="77.6368560">
    <ele>890.2</ele>
    <time>2026-04-18T12:42:43Z</time>
   </trkpt>
   <trkpt lat="12.9066220" lon="77.6368640">
    <ele>890.2</ele>
    <time>2026-04-18T12:42:44Z</time>
   </trkpt>
   <trkpt lat="12.9066190" lon="77.6368850">
    <ele>890.3</ele>
    <time>2026-04-18T12:42:45Z</time>
   </trkpt>
   <trkpt lat="12.9066160" lon="77.6368930">
    <ele>890.3</ele>
    <time>2026-04-18T12:42:46Z</time>
   </trkpt>
   <trkpt lat="12.9066140" lon="77.6369020">
    <ele>890.4</ele>
    <time>2026-04-18T12:42:47Z</time>
   </trkpt>
   <trkpt lat="12.9066120" lon="77.6369130">
    <ele>890.4</ele>
    <time>2026-04-18T12:42:48Z</time>
   </trkpt>
   <trkpt lat="12.9066080" lon="77.6369210">
    <ele>890.4</ele>
    <time>2026-04-18T12:42:49Z</time>
   </trkpt>
   <trkpt lat="12.9066050" lon="77.6369350">
    <ele>890.5</ele>
    <time>2026-04-18T12:42:50Z</time>
   </trkpt>
   <trkpt lat="12.9065980" lon="77.6369570">
    <ele>890.6</ele>
    <time>2026-04-18T12:42:51Z</time>
   </trkpt>
   <trkpt lat="12.9065960" lon="77.6369680">
    <ele>890.6</ele>
    <time>2026-04-18T12:42:52Z</time>
   </trkpt>
   <trkpt lat="12.9065930" lon="77.6369790">
    <ele>890.6</ele>
    <time>2026-04-18T12:42:53Z</time>
   </trkpt>
   <trkpt lat="12.9065900" lon="77.6369960">
    <ele>890.7</ele>
    <time>2026-04-18T12:42:54Z</time>
   </trkpt>
   <trkpt lat="12.9065840" lon="77.6370010">
    <ele>890.7</ele>
    <time>2026-04-18T12:42:55Z</time>
   </trkpt>
   <trkpt lat="12.9065870" lon="77.6370160">
    <ele>890.7</ele>
    <time>2026-04-18T12:42:56Z</time>
   </trkpt>
   <trkpt lat="12.9065780" lon="77.6370360">
    <ele>890.8</ele>
    <time>2026-04-18T12:42:57Z</time>
   </trkpt>
   <trkpt lat="12.9065750" lon="77.6370450">
    <ele>890.8</ele>
    <time>2026-04-18T12:42:58Z</time>
   </trkpt>
   <trkpt lat="12.9065720" lon="77.6370540">
    <ele>890.9</ele>
    <time>2026-04-18T12:42:59Z</time>
   </trkpt>
   <trkpt lat="12.9065670" lon="77.6370680">
    <ele>890.9</ele>
    <time>2026-04-18T12:43:00Z</time>
   </trkpt>
   <trkpt lat="12.9065620" lon="77.6370830">
    <ele>891.0</ele>
    <time>2026-04-18T12:43:01Z</time>
   </trkpt>
   <trkpt lat="12.9065560" lon="77.6370940">
    <ele>891.0</ele>
    <time>2026-04-18T12:43:02Z</time>
   </trkpt>
   <trkpt lat="12.9065510" lon="77.6371070">
    <ele>891.0</ele>
    <time>2026-04-18T12:43:03Z</time>
   </trkpt>
   <trkpt lat="12.9065490" lon="77.6371150">
    <ele>891.1</ele>
    <time>2026-04-18T12:43:04Z</time>
   </trkpt>
   <trkpt lat="12.9065460" lon="77.6371460">
    <ele>891.1</ele>
    <time>2026-04-18T12:43:05Z</time>
   </trkpt>
   <trkpt lat="12.9065430" lon="77.6371540">
    <ele>891.2</ele>
    <time>2026-04-18T12:43:06Z</time>
   </trkpt>
   <trkpt lat="12.9065380" lon="77.6371670">
    <ele>891.2</ele>
    <time>2026-04-18T12:43:07Z</time>
   </trkpt>
   <trkpt lat="12.9065300" lon="77.6371740">
    <ele>891.2</ele>
    <time>2026-04-18T12:43:08Z</time>
   </trkpt>
   <trkpt lat="12.9065230" lon="77.6371830">
    <ele>891.3</ele>
    <time>2026-04-18T12:43:09Z</time>
   </trkpt>
   <trkpt lat="12.9065150" lon="77.6372030">
    <ele>891.3</ele>
    <time>2026-04-18T12:43:10Z</time>
   </trkpt>
   <trkpt lat="12.9065120" lon="77.6372120">
    <ele>891.4</ele>
    <time>2026-04-18T12:43:11Z</time>
   </trkpt>
   <trkpt lat="12.9065090" lon="77.6372210">
    <ele>891.4</ele>
    <time>2026-04-18T12:43:12Z</time>
   </trkpt>
   <trkpt lat="12.9065010" lon="77.6372300">
    <ele>891.4</ele>
    <time>2026-04-18T12:43:13Z</time>
   </trkpt>
   <trkpt lat="12.9064980" lon="77.6372430">
    <ele>891.5</ele>
    <time>2026-04-18T12:43:14Z</time>
   </trkpt>
   <trkpt lat="12.9064950" lon="77.6372530">
    <ele>891.5</ele>
    <time>2026-04-18T12:43:15Z</time>
   </trkpt>
   <trkpt lat="12.9064860" lon="77.6372590">
    <ele>891.5</ele>
    <time>2026-04-18T12:43:16Z</time>
   </trkpt>
   <trkpt lat="12.9064840" lon="77.6372610">
    <ele>891.6</ele>
    <time>2026-04-18T12:43:17Z</time>
   </trkpt>
   <trkpt lat="12.9064770" lon="77.6372730">
    <ele>891.6</ele>
    <time>2026-04-18T12:43:18Z</time>
   </trkpt>
   <trkpt lat="12.9064710" lon="77.6372820">
    <ele>891.6</ele>
    <time>2026-04-18T12:43:19Z</time>
   </trkpt>
   <trkpt lat="12.9064650" lon="77.6373030">
    <ele>891.7</ele>
    <time>2026-04-18T12:43:20Z</time>
   </trkpt>
   <trkpt lat="12.9064630" lon="77.6373110">
    <ele>891.7</ele>
    <time>2026-04-18T12:43:21Z</time>
   </trkpt>
   <trkpt lat="12.9064610" lon="77.6373190">
    <ele>891.8</ele>
    <time>2026-04-18T12:43:22Z</time>
   </trkpt>
   <trkpt lat="12.9064580" lon="77.6373330">
    <ele>891.8</ele>
    <time>2026-04-18T12:43:23Z</time>
   </trkpt>
   <trkpt lat="12.9064540" lon="77.6373460">
    <ele>891.8</ele>
    <time>2026-04-18T12:43:24Z</time>
   </trkpt>
   <trkpt lat="12.9064520" lon="77.6373580">
    <ele>891.9</ele>
    <time>2026-04-18T12:43:25Z</time>
   </trkpt>
   <trkpt lat="12.9064450" lon="77.6373690">
    <ele>891.9</ele>
    <time>2026-04-18T12:43:26Z</time>
   </trkpt>
   <trkpt lat="12.9064410" lon="77.6373800">
    <ele>891.9</ele>
    <time>2026-04-18T12:43:27Z</time>
   </trkpt>
   <trkpt lat="12.9064350" lon="77.6373930">
    <ele>892.0</ele>
    <time>2026-04-18T12:43:28Z</time>
   </trkpt>
   <trkpt lat="12.9064290" lon="77.6374060">
    <ele>892.0</ele>
    <time>2026-04-18T12:43:29Z</time>
   </trkpt>
   <trkpt lat="12.9064250" lon="77.6374190">
    <ele>892.1</ele>
    <time>2026-04-18T12:43:30Z</time>
   </trkpt>
   <trkpt lat="12.9064190" lon="77.6374330">
    <ele>892.1</ele>
    <time>2026-04-18T12:43:31Z</time>
   </trkpt>
   <trkpt lat="12.9064160" lon="77.6374470">
    <ele>892.1</ele>
    <time>2026-04-18T12:43:32Z</time>
   </trkpt>
   <trkpt lat="12.9064120" lon="77.6374590">
    <ele>892.2</ele>
    <time>2026-04-18T12:43:33Z</time>
   </trkpt>
   <trkpt lat="12.9064060" lon="77.6374670">
    <ele>892.2</ele>
    <time>2026-04-18T12:43:34Z</time>
   </trkpt>
   <trkpt lat="12.9063990" lon="77.6374770">
    <ele>892.3</ele>
    <time>2026-04-18T12:43:35Z</time>
   </trkpt>
   <trkpt lat="12.9063930" lon="77.6374910">
    <ele>892.3</ele>
    <time>2026-04-18T12:43:36Z</time>
   </trkpt>
   <trkpt lat="12.9063900" lon="77.6375000">
    <ele>892.3</ele>
    <time>2026-04-18T12:43:37Z</time>
   </trkpt>
   <trkpt lat="12.9063760" lon="77.6375170">
    <ele>892.4</ele>
    <time>2026-04-18T12:43:38Z</time>
   </trkpt>
   <trkpt lat="12.9063700" lon="77.6375260">
    <ele>892.4</ele>
    <time>2026-04-18T12:43:39Z</time>
   </trkpt>
   <trkpt lat="12.9063640" lon="77.6375350">
    <ele>892.4</ele>
    <time>2026-04-18T12:43:40Z</time>
   </trkpt>
   <trkpt lat="12.9063520" lon="77.6375520">
    <ele>892.5</ele>
    <time>2026-04-18T12:43:41Z</time>
   </trkpt>
   <trkpt lat="12.9063470" lon="77.6375590">
    <ele>892.5</ele>
    <time>2026-04-18T12:43:42Z</time>
   </trkpt>
   <trkpt lat="12.9063410" lon="77.6375660">
    <ele>892.6</ele>
    <time>2026-04-18T12:43:43Z</time>
   </trkpt>
   <trkpt lat="12.9063330" lon="77.6375760">
    <ele>892.6</ele>
    <time>2026-04-18T12:43:44Z</time>
   </trkpt>
   <trkpt lat="12.9063290" lon="77.6375850">
    <ele>892.6</ele>
    <time>2026-04-18T12:43:45Z</time>
   </trkpt>
   <trkpt lat="12.9063230" lon="77.6375920">
    <ele>892.7</ele>
    <time>2026-04-18T12:43:46Z</time>
   </trkpt>
   <trkpt lat="12.9063180" lon="77.6376100">
    <ele>892.7</ele>
    <time>2026-04-18T12:43:47Z</time>
   </trkpt>
   <trkpt lat="12.9063160" lon="77.6376190">
    <ele>892.8</ele>
    <time>2026-04-18T12:43:48Z</time>
   </trkpt>
   <trkpt lat="12.9063130" lon="77.6376270">
    <ele>892.8</ele>
    <time>2026-04-18T12:43:49Z</time>
   </trkpt>
   <trkpt lat="12.9063100" lon="77.6376350">
    <ele>892.8</ele>
    <time>2026-04-18T12:43:50Z</time>
   </trkpt>
   <trkpt lat="12.9063040" lon="77.6376470">
    <ele>892.9</ele>
    <time>2026-04-18T12:43:51Z</time>
   </trkpt>
   <trkpt lat="12.9062950" lon="77.6376620">
    <ele>892.9</ele>
    <time>2026-04-18T12:43:52Z</time>
   </trkpt>
   <trkpt lat="12.9062890" lon="77.6376760">
    <ele>893.0</ele>
    <time>2026-04-18T12:43:53Z</time>
   </trkpt>
   <trkpt lat="12.9062880" lon="77.6376910">
    <ele>893.0</ele>
    <time>2026-04-18T12:43:54Z</time>
   </trkpt>
   <trkpt lat="12.9062790" lon="77.6377060">
    <ele>893.1</ele>
    <time>2026-04-18T12:43:55Z</time>
   </trkpt>
   <trkpt lat="12.9062760" lon="77.6377160">
    <ele>893.1</ele>
    <time>2026-04-18T12:43:56Z</time>
   </trkpt>
   <trkpt lat="12.9062650" lon="77.6377350">
    <ele>893.2</ele>
    <time>2026-04-18T12:43:57Z</time>
   </trkpt>
   <trkpt lat="12.9062610" lon="77.6377440">
    <ele>893.2</ele>
    <time>2026-04-18T12:43:58Z</time>
   </trkpt>
   <trkpt lat="12.9062580" lon="77.6377520">
    <ele>893.2</ele>
    <time>2026-04-18T12:43:59Z</time>
   </trkpt>
   <trkpt lat="12.9062560" lon="77.6377680">
    <ele>893.3</ele>
    <time>2026-04-18T12:44:00Z</time>
   </trkpt>
   <trkpt lat="12.9062490" lon="77.6377800">
    <ele>893.3</ele>
    <time>2026-04-18T12:44:01Z</time>
   </trkpt>
   <trkpt lat="12.9062400" lon="77.6377990">
    <ele>893.4</ele>
    <time>2026-04-18T12:44:02Z</time>
   </trkpt>
   <trkpt lat="12.9062350" lon="77.6378060">
    <ele>893.4</ele>
    <time>2026-04-18T12:44:03Z</time>
   </trkpt>
   <trkpt lat="12.9062290" lon="77.6378120">
    <ele>893.4</ele>
    <time>2026-04-18T12:44:04Z</time>
   </trkpt>
   <trkpt lat="12.9062200" lon="77.6378330">
    <ele>893.5</ele>
    <time>2026-04-18T12:44:05Z</time>
   </trkpt>
   <trkpt lat="12.9062170" lon="77.6378400">
    <ele>893.5</ele>
    <time>2026-04-18T12:44:06Z</time>
   </trkpt>
   <trkpt lat="12.9062140" lon="77.6378480">
    <ele>893.5</ele>
    <time>2026-04-18T12:44:07Z</time>
   </trkpt>
   <trkpt lat="12.9062030" lon="77.6378690">
    <ele>893.6</ele>
    <time>2026-04-18T12:44:08Z</time>
   </trkpt>
   <trkpt lat="12.9061990" lon="77.6378740">
    <ele>893.6</ele>
    <time>2026-04-18T12:44:09Z</time>
   </trkpt>
   <trkpt lat="12.9061950" lon="77.6378800">
    <ele>893.6</ele>
    <time>2026-04-18T12:44:10Z</time>
   </trkpt>
   <trkpt lat="12.9061870" lon="77.6379020">
    <ele>893.7</ele>
    <time>2026-04-18T12:44:11Z</time>
   </trkpt>
   <trkpt lat="12.9061840" lon="77.6379110">
    <ele>893.7</ele>
    <time>2026-04-18T12:44:12Z</time>
   </trkpt>
   <trkpt lat="12.9061820" lon="77.6379200">
    <ele>893.7</ele>
    <time>2026-04-18T12:44:13Z</time>
   </trkpt>
   <trkpt lat="12.9061790" lon="77.6379400">
    <ele>893.8</ele>
    <time>2026-04-18T12:44:14Z</time>
   </trkpt>
   <trkpt lat="12.9061780" lon="77.6379490">
    <ele>893.8</ele>
    <time>2026-04-18T12:44:15Z</time>
   </trkpt>
   <trkpt lat="12.9061770" lon="77.6379570">
    <ele>893.8</ele>
    <time>2026-04-18T12:44:16Z</time>
   </trkpt>
   <trkpt lat="12.9061730" lon="77.6379700">
    <ele>893.8</ele>
    <time>2026-04-18T12:44:17Z</time>
   </trkpt>
   <trkpt lat="12.9061700" lon="77.6379850">
    <ele>893.9</ele>
    <time>2026-04-18T12:44:18Z</time>
   </trkpt>
   <trkpt lat="12.9061620" lon="77.6379950">
    <ele>893.9</ele>
    <time>2026-04-18T12:44:19Z</time>
   </trkpt>
   <trkpt lat="12.9061550" lon="77.6380020">
    <ele>893.9</ele>
    <time>2026-04-18T12:44:20Z</time>
   </trkpt>
   <trkpt lat="12.9061480" lon="77.6380140">
    <ele>894.0</ele>
    <time>2026-04-18T12:44:21Z</time>
   </trkpt>
   <trkpt lat="12.9061460" lon="77.6380220">
    <ele>894.0</ele>
    <time>2026-04-18T12:44:22Z</time>
   </trkpt>
   <trkpt lat="12.9061420" lon="77.6380400">
    <ele>894.0</ele>
    <time>2026-04-18T12:44:23Z</time>
   </trkpt>
   <trkpt lat="12.9061430" lon="77.6380480">
    <ele>894.0</ele>
    <time>2026-04-18T12:44:24Z</time>
   </trkpt>
   <trkpt lat="12.9061400" lon="77.6380640">
    <ele>894.1</ele>
    <time>2026-04-18T12:44:25Z</time>
   </trkpt>
   <trkpt lat="12.9061380" lon="77.6380790">
    <ele>894.1</ele>
    <time>2026-04-18T12:44:26Z</time>
   </trkpt>
   <trkpt lat="12.9061360" lon="77.6380950">
    <ele>894.2</ele>
    <time>2026-04-18T12:44:27Z</time>
   </trkpt>
   <trkpt lat="12.9061320" lon="77.6381110">
    <ele>894.2</ele>
    <time>2026-04-18T12:44:28Z</time>
   </trkpt>
   <trkpt lat="12.9061260" lon="77.6381230">
    <ele>894.2</ele>
    <time>2026-04-18T12:44:29Z</time>
   </trkpt>
   <trkpt lat="12.9061180" lon="77.6381370">
    <ele>894.3</ele>
    <time>2026-04-18T12:44:30Z</time>
   </trkpt>
   <trkpt lat="12.9061110" lon="77.6381470">
    <ele>894.3</ele>
    <time>2026-04-18T12:44:31Z</time>
   </trkpt>
   <trkpt lat="12.9061050" lon="77.6381550">
    <ele>894.3</ele>
    <time>2026-04-18T12:44:32Z</time>
   </trkpt>
   <trkpt lat="12.9061010" lon="77.6381650">
    <ele>894.3</ele>
    <time>2026-04-18T12:44:33Z</time>
   </trkpt>
   <trkpt lat="12.9060930" lon="77.6381760">
    <ele>894.4</ele>
    <time>2026-04-18T12:44:34Z</time>
   </trkpt>
   <trkpt lat="12.9060880" lon="77.6381930">
    <ele>894.4</ele>
    <time>2026-04-18T12:44:35Z</time>
   </trkpt>
   <trkpt lat="12.9060820" lon="77.6382160">
    <ele>894.5</ele>
    <time>2026-04-18T12:44:36Z</time>
   </trkpt>
   <trkpt lat="12.9060800" lon="77.6382240">
    <ele>894.5</ele>
    <time>2026-04-18T12:44:37Z</time>
   </trkpt>
   <trkpt lat="12.9060780" lon="77.6382320">
    <ele>894.5</ele>
    <time>2026-04-18T12:44:38Z</time>
   </trkpt>
   <trkpt lat="12.9060690" lon="77.6382440">
    <ele>894.5</ele>
    <time>2026-04-18T12:44:39Z</time>
   </trkpt>
   <trkpt lat="12.9060600" lon="77.6382520">
    <ele>894.6</ele>
    <time>2026-04-18T12:44:40Z</time>
   </trkpt>
   <trkpt lat="12.9060590" lon="77.6382610">
    <ele>894.6</ele>
    <time>2026-04-18T12:44:41Z</time>
   </trkpt>
   <trkpt lat="12.9060540" lon="77.6382700">
    <ele>894.6</ele>
    <time>2026-04-18T12:44:42Z</time>
   </trkpt>
   <trkpt lat="12.9060530" lon="77.6382830">
    <ele>894.6</ele>
    <time>2026-04-18T12:44:43Z</time>
   </trkpt>
   <trkpt lat="12.9060460" lon="77.6382910">
    <ele>894.6</ele>
    <time>2026-04-18T12:44:44Z</time>
   </trkpt>
   <trkpt lat="12.9060390" lon="77.6383010">
    <ele>894.7</ele>
    <time>2026-04-18T12:44:45Z</time>
   </trkpt>
   <trkpt lat="12.9060320" lon="77.6383050">
    <ele>894.7</ele>
    <time>2026-04-18T12:44:46Z</time>
   </trkpt>
   <trkpt lat="12.9060300" lon="77.6383210">
    <ele>894.7</ele>
    <time>2026-04-18T12:44:47Z</time>
   </trkpt>
   <trkpt lat="12.9060280" lon="77.6383390">
    <ele>894.8</ele>
    <time>2026-04-18T12:44:48Z</time>
   </trkpt>
   <trkpt lat="12.9060220" lon="77.6383490">
    <ele>894.8</ele>
    <time>2026-04-18T12:44:49Z</time>
   </trkpt>
   <trkpt lat="12.9060160" lon="77.6383650">
    <ele>894.8</ele>
    <time>2026-04-18T12:44:50Z</time>
   </trkpt>
   <trkpt lat="12.9060110" lon="77.6383740">
    <ele>894.8</ele>
    <time>2026-04-18T12:44:51Z</time>
   </trkpt>
   <trkpt lat="12.9059980" lon="77.6383790">
    <ele>894.9</ele>
    <time>2026-04-18T12:44:52Z</time>
   </trkpt>
   <trkpt lat="12.9059890" lon="77.6383820">
    <ele>894.9</ele>
    <time>2026-04-18T12:44:53Z</time>
   </trkpt>
   <trkpt lat="12.9059870" lon="77.6383930">
    <ele>894.9</ele>
    <time>2026-04-18T12:44:54Z</time>
   </trkpt>
   <trkpt lat="12.9059820" lon="77.6384090">
    <ele>895.0</ele>
    <time>2026-04-18T12:44:55Z</time>
   </trkpt>
   <trkpt lat="12.9059800" lon="77.6384160">
    <ele>895.0</ele>
    <time>2026-04-18T12:44:56Z</time>
   </trkpt>
   <trkpt lat="12.9059770" lon="77.6384240">
    <ele>895.0</ele>
    <time>2026-04-18T12:44:57Z</time>
   </trkpt>
   <trkpt lat="12.9059750" lon="77.6384310">
    <ele>895.0</ele>
    <time>2026-04-18T12:44:58Z</time>
   </trkpt>
   <trkpt lat="12.9059720" lon="77.6384520">
    <ele>895.1</ele>
    <time>2026-04-18T12:44:59Z</time>
   </trkpt>
   <trkpt lat="12.9059710" lon="77.6384610">
    <ele>895.1</ele>
    <time>2026-04-18T12:45:00Z</time>
   </trkpt>
   <trkpt lat="12.9059690" lon="77.6384690">
    <ele>895.1</ele>
    <time>2026-04-18T12:45:01Z</time>
   </trkpt>
   <trkpt lat="12.9059640" lon="77.6384950">
    <ele>895.2</ele>
    <time>2026-04-18T12:45:02Z</time>
   </trkpt>
   <trkpt lat="12.9059550" lon="77.6384990">
    <ele>895.2</ele>
    <time>2026-04-18T12:45:03Z</time>
   </trkpt>
   <trkpt lat="12.9059470" lon="77.6385020">
    <ele>895.2</ele>
    <time>2026-04-18T12:45:04Z</time>
   </trkpt>
   <trkpt lat="12.9059450" lon="77.6385050">
    <ele>895.2</ele>
    <time>2026-04-18T12:45:05Z</time>
   </trkpt>
   <trkpt lat="12.9059430" lon="77.6385110">
    <ele>895.2</ele>
    <time>2026-04-18T12:45:06Z</time>
   </trkpt>
   <trkpt lat="12.9059360" lon="77.6385190">
    <ele>895.2</ele>
    <time>2026-04-18T12:45:07Z</time>
   </trkpt>
   <trkpt lat="12.9059330" lon="77.6385310">
    <ele>895.2</ele>
    <time>2026-04-18T12:45:08Z</time>
   </trkpt>
   <trkpt lat="12.9059330" lon="77.6385490">
    <ele>895.2</ele>
    <time>2026-04-18T12:45:09Z</time>
   </trkpt>
   <trkpt lat="12.9059310" lon="77.6385640">
    <ele>895.3</ele>
    <time>2026-04-18T12:45:10Z</time>
   </trkpt>
   <trkpt lat="12.9059340" lon="77.6385750">
    <ele>895.3</ele>
    <time>2026-04-18T12:45:11Z</time>
   </trkpt>
   <trkpt lat="12.9059340" lon="77.6385670">
    <ele>895.3</ele>
    <time>2026-04-18T12:45:12Z</time>
   </trkpt>
   <trkpt lat="12.9059280" lon="77.6385730">
    <ele>895.3</ele>
    <time>2026-04-18T12:45:13Z</time>
   </trkpt>
   <trkpt lat="12.9059210" lon="77.6385860">
    <ele>895.3</ele>
    <time>2026-04-18T12:45:14Z</time>
   </trkpt>
   <trkpt lat="12.9059150" lon="77.6385950">
    <ele>895.3</ele>
    <time>2026-04-18T12:45:15Z</time>
   </trkpt>
   <trkpt lat="12.9059170" lon="77.6386080">
    <ele>895.3</ele>
    <time>2026-04-18T12:45:16Z</time>
   </trkpt>
   <trkpt lat="12.9059170" lon="77.6386150">
    <ele>895.3</ele>
    <time>2026-04-18T12:45:17Z</time>
   </trkpt>
   <trkpt lat="12.9059100" lon="77.6386240">
    <ele>895.4</ele>
    <time>2026-04-18T12:45:18Z</time>
   </trkpt>
   <trkpt lat="12.9058950" lon="77.6386500">
    <ele>895.4</ele>
    <time>2026-04-18T12:45:19Z</time>
   </trkpt>
   <trkpt lat="12.9058910" lon="77.6386610">
    <ele>895.4</ele>
    <time>2026-04-18T12:45:20Z</time>
   </trkpt>
   <trkpt lat="12.9058840" lon="77.6386740">
    <ele>895.5</ele>
    <time>2026-04-18T12:45:21Z</time>
   </trkpt>
   <trkpt lat="12.9058790" lon="77.6386880">
    <ele>895.5</ele>
    <time>2026-04-18T12:45:22Z</time>
   </trkpt>
   <trkpt lat="12.9058730" lon="77.6387040">
    <ele>895.5</ele>
    <time>2026-04-18T12:45:23Z</time>
   </trkpt>
   <trkpt lat="12.9058660" lon="77.6387190">
    <ele>895.6</ele>
    <time>2026-04-18T12:45:24Z</time>
   </trkpt>
   <trkpt lat="12.9058630" lon="77.6387350">
    <ele>895.6</ele>
    <time>2026-04-18T12:45:25Z</time>
   </trkpt>
   <trkpt lat="12.9058540" lon="77.6387540">
    <ele>895.7</ele>
    <time>2026-04-18T12:45:26Z</time>
   </trkpt>
   <trkpt lat="12.9058450" lon="77.6387690">
    <ele>895.7</ele>
    <time>2026-04-18T12:45:27Z</time>
   </trkpt>
   <trkpt lat="12.9058370" lon="77.6387820">
    <ele>895.7</ele>
    <time>2026-04-18T12:45:28Z</time>
   </trkpt>
   <trkpt lat="12.9058300" lon="77.6387900">
    <ele>895.7</ele>
    <time>2026-04-18T12:45:29Z</time>
   </trkpt>
   <trkpt lat="12.9058140" lon="77.6387990">
    <ele>895.8</ele>
    <time>2026-04-18T12:45:30Z</time>
   </trkpt>
   <trkpt lat="12.9058170" lon="77.6388130">
    <ele>895.8</ele>
    <time>2026-04-18T12:45:31Z</time>
   </trkpt>
   <trkpt lat="12.9058150" lon="77.6388280">
    <ele>895.8</ele>
    <time>2026-04-18T12:45:32Z</time>
   </trkpt>
   <trkpt lat="12.9057910" lon="77.6388550">
    <ele>895.9</ele>
    <time>2026-04-18T12:45:33Z</time>
   </trkpt>
   <trkpt lat="12.9057870" lon="77.6388660">
    <ele>895.9</ele>
    <time>2026-04-18T12:45:34Z</time>
   </trkpt>
   <trkpt lat="12.9057880" lon="77.6388840">
    <ele>896.0</ele>
    <time>2026-04-18T12:45:35Z</time>
   </trkpt>
   <trkpt lat="12.9057870" lon="77.6389020">
    <ele>896.0</ele>
    <time>2026-04-18T12:45:36Z</time>
   </trkpt>
   <trkpt lat="12.9057920" lon="77.6389120">
    <ele>896.0</ele>
    <time>2026-04-18T12:45:37Z</time>
   </trkpt>
   <trkpt lat="12.9057900" lon="77.6389110">
    <ele>896.1</ele>
    <time>2026-04-18T12:45:38Z</time>
   </trkpt>
   <trkpt lat="12.9057840" lon="77.6389340">
    <ele>896.1</ele>
    <time>2026-04-18T12:45:39Z</time>
   </trkpt>
   <trkpt lat="12.9057800" lon="77.6389470">
    <ele>896.1</ele>
    <time>2026-04-18T12:45:40Z</time>
   </trkpt>
   <trkpt lat="12.9057760" lon="77.6389550">
    <ele>896.1</ele>
    <time>2026-04-18T12:45:41Z</time>
   </trkpt>
   <trkpt lat="12.9057700" lon="77.6389670">
    <ele>896.2</ele>
    <time>2026-04-18T12:45:42Z</time>
   </trkpt>
   <trkpt lat="12.9057630" lon="77.6389770">
    <ele>896.2</ele>
    <time>2026-04-18T12:45:43Z</time>
   </trkpt>
   <trkpt lat="12.9057600" lon="77.6389850">
    <ele>896.2</ele>
    <time>2026-04-18T12:45:44Z</time>
   </trkpt>
   <trkpt lat="12.9057610" lon="77.6389990">
    <ele>896.3</ele>
    <time>2026-04-18T12:45:45Z</time>
   </trkpt>
   <trkpt lat="12.9057540" lon="77.6390060">
    <ele>896.3</ele>
    <time>2026-04-18T12:45:46Z</time>
   </trkpt>
   <trkpt lat="12.9057430" lon="77.6390250">
    <ele>896.3</ele>
    <time>2026-04-18T12:45:47Z</time>
   </trkpt>
   <trkpt lat="12.9057320" lon="77.6390270">
    <ele>896.4</ele>
    <time>2026-04-18T12:45:48Z</time>
   </trkpt>
   <trkpt lat="12.9057230" lon="77.6390270">
    <ele>896.4</ele>
    <time>2026-04-18T12:45:49Z</time>
   </trkpt>
   <trkpt lat="12.9057120" lon="77.6390340">
    <ele>896.4</ele>
    <time>2026-04-18T12:45:50Z</time>
   </trkpt>
   <trkpt lat="12.9057020" lon="77.6390430">
    <ele>896.4</ele>
    <time>2026-04-18T12:45:51Z</time>
   </trkpt>
   <trkpt lat="12.9056890" lon="77.6390500">
    <ele>896.5</ele>
    <time>2026-04-18T12:45:52Z</time>
   </trkpt>
   <trkpt lat="12.9056780" lon="77.6390550">
    <ele>896.5</ele>
    <time>2026-04-18T12:45:53Z</time>
   </trkpt>
   <trkpt lat="12.9056680" lon="77.6390460">
    <ele>896.5</ele>
    <time>2026-04-18T12:45:54Z</time>
   </trkpt>
   <trkpt lat="12.9056550" lon="77.6390590">
    <ele>896.6</ele>
    <time>2026-04-18T12:45:55Z</time>
   </trkpt>
   <trkpt lat="12.9056320" lon="77.6390730">
    <ele>896.6</ele>
    <time>2026-04-18T12:45:56Z</time>
   </trkpt>
   <trkpt lat="12.9056230" lon="77.6390790">
    <ele>896.6</ele>
    <time>2026-04-18T12:45:57Z</time>
   </trkpt>
   <trkpt lat="12.9055980" lon="77.6390870">
    <ele>896.7</ele>
    <time>2026-04-18T12:45:58Z</time>
   </trkpt>
   <trkpt lat="12.9055920" lon="77.6390870">
    <ele>896.7</ele>
    <time>2026-04-18T12:45:59Z</time>
   </trkpt>
   <trkpt lat="12.9055860" lon="77.6390880">
    <ele>896.7</ele>
    <time>2026-04-18T12:46:00Z</time>
   </trkpt>
   <trkpt lat="12.9055740" lon="77.6390890">
    <ele>896.8</ele>
    <time>2026-04-18T12:46:01Z</time>
   </trkpt>
   <trkpt lat="12.9055590" lon="77.6390910">
    <ele>896.8</ele>
    <time>2026-04-18T12:46:02Z</time>
   </trkpt>
   <trkpt lat="12.9055480" lon="77.6390960">
    <ele>896.8</ele>
    <time>2026-04-18T12:46:03Z</time>
   </trkpt>
   <trkpt lat="12.9055410" lon="77.6391020">
    <ele>896.8</ele>
    <time>2026-04-18T12:46:04Z</time>
   </trkpt>
   <trkpt lat="12.9055350" lon="77.6391070">
    <ele>896.9</ele>
    <time>2026-04-18T12:46:05Z</time>
   </trkpt>
   <trkpt lat="12.9055280" lon="77.6391120">
    <ele>896.9</ele>
    <time>2026-04-18T12:46:06Z</time>
   </trkpt>
   <trkpt lat="12.9055170" lon="77.6391300">
    <ele>896.9</ele>
    <time>2026-04-18T12:46:07Z</time>
   </trkpt>
   <trkpt lat="12.9055140" lon="77.6391380">
    <ele>897.0</ele>
    <time>2026-04-18T12:46:08Z</time>
   </trkpt>
   <trkpt lat="12.9055120" lon="77.6391470">
    <ele>897.0</ele>
    <time>2026-04-18T12:46:09Z</time>
   </trkpt>
   <trkpt lat="12.9055090" lon="77.6391670">
    <ele>897.0</ele>
    <time>2026-04-18T12:46:10Z</time>
   </trkpt>
   <trkpt lat="12.9055070" lon="77.6391750">
    <ele>897.0</ele>
    <time>2026-04-18T12:46:11Z</time>
   </trkpt>
   <trkpt lat="12.9055060" lon="77.6391840">
    <ele>897.1</ele>
    <time>2026-04-18T12:46:12Z</time>
   </trkpt>
   <trkpt lat="12.9055000" lon="77.6391930">
    <ele>897.1</ele>
    <time>2026-04-18T12:46:13Z</time>
   </trkpt>
   <trkpt lat="12.9054940" lon="77.6391990">
    <ele>897.1</ele>
    <time>2026-04-18T12:46:14Z</time>
   </trkpt>
   <trkpt lat="12.9054890" lon="77.6392130">
    <ele>897.1</ele>
    <time>2026-04-18T12:46:15Z</time>
   </trkpt>
   <trkpt lat="12.9054880" lon="77.6392380">
    <ele>897.2</ele>
    <time>2026-04-18T12:46:16Z</time>
   </trkpt>
   <trkpt lat="12.9054880" lon="77.6392480">
    <ele>897.2</ele>
    <time>2026-04-18T12:46:17Z</time>
   </trkpt>
   <trkpt lat="12.9054880" lon="77.6392590">
    <ele>897.2</ele>
    <time>2026-04-18T12:46:18Z</time>
   </trkpt>
   <trkpt lat="12.9054750" lon="77.6392670">
    <ele>897.3</ele>
    <time>2026-04-18T12:46:19Z</time>
   </trkpt>
   <trkpt lat="12.9054670" lon="77.6392770">
    <ele>897.3</ele>
    <time>2026-04-18T12:46:20Z</time>
   </trkpt>
   <trkpt lat="12.9054540" lon="77.6392940">
    <ele>897.3</ele>
    <time>2026-04-18T12:46:21Z</time>
   </trkpt>
   <trkpt lat="12.9054490" lon="77.6393010">
    <ele>897.4</ele>
    <time>2026-04-18T12:46:22Z</time>
   </trkpt>
   <trkpt lat="12.9054430" lon="77.6393070">
    <ele>897.4</ele>
    <time>2026-04-18T12:46:23Z</time>
   </trkpt>
   <trkpt lat="12.9054400" lon="77.6393330">
    <ele>897.4</ele>
    <time>2026-04-18T12:46:24Z</time>
   </trkpt>
   <trkpt lat="12.9054440" lon="77.6393480">
    <ele>897.4</ele>
    <time>2026-04-18T12:46:25Z</time>
   </trkpt>
   <trkpt lat="12.9054370" lon="77.6393560">
    <ele>897.5</ele>
    <time>2026-04-18T12:46:26Z</time>
   </trkpt>
   <trkpt lat="12.9054350" lon="77.6393630">
    <ele>897.5</ele>
    <time>2026-04-18T12:46:27Z</time>
   </trkpt>
   <trkpt lat="12.9054350" lon="77.6393710">
    <ele>897.5</ele>
    <time>2026-04-18T12:46:28Z</time>
   </trkpt>
   <trkpt lat="12.9054280" lon="77.6393770">
    <ele>897.5</ele>
    <time>2026-04-18T12:46:29Z</time>
   </trkpt>
   <trkpt lat="12.9054120" lon="77.6393800">
    <ele>897.5</ele>
    <time>2026-04-18T12:46:30Z</time>
   </trkpt>
   <trkpt lat="12.9054040" lon="77.6393780">
    <ele>897.5</ele>
    <time>2026-04-18T12:46:31Z</time>
   </trkpt>
   <trkpt lat="12.9054000" lon="77.6393710">
    <ele>897.6</ele>
    <time>2026-04-18T12:46:32Z</time>
   </trkpt>
   <trkpt lat="12.9053870" lon="77.6393780">
    <ele>897.6</ele>
    <time>2026-04-18T12:46:33Z</time>
   </trkpt>
   <trkpt lat="12.9053790" lon="77.6393830">
    <ele>897.6</ele>
    <time>2026-04-18T12:46:34Z</time>
   </trkpt>
   <trkpt lat="12.9053720" lon="77.6393870">
    <ele>897.6</ele>
    <time>2026-04-18T12:46:35Z</time>
   </trkpt>
   <trkpt lat="12.9053640" lon="77.6393920">
    <ele>897.6</ele>
    <time>2026-04-18T12:46:36Z</time>
   </trkpt>
   <trkpt lat="12.9053470" lon="77.6394130">
    <ele>897.7</ele>
    <time>2026-04-18T12:46:37Z</time>
   </trkpt>
   <trkpt lat="12.9053360" lon="77.6394220">
    <ele>897.7</ele>
    <time>2026-04-18T12:46:38Z</time>
   </trkpt>
   <trkpt lat="12.9053260" lon="77.6394380">
    <ele>897.7</ele>
    <time>2026-04-18T12:46:39Z</time>
   </trkpt>
   <trkpt lat="12.9053310" lon="77.6394450">
    <ele>897.7</ele>
    <time>2026-04-18T12:46:40Z</time>
   </trkpt>
   <trkpt lat="12.9053280" lon="77.6394540">
    <ele>897.7</ele>
    <time>2026-04-18T12:46:41Z</time>
   </trkpt>
   <trkpt lat="12.9053200" lon="77.6394630">
    <ele>897.7</ele>
    <time>2026-04-18T12:46:42Z</time>
   </trkpt>
   <trkpt lat="12.9053150" lon="77.6394830">
    <ele>897.8</ele>
    <time>2026-04-18T12:46:43Z</time>
   </trkpt>
   <trkpt lat="12.9053060" lon="77.6394980">
    <ele>897.8</ele>
    <time>2026-04-18T12:46:44Z</time>
   </trkpt>
   <trkpt lat="12.9053060" lon="77.6395000">
    <ele>897.8</ele>
    <time>2026-04-18T12:46:45Z</time>
   </trkpt>
   <trkpt lat="12.9053000" lon="77.6395150">
    <ele>897.8</ele>
    <time>2026-04-18T12:46:46Z</time>
   </trkpt>
   <trkpt lat="12.9052870" lon="77.6395210">
    <ele>897.8</ele>
    <time>2026-04-18T12:46:47Z</time>
   </trkpt>
   <trkpt lat="12.9052760" lon="77.6395310">
    <ele>897.9</ele>
    <time>2026-04-18T12:46:48Z</time>
   </trkpt>
   <trkpt lat="12.9052690" lon="77.6395360">
    <ele>897.9</ele>
    <time>2026-04-18T12:46:49Z</time>
   </trkpt>
   <trkpt lat="12.9052630" lon="77.6395430">
    <ele>897.9</ele>
    <time>2026-04-18T12:46:50Z</time>
   </trkpt>
   <trkpt lat="12.9052580" lon="77.6395490">
    <ele>897.9</ele>
    <time>2026-04-18T12:46:51Z</time>
   </trkpt>
   <trkpt lat="12.9052520" lon="77.6395560">
    <ele>897.9</ele>
    <time>2026-04-18T12:46:52Z</time>
   </trkpt>
   <trkpt lat="12.9052470" lon="77.6395620">
    <ele>897.9</ele>
    <time>2026-04-18T12:46:53Z</time>
   </trkpt>
   <trkpt lat="12.9052180" lon="77.6395670">
    <ele>897.9</ele>
    <time>2026-04-18T12:46:54Z</time>
   </trkpt>
   <trkpt lat="12.9052120" lon="77.6395730">
    <ele>897.9</ele>
    <time>2026-04-18T12:46:55Z</time>
   </trkpt>
   <trkpt lat="12.9052010" lon="77.6395850">
    <ele>897.9</ele>
    <time>2026-04-18T12:46:56Z</time>
   </trkpt>
   <trkpt lat="12.9051940" lon="77.6395950">
    <ele>897.9</ele>
    <time>2026-04-18T12:46:57Z</time>
   </trkpt>
   <trkpt lat="12.9051960" lon="77.6396250">
    <ele>898.0</ele>
    <time>2026-04-18T12:46:58Z</time>
   </trkpt>
   <trkpt lat="12.9051980" lon="77.6396340">
    <ele>898.0</ele>
    <time>2026-04-18T12:46:59Z</time>
   </trkpt>
   <trkpt lat="12.9052050" lon="77.6396470">
    <ele>898.0</ele>
    <time>2026-04-18T12:47:00Z</time>
   </trkpt>
   <trkpt lat="12.9051950" lon="77.6396550">
    <ele>898.0</ele>
    <time>2026-04-18T12:47:01Z</time>
   </trkpt>
   <trkpt lat="12.9051920" lon="77.6396660">
    <ele>898.0</ele>
    <time>2026-04-18T12:47:02Z</time>
   </trkpt>
   <trkpt lat="12.9052090" lon="77.6396830">
    <ele>898.0</ele>
    <time>2026-04-18T12:47:03Z</time>
   </trkpt>
   <trkpt lat="12.9052020" lon="77.6396990">
    <ele>898.0</ele>
    <time>2026-04-18T12:47:04Z</time>
   </trkpt>
   <trkpt lat="12.9051970" lon="77.6397160">
    <ele>898.0</ele>
    <time>2026-04-18T12:47:05Z</time>
   </trkpt>
   <trkpt lat="12.9051800" lon="77.6397280">
    <ele>898.1</ele>
    <time>2026-04-18T12:47:06Z</time>
   </trkpt>
   <trkpt lat="12.9051690" lon="77.6397540">
    <ele>898.1</ele>
    <time>2026-04-18T12:47:07Z</time>
   </trkpt>
   <trkpt lat="12.9051640" lon="77.6397640">
    <ele>898.1</ele>
    <time>2026-04-18T12:47:08Z</time>
   </trkpt>
   <trkpt lat="12.9051600" lon="77.6397750">
    <ele>898.1</ele>
    <time>2026-04-18T12:47:09Z</time>
   </trkpt>
   <trkpt lat="12.9051450" lon="77.6397900">
    <ele>898.1</ele>
    <time>2026-04-18T12:47:10Z</time>
   </trkpt>
   <trkpt lat="12.9051380" lon="77.6397960">
    <ele>898.1</ele>
    <time>2026-04-18T12:47:11Z</time>
   </trkpt>
   <trkpt lat="12.9051320" lon="77.6398030">
    <ele>898.1</ele>
    <time>2026-04-18T12:47:12Z</time>
   </trkpt>
   <trkpt lat="12.9051230" lon="77.6398100">
    <ele>898.1</ele>
    <time>2026-04-18T12:47:13Z</time>
   </trkpt>
   <trkpt lat="12.9051120" lon="77.6398120">
    <ele>898.1</ele>
    <time>2026-04-18T12:47:14Z</time>
   </trkpt>
   <trkpt lat="12.9051050" lon="77.6398230">
    <ele>898.1</ele>
    <time>2026-04-18T12:47:15Z</time>
   </trkpt>
   <trkpt lat="12.9050930" lon="77.6398560">
    <ele>898.1</ele>
    <time>2026-04-18T12:47:16Z</time>
   </trkpt>
   <trkpt lat="12.9050920" lon="77.6398660">
    <ele>898.1</ele>
    <time>2026-04-18T12:47:17Z</time>
   </trkpt>
   <trkpt lat="12.9050930" lon="77.6398740">
    <ele>898.1</ele>
    <time>2026-04-18T12:47:18Z</time>
   </trkpt>
   <trkpt lat="12.9050900" lon="77.6398600">
    <ele>898.1</ele>
    <time>2026-04-18T12:47:19Z</time>
   </trkpt>
   <trkpt lat="12.9050780" lon="77.6398730">
    <ele>898.1</ele>
    <time>2026-04-18T12:47:20Z</time>
   </trkpt>
   <trkpt lat="12.9050700" lon="77.6398790">
    <ele>898.1</ele>
    <time>2026-04-18T12:47:21Z</time>
   </trkpt>
   <trkpt lat="12.9050620" lon="77.6398850">
    <ele>898.2</ele>
    <time>2026-04-18T12:47:22Z</time>
   </trkpt>
   <trkpt lat="12.9050530" lon="77.6398880">
    <ele>898.2</ele>
    <time>2026-04-18T12:47:23Z</time>
   </trkpt>
   <trkpt lat="12.9050380" lon="77.6399000">
    <ele>898.2</ele>
    <time>2026-04-18T12:47:24Z</time>
   </trkpt>
   <trkpt lat="12.9050310" lon="77.6399060">
    <ele>898.2</ele>
    <time>2026-04-18T12:47:25Z</time>
   </trkpt>
   <trkpt lat="12.9050280" lon="77.6399120">
    <ele>898.2</ele>
    <time>2026-04-18T12:47:26Z</time>
   </trkpt>
   <trkpt lat="12.9050120" lon="77.6399150">
    <ele>898.2</ele>
    <time>2026-04-18T12:47:27Z</time>
   </trkpt>
   <trkpt lat="12.9049980" lon="77.6399160">
    <ele>898.2</ele>
    <time>2026-04-18T12:47:28Z</time>
   </trkpt>
   <trkpt lat="12.9049980" lon="77.6399250">
    <ele>898.2</ele>
    <time>2026-04-18T12:47:29Z</time>
   </trkpt>
   <trkpt lat="12.9049880" lon="77.6399280">
    <ele>898.2</ele>
    <time>2026-04-18T12:47:30Z</time>
   </trkpt>
   <trkpt lat="12.9049770" lon="77.6399340">
    <ele>898.2</ele>
    <time>2026-04-18T12:47:31Z</time>
   </trkpt>
   <trkpt lat="12.9049700" lon="77.6399420">
    <ele>898.2</ele>
    <time>2026-04-18T12:47:32Z</time>
   </trkpt>
   <trkpt lat="12.9049630" lon="77.6399470">
    <ele>898.2</ele>
    <time>2026-04-18T12:47:33Z</time>
   </trkpt>
   <trkpt lat="12.9049510" lon="77.6399540">
    <ele>898.2</ele>
    <time>2026-04-18T12:47:34Z</time>
   </trkpt>
   <trkpt lat="12.9049360" lon="77.6399590">
    <ele>898.2</ele>
    <time>2026-04-18T12:47:35Z</time>
   </trkpt>
   <trkpt lat="12.9049320" lon="77.6399710">
    <ele>898.2</ele>
    <time>2026-04-18T12:47:36Z</time>
   </trkpt>
   <trkpt lat="12.9049390" lon="77.6399840">
    <ele>898.2</ele>
    <time>2026-04-18T12:47:37Z</time>
   </trkpt>
   <trkpt lat="12.9049430" lon="77.6399870">
    <ele>898.2</ele>
    <time>2026-04-18T12:47:38Z</time>
   </trkpt>
   <trkpt lat="12.9049360" lon="77.6399960">
    <ele>898.2</ele>
    <time>2026-04-18T12:47:39Z</time>
   </trkpt>
   <trkpt lat="12.9049320" lon="77.6400090">
    <ele>898.2</ele>
    <time>2026-04-18T12:47:40Z</time>
   </trkpt>
   <trkpt lat="12.9049290" lon="77.6400220">
    <ele>898.2</ele>
    <time>2026-04-18T12:47:41Z</time>
   </trkpt>
   <trkpt lat="12.9049220" lon="77.6400420">
    <ele>898.2</ele>
    <time>2026-04-18T12:47:42Z</time>
   </trkpt>
   <trkpt lat="12.9049160" lon="77.6400550">
    <ele>898.2</ele>
    <time>2026-04-18T12:47:43Z</time>
   </trkpt>
   <trkpt lat="12.9049130" lon="77.6400640">
    <ele>898.2</ele>
    <time>2026-04-18T12:47:44Z</time>
   </trkpt>
   <trkpt lat="12.9049120" lon="77.6400770">
    <ele>898.2</ele>
    <time>2026-04-18T12:47:45Z</time>
   </trkpt>
   <trkpt lat="12.9049120" lon="77.6400880">
    <ele>898.2</ele>
    <time>2026-04-18T12:47:46Z</time>
   </trkpt>
   <trkpt lat="12.9049070" lon="77.6400960">
    <ele>898.2</ele>
    <time>2026-04-18T12:47:47Z</time>
   </trkpt>
   <trkpt lat="12.9049080" lon="77.6401070">
    <ele>898.2</ele>
    <time>2026-04-18T12:47:48Z</time>
   </trkpt>
   <trkpt lat="12.9049050" lon="77.6401180">
    <ele>898.2</ele>
    <time>2026-04-18T12:47:49Z</time>
   </trkpt>
   <trkpt lat="12.9048950" lon="77.6401290">
    <ele>898.2</ele>
    <time>2026-04-18T12:47:50Z</time>
   </trkpt>
   <trkpt lat="12.9048950" lon="77.6401380">
    <ele>898.2</ele>
    <time>2026-04-18T12:47:51Z</time>
   </trkpt>
   <trkpt lat="12.9048910" lon="77.6401510">
    <ele>898.2</ele>
    <time>2026-04-18T12:47:52Z</time>
   </trkpt>
   <trkpt lat="12.9048790" lon="77.6401600">
    <ele>898.2</ele>
    <time>2026-04-18T12:47:53Z</time>
   </trkpt>
   <trkpt lat="12.9048680" lon="77.6401710">
    <ele>898.2</ele>
    <time>2026-04-18T12:47:54Z</time>
   </trkpt>
   <trkpt lat="12.9048500" lon="77.6401850">
    <ele>898.2</ele>
    <time>2026-04-18T12:47:55Z</time>
   </trkpt>
   <trkpt lat="12.9048450" lon="77.6401910">
    <ele>898.2</ele>
    <time>2026-04-18T12:47:56Z</time>
   </trkpt>
   <trkpt lat="12.9048400" lon="77.6401960">
    <ele>898.2</ele>
    <time>2026-04-18T12:47:57Z</time>
   </trkpt>
   <trkpt lat="12.9048350" lon="77.6402010">
    <ele>898.2</ele>
    <time>2026-04-18T12:47:58Z</time>
   </trkpt>
   <trkpt lat="12.9048270" lon="77.6402390">
    <ele>898.2</ele>
    <time>2026-04-18T12:47:59Z</time>
   </trkpt>
   <trkpt lat="12.9048240" lon="77.6402550">
    <ele>898.2</ele>
    <time>2026-04-18T12:48:00Z</time>
   </trkpt>
   <trkpt lat="12.9048230" lon="77.6402630">
    <ele>898.2</ele>
    <time>2026-04-18T12:48:01Z</time>
   </trkpt>
   <trkpt lat="12.9048120" lon="77.6402680">
    <ele>898.2</ele>
    <time>2026-04-18T12:48:02Z</time>
   </trkpt>
   <trkpt lat="12.9048040" lon="77.6402730">
    <ele>898.2</ele>
    <time>2026-04-18T12:48:03Z</time>
   </trkpt>
   <trkpt lat="12.9048020" lon="77.6402810">
    <ele>898.2</ele>
    <time>2026-04-18T12:48:04Z</time>
   </trkpt>
   <trkpt lat="12.9048020" lon="77.6402910">
    <ele>898.2</ele>
    <time>2026-04-18T12:48:05Z</time>
   </trkpt>
   <trkpt lat="12.9047970" lon="77.6403030">
    <ele>898.2</ele>
    <time>2026-04-18T12:48:06Z</time>
   </trkpt>
   <trkpt lat="12.9047960" lon="77.6403140">
    <ele>898.2</ele>
    <time>2026-04-18T12:48:07Z</time>
   </trkpt>
   <trkpt lat="12.9047900" lon="77.6403230">
    <ele>898.2</ele>
    <time>2026-04-18T12:48:08Z</time>
   </trkpt>
   <trkpt lat="12.9047870" lon="77.6403380">
    <ele>898.2</ele>
    <time>2026-04-18T12:48:09Z</time>
   </trkpt>
   <trkpt lat="12.9047840" lon="77.6403410">
    <ele>898.2</ele>
    <time>2026-04-18T12:48:10Z</time>
   </trkpt>
   <trkpt lat="12.9047800" lon="77.6403370">
    <ele>898.2</ele>
    <time>2026-04-18T12:48:11Z</time>
   </trkpt>
   <trkpt lat="12.9047710" lon="77.6403340">
    <ele>898.2</ele>
    <time>2026-04-18T12:48:12Z</time>
   </trkpt>
   <trkpt lat="12.9047670" lon="77.6403420">
    <ele>898.2</ele>
    <time>2026-04-18T12:48:13Z</time>
   </trkpt>
   <trkpt lat="12.9047580" lon="77.6403570">
    <ele>898.2</ele>
    <time>2026-04-18T12:48:14Z</time>
   </trkpt>
   <trkpt lat="12.9047470" lon="77.6403670">
    <ele>898.2</ele>
    <time>2026-04-18T12:48:15Z</time>
   </trkpt>
   <trkpt lat="12.9047350" lon="77.6403720">
    <ele>898.2</ele>
    <time>2026-04-18T12:48:16Z</time>
   </trkpt>
   <trkpt lat="12.9047280" lon="77.6403740">
    <ele>898.1</ele>
    <time>2026-04-18T12:48:17Z</time>
   </trkpt>
   <trkpt lat="12.9047220" lon="77.6403700">
    <ele>898.1</ele>
    <time>2026-04-18T12:48:18Z</time>
   </trkpt>
   <trkpt lat="12.9047090" lon="77.6403600">
    <ele>898.1</ele>
    <time>2026-04-18T12:48:19Z</time>
   </trkpt>
   <trkpt lat="12.9047070" lon="77.6403590">
    <ele>898.1</ele>
    <time>2026-04-18T12:48:20Z</time>
   </trkpt>
   <trkpt lat="12.9046930" lon="77.6403540">
    <ele>898.1</ele>
    <time>2026-04-18T12:48:21Z</time>
   </trkpt>
   <trkpt lat="12.9046800" lon="77.6403500">
    <ele>898.1</ele>
    <time>2026-04-18T12:48:22Z</time>
   </trkpt>
   <trkpt lat="12.9046720" lon="77.6403450">
    <ele>898.1</ele>
    <time>2026-04-18T12:48:23Z</time>
   </trkpt>
   <trkpt lat="12.9046600" lon="77.6403290">
    <ele>898.1</ele>
    <time>2026-04-18T12:48:24Z</time>
   </trkpt>
   <trkpt lat="12.9046570" lon="77.6403170">
    <ele>898.1</ele>
    <time>2026-04-18T12:48:25Z</time>
   </trkpt>
   <trkpt lat="12.9046530" lon="77.6403020">
    <ele>898.1</ele>
    <time>2026-04-18T12:48:26Z</time>
   </trkpt>
   <trkpt lat="12.9046490" lon="77.6402810">
    <ele>898.1</ele>
    <time>2026-04-18T12:48:27Z</time>
   </trkpt>
   <trkpt lat="12.9046480" lon="77.6402720">
    <ele>898.1</ele>
    <time>2026-04-18T12:48:28Z</time>
   </trkpt>
   <trkpt lat="12.9046480" lon="77.6402640">
    <ele>898.1</ele>
    <time>2026-04-18T12:48:29Z</time>
   </trkpt>
   <trkpt lat="12.9046630" lon="77.6402530">
    <ele>898.1</ele>
    <time>2026-04-18T12:48:30Z</time>
   </trkpt>
   <trkpt lat="12.9046720" lon="77.6402500">
    <ele>898.1</ele>
    <time>2026-04-18T12:48:31Z</time>
   </trkpt>
   <trkpt lat="12.9046800" lon="77.6402460">
    <ele>898.1</ele>
    <time>2026-04-18T12:48:32Z</time>
   </trkpt>
   <trkpt lat="12.9046880" lon="77.6402430">
    <ele>898.1</ele>
    <time>2026-04-18T12:48:33Z</time>
   </trkpt>
   <trkpt lat="12.9046990" lon="77.6402390">
    <ele>898.1</ele>
    <time>2026-04-18T12:48:34Z</time>
   </trkpt>
   <trkpt lat="12.9046990" lon="77.6402400">
    <ele>898.1</ele>
    <time>2026-04-18T12:48:35Z</time>
   </trkpt>
   <trkpt lat="12.9046970" lon="77.6402470">
    <ele>898.1</ele>
    <time>2026-04-18T12:48:36Z</time>
   </trkpt>
   <trkpt lat="12.9047010" lon="77.6402460">
    <ele>898.1</ele>
    <time>2026-04-18T12:48:37Z</time>
   </trkpt>
   <trkpt lat="12.9047010" lon="77.6402460">
    <ele>898.1</ele>
    <time>2026-04-18T12:48:38Z</time>
   </trkpt>
  </trkseg>
 </trk>
</gpx>
