<?xml version="1.0" encoding="UTF-8"?>
<gpx creator="StravaGPX" version="1.1" xmlns="http://www.topografix.com/GPX/1/1" xmlns:xsi="http://www.w3.org/2001/XMLSchema-instance" xsi:schemaLocation="http://www.topografix.com/GPX/1/1 http://www.topografix.com/GPX/1/1/gpx.xsd">
 <metadata>
  <time>2026-04-22T14:41:04Z</time>
 </metadata>
 <trk>
  <name>Evening Walk</name>
  <type>walking</type>
  <trkseg>
   <trkpt lat="12.9131350" lon="77.5856760">
    <ele>923.9</ele>
    <time>2026-04-22T14:41:04Z</time>
   </trkpt>
   <trkpt lat="12.9131210" lon="77.5856770">
    <ele>923.9</ele>
    <time>2026-04-22T14:41:05Z</time>
   </trkpt>
   <trkpt lat="12.9131120" lon="77.5856780">
    <ele>923.9</ele>
    <time>2026-04-22T14:41:06Z</time>
   </trkpt>
   <trkpt lat="12.9131050" lon="77.5856750">
    <ele>923.9</ele>
    <time>2026-04-22T14:41:07Z</time>
   </trkpt>
   <trkpt lat="12.9130810" lon="77.5856730">
    <ele>923.9</ele>
    <time>2026-04-22T14:41:08Z</time>
   </trkpt>
   <trkpt lat="12.9130740" lon="77.5856720">
    <ele>923.9</ele>
    <time>2026-04-22T14:41:09Z</time>
   </trkpt>
   <trkpt lat="12.9130680" lon="77.5856720">
    <ele>923.9</ele>
    <time>2026-04-22T14:41:10Z</time>
   </trkpt>
   <trkpt lat="12.9130620" lon="77.5856710">
    <ele>923.9</ele>
    <time>2026-04-22T14:41:11Z</time>
   </trkpt>
   <trkpt lat="12.9130530" lon="77.5856710">
    <ele>923.9</ele>
    <time>2026-04-22T14:41:12Z</time>
   </trkpt>
   <trkpt lat="12.9130350" lon="77.5856690">
    <ele>923.9</ele>
    <time>2026-04-22T14:41:13Z</time>
   </trkpt>
   <trkpt lat="12.9130150" lon="77.5856640">
    <ele>923.9</ele>
    <time>2026-04-22T14:41:14Z</time>
   </trkpt>
   <trkpt lat="12.9130050" lon="77.5856640">
    <ele>923.9</ele>
    <time>2026-04-22T14:41:15Z</time>
   </trkpt>
   <trkpt lat="12.9129960" lon="77.5856640">
    <ele>923.9</ele>
    <time>2026-04-22T14:41:16Z</time>
   </trkpt>
   <trkpt lat="12.9129850" lon="77.5856690">
    <ele>923.9</ele>
    <time>2026-04-22T14:41:17Z</time>
   </trkpt>
   <trkpt lat="12.9129700" lon="77.5856760">
    <ele>923.9</ele>
    <time>2026-04-22T14:41:18Z</time>
   </trkpt>
   <trkpt lat="12.9129500" lon="77.5856770">
    <ele>923.9</ele>
    <time>2026-04-22T14:41:19Z</time>
   </trkpt>
   <trkpt lat="12.9129410" lon="77.5856790">
    <ele>923.9</ele>
    <time>2026-04-22T14:41:20Z</time>
   </trkpt>
   <trkpt lat="12.9129320" lon="77.5856800">
    <ele>923.9</ele>
    <time>2026-04-22T14:41:21Z</time>
   </trkpt>
   <trkpt lat="12.9129200" lon="77.5856800">
    <ele>923.9</ele>
    <time>2026-04-22T14:41:22Z</time>
   </trkpt>
   <trkpt lat="12.9129090" lon="77.5856800">
    <ele>923.9</ele>
    <time>2026-04-22T14:41:23Z</time>
   </trkpt>
   <trkpt lat="12.9129010" lon="77.5856810">
    <ele>923.9</ele>
    <time>2026-04-22T14:41:24Z</time>
   </trkpt>
   <trkpt lat="12.9128860" lon="77.5856810">
    <ele>923.9</ele>
    <time>2026-04-22T14:41:25Z</time>
   </trkpt>
   <trkpt lat="12.9128730" lon="77.5856790">
    <ele>923.9</ele>
    <time>2026-04-22T14:41:26Z</time>
   </trkpt>
   <trkpt lat="12.9128590" lon="77.5856780">
    <ele>923.9</ele>
    <time>2026-04-22T14:41:27Z</time>
   </trkpt>
   <trkpt lat="12.9128480" lon="77.5856800">
    <ele>923.9</ele>
    <time>2026-04-22T14:41:28Z</time>
   </trkpt>
   <trkpt lat="12.9128380" lon="77.5856800">
    <ele>923.9</ele>
    <time>2026-04-22T14:41:29Z</time>
   </trkpt>
   <trkpt lat="12.9128250" lon="77.5856800">
    <ele>923.9</ele>
    <time>2026-04-22T14:41:30Z</time>
   </trkpt>
   <trkpt lat="12.9128120" lon="77.5856760">
    <ele>923.9</ele>
    <time>2026-04-22T14:41:31Z</time>
   </trkpt>
   <trkpt lat="12.9128050" lon="77.5856740">
    <ele>923.9</ele>
    <time>2026-04-22T14:41:32Z</time>
   </trkpt>
   <trkpt lat="12.9127920" lon="77.5856660">
    <ele>923.9</ele>
    <time>2026-04-22T14:41:33Z</time>
   </trkpt>
   <trkpt lat="12.9127840" lon="77.5856630">
    <ele>923.9</ele>
    <time>2026-04-22T14:41:34Z</time>
   </trkpt>
   <trkpt lat="12.9127720" lon="77.5856620">
    <ele>923.9</ele>
    <time>2026-04-22T14:41:35Z</time>
   </trkpt>
   <trkpt lat="12.9127590" lon="77.5856600">
    <ele>923.9</ele>
    <time>2026-04-22T14:41:36Z</time>
   </trkpt>
   <trkpt lat="12.9127520" lon="77.5856560">
    <ele>923.9</ele>
    <time>2026-04-22T14:41:37Z</time>
   </trkpt>
   <trkpt lat="12.9127390" lon="77.5856580">
    <ele>923.9</ele>
    <time>2026-04-22T14:41:38Z</time>
   </trkpt>
   <trkpt lat="12.9127270" lon="77.5856600">
    <ele>923.9</ele>
    <time>2026-04-22T14:41:39Z</time>
   </trkpt>
   <trkpt lat="12.9127110" lon="77.5856680">
    <ele>923.9</ele>
    <time>2026-04-22T14:41:40Z</time>
   </trkpt>
   <trkpt lat="12.9126970" lon="77.5856710">
    <ele>923.9</ele>
    <time>2026-04-22T14:41:41Z</time>
   </trkpt>
   <trkpt lat="12.9126910" lon="77.5856700">
    <ele>923.9</ele>
    <time>2026-04-22T14:41:42Z</time>
   </trkpt>
   <trkpt lat="12.9126770" lon="77.5856680">
    <ele>923.9</ele>
    <time>2026-04-22T14:41:43Z</time>
   </trkpt>
   <trkpt lat="12.9126560" lon="77.5856800">
    <ele>923.9</ele>
    <time>2026-04-22T14:41:44Z</time>
   </trkpt>
   <trkpt lat="12.9126500" lon="77.5856890">
    <ele>923.9</ele>
    <time>2026-04-22T14:41:45Z</time>
   </trkpt>
   <trkpt lat="12.9126440" lon="77.5856970">
    <ele>923.9</ele>
    <time>2026-04-22T14:41:46Z</time>
   </trkpt>
   <trkpt lat="12.9126420" lon="77.5857030">
    <ele>923.9</ele>
    <time>2026-04-22T14:41:47Z</time>
   </trkpt>
   <trkpt lat="12.9126410" lon="77.5857130">
    <ele>923.9</ele>
    <time>2026-04-22T14:41:48Z</time>
   </trkpt>
   <trkpt lat="12.9126300" lon="77.5857210">
    <ele>923.9</ele>
    <time>2026-04-22T14:41:49Z</time>
   </trkpt>
   <trkpt lat="12.9126110" lon="77.5857230">
    <ele>923.9</ele>
    <time>2026-04-22T14:41:50Z</time>
   </trkpt>
   <trkpt lat="12.9126010" lon="77.5857230">
    <ele>923.9</ele>
    <time>2026-04-22T14:41:51Z</time>
   </trkpt>
   <trkpt lat="12.9125920" lon="77.5857220">
    <ele>923.9</ele>
    <time>2026-04-22T14:41:52Z</time>
   </trkpt>
   <trkpt lat="12.9125810" lon="77.5857190">
    <ele>923.9</ele>
    <time>2026-04-22T14:41:53Z</time>
   </trkpt>
   <trkpt lat="12.9125600" lon="77.5857160">
    <ele>923.9</ele>
    <time>2026-04-22T14:41:54Z</time>
   </trkpt>
   <trkpt lat="12.9125430" lon="77.5857140">
    <ele>923.9</ele>
    <time>2026-04-22T14:41:55Z</time>
   </trkpt>
   <trkpt lat="12.9125330" lon="77.5857060">
    <ele>923.9</ele>
    <time>2026-04-22T14:41:56Z</time>
   </trkpt>
   <trkpt lat="12.9125110" lon="77.5857010">
    <ele>923.9</ele>
    <time>2026-04-22T14:41:57Z</time>
   </trkpt>
   <trkpt lat="12.9125040" lon="77.5856990">
    <ele>923.9</ele>
    <time>2026-04-22T14:41:58Z</time>
   </trkpt>
   <trkpt lat="12.9124960" lon="77.5856960">
    <ele>923.9</ele>
    <time>2026-04-22T14:41:59Z</time>
   </trkpt>
   <trkpt lat="12.9124860" lon="77.5856910">
    <ele>923.9</ele>
    <time>2026-04-22T14:42:00Z</time>
   </trkpt>
   <trkpt lat="12.9124780" lon="77.5856890">
    <ele>923.9</ele>
    <time>2026-04-22T14:42:01Z</time>
   </trkpt>
   <trkpt lat="12.9124670" lon="77.5856870">
    <ele>923.9</ele>
    <time>2026-04-22T14:42:02Z</time>
   </trkpt>
   <trkpt lat="12.9124580" lon="77.5856850">
    <ele>923.9</ele>
    <time>2026-04-22T14:42:03Z</time>
   </trkpt>
   <trkpt lat="12.9124470" lon="77.5856820">
    <ele>923.9</ele>
    <time>2026-04-22T14:42:04Z</time>
   </trkpt>
   <trkpt lat="12.9124400" lon="77.5856800">
    <ele>923.9</ele>
    <time>2026-04-22T14:42:05Z</time>
   </trkpt>
   <trkpt lat="12.9124340" lon="77.5856740">
    <ele>923.9</ele>
    <time>2026-04-22T14:42:06Z</time>
   </trkpt>
   <trkpt lat="12.9124240" lon="77.5856710">
    <ele>923.9</ele>
    <time>2026-04-22T14:42:07Z</time>
   </trkpt>
   <trkpt lat="12.9124170" lon="77.5856640">
    <ele>923.9</ele>
    <time>2026-04-22T14:42:08Z</time>
   </trkpt>
   <trkpt lat="12.9124050" lon="77.5856590">
    <ele>923.9</ele>
    <time>2026-04-22T14:42:09Z</time>
   </trkpt>
   <trkpt lat="12.9123970" lon="77.5856540">
    <ele>923.9</ele>
    <time>2026-04-22T14:42:10Z</time>
   </trkpt>
   <trkpt lat="12.9123830" lon="77.5856520">
    <ele>923.9</ele>
    <time>2026-04-22T14:42:11Z</time>
   </trkpt>
   <trkpt lat="12.9123750" lon="77.5856460">
    <ele>923.9</ele>
    <time>2026-04-22T14:42:12Z</time>
   </trkpt>
   <trkpt lat="12.9123640" lon="77.5856450">
    <ele>923.9</ele>
    <time>2026-04-22T14:42:13Z</time>
   </trkpt>
   <trkpt lat="12.9123540" lon="77.5856440">
    <ele>923.9</ele>
    <time>2026-04-22T14:42:14Z</time>
   </trkpt>
   <trkpt lat="12.9123460" lon="77.5856440">
    <ele>923.9</ele>
    <time>2026-04-22T14:42:15Z</time>
   </trkpt>
   <trkpt lat="12.9123340" lon="77.5856400">
    <ele>923.9</ele>
    <time>2026-04-22T14:42:16Z</time>
   </trkpt>
   <trkpt lat="12.9123190" lon="77.5856420">
    <ele>923.9</ele>
    <time>2026-04-22T14:42:17Z</time>
   </trkpt>
   <trkpt lat="12.9123080" lon="77.5856410">
    <ele>923.9</ele>
    <time>2026-04-22T14:42:18Z</time>
   </trkpt>
   <trkpt lat="12.9123010" lon="77.5856380">
    <ele>923.9</ele>
    <time>2026-04-22T14:42:19Z</time>
   </trkpt>
   <trkpt lat="12.9122960" lon="77.5856350">
    <ele>923.9</ele>
    <time>2026-04-22T14:42:20Z</time>
   </trkpt>
   <trkpt lat="12.9122940" lon="77.5856310">
    <ele>923.9</ele>
    <time>2026-04-22T14:42:21Z</time>
   </trkpt>
   <trkpt lat="12.9122870" lon="77.5856240">
    <ele>923.9</ele>
    <time>2026-04-22T14:42:22Z</time>
   </trkpt>
   <trkpt lat="12.9122820" lon="77.5856170">
    <ele>923.9</ele>
    <time>2026-04-22T14:42:23Z</time>
   </trkpt>
   <trkpt lat="12.9122780" lon="77.5856110">
    <ele>923.8</ele>
    <time>2026-04-22T14:42:24Z</time>
   </trkpt>
   <trkpt lat="12.9122730" lon="77.5856040">
    <ele>923.9</ele>
    <time>2026-04-22T14:42:25Z</time>
   </trkpt>
   <trkpt lat="12.9122690" lon="77.5855970">
    <ele>923.9</ele>
    <time>2026-04-22T14:42:26Z</time>
   </trkpt>
   <trkpt lat="12.9122560" lon="77.5855850">
    <ele>923.9</ele>
    <time>2026-04-22T14:42:27Z</time>
   </trkpt>
   <trkpt lat="12.9122510" lon="77.5855730">
    <ele>924.0</ele>
    <time>2026-04-22T14:42:28Z</time>
   </trkpt>
   <trkpt lat="12.9122470" lon="77.5855600">
    <ele>924.0</ele>
    <time>2026-04-22T14:42:29Z</time>
   </trkpt>
   <trkpt lat="12.9122500" lon="77.5855500">
    <ele>924.0</ele>
    <time>2026-04-22T14:42:30Z</time>
   </trkpt>
   <trkpt lat="12.9122460" lon="77.5855420">
    <ele>924.1</ele>
    <time>2026-04-22T14:42:31Z</time>
   </trkpt>
   <trkpt lat="12.9122410" lon="77.5855260">
    <ele>924.1</ele>
    <time>2026-04-22T14:42:32Z</time>
   </trkpt>
   <trkpt lat="12.9122410" lon="77.5855090">
    <ele>924.1</ele>
    <time>2026-04-22T14:42:33Z</time>
   </trkpt>
   <trkpt lat="12.9122410" lon="77.5854950">
    <ele>924.2</ele>
    <time>2026-04-22T14:42:34Z</time>
   </trkpt>
   <trkpt lat="12.9122460" lon="77.5854870">
    <ele>924.2</ele>
    <time>2026-04-22T14:42:35Z</time>
   </trkpt>
   <trkpt lat="12.9122490" lon="77.5854760">
    <ele>924.3</ele>
    <time>2026-04-22T14:42:36Z</time>
   </trkpt>
   <trkpt lat="12.9122480" lon="77.5854640">
    <ele>924.3</ele>
    <time>2026-04-22T14:42:37Z</time>
   </trkpt>
   <trkpt lat="12.9122580" lon="77.5854540">
    <ele>924.3</ele>
    <time>2026-04-22T14:42:38Z</time>
   </trkpt>
   <trkpt lat="12.9122580" lon="77.5854460">
    <ele>924.4</ele>
    <time>2026-04-22T14:42:39Z</time>
   </trkpt>
   <trkpt lat="12.9122540" lon="77.5854460">
    <ele>924.4</ele>
    <time>2026-04-22T14:42:40Z</time>
   </trkpt>
   <trkpt lat="12.9122540" lon="77.5854500">
    <ele>924.4</ele>
    <time>2026-04-22T14:42:41Z</time>
   </trkpt>
   <trkpt lat="12.9122520" lon="77.5854480">
    <ele>924.4</ele>
    <time>2026-04-22T14:42:42Z</time>
   </trkpt>
   <trkpt lat="12.9122590" lon="77.5854380">
    <ele>924.4</ele>
    <time>2026-04-22T14:42:43Z</time>
   </trkpt>
   <trkpt lat="12.9122550" lon="77.5854240">
    <ele>924.5</ele>
    <time>2026-04-22T14:42:44Z</time>
   </trkpt>
   <trkpt lat="12.9122660" lon="77.5854110">
    <ele>924.5</ele>
    <time>2026-04-22T14:42:45Z</time>
   </trkpt>
   <trkpt lat="12.9122710" lon="77.5853900">
    <ele>924.5</ele>
    <time>2026-04-22T14:42:46Z</time>
   </trkpt>
   <trkpt lat="12.9122710" lon="77.5853810">
    <ele>924.6</ele>
    <time>2026-04-22T14:42:47Z</time>
   </trkpt>
   <trkpt lat="12.9122700" lon="77.5853730">
    <ele>924.6</ele>
    <time>2026-04-22T14:42:48Z</time>
   </trkpt>
   <trkpt lat="12.9122660" lon="77.5853620">
    <ele>924.6</ele>
    <time>2026-04-22T14:42:49Z</time>
   </trkpt>
   <trkpt lat="12.9122680" lon="77.5853430">
    <ele>924.6</ele>
    <time>2026-04-22T14:42:50Z</time>
   </trkpt>
   <trkpt lat="12.9122730" lon="77.5853310">
    <ele>924.6</ele>
    <time>2026-04-22T14:42:51Z</time>
   </trkpt>
   <trkpt lat="12.9122740" lon="77.5853210">
    <ele>924.6</ele>
    <time>2026-04-22T14:42:52Z</time>
   </trkpt>
   <trkpt lat="12.9122760" lon="77.5853080">
    <ele>924.6</ele>
    <time>2026-04-22T14:42:53Z</time>
   </trkpt>
   <trkpt lat="12.9122750" lon="77.5852930">
    <ele>924.7</ele>
    <time>2026-04-22T14:42:54Z</time>
   </trkpt>
   <trkpt lat="12.9122770" lon="77.5852770">
    <ele>924.7</ele>
    <time>2026-04-22T14:42:55Z</time>
   </trkpt>
   <trkpt lat="12.9122770" lon="77.5852550">
    <ele>924.7</ele>
    <time>2026-04-22T14:42:56Z</time>
   </trkpt>
   <trkpt lat="12.9122770" lon="77.5852450">
    <ele>924.7</ele>
    <time>2026-04-22T14:42:57Z</time>
   </trkpt>
   <trkpt lat="12.9122770" lon="77.5852360">
    <ele>924.7</ele>
    <time>2026-04-22T14:42:58Z</time>
   </trkpt>
   <trkpt lat="12.9122760" lon="77.5852210">
    <ele>924.7</ele>
    <time>2026-04-22T14:42:59Z</time>
   </trkpt>
   <trkpt lat="12.9122770" lon="77.5852120">
    <ele>924.8</ele>
    <time>2026-04-22T14:43:00Z</time>
   </trkpt>
   <trkpt lat="12.9122800" lon="77.5852040">
    <ele>924.8</ele>
    <time>2026-04-22T14:43:01Z</time>
   </trkpt>
   <trkpt lat="12.9122800" lon="77.5852010">
    <ele>924.8</ele>
    <time>2026-04-22T14:43:02Z</time>
   </trkpt>
   <trkpt lat="12.9122810" lon="77.5851960">
    <ele>924.8</ele>
    <time>2026-04-22T14:43:03Z</time>
   </trkpt>
   <trkpt lat="12.9122860" lon="77.5851920">
    <ele>924.8</ele>
    <time>2026-04-22T14:43:04Z</time>
   </trkpt>
   <trkpt lat="12.9122910" lon="77.5852020">
    <ele>924.8</ele>
    <time>2026-04-22T14:43:05Z</time>
   </trkpt>
   <trkpt lat="12.9122980" lon="77.5852060">
    <ele>924.8</ele>
    <time>2026-04-22T14:43:06Z</time>
   </trkpt>
   <trkpt lat="12.9123110" lon="77.5852040">
    <ele>924.8</ele>
    <time>2026-04-22T14:43:07Z</time>
   </trkpt>
   <trkpt lat="12.9123180" lon="77.5852130">
    <ele>924.9</ele>
    <time>2026-04-22T14:43:08Z</time>
   </trkpt>
   <trkpt lat="12.9123250" lon="77.5852160">
    <ele>924.9</ele>
    <time>2026-04-22T14:43:09Z</time>
   </trkpt>
   <trkpt lat="12.9123280" lon="77.5852050">
    <ele>924.9</ele>
    <time>2026-04-22T14:43:10Z</time>
   </trkpt>
   <trkpt lat="12.9123250" lon="77.5851900">
    <ele>924.9</ele>
    <time>2026-04-22T14:43:11Z</time>
   </trkpt>
   <trkpt lat="12.9123230" lon="77.5851740">
    <ele>924.9</ele>
    <time>2026-04-22T14:43:12Z</time>
   </trkpt>
   <trkpt lat="12.9123250" lon="77.5851580">
    <ele>925.0</ele>
    <time>2026-04-22T14:43:13Z</time>
   </trkpt>
   <trkpt lat="12.9123200" lon="77.5851480">
    <ele>925.0</ele>
    <time>2026-04-22T14:43:14Z</time>
   </trkpt>
   <trkpt lat="12.9123190" lon="77.5851390">
    <ele>925.0</ele>
    <time>2026-04-22T14:43:15Z</time>
   </trkpt>
   <trkpt lat="12.9123120" lon="77.5851230">
    <ele>925.0</ele>
    <time>2026-04-22T14:43:16Z</time>
   </trkpt>
   <trkpt lat="12.9123090" lon="77.5851130">
    <ele>925.0</ele>
    <time>2026-04-22T14:43:17Z</time>
   </trkpt>
   <trkpt lat="12.9123050" lon="77.5851040">
    <ele>925.1</ele>
    <time>2026-04-22T14:43:18Z</time>
   </trkpt>
   <trkpt lat="12.9122970" lon="77.5850830">
    <ele>925.1</ele>
    <time>2026-04-22T14:43:19Z</time>
   </trkpt>
   <trkpt lat="12.9122950" lon="77.5850750">
    <ele>925.1</ele>
    <time>2026-04-22T14:43:20Z</time>
   </trkpt>
   <trkpt lat="12.9122930" lon="77.5850680">
    <ele>925.1</ele>
    <time>2026-04-22T14:43:21Z</time>
   </trkpt>
   <trkpt lat="12.9122920" lon="77.5850570">
    <ele>925.1</ele>
    <time>2026-04-22T14:43:22Z</time>
   </trkpt>
   <trkpt lat="12.9122900" lon="77.5850390">
    <ele>925.1</ele>
    <time>2026-04-22T14:43:23Z</time>
   </trkpt>
   <trkpt lat="12.9122930" lon="77.5850150">
    <ele>925.2</ele>
    <time>2026-04-22T14:43:24Z</time>
   </trkpt>
   <trkpt lat="12.9122920" lon="77.5850020">
    <ele>925.2</ele>
    <time>2026-04-22T14:43:25Z</time>
   </trkpt>
   <trkpt lat="12.9122910" lon="77.5849980">
    <ele>925.2</ele>
    <time>2026-04-22T14:43:26Z</time>
   </trkpt>
   <trkpt lat="12.9122920" lon="77.5849820">
    <ele>925.2</ele>
    <time>2026-04-22T14:43:27Z</time>
   </trkpt>
   <trkpt lat="12.9122900" lon="77.5849650">
    <ele>925.3</ele>
    <time>2026-04-22T14:43:28Z</time>
   </trkpt>
   <trkpt lat="12.9122700" lon="77.5849450">
    <ele>925.3</ele>
    <time>2026-04-22T14:43:29Z</time>
   </trkpt>
   <trkpt lat="12.9122610" lon="77.5849400">
    <ele>925.3</ele>
    <time>2026-04-22T14:43:30Z</time>
   </trkpt>
   <trkpt lat="12.9122450" lon="77.5849230">
    <ele>925.3</ele>
    <time>2026-04-22T14:43:31Z</time>
   </trkpt>
   <trkpt lat="12.9122430" lon="77.5849100">
    <ele>925.4</ele>
    <time>2026-04-22T14:43:32Z</time>
   </trkpt>
   <trkpt lat="12.9122420" lon="77.5848950">
    <ele>925.4</ele>
    <time>2026-04-22T14:43:33Z</time>
   </trkpt>
   <trkpt lat="12.9122350" lon="77.5848800">
    <ele>925.4</ele>
    <time>2026-04-22T14:43:34Z</time>
   </trkpt>
   <trkpt lat="12.9122260" lon="77.5848650">
    <ele>925.4</ele>
    <time>2026-04-22T14:43:35Z</time>
   </trkpt>
   <trkpt lat="12.9122220" lon="77.5848530">
    <ele>925.4</ele>
    <time>2026-04-22T14:43:36Z</time>
   </trkpt>
   <trkpt lat="12.9122300" lon="77.5848430">
    <ele>925.5</ele>
    <time>2026-04-22T14:43:37Z</time>
   </trkpt>
   <trkpt lat="12.9122380" lon="77.5848350">
    <ele>925.5</ele>
    <time>2026-04-22T14:43:38Z</time>
   </trkpt>
   <trkpt lat="12.9122410" lon="77.5848230">
    <ele>925.5</ele>
    <time>2026-04-22T14:43:39Z</time>
   </trkpt>
   <trkpt lat="12.9122450" lon="77.5848130">
    <ele>925.5</ele>
    <time>2026-04-22T14:43:40Z</time>
   </trkpt>
   <trkpt lat="12.9122480" lon="77.5848010">
    <ele>925.5</ele>
    <time>2026-04-22T14:43:41Z</time>
   </trkpt>
   <trkpt lat="12.9122550" lon="77.5847920">
    <ele>925.5</ele>
    <time>2026-04-22T14:43:42Z</time>
   </trkpt>
   <trkpt lat="12.9122550" lon="77.5847710">
    <ele>925.6</ele>
    <time>2026-04-22T14:43:43Z</time>
   </trkpt>
   <trkpt lat="12.9122600" lon="77.5847650">
    <ele>925.6</ele>
    <time>2026-04-22T14:43:44Z</time>
   </trkpt>
   <trkpt lat="12.9122640" lon="77.5847600">
    <ele>925.6</ele>
    <time>2026-04-22T14:43:45Z</time>
   </trkpt>
   <trkpt lat="12.9122680" lon="77.5847540">
    <ele>925.6</ele>
    <time>2026-04-22T14:43:46Z</time>
   </trkpt>
   <trkpt lat="12.9122840" lon="77.5847440">
    <ele>925.6</ele>
    <time>2026-04-22T14:43:47Z</time>
   </trkpt>
   <trkpt lat="12.9122910" lon="77.5847350">
    <ele>925.7</ele>
    <time>2026-04-22T14:43:48Z</time>
   </trkpt>
   <trkpt lat="12.9122990" lon="77.5847240">
    <ele>925.7</ele>
    <time>2026-04-22T14:43:49Z</time>
   </trkpt>
   <trkpt lat="12.9123010" lon="77.5847190">
    <ele>925.7</ele>
    <time>2026-04-22T14:43:50Z</time>
   </trkpt>
   <trkpt lat="12.9123030" lon="77.5847130">
    <ele>925.7</ele>
    <time>2026-04-22T14:43:51Z</time>
   </trkpt>
   <trkpt lat="12.9123050" lon="77.5847070">
    <ele>925.7</ele>
    <time>2026-04-22T14:43:52Z</time>
   </trkpt>
   <trkpt lat="12.9123070" lon="77.5847020">
    <ele>925.7</ele>
    <time>2026-04-22T14:43:53Z</time>
   </trkpt>
   <trkpt lat="12.9123090" lon="77.5846960">
    <ele>925.7</ele>
    <time>2026-04-22T14:43:54Z</time>
   </trkpt>
   <trkpt lat="12.9123180" lon="77.5846890">
    <ele>925.7</ele>
    <time>2026-04-22T14:43:55Z</time>
   </trkpt>
   <trkpt lat="12.9123310" lon="77.5846850">
    <ele>925.8</ele>
    <time>2026-04-22T14:43:56Z</time>
   </trkpt>
   <trkpt lat="12.9123290" lon="77.5846860">
    <ele>925.8</ele>
    <time>2026-04-22T14:43:57Z</time>
   </trkpt>
   <trkpt lat="12.9123270" lon="77.5846750">
    <ele>925.8</ele>
    <time>2026-04-22T14:43:58Z</time>
   </trkpt>
   <trkpt lat="12.9123240" lon="77.5846500">
    <ele>925.8</ele>
    <time>2026-04-22T14:43:59Z</time>
   </trkpt>
   <trkpt lat="12.9123240" lon="77.5846330">
    <ele>925.8</ele>
    <time>2026-04-22T14:44:00Z</time>
   </trkpt>
   <trkpt lat="12.9123290" lon="77.5846200">
    <ele>925.8</ele>
    <time>2026-04-22T14:44:01Z</time>
   </trkpt>
   <trkpt lat="12.9123300" lon="77.5846100">
    <ele>925.9</ele>
    <time>2026-04-22T14:44:02Z</time>
   </trkpt>
   <trkpt lat="12.9123300" lon="77.5845990">
    <ele>925.9</ele>
    <time>2026-04-22T14:44:03Z</time>
   </trkpt>
   <trkpt lat="12.9123280" lon="77.5845910">
    <ele>925.9</ele>
    <time>2026-04-22T14:44:04Z</time>
   </trkpt>
   <trkpt lat="12.9123250" lon="77.5845870">
    <ele>925.9</ele>
    <time>2026-04-22T14:44:05Z</time>
   </trkpt>
   <trkpt lat="12.9123250" lon="77.5845800">
    <ele>925.9</ele>
    <time>2026-04-22T14:44:06Z</time>
   </trkpt>
   <trkpt lat="12.9123210" lon="77.5845680">
    <ele>925.9</ele>
    <time>2026-04-22T14:44:07Z</time>
   </trkpt>
   <trkpt lat="12.9123080" lon="77.5845640">
    <ele>925.9</ele>
    <time>2026-04-22T14:44:08Z</time>
   </trkpt>
   <trkpt lat="12.9123080" lon="77.5845500">
    <ele>925.9</ele>
    <time>2026-04-22T14:44:09Z</time>
   </trkpt>
   <trkpt lat="12.9123060" lon="77.5845390">
    <ele>926.0</ele>
    <time>2026-04-22T14:44:10Z</time>
   </trkpt>
   <trkpt lat="12.9123040" lon="77.5845250">
    <ele>926.0</ele>
    <time>2026-04-22T14:44:11Z</time>
   </trkpt>
   <trkpt lat="12.9123070" lon="77.5845100">
    <ele>926.0</ele>
    <time>2026-04-22T14:44:12Z</time>
   </trkpt>
   <trkpt lat="12.9123090" lon="77.5844840">
    <ele>926.1</ele>
    <time>2026-04-22T14:44:13Z</time>
   </trkpt>
   <trkpt lat="12.9123110" lon="77.5844760">
    <ele>926.1</ele>
    <time>2026-04-22T14:44:14Z</time>
   </trkpt>
   <trkpt lat="12.9123120" lon="77.5844690">
    <ele>926.1</ele>
    <time>2026-04-22T14:44:15Z</time>
   </trkpt>
   <trkpt lat="12.9123130" lon="77.5844520">
    <ele>926.1</ele>
    <time>2026-04-22T14:44:16Z</time>
   </trkpt>
   <trkpt lat="12.9123140" lon="77.5844440">
    <ele>926.1</ele>
    <time>2026-04-22T14:44:17Z</time>
   </trkpt>
   <trkpt lat="12.9123140" lon="77.5844360">
    <ele>926.1</ele>
    <time>2026-04-22T14:44:18Z</time>
   </trkpt>
   <trkpt lat="12.9123150" lon="77.5844280">
    <ele>926.1</ele>
    <time>2026-04-22T14:44:19Z</time>
   </trkpt>
   <trkpt lat="12.9123200" lon="77.5844060">
    <ele>926.2</ele>
    <time>2026-04-22T14:44:20Z</time>
   </trkpt>
   <trkpt lat="12.9123200" lon="77.5843970">
    <ele>926.2</ele>
    <time>2026-04-22T14:44:21Z</time>
   </trkpt>
   <trkpt lat="12.9123200" lon="77.5843880">
    <ele>926.2</ele>
    <time>2026-04-22T14:44:22Z</time>
   </trkpt>
   <trkpt lat="12.9123190" lon="77.5843750">
    <ele>926.2</ele>
    <time>2026-04-22T14:44:23Z</time>
   </trkpt>
   <trkpt lat="12.9123160" lon="77.5843570">
    <ele>926.3</ele>
    <time>2026-04-22T14:44:24Z</time>
   </trkpt>
   <trkpt lat="12.9123170" lon="77.5843370">
    <ele>926.3</ele>
    <time>2026-04-22T14:44:25Z</time>
   </trkpt>
   <trkpt lat="12.9123180" lon="77.5843270">
    <ele>926.3</ele>
    <time>2026-04-22T14:44:26Z</time>
   </trkpt>
   <trkpt lat="12.9123190" lon="77.5843180">
    <ele>926.3</ele>
    <time>2026-04-22T14:44:27Z</time>
   </trkpt>
   <trkpt lat="12.9123220" lon="77.5842970">
    <ele>926.4</ele>
    <time>2026-04-22T14:44:28Z</time>
   </trkpt>
   <trkpt lat="12.9123240" lon="77.5842890">
    <ele>926.4</ele>
    <time>2026-04-22T14:44:29Z</time>
   </trkpt>
   <trkpt lat="12.9123250" lon="77.5842800">
    <ele>926.4</ele>
    <time>2026-04-22T14:44:30Z</time>
   </trkpt>
   <trkpt lat="12.9123250" lon="77.5842560">
    <ele>926.4</ele>
    <time>2026-04-22T14:44:31Z</time>
   </trkpt>
   <trkpt lat="12.9123220" lon="77.5842480">
    <ele>926.5</ele>
    <time>2026-04-22T14:44:32Z</time>
   </trkpt>
   <trkpt lat="12.9123200" lon="77.5842410">
    <ele>926.5</ele>
    <time>2026-04-22T14:44:33Z</time>
   </trkpt>
   <trkpt lat="12.9123190" lon="77.5842300">
    <ele>926.5</ele>
    <time>2026-04-22T14:44:34Z</time>
   </trkpt>
   <trkpt lat="12.9123210" lon="77.5842210">
    <ele>926.5</ele>
    <time>2026-04-22T14:44:35Z</time>
   </trkpt>
   <trkpt lat="12.9123230" lon="77.5842070">
    <ele>926.6</ele>
    <time>2026-04-22T14:44:36Z</time>
   </trkpt>
   <trkpt lat="12.9123270" lon="77.5841890">
    <ele>926.6</ele>
    <time>2026-04-22T14:44:37Z</time>
   </trkpt>
   <trkpt lat="12.9123270" lon="77.5841770">
    <ele>926.6</ele>
    <time>2026-04-22T14:44:38Z</time>
   </trkpt>
   <trkpt lat="12.9123280" lon="77.5841660">
    <ele>926.7</ele>
    <time>2026-04-22T14:44:39Z</time>
   </trkpt>
   <trkpt lat="12.9123270" lon="77.5841530">
    <ele>926.7</ele>
    <time>2026-04-22T14:44:40Z</time>
   </trkpt>
   <trkpt lat="12.9123210" lon="77.5841390">
    <ele>926.7</ele>
    <time>2026-04-22T14:44:41Z</time>
   </trkpt>
   <trkpt lat="12.9123160" lon="77.5841200">
    <ele>926.8</ele>
    <time>2026-04-22T14:44:42Z</time>
   </trkpt>
   <trkpt lat="12.9123210" lon="77.5841090">
    <ele>926.8</ele>
    <time>2026-04-22T14:44:43Z</time>
   </trkpt>
   <trkpt lat="12.9123260" lon="77.5840940">
    <ele>926.8</ele>
    <time>2026-04-22T14:44:44Z</time>
   </trkpt>
   <trkpt lat="12.9123250" lon="77.5840850">
    <ele>926.9</ele>
    <time>2026-04-22T14:44:45Z</time>
   </trkpt>
   <trkpt lat="12.9123220" lon="77.5840730">
    <ele>926.9</ele>
    <time>2026-04-22T14:44:46Z</time>
   </trkpt>
   <trkpt lat="12.9123180" lon="77.5840520">
    <ele>926.9</ele>
    <time>2026-04-22T14:44:47Z</time>
   </trkpt>
   <trkpt lat="12.9123150" lon="77.5840440">
    <ele>927.0</ele>
    <time>2026-04-22T14:44:48Z</time>
   </trkpt>
   <trkpt lat="12.9123120" lon="77.5840360">
    <ele>927.0</ele>
    <time>2026-04-22T14:44:49Z</time>
   </trkpt>
   <trkpt lat="12.9123070" lon="77.5840250">
    <ele>927.0</ele>
    <time>2026-04-22T14:44:50Z</time>
   </trkpt>
   <trkpt lat="12.9123060" lon="77.5840150">
    <ele>927.0</ele>
    <time>2026-04-22T14:44:51Z</time>
   </trkpt>
   <trkpt lat="12.9123080" lon="77.5840010">
    <ele>927.1</ele>
    <time>2026-04-22T14:44:52Z</time>
   </trkpt>
   <trkpt lat="12.9123030" lon="77.5839870">
    <ele>927.1</ele>
    <time>2026-04-22T14:44:53Z</time>
   </trkpt>
   <trkpt lat="12.9123030" lon="77.5839710">
    <ele>927.1</ele>
    <time>2026-04-22T14:44:54Z</time>
   </trkpt>
   <trkpt lat="12.9123010" lon="77.5839570">
    <ele>927.2</ele>
    <time>2026-04-22T14:44:55Z</time>
   </trkpt>
   <trkpt lat="12.9123000" lon="77.5839460">
    <ele>927.2</ele>
    <time>2026-04-22T14:44:56Z</time>
   </trkpt>
   <trkpt lat="12.9123040" lon="77.5839340">
    <ele>927.2</ele>
    <time>2026-04-22T14:44:57Z</time>
   </trkpt>
   <trkpt lat="12.9122980" lon="77.5839210">
    <ele>927.2</ele>
    <time>2026-04-22T14:44:58Z</time>
   </trkpt>
   <trkpt lat="12.9122910" lon="77.5839070">
    <ele>927.3</ele>
    <time>2026-04-22T14:44:59Z</time>
   </trkpt>
   <trkpt lat="12.9122880" lon="77.5838940">
    <ele>927.3</ele>
    <time>2026-04-22T14:45:00Z</time>
   </trkpt>
   <trkpt lat="12.9122880" lon="77.5838850">
    <ele>927.3</ele>
    <time>2026-04-22T14:45:01Z</time>
   </trkpt>
   <trkpt lat="12.9122870" lon="77.5838720">
    <ele>927.4</ele>
    <time>2026-04-22T14:45:02Z</time>
   </trkpt>
   <trkpt lat="12.9122860" lon="77.5838610">
    <ele>927.4</ele>
    <time>2026-04-22T14:45:03Z</time>
   </trkpt>
   <trkpt lat="12.9122890" lon="77.5838540">
    <ele>927.4</ele>
    <time>2026-04-22T14:45:04Z</time>
   </trkpt>
   <trkpt lat="12.9122880" lon="77.5838420">
    <ele>927.4</ele>
    <time>2026-04-22T14:45:05Z</time>
   </trkpt>
   <trkpt lat="12.9122920" lon="77.5838340">
    <ele>927.4</ele>
    <time>2026-04-22T14:45:06Z</time>
   </trkpt>
   <trkpt lat="12.9122920" lon="77.5838200">
    <ele>927.5</ele>
    <time>2026-04-22T14:45:07Z</time>
   </trkpt>
   <trkpt lat="12.9122920" lon="77.5838060">
    <ele>927.5</ele>
    <time>2026-04-22T14:45:08Z</time>
   </trkpt>
   <trkpt lat="12.9122980" lon="77.5837930">
    <ele>927.5</ele>
    <time>2026-04-22T14:45:09Z</time>
   </trkpt>
   <trkpt lat="12.9123060" lon="77.5837790">
    <ele>927.6</ele>
    <time>2026-04-22T14:45:10Z</time>
   </trkpt>
   <trkpt lat="12.9123040" lon="77.5837690">
    <ele>927.6</ele>
    <time>2026-04-22T14:45:11Z</time>
   </trkpt>
   <trkpt lat="12.9123060" lon="77.5837560">
    <ele>927.6</ele>
    <time>2026-04-22T14:45:12Z</time>
   </trkpt>
   <trkpt lat="12.9123100" lon="77.5837420">
    <ele>927.6</ele>
    <time>2026-04-22T14:45:13Z</time>
   </trkpt>
   <trkpt lat="12.9123090" lon="77.5837300">
    <ele>927.7</ele>
    <time>2026-04-22T14:45:14Z</time>
   </trkpt>
   <trkpt lat="12.9123100" lon="77.5837180">
    <ele>927.7</ele>
    <time>2026-04-22T14:45:15Z</time>
   </trkpt>
   <trkpt lat="12.9123050" lon="77.5837060">
    <ele>927.7</ele>
    <time>2026-04-22T14:45:16Z</time>
   </trkpt>
   <trkpt lat="12.9123020" lon="77.5836910">
    <ele>927.7</ele>
    <time>2026-04-22T14:45:17Z</time>
   </trkpt>
   <trkpt lat="12.9123070" lon="77.5836780">
    <ele>927.8</ele>
    <time>2026-04-22T14:45:18Z</time>
   </trkpt>
   <trkpt lat="12.9123090" lon="77.5836670">
    <ele>927.8</ele>
    <time>2026-04-22T14:45:19Z</time>
   </trkpt>
   <trkpt lat="12.9123000" lon="77.5836590">
    <ele>927.8</ele>
    <time>2026-04-22T14:45:20Z</time>
   </trkpt>
   <trkpt lat="12.9123030" lon="77.5836420">
    <ele>927.9</ele>
    <time>2026-04-22T14:45:21Z</time>
   </trkpt>
   <trkpt lat="12.9122990" lon="77.5836320">
    <ele>927.9</ele>
    <time>2026-04-22T14:45:22Z</time>
   </trkpt>
   <trkpt lat="12.9122980" lon="77.5836210">
    <ele>927.9</ele>
    <time>2026-04-22T14:45:23Z</time>
   </trkpt>
   <trkpt lat="12.9123010" lon="77.5836090">
    <ele>927.9</ele>
    <time>2026-04-22T14:45:24Z</time>
   </trkpt>
   <trkpt lat="12.9123000" lon="77.5835940">
    <ele>928.0</ele>
    <time>2026-04-22T14:45:25Z</time>
   </trkpt>
   <trkpt lat="12.9123010" lon="77.5835770">
    <ele>928.0</ele>
    <time>2026-04-22T14:45:26Z</time>
   </trkpt>
   <trkpt lat="12.9123060" lon="77.5835710">
    <ele>928.0</ele>
    <time>2026-04-22T14:45:27Z</time>
   </trkpt>
   <trkpt lat="12.9123080" lon="77.5835640">
    <ele>928.0</ele>
    <time>2026-04-22T14:45:28Z</time>
   </trkpt>
   <trkpt lat="12.9123120" lon="77.5835450">
    <ele>928.0</ele>
    <time>2026-04-22T14:45:29Z</time>
   </trkpt>
   <trkpt lat="12.9123050" lon="77.5835260">
    <ele>928.1</ele>
    <time>2026-04-22T14:45:30Z</time>
   </trkpt>
   <trkpt lat="12.9123020" lon="77.5835170">
    <ele>928.1</ele>
    <time>2026-04-22T14:45:31Z</time>
   </trkpt>
   <trkpt lat="12.9122980" lon="77.5835080">
    <ele>928.1</ele>
    <time>2026-04-22T14:45:32Z</time>
   </trkpt>
   <trkpt lat="12.9122960" lon="77.5834880">
    <ele>928.2</ele>
    <time>2026-04-22T14:45:33Z</time>
   </trkpt>
   <trkpt lat="12.9122930" lon="77.5834800">
    <ele>928.2</ele>
    <time>2026-04-22T14:45:34Z</time>
   </trkpt>
   <trkpt lat="12.9122890" lon="77.5834710">
    <ele>928.2</ele>
    <time>2026-04-22T14:45:35Z</time>
   </trkpt>
   <trkpt lat="12.9122850" lon="77.5834590">
    <ele>928.2</ele>
    <time>2026-04-22T14:45:36Z</time>
   </trkpt>
   <trkpt lat="12.9122860" lon="77.5834460">
    <ele>928.2</ele>
    <time>2026-04-22T14:45:37Z</time>
   </trkpt>
   <trkpt lat="12.9122890" lon="77.5834350">
    <ele>928.3</ele>
    <time>2026-04-22T14:45:38Z</time>
   </trkpt>
   <trkpt lat="12.9122930" lon="77.5834140">
    <ele>928.3</ele>
    <time>2026-04-22T14:45:39Z</time>
   </trkpt>
   <trkpt lat="12.9122920" lon="77.5834040">
    <ele>928.3</ele>
    <time>2026-04-22T14:45:40Z</time>
   </trkpt>
   <trkpt lat="12.9122910" lon="77.5833950">
    <ele>928.3</ele>
    <time>2026-04-22T14:45:41Z</time>
   </trkpt>
   <trkpt lat="12.9122860" lon="77.5833830">
    <ele>928.3</ele>
    <time>2026-04-22T14:45:42Z</time>
   </trkpt>
   <trkpt lat="12.9122810" lon="77.5833750">
    <ele>928.3</ele>
    <time>2026-04-22T14:45:43Z</time>
   </trkpt>
   <trkpt lat="12.9122760" lon="77.5833630">
    <ele>928.4</ele>
    <time>2026-04-22T14:45:44Z</time>
   </trkpt>
   <trkpt lat="12.9122700" lon="77.5833500">
    <ele>928.4</ele>
    <time>2026-04-22T14:45:45Z</time>
   </trkpt>
   <trkpt lat="12.9122710" lon="77.5833360">
    <ele>928.4</ele>
    <time>2026-04-22T14:45:46Z</time>
   </trkpt>
   <trkpt lat="12.9122760" lon="77.5833240">
    <ele>928.4</ele>
    <time>2026-04-22T14:45:47Z</time>
   </trkpt>
   <trkpt lat="12.9122800" lon="77.5833090">
    <ele>928.5</ele>
    <time>2026-04-22T14:45:48Z</time>
   </trkpt>
   <trkpt lat="12.9122850" lon="77.5832950">
    <ele>928.5</ele>
    <time>2026-04-22T14:45:49Z</time>
   </trkpt>
   <trkpt lat="12.9122890" lon="77.5832810">
    <ele>928.5</ele>
    <time>2026-04-22T14:45:50Z</time>
   </trkpt>
   <trkpt lat="12.9122970" lon="77.5832620">
    <ele>928.5</ele>
    <time>2026-04-22T14:45:51Z</time>
   </trkpt>
   <trkpt lat="12.9122990" lon="77.5832530">
    <ele>928.5</ele>
    <time>2026-04-22T14:45:52Z</time>
   </trkpt>
   <trkpt lat="12.9123000" lon="77.5832440">
    <ele>928.5</ele>
    <time>2026-04-22T14:45:53Z</time>
   </trkpt>
   <trkpt lat="12.9122940" lon="77.5832240">
    <ele>928.6</ele>
    <time>2026-04-22T14:45:54Z</time>
   </trkpt>
   <trkpt lat="12.9122930" lon="77.5832160">
    <ele>928.6</ele>
    <time>2026-04-22T14:45:55Z</time>
   </trkpt>
   <trkpt lat="12.9122910" lon="77.5832070">
    <ele>928.6</ele>
    <time>2026-04-22T14:45:56Z</time>
   </trkpt>
   <trkpt lat="12.9122890" lon="77.5831960">
    <ele>928.6</ele>
    <time>2026-04-22T14:45:57Z</time>
   </trkpt>
   <trkpt lat="12.9122880" lon="77.5831860">
    <ele>928.6</ele>
    <time>2026-04-22T14:45:58Z</time>
   </trkpt>
   <trkpt lat="12.9122880" lon="77.5831780">
    <ele>928.6</ele>
    <time>2026-04-22T14:45:59Z</time>
   </trkpt>
   <trkpt lat="12.9122900" lon="77.5831650">
    <ele>928.6</ele>
    <time>2026-04-22T14:46:00Z</time>
   </trkpt>
   <trkpt lat="12.9122930" lon="77.5831520">
    <ele>928.6</ele>
    <time>2026-04-22T14:46:01Z</time>
   </trkpt>
   <trkpt lat="12.9122980" lon="77.5831420">
    <ele>928.6</ele>
    <time>2026-04-22T14:46:02Z</time>
   </trkpt>
   <trkpt lat="12.9123010" lon="77.5831200">
    <ele>928.7</ele>
    <time>2026-04-22T14:46:03Z</time>
   </trkpt>
   <trkpt lat="12.9123030" lon="77.5831120">
    <ele>928.7</ele>
    <time>2026-04-22T14:46:04Z</time>
   </trkpt>
   <trkpt lat="12.9123040" lon="77.5831030">
    <ele>928.7</ele>
    <time>2026-04-22T14:46:05Z</time>
   </trkpt>
   <trkpt lat="12.9123060" lon="77.5830830">
    <ele>928.7</ele>
    <time>2026-04-22T14:46:06Z</time>
   </trkpt>
   <trkpt lat="12.9123060" lon="77.5830730">
    <ele>928.7</ele>
    <time>2026-04-22T14:46:07Z</time>
   </trkpt>
   <trkpt lat="12.9123070" lon="77.5830640">
    <ele>928.7</ele>
    <time>2026-04-22T14:46:08Z</time>
   </trkpt>
   <trkpt lat="12.9123060" lon="77.5830520">
    <ele>928.7</ele>
    <time>2026-04-22T14:46:09Z</time>
   </trkpt>
   <trkpt lat="12.9123040" lon="77.5830350">
    <ele>928.7</ele>
    <time>2026-04-22T14:46:10Z</time>
   </trkpt>
   <trkpt lat="12.9123030" lon="77.5830220">
    <ele>928.7</ele>
    <time>2026-04-22T14:46:11Z</time>
   </trkpt>
   <trkpt lat="12.9123030" lon="77.5830130">
    <ele>928.7</ele>
    <time>2026-04-22T14:46:12Z</time>
   </trkpt>
   <trkpt lat="12.9123050" lon="77.5830020">
    <ele>928.8</ele>
    <time>2026-04-22T14:46:13Z</time>
   </trkpt>
   <trkpt lat="12.9123090" lon="77.5829830">
    <ele>928.8</ele>
    <time>2026-04-22T14:46:14Z</time>
   </trkpt>
   <trkpt lat="12.9123060" lon="77.5829730">
    <ele>928.8</ele>
    <time>2026-04-22T14:46:15Z</time>
   </trkpt>
   <trkpt lat="12.9123040" lon="77.5829640">
    <ele>928.8</ele>
    <time>2026-04-22T14:46:16Z</time>
   </trkpt>
   <trkpt lat="12.9123070" lon="77.5829560">
    <ele>928.8</ele>
    <time>2026-04-22T14:46:17Z</time>
   </trkpt>
   <trkpt lat="12.9123040" lon="77.5829420">
    <ele>928.8</ele>
    <time>2026-04-22T14:46:18Z</time>
   </trkpt>
   <trkpt lat="12.9123030" lon="77.5829380">
    <ele>928.8</ele>
    <time>2026-04-22T14:46:19Z</time>
   </trkpt>
   <trkpt lat="12.9123030" lon="77.5829300">
    <ele>928.8</ele>
    <time>2026-04-22T14:46:20Z</time>
   </trkpt>
   <trkpt lat="12.9123030" lon="77.5829150">
    <ele>928.8</ele>
    <time>2026-04-22T14:46:21Z</time>
   </trkpt>
   <trkpt lat="12.9122990" lon="77.5829000">
    <ele>928.8</ele>
    <time>2026-04-22T14:46:22Z</time>
   </trkpt>
   <trkpt lat="12.9122930" lon="77.5828880">
    <ele>928.8</ele>
    <time>2026-04-22T14:46:23Z</time>
   </trkpt>
   <trkpt lat="12.9122970" lon="77.5828760">
    <ele>928.9</ele>
    <time>2026-04-22T14:46:24Z</time>
   </trkpt>
   <trkpt lat="12.9122980" lon="77.5828660">
    <ele>928.9</ele>
    <time>2026-04-22T14:46:25Z</time>
   </trkpt>
   <trkpt lat="12.9123010" lon="77.5828550">
    <ele>928.9</ele>
    <time>2026-04-22T14:46:26Z</time>
   </trkpt>
   <trkpt lat="12.9123080" lon="77.5828420">
    <ele>928.9</ele>
    <time>2026-04-22T14:46:27Z</time>
   </trkpt>
   <trkpt lat="12.9123100" lon="77.5828360">
    <ele>928.9</ele>
    <time>2026-04-22T14:46:28Z</time>
   </trkpt>
   <trkpt lat="12.9123130" lon="77.5828250">
    <ele>928.9</ele>
    <time>2026-04-22T14:46:29Z</time>
   </trkpt>
   <trkpt lat="12.9123150" lon="77.5828120">
    <ele>928.9</ele>
    <time>2026-04-22T14:46:30Z</time>
   </trkpt>
   <trkpt lat="12.9123170" lon="77.5828020">
    <ele>928.9</ele>
    <time>2026-04-22T14:46:31Z</time>
   </trkpt>
   <trkpt lat="12.9123210" lon="77.5827870">
    <ele>929.0</ele>
    <time>2026-04-22T14:46:32Z</time>
   </trkpt>
   <trkpt lat="12.9123220" lon="77.5827760">
    <ele>929.0</ele>
    <time>2026-04-22T14:46:33Z</time>
   </trkpt>
   <trkpt lat="12.9123260" lon="77.5827680">
    <ele>929.0</ele>
    <time>2026-04-22T14:46:34Z</time>
   </trkpt>
   <trkpt lat="12.9123420" lon="77.5827560">
    <ele>929.0</ele>
    <time>2026-04-22T14:46:35Z</time>
   </trkpt>
   <trkpt lat="12.9123530" lon="77.5827540">
    <ele>929.0</ele>
    <time>2026-04-22T14:46:36Z</time>
   </trkpt>
   <trkpt lat="12.9123680" lon="77.5827440">
    <ele>929.0</ele>
    <time>2026-04-22T14:46:37Z</time>
   </trkpt>
   <trkpt lat="12.9123800" lon="77.5827380">
    <ele>929.0</ele>
    <time>2026-04-22T14:46:38Z</time>
   </trkpt>
   <trkpt lat="12.9123920" lon="77.5827260">
    <ele>929.0</ele>
    <time>2026-04-22T14:46:39Z</time>
   </trkpt>
   <trkpt lat="12.9123970" lon="77.5827200">
    <ele>929.0</ele>
    <time>2026-04-22T14:46:40Z</time>
   </trkpt>
   <trkpt lat="12.9124010" lon="77.5827140">
    <ele>929.0</ele>
    <time>2026-04-22T14:46:41Z</time>
   </trkpt>
   <trkpt lat="12.9124050" lon="77.5827050">
    <ele>929.1</ele>
    <time>2026-04-22T14:46:42Z</time>
   </trkpt>
   <trkpt lat="12.9124030" lon="77.5826990">
    <ele>929.1</ele>
    <time>2026-04-22T14:46:43Z</time>
   </trkpt>
   <trkpt lat="12.9124050" lon="77.5826870">
    <ele>929.1</ele>
    <time>2026-04-22T14:46:44Z</time>
   </trkpt>
   <trkpt lat="12.9124040" lon="77.5826750">
    <ele>929.1</ele>
    <time>2026-04-22T14:46:45Z</time>
   </trkpt>
   <trkpt lat="12.9124060" lon="77.5826610">
    <ele>929.1</ele>
    <time>2026-04-22T14:46:46Z</time>
   </trkpt>
   <trkpt lat="12.9124100" lon="77.5826510">
    <ele>929.1</ele>
    <time>2026-04-22T14:46:47Z</time>
   </trkpt>
   <trkpt lat="12.9124200" lon="77.5826330">
    <ele>929.1</ele>
    <time>2026-04-22T14:46:48Z</time>
   </trkpt>
   <trkpt lat="12.9124250" lon="77.5826230">
    <ele>929.1</ele>
    <time>2026-04-22T14:46:49Z</time>
   </trkpt>
   <trkpt lat="12.9124280" lon="77.5826030">
    <ele>929.1</ele>
    <time>2026-04-22T14:46:50Z</time>
   </trkpt>
   <trkpt lat="12.9124300" lon="77.5825950">
    <ele>929.1</ele>
    <time>2026-04-22T14:46:51Z</time>
   </trkpt>
   <trkpt lat="12.9124310" lon="77.5825860">
    <ele>929.1</ele>
    <time>2026-04-22T14:46:52Z</time>
   </trkpt>
   <trkpt lat="12.9124380" lon="77.5825770">
    <ele>929.1</ele>
    <time>2026-04-22T14:46:53Z</time>
   </trkpt>
   <trkpt lat="12.9124360" lon="77.5825630">
    <ele>929.1</ele>
    <time>2026-04-22T14:46:54Z</time>
   </trkpt>
   <trkpt lat="12.9124300" lon="77.5825510">
    <ele>929.1</ele>
    <time>2026-04-22T14:46:55Z</time>
   </trkpt>
   <trkpt lat="12.9124220" lon="77.5825360">
    <ele>929.1</ele>
    <time>2026-04-22T14:46:56Z</time>
   </trkpt>
   <trkpt lat="12.9124100" lon="77.5825210">
    <ele>929.1</ele>
    <time>2026-04-22T14:46:57Z</time>
   </trkpt>
   <trkpt lat="12.9124060" lon="77.5825160">
    <ele>929.1</ele>
    <time>2026-04-22T14:46:58Z</time>
   </trkpt>
   <trkpt lat="12.9124020" lon="77.5824930">
    <ele>929.1</ele>
    <time>2026-04-22T14:46:59Z</time>
   </trkpt>
   <trkpt lat="12.9124050" lon="77.5824720">
    <ele>929.1</ele>
    <time>2026-04-22T14:47:00Z</time>
   </trkpt>
   <trkpt lat="12.9124070" lon="77.5824640">
    <ele>929.1</ele>
    <time>2026-04-22T14:47:01Z</time>
   </trkpt>
   <trkpt lat="12.9124080" lon="77.5824560">
    <ele>929.1</ele>
    <time>2026-04-22T14:47:02Z</time>
   </trkpt>
   <trkpt lat="12.9124040" lon="77.5824420">
    <ele>929.1</ele>
    <time>2026-04-22T14:47:03Z</time>
   </trkpt>
   <trkpt lat="12.9124010" lon="77.5824290">
    <ele>929.1</ele>
    <time>2026-04-22T14:47:04Z</time>
   </trkpt>
   <trkpt lat="12.9124030" lon="77.5824190">
    <ele>929.1</ele>
    <time>2026-04-22T14:47:05Z</time>
   </trkpt>
   <trkpt lat="12.9124020" lon="77.5824060">
    <ele>929.1</ele>
    <time>2026-04-22T14:47:06Z</time>
   </trkpt>
   <trkpt lat="12.9124090" lon="77.5823960">
    <ele>929.1</ele>
    <time>2026-04-22T14:47:07Z</time>
   </trkpt>
   <trkpt lat="12.9124140" lon="77.5823810">
    <ele>929.1</ele>
    <time>2026-04-22T14:47:08Z</time>
   </trkpt>
   <trkpt lat="12.9124200" lon="77.5823780">
    <ele>929.1</ele>
    <time>2026-04-22T14:47:09Z</time>
   </trkpt>
   <trkpt lat="12.9124210" lon="77.5823650">
    <ele>929.1</ele>
    <time>2026-04-22T14:47:10Z</time>
   </trkpt>
   <trkpt lat="12.9124280" lon="77.5823500">
    <ele>929.1</ele>
    <time>2026-04-22T14:47:12Z</time>
   </trkpt>
   <trkpt lat="12.9124300" lon="77.5823370">
    <ele>929.1</ele>
    <time>2026-04-22T14:47:13Z</time>
   </trkpt>
   <trkpt lat="12.9124320" lon="77.5823160">
    <ele>929.1</ele>
    <time>2026-04-22T14:47:14Z</time>
   </trkpt>
   <trkpt lat="12.9124320" lon="77.5823060">
    <ele>929.1</ele>
    <time>2026-04-22T14:47:15Z</time>
   </trkpt>
   <trkpt lat="12.9124320" lon="77.5822970">
    <ele>929.1</ele>
    <time>2026-04-22T14:47:16Z</time>
   </trkpt>
   <trkpt lat="12.9124360" lon="77.5822860">
    <ele>929.1</ele>
    <time>2026-04-22T14:47:17Z</time>
   </trkpt>
   <trkpt lat="12.9124430" lon="77.5822660">
    <ele>929.1</ele>
    <time>2026-04-22T14:47:18Z</time>
   </trkpt>
   <trkpt lat="12.9124480" lon="77.5822530">
    <ele>929.1</ele>
    <time>2026-04-22T14:47:19Z</time>
   </trkpt>
   <trkpt lat="12.9124530" lon="77.5822400">
    <ele>929.1</ele>
    <time>2026-04-22T14:47:20Z</time>
   </trkpt>
   <trkpt lat="12.9124600" lon="77.5822300">
    <ele>929.1</ele>
    <time>2026-04-22T14:47:21Z</time>
   </trkpt>
   <trkpt lat="12.9124640" lon="77.5822220">
    <ele>929.1</ele>
    <time>2026-04-22T14:47:22Z</time>
   </trkpt>
   <trkpt lat="12.9124680" lon="77.5822120">
    <ele>929.1</ele>
    <time>2026-04-22T14:47:23Z</time>
   </trkpt>
   <trkpt lat="12.9124720" lon="77.5822080">
    <ele>929.1</ele>
    <time>2026-04-22T14:47:24Z</time>
   </trkpt>
   <trkpt lat="12.9124750" lon="77.5821980">
    <ele>929.1</ele>
    <time>2026-04-22T14:47:25Z</time>
   </trkpt>
   <trkpt lat="12.9124810" lon="77.5821870">
    <ele>929.1</ele>
    <time>2026-04-22T14:47:26Z</time>
   </trkpt>
   <trkpt lat="12.9124800" lon="77.5821740">
    <ele>929.1</ele>
    <time>2026-04-22T14:47:27Z</time>
   </trkpt>
   <trkpt lat="12.9124830" lon="77.5821530">
    <ele>929.1</ele>
    <time>2026-04-22T14:47:28Z</time>
   </trkpt>
   <trkpt lat="12.9124890" lon="77.5821330">
    <ele>929.1</ele>
    <time>2026-04-22T14:47:29Z</time>
   </trkpt>
   <trkpt lat="12.9124970" lon="77.5821230">
    <ele>929.1</ele>
    <time>2026-04-22T14:47:30Z</time>
   </trkpt>
   <trkpt lat="12.9125000" lon="77.5821190">
    <ele>929.1</ele>
    <time>2026-04-22T14:47:31Z</time>
   </trkpt>
   <trkpt lat="12.9125050" lon="77.5821140">
    <ele>929.1</ele>
    <time>2026-04-22T14:47:32Z</time>
   </trkpt>
   <trkpt lat="12.9125010" lon="77.5821030">
    <ele>929.1</ele>
    <time>2026-04-22T14:47:33Z</time>
   </trkpt>
   <trkpt lat="12.9124960" lon="77.5820880">
    <ele>929.1</ele>
    <time>2026-04-22T14:47:34Z</time>
   </trkpt>
   <trkpt lat="12.9124930" lon="77.5820510">
    <ele>929.1</ele>
    <time>2026-04-22T14:47:35Z</time>
   </trkpt>
   <trkpt lat="12.9124880" lon="77.5820400">
    <ele>929.1</ele>
    <time>2026-04-22T14:47:36Z</time>
   </trkpt>
   <trkpt lat="12.9124940" lon="77.5820270">
    <ele>929.1</ele>
    <time>2026-04-22T14:47:37Z</time>
   </trkpt>
   <trkpt lat="12.9125010" lon="77.5820240">
    <ele>929.1</ele>
    <time>2026-04-22T14:47:38Z</time>
   </trkpt>
   <trkpt lat="12.9125090" lon="77.5820180">
    <ele>929.1</ele>
    <time>2026-04-22T14:47:39Z</time>
   </trkpt>
   <trkpt lat="12.9125100" lon="77.5820060">
    <ele>929.1</ele>
    <time>2026-04-22T14:47:40Z</time>
   </trkpt>
   <trkpt lat="12.9125130" lon="77.5819990">
    <ele>929.1</ele>
    <time>2026-04-22T14:47:41Z</time>
   </trkpt>
   <trkpt lat="12.9125180" lon="77.5819830">
    <ele>929.1</ele>
    <time>2026-04-22T14:47:42Z</time>
   </trkpt>
   <trkpt lat="12.9125150" lon="77.5819620">
    <ele>929.1</ele>
    <time>2026-04-22T14:47:43Z</time>
   </trkpt>
   <trkpt lat="12.9125160" lon="77.5819500">
    <ele>929.1</ele>
    <time>2026-04-22T14:47:44Z</time>
   </trkpt>
   <trkpt lat="12.9125150" lon="77.5819280">
    <ele>929.1</ele>
    <time>2026-04-22T14:47:45Z</time>
   </trkpt>
   <trkpt lat="12.9125150" lon="77.5819200">
    <ele>929.1</ele>
    <time>2026-04-22T14:47:46Z</time>
   </trkpt>
   <trkpt lat="12.9125140" lon="77.5819110">
    <ele>929.1</ele>
    <time>2026-04-22T14:47:47Z</time>
   </trkpt>
   <trkpt lat="12.9125140" lon="77.5818960">
    <ele>929.1</ele>
    <time>2026-04-22T14:47:48Z</time>
   </trkpt>
   <trkpt lat="12.9125040" lon="77.5818770">
    <ele>929.1</ele>
    <time>2026-04-22T14:47:49Z</time>
   </trkpt>
   <trkpt lat="12.9124900" lon="77.5818450">
    <ele>929.1</ele>
    <time>2026-04-22T14:47:50Z</time>
   </trkpt>
   <trkpt lat="12.9124840" lon="77.5818380">
    <ele>929.1</ele>
    <time>2026-04-22T14:47:51Z</time>
   </trkpt>
   <trkpt lat="12.9124750" lon="77.5818130">
    <ele>929.1</ele>
    <time>2026-04-22T14:47:52Z</time>
   </trkpt>
   <trkpt lat="12.9124690" lon="77.5818010">
    <ele>929.1</ele>
    <time>2026-04-22T14:47:53Z</time>
   </trkpt>
   <trkpt lat="12.9124640" lon="77.5817900">
    <ele>929.1</ele>
    <time>2026-04-22T14:47:54Z</time>
   </trkpt>
   <trkpt lat="12.9124680" lon="77.5817870">
    <ele>929.1</ele>
    <time>2026-04-22T14:47:55Z</time>
   </trkpt>
   <trkpt lat="12.9124640" lon="77.5817710">
    <ele>929.1</ele>
    <time>2026-04-22T14:47:56Z</time>
   </trkpt>
   <trkpt lat="12.9124610" lon="77.5817590">
    <ele>929.1</ele>
    <time>2026-04-22T14:47:57Z</time>
   </trkpt>
   <trkpt lat="12.9124540" lon="77.5817460">
    <ele>929.1</ele>
    <time>2026-04-22T14:47:58Z</time>
   </trkpt>
   <trkpt lat="12.9124620" lon="77.5817360">
    <ele>929.1</ele>
    <time>2026-04-22T14:47:59Z</time>
   </trkpt>
   <trkpt lat="12.9124670" lon="77.5817220">
    <ele>929.1</ele>
    <time>2026-04-22T14:48:00Z</time>
   </trkpt>
   <trkpt lat="12.9124700" lon="77.5817120">
    <ele>929.1</ele>
    <time>2026-04-22T14:48:01Z</time>
   </trkpt>
   <trkpt lat="12.9124720" lon="77.5817100">
    <ele>929.1</ele>
    <time>2026-04-22T14:48:02Z</time>
   </trkpt>
   <trkpt lat="12.9124650" lon="77.5816890">
    <ele>929.1</ele>
    <time>2026-04-22T14:48:03Z</time>
   </trkpt>
   <trkpt lat="12.9124570" lon="77.5816780">
    <ele>929.1</ele>
    <time>2026-04-22T14:48:04Z</time>
   </trkpt>
   <trkpt lat="12.9124500" lon="77.5816640">
    <ele>929.1</ele>
    <time>2026-04-22T14:48:05Z</time>
   </trkpt>
   <trkpt lat="12.9124510" lon="77.5816540">
    <ele>929.1</ele>
    <time>2026-04-22T14:48:06Z</time>
   </trkpt>
   <trkpt lat="12.9124540" lon="77.5816410">
    <ele>929.1</ele>
    <time>2026-04-22T14:48:07Z</time>
   </trkpt>
   <trkpt lat="12.9124630" lon="77.5816300">
    <ele>929.1</ele>
    <time>2026-04-22T14:48:08Z</time>
   </trkpt>
   <trkpt lat="12.9124630" lon="77.5816190">
    <ele>929.1</ele>
    <time>2026-04-22T14:48:09Z</time>
   </trkpt>
   <trkpt lat="12.9124740" lon="77.5816020">
    <ele>929.1</ele>
    <time>2026-04-22T14:48:10Z</time>
   </trkpt>
   <trkpt lat="12.9124730" lon="77.5815830">
    <ele>929.1</ele>
    <time>2026-04-22T14:48:11Z</time>
   </trkpt>
   <trkpt lat="12.9124760" lon="77.5815730">
    <ele>929.1</ele>
    <time>2026-04-22T14:48:12Z</time>
   </trkpt>
   <trkpt lat="12.9124780" lon="77.5815640">
    <ele>929.1</ele>
    <time>2026-04-22T14:48:13Z</time>
   </trkpt>
   <trkpt lat="12.9124810" lon="77.5815530">
    <ele>929.1</ele>
    <time>2026-04-22T14:48:14Z</time>
   </trkpt>
   <trkpt lat="12.9124850" lon="77.5815440">
    <ele>929.1</ele>
    <time>2026-04-22T14:48:15Z</time>
   </trkpt>
   <trkpt lat="12.9124880" lon="77.5815300">
    <ele>929.1</ele>
    <time>2026-04-22T14:48:16Z</time>
   </trkpt>
   <trkpt lat="12.9124860" lon="77.5815170">
    <ele>929.1</ele>
    <time>2026-04-22T14:48:17Z</time>
   </trkpt>
   <trkpt lat="12.9124910" lon="77.5815020">
    <ele>929.1</ele>
    <time>2026-04-22T14:48:18Z</time>
   </trkpt>
   <trkpt lat="12.9124970" lon="77.5814940">
    <ele>929.1</ele>
    <time>2026-04-22T14:48:19Z</time>
   </trkpt>
   <trkpt lat="12.9125000" lon="77.5814810">
    <ele>929.1</ele>
    <time>2026-04-22T14:48:20Z</time>
   </trkpt>
   <trkpt lat="12.9125010" lon="77.5814740">
    <ele>929.0</ele>
    <time>2026-04-22T14:48:21Z</time>
   </trkpt>
   <trkpt lat="12.9125100" lon="77.5814570">
    <ele>929.0</ele>
    <time>2026-04-22T14:48:22Z</time>
   </trkpt>
   <trkpt lat="12.9125150" lon="77.5814490">
    <ele>929.0</ele>
    <time>2026-04-22T14:48:23Z</time>
   </trkpt>
   <trkpt lat="12.9125210" lon="77.5814400">
    <ele>929.0</ele>
    <time>2026-04-22T14:48:24Z</time>
   </trkpt>
   <trkpt lat="12.9125280" lon="77.5814280">
    <ele>929.0</ele>
    <time>2026-04-22T14:48:25Z</time>
   </trkpt>
   <trkpt lat="12.9125360" lon="77.5814160">
    <ele>929.0</ele>
    <time>2026-04-22T14:48:26Z</time>
   </trkpt>
   <trkpt lat="12.9125430" lon="77.5814010">
    <ele>929.0</ele>
    <time>2026-04-22T14:48:27Z</time>
   </trkpt>
   <trkpt lat="12.9125480" lon="77.5813960">
    <ele>929.0</ele>
    <time>2026-04-22T14:48:28Z</time>
   </trkpt>
   <trkpt lat="12.9125520" lon="77.5813900">
    <ele>929.0</ele>
    <time>2026-04-22T14:48:29Z</time>
   </trkpt>
   <trkpt lat="12.9125560" lon="77.5813840">
    <ele>929.0</ele>
    <time>2026-04-22T14:48:30Z</time>
   </trkpt>
   <trkpt lat="12.9125650" lon="77.5813650">
    <ele>929.0</ele>
    <time>2026-04-22T14:48:31Z</time>
   </trkpt>
   <trkpt lat="12.9125670" lon="77.5813570">
    <ele>929.0</ele>
    <time>2026-04-22T14:48:32Z</time>
   </trkpt>
   <trkpt lat="12.9125700" lon="77.5813480">
    <ele>929.0</ele>
    <time>2026-04-22T14:48:33Z</time>
   </trkpt>
   <trkpt lat="12.9125740" lon="77.5813290">
    <ele>929.0</ele>
    <time>2026-04-22T14:48:34Z</time>
   </trkpt>
   <trkpt lat="12.9125780" lon="77.5813150">
    <ele>929.0</ele>
    <time>2026-04-22T14:48:35Z</time>
   </trkpt>
   <trkpt lat="12.9125760" lon="77.5813050">
    <ele>929.0</ele>
    <time>2026-04-22T14:48:36Z</time>
   </trkpt>
   <trkpt lat="12.9125790" lon="77.5812910">
    <ele>929.0</ele>
    <time>2026-04-22T14:48:37Z</time>
   </trkpt>
   <trkpt lat="12.9125770" lon="77.5812790">
    <ele>929.0</ele>
    <time>2026-04-22T14:48:38Z</time>
   </trkpt>
   <trkpt lat="12.9125560" lon="77.5812740">
    <ele>929.0</ele>
    <time>2026-04-22T14:48:39Z</time>
   </trkpt>
   <trkpt lat="12.9125570" lon="77.5812550">
    <ele>929.0</ele>
    <time>2026-04-22T14:48:40Z</time>
   </trkpt>
   <trkpt lat="12.9125600" lon="77.5812440">
    <ele>929.0</ele>
    <time>2026-04-22T14:48:42Z</time>
   </trkpt>
   <trkpt lat="12.9125620" lon="77.5812330">
    <ele>928.9</ele>
    <time>2026-04-22T14:48:43Z</time>
   </trkpt>
   <trkpt lat="12.9125610" lon="77.5812180">
    <ele>928.9</ele>
    <time>2026-04-22T14:48:44Z</time>
   </trkpt>
   <trkpt lat="12.9125610" lon="77.5812040">
    <ele>928.9</ele>
    <time>2026-04-22T14:48:45Z</time>
   </trkpt>
   <trkpt lat="12.9125590" lon="77.5811910">
    <ele>928.9</ele>
    <time>2026-04-22T14:48:46Z</time>
   </trkpt>
   <trkpt lat="12.9125600" lon="77.5811770">
    <ele>928.9</ele>
    <time>2026-04-22T14:48:47Z</time>
   </trkpt>
   <trkpt lat="12.9125640" lon="77.5811740">
    <ele>928.9</ele>
    <time>2026-04-22T14:48:48Z</time>
   </trkpt>
   <trkpt lat="12.9125590" lon="77.5811620">
    <ele>928.9</ele>
    <time>2026-04-22T14:48:49Z</time>
   </trkpt>
   <trkpt lat="12.9125650" lon="77.5811510">
    <ele>928.9</ele>
    <time>2026-04-22T14:48:50Z</time>
   </trkpt>
   <trkpt lat="12.9125710" lon="77.5811320">
    <ele>928.9</ele>
    <time>2026-04-22T14:48:51Z</time>
   </trkpt>
   <trkpt lat="12.9125800" lon="77.5811240">
    <ele>928.9</ele>
    <time>2026-04-22T14:48:52Z</time>
   </trkpt>
   <trkpt lat="12.9125870" lon="77.5811130">
    <ele>928.9</ele>
    <time>2026-04-22T14:48:53Z</time>
   </trkpt>
   <trkpt lat="12.9125860" lon="77.5811000">
    <ele>928.8</ele>
    <time>2026-04-22T14:48:54Z</time>
   </trkpt>
   <trkpt lat="12.9125880" lon="77.5810810">
    <ele>928.8</ele>
    <time>2026-04-22T14:48:55Z</time>
   </trkpt>
   <trkpt lat="12.9125870" lon="77.5810700">
    <ele>928.8</ele>
    <time>2026-04-22T14:48:56Z</time>
   </trkpt>
   <trkpt lat="12.9125870" lon="77.5810600">
    <ele>928.8</ele>
    <time>2026-04-22T14:48:57Z</time>
   </trkpt>
   <trkpt lat="12.9125890" lon="77.5810370">
    <ele>928.8</ele>
    <time>2026-04-22T14:48:58Z</time>
   </trkpt>
   <trkpt lat="12.9125890" lon="77.5810280">
    <ele>928.8</ele>
    <time>2026-04-22T14:48:59Z</time>
   </trkpt>
   <trkpt lat="12.9125900" lon="77.5810180">
    <ele>928.7</ele>
    <time>2026-04-22T14:49:00Z</time>
   </trkpt>
   <trkpt lat="12.9125880" lon="77.5810060">
    <ele>928.7</ele>
    <time>2026-04-22T14:49:01Z</time>
   </trkpt>
   <trkpt lat="12.9125900" lon="77.5809960">
    <ele>928.7</ele>
    <time>2026-04-22T14:49:02Z</time>
   </trkpt>
   <trkpt lat="12.9125920" lon="77.5809890">
    <ele>928.7</ele>
    <time>2026-04-22T14:49:03Z</time>
   </trkpt>
   <trkpt lat="12.9125890" lon="77.5809800">
    <ele>928.7</ele>
    <time>2026-04-22T14:49:04Z</time>
   </trkpt>
   <trkpt lat="12.9125890" lon="77.5809680">
    <ele>928.7</ele>
    <time>2026-04-22T14:49:05Z</time>
   </trkpt>
   <trkpt lat="12.9125950" lon="77.5809520">
    <ele>928.7</ele>
    <time>2026-04-22T14:49:06Z</time>
   </trkpt>
   <trkpt lat="12.9125990" lon="77.5809410">
    <ele>928.7</ele>
    <time>2026-04-22T14:49:07Z</time>
   </trkpt>
   <trkpt lat="12.9125980" lon="77.5809340">
    <ele>928.6</ele>
    <time>2026-04-22T14:49:08Z</time>
   </trkpt>
   <trkpt lat="12.9126020" lon="77.5809200">
    <ele>928.6</ele>
    <time>2026-04-22T14:49:09Z</time>
   </trkpt>
   <trkpt lat="12.9126070" lon="77.5809090">
    <ele>928.6</ele>
    <time>2026-04-22T14:49:10Z</time>
   </trkpt>
   <trkpt lat="12.9126120" lon="77.5808890">
    <ele>928.6</ele>
    <time>2026-04-22T14:49:11Z</time>
   </trkpt>
   <trkpt lat="12.9126170" lon="77.5808780">
    <ele>928.6</ele>
    <time>2026-04-22T14:49:12Z</time>
   </trkpt>
   <trkpt lat="12.9126180" lon="77.5808710">
    <ele>928.6</ele>
    <time>2026-04-22T14:49:13Z</time>
   </trkpt>
   <trkpt lat="12.9126170" lon="77.5808560">
    <ele>928.5</ele>
    <time>2026-04-22T14:49:14Z</time>
   </trkpt>
   <trkpt lat="12.9126200" lon="77.5808450">
    <ele>928.5</ele>
    <time>2026-04-22T14:49:15Z</time>
   </trkpt>
   <trkpt lat="12.9126200" lon="77.5808350">
    <ele>928.5</ele>
    <time>2026-04-22T14:49:16Z</time>
   </trkpt>
   <trkpt lat="12.9126220" lon="77.5808210">
    <ele>928.5</ele>
    <time>2026-04-22T14:49:17Z</time>
   </trkpt>
   <trkpt lat="12.9126210" lon="77.5808100">
    <ele>928.5</ele>
    <time>2026-04-22T14:49:18Z</time>
   </trkpt>
   <trkpt lat="12.9126190" lon="77.5807990">
    <ele>928.5</ele>
    <time>2026-04-22T14:49:19Z</time>
   </trkpt>
   <trkpt lat="12.9126170" lon="77.5807860">
    <ele>928.5</ele>
    <time>2026-04-22T14:49:20Z</time>
   </trkpt>
   <trkpt lat="12.9126170" lon="77.5807650">
    <ele>928.4</ele>
    <time>2026-04-22T14:49:21Z</time>
   </trkpt>
   <trkpt lat="12.9126160" lon="77.5807540">
    <ele>928.4</ele>
    <time>2026-04-22T14:49:22Z</time>
   </trkpt>
   <trkpt lat="12.9126150" lon="77.5807440">
    <ele>928.4</ele>
    <time>2026-04-22T14:49:23Z</time>
   </trkpt>
   <trkpt lat="12.9126170" lon="77.5807340">
    <ele>928.4</ele>
    <time>2026-04-22T14:49:24Z</time>
   </trkpt>
   <trkpt lat="12.9126220" lon="77.5807260">
    <ele>928.4</ele>
    <time>2026-04-22T14:49:25Z</time>
   </trkpt>
   <trkpt lat="12.9126230" lon="77.5807090">
    <ele>928.4</ele>
    <time>2026-04-22T14:49:26Z</time>
   </trkpt>
   <trkpt lat="12.9126300" lon="77.5806980">
    <ele>928.3</ele>
    <time>2026-04-22T14:49:27Z</time>
   </trkpt>
   <trkpt lat="12.9126300" lon="77.5806860">
    <ele>928.3</ele>
    <time>2026-04-22T14:49:28Z</time>
   </trkpt>
   <trkpt lat="12.9126310" lon="77.5806780">
    <ele>928.3</ele>
    <time>2026-04-22T14:49:29Z</time>
   </trkpt>
   <trkpt lat="12.9126410" lon="77.5806580">
    <ele>928.3</ele>
    <time>2026-04-22T14:49:30Z</time>
   </trkpt>
   <trkpt lat="12.9126440" lon="77.5806480">
    <ele>928.3</ele>
    <time>2026-04-22T14:49:31Z</time>
   </trkpt>
   <trkpt lat="12.9126470" lon="77.5806380">
    <ele>928.3</ele>
    <time>2026-04-22T14:49:32Z</time>
   </trkpt>
   <trkpt lat="12.9126530" lon="77.5806170">
    <ele>928.2</ele>
    <time>2026-04-22T14:49:33Z</time>
   </trkpt>
   <trkpt lat="12.9126490" lon="77.5806030">
    <ele>928.2</ele>
    <time>2026-04-22T14:49:34Z</time>
   </trkpt>
   <trkpt lat="12.9126500" lon="77.5805930">
    <ele>928.2</ele>
    <time>2026-04-22T14:49:35Z</time>
   </trkpt>
   <trkpt lat="12.9126520" lon="77.5805840">
    <ele>928.2</ele>
    <time>2026-04-22T14:49:36Z</time>
   </trkpt>
   <trkpt lat="12.9126510" lon="77.5805750">
    <ele>928.1</ele>
    <time>2026-04-22T14:49:37Z</time>
   </trkpt>
   <trkpt lat="12.9126490" lon="77.5805490">
    <ele>928.1</ele>
    <time>2026-04-22T14:49:38Z</time>
   </trkpt>
   <trkpt lat="12.9126470" lon="77.5805400">
    <ele>928.1</ele>
    <time>2026-04-22T14:49:39Z</time>
   </trkpt>
   <trkpt lat="12.9126460" lon="77.5805300">
    <ele>928.1</ele>
    <time>2026-04-22T14:49:40Z</time>
   </trkpt>
   <trkpt lat="12.9126520" lon="77.5805020">
    <ele>928.0</ele>
    <time>2026-04-22T14:49:41Z</time>
   </trkpt>
   <trkpt lat="12.9126560" lon="77.5804960">
    <ele>928.0</ele>
    <time>2026-04-22T14:49:42Z</time>
   </trkpt>
   <trkpt lat="12.9126600" lon="77.5804900">
    <ele>928.0</ele>
    <time>2026-04-22T14:49:43Z</time>
   </trkpt>
   <trkpt lat="12.9126670" lon="77.5804760">
    <ele>928.0</ele>
    <time>2026-04-22T14:49:44Z</time>
   </trkpt>
   <trkpt lat="12.9126730" lon="77.5804650">
    <ele>927.9</ele>
    <time>2026-04-22T14:49:45Z</time>
   </trkpt>
   <trkpt lat="12.9126780" lon="77.5804560">
    <ele>927.9</ele>
    <time>2026-04-22T14:49:46Z</time>
   </trkpt>
   <trkpt lat="12.9126830" lon="77.5804330">
    <ele>927.9</ele>
    <time>2026-04-22T14:49:47Z</time>
   </trkpt>
   <trkpt lat="12.9126830" lon="77.5804190">
    <ele>927.9</ele>
    <time>2026-04-22T14:49:48Z</time>
   </trkpt>
   <trkpt lat="12.9126860" lon="77.5804060">
    <ele>927.9</ele>
    <time>2026-04-22T14:49:49Z</time>
   </trkpt>
   <trkpt lat="12.9126830" lon="77.5804010">
    <ele>927.8</ele>
    <time>2026-04-22T14:49:50Z</time>
   </trkpt>
   <trkpt lat="12.9126800" lon="77.5803940">
    <ele>927.8</ele>
    <time>2026-04-22T14:49:51Z</time>
   </trkpt>
   <trkpt lat="12.9126780" lon="77.5803900">
    <ele>927.8</ele>
    <time>2026-04-22T14:49:52Z</time>
   </trkpt>
   <trkpt lat="12.9126790" lon="77.5803750">
    <ele>927.8</ele>
    <time>2026-04-22T14:49:53Z</time>
   </trkpt>
   <trkpt lat="12.9126790" lon="77.5803560">
    <ele>927.8</ele>
    <time>2026-04-22T14:49:54Z</time>
   </trkpt>
   <trkpt lat="12.9126810" lon="77.5803450">
    <ele>927.7</ele>
    <time>2026-04-22T14:49:55Z</time>
   </trkpt>
   <trkpt lat="12.9126850" lon="77.5803230">
    <ele>927.7</ele>
    <time>2026-04-22T14:49:56Z</time>
   </trkpt>
   <trkpt lat="12.9126870" lon="77.5803150">
    <ele>927.7</ele>
    <time>2026-04-22T14:49:57Z</time>
   </trkpt>
   <trkpt lat="12.9126890" lon="77.5803060">
    <ele>927.7</ele>
    <time>2026-04-22T14:49:58Z</time>
   </trkpt>
   <trkpt lat="12.9126950" lon="77.5802940">
    <ele>927.6</ele>
    <time>2026-04-22T14:49:59Z</time>
   </trkpt>
   <trkpt lat="12.9126920" lon="77.5802830">
    <ele>927.6</ele>
    <time>2026-04-22T14:50:00Z</time>
   </trkpt>
   <trkpt lat="12.9126960" lon="77.5802700">
    <ele>927.6</ele>
    <time>2026-04-22T14:50:01Z</time>
   </trkpt>
   <trkpt lat="12.9126980" lon="77.5802540">
    <ele>927.5</ele>
    <time>2026-04-22T14:50:02Z</time>
   </trkpt>
   <trkpt lat="12.9126980" lon="77.5802390">
    <ele>927.5</ele>
    <time>2026-04-22T14:50:03Z</time>
   </trkpt>
   <trkpt lat="12.9127000" lon="77.5802250">
    <ele>927.5</ele>
    <time>2026-04-22T14:50:04Z</time>
   </trkpt>
   <trkpt lat="12.9127000" lon="77.5802120">
    <ele>927.4</ele>
    <time>2026-04-22T14:50:05Z</time>
   </trkpt>
   <trkpt lat="12.9127000" lon="77.5802030">
    <ele>927.4</ele>
    <time>2026-04-22T14:50:06Z</time>
   </trkpt>
   <trkpt lat="12.9127000" lon="77.5801790">
    <ele>927.3</ele>
    <time>2026-04-22T14:50:07Z</time>
   </trkpt>
   <trkpt lat="12.9127000" lon="77.5801690">
    <ele>927.3</ele>
    <time>2026-04-22T14:50:08Z</time>
   </trkpt>
   <trkpt lat="12.9126990" lon="77.5801600">
    <ele>927.3</ele>
    <time>2026-04-22T14:50:09Z</time>
   </trkpt>
   <trkpt lat="12.9127060" lon="77.5801390">
    <ele>927.3</ele>
    <time>2026-04-22T14:50:10Z</time>
   </trkpt>
   <trkpt lat="12.9126970" lon="77.5801380">
    <ele>927.2</ele>
    <time>2026-04-22T14:50:11Z</time>
   </trkpt>
   <trkpt lat="12.9126940" lon="77.5801290">
    <ele>927.2</ele>
    <time>2026-04-22T14:50:12Z</time>
   </trkpt>
   <trkpt lat="12.9126920" lon="77.5801240">
    <ele>927.2</ele>
    <time>2026-04-22T14:50:13Z</time>
   </trkpt>
   <trkpt lat="12.9126880" lon="77.5801090">
    <ele>927.2</ele>
    <time>2026-04-22T14:50:14Z</time>
   </trkpt>
   <trkpt lat="12.9126870" lon="77.5801000">
    <ele>927.1</ele>
    <time>2026-04-22T14:50:15Z</time>
   </trkpt>
   <trkpt lat="12.9126870" lon="77.5800880">
    <ele>927.1</ele>
    <time>2026-04-22T14:50:16Z</time>
   </trkpt>
   <trkpt lat="12.9126920" lon="77.5800800">
    <ele>927.1</ele>
    <time>2026-04-22T14:50:17Z</time>
   </trkpt>
   <trkpt lat="12.9126980" lon="77.5800640">
    <ele>927.1</ele>
    <time>2026-04-22T14:50:18Z</time>
   </trkpt>
   <trkpt lat="12.9127010" lon="77.5800410">
    <ele>927.0</ele>
    <time>2026-04-22T14:50:19Z</time>
   </trkpt>
   <trkpt lat="12.9127030" lon="77.5800330">
    <ele>927.0</ele>
    <time>2026-04-22T14:50:20Z</time>
   </trkpt>
   <trkpt lat="12.9127060" lon="77.5800260">
    <ele>927.0</ele>
    <time>2026-04-22T14:50:21Z</time>
   </trkpt>
   <trkpt lat="12.9127050" lon="77.5800100">
    <ele>926.9</ele>
    <time>2026-04-22T14:50:22Z</time>
   </trkpt>
   <trkpt lat="12.9127050" lon="77.5799980">
    <ele>926.9</ele>
    <time>2026-04-22T14:50:23Z</time>
   </trkpt>
   <trkpt lat="12.9127030" lon="77.5799900">
    <ele>926.9</ele>
    <time>2026-04-22T14:50:24Z</time>
   </trkpt>
   <trkpt lat="12.9127040" lon="77.5799810">
    <ele>926.9</ele>
    <time>2026-04-22T14:50:25Z</time>
   </trkpt>
   <trkpt lat="12.9127030" lon="77.5799640">
    <ele>926.8</ele>
    <time>2026-04-22T14:50:26Z</time>
   </trkpt>
   <trkpt lat="12.9127060" lon="77.5799500">
    <ele>926.8</ele>
    <time>2026-04-22T14:50:27Z</time>
   </trkpt>
   <trkpt lat="12.9127050" lon="77.5799350">
    <ele>926.8</ele>
    <time>2026-04-22T14:50:28Z</time>
   </trkpt>
   <trkpt lat="12.9127030" lon="77.5799150">
    <ele>926.7</ele>
    <time>2026-04-22T14:50:29Z</time>
   </trkpt>
   <trkpt lat="12.9127050" lon="77.5799050">
    <ele>926.7</ele>
    <time>2026-04-22T14:50:30Z</time>
   </trkpt>
   <trkpt lat="12.9127070" lon="77.5798960">
    <ele>926.7</ele>
    <time>2026-04-22T14:50:31Z</time>
   </trkpt>
   <trkpt lat="12.9127100" lon="77.5798750">
    <ele>926.6</ele>
    <time>2026-04-22T14:50:32Z</time>
   </trkpt>
   <trkpt lat="12.9127110" lon="77.5798650">
    <ele>926.6</ele>
    <time>2026-04-22T14:50:33Z</time>
   </trkpt>
   <trkpt lat="12.9127110" lon="77.5798560">
    <ele>926.6</ele>
    <time>2026-04-22T14:50:34Z</time>
   </trkpt>
   <trkpt lat="12.9127120" lon="77.5798320">
    <ele>926.5</ele>
    <time>2026-04-22T14:50:35Z</time>
   </trkpt>
   <trkpt lat="12.9127120" lon="77.5798230">
    <ele>926.5</ele>
    <time>2026-04-22T14:50:36Z</time>
   </trkpt>
   <trkpt lat="12.9127130" lon="77.5798150">
    <ele>926.5</ele>
    <time>2026-04-22T14:50:37Z</time>
   </trkpt>
   <trkpt lat="12.9127180" lon="77.5797960">
    <ele>926.4</ele>
    <time>2026-04-22T14:50:38Z</time>
   </trkpt>
   <trkpt lat="12.9127210" lon="77.5797870">
    <ele>926.4</ele>
    <time>2026-04-22T14:50:39Z</time>
   </trkpt>
   <trkpt lat="12.9127240" lon="77.5797780">
    <ele>926.3</ele>
    <time>2026-04-22T14:50:40Z</time>
   </trkpt>
   <trkpt lat="12.9127220" lon="77.5797660">
    <ele>926.3</ele>
    <time>2026-04-22T14:50:41Z</time>
   </trkpt>
   <trkpt lat="12.9127180" lon="77.5797480">
    <ele>926.2</ele>
    <time>2026-04-22T14:50:42Z</time>
   </trkpt>
   <trkpt lat="12.9127160" lon="77.5797480">
    <ele>926.2</ele>
    <time>2026-04-22T14:50:43Z</time>
   </trkpt>
   <trkpt lat="12.9127150" lon="77.5797330">
    <ele>926.2</ele>
    <time>2026-04-22T14:50:44Z</time>
   </trkpt>
   <trkpt lat="12.9127170" lon="77.5797170">
    <ele>926.1</ele>
    <time>2026-04-22T14:50:45Z</time>
   </trkpt>
   <trkpt lat="12.9127220" lon="77.5796940">
    <ele>926.1</ele>
    <time>2026-04-22T14:50:46Z</time>
   </trkpt>
   <trkpt lat="12.9127230" lon="77.5796870">
    <ele>926.1</ele>
    <time>2026-04-22T14:50:47Z</time>
   </trkpt>
   <trkpt lat="12.9127250" lon="77.5796800">
    <ele>926.0</ele>
    <time>2026-04-22T14:50:48Z</time>
   </trkpt>
   <trkpt lat="12.9127310" lon="77.5796580">
    <ele>926.0</ele>
    <time>2026-04-22T14:50:49Z</time>
   </trkpt>
   <trkpt lat="12.9127320" lon="77.5796480">
    <ele>925.9</ele>
    <time>2026-04-22T14:50:50Z</time>
   </trkpt>
   <trkpt lat="12.9127340" lon="77.5796380">
    <ele>925.9</ele>
    <time>2026-04-22T14:50:51Z</time>
   </trkpt>
   <trkpt lat="12.9127290" lon="77.5796180">
    <ele>925.8</ele>
    <time>2026-04-22T14:50:52Z</time>
   </trkpt>
   <trkpt lat="12.9127280" lon="77.5796080">
    <ele>925.8</ele>
    <time>2026-04-22T14:50:53Z</time>
   </trkpt>
   <trkpt lat="12.9127280" lon="77.5795990">
    <ele>925.8</ele>
    <time>2026-04-22T14:50:54Z</time>
   </trkpt>
   <trkpt lat="12.9127310" lon="77.5795860">
    <ele>925.8</ele>
    <time>2026-04-22T14:50:55Z</time>
   </trkpt>
   <trkpt lat="12.9127310" lon="77.5795670">
    <ele>925.7</ele>
    <time>2026-04-22T14:50:56Z</time>
   </trkpt>
   <trkpt lat="12.9127300" lon="77.5795540">
    <ele>925.7</ele>
    <time>2026-04-22T14:50:57Z</time>
   </trkpt>
   <trkpt lat="12.9127270" lon="77.5795440">
    <ele>925.7</ele>
    <time>2026-04-22T14:50:58Z</time>
   </trkpt>
   <trkpt lat="12.9127290" lon="77.5795340">
    <ele>925.6</ele>
    <time>2026-04-22T14:50:59Z</time>
   </trkpt>
   <trkpt lat="12.9127290" lon="77.5795200">
    <ele>925.6</ele>
    <time>2026-04-22T14:51:00Z</time>
   </trkpt>
   <trkpt lat="12.9127340" lon="77.5795060">
    <ele>925.6</ele>
    <time>2026-04-22T14:51:01Z</time>
   </trkpt>
   <trkpt lat="12.9127390" lon="77.5794970">
    <ele>925.5</ele>
    <time>2026-04-22T14:51:02Z</time>
   </trkpt>
   <trkpt lat="12.9127390" lon="77.5794860">
    <ele>925.5</ele>
    <time>2026-04-22T14:51:03Z</time>
   </trkpt>
   <trkpt lat="12.9127380" lon="77.5794770">
    <ele>925.5</ele>
    <time>2026-04-22T14:51:04Z</time>
   </trkpt>
   <trkpt lat="12.9127340" lon="77.5794670">
    <ele>925.4</ele>
    <time>2026-04-22T14:51:05Z</time>
   </trkpt>
   <trkpt lat="12.9127360" lon="77.5794530">
    <ele>925.4</ele>
    <time>2026-04-22T14:51:06Z</time>
   </trkpt>
   <trkpt lat="12.9127340" lon="77.5794400">
    <ele>925.3</ele>
    <time>2026-04-22T14:51:07Z</time>
   </trkpt>
   <trkpt lat="12.9127370" lon="77.5794300">
    <ele>925.3</ele>
    <time>2026-04-22T14:51:08Z</time>
   </trkpt>
   <trkpt lat="12.9127410" lon="77.5794190">
    <ele>925.3</ele>
    <time>2026-04-22T14:51:09Z</time>
   </trkpt>
   <trkpt lat="12.9127430" lon="77.5794080">
    <ele>925.2</ele>
    <time>2026-04-22T14:51:10Z</time>
   </trkpt>
   <trkpt lat="12.9127450" lon="77.5793990">
    <ele>925.2</ele>
    <time>2026-04-22T14:51:11Z</time>
   </trkpt>
   <trkpt lat="12.9127440" lon="77.5793890">
    <ele>925.2</ele>
    <time>2026-04-22T14:51:12Z</time>
   </trkpt>
   <trkpt lat="12.9127460" lon="77.5793740">
    <ele>925.1</ele>
    <time>2026-04-22T14:51:13Z</time>
   </trkpt>
   <trkpt lat="12.9127480" lon="77.5793610">
    <ele>925.1</ele>
    <time>2026-04-22T14:51:14Z</time>
   </trkpt>
   <trkpt lat="12.9127480" lon="77.5793540">
    <ele>925.1</ele>
    <time>2026-04-22T14:51:15Z</time>
   </trkpt>
   <trkpt lat="12.9127510" lon="77.5793450">
    <ele>925.0</ele>
    <time>2026-04-22T14:51:16Z</time>
   </trkpt>
   <trkpt lat="12.9127520" lon="77.5793310">
    <ele>925.0</ele>
    <time>2026-04-22T14:51:17Z</time>
   </trkpt>
   <trkpt lat="12.9127520" lon="77.5793200">
    <ele>925.0</ele>
    <time>2026-04-22T14:51:18Z</time>
   </trkpt>
   <trkpt lat="12.9127540" lon="77.5793080">
    <ele>924.9</ele>
    <time>2026-04-22T14:51:19Z</time>
   </trkpt>
   <trkpt lat="12.9127510" lon="77.5792950">
    <ele>924.9</ele>
    <time>2026-04-22T14:51:20Z</time>
   </trkpt>
   <trkpt lat="12.9127510" lon="77.5792870">
    <ele>924.9</ele>
    <time>2026-04-22T14:51:21Z</time>
   </trkpt>
   <trkpt lat="12.9127540" lon="77.5792740">
    <ele>924.8</ele>
    <time>2026-04-22T14:51:22Z</time>
   </trkpt>
   <trkpt lat="12.9127580" lon="77.5792620">
    <ele>924.8</ele>
    <time>2026-04-22T14:51:23Z</time>
   </trkpt>
   <trkpt lat="12.9127570" lon="77.5792490">
    <ele>924.8</ele>
    <time>2026-04-22T14:51:24Z</time>
   </trkpt>
   <trkpt lat="12.9127540" lon="77.5792430">
    <ele>924.7</ele>
    <time>2026-04-22T14:51:25Z</time>
   </trkpt>
   <trkpt lat="12.9127500" lon="77.5792370">
    <ele>924.7</ele>
    <time>2026-04-22T14:51:26Z</time>
   </trkpt>
   <trkpt lat="12.9127480" lon="77.5792250">
    <ele>924.7</ele>
    <time>2026-04-22T14:51:27Z</time>
   </trkpt>
   <trkpt lat="12.9127480" lon="77.5792090">
    <ele>924.6</ele>
    <time>2026-04-22T14:51:28Z</time>
   </trkpt>
   <trkpt lat="12.9127340" lon="77.5791920">
    <ele>924.6</ele>
    <time>2026-04-22T14:51:29Z</time>
   </trkpt>
   <trkpt lat="12.9127260" lon="77.5791850">
    <ele>924.6</ele>
    <time>2026-04-22T14:51:30Z</time>
   </trkpt>
   <trkpt lat="12.9127190" lon="77.5791770">
    <ele>924.5</ele>
    <time>2026-04-22T14:51:31Z</time>
   </trkpt>
   <trkpt lat="12.9127030" lon="77.5791630">
    <ele>924.5</ele>
    <time>2026-04-22T14:51:32Z</time>
   </trkpt>
   <trkpt lat="12.9126870" lon="77.5791640">
    <ele>924.5</ele>
    <time>2026-04-22T14:51:33Z</time>
   </trkpt>
   <trkpt lat="12.9126770" lon="77.5791670">
    <ele>924.5</ele>
    <time>2026-04-22T14:51:34Z</time>
   </trkpt>
   <trkpt lat="12.9126650" lon="77.5791550">
    <ele>924.4</ele>
    <time>2026-04-22T14:51:35Z</time>
   </trkpt>
   <trkpt lat="12.9126550" lon="77.5791470">
    <ele>924.4</ele>
    <time>2026-04-22T14:51:36Z</time>
   </trkpt>
   <trkpt lat="12.9126480" lon="77.5791400">
    <ele>924.4</ele>
    <time>2026-04-22T14:51:37Z</time>
   </trkpt>
   <trkpt lat="12.9126350" lon="77.5791340">
    <ele>924.4</ele>
    <time>2026-04-22T14:51:38Z</time>
   </trkpt>
   <trkpt lat="12.9126240" lon="77.5791290">
    <ele>924.4</ele>
    <time>2026-04-22T14:51:39Z</time>
   </trkpt>
   <trkpt lat="12.9126140" lon="77.5791280">
    <ele>924.4</ele>
    <time>2026-04-22T14:51:40Z</time>
   </trkpt>
   <trkpt lat="12.9126090" lon="77.5791190">
    <ele>924.3</ele>
    <time>2026-04-22T14:51:41Z</time>
   </trkpt>
   <trkpt lat="12.9126000" lon="77.5791140">
    <ele>924.3</ele>
    <time>2026-04-22T14:51:42Z</time>
   </trkpt>
   <trkpt lat="12.9125860" lon="77.5791060">
    <ele>924.3</ele>
    <time>2026-04-22T14:51:43Z</time>
   </trkpt>
   <trkpt lat="12.9125660" lon="77.5791240">
    <ele>924.3</ele>
    <time>2026-04-22T14:51:44Z</time>
   </trkpt>
   <trkpt lat="12.9125490" lon="77.5791350">
    <ele>924.3</ele>
    <time>2026-04-22T14:51:45Z</time>
   </trkpt>
   <trkpt lat="12.9125320" lon="77.5791230">
    <ele>924.2</ele>
    <time>2026-04-22T14:51:46Z</time>
   </trkpt>
   <trkpt lat="12.9125110" lon="77.5791280">
    <ele>924.2</ele>
    <time>2026-04-22T14:51:47Z</time>
   </trkpt>
   <trkpt lat="12.9125110" lon="77.5791340">
    <ele>924.2</ele>
    <time>2026-04-22T14:51:48Z</time>
   </trkpt>
   <trkpt lat="12.9124980" lon="77.5791350">
    <ele>924.2</ele>
    <time>2026-04-22T14:51:49Z</time>
   </trkpt>
   <trkpt lat="12.9124820" lon="77.5791310">
    <ele>924.2</ele>
    <time>2026-04-22T14:51:50Z</time>
   </trkpt>
   <trkpt lat="12.9124750" lon="77.5791310">
    <ele>924.2</ele>
    <time>2026-04-22T14:51:51Z</time>
   </trkpt>
   <trkpt lat="12.9124670" lon="77.5791310">
    <ele>924.2</ele>
    <time>2026-04-22T14:51:52Z</time>
   </trkpt>
   <trkpt lat="12.9124600" lon="77.5791310">
    <ele>924.2</ele>
    <time>2026-04-22T14:51:53Z</time>
   </trkpt>
   <trkpt lat="12.9124510" lon="77.5791320">
    <ele>924.1</ele>
    <time>2026-04-22T14:51:54Z</time>
   </trkpt>
   <trkpt lat="12.9124430" lon="77.5791260">
    <ele>924.1</ele>
    <time>2026-04-22T14:51:55Z</time>
   </trkpt>
   <trkpt lat="12.9124340" lon="77.5791240">
    <ele>924.1</ele>
    <time>2026-04-22T14:51:56Z</time>
   </trkpt>
   <trkpt lat="12.9124300" lon="77.5791190">
    <ele>924.1</ele>
    <time>2026-04-22T14:51:57Z</time>
   </trkpt>
   <trkpt lat="12.9124210" lon="77.5791060">
    <ele>924.1</ele>
    <time>2026-04-22T14:51:58Z</time>
   </trkpt>
   <trkpt lat="12.9124110" lon="77.5790980">
    <ele>924.1</ele>
    <time>2026-04-22T14:51:59Z</time>
   </trkpt>
   <trkpt lat="12.9123930" lon="77.5790920">
    <ele>924.1</ele>
    <time>2026-04-22T14:52:00Z</time>
   </trkpt>
   <trkpt lat="12.9123810" lon="77.5790900">
    <ele>924.1</ele>
    <time>2026-04-22T14:52:01Z</time>
   </trkpt>
   <trkpt lat="12.9123580" lon="77.5790920">
    <ele>924.0</ele>
    <time>2026-04-22T14:52:02Z</time>
   </trkpt>
   <trkpt lat="12.9123490" lon="77.5790840">
    <ele>924.0</ele>
    <time>2026-04-22T14:52:03Z</time>
   </trkpt>
   <trkpt lat="12.9123260" lon="77.5790780">
    <ele>924.0</ele>
    <time>2026-04-22T14:52:04Z</time>
   </trkpt>
   <trkpt lat="12.9123130" lon="77.5790770">
    <ele>924.0</ele>
    <time>2026-04-22T14:52:05Z</time>
   </trkpt>
   <trkpt lat="12.9122970" lon="77.5790860">
    <ele>924.0</ele>
    <time>2026-04-22T14:52:06Z</time>
   </trkpt>
   <trkpt lat="12.9122880" lon="77.5790900">
    <ele>924.0</ele>
    <time>2026-04-22T14:52:07Z</time>
   </trkpt>
   <trkpt lat="12.9122790" lon="77.5790930">
    <ele>923.9</ele>
    <time>2026-04-22T14:52:08Z</time>
   </trkpt>
   <trkpt lat="12.9122470" lon="77.5790990">
    <ele>923.9</ele>
    <time>2026-04-22T14:52:09Z</time>
   </trkpt>
   <trkpt lat="12.9122420" lon="77.5791020">
    <ele>923.9</ele>
    <time>2026-04-22T14:52:10Z</time>
   </trkpt>
   <trkpt lat="12.9122220" lon="77.5791050">
    <ele>923.9</ele>
    <time>2026-04-22T14:52:11Z</time>
   </trkpt>
   <trkpt lat="12.9122100" lon="77.5790970">
    <ele>923.8</ele>
    <time>2026-04-22T14:52:12Z</time>
   </trkpt>
   <trkpt lat="12.9121970" lon="77.5791010">
    <ele>923.8</ele>
    <time>2026-04-22T14:52:13Z</time>
   </trkpt>
   <trkpt lat="12.9121890" lon="77.5790960">
    <ele>923.8</ele>
    <time>2026-04-22T14:52:14Z</time>
   </trkpt>
   <trkpt lat="12.9121630" lon="77.5790870">
    <ele>923.8</ele>
    <time>2026-04-22T14:52:15Z</time>
   </trkpt>
   <trkpt lat="12.9121570" lon="77.5790860">
    <ele>923.8</ele>
    <time>2026-04-22T14:52:16Z</time>
   </trkpt>
   <trkpt lat="12.9121510" lon="77.5790830">
    <ele>923.7</ele>
    <time>2026-04-22T14:52:17Z</time>
   </trkpt>
   <trkpt lat="12.9121190" lon="77.5790760">
    <ele>923.7</ele>
    <time>2026-04-22T14:52:18Z</time>
   </trkpt>
   <trkpt lat="12.9121110" lon="77.5790760">
    <ele>923.7</ele>
    <time>2026-04-22T14:52:19Z</time>
   </trkpt>
   <trkpt lat="12.9120950" lon="77.5790760">
    <ele>923.7</ele>
    <time>2026-04-22T14:52:20Z</time>
   </trkpt>
   <trkpt lat="12.9120740" lon="77.5790760">
    <ele>923.7</ele>
    <time>2026-04-22T14:52:21Z</time>
   </trkpt>
   <trkpt lat="12.9120710" lon="77.5790690">
    <ele>923.7</ele>
    <time>2026-04-22T14:52:23Z</time>
   </trkpt>
   <trkpt lat="12.9120600" lon="77.5790650">
    <ele>923.7</ele>
    <time>2026-04-22T14:52:24Z</time>
   </trkpt>
   <trkpt lat="12.9120580" lon="77.5790670">
    <ele>923.7</ele>
    <time>2026-04-22T14:52:25Z</time>
   </trkpt>
   <trkpt lat="12.9120440" lon="77.5790640">
    <ele>923.7</ele>
    <time>2026-04-22T14:52:26Z</time>
   </trkpt>
   <trkpt lat="12.9120270" lon="77.5790640">
    <ele>923.7</ele>
    <time>2026-04-22T14:52:27Z</time>
   </trkpt>
   <trkpt lat="12.9120160" lon="77.5790530">
    <ele>923.7</ele>
    <time>2026-04-22T14:52:28Z</time>
   </trkpt>
   <trkpt lat="12.9120040" lon="77.5790480">
    <ele>923.7</ele>
    <time>2026-04-22T14:52:29Z</time>
   </trkpt>
   <trkpt lat="12.9119880" lon="77.5790490">
    <ele>923.7</ele>
    <time>2026-04-22T14:52:30Z</time>
   </trkpt>
   <trkpt lat="12.9119720" lon="77.5790460">
    <ele>923.7</ele>
    <time>2026-04-22T14:52:31Z</time>
   </trkpt>
   <trkpt lat="12.9119550" lon="77.5790440">
    <ele>923.6</ele>
    <time>2026-04-22T14:52:32Z</time>
   </trkpt>
   <trkpt lat="12.9119440" lon="77.5790400">
    <ele>923.6</ele>
    <time>2026-04-22T14:52:33Z</time>
   </trkpt>
   <trkpt lat="12.9119270" lon="77.5790400">
    <ele>923.6</ele>
    <time>2026-04-22T14:52:34Z</time>
   </trkpt>
   <trkpt lat="12.9119090" lon="77.5790400">
    <ele>923.6</ele>
    <time>2026-04-22T14:52:35Z</time>
   </trkpt>
   <trkpt lat="12.9118930" lon="77.5790400">
    <ele>923.6</ele>
    <time>2026-04-22T14:52:36Z</time>
   </trkpt>
   <trkpt lat="12.9118870" lon="77.5790380">
    <ele>923.6</ele>
    <time>2026-04-22T14:52:37Z</time>
   </trkpt>
   <trkpt lat="12.9118770" lon="77.5790280">
    <ele>923.6</ele>
    <time>2026-04-22T14:52:38Z</time>
   </trkpt>
   <trkpt lat="12.9118740" lon="77.5790240">
    <ele>923.6</ele>
    <time>2026-04-22T14:52:39Z</time>
   </trkpt>
   <trkpt lat="12.9118700" lon="77.5790200">
    <ele>923.6</ele>
    <time>2026-04-22T14:52:40Z</time>
   </trkpt>
   <trkpt lat="12.9118620" lon="77.5790130">
    <ele>923.6</ele>
    <time>2026-04-22T14:52:41Z</time>
   </trkpt>
   <trkpt lat="12.9118500" lon="77.5790070">
    <ele>923.6</ele>
    <time>2026-04-22T14:52:42Z</time>
   </trkpt>
   <trkpt lat="12.9118430" lon="77.5790050">
    <ele>923.6</ele>
    <time>2026-04-22T14:52:43Z</time>
   </trkpt>
   <trkpt lat="12.9118260" lon="77.5789910">
    <ele>923.6</ele>
    <time>2026-04-22T14:52:44Z</time>
   </trkpt>
   <trkpt lat="12.9118190" lon="77.5789870">
    <ele>923.5</ele>
    <time>2026-04-22T14:52:45Z</time>
   </trkpt>
   <trkpt lat="12.9118110" lon="77.5789830">
    <ele>923.5</ele>
    <time>2026-04-22T14:52:46Z</time>
   </trkpt>
   <trkpt lat="12.9117920" lon="77.5789760">
    <ele>923.5</ele>
    <time>2026-04-22T14:52:47Z</time>
   </trkpt>
   <trkpt lat="12.9117850" lon="77.5789670">
    <ele>923.5</ele>
    <time>2026-04-22T14:52:48Z</time>
   </trkpt>
   <trkpt lat="12.9117780" lon="77.5789580">
    <ele>923.5</ele>
    <time>2026-04-22T14:52:49Z</time>
   </trkpt>
   <trkpt lat="12.9117650" lon="77.5789650">
    <ele>923.5</ele>
    <time>2026-04-22T14:52:50Z</time>
   </trkpt>
   <trkpt lat="12.9117500" lon="77.5789670">
    <ele>923.5</ele>
    <time>2026-04-22T14:52:51Z</time>
   </trkpt>
   <trkpt lat="12.9117440" lon="77.5789670">
    <ele>923.4</ele>
    <time>2026-04-22T14:52:52Z</time>
   </trkpt>
   <trkpt lat="12.9117370" lon="77.5789710">
    <ele>923.4</ele>
    <time>2026-04-22T14:52:53Z</time>
   </trkpt>
   <trkpt lat="12.9117270" lon="77.5789700">
    <ele>923.4</ele>
    <time>2026-04-22T14:52:54Z</time>
   </trkpt>
   <trkpt lat="12.9117180" lon="77.5789670">
    <ele>923.4</ele>
    <time>2026-04-22T14:52:55Z</time>
   </trkpt>
   <trkpt lat="12.9117080" lon="77.5789650">
    <ele>923.4</ele>
    <time>2026-04-22T14:52:56Z</time>
   </trkpt>
   <trkpt lat="12.9116900" lon="77.5789690">
    <ele>923.3</ele>
    <time>2026-04-22T14:52:57Z</time>
   </trkpt>
   <trkpt lat="12.9116690" lon="77.5789720">
    <ele>923.3</ele>
    <time>2026-04-22T14:52:58Z</time>
   </trkpt>
   <trkpt lat="12.9116610" lon="77.5789750">
    <ele>923.3</ele>
    <time>2026-04-22T14:52:59Z</time>
   </trkpt>
   <trkpt lat="12.9116530" lon="77.5789770">
    <ele>923.3</ele>
    <time>2026-04-22T14:53:00Z</time>
   </trkpt>
   <trkpt lat="12.9116410" lon="77.5789850">
    <ele>923.3</ele>
    <time>2026-04-22T14:53:01Z</time>
   </trkpt>
   <trkpt lat="12.9116270" lon="77.5789930">
    <ele>923.2</ele>
    <time>2026-04-22T14:53:02Z</time>
   </trkpt>
   <trkpt lat="12.9116050" lon="77.5790030">
    <ele>923.2</ele>
    <time>2026-04-22T14:53:03Z</time>
   </trkpt>
   <trkpt lat="12.9115970" lon="77.5790040">
    <ele>923.2</ele>
    <time>2026-04-22T14:53:04Z</time>
   </trkpt>
   <trkpt lat="12.9115900" lon="77.5790060">
    <ele>923.2</ele>
    <time>2026-04-22T14:53:05Z</time>
   </trkpt>
   <trkpt lat="12.9115750" lon="77.5790090">
    <ele>923.1</ele>
    <time>2026-04-22T14:53:06Z</time>
   </trkpt>
   <trkpt lat="12.9115620" lon="77.5790020">
    <ele>923.1</ele>
    <time>2026-04-22T14:53:07Z</time>
   </trkpt>
   <trkpt lat="12.9115430" lon="77.5789950">
    <ele>923.1</ele>
    <time>2026-04-22T14:53:08Z</time>
   </trkpt>
   <trkpt lat="12.9115380" lon="77.5789910">
    <ele>923.1</ele>
    <time>2026-04-22T14:53:09Z</time>
   </trkpt>
   <trkpt lat="12.9115320" lon="77.5789880">
    <ele>923.0</ele>
    <time>2026-04-22T14:53:10Z</time>
   </trkpt>
   <trkpt lat="12.9115260" lon="77.5789850">
    <ele>923.0</ele>
    <time>2026-04-22T14:53:11Z</time>
   </trkpt>
   <trkpt lat="12.9115360" lon="77.5789670">
    <ele>923.0</ele>
    <time>2026-04-22T14:53:12Z</time>
   </trkpt>
   <trkpt lat="12.9115410" lon="77.5789590">
    <ele>922.9</ele>
    <time>2026-04-22T14:53:13Z</time>
   </trkpt>
   <trkpt lat="12.9115450" lon="77.5789500">
    <ele>922.9</ele>
    <time>2026-04-22T14:53:14Z</time>
   </trkpt>
   <trkpt lat="12.9115440" lon="77.5789200">
    <ele>922.8</ele>
    <time>2026-04-22T14:53:15Z</time>
   </trkpt>
   <trkpt lat="12.9115450" lon="77.5789090">
    <ele>922.8</ele>
    <time>2026-04-22T14:53:16Z</time>
   </trkpt>
   <trkpt lat="12.9115430" lon="77.5788900">
    <ele>922.7</ele>
    <time>2026-04-22T14:53:17Z</time>
   </trkpt>
   <trkpt lat="12.9115410" lon="77.5788810">
    <ele>922.7</ele>
    <time>2026-04-22T14:53:18Z</time>
   </trkpt>
   <trkpt lat="12.9115420" lon="77.5788680">
    <ele>922.6</ele>
    <time>2026-04-22T14:53:19Z</time>
   </trkpt>
   <trkpt lat="12.9115390" lon="77.5788560">
    <ele>922.6</ele>
    <time>2026-04-22T14:53:20Z</time>
   </trkpt>
   <trkpt lat="12.9115400" lon="77.5788460">
    <ele>922.6</ele>
    <time>2026-04-22T14:53:21Z</time>
   </trkpt>
   <trkpt lat="12.9115390" lon="77.5788370">
    <ele>922.5</ele>
    <time>2026-04-22T14:53:22Z</time>
   </trkpt>
   <trkpt lat="12.9115350" lon="77.5788230">
    <ele>922.5</ele>
    <time>2026-04-22T14:53:23Z</time>
   </trkpt>
   <trkpt lat="12.9115330" lon="77.5788150">
    <ele>922.4</ele>
    <time>2026-04-22T14:53:24Z</time>
   </trkpt>
   <trkpt lat="12.9115300" lon="77.5788050">
    <ele>922.4</ele>
    <time>2026-04-22T14:53:25Z</time>
   </trkpt>
   <trkpt lat="12.9115290" lon="77.5787930">
    <ele>922.3</ele>
    <time>2026-04-22T14:53:26Z</time>
   </trkpt>
   <trkpt lat="12.9115260" lon="77.5787810">
    <ele>922.3</ele>
    <time>2026-04-22T14:53:27Z</time>
   </trkpt>
   <trkpt lat="12.9115250" lon="77.5787710">
    <ele>922.2</ele>
    <time>2026-04-22T14:53:28Z</time>
   </trkpt>
   <trkpt lat="12.9115270" lon="77.5787600">
    <ele>922.2</ele>
    <time>2026-04-22T14:53:29Z</time>
   </trkpt>
   <trkpt lat="12.9115220" lon="77.5787450">
    <ele>922.1</ele>
    <time>2026-04-22T14:53:30Z</time>
   </trkpt>
   <trkpt lat="12.9115180" lon="77.5787330">
    <ele>922.1</ele>
    <time>2026-04-22T14:53:31Z</time>
   </trkpt>
   <trkpt lat="12.9115090" lon="77.5787200">
    <ele>922.0</ele>
    <time>2026-04-22T14:53:32Z</time>
   </trkpt>
   <trkpt lat="12.9115040" lon="77.5787000">
    <ele>921.9</ele>
    <time>2026-04-22T14:53:33Z</time>
   </trkpt>
   <trkpt lat="12.9115030" lon="77.5786910">
    <ele>921.9</ele>
    <time>2026-04-22T14:53:34Z</time>
   </trkpt>
   <trkpt lat="12.9115020" lon="77.5786830">
    <ele>921.8</ele>
    <time>2026-04-22T14:53:35Z</time>
   </trkpt>
   <trkpt lat="12.9115010" lon="77.5786720">
    <ele>921.7</ele>
    <time>2026-04-22T14:53:36Z</time>
   </trkpt>
   <trkpt lat="12.9114820" lon="77.5786580">
    <ele>921.5</ele>
    <time>2026-04-22T14:53:37Z</time>
   </trkpt>
   <trkpt lat="12.9114700" lon="77.5786510">
    <ele>921.4</ele>
    <time>2026-04-22T14:53:38Z</time>
   </trkpt>
   <trkpt lat="12.9114590" lon="77.5786420">
    <ele>921.2</ele>
    <time>2026-04-22T14:53:39Z</time>
   </trkpt>
   <trkpt lat="12.9114620" lon="77.5786380">
    <ele>921.2</ele>
    <time>2026-04-22T14:53:40Z</time>
   </trkpt>
   <trkpt lat="12.9114630" lon="77.5786210">
    <ele>921.0</ele>
    <time>2026-04-22T14:53:41Z</time>
   </trkpt>
   <trkpt lat="12.9114650" lon="77.5786080">
    <ele>920.9</ele>
    <time>2026-04-22T14:53:42Z</time>
   </trkpt>
   <trkpt lat="12.9114690" lon="77.5785910">
    <ele>920.8</ele>
    <time>2026-04-22T14:53:43Z</time>
   </trkpt>
   <trkpt lat="12.9114730" lon="77.5785770">
    <ele>920.6</ele>
    <time>2026-04-22T14:53:44Z</time>
   </trkpt>
   <trkpt lat="12.9114760" lon="77.5785620">
    <ele>920.5</ele>
    <time>2026-04-22T14:53:45Z</time>
   </trkpt>
   <trkpt lat="12.9114790" lon="77.5785520">
    <ele>920.4</ele>
    <time>2026-04-22T14:53:46Z</time>
   </trkpt>
   <trkpt lat="12.9114810" lon="77.5785460">
    <ele>920.4</ele>
    <time>2026-04-22T14:53:47Z</time>
   </trkpt>
   <trkpt lat="12.9114790" lon="77.5785340">
    <ele>920.2</ele>
    <time>2026-04-22T14:53:48Z</time>
   </trkpt>
   <trkpt lat="12.9114760" lon="77.5785360">
    <ele>920.2</ele>
    <time>2026-04-22T14:53:49Z</time>
   </trkpt>
   <trkpt lat="12.9114700" lon="77.5785320">
    <ele>920.2</ele>
    <time>2026-04-22T14:53:50Z</time>
   </trkpt>
   <trkpt lat="12.9114530" lon="77.5785240">
    <ele>920.2</ele>
    <time>2026-04-22T14:53:51Z</time>
   </trkpt>
   <trkpt lat="12.9114340" lon="77.5785130">
    <ele>920.2</ele>
    <time>2026-04-22T14:53:52Z</time>
   </trkpt>
   <trkpt lat="12.9114250" lon="77.5785080">
    <ele>920.2</ele>
    <time>2026-04-22T14:53:53Z</time>
   </trkpt>
   <trkpt lat="12.9114170" lon="77.5785020">
    <ele>920.1</ele>
    <time>2026-04-22T14:53:54Z</time>
   </trkpt>
   <trkpt lat="12.9114130" lon="77.5785030">
    <ele>920.1</ele>
    <time>2026-04-22T14:53:55Z</time>
   </trkpt>
   <trkpt lat="12.9113990" lon="77.5784960">
    <ele>920.1</ele>
    <time>2026-04-22T14:53:56Z</time>
   </trkpt>
   <trkpt lat="12.9113870" lon="77.5784960">
    <ele>920.1</ele>
    <time>2026-04-22T14:53:57Z</time>
   </trkpt>
   <trkpt lat="12.9113810" lon="77.5784970">
    <ele>920.1</ele>
    <time>2026-04-22T14:53:58Z</time>
   </trkpt>
   <trkpt lat="12.9113680" lon="77.5784980">
    <ele>920.1</ele>
    <time>2026-04-22T14:53:59Z</time>
   </trkpt>
   <trkpt lat="12.9113570" lon="77.5784970">
    <ele>920.1</ele>
    <time>2026-04-22T14:54:00Z</time>
   </trkpt>
   <trkpt lat="12.9113460" lon="77.5784960">
    <ele>920.0</ele>
    <time>2026-04-22T14:54:01Z</time>
   </trkpt>
   <trkpt lat="12.9113360" lon="77.5784920">
    <ele>920.0</ele>
    <time>2026-04-22T14:54:02Z</time>
   </trkpt>
   <trkpt lat="12.9113260" lon="77.5784870">
    <ele>920.0</ele>
    <time>2026-04-22T14:54:03Z</time>
   </trkpt>
   <trkpt lat="12.9113170" lon="77.5784850">
    <ele>920.0</ele>
    <time>2026-04-22T14:54:04Z</time>
   </trkpt>
   <trkpt lat="12.9113070" lon="77.5784820">
    <ele>920.0</ele>
    <time>2026-04-22T14:54:05Z</time>
   </trkpt>
   <trkpt lat="12.9112910" lon="77.5784820">
    <ele>920.0</ele>
    <time>2026-04-22T14:54:06Z</time>
   </trkpt>
   <trkpt lat="12.9112880" lon="77.5784820">
    <ele>920.0</ele>
    <time>2026-04-22T14:54:07Z</time>
   </trkpt>
   <trkpt lat="12.9112590" lon="77.5784810">
    <ele>919.9</ele>
    <time>2026-04-22T14:54:08Z</time>
   </trkpt>
   <trkpt lat="12.9112490" lon="77.5784780">
    <ele>919.9</ele>
    <time>2026-04-22T14:54:09Z</time>
   </trkpt>
   <trkpt lat="12.9112380" lon="77.5784710">
    <ele>919.9</ele>
    <time>2026-04-22T14:54:10Z</time>
   </trkpt>
   <trkpt lat="12.9112290" lon="77.5784690">
    <ele>919.9</ele>
    <time>2026-04-22T14:54:11Z</time>
   </trkpt>
   <trkpt lat="12.9112170" lon="77.5784610">
    <ele>919.9</ele>
    <time>2026-04-22T14:54:12Z</time>
   </trkpt>
   <trkpt lat="12.9112150" lon="77.5784590">
    <ele>919.9</ele>
    <time>2026-04-22T14:54:13Z</time>
   </trkpt>
   <trkpt lat="12.9112030" lon="77.5784550">
    <ele>919.9</ele>
    <time>2026-04-22T14:54:14Z</time>
   </trkpt>
   <trkpt lat="12.9111840" lon="77.5784470">
    <ele>919.9</ele>
    <time>2026-04-22T14:54:15Z</time>
   </trkpt>
   <trkpt lat="12.9111770" lon="77.5784420">
    <ele>919.9</ele>
    <time>2026-04-22T14:54:16Z</time>
   </trkpt>
   <trkpt lat="12.9111700" lon="77.5784370">
    <ele>919.9</ele>
    <time>2026-04-22T14:54:17Z</time>
   </trkpt>
   <trkpt lat="12.9111540" lon="77.5784360">
    <ele>919.8</ele>
    <time>2026-04-22T14:54:18Z</time>
   </trkpt>
   <trkpt lat="12.9111460" lon="77.5784350">
    <ele>919.8</ele>
    <time>2026-04-22T14:54:19Z</time>
   </trkpt>
   <trkpt lat="12.9111370" lon="77.5784330">
    <ele>919.8</ele>
    <time>2026-04-22T14:54:20Z</time>
   </trkpt>
   <trkpt lat="12.9111280" lon="77.5784320">
    <ele>919.8</ele>
    <time>2026-04-22T14:54:21Z</time>
   </trkpt>
   <trkpt lat="12.9111110" lon="77.5784300">
    <ele>919.8</ele>
    <time>2026-04-22T14:54:22Z</time>
   </trkpt>
   <trkpt lat="12.9110990" lon="77.5784370">
    <ele>919.8</ele>
    <time>2026-04-22T14:54:23Z</time>
   </trkpt>
   <trkpt lat="12.9110790" lon="77.5784500">
    <ele>919.8</ele>
    <time>2026-04-22T14:54:24Z</time>
   </trkpt>
   <trkpt lat="12.9110700" lon="77.5784490">
    <ele>919.8</ele>
    <time>2026-04-22T14:54:25Z</time>
   </trkpt>
   <trkpt lat="12.9110620" lon="77.5784480">
    <ele>919.8</ele>
    <time>2026-04-22T14:54:26Z</time>
   </trkpt>
   <trkpt lat="12.9110590" lon="77.5784480">
    <ele>919.8</ele>
    <time>2026-04-22T14:54:27Z</time>
   </trkpt>
   <trkpt lat="12.9110470" lon="77.5784510">
    <ele>919.8</ele>
    <time>2026-04-22T14:54:28Z</time>
   </trkpt>
   <trkpt lat="12.9110330" lon="77.5784560">
    <ele>919.7</ele>
    <time>2026-04-22T14:54:29Z</time>
   </trkpt>
   <trkpt lat="12.9110140" lon="77.5784550">
    <ele>919.7</ele>
    <time>2026-04-22T14:54:30Z</time>
   </trkpt>
   <trkpt lat="12.9110030" lon="77.5784530">
    <ele>919.7</ele>
    <time>2026-04-22T14:54:31Z</time>
   </trkpt>
   <trkpt lat="12.9109930" lon="77.5784510">
    <ele>919.7</ele>
    <time>2026-04-22T14:54:32Z</time>
   </trkpt>
   <trkpt lat="12.9109740" lon="77.5784390">
    <ele>919.7</ele>
    <time>2026-04-22T14:54:33Z</time>
   </trkpt>
   <trkpt lat="12.9109670" lon="77.5784340">
    <ele>919.7</ele>
    <time>2026-04-22T14:54:34Z</time>
   </trkpt>
   <trkpt lat="12.9109590" lon="77.5784300">
    <ele>919.6</ele>
    <time>2026-04-22T14:54:35Z</time>
   </trkpt>
   <trkpt lat="12.9109520" lon="77.5784270">
    <ele>919.6</ele>
    <time>2026-04-22T14:54:36Z</time>
   </trkpt>
   <trkpt lat="12.9109370" lon="77.5784200">
    <ele>919.6</ele>
    <time>2026-04-22T14:54:37Z</time>
   </trkpt>
   <trkpt lat="12.9109260" lon="77.5784140">
    <ele>919.6</ele>
    <time>2026-04-22T14:54:38Z</time>
   </trkpt>
   <trkpt lat="12.9109040" lon="77.5784060">
    <ele>919.5</ele>
    <time>2026-04-22T14:54:39Z</time>
   </trkpt>
   <trkpt lat="12.9108980" lon="77.5784050">
    <ele>919.5</ele>
    <time>2026-04-22T14:54:40Z</time>
   </trkpt>
   <trkpt lat="12.9108910" lon="77.5784030">
    <ele>919.5</ele>
    <time>2026-04-22T14:54:41Z</time>
   </trkpt>
   <trkpt lat="12.9108680" lon="77.5783990">
    <ele>919.5</ele>
    <time>2026-04-22T14:54:42Z</time>
   </trkpt>
   <trkpt lat="12.9108610" lon="77.5783970">
    <ele>919.5</ele>
    <time>2026-04-22T14:54:43Z</time>
   </trkpt>
   <trkpt lat="12.9108550" lon="77.5783950">
    <ele>919.5</ele>
    <time>2026-04-22T14:54:44Z</time>
   </trkpt>
   <trkpt lat="12.9108440" lon="77.5783910">
    <ele>919.4</ele>
    <time>2026-04-22T14:54:45Z</time>
   </trkpt>
   <trkpt lat="12.9108350" lon="77.5783920">
    <ele>919.4</ele>
    <time>2026-04-22T14:54:47Z</time>
   </trkpt>
   <trkpt lat="12.9108280" lon="77.5783930">
    <ele>919.4</ele>
    <time>2026-04-22T14:54:48Z</time>
   </trkpt>
   <trkpt lat="12.9108280" lon="77.5783940">
    <ele>919.4</ele>
    <time>2026-04-22T14:54:49Z</time>
   </trkpt>
   <trkpt lat="12.9108240" lon="77.5783940">
    <ele>919.4</ele>
    <time>2026-04-22T14:54:50Z</time>
   </trkpt>
   <trkpt lat="12.9107930" lon="77.5784010">
    <ele>919.4</ele>
    <time>2026-04-22T14:54:51Z</time>
   </trkpt>
   <trkpt lat="12.9107840" lon="77.5784030">
    <ele>919.3</ele>
    <time>2026-04-22T14:54:52Z</time>
   </trkpt>
   <trkpt lat="12.9107610" lon="77.5783880">
    <ele>919.3</ele>
    <time>2026-04-22T14:54:53Z</time>
   </trkpt>
   <trkpt lat="12.9107490" lon="77.5783840">
    <ele>919.3</ele>
    <time>2026-04-22T14:54:54Z</time>
   </trkpt>
   <trkpt lat="12.9107360" lon="77.5783800">
    <ele>919.3</ele>
    <time>2026-04-22T14:54:55Z</time>
   </trkpt>
   <trkpt lat="12.9107230" lon="77.5783790">
    <ele>919.2</ele>
    <time>2026-04-22T14:54:56Z</time>
   </trkpt>
   <trkpt lat="12.9107230" lon="77.5783770">
    <ele>919.2</ele>
    <time>2026-04-22T14:54:57Z</time>
   </trkpt>
   <trkpt lat="12.9107000" lon="77.5783820">
    <ele>919.2</ele>
    <time>2026-04-22T14:54:58Z</time>
   </trkpt>
   <trkpt lat="12.9106700" lon="77.5783700">
    <ele>919.1</ele>
    <time>2026-04-22T14:54:59Z</time>
   </trkpt>
   <trkpt lat="12.9106610" lon="77.5783620">
    <ele>919.1</ele>
    <time>2026-04-22T14:55:00Z</time>
   </trkpt>
   <trkpt lat="12.9106490" lon="77.5783550">
    <ele>919.1</ele>
    <time>2026-04-22T14:55:01Z</time>
   </trkpt>
   <trkpt lat="12.9106400" lon="77.5783540">
    <ele>919.1</ele>
    <time>2026-04-22T14:55:02Z</time>
   </trkpt>
   <trkpt lat="12.9106230" lon="77.5783430">
    <ele>919.0</ele>
    <time>2026-04-22T14:55:03Z</time>
   </trkpt>
   <trkpt lat="12.9106130" lon="77.5783430">
    <ele>919.0</ele>
    <time>2026-04-22T14:55:04Z</time>
   </trkpt>
   <trkpt lat="12.9106040" lon="77.5783430">
    <ele>919.0</ele>
    <time>2026-04-22T14:55:05Z</time>
   </trkpt>
   <trkpt lat="12.9105880" lon="77.5783340">
    <ele>919.0</ele>
    <time>2026-04-22T14:55:06Z</time>
   </trkpt>
   <trkpt lat="12.9105810" lon="77.5783380">
    <ele>919.0</ele>
    <time>2026-04-22T14:55:07Z</time>
   </trkpt>
   <trkpt lat="12.9105760" lon="77.5783350">
    <ele>919.0</ele>
    <time>2026-04-22T14:55:08Z</time>
   </trkpt>
   <trkpt lat="12.9105740" lon="77.5783260">
    <ele>919.0</ele>
    <time>2026-04-22T14:55:09Z</time>
   </trkpt>
   <trkpt lat="12.9105670" lon="77.5783230">
    <ele>918.9</ele>
    <time>2026-04-22T14:55:10Z</time>
   </trkpt>
   <trkpt lat="12.9105580" lon="77.5783180">
    <ele>918.9</ele>
    <time>2026-04-22T14:55:11Z</time>
   </trkpt>
   <trkpt lat="12.9105480" lon="77.5783170">
    <ele>918.9</ele>
    <time>2026-04-22T14:55:12Z</time>
   </trkpt>
   <trkpt lat="12.9105380" lon="77.5783120">
    <ele>918.9</ele>
    <time>2026-04-22T14:55:13Z</time>
   </trkpt>
   <trkpt lat="12.9105260" lon="77.5783090">
    <ele>918.9</ele>
    <time>2026-04-22T14:55:14Z</time>
   </trkpt>
   <trkpt lat="12.9105130" lon="77.5783060">
    <ele>918.9</ele>
    <time>2026-04-22T14:55:15Z</time>
   </trkpt>
   <trkpt lat="12.9105020" lon="77.5783020">
    <ele>918.8</ele>
    <time>2026-04-22T14:55:16Z</time>
   </trkpt>
   <trkpt lat="12.9104860" lon="77.5783010">
    <ele>918.8</ele>
    <time>2026-04-22T14:55:17Z</time>
   </trkpt>
   <trkpt lat="12.9104630" lon="77.5782950">
    <ele>918.8</ele>
    <time>2026-04-22T14:55:18Z</time>
   </trkpt>
   <trkpt lat="12.9104570" lon="77.5782970">
    <ele>918.8</ele>
    <time>2026-04-22T14:55:19Z</time>
   </trkpt>
   <trkpt lat="12.9104470" lon="77.5782960">
    <ele>918.8</ele>
    <time>2026-04-22T14:55:20Z</time>
   </trkpt>
   <trkpt lat="12.9104410" lon="77.5782920">
    <ele>918.7</ele>
    <time>2026-04-22T14:55:21Z</time>
   </trkpt>
   <trkpt lat="12.9104270" lon="77.5782890">
    <ele>918.7</ele>
    <time>2026-04-22T14:55:22Z</time>
   </trkpt>
   <trkpt lat="12.9104120" lon="77.5782770">
    <ele>918.7</ele>
    <time>2026-04-22T14:55:23Z</time>
   </trkpt>
   <trkpt lat="12.9104040" lon="77.5782730">
    <ele>918.7</ele>
    <time>2026-04-22T14:55:24Z</time>
   </trkpt>
   <trkpt lat="12.9103960" lon="77.5782700">
    <ele>918.7</ele>
    <time>2026-04-22T14:55:25Z</time>
   </trkpt>
   <trkpt lat="12.9103840" lon="77.5782590">
    <ele>918.6</ele>
    <time>2026-04-22T14:55:26Z</time>
   </trkpt>
   <trkpt lat="12.9103720" lon="77.5782520">
    <ele>918.6</ele>
    <time>2026-04-22T14:55:27Z</time>
   </trkpt>
   <trkpt lat="12.9103580" lon="77.5782490">
    <ele>918.6</ele>
    <time>2026-04-22T14:55:28Z</time>
   </trkpt>
   <trkpt lat="12.9103560" lon="77.5782450">
    <ele>918.6</ele>
    <time>2026-04-22T14:55:29Z</time>
   </trkpt>
   <trkpt lat="12.9103460" lon="77.5782380">
    <ele>918.6</ele>
    <time>2026-04-22T14:55:30Z</time>
   </trkpt>
   <trkpt lat="12.9103310" lon="77.5782350">
    <ele>918.5</ele>
    <time>2026-04-22T14:55:31Z</time>
   </trkpt>
   <trkpt lat="12.9103170" lon="77.5782300">
    <ele>918.5</ele>
    <time>2026-04-22T14:55:32Z</time>
   </trkpt>
   <trkpt lat="12.9102960" lon="77.5782230">
    <ele>918.5</ele>
    <time>2026-04-22T14:55:33Z</time>
   </trkpt>
   <trkpt lat="12.9102880" lon="77.5782200">
    <ele>918.4</ele>
    <time>2026-04-22T14:55:34Z</time>
   </trkpt>
   <trkpt lat="12.9102800" lon="77.5782180">
    <ele>918.4</ele>
    <time>2026-04-22T14:55:35Z</time>
   </trkpt>
   <trkpt lat="12.9102640" lon="77.5782130">
    <ele>918.4</ele>
    <time>2026-04-22T14:55:36Z</time>
   </trkpt>
   <trkpt lat="12.9102470" lon="77.5782110">
    <ele>918.4</ele>
    <time>2026-04-22T14:55:37Z</time>
   </trkpt>
   <trkpt lat="12.9102330" lon="77.5782100">
    <ele>918.3</ele>
    <time>2026-04-22T14:55:38Z</time>
   </trkpt>
   <trkpt lat="12.9102180" lon="77.5782020">
    <ele>918.3</ele>
    <time>2026-04-22T14:55:39Z</time>
   </trkpt>
   <trkpt lat="12.9101970" lon="77.5782070">
    <ele>918.3</ele>
    <time>2026-04-22T14:55:40Z</time>
   </trkpt>
   <trkpt lat="12.9101900" lon="77.5782120">
    <ele>918.3</ele>
    <time>2026-04-22T14:55:41Z</time>
   </trkpt>
   <trkpt lat="12.9101820" lon="77.5782160">
    <ele>918.2</ele>
    <time>2026-04-22T14:55:42Z</time>
   </trkpt>
   <trkpt lat="12.9101580" lon="77.5782210">
    <ele>918.2</ele>
    <time>2026-04-22T14:55:43Z</time>
   </trkpt>
   <trkpt lat="12.9101510" lon="77.5782220">
    <ele>918.2</ele>
    <time>2026-04-22T14:55:44Z</time>
   </trkpt>
   <trkpt lat="12.9101430" lon="77.5782230">
    <ele>918.2</ele>
    <time>2026-04-22T14:55:45Z</time>
   </trkpt>
   <trkpt lat="12.9101300" lon="77.5782240">
    <ele>918.1</ele>
    <time>2026-04-22T14:55:46Z</time>
   </trkpt>
   <trkpt lat="12.9101190" lon="77.5782250">
    <ele>918.1</ele>
    <time>2026-04-22T14:55:47Z</time>
   </trkpt>
   <trkpt lat="12.9101080" lon="77.5782190">
    <ele>918.1</ele>
    <time>2026-04-22T14:55:48Z</time>
   </trkpt>
   <trkpt lat="12.9100990" lon="77.5782190">
    <ele>918.1</ele>
    <time>2026-04-22T14:55:49Z</time>
   </trkpt>
   <trkpt lat="12.9100870" lon="77.5782130">
    <ele>918.1</ele>
    <time>2026-04-22T14:55:50Z</time>
   </trkpt>
   <trkpt lat="12.9100790" lon="77.5782110">
    <ele>918.0</ele>
    <time>2026-04-22T14:55:51Z</time>
   </trkpt>
   <trkpt lat="12.9100570" lon="77.5782050">
    <ele>918.0</ele>
    <time>2026-04-22T14:55:52Z</time>
   </trkpt>
   <trkpt lat="12.9100490" lon="77.5782030">
    <ele>918.0</ele>
    <time>2026-04-22T14:55:53Z</time>
   </trkpt>
   <trkpt lat="12.9100410" lon="77.5782010">
    <ele>918.0</ele>
    <time>2026-04-22T14:55:54Z</time>
   </trkpt>
   <trkpt lat="12.9100280" lon="77.5781910">
    <ele>917.9</ele>
    <time>2026-04-22T14:55:55Z</time>
   </trkpt>
   <trkpt lat="12.9100210" lon="77.5781780">
    <ele>917.9</ele>
    <time>2026-04-22T14:55:56Z</time>
   </trkpt>
   <trkpt lat="12.9100090" lon="77.5781670">
    <ele>917.9</ele>
    <time>2026-04-22T14:55:57Z</time>
   </trkpt>
   <trkpt lat="12.9099950" lon="77.5781560">
    <ele>917.9</ele>
    <time>2026-04-22T14:55:58Z</time>
   </trkpt>
   <trkpt lat="12.9099790" lon="77.5781440">
    <ele>917.8</ele>
    <time>2026-04-22T14:55:59Z</time>
   </trkpt>
   <trkpt lat="12.9099700" lon="77.5781370">
    <ele>917.8</ele>
    <time>2026-04-22T14:56:00Z</time>
   </trkpt>
   <trkpt lat="12.9099610" lon="77.5781310">
    <ele>917.8</ele>
    <time>2026-04-22T14:56:01Z</time>
   </trkpt>
   <trkpt lat="12.9099680" lon="77.5781250">
    <ele>917.8</ele>
    <time>2026-04-22T14:56:02Z</time>
   </trkpt>
   <trkpt lat="12.9099610" lon="77.5781160">
    <ele>917.7</ele>
    <time>2026-04-22T14:56:03Z</time>
   </trkpt>
   <trkpt lat="12.9099440" lon="77.5781080">
    <ele>917.7</ele>
    <time>2026-04-22T14:56:04Z</time>
   </trkpt>
   <trkpt lat="12.9099320" lon="77.5781000">
    <ele>917.7</ele>
    <time>2026-04-22T14:56:05Z</time>
   </trkpt>
   <trkpt lat="12.9099110" lon="77.5780940">
    <ele>917.6</ele>
    <time>2026-04-22T14:56:06Z</time>
   </trkpt>
   <trkpt lat="12.9098890" lon="77.5780870">
    <ele>917.6</ele>
    <time>2026-04-22T14:56:07Z</time>
   </trkpt>
   <trkpt lat="12.9098800" lon="77.5780880">
    <ele>917.6</ele>
    <time>2026-04-22T14:56:08Z</time>
   </trkpt>
   <trkpt lat="12.9098710" lon="77.5780880">
    <ele>917.5</ele>
    <time>2026-04-22T14:56:09Z</time>
   </trkpt>
   <trkpt lat="12.9098460" lon="77.5780850">
    <ele>917.5</ele>
    <time>2026-04-22T14:56:10Z</time>
   </trkpt>
   <trkpt lat="12.9098360" lon="77.5780880">
    <ele>917.5</ele>
    <time>2026-04-22T14:56:11Z</time>
   </trkpt>
   <trkpt lat="12.9098250" lon="77.5780900">
    <ele>917.4</ele>
    <time>2026-04-22T14:56:12Z</time>
   </trkpt>
   <trkpt lat="12.9098020" lon="77.5780740">
    <ele>917.4</ele>
    <time>2026-04-22T14:56:13Z</time>
   </trkpt>
   <trkpt lat="12.9097910" lon="77.5780600">
    <ele>917.4</ele>
    <time>2026-04-22T14:56:14Z</time>
   </trkpt>
   <trkpt lat="12.9097790" lon="77.5780450">
    <ele>917.3</ele>
    <time>2026-04-22T14:56:15Z</time>
   </trkpt>
   <trkpt lat="12.9097750" lon="77.5780560">
    <ele>917.3</ele>
    <time>2026-04-22T14:56:16Z</time>
   </trkpt>
   <trkpt lat="12.9097690" lon="77.5780440">
    <ele>917.3</ele>
    <time>2026-04-22T14:56:17Z</time>
   </trkpt>
   <trkpt lat="12.9097580" lon="77.5780360">
    <ele>917.2</ele>
    <time>2026-04-22T14:56:18Z</time>
   </trkpt>
   <trkpt lat="12.9097570" lon="77.5780300">
    <ele>917.2</ele>
    <time>2026-04-22T14:56:19Z</time>
   </trkpt>
   <trkpt lat="12.9097520" lon="77.5780320">
    <ele>917.2</ele>
    <time>2026-04-22T14:56:20Z</time>
   </trkpt>
   <trkpt lat="12.9097430" lon="77.5780290">
    <ele>917.2</ele>
    <time>2026-04-22T14:56:21Z</time>
   </trkpt>
   <trkpt lat="12.9097340" lon="77.5780220">
    <ele>917.2</ele>
    <time>2026-04-22T14:56:22Z</time>
   </trkpt>
   <trkpt lat="12.9097230" lon="77.5780200">
    <ele>917.2</ele>
    <time>2026-04-22T14:56:23Z</time>
   </trkpt>
   <trkpt lat="12.9097110" lon="77.5780170">
    <ele>917.1</ele>
    <time>2026-04-22T14:56:24Z</time>
   </trkpt>
   <trkpt lat="12.9096980" lon="77.5780120">
    <ele>917.1</ele>
    <time>2026-04-22T14:56:25Z</time>
   </trkpt>
   <trkpt lat="12.9096880" lon="77.5779960">
    <ele>917.1</ele>
    <time>2026-04-22T14:56:26Z</time>
   </trkpt>
   <trkpt lat="12.9096770" lon="77.5779910">
    <ele>917.0</ele>
    <time>2026-04-22T14:56:27Z</time>
   </trkpt>
   <trkpt lat="12.9096670" lon="77.5779750">
    <ele>917.0</ele>
    <time>2026-04-22T14:56:28Z</time>
   </trkpt>
   <trkpt lat="12.9096590" lon="77.5779760">
    <ele>917.0</ele>
    <time>2026-04-22T14:56:29Z</time>
   </trkpt>
   <trkpt lat="12.9096440" lon="77.5779700">
    <ele>917.0</ele>
    <time>2026-04-22T14:56:30Z</time>
   </trkpt>
   <trkpt lat="12.9096390" lon="77.5779650">
    <ele>916.9</ele>
    <time>2026-04-22T14:56:31Z</time>
   </trkpt>
   <trkpt lat="12.9096310" lon="77.5779680">
    <ele>916.9</ele>
    <time>2026-04-22T14:56:32Z</time>
   </trkpt>
   <trkpt lat="12.9096190" lon="77.5779630">
    <ele>916.9</ele>
    <time>2026-04-22T14:56:33Z</time>
   </trkpt>
   <trkpt lat="12.9096060" lon="77.5779570">
    <ele>916.9</ele>
    <time>2026-04-22T14:56:34Z</time>
   </trkpt>
   <trkpt lat="12.9095930" lon="77.5779520">
    <ele>916.8</ele>
    <time>2026-04-22T14:56:35Z</time>
   </trkpt>
   <trkpt lat="12.9095690" lon="77.5779600">
    <ele>916.8</ele>
    <time>2026-04-22T14:56:36Z</time>
   </trkpt>
   <trkpt lat="12.9095620" lon="77.5779640">
    <ele>916.8</ele>
    <time>2026-04-22T14:56:37Z</time>
   </trkpt>
   <trkpt lat="12.9095550" lon="77.5779670">
    <ele>916.7</ele>
    <time>2026-04-22T14:56:38Z</time>
   </trkpt>
   <trkpt lat="12.9095410" lon="77.5779670">
    <ele>916.7</ele>
    <time>2026-04-22T14:56:39Z</time>
   </trkpt>
   <trkpt lat="12.9095270" lon="77.5779640">
    <ele>916.7</ele>
    <time>2026-04-22T14:56:40Z</time>
   </trkpt>
   <trkpt lat="12.9095090" lon="77.5779580">
    <ele>916.6</ele>
    <time>2026-04-22T14:56:41Z</time>
   </trkpt>
   <trkpt lat="12.9094980" lon="77.5779520">
    <ele>916.6</ele>
    <time>2026-04-22T14:56:42Z</time>
   </trkpt>
   <trkpt lat="12.9094880" lon="77.5779470">
    <ele>916.6</ele>
    <time>2026-04-22T14:56:43Z</time>
   </trkpt>
   <trkpt lat="12.9094800" lon="77.5779420">
    <ele>916.6</ele>
    <time>2026-04-22T14:56:44Z</time>
   </trkpt>
   <trkpt lat="12.9094600" lon="77.5779380">
    <ele>916.5</ele>
    <time>2026-04-22T14:56:45Z</time>
   </trkpt>
   <trkpt lat="12.9094420" lon="77.5779320">
    <ele>916.5</ele>
    <time>2026-04-22T14:56:46Z</time>
   </trkpt>
   <trkpt lat="12.9094370" lon="77.5779220">
    <ele>916.4</ele>
    <time>2026-04-22T14:56:47Z</time>
   </trkpt>
   <trkpt lat="12.9094320" lon="77.5779120">
    <ele>916.4</ele>
    <time>2026-04-22T14:56:48Z</time>
   </trkpt>
   <trkpt lat="12.9094230" lon="77.5779120">
    <ele>916.4</ele>
    <time>2026-04-22T14:56:49Z</time>
   </trkpt>
   <trkpt lat="12.9094080" lon="77.5779190">
    <ele>916.4</ele>
    <time>2026-04-22T14:56:50Z</time>
   </trkpt>
   <trkpt lat="12.9093960" lon="77.5779180">
    <ele>916.3</ele>
    <time>2026-04-22T14:56:51Z</time>
   </trkpt>
   <trkpt lat="12.9093890" lon="77.5779280">
    <ele>916.3</ele>
    <time>2026-04-22T14:56:52Z</time>
   </trkpt>
   <trkpt lat="12.9093810" lon="77.5779340">
    <ele>916.3</ele>
    <time>2026-04-22T14:56:53Z</time>
   </trkpt>
   <trkpt lat="12.9093680" lon="77.5779370">
    <ele>916.2</ele>
    <time>2026-04-22T14:56:54Z</time>
   </trkpt>
   <trkpt lat="12.9093620" lon="77.5779260">
    <ele>916.2</ele>
    <time>2026-04-22T14:56:55Z</time>
   </trkpt>
   <trkpt lat="12.9093560" lon="77.5779240">
    <ele>916.2</ele>
    <time>2026-04-22T14:56:56Z</time>
   </trkpt>
   <trkpt lat="12.9093520" lon="77.5779280">
    <ele>916.2</ele>
    <time>2026-04-22T14:56:57Z</time>
   </trkpt>
   <trkpt lat="12.9093440" lon="77.5779230">
    <ele>916.2</ele>
    <time>2026-04-22T14:56:58Z</time>
   </trkpt>
   <trkpt lat="12.9093340" lon="77.5779150">
    <ele>916.1</ele>
    <time>2026-04-22T14:56:59Z</time>
   </trkpt>
   <trkpt lat="12.9093290" lon="77.5779150">
    <ele>916.1</ele>
    <time>2026-04-22T14:57:00Z</time>
   </trkpt>
   <trkpt lat="12.9093220" lon="77.5779160">
    <ele>916.1</ele>
    <time>2026-04-22T14:57:01Z</time>
   </trkpt>
   <trkpt lat="12.9093220" lon="77.5779140">
    <ele>916.1</ele>
    <time>2026-04-22T14:57:02Z</time>
   </trkpt>
   <trkpt lat="12.9093130" lon="77.5779110">
    <ele>916.1</ele>
    <time>2026-04-22T14:57:03Z</time>
   </trkpt>
   <trkpt lat="12.9093080" lon="77.5779060">
    <ele>916.1</ele>
    <time>2026-04-22T14:57:04Z</time>
   </trkpt>
   <trkpt lat="12.9093000" lon="77.5779050">
    <ele>916.0</ele>
    <time>2026-04-22T14:57:05Z</time>
   </trkpt>
   <trkpt lat="12.9092810" lon="77.5779020">
    <ele>916.0</ele>
    <time>2026-04-22T14:57:06Z</time>
   </trkpt>
   <trkpt lat="12.9092550" lon="77.5778880">
    <ele>915.9</ele>
    <time>2026-04-22T14:57:07Z</time>
   </trkpt>
   <trkpt lat="12.9092430" lon="77.5778820">
    <ele>915.9</ele>
    <time>2026-04-22T14:57:08Z</time>
   </trkpt>
   <trkpt lat="12.9092270" lon="77.5778680">
    <ele>915.8</ele>
    <time>2026-04-22T14:57:09Z</time>
   </trkpt>
   <trkpt lat="12.9092120" lon="77.5778630">
    <ele>915.7</ele>
    <time>2026-04-22T14:57:10Z</time>
   </trkpt>
   <trkpt lat="12.9091990" lon="77.5778680">
    <ele>915.7</ele>
    <time>2026-04-22T14:57:11Z</time>
   </trkpt>
   <trkpt lat="12.9091790" lon="77.5778700">
    <ele>915.7</ele>
    <time>2026-04-22T14:57:12Z</time>
   </trkpt>
   <trkpt lat="12.9091490" lon="77.5778710">
    <ele>915.6</ele>
    <time>2026-04-22T14:57:13Z</time>
   </trkpt>
   <trkpt lat="12.9091400" lon="77.5778710">
    <ele>915.6</ele>
    <time>2026-04-22T14:57:14Z</time>
   </trkpt>
   <trkpt lat="12.9091310" lon="77.5778560">
    <ele>915.5</ele>
    <time>2026-04-22T14:57:15Z</time>
   </trkpt>
   <trkpt lat="12.9091120" lon="77.5778490">
    <ele>915.4</ele>
    <time>2026-04-22T14:57:16Z</time>
   </trkpt>
   <trkpt lat="12.9090950" lon="77.5778480">
    <ele>915.4</ele>
    <time>2026-04-22T14:57:17Z</time>
   </trkpt>
   <trkpt lat="12.9090840" lon="77.5778420">
    <ele>915.4</ele>
    <time>2026-04-22T14:57:18Z</time>
   </trkpt>
   <trkpt lat="12.9090710" lon="77.5778400">
    <ele>915.3</ele>
    <time>2026-04-22T14:57:19Z</time>
   </trkpt>
   <trkpt lat="12.9090640" lon="77.5778330">
    <ele>915.3</ele>
    <time>2026-04-22T14:57:20Z</time>
   </trkpt>
   <trkpt lat="12.9090580" lon="77.5778300">
    <ele>915.3</ele>
    <time>2026-04-22T14:57:21Z</time>
   </trkpt>
   <trkpt lat="12.9090490" lon="77.5778220">
    <ele>915.3</ele>
    <time>2026-04-22T14:57:22Z</time>
   </trkpt>
   <trkpt lat="12.9090320" lon="77.5778050">
    <ele>915.1</ele>
    <time>2026-04-22T14:57:23Z</time>
   </trkpt>
   <trkpt lat="12.9090240" lon="77.5777910">
    <ele>915.1</ele>
    <time>2026-04-22T14:57:24Z</time>
   </trkpt>
   <trkpt lat="12.9090220" lon="77.5777780">
    <ele>915.0</ele>
    <time>2026-04-22T14:57:25Z</time>
   </trkpt>
   <trkpt lat="12.9090180" lon="77.5777630">
    <ele>915.0</ele>
    <time>2026-04-22T14:57:26Z</time>
   </trkpt>
   <trkpt lat="12.9090170" lon="77.5777500">
    <ele>914.9</ele>
    <time>2026-04-22T14:57:27Z</time>
   </trkpt>
   <trkpt lat="12.9090190" lon="77.5777290">
    <ele>914.8</ele>
    <time>2026-04-22T14:57:28Z</time>
   </trkpt>
   <trkpt lat="12.9090190" lon="77.5777210">
    <ele>914.8</ele>
    <time>2026-04-22T14:57:29Z</time>
   </trkpt>
   <trkpt lat="12.9090200" lon="77.5777120">
    <ele>914.8</ele>
    <time>2026-04-22T14:57:30Z</time>
   </trkpt>
   <trkpt lat="12.9090250" lon="77.5777010">
    <ele>914.7</ele>
    <time>2026-04-22T14:57:31Z</time>
   </trkpt>
   <trkpt lat="12.9090300" lon="77.5776910">
    <ele>914.7</ele>
    <time>2026-04-22T14:57:32Z</time>
   </trkpt>
   <trkpt lat="12.9090310" lon="77.5776800">
    <ele>914.7</ele>
    <time>2026-04-22T14:57:33Z</time>
   </trkpt>
   <trkpt lat="12.9090350" lon="77.5776550">
    <ele>914.6</ele>
    <time>2026-04-22T14:57:34Z</time>
   </trkpt>
   <trkpt lat="12.9090380" lon="77.5776470">
    <ele>914.6</ele>
    <time>2026-04-22T14:57:35Z</time>
   </trkpt>
   <trkpt lat="12.9090400" lon="77.5776400">
    <ele>914.6</ele>
    <time>2026-04-22T14:57:36Z</time>
   </trkpt>
   <trkpt lat="12.9090450" lon="77.5776260">
    <ele>914.5</ele>
    <time>2026-04-22T14:57:37Z</time>
   </trkpt>
   <trkpt lat="12.9090550" lon="77.5776120">
    <ele>914.5</ele>
    <time>2026-04-22T14:57:38Z</time>
   </trkpt>
   <trkpt lat="12.9090630" lon="77.5775980">
    <ele>914.4</ele>
    <time>2026-04-22T14:57:39Z</time>
   </trkpt>
   <trkpt lat="12.9090680" lon="77.5775860">
    <ele>914.4</ele>
    <time>2026-04-22T14:57:40Z</time>
   </trkpt>
   <trkpt lat="12.9090740" lon="77.5775710">
    <ele>914.4</ele>
    <time>2026-04-22T14:57:41Z</time>
   </trkpt>
   <trkpt lat="12.9090740" lon="77.5775560">
    <ele>914.3</ele>
    <time>2026-04-22T14:57:42Z</time>
   </trkpt>
   <trkpt lat="12.9090770" lon="77.5775390">
    <ele>914.3</ele>
    <time>2026-04-22T14:57:43Z</time>
   </trkpt>
   <trkpt lat="12.9090800" lon="77.5775250">
    <ele>914.3</ele>
    <time>2026-04-22T14:57:44Z</time>
   </trkpt>
   <trkpt lat="12.9090810" lon="77.5775080">
    <ele>914.2</ele>
    <time>2026-04-22T14:57:45Z</time>
   </trkpt>
   <trkpt lat="12.9090830" lon="77.5774910">
    <ele>914.2</ele>
    <time>2026-04-22T14:57:46Z</time>
   </trkpt>
   <trkpt lat="12.9090880" lon="77.5774780">
    <ele>914.2</ele>
    <time>2026-04-22T14:57:47Z</time>
   </trkpt>
   <trkpt lat="12.9090950" lon="77.5774650">
    <ele>914.1</ele>
    <time>2026-04-22T14:57:48Z</time>
   </trkpt>
   <trkpt lat="12.9090990" lon="77.5774520">
    <ele>914.1</ele>
    <time>2026-04-22T14:57:49Z</time>
   </trkpt>
   <trkpt lat="12.9091020" lon="77.5774350">
    <ele>914.1</ele>
    <time>2026-04-22T14:57:50Z</time>
   </trkpt>
   <trkpt lat="12.9090950" lon="77.5774180">
    <ele>914.0</ele>
    <time>2026-04-22T14:57:51Z</time>
   </trkpt>
   <trkpt lat="12.9090960" lon="77.5774040">
    <ele>914.0</ele>
    <time>2026-04-22T14:57:52Z</time>
   </trkpt>
   <trkpt lat="12.9090990" lon="77.5773900">
    <ele>914.0</ele>
    <time>2026-04-22T14:57:53Z</time>
   </trkpt>
   <trkpt lat="12.9090990" lon="77.5773780">
    <ele>913.9</ele>
    <time>2026-04-22T14:57:54Z</time>
   </trkpt>
   <trkpt lat="12.9091010" lon="77.5773660">
    <ele>913.9</ele>
    <time>2026-04-22T14:57:55Z</time>
   </trkpt>
   <trkpt lat="12.9090940" lon="77.5773530">
    <ele>913.9</ele>
    <time>2026-04-22T14:57:56Z</time>
   </trkpt>
   <trkpt lat="12.9090920" lon="77.5773410">
    <ele>913.9</ele>
    <time>2026-04-22T14:57:57Z</time>
   </trkpt>
   <trkpt lat="12.9090890" lon="77.5773330">
    <ele>913.8</ele>
    <time>2026-04-22T14:57:58Z</time>
   </trkpt>
   <trkpt lat="12.9090910" lon="77.5773160">
    <ele>913.8</ele>
    <time>2026-04-22T14:57:59Z</time>
   </trkpt>
   <trkpt lat="12.9090890" lon="77.5773010">
    <ele>913.8</ele>
    <time>2026-04-22T14:58:00Z</time>
   </trkpt>
   <trkpt lat="12.9090930" lon="77.5772850">
    <ele>913.7</ele>
    <time>2026-04-22T14:58:01Z</time>
   </trkpt>
   <trkpt lat="12.9091020" lon="77.5772730">
    <ele>913.7</ele>
    <time>2026-04-22T14:58:02Z</time>
   </trkpt>
   <trkpt lat="12.9091050" lon="77.5772610">
    <ele>913.7</ele>
    <time>2026-04-22T14:58:03Z</time>
   </trkpt>
   <trkpt lat="12.9091060" lon="77.5772490">
    <ele>913.6</ele>
    <time>2026-04-22T14:58:04Z</time>
   </trkpt>
   <trkpt lat="12.9091120" lon="77.5772400">
    <ele>913.6</ele>
    <time>2026-04-22T14:58:05Z</time>
   </trkpt>
   <trkpt lat="12.9091200" lon="77.5772340">
    <ele>913.6</ele>
    <time>2026-04-22T14:58:06Z</time>
   </trkpt>
   <trkpt lat="12.9091230" lon="77.5772240">
    <ele>913.6</ele>
    <time>2026-04-22T14:58:07Z</time>
   </trkpt>
   <trkpt lat="12.9091230" lon="77.5772110">
    <ele>913.5</ele>
    <time>2026-04-22T14:58:08Z</time>
   </trkpt>
   <trkpt lat="12.9091200" lon="77.5771960">
    <ele>913.5</ele>
    <time>2026-04-22T14:58:09Z</time>
   </trkpt>
   <trkpt lat="12.9091180" lon="77.5771790">
    <ele>913.5</ele>
    <time>2026-04-22T14:58:10Z</time>
   </trkpt>
   <trkpt lat="12.9091190" lon="77.5771700">
    <ele>913.4</ele>
    <time>2026-04-22T14:58:11Z</time>
   </trkpt>
   <trkpt lat="12.9091220" lon="77.5771610">
    <ele>913.4</ele>
    <time>2026-04-22T14:58:12Z</time>
   </trkpt>
   <trkpt lat="12.9091220" lon="77.5771490">
    <ele>913.4</ele>
    <time>2026-04-22T14:58:13Z</time>
   </trkpt>
   <trkpt lat="12.9091280" lon="77.5771370">
    <ele>913.4</ele>
    <time>2026-04-22T14:58:14Z</time>
   </trkpt>
   <trkpt lat="12.9091310" lon="77.5771230">
    <ele>913.3</ele>
    <time>2026-04-22T14:58:15Z</time>
   </trkpt>
   <trkpt lat="12.9091360" lon="77.5771120">
    <ele>913.3</ele>
    <time>2026-04-22T14:58:16Z</time>
   </trkpt>
   <trkpt lat="12.9091410" lon="77.5771030">
    <ele>913.3</ele>
    <time>2026-04-22T14:58:17Z</time>
   </trkpt>
   <trkpt lat="12.9091430" lon="77.5770900">
    <ele>913.3</ele>
    <time>2026-04-22T14:58:18Z</time>
   </trkpt>
   <trkpt lat="12.9091460" lon="77.5770750">
    <ele>913.2</ele>
    <time>2026-04-22T14:58:19Z</time>
   </trkpt>
   <trkpt lat="12.9091450" lon="77.5770610">
    <ele>913.2</ele>
    <time>2026-04-22T14:58:20Z</time>
   </trkpt>
   <trkpt lat="12.9091440" lon="77.5770420">
    <ele>913.2</ele>
    <time>2026-04-22T14:58:21Z</time>
   </trkpt>
   <trkpt lat="12.9091450" lon="77.5770320">
    <ele>913.2</ele>
    <time>2026-04-22T14:58:22Z</time>
   </trkpt>
   <trkpt lat="12.9091450" lon="77.5770170">
    <ele>913.2</ele>
    <time>2026-04-22T14:58:23Z</time>
   </trkpt>
   <trkpt lat="12.9091480" lon="77.5770070">
    <ele>913.2</ele>
    <time>2026-04-22T14:58:24Z</time>
   </trkpt>
   <trkpt lat="12.9091490" lon="77.5769950">
    <ele>913.2</ele>
    <time>2026-04-22T14:58:25Z</time>
   </trkpt>
   <trkpt lat="12.9091500" lon="77.5769850">
    <ele>913.1</ele>
    <time>2026-04-22T14:58:26Z</time>
   </trkpt>
   <trkpt lat="12.9091460" lon="77.5769750">
    <ele>913.1</ele>
    <time>2026-04-22T14:58:27Z</time>
   </trkpt>
   <trkpt lat="12.9091350" lon="77.5769640">
    <ele>913.1</ele>
    <time>2026-04-22T14:58:28Z</time>
   </trkpt>
   <trkpt lat="12.9091240" lon="77.5769480">
    <ele>913.1</ele>
    <time>2026-04-22T14:58:29Z</time>
   </trkpt>
   <trkpt lat="12.9091240" lon="77.5769350">
    <ele>913.1</ele>
    <time>2026-04-22T14:58:30Z</time>
   </trkpt>
   <trkpt lat="12.9091250" lon="77.5769200">
    <ele>913.1</ele>
    <time>2026-04-22T14:58:31Z</time>
   </trkpt>
   <trkpt lat="12.9091270" lon="77.5769140">
    <ele>913.0</ele>
    <time>2026-04-22T14:58:32Z</time>
   </trkpt>
   <trkpt lat="12.9091270" lon="77.5769000">
    <ele>913.0</ele>
    <time>2026-04-22T14:58:33Z</time>
   </trkpt>
   <trkpt lat="12.9091260" lon="77.5768810">
    <ele>913.0</ele>
    <time>2026-04-22T14:58:34Z</time>
   </trkpt>
   <trkpt lat="12.9091250" lon="77.5768720">
    <ele>913.0</ele>
    <time>2026-04-22T14:58:35Z</time>
   </trkpt>
   <trkpt lat="12.9091230" lon="77.5768510">
    <ele>913.0</ele>
    <time>2026-04-22T14:58:36Z</time>
   </trkpt>
   <trkpt lat="12.9091240" lon="77.5768420">
    <ele>913.0</ele>
    <time>2026-04-22T14:58:37Z</time>
   </trkpt>
   <trkpt lat="12.9091250" lon="77.5768340">
    <ele>912.9</ele>
    <time>2026-04-22T14:58:38Z</time>
   </trkpt>
   <trkpt lat="12.9091280" lon="77.5768100">
    <ele>912.9</ele>
    <time>2026-04-22T14:58:39Z</time>
   </trkpt>
   <trkpt lat="12.9091300" lon="77.5768020">
    <ele>912.9</ele>
    <time>2026-04-22T14:58:40Z</time>
   </trkpt>
   <trkpt lat="12.9091320" lon="77.5767930">
    <ele>912.9</ele>
    <time>2026-04-22T14:58:41Z</time>
   </trkpt>
   <trkpt lat="12.9091330" lon="77.5767790">
    <ele>912.9</ele>
    <time>2026-04-22T14:58:42Z</time>
   </trkpt>
   <trkpt lat="12.9091380" lon="77.5767710">
    <ele>912.9</ele>
    <time>2026-04-22T14:58:43Z</time>
   </trkpt>
   <trkpt lat="12.9091400" lon="77.5767570">
    <ele>912.9</ele>
    <time>2026-04-22T14:58:44Z</time>
   </trkpt>
   <trkpt lat="12.9091440" lon="77.5767480">
    <ele>912.9</ele>
    <time>2026-04-22T14:58:45Z</time>
   </trkpt>
   <trkpt lat="12.9091490" lon="77.5767370">
    <ele>912.8</ele>
    <time>2026-04-22T14:58:46Z</time>
   </trkpt>
   <trkpt lat="12.9091530" lon="77.5767250">
    <ele>912.8</ele>
    <time>2026-04-22T14:58:47Z</time>
   </trkpt>
   <trkpt lat="12.9091580" lon="77.5767070">
    <ele>912.8</ele>
    <time>2026-04-22T14:58:48Z</time>
   </trkpt>
   <trkpt lat="12.9091620" lon="77.5766950">
    <ele>912.8</ele>
    <time>2026-04-22T14:58:49Z</time>
   </trkpt>
   <trkpt lat="12.9091590" lon="77.5766800">
    <ele>912.8</ele>
    <time>2026-04-22T14:58:50Z</time>
   </trkpt>
   <trkpt lat="12.9091580" lon="77.5766660">
    <ele>912.8</ele>
    <time>2026-04-22T14:58:51Z</time>
   </trkpt>
   <trkpt lat="12.9091620" lon="77.5766570">
    <ele>912.8</ele>
    <time>2026-04-22T14:58:52Z</time>
   </trkpt>
   <trkpt lat="12.9091650" lon="77.5766430">
    <ele>912.8</ele>
    <time>2026-04-22T14:58:53Z</time>
   </trkpt>
   <trkpt lat="12.9091710" lon="77.5766330">
    <ele>912.7</ele>
    <time>2026-04-22T14:58:54Z</time>
   </trkpt>
   <trkpt lat="12.9091780" lon="77.5766210">
    <ele>912.7</ele>
    <time>2026-04-22T14:58:55Z</time>
   </trkpt>
   <trkpt lat="12.9091870" lon="77.5766060">
    <ele>912.7</ele>
    <time>2026-04-22T14:58:56Z</time>
   </trkpt>
   <trkpt lat="12.9091850" lon="77.5766000">
    <ele>912.7</ele>
    <time>2026-04-22T14:58:57Z</time>
   </trkpt>
   <trkpt lat="12.9091820" lon="77.5765860">
    <ele>912.7</ele>
    <time>2026-04-22T14:58:58Z</time>
   </trkpt>
   <trkpt lat="12.9091840" lon="77.5765710">
    <ele>912.7</ele>
    <time>2026-04-22T14:58:59Z</time>
   </trkpt>
   <trkpt lat="12.9091850" lon="77.5765570">
    <ele>912.7</ele>
    <time>2026-04-22T14:59:00Z</time>
   </trkpt>
   <trkpt lat="12.9091850" lon="77.5765390">
    <ele>912.6</ele>
    <time>2026-04-22T14:59:01Z</time>
   </trkpt>
   <trkpt lat="12.9091840" lon="77.5765260">
    <ele>912.6</ele>
    <time>2026-04-22T14:59:02Z</time>
   </trkpt>
   <trkpt lat="12.9091830" lon="77.5765120">
    <ele>912.6</ele>
    <time>2026-04-22T14:59:03Z</time>
   </trkpt>
   <trkpt lat="12.9091880" lon="77.5765050">
    <ele>912.6</ele>
    <time>2026-04-22T14:59:04Z</time>
   </trkpt>
   <trkpt lat="12.9091920" lon="77.5764910">
    <ele>912.6</ele>
    <time>2026-04-22T14:59:05Z</time>
   </trkpt>
   <trkpt lat="12.9091930" lon="77.5764770">
    <ele>912.6</ele>
    <time>2026-04-22T14:59:06Z</time>
   </trkpt>
   <trkpt lat="12.9091950" lon="77.5764640">
    <ele>912.6</ele>
    <time>2026-04-22T14:59:07Z</time>
   </trkpt>
   <trkpt lat="12.9091990" lon="77.5764490">
    <ele>912.6</ele>
    <time>2026-04-22T14:59:08Z</time>
   </trkpt>
   <trkpt lat="12.9092030" lon="77.5764270">
    <ele>912.5</ele>
    <time>2026-04-22T14:59:09Z</time>
   </trkpt>
   <trkpt lat="12.9092010" lon="77.5764170">
    <ele>912.5</ele>
    <time>2026-04-22T14:59:10Z</time>
   </trkpt>
   <trkpt lat="12.9091990" lon="77.5764060">
    <ele>912.5</ele>
    <time>2026-04-22T14:59:11Z</time>
   </trkpt>
   <trkpt lat="12.9091940" lon="77.5763880">
    <ele>912.5</ele>
    <time>2026-04-22T14:59:12Z</time>
   </trkpt>
   <trkpt lat="12.9091910" lon="77.5763790">
    <ele>912.5</ele>
    <time>2026-04-22T14:59:13Z</time>
   </trkpt>
   <trkpt lat="12.9091880" lon="77.5763690">
    <ele>912.4</ele>
    <time>2026-04-22T14:59:14Z</time>
   </trkpt>
   <trkpt lat="12.9091860" lon="77.5763610">
    <ele>912.4</ele>
    <time>2026-04-22T14:59:15Z</time>
   </trkpt>
   <trkpt lat="12.9091920" lon="77.5763540">
    <ele>912.4</ele>
    <time>2026-04-22T14:59:16Z</time>
   </trkpt>
   <trkpt lat="12.9091970" lon="77.5763340">
    <ele>912.4</ele>
    <time>2026-04-22T14:59:17Z</time>
   </trkpt>
   <trkpt lat="12.9091980" lon="77.5763140">
    <ele>912.4</ele>
    <time>2026-04-22T14:59:18Z</time>
   </trkpt>
   <trkpt lat="12.9092010" lon="77.5763050">
    <ele>912.4</ele>
    <time>2026-04-22T14:59:19Z</time>
   </trkpt>
   <trkpt lat="12.9092030" lon="77.5762960">
    <ele>912.3</ele>
    <time>2026-04-22T14:59:20Z</time>
   </trkpt>
   <trkpt lat="12.9092110" lon="77.5762840">
    <ele>912.3</ele>
    <time>2026-04-22T14:59:21Z</time>
   </trkpt>
   <trkpt lat="12.9092190" lon="77.5762690">
    <ele>912.3</ele>
    <time>2026-04-22T14:59:22Z</time>
   </trkpt>
   <trkpt lat="12.9092210" lon="77.5762550">
    <ele>912.3</ele>
    <time>2026-04-22T14:59:23Z</time>
   </trkpt>
   <trkpt lat="12.9092250" lon="77.5762500">
    <ele>912.3</ele>
    <time>2026-04-22T14:59:24Z</time>
   </trkpt>
   <trkpt lat="12.9092270" lon="77.5762350">
    <ele>912.3</ele>
    <time>2026-04-22T14:59:25Z</time>
   </trkpt>
   <trkpt lat="12.9092300" lon="77.5762170">
    <ele>912.2</ele>
    <time>2026-04-22T14:59:26Z</time>
   </trkpt>
   <trkpt lat="12.9092270" lon="77.5762050">
    <ele>912.2</ele>
    <time>2026-04-22T14:59:27Z</time>
   </trkpt>
   <trkpt lat="12.9092330" lon="77.5761870">
    <ele>912.2</ele>
    <time>2026-04-22T14:59:28Z</time>
   </trkpt>
   <trkpt lat="12.9092340" lon="77.5761760">
    <ele>912.2</ele>
    <time>2026-04-22T14:59:29Z</time>
   </trkpt>
   <trkpt lat="12.9092280" lon="77.5761680">
    <ele>912.1</ele>
    <time>2026-04-22T14:59:30Z</time>
   </trkpt>
   <trkpt lat="12.9092240" lon="77.5761530">
    <ele>912.1</ele>
    <time>2026-04-22T14:59:31Z</time>
   </trkpt>
   <trkpt lat="12.9092260" lon="77.5761410">
    <ele>912.1</ele>
    <time>2026-04-22T14:59:32Z</time>
   </trkpt>
   <trkpt lat="12.9092230" lon="77.5761260">
    <ele>912.1</ele>
    <time>2026-04-22T14:59:33Z</time>
   </trkpt>
   <trkpt lat="12.9092200" lon="77.5761090">
    <ele>912.1</ele>
    <time>2026-04-22T14:59:34Z</time>
   </trkpt>
   <trkpt lat="12.9092160" lon="77.5760940">
    <ele>912.0</ele>
    <time>2026-04-22T14:59:35Z</time>
   </trkpt>
   <trkpt lat="12.9092160" lon="77.5760810">
    <ele>912.0</ele>
    <time>2026-04-22T14:59:36Z</time>
   </trkpt>
   <trkpt lat="12.9092200" lon="77.5760720">
    <ele>912.0</ele>
    <time>2026-04-22T14:59:37Z</time>
   </trkpt>
   <trkpt lat="12.9092240" lon="77.5760520">
    <ele>912.0</ele>
    <time>2026-04-22T14:59:38Z</time>
   </trkpt>
   <trkpt lat="12.9092210" lon="77.5760350">
    <ele>911.9</ele>
    <time>2026-04-22T14:59:39Z</time>
   </trkpt>
   <trkpt lat="12.9092260" lon="77.5760170">
    <ele>911.9</ele>
    <time>2026-04-22T14:59:40Z</time>
   </trkpt>
   <trkpt lat="12.9092260" lon="77.5760030">
    <ele>911.9</ele>
    <time>2026-04-22T14:59:41Z</time>
   </trkpt>
   <trkpt lat="12.9092310" lon="77.5759910">
    <ele>911.9</ele>
    <time>2026-04-22T14:59:42Z</time>
   </trkpt>
   <trkpt lat="12.9092410" lon="77.5759830">
    <ele>911.9</ele>
    <time>2026-04-22T14:59:43Z</time>
   </trkpt>
   <trkpt lat="12.9092430" lon="77.5759610">
    <ele>911.8</ele>
    <time>2026-04-22T14:59:44Z</time>
   </trkpt>
   <trkpt lat="12.9092470" lon="77.5759490">
    <ele>911.8</ele>
    <time>2026-04-22T14:59:45Z</time>
   </trkpt>
   <trkpt lat="12.9092430" lon="77.5759350">
    <ele>911.8</ele>
    <time>2026-04-22T14:59:46Z</time>
   </trkpt>
   <trkpt lat="12.9092440" lon="77.5759220">
    <ele>911.8</ele>
    <time>2026-04-22T14:59:47Z</time>
   </trkpt>
   <trkpt lat="12.9092460" lon="77.5759120">
    <ele>911.8</ele>
    <time>2026-04-22T14:59:48Z</time>
   </trkpt>
   <trkpt lat="12.9092450" lon="77.5759030">
    <ele>911.8</ele>
    <time>2026-04-22T14:59:49Z</time>
   </trkpt>
   <trkpt lat="12.9092430" lon="77.5758900">
    <ele>911.7</ele>
    <time>2026-04-22T14:59:50Z</time>
   </trkpt>
   <trkpt lat="12.9092430" lon="77.5758770">
    <ele>911.7</ele>
    <time>2026-04-22T14:59:51Z</time>
   </trkpt>
   <trkpt lat="12.9092470" lon="77.5758560">
    <ele>911.7</ele>
    <time>2026-04-22T14:59:52Z</time>
   </trkpt>
   <trkpt lat="12.9092500" lon="77.5758480">
    <ele>911.7</ele>
    <time>2026-04-22T14:59:53Z</time>
   </trkpt>
   <trkpt lat="12.9092520" lon="77.5758390">
    <ele>911.7</ele>
    <time>2026-04-22T14:59:54Z</time>
   </trkpt>
   <trkpt lat="12.9092540" lon="77.5758260">
    <ele>911.7</ele>
    <time>2026-04-22T14:59:55Z</time>
   </trkpt>
   <trkpt lat="12.9092540" lon="77.5758140">
    <ele>911.7</ele>
    <time>2026-04-22T14:59:56Z</time>
   </trkpt>
   <trkpt lat="12.9092590" lon="77.5758030">
    <ele>911.7</ele>
    <time>2026-04-22T14:59:57Z</time>
   </trkpt>
   <trkpt lat="12.9092630" lon="77.5757890">
    <ele>911.7</ele>
    <time>2026-04-22T14:59:58Z</time>
   </trkpt>
   <trkpt lat="12.9092640" lon="77.5757750">
    <ele>911.6</ele>
    <time>2026-04-22T14:59:59Z</time>
   </trkpt>
   <trkpt lat="12.9092640" lon="77.5757630">
    <ele>911.6</ele>
    <time>2026-04-22T15:00:00Z</time>
   </trkpt>
   <trkpt lat="12.9092670" lon="77.5757460">
    <ele>911.6</ele>
    <time>2026-04-22T15:00:01Z</time>
   </trkpt>
   <trkpt lat="12.9092710" lon="77.5757360">
    <ele>911.6</ele>
    <time>2026-04-22T15:00:02Z</time>
   </trkpt>
   <trkpt lat="12.9092710" lon="77.5757210">
    <ele>911.6</ele>
    <time>2026-04-22T15:00:03Z</time>
   </trkpt>
   <trkpt lat="12.9092700" lon="77.5757090">
    <ele>911.6</ele>
    <time>2026-04-22T15:00:04Z</time>
   </trkpt>
   <trkpt lat="12.9092700" lon="77.5756880">
    <ele>911.6</ele>
    <time>2026-04-22T15:00:05Z</time>
   </trkpt>
   <trkpt lat="12.9092710" lon="77.5756780">
    <ele>911.6</ele>
    <time>2026-04-22T15:00:06Z</time>
   </trkpt>
   <trkpt lat="12.9092730" lon="77.5756680">
    <ele>911.6</ele>
    <time>2026-04-22T15:00:07Z</time>
   </trkpt>
   <trkpt lat="12.9092770" lon="77.5756550">
    <ele>911.6</ele>
    <time>2026-04-22T15:00:08Z</time>
   </trkpt>
   <trkpt lat="12.9092820" lon="77.5756340">
    <ele>911.6</ele>
    <time>2026-04-22T15:00:09Z</time>
   </trkpt>
   <trkpt lat="12.9092830" lon="77.5756240">
    <ele>911.6</ele>
    <time>2026-04-22T15:00:10Z</time>
   </trkpt>
   <trkpt lat="12.9092790" lon="77.5756140">
    <ele>911.6</ele>
    <time>2026-04-22T15:00:11Z</time>
   </trkpt>
   <trkpt lat="12.9092750" lon="77.5756060">
    <ele>911.6</ele>
    <time>2026-04-22T15:00:12Z</time>
   </trkpt>
   <trkpt lat="12.9092800" lon="77.5755840">
    <ele>911.5</ele>
    <time>2026-04-22T15:00:13Z</time>
   </trkpt>
   <trkpt lat="12.9092820" lon="77.5755760">
    <ele>911.5</ele>
    <time>2026-04-22T15:00:14Z</time>
   </trkpt>
   <trkpt lat="12.9092840" lon="77.5755670">
    <ele>911.5</ele>
    <time>2026-04-22T15:00:15Z</time>
   </trkpt>
   <trkpt lat="12.9092870" lon="77.5755530">
    <ele>911.5</ele>
    <time>2026-04-22T15:00:16Z</time>
   </trkpt>
   <trkpt lat="12.9092850" lon="77.5755420">
    <ele>911.5</ele>
    <time>2026-04-22T15:00:17Z</time>
   </trkpt>
   <trkpt lat="12.9092880" lon="77.5755300">
    <ele>911.5</ele>
    <time>2026-04-22T15:00:18Z</time>
   </trkpt>
   <trkpt lat="12.9092840" lon="77.5755110">
    <ele>911.5</ele>
    <time>2026-04-22T15:00:19Z</time>
   </trkpt>
   <trkpt lat="12.9092850" lon="77.5755020">
    <ele>911.5</ele>
    <time>2026-04-22T15:00:20Z</time>
   </trkpt>
   <trkpt lat="12.9092860" lon="77.5754890">
    <ele>911.5</ele>
    <time>2026-04-22T15:00:21Z</time>
   </trkpt>
   <trkpt lat="12.9092870" lon="77.5754700">
    <ele>911.5</ele>
    <time>2026-04-22T15:00:22Z</time>
   </trkpt>
   <trkpt lat="12.9092890" lon="77.5754590">
    <ele>911.5</ele>
    <time>2026-04-22T15:00:23Z</time>
   </trkpt>
   <trkpt lat="12.9092880" lon="77.5754520">
    <ele>911.5</ele>
    <time>2026-04-22T15:00:24Z</time>
   </trkpt>
   <trkpt lat="12.9092910" lon="77.5754380">
    <ele>911.5</ele>
    <time>2026-04-22T15:00:25Z</time>
   </trkpt>
   <trkpt lat="12.9092970" lon="77.5754080">
    <ele>911.5</ele>
    <time>2026-04-22T15:00:26Z</time>
   </trkpt>
   <trkpt lat="12.9092980" lon="77.5753950">
    <ele>911.5</ele>
    <time>2026-04-22T15:00:27Z</time>
   </trkpt>
   <trkpt lat="12.9093020" lon="77.5753830">
    <ele>911.5</ele>
    <time>2026-04-22T15:00:28Z</time>
   </trkpt>
   <trkpt lat="12.9093040" lon="77.5753730">
    <ele>911.5</ele>
    <time>2026-04-22T15:00:29Z</time>
   </trkpt>
   <trkpt lat="12.9092830" lon="77.5753650">
    <ele>911.5</ele>
    <time>2026-04-22T15:00:30Z</time>
   </trkpt>
   <trkpt lat="12.9092730" lon="77.5753590">
    <ele>911.5</ele>
    <time>2026-04-22T15:00:31Z</time>
   </trkpt>
   <trkpt lat="12.9092580" lon="77.5753530">
    <ele>911.5</ele>
    <time>2026-04-22T15:00:32Z</time>
   </trkpt>
   <trkpt lat="12.9092400" lon="77.5753440">
    <ele>911.5</ele>
    <time>2026-04-22T15:00:33Z</time>
   </trkpt>
   <trkpt lat="12.9092200" lon="77.5753430">
    <ele>911.5</ele>
    <time>2026-04-22T15:00:34Z</time>
   </trkpt>
   <trkpt lat="12.9092040" lon="77.5753370">
    <ele>911.6</ele>
    <time>2026-04-22T15:00:35Z</time>
   </trkpt>
   <trkpt lat="12.9091830" lon="77.5753300">
    <ele>911.6</ele>
    <time>2026-04-22T15:00:36Z</time>
   </trkpt>
   <trkpt lat="12.9091730" lon="77.5753280">
    <ele>911.6</ele>
    <time>2026-04-22T15:00:37Z</time>
   </trkpt>
   <trkpt lat="12.9091640" lon="77.5753250">
    <ele>911.6</ele>
    <time>2026-04-22T15:00:38Z</time>
   </trkpt>
   <trkpt lat="12.9091510" lon="77.5753180">
    <ele>911.6</ele>
    <time>2026-04-22T15:00:39Z</time>
   </trkpt>
   <trkpt lat="12.9091310" lon="77.5753240">
    <ele>911.7</ele>
    <time>2026-04-22T15:00:40Z</time>
   </trkpt>
   <trkpt lat="12.9091100" lon="77.5753250">
    <ele>911.7</ele>
    <time>2026-04-22T15:00:41Z</time>
   </trkpt>
   <trkpt lat="12.9091020" lon="77.5753270">
    <ele>911.7</ele>
    <time>2026-04-22T15:00:43Z</time>
   </trkpt>
   <trkpt lat="12.9090930" lon="77.5753300">
    <ele>911.7</ele>
    <time>2026-04-22T15:00:44Z</time>
   </trkpt>
   <trkpt lat="12.9090830" lon="77.5753300">
    <ele>911.7</ele>
    <time>2026-04-22T15:00:45Z</time>
   </trkpt>
   <trkpt lat="12.9090700" lon="77.5753280">
    <ele>911.7</ele>
    <time>2026-04-22T15:00:46Z</time>
   </trkpt>
   <trkpt lat="12.9090580" lon="77.5753310">
    <ele>911.8</ele>
    <time>2026-04-22T15:00:47Z</time>
   </trkpt>
   <trkpt lat="12.9090240" lon="77.5753190">
    <ele>911.8</ele>
    <time>2026-04-22T15:00:48Z</time>
   </trkpt>
   <trkpt lat="12.9090140" lon="77.5753170">
    <ele>911.8</ele>
    <time>2026-04-22T15:00:49Z</time>
   </trkpt>
   <trkpt lat="12.9090030" lon="77.5753160">
    <ele>911.8</ele>
    <time>2026-04-22T15:00:50Z</time>
   </trkpt>
   <trkpt lat="12.9089870" lon="77.5753190">
    <ele>911.9</ele>
    <time>2026-04-22T15:00:51Z</time>
   </trkpt>
   <trkpt lat="12.9089760" lon="77.5753220">
    <ele>911.9</ele>
    <time>2026-04-22T15:00:52Z</time>
   </trkpt>
   <trkpt lat="12.9089650" lon="77.5753230">
    <ele>911.9</ele>
    <time>2026-04-22T15:00:53Z</time>
   </trkpt>
   <trkpt lat="12.9089560" lon="77.5753230">
    <ele>911.9</ele>
    <time>2026-04-22T15:00:54Z</time>
   </trkpt>
   <trkpt lat="12.9089480" lon="77.5753200">
    <ele>911.9</ele>
    <time>2026-04-22T15:00:55Z</time>
   </trkpt>
   <trkpt lat="12.9089360" lon="77.5753170">
    <ele>911.9</ele>
    <time>2026-04-22T15:00:56Z</time>
   </trkpt>
   <trkpt lat="12.9089290" lon="77.5753100">
    <ele>911.9</ele>
    <time>2026-04-22T15:00:57Z</time>
   </trkpt>
   <trkpt lat="12.9089170" lon="77.5752970">
    <ele>912.0</ele>
    <time>2026-04-22T15:00:58Z</time>
   </trkpt>
   <trkpt lat="12.9089060" lon="77.5752860">
    <ele>912.0</ele>
    <time>2026-04-22T15:00:59Z</time>
   </trkpt>
   <trkpt lat="12.9088980" lon="77.5752870">
    <ele>912.0</ele>
    <time>2026-04-22T15:01:00Z</time>
   </trkpt>
   <trkpt lat="12.9088870" lon="77.5752900">
    <ele>912.0</ele>
    <time>2026-04-22T15:01:01Z</time>
   </trkpt>
   <trkpt lat="12.9088770" lon="77.5752930">
    <ele>912.0</ele>
    <time>2026-04-22T15:01:02Z</time>
   </trkpt>
   <trkpt lat="12.9088660" lon="77.5752920">
    <ele>912.0</ele>
    <time>2026-04-22T15:01:03Z</time>
   </trkpt>
   <trkpt lat="12.9088550" lon="77.5752930">
    <ele>912.1</ele>
    <time>2026-04-22T15:01:04Z</time>
   </trkpt>
   <trkpt lat="12.9088480" lon="77.5752950">
    <ele>912.1</ele>
    <time>2026-04-22T15:01:05Z</time>
   </trkpt>
   <trkpt lat="12.9088260" lon="77.5752990">
    <ele>912.1</ele>
    <time>2026-04-22T15:01:06Z</time>
   </trkpt>
   <trkpt lat="12.9088180" lon="77.5752990">
    <ele>912.1</ele>
    <time>2026-04-22T15:01:07Z</time>
   </trkpt>
   <trkpt lat="12.9088090" lon="77.5753000">
    <ele>912.1</ele>
    <time>2026-04-22T15:01:08Z</time>
   </trkpt>
   <trkpt lat="12.9087890" lon="77.5753060">
    <ele>912.1</ele>
    <time>2026-04-22T15:01:09Z</time>
   </trkpt>
   <trkpt lat="12.9087810" lon="77.5753080">
    <ele>912.2</ele>
    <time>2026-04-22T15:01:10Z</time>
   </trkpt>
   <trkpt lat="12.9087730" lon="77.5753100">
    <ele>912.2</ele>
    <time>2026-04-22T15:01:11Z</time>
   </trkpt>
   <trkpt lat="12.9087630" lon="77.5753110">
    <ele>912.2</ele>
    <time>2026-04-22T15:01:12Z</time>
   </trkpt>
   <trkpt lat="12.9087470" lon="77.5753190">
    <ele>912.2</ele>
    <time>2026-04-22T15:01:13Z</time>
   </trkpt>
   <trkpt lat="12.9087390" lon="77.5753200">
    <ele>912.2</ele>
    <time>2026-04-22T15:01:14Z</time>
   </trkpt>
   <trkpt lat="12.9087200" lon="77.5753360">
    <ele>912.2</ele>
    <time>2026-04-22T15:01:15Z</time>
   </trkpt>
   <trkpt lat="12.9087130" lon="77.5753400">
    <ele>912.3</ele>
    <time>2026-04-22T15:01:16Z</time>
   </trkpt>
   <trkpt lat="12.9087010" lon="77.5753380">
    <ele>912.3</ele>
    <time>2026-04-22T15:01:17Z</time>
   </trkpt>
   <trkpt lat="12.9086890" lon="77.5753350">
    <ele>912.3</ele>
    <time>2026-04-22T15:01:18Z</time>
   </trkpt>
   <trkpt lat="12.9086690" lon="77.5753380">
    <ele>912.3</ele>
    <time>2026-04-22T15:01:19Z</time>
   </trkpt>
   <trkpt lat="12.9086600" lon="77.5753390">
    <ele>912.3</ele>
    <time>2026-04-22T15:01:20Z</time>
   </trkpt>
   <trkpt lat="12.9086520" lon="77.5753400">
    <ele>912.3</ele>
    <time>2026-04-22T15:01:21Z</time>
   </trkpt>
   <trkpt lat="12.9086390" lon="77.5753390">
    <ele>912.4</ele>
    <time>2026-04-22T15:01:22Z</time>
   </trkpt>
   <trkpt lat="12.9086290" lon="77.5753400">
    <ele>912.4</ele>
    <time>2026-04-22T15:01:23Z</time>
   </trkpt>
   <trkpt lat="12.9086150" lon="77.5753380">
    <ele>912.4</ele>
    <time>2026-04-22T15:01:24Z</time>
   </trkpt>
   <trkpt lat="12.9086030" lon="77.5753360">
    <ele>912.4</ele>
    <time>2026-04-22T15:01:25Z</time>
   </trkpt>
   <trkpt lat="12.9085860" lon="77.5753390">
    <ele>912.4</ele>
    <time>2026-04-22T15:01:26Z</time>
   </trkpt>
   <trkpt lat="12.9085770" lon="77.5753390">
    <ele>912.4</ele>
    <time>2026-04-22T15:01:27Z</time>
   </trkpt>
   <trkpt lat="12.9085680" lon="77.5753370">
    <ele>912.5</ele>
    <time>2026-04-22T15:01:28Z</time>
   </trkpt>
   <trkpt lat="12.9085540" lon="77.5753320">
    <ele>912.5</ele>
    <time>2026-04-22T15:01:29Z</time>
   </trkpt>
   <trkpt lat="12.9085440" lon="77.5753310">
    <ele>912.5</ele>
    <time>2026-04-22T15:01:30Z</time>
   </trkpt>
   <trkpt lat="12.9085330" lon="77.5753310">
    <ele>912.5</ele>
    <time>2026-04-22T15:01:31Z</time>
   </trkpt>
   <trkpt lat="12.9085190" lon="77.5753270">
    <ele>912.5</ele>
    <time>2026-04-22T15:01:32Z</time>
   </trkpt>
   <trkpt lat="12.9085060" lon="77.5753260">
    <ele>912.5</ele>
    <time>2026-04-22T15:01:33Z</time>
   </trkpt>
   <trkpt lat="12.9084890" lon="77.5753220">
    <ele>912.6</ele>
    <time>2026-04-22T15:01:34Z</time>
   </trkpt>
   <trkpt lat="12.9084800" lon="77.5753280">
    <ele>912.6</ele>
    <time>2026-04-22T15:01:35Z</time>
   </trkpt>
   <trkpt lat="12.9084700" lon="77.5753350">
    <ele>912.6</ele>
    <time>2026-04-22T15:01:36Z</time>
   </trkpt>
   <trkpt lat="12.9084590" lon="77.5753360">
    <ele>912.6</ele>
    <time>2026-04-22T15:01:37Z</time>
   </trkpt>
   <trkpt lat="12.9084410" lon="77.5753350">
    <ele>912.6</ele>
    <time>2026-04-22T15:01:38Z</time>
   </trkpt>
   <trkpt lat="12.9084300" lon="77.5753310">
    <ele>912.6</ele>
    <time>2026-04-22T15:01:39Z</time>
   </trkpt>
   <trkpt lat="12.9084130" lon="77.5753300">
    <ele>912.7</ele>
    <time>2026-04-22T15:01:40Z</time>
   </trkpt>
   <trkpt lat="12.9084020" lon="77.5753310">
    <ele>912.7</ele>
    <time>2026-04-22T15:01:41Z</time>
   </trkpt>
   <trkpt lat="12.9083920" lon="77.5753310">
    <ele>912.7</ele>
    <time>2026-04-22T15:01:42Z</time>
   </trkpt>
   <trkpt lat="12.9083790" lon="77.5753290">
    <ele>912.7</ele>
    <time>2026-04-22T15:01:43Z</time>
   </trkpt>
   <trkpt lat="12.9083680" lon="77.5753320">
    <ele>912.7</ele>
    <time>2026-04-22T15:01:44Z</time>
   </trkpt>
   <trkpt lat="12.9083560" lon="77.5753340">
    <ele>912.7</ele>
    <time>2026-04-22T15:01:45Z</time>
   </trkpt>
   <trkpt lat="12.9083450" lon="77.5753390">
    <ele>912.8</ele>
    <time>2026-04-22T15:01:46Z</time>
   </trkpt>
   <trkpt lat="12.9083320" lon="77.5753420">
    <ele>912.8</ele>
    <time>2026-04-22T15:01:47Z</time>
   </trkpt>
   <trkpt lat="12.9083230" lon="77.5753450">
    <ele>912.8</ele>
    <time>2026-04-22T15:01:48Z</time>
   </trkpt>
   <trkpt lat="12.9083100" lon="77.5753520">
    <ele>912.8</ele>
    <time>2026-04-22T15:01:49Z</time>
   </trkpt>
   <trkpt lat="12.9082890" lon="77.5753510">
    <ele>912.8</ele>
    <time>2026-04-22T15:01:50Z</time>
   </trkpt>
   <trkpt lat="12.9082770" lon="77.5753520">
    <ele>912.9</ele>
    <time>2026-04-22T15:01:51Z</time>
   </trkpt>
   <trkpt lat="12.9082680" lon="77.5753500">
    <ele>912.9</ele>
    <time>2026-04-22T15:01:52Z</time>
   </trkpt>
   <trkpt lat="12.9082550" lon="77.5753550">
    <ele>912.9</ele>
    <time>2026-04-22T15:01:53Z</time>
   </trkpt>
   <trkpt lat="12.9082460" lon="77.5753590">
    <ele>912.9</ele>
    <time>2026-04-22T15:01:54Z</time>
   </trkpt>
   <trkpt lat="12.9082400" lon="77.5753560">
    <ele>912.9</ele>
    <time>2026-04-22T15:01:55Z</time>
   </trkpt>
   <trkpt lat="12.9082260" lon="77.5753490">
    <ele>912.9</ele>
    <time>2026-04-22T15:01:56Z</time>
   </trkpt>
   <trkpt lat="12.9082150" lon="77.5753470">
    <ele>912.9</ele>
    <time>2026-04-22T15:01:57Z</time>
   </trkpt>
   <trkpt lat="12.9082040" lon="77.5753320">
    <ele>912.9</ele>
    <time>2026-04-22T15:01:58Z</time>
   </trkpt>
   <trkpt lat="12.9082010" lon="77.5752970">
    <ele>912.8</ele>
    <time>2026-04-22T15:01:59Z</time>
   </trkpt>
   <trkpt lat="12.9082010" lon="77.5752860">
    <ele>912.7</ele>
    <time>2026-04-22T15:02:00Z</time>
   </trkpt>
   <trkpt lat="12.9081940" lon="77.5752640">
    <ele>912.7</ele>
    <time>2026-04-22T15:02:01Z</time>
   </trkpt>
   <trkpt lat="12.9081980" lon="77.5752490">
    <ele>912.6</ele>
    <time>2026-04-22T15:02:02Z</time>
   </trkpt>
   <trkpt lat="12.9081990" lon="77.5752270">
    <ele>912.6</ele>
    <time>2026-04-22T15:02:03Z</time>
   </trkpt>
   <trkpt lat="12.9082010" lon="77.5752170">
    <ele>912.5</ele>
    <time>2026-04-22T15:02:04Z</time>
   </trkpt>
   <trkpt lat="12.9082020" lon="77.5752060">
    <ele>912.5</ele>
    <time>2026-04-22T15:02:05Z</time>
   </trkpt>
   <trkpt lat="12.9082030" lon="77.5751900">
    <ele>912.5</ele>
    <time>2026-04-22T15:02:06Z</time>
   </trkpt>
   <trkpt lat="12.9082100" lon="77.5751740">
    <ele>912.4</ele>
    <time>2026-04-22T15:02:07Z</time>
   </trkpt>
   <trkpt lat="12.9082150" lon="77.5751660">
    <ele>912.4</ele>
    <time>2026-04-22T15:02:08Z</time>
   </trkpt>
   <trkpt lat="12.9082150" lon="77.5751530">
    <ele>912.4</ele>
    <time>2026-04-22T15:02:09Z</time>
   </trkpt>
   <trkpt lat="12.9082180" lon="77.5751400">
    <ele>912.4</ele>
    <time>2026-04-22T15:02:10Z</time>
   </trkpt>
   <trkpt lat="12.9082110" lon="77.5751200">
    <ele>912.3</ele>
    <time>2026-04-22T15:02:11Z</time>
   </trkpt>
   <trkpt lat="12.9082120" lon="77.5751070">
    <ele>912.3</ele>
    <time>2026-04-22T15:02:12Z</time>
   </trkpt>
   <trkpt lat="12.9082210" lon="77.5750900">
    <ele>912.3</ele>
    <time>2026-04-22T15:02:13Z</time>
   </trkpt>
   <trkpt lat="12.9082210" lon="77.5750790">
    <ele>912.2</ele>
    <time>2026-04-22T15:02:14Z</time>
   </trkpt>
   <trkpt lat="12.9082210" lon="77.5750690">
    <ele>912.2</ele>
    <time>2026-04-22T15:02:15Z</time>
   </trkpt>
   <trkpt lat="12.9082230" lon="77.5750490">
    <ele>912.2</ele>
    <time>2026-04-22T15:02:16Z</time>
   </trkpt>
   <trkpt lat="12.9082240" lon="77.5750400">
    <ele>912.2</ele>
    <time>2026-04-22T15:02:17Z</time>
   </trkpt>
   <trkpt lat="12.9082240" lon="77.5750310">
    <ele>912.1</ele>
    <time>2026-04-22T15:02:18Z</time>
   </trkpt>
   <trkpt lat="12.9082220" lon="77.5750210">
    <ele>912.1</ele>
    <time>2026-04-22T15:02:19Z</time>
   </trkpt>
   <trkpt lat="12.9082270" lon="77.5750100">
    <ele>912.1</ele>
    <time>2026-04-22T15:02:20Z</time>
   </trkpt>
   <trkpt lat="12.9082260" lon="77.5749990">
    <ele>912.0</ele>
    <time>2026-04-22T15:02:21Z</time>
   </trkpt>
   <trkpt lat="12.9082260" lon="77.5749840">
    <ele>912.0</ele>
    <time>2026-04-22T15:02:22Z</time>
   </trkpt>
   <trkpt lat="12.9082230" lon="77.5749670">
    <ele>911.9</ele>
    <time>2026-04-22T15:02:23Z</time>
   </trkpt>
   <trkpt lat="12.9082200" lon="77.5749510">
    <ele>911.8</ele>
    <time>2026-04-22T15:02:24Z</time>
   </trkpt>
   <trkpt lat="12.9082170" lon="77.5749320">
    <ele>911.8</ele>
    <time>2026-04-22T15:02:25Z</time>
   </trkpt>
   <trkpt lat="12.9082050" lon="77.5749220">
    <ele>911.7</ele>
    <time>2026-04-22T15:02:26Z</time>
   </trkpt>
   <trkpt lat="12.9082210" lon="77.5749040">
    <ele>911.6</ele>
    <time>2026-04-22T15:02:27Z</time>
   </trkpt>
   <trkpt lat="12.9082230" lon="77.5748890">
    <ele>911.5</ele>
    <time>2026-04-22T15:02:28Z</time>
   </trkpt>
   <trkpt lat="12.9082290" lon="77.5748760">
    <ele>911.5</ele>
    <time>2026-04-22T15:02:29Z</time>
   </trkpt>
   <trkpt lat="12.9082260" lon="77.5748630">
    <ele>911.4</ele>
    <time>2026-04-22T15:02:30Z</time>
   </trkpt>
   <trkpt lat="12.9082290" lon="77.5748520">
    <ele>911.4</ele>
    <time>2026-04-22T15:02:31Z</time>
   </trkpt>
   <trkpt lat="12.9082130" lon="77.5748340">
    <ele>911.3</ele>
    <time>2026-04-22T15:02:32Z</time>
   </trkpt>
   <trkpt lat="12.9082080" lon="77.5748250">
    <ele>911.2</ele>
    <time>2026-04-22T15:02:33Z</time>
   </trkpt>
   <trkpt lat="12.9082040" lon="77.5748120">
    <ele>911.2</ele>
    <time>2026-04-22T15:02:34Z</time>
   </trkpt>
   <trkpt lat="12.9082090" lon="77.5748010">
    <ele>911.1</ele>
    <time>2026-04-22T15:02:35Z</time>
   </trkpt>
   <trkpt lat="12.9082120" lon="77.5747900">
    <ele>911.1</ele>
    <time>2026-04-22T15:02:36Z</time>
   </trkpt>
   <trkpt lat="12.9082140" lon="77.5747780">
    <ele>911.0</ele>
    <time>2026-04-22T15:02:37Z</time>
   </trkpt>
   <trkpt lat="12.9082200" lon="77.5747640">
    <ele>911.0</ele>
    <time>2026-04-22T15:02:38Z</time>
   </trkpt>
   <trkpt lat="12.9082220" lon="77.5747480">
    <ele>910.9</ele>
    <time>2026-04-22T15:02:39Z</time>
   </trkpt>
   <trkpt lat="12.9082230" lon="77.5747290">
    <ele>910.8</ele>
    <time>2026-04-22T15:02:40Z</time>
   </trkpt>
   <trkpt lat="12.9082220" lon="77.5747190">
    <ele>910.8</ele>
    <time>2026-04-22T15:02:41Z</time>
   </trkpt>
   <trkpt lat="12.9082220" lon="77.5747090">
    <ele>910.8</ele>
    <time>2026-04-22T15:02:42Z</time>
   </trkpt>
   <trkpt lat="12.9082140" lon="77.5746940">
    <ele>910.7</ele>
    <time>2026-04-22T15:02:43Z</time>
   </trkpt>
   <trkpt lat="12.9082110" lon="77.5746830">
    <ele>910.6</ele>
    <time>2026-04-22T15:02:44Z</time>
   </trkpt>
   <trkpt lat="12.9082090" lon="77.5746680">
    <ele>910.6</ele>
    <time>2026-04-22T15:02:45Z</time>
   </trkpt>
   <trkpt lat="12.9082060" lon="77.5746600">
    <ele>910.5</ele>
    <time>2026-04-22T15:02:46Z</time>
   </trkpt>
   <trkpt lat="12.9082040" lon="77.5746520">
    <ele>910.5</ele>
    <time>2026-04-22T15:02:47Z</time>
   </trkpt>
   <trkpt lat="12.9082010" lon="77.5746440">
    <ele>910.5</ele>
    <time>2026-04-22T15:02:48Z</time>
   </trkpt>
   <trkpt lat="12.9082020" lon="77.5746390">
    <ele>910.5</ele>
    <time>2026-04-22T15:02:49Z</time>
   </trkpt>
   <trkpt lat="12.9082020" lon="77.5746270">
    <ele>910.4</ele>
    <time>2026-04-22T15:02:50Z</time>
   </trkpt>
   <trkpt lat="12.9082050" lon="77.5746140">
    <ele>910.4</ele>
    <time>2026-04-22T15:02:51Z</time>
   </trkpt>
   <trkpt lat="12.9082030" lon="77.5745990">
    <ele>910.3</ele>
    <time>2026-04-22T15:02:52Z</time>
   </trkpt>
   <trkpt lat="12.9082020" lon="77.5745950">
    <ele>910.3</ele>
    <time>2026-04-22T15:02:53Z</time>
   </trkpt>
   <trkpt lat="12.9082000" lon="77.5745800">
    <ele>910.2</ele>
    <time>2026-04-22T15:02:54Z</time>
   </trkpt>
   <trkpt lat="12.9081970" lon="77.5745720">
    <ele>910.2</ele>
    <time>2026-04-22T15:02:55Z</time>
   </trkpt>
   <trkpt lat="12.9081940" lon="77.5745660">
    <ele>910.2</ele>
    <time>2026-04-22T15:02:56Z</time>
   </trkpt>
   <trkpt lat="12.9081940" lon="77.5745650">
    <ele>910.1</ele>
    <time>2026-04-22T15:02:57Z</time>
   </trkpt>
   <trkpt lat="12.9081930" lon="77.5745620">
    <ele>910.1</ele>
    <time>2026-04-22T15:02:58Z</time>
   </trkpt>
   <trkpt lat="12.9081930" lon="77.5745530">
    <ele>910.1</ele>
    <time>2026-04-22T15:02:59Z</time>
   </trkpt>
   <trkpt lat="12.9081940" lon="77.5745440">
    <ele>910.1</ele>
    <time>2026-04-22T15:03:00Z</time>
   </trkpt>
   <trkpt lat="12.9082000" lon="77.5745280">
    <ele>910.0</ele>
    <time>2026-04-22T15:03:01Z</time>
   </trkpt>
   <trkpt lat="12.9081990" lon="77.5745130">
    <ele>909.9</ele>
    <time>2026-04-22T15:03:02Z</time>
   </trkpt>
   <trkpt lat="12.9081950" lon="77.5745020">
    <ele>909.9</ele>
    <time>2026-04-22T15:03:03Z</time>
   </trkpt>
   <trkpt lat="12.9081940" lon="77.5744900">
    <ele>909.8</ele>
    <time>2026-04-22T15:03:04Z</time>
   </trkpt>
   <trkpt lat="12.9081960" lon="77.5744770">
    <ele>909.8</ele>
    <time>2026-04-22T15:03:05Z</time>
   </trkpt>
   <trkpt lat="12.9081970" lon="77.5744650">
    <ele>909.7</ele>
    <time>2026-04-22T15:03:06Z</time>
   </trkpt>
   <trkpt lat="12.9082030" lon="77.5744500">
    <ele>909.7</ele>
    <time>2026-04-22T15:03:07Z</time>
   </trkpt>
   <trkpt lat="12.9082080" lon="77.5744300">
    <ele>909.6</ele>
    <time>2026-04-22T15:03:08Z</time>
   </trkpt>
   <trkpt lat="12.9082090" lon="77.5744210">
    <ele>909.5</ele>
    <time>2026-04-22T15:03:09Z</time>
   </trkpt>
   <trkpt lat="12.9082110" lon="77.5744120">
    <ele>909.5</ele>
    <time>2026-04-22T15:03:10Z</time>
   </trkpt>
   <trkpt lat="12.9082050" lon="77.5743920">
    <ele>909.4</ele>
    <time>2026-04-22T15:03:11Z</time>
   </trkpt>
   <trkpt lat="12.9082050" lon="77.5743840">
    <ele>909.4</ele>
    <time>2026-04-22T15:03:12Z</time>
   </trkpt>
   <trkpt lat="12.9082040" lon="77.5743750">
    <ele>909.4</ele>
    <time>2026-04-22T15:03:13Z</time>
   </trkpt>
   <trkpt lat="12.9082040" lon="77.5743610">
    <ele>909.3</ele>
    <time>2026-04-22T15:03:14Z</time>
   </trkpt>
   <trkpt lat="12.9082050" lon="77.5743470">
    <ele>909.2</ele>
    <time>2026-04-22T15:03:15Z</time>
   </trkpt>
   <trkpt lat="12.9081980" lon="77.5743400">
    <ele>909.2</ele>
    <time>2026-04-22T15:03:16Z</time>
   </trkpt>
   <trkpt lat="12.9081960" lon="77.5743330">
    <ele>909.2</ele>
    <time>2026-04-22T15:03:17Z</time>
   </trkpt>
   <trkpt lat="12.9081960" lon="77.5743180">
    <ele>909.1</ele>
    <time>2026-04-22T15:03:18Z</time>
   </trkpt>
   <trkpt lat="12.9082020" lon="77.5743020">
    <ele>909.0</ele>
    <time>2026-04-22T15:03:19Z</time>
   </trkpt>
   <trkpt lat="12.9081990" lon="77.5742900">
    <ele>909.0</ele>
    <time>2026-04-22T15:03:20Z</time>
   </trkpt>
   <trkpt lat="12.9082010" lon="77.5742670">
    <ele>908.9</ele>
    <time>2026-04-22T15:03:21Z</time>
   </trkpt>
   <trkpt lat="12.9082010" lon="77.5742580">
    <ele>908.9</ele>
    <time>2026-04-22T15:03:22Z</time>
   </trkpt>
   <trkpt lat="12.9082010" lon="77.5742490">
    <ele>908.8</ele>
    <time>2026-04-22T15:03:23Z</time>
   </trkpt>
   <trkpt lat="12.9081970" lon="77.5742290">
    <ele>908.7</ele>
    <time>2026-04-22T15:03:24Z</time>
   </trkpt>
   <trkpt lat="12.9081990" lon="77.5742200">
    <ele>908.7</ele>
    <time>2026-04-22T15:03:25Z</time>
   </trkpt>
   <trkpt lat="12.9082000" lon="77.5742110">
    <ele>908.7</ele>
    <time>2026-04-22T15:03:26Z</time>
   </trkpt>
   <trkpt lat="12.9081990" lon="77.5741950">
    <ele>908.6</ele>
    <time>2026-04-22T15:03:27Z</time>
   </trkpt>
   <trkpt lat="12.9081990" lon="77.5741830">
    <ele>908.6</ele>
    <time>2026-04-22T15:03:28Z</time>
   </trkpt>
   <trkpt lat="12.9081960" lon="77.5741710">
    <ele>908.5</ele>
    <time>2026-04-22T15:03:29Z</time>
   </trkpt>
   <trkpt lat="12.9082000" lon="77.5741590">
    <ele>908.5</ele>
    <time>2026-04-22T15:03:30Z</time>
   </trkpt>
   <trkpt lat="12.9082080" lon="77.5741510">
    <ele>908.4</ele>
    <time>2026-04-22T15:03:31Z</time>
   </trkpt>
   <trkpt lat="12.9082130" lon="77.5741350">
    <ele>908.3</ele>
    <time>2026-04-22T15:03:32Z</time>
   </trkpt>
   <trkpt lat="12.9082060" lon="77.5741220">
    <ele>908.3</ele>
    <time>2026-04-22T15:03:33Z</time>
   </trkpt>
   <trkpt lat="12.9082070" lon="77.5741000">
    <ele>908.2</ele>
    <time>2026-04-22T15:03:34Z</time>
   </trkpt>
   <trkpt lat="12.9082070" lon="77.5740920">
    <ele>908.2</ele>
    <time>2026-04-22T15:03:35Z</time>
   </trkpt>
   <trkpt lat="12.9082080" lon="77.5740830">
    <ele>908.1</ele>
    <time>2026-04-22T15:03:36Z</time>
   </trkpt>
   <trkpt lat="12.9082070" lon="77.5740640">
    <ele>908.0</ele>
    <time>2026-04-22T15:03:37Z</time>
   </trkpt>
   <trkpt lat="12.9082070" lon="77.5740540">
    <ele>908.0</ele>
    <time>2026-04-22T15:03:38Z</time>
   </trkpt>
   <trkpt lat="12.9082070" lon="77.5740450">
    <ele>908.0</ele>
    <time>2026-04-22T15:03:39Z</time>
   </trkpt>
   <trkpt lat="12.9082100" lon="77.5740300">
    <ele>908.0</ele>
    <time>2026-04-22T15:03:40Z</time>
   </trkpt>
   <trkpt lat="12.9082050" lon="77.5740170">
    <ele>908.0</ele>
    <time>2026-04-22T15:03:41Z</time>
   </trkpt>
   <trkpt lat="12.9082010" lon="77.5740040">
    <ele>908.0</ele>
    <time>2026-04-22T15:03:42Z</time>
   </trkpt>
   <trkpt lat="12.9082000" lon="77.5739890">
    <ele>908.0</ele>
    <time>2026-04-22T15:03:43Z</time>
   </trkpt>
   <trkpt lat="12.9081990" lon="77.5739670">
    <ele>907.9</ele>
    <time>2026-04-22T15:03:44Z</time>
   </trkpt>
   <trkpt lat="12.9081990" lon="77.5739580">
    <ele>907.9</ele>
    <time>2026-04-22T15:03:45Z</time>
   </trkpt>
   <trkpt lat="12.9081980" lon="77.5739490">
    <ele>907.9</ele>
    <time>2026-04-22T15:03:46Z</time>
   </trkpt>
   <trkpt lat="12.9081980" lon="77.5739340">
    <ele>907.9</ele>
    <time>2026-04-22T15:03:47Z</time>
   </trkpt>
   <trkpt lat="12.9081930" lon="77.5739170">
    <ele>907.9</ele>
    <time>2026-04-22T15:03:49Z</time>
   </trkpt>
   <trkpt lat="12.9081960" lon="77.5738970">
    <ele>907.9</ele>
    <time>2026-04-22T15:03:50Z</time>
   </trkpt>
   <trkpt lat="12.9081960" lon="77.5738860">
    <ele>907.9</ele>
    <time>2026-04-22T15:03:51Z</time>
   </trkpt>
  </trkseg>
 </trk>
</gpx>
