<?xml version="1.0" encoding="UTF-8"?>
<gpx creator="StravaGPX" version="1.1" xmlns="http://www.topografix.com/GPX/1/1" xmlns:xsi="http://www.w3.org/2001/XMLSchema-instance" xsi:schemaLocation="http://www.topografix.com/GPX/1/1 http://www.topografix.com/GPX/1/1/gpx.xsd">
 <metadata>
  <time>2026-07-04T10:34:49Z</time>
 </metadata>
 <trk>
  <name>Afternoon ride</name>
  <type>cycling</type>
  <trkseg>
   <trkpt lat="12.9068950" lon="77.6292670">
    <ele>890.9</ele>
    <time>2026-07-04T10:34:49Z</time>
   </trkpt>
   <trkpt lat="12.9068950" lon="77.6292670">
    <ele>890.9</ele>
    <time>2026-07-04T10:34:50Z</time>
   </trkpt>
   <trkpt lat="12.9068950" lon="77.6292670">
    <ele>890.9</ele>
    <time>2026-07-04T10:34:51Z</time>
   </trkpt>
   <trkpt lat="12.9068950" lon="77.6292670">
    <ele>890.9</ele>
    <time>2026-07-04T10:34:52Z</time>
   </trkpt>
   <trkpt lat="12.9068950" lon="77.6292670">
    <ele>890.9</ele>
    <time>2026-07-04T10:34:53Z</time>
   </trkpt>
   <trkpt lat="12.9068950" lon="77.6292670">
    <ele>890.9</ele>
    <time>2026-07-04T10:34:54Z</time>
   </trkpt>
   <trkpt lat="12.9068950" lon="77.6292670">
    <ele>890.9</ele>
    <time>2026-07-04T10:34:55Z</time>
   </trkpt>
   <trkpt lat="12.9068870" lon="77.6292760">
    <ele>890.9</ele>
    <time>2026-07-04T10:34:56Z</time>
   </trkpt>
   <trkpt lat="12.9068840" lon="77.6292760">
    <ele>891.0</ele>
    <time>2026-07-04T10:34:57Z</time>
   </trkpt>
   <trkpt lat="12.9068860" lon="77.6292790">
    <ele>891.0</ele>
    <time>2026-07-04T10:34:58Z</time>
   </trkpt>
   <trkpt lat="12.9068860" lon="77.6292790">
    <ele>891.0</ele>
    <time>2026-07-04T10:34:59Z</time>
   </trkpt>
   <trkpt lat="12.9068630" lon="77.6292940">
    <ele>891.0</ele>
    <time>2026-07-04T10:35:02Z</time>
   </trkpt>
   <trkpt lat="12.9068490" lon="77.6293010">
    <ele>891.0</ele>
    <time>2026-07-04T10:35:03Z</time>
   </trkpt>
   <trkpt lat="12.9068310" lon="77.6293060">
    <ele>891.0</ele>
    <time>2026-07-04T10:35:04Z</time>
   </trkpt>
   <trkpt lat="12.9068080" lon="77.6293150">
    <ele>891.0</ele>
    <time>2026-07-04T10:35:05Z</time>
   </trkpt>
   <trkpt lat="12.9067820" lon="77.6293290">
    <ele>891.1</ele>
    <time>2026-07-04T10:35:06Z</time>
   </trkpt>
   <trkpt lat="12.9067650" lon="77.6293410">
    <ele>891.1</ele>
    <time>2026-07-04T10:35:07Z</time>
   </trkpt>
   <trkpt lat="12.9067420" lon="77.6293530">
    <ele>891.1</ele>
    <time>2026-07-04T10:35:08Z</time>
   </trkpt>
   <trkpt lat="12.9067200" lon="77.6293660">
    <ele>891.1</ele>
    <time>2026-07-04T10:35:09Z</time>
   </trkpt>
   <trkpt lat="12.9066990" lon="77.6293780">
    <ele>891.2</ele>
    <time>2026-07-04T10:35:10Z</time>
   </trkpt>
   <trkpt lat="12.9066780" lon="77.6293890">
    <ele>891.2</ele>
    <time>2026-07-04T10:35:11Z</time>
   </trkpt>
   <trkpt lat="12.9066550" lon="77.6294010">
    <ele>891.2</ele>
    <time>2026-07-04T10:35:12Z</time>
   </trkpt>
   <trkpt lat="12.9066340" lon="77.6294120">
    <ele>891.2</ele>
    <time>2026-07-04T10:35:13Z</time>
   </trkpt>
   <trkpt lat="12.9066110" lon="77.6294210">
    <ele>891.2</ele>
    <time>2026-07-04T10:35:14Z</time>
   </trkpt>
   <trkpt lat="12.9065890" lon="77.6294320">
    <ele>891.2</ele>
    <time>2026-07-04T10:35:15Z</time>
   </trkpt>
   <trkpt lat="12.9065690" lon="77.6294500">
    <ele>891.3</ele>
    <time>2026-07-04T10:35:16Z</time>
   </trkpt>
   <trkpt lat="12.9065500" lon="77.6294680">
    <ele>891.3</ele>
    <time>2026-07-04T10:35:17Z</time>
   </trkpt>
   <trkpt lat="12.9065290" lon="77.6294820">
    <ele>891.3</ele>
    <time>2026-07-04T10:35:18Z</time>
   </trkpt>
   <trkpt lat="12.9065070" lon="77.6294970">
    <ele>891.3</ele>
    <time>2026-07-04T10:35:19Z</time>
   </trkpt>
   <trkpt lat="12.9064880" lon="77.6295100">
    <ele>891.3</ele>
    <time>2026-07-04T10:35:20Z</time>
   </trkpt>
   <trkpt lat="12.9064710" lon="77.6295240">
    <ele>891.3</ele>
    <time>2026-07-04T10:35:21Z</time>
   </trkpt>
   <trkpt lat="12.9064610" lon="77.6295390">
    <ele>891.3</ele>
    <time>2026-07-04T10:35:22Z</time>
   </trkpt>
   <trkpt lat="12.9064550" lon="77.6295560">
    <ele>891.3</ele>
    <time>2026-07-04T10:35:23Z</time>
   </trkpt>
   <trkpt lat="12.9064510" lon="77.6295730">
    <ele>891.3</ele>
    <time>2026-07-04T10:35:24Z</time>
   </trkpt>
   <trkpt lat="12.9064450" lon="77.6295940">
    <ele>891.3</ele>
    <time>2026-07-04T10:35:25Z</time>
   </trkpt>
   <trkpt lat="12.9064390" lon="77.6296200">
    <ele>891.2</ele>
    <time>2026-07-04T10:35:26Z</time>
   </trkpt>
   <trkpt lat="12.9064330" lon="77.6296550">
    <ele>891.2</ele>
    <time>2026-07-04T10:35:27Z</time>
   </trkpt>
   <trkpt lat="12.9064310" lon="77.6296940">
    <ele>891.0</ele>
    <time>2026-07-04T10:35:28Z</time>
   </trkpt>
   <trkpt lat="12.9064280" lon="77.6297390">
    <ele>890.8</ele>
    <time>2026-07-04T10:35:29Z</time>
   </trkpt>
   <trkpt lat="12.9064300" lon="77.6297860">
    <ele>890.7</ele>
    <time>2026-07-04T10:35:30Z</time>
   </trkpt>
   <trkpt lat="12.9064330" lon="77.6298370">
    <ele>890.5</ele>
    <time>2026-07-04T10:35:31Z</time>
   </trkpt>
   <trkpt lat="12.9064400" lon="77.6298920">
    <ele>890.2</ele>
    <time>2026-07-04T10:35:32Z</time>
   </trkpt>
   <trkpt lat="12.9064480" lon="77.6299460">
    <ele>890.0</ele>
    <time>2026-07-04T10:35:33Z</time>
   </trkpt>
   <trkpt lat="12.9064530" lon="77.6299970">
    <ele>889.9</ele>
    <time>2026-07-04T10:35:34Z</time>
   </trkpt>
   <trkpt lat="12.9064530" lon="77.6300410">
    <ele>889.7</ele>
    <time>2026-07-04T10:35:35Z</time>
   </trkpt>
   <trkpt lat="12.9064560" lon="77.6300900">
    <ele>889.5</ele>
    <time>2026-07-04T10:35:36Z</time>
   </trkpt>
   <trkpt lat="12.9064590" lon="77.6301350">
    <ele>889.4</ele>
    <time>2026-07-04T10:35:37Z</time>
   </trkpt>
   <trkpt lat="12.9064630" lon="77.6301850">
    <ele>889.2</ele>
    <time>2026-07-04T10:35:38Z</time>
   </trkpt>
   <trkpt lat="12.9064670" lon="77.6302390">
    <ele>889.0</ele>
    <time>2026-07-04T10:35:39Z</time>
   </trkpt>
   <trkpt lat="12.9064720" lon="77.6302930">
    <ele>888.9</ele>
    <time>2026-07-04T10:35:40Z</time>
   </trkpt>
   <trkpt lat="12.9064780" lon="77.6303510">
    <ele>888.7</ele>
    <time>2026-07-04T10:35:41Z</time>
   </trkpt>
   <trkpt lat="12.9064840" lon="77.6304060">
    <ele>888.6</ele>
    <time>2026-07-04T10:35:42Z</time>
   </trkpt>
   <trkpt lat="12.9064950" lon="77.6304590">
    <ele>888.4</ele>
    <time>2026-07-04T10:35:43Z</time>
   </trkpt>
   <trkpt lat="12.9065050" lon="77.6305170">
    <ele>888.3</ele>
    <time>2026-07-04T10:35:44Z</time>
   </trkpt>
   <trkpt lat="12.9065120" lon="77.6305700">
    <ele>888.2</ele>
    <time>2026-07-04T10:35:45Z</time>
   </trkpt>
   <trkpt lat="12.9065070" lon="77.6306270">
    <ele>888.1</ele>
    <time>2026-07-04T10:35:46Z</time>
   </trkpt>
   <trkpt lat="12.9065080" lon="77.6306790">
    <ele>888.0</ele>
    <time>2026-07-04T10:35:47Z</time>
   </trkpt>
   <trkpt lat="12.9065120" lon="77.6307250">
    <ele>887.9</ele>
    <time>2026-07-04T10:35:48Z</time>
   </trkpt>
   <trkpt lat="12.9065250" lon="77.6307560">
    <ele>887.8</ele>
    <time>2026-07-04T10:35:49Z</time>
   </trkpt>
   <trkpt lat="12.9065340" lon="77.6307860">
    <ele>887.7</ele>
    <time>2026-07-04T10:35:50Z</time>
   </trkpt>
   <trkpt lat="12.9065390" lon="77.6308030">
    <ele>887.7</ele>
    <time>2026-07-04T10:35:51Z</time>
   </trkpt>
   <trkpt lat="12.9065420" lon="77.6308280">
    <ele>887.6</ele>
    <time>2026-07-04T10:35:52Z</time>
   </trkpt>
   <trkpt lat="12.9065450" lon="77.6308470">
    <ele>887.6</ele>
    <time>2026-07-04T10:35:53Z</time>
   </trkpt>
   <trkpt lat="12.9065490" lon="77.6308730">
    <ele>887.5</ele>
    <time>2026-07-04T10:35:54Z</time>
   </trkpt>
   <trkpt lat="12.9065560" lon="77.6309010">
    <ele>887.5</ele>
    <time>2026-07-04T10:35:55Z</time>
   </trkpt>
   <trkpt lat="12.9065640" lon="77.6309310">
    <ele>887.4</ele>
    <time>2026-07-04T10:35:56Z</time>
   </trkpt>
   <trkpt lat="12.9065740" lon="77.6309600">
    <ele>887.3</ele>
    <time>2026-07-04T10:35:57Z</time>
   </trkpt>
   <trkpt lat="12.9065810" lon="77.6309900">
    <ele>887.2</ele>
    <time>2026-07-04T10:35:58Z</time>
   </trkpt>
   <trkpt lat="12.9065880" lon="77.6310140">
    <ele>887.2</ele>
    <time>2026-07-04T10:35:59Z</time>
   </trkpt>
   <trkpt lat="12.9065970" lon="77.6310330">
    <ele>887.1</ele>
    <time>2026-07-04T10:36:00Z</time>
   </trkpt>
   <trkpt lat="12.9065980" lon="77.6310560">
    <ele>887.1</ele>
    <time>2026-07-04T10:36:01Z</time>
   </trkpt>
   <trkpt lat="12.9066040" lon="77.6310780">
    <ele>887.0</ele>
    <time>2026-07-04T10:36:02Z</time>
   </trkpt>
   <trkpt lat="12.9066030" lon="77.6310960">
    <ele>887.0</ele>
    <time>2026-07-04T10:36:03Z</time>
   </trkpt>
   <trkpt lat="12.9066070" lon="77.6311140">
    <ele>887.0</ele>
    <time>2026-07-04T10:36:04Z</time>
   </trkpt>
   <trkpt lat="12.9066110" lon="77.6311390">
    <ele>886.9</ele>
    <time>2026-07-04T10:36:05Z</time>
   </trkpt>
   <trkpt lat="12.9066140" lon="77.6311610">
    <ele>886.8</ele>
    <time>2026-07-04T10:36:06Z</time>
   </trkpt>
   <trkpt lat="12.9066170" lon="77.6311860">
    <ele>886.8</ele>
    <time>2026-07-04T10:36:07Z</time>
   </trkpt>
   <trkpt lat="12.9066190" lon="77.6312150">
    <ele>886.7</ele>
    <time>2026-07-04T10:36:08Z</time>
   </trkpt>
   <trkpt lat="12.9066210" lon="77.6312430">
    <ele>886.7</ele>
    <time>2026-07-04T10:36:09Z</time>
   </trkpt>
   <trkpt lat="12.9066240" lon="77.6312700">
    <ele>886.6</ele>
    <time>2026-07-04T10:36:10Z</time>
   </trkpt>
   <trkpt lat="12.9066300" lon="77.6312970">
    <ele>886.5</ele>
    <time>2026-07-04T10:36:11Z</time>
   </trkpt>
   <trkpt lat="12.9066370" lon="77.6313210">
    <ele>886.5</ele>
    <time>2026-07-04T10:36:12Z</time>
   </trkpt>
   <trkpt lat="12.9066430" lon="77.6313430">
    <ele>886.5</ele>
    <time>2026-07-04T10:36:13Z</time>
   </trkpt>
   <trkpt lat="12.9066490" lon="77.6313690">
    <ele>886.4</ele>
    <time>2026-07-04T10:36:14Z</time>
   </trkpt>
   <trkpt lat="12.9066550" lon="77.6313930">
    <ele>886.4</ele>
    <time>2026-07-04T10:36:15Z</time>
   </trkpt>
   <trkpt lat="12.9066640" lon="77.6314180">
    <ele>886.3</ele>
    <time>2026-07-04T10:36:16Z</time>
   </trkpt>
   <trkpt lat="12.9066710" lon="77.6314460">
    <ele>886.3</ele>
    <time>2026-07-04T10:36:17Z</time>
   </trkpt>
   <trkpt lat="12.9066740" lon="77.6314830">
    <ele>886.2</ele>
    <time>2026-07-04T10:36:18Z</time>
   </trkpt>
   <trkpt lat="12.9066820" lon="77.6315160">
    <ele>886.2</ele>
    <time>2026-07-04T10:36:19Z</time>
   </trkpt>
   <trkpt lat="12.9066860" lon="77.6315510">
    <ele>886.2</ele>
    <time>2026-07-04T10:36:20Z</time>
   </trkpt>
   <trkpt lat="12.9066950" lon="77.6315870">
    <ele>886.1</ele>
    <time>2026-07-04T10:36:21Z</time>
   </trkpt>
   <trkpt lat="12.9067010" lon="77.6316250">
    <ele>886.1</ele>
    <time>2026-07-04T10:36:22Z</time>
   </trkpt>
   <trkpt lat="12.9067040" lon="77.6316600">
    <ele>886.1</ele>
    <time>2026-07-04T10:36:23Z</time>
   </trkpt>
   <trkpt lat="12.9067090" lon="77.6316950">
    <ele>886.0</ele>
    <time>2026-07-04T10:36:24Z</time>
   </trkpt>
   <trkpt lat="12.9067120" lon="77.6317300">
    <ele>886.0</ele>
    <time>2026-07-04T10:36:25Z</time>
   </trkpt>
   <trkpt lat="12.9067170" lon="77.6317590">
    <ele>886.0</ele>
    <time>2026-07-04T10:36:26Z</time>
   </trkpt>
   <trkpt lat="12.9067210" lon="77.6317910">
    <ele>885.9</ele>
    <time>2026-07-04T10:36:27Z</time>
   </trkpt>
   <trkpt lat="12.9067240" lon="77.6318110">
    <ele>885.9</ele>
    <time>2026-07-04T10:36:28Z</time>
   </trkpt>
   <trkpt lat="12.9067240" lon="77.6318360">
    <ele>885.9</ele>
    <time>2026-07-04T10:36:29Z</time>
   </trkpt>
   <trkpt lat="12.9067250" lon="77.6318640">
    <ele>885.9</ele>
    <time>2026-07-04T10:36:30Z</time>
   </trkpt>
   <trkpt lat="12.9067230" lon="77.6318950">
    <ele>885.8</ele>
    <time>2026-07-04T10:36:31Z</time>
   </trkpt>
   <trkpt lat="12.9067210" lon="77.6319260">
    <ele>885.8</ele>
    <time>2026-07-04T10:36:32Z</time>
   </trkpt>
   <trkpt lat="12.9067190" lon="77.6319560">
    <ele>885.7</ele>
    <time>2026-07-04T10:36:33Z</time>
   </trkpt>
   <trkpt lat="12.9067160" lon="77.6319860">
    <ele>885.7</ele>
    <time>2026-07-04T10:36:34Z</time>
   </trkpt>
   <trkpt lat="12.9067150" lon="77.6320160">
    <ele>885.7</ele>
    <time>2026-07-04T10:36:35Z</time>
   </trkpt>
   <trkpt lat="12.9067140" lon="77.6320450">
    <ele>885.6</ele>
    <time>2026-07-04T10:36:36Z</time>
   </trkpt>
   <trkpt lat="12.9067180" lon="77.6320770">
    <ele>885.6</ele>
    <time>2026-07-04T10:36:37Z</time>
   </trkpt>
   <trkpt lat="12.9067190" lon="77.6321070">
    <ele>885.6</ele>
    <time>2026-07-04T10:36:38Z</time>
   </trkpt>
   <trkpt lat="12.9067220" lon="77.6321340">
    <ele>885.5</ele>
    <time>2026-07-04T10:36:39Z</time>
   </trkpt>
   <trkpt lat="12.9067260" lon="77.6321600">
    <ele>885.5</ele>
    <time>2026-07-04T10:36:40Z</time>
   </trkpt>
   <trkpt lat="12.9067290" lon="77.6321860">
    <ele>885.5</ele>
    <time>2026-07-04T10:36:41Z</time>
   </trkpt>
   <trkpt lat="12.9067300" lon="77.6322130">
    <ele>885.4</ele>
    <time>2026-07-04T10:36:42Z</time>
   </trkpt>
   <trkpt lat="12.9067310" lon="77.6322400">
    <ele>885.4</ele>
    <time>2026-07-04T10:36:43Z</time>
   </trkpt>
   <trkpt lat="12.9067320" lon="77.6322690">
    <ele>885.4</ele>
    <time>2026-07-04T10:36:44Z</time>
   </trkpt>
   <trkpt lat="12.9067360" lon="77.6322960">
    <ele>885.3</ele>
    <time>2026-07-04T10:36:45Z</time>
   </trkpt>
   <trkpt lat="12.9067380" lon="77.6323190">
    <ele>885.3</ele>
    <time>2026-07-04T10:36:46Z</time>
   </trkpt>
   <trkpt lat="12.9067380" lon="77.6323430">
    <ele>885.3</ele>
    <time>2026-07-04T10:36:47Z</time>
   </trkpt>
   <trkpt lat="12.9067390" lon="77.6323650">
    <ele>885.2</ele>
    <time>2026-07-04T10:36:48Z</time>
   </trkpt>
   <trkpt lat="12.9067400" lon="77.6323860">
    <ele>885.2</ele>
    <time>2026-07-04T10:36:49Z</time>
   </trkpt>
   <trkpt lat="12.9067400" lon="77.6324050">
    <ele>885.2</ele>
    <time>2026-07-04T10:36:50Z</time>
   </trkpt>
   <trkpt lat="12.9067390" lon="77.6324220">
    <ele>885.2</ele>
    <time>2026-07-04T10:36:51Z</time>
   </trkpt>
   <trkpt lat="12.9067400" lon="77.6324300">
    <ele>885.2</ele>
    <time>2026-07-04T10:36:52Z</time>
   </trkpt>
   <trkpt lat="12.9067390" lon="77.6324370">
    <ele>885.2</ele>
    <time>2026-07-04T10:36:53Z</time>
   </trkpt>
   <trkpt lat="12.9067390" lon="77.6324350">
    <ele>885.2</ele>
    <time>2026-07-04T10:36:54Z</time>
   </trkpt>
   <trkpt lat="12.9067390" lon="77.6324360">
    <ele>885.1</ele>
    <time>2026-07-04T10:36:55Z</time>
   </trkpt>
   <trkpt lat="12.9067400" lon="77.6324350">
    <ele>885.1</ele>
    <time>2026-07-04T10:36:56Z</time>
   </trkpt>
   <trkpt lat="12.9067400" lon="77.6324350">
    <ele>885.1</ele>
    <time>2026-07-04T10:36:57Z</time>
   </trkpt>
   <trkpt lat="12.9067400" lon="77.6324350">
    <ele>885.1</ele>
    <time>2026-07-04T10:36:58Z</time>
   </trkpt>
   <trkpt lat="12.9067400" lon="77.6324350">
    <ele>885.1</ele>
    <time>2026-07-04T10:36:59Z</time>
   </trkpt>
   <trkpt lat="12.9067400" lon="77.6324350">
    <ele>885.1</ele>
    <time>2026-07-04T10:37:00Z</time>
   </trkpt>
   <trkpt lat="12.9067400" lon="77.6324350">
    <ele>885.1</ele>
    <time>2026-07-04T10:37:01Z</time>
   </trkpt>
   <trkpt lat="12.9067400" lon="77.6324350">
    <ele>885.1</ele>
    <time>2026-07-04T10:37:02Z</time>
   </trkpt>
   <trkpt lat="12.9067400" lon="77.6324350">
    <ele>885.1</ele>
    <time>2026-07-04T10:37:03Z</time>
   </trkpt>
   <trkpt lat="12.9067380" lon="77.6324850">
    <ele>885.1</ele>
    <time>2026-07-04T10:37:51Z</time>
   </trkpt>
   <trkpt lat="12.9067430" lon="77.6325010">
    <ele>885.1</ele>
    <time>2026-07-04T10:37:52Z</time>
   </trkpt>
   <trkpt lat="12.9067510" lon="77.6325200">
    <ele>885.0</ele>
    <time>2026-07-04T10:37:53Z</time>
   </trkpt>
   <trkpt lat="12.9067610" lon="77.6325360">
    <ele>885.0</ele>
    <time>2026-07-04T10:37:54Z</time>
   </trkpt>
   <trkpt lat="12.9067830" lon="77.6325440">
    <ele>884.9</ele>
    <time>2026-07-04T10:37:55Z</time>
   </trkpt>
   <trkpt lat="12.9068050" lon="77.6325450">
    <ele>884.9</ele>
    <time>2026-07-04T10:37:56Z</time>
   </trkpt>
   <trkpt lat="12.9068270" lon="77.6325440">
    <ele>884.9</ele>
    <time>2026-07-04T10:37:57Z</time>
   </trkpt>
   <trkpt lat="12.9068520" lon="77.6325430">
    <ele>884.8</ele>
    <time>2026-07-04T10:37:58Z</time>
   </trkpt>
   <trkpt lat="12.9068760" lon="77.6325400">
    <ele>884.8</ele>
    <time>2026-07-04T10:37:59Z</time>
   </trkpt>
   <trkpt lat="12.9069000" lon="77.6325420">
    <ele>884.8</ele>
    <time>2026-07-04T10:38:00Z</time>
   </trkpt>
   <trkpt lat="12.9069240" lon="77.6325450">
    <ele>884.7</ele>
    <time>2026-07-04T10:38:01Z</time>
   </trkpt>
   <trkpt lat="12.9069470" lon="77.6325450">
    <ele>884.7</ele>
    <time>2026-07-04T10:38:02Z</time>
   </trkpt>
   <trkpt lat="12.9069700" lon="77.6325440">
    <ele>884.7</ele>
    <time>2026-07-04T10:38:03Z</time>
   </trkpt>
   <trkpt lat="12.9069930" lon="77.6325460">
    <ele>884.7</ele>
    <time>2026-07-04T10:38:04Z</time>
   </trkpt>
   <trkpt lat="12.9070150" lon="77.6325500">
    <ele>884.7</ele>
    <time>2026-07-04T10:38:05Z</time>
   </trkpt>
   <trkpt lat="12.9070380" lon="77.6325500">
    <ele>884.7</ele>
    <time>2026-07-04T10:38:06Z</time>
   </trkpt>
   <trkpt lat="12.9070630" lon="77.6325440">
    <ele>884.6</ele>
    <time>2026-07-04T10:38:07Z</time>
   </trkpt>
   <trkpt lat="12.9070860" lon="77.6325390">
    <ele>884.6</ele>
    <time>2026-07-04T10:38:08Z</time>
   </trkpt>
   <trkpt lat="12.9071090" lon="77.6325400">
    <ele>884.6</ele>
    <time>2026-07-04T10:38:09Z</time>
   </trkpt>
   <trkpt lat="12.9071330" lon="77.6325390">
    <ele>884.6</ele>
    <time>2026-07-04T10:38:10Z</time>
   </trkpt>
   <trkpt lat="12.9071560" lon="77.6325410">
    <ele>884.6</ele>
    <time>2026-07-04T10:38:11Z</time>
   </trkpt>
   <trkpt lat="12.9071800" lon="77.6325420">
    <ele>884.6</ele>
    <time>2026-07-04T10:38:12Z</time>
   </trkpt>
   <trkpt lat="12.9072030" lon="77.6325450">
    <ele>884.5</ele>
    <time>2026-07-04T10:38:13Z</time>
   </trkpt>
   <trkpt lat="12.9072280" lon="77.6325480">
    <ele>884.5</ele>
    <time>2026-07-04T10:38:14Z</time>
   </trkpt>
   <trkpt lat="12.9072580" lon="77.6325470">
    <ele>884.5</ele>
    <time>2026-07-04T10:38:15Z</time>
   </trkpt>
   <trkpt lat="12.9072860" lon="77.6325480">
    <ele>884.5</ele>
    <time>2026-07-04T10:38:16Z</time>
   </trkpt>
   <trkpt lat="12.9073140" lon="77.6325490">
    <ele>884.5</ele>
    <time>2026-07-04T10:38:17Z</time>
   </trkpt>
   <trkpt lat="12.9073400" lon="77.6325530">
    <ele>884.5</ele>
    <time>2026-07-04T10:38:18Z</time>
   </trkpt>
   <trkpt lat="12.9073710" lon="77.6325490">
    <ele>884.5</ele>
    <time>2026-07-04T10:38:19Z</time>
   </trkpt>
   <trkpt lat="12.9073960" lon="77.6325460">
    <ele>884.5</ele>
    <time>2026-07-04T10:38:20Z</time>
   </trkpt>
   <trkpt lat="12.9074120" lon="77.6325400">
    <ele>884.5</ele>
    <time>2026-07-04T10:38:21Z</time>
   </trkpt>
   <trkpt lat="12.9074210" lon="77.6325420">
    <ele>884.5</ele>
    <time>2026-07-04T10:38:22Z</time>
   </trkpt>
   <trkpt lat="12.9074350" lon="77.6325460">
    <ele>884.5</ele>
    <time>2026-07-04T10:38:23Z</time>
   </trkpt>
   <trkpt lat="12.9074500" lon="77.6325450">
    <ele>884.5</ele>
    <time>2026-07-04T10:38:24Z</time>
   </trkpt>
   <trkpt lat="12.9074720" lon="77.6325470">
    <ele>884.5</ele>
    <time>2026-07-04T10:38:25Z</time>
   </trkpt>
   <trkpt lat="12.9074970" lon="77.6325500">
    <ele>884.5</ele>
    <time>2026-07-04T10:38:26Z</time>
   </trkpt>
   <trkpt lat="12.9075250" lon="77.6325510">
    <ele>884.5</ele>
    <time>2026-07-04T10:38:27Z</time>
   </trkpt>
   <trkpt lat="12.9075540" lon="77.6325530">
    <ele>884.5</ele>
    <time>2026-07-04T10:38:28Z</time>
   </trkpt>
   <trkpt lat="12.9075790" lon="77.6325540">
    <ele>884.5</ele>
    <time>2026-07-04T10:38:29Z</time>
   </trkpt>
   <trkpt lat="12.9076050" lon="77.6325550">
    <ele>884.5</ele>
    <time>2026-07-04T10:38:30Z</time>
   </trkpt>
   <trkpt lat="12.9076250" lon="77.6325550">
    <ele>884.5</ele>
    <time>2026-07-04T10:38:31Z</time>
   </trkpt>
   <trkpt lat="12.9076520" lon="77.6325530">
    <ele>884.5</ele>
    <time>2026-07-04T10:38:32Z</time>
   </trkpt>
   <trkpt lat="12.9076770" lon="77.6325520">
    <ele>884.5</ele>
    <time>2026-07-04T10:38:33Z</time>
   </trkpt>
   <trkpt lat="12.9077010" lon="77.6325510">
    <ele>884.4</ele>
    <time>2026-07-04T10:38:34Z</time>
   </trkpt>
   <trkpt lat="12.9077230" lon="77.6325510">
    <ele>884.4</ele>
    <time>2026-07-04T10:38:35Z</time>
   </trkpt>
   <trkpt lat="12.9077480" lon="77.6325480">
    <ele>884.4</ele>
    <time>2026-07-04T10:38:36Z</time>
   </trkpt>
   <trkpt lat="12.9077720" lon="77.6325440">
    <ele>884.4</ele>
    <time>2026-07-04T10:38:37Z</time>
   </trkpt>
   <trkpt lat="12.9077970" lon="77.6325430">
    <ele>884.4</ele>
    <time>2026-07-04T10:38:38Z</time>
   </trkpt>
   <trkpt lat="12.9078240" lon="77.6325430">
    <ele>884.4</ele>
    <time>2026-07-04T10:38:39Z</time>
   </trkpt>
   <trkpt lat="12.9078520" lon="77.6325430">
    <ele>884.4</ele>
    <time>2026-07-04T10:38:40Z</time>
   </trkpt>
   <trkpt lat="12.9078790" lon="77.6325430">
    <ele>884.4</ele>
    <time>2026-07-04T10:38:41Z</time>
   </trkpt>
   <trkpt lat="12.9079050" lon="77.6325430">
    <ele>884.4</ele>
    <time>2026-07-04T10:38:42Z</time>
   </trkpt>
   <trkpt lat="12.9079310" lon="77.6325420">
    <ele>884.4</ele>
    <time>2026-07-04T10:38:43Z</time>
   </trkpt>
   <trkpt lat="12.9079560" lon="77.6325430">
    <ele>884.4</ele>
    <time>2026-07-04T10:38:44Z</time>
   </trkpt>
   <trkpt lat="12.9079810" lon="77.6325440">
    <ele>884.4</ele>
    <time>2026-07-04T10:38:45Z</time>
   </trkpt>
   <trkpt lat="12.9080060" lon="77.6325430">
    <ele>884.4</ele>
    <time>2026-07-04T10:38:46Z</time>
   </trkpt>
   <trkpt lat="12.9080290" lon="77.6325400">
    <ele>884.4</ele>
    <time>2026-07-04T10:38:47Z</time>
   </trkpt>
   <trkpt lat="12.9080490" lon="77.6325370">
    <ele>884.4</ele>
    <time>2026-07-04T10:38:48Z</time>
   </trkpt>
   <trkpt lat="12.9080700" lon="77.6325370">
    <ele>884.4</ele>
    <time>2026-07-04T10:38:49Z</time>
   </trkpt>
   <trkpt lat="12.9080900" lon="77.6325310">
    <ele>884.4</ele>
    <time>2026-07-04T10:38:50Z</time>
   </trkpt>
   <trkpt lat="12.9081180" lon="77.6325280">
    <ele>884.4</ele>
    <time>2026-07-04T10:38:51Z</time>
   </trkpt>
   <trkpt lat="12.9081390" lon="77.6325320">
    <ele>884.4</ele>
    <time>2026-07-04T10:38:52Z</time>
   </trkpt>
   <trkpt lat="12.9081650" lon="77.6325330">
    <ele>884.3</ele>
    <time>2026-07-04T10:38:53Z</time>
   </trkpt>
   <trkpt lat="12.9081910" lon="77.6325280">
    <ele>884.3</ele>
    <time>2026-07-04T10:38:54Z</time>
   </trkpt>
   <trkpt lat="12.9082160" lon="77.6325290">
    <ele>884.3</ele>
    <time>2026-07-04T10:38:55Z</time>
   </trkpt>
   <trkpt lat="12.9082460" lon="77.6325320">
    <ele>884.3</ele>
    <time>2026-07-04T10:38:56Z</time>
   </trkpt>
   <trkpt lat="12.9082760" lon="77.6325290">
    <ele>884.3</ele>
    <time>2026-07-04T10:38:57Z</time>
   </trkpt>
   <trkpt lat="12.9083030" lon="77.6325280">
    <ele>884.3</ele>
    <time>2026-07-04T10:38:58Z</time>
   </trkpt>
   <trkpt lat="12.9083330" lon="77.6325260">
    <ele>884.3</ele>
    <time>2026-07-04T10:38:59Z</time>
   </trkpt>
   <trkpt lat="12.9083620" lon="77.6325230">
    <ele>884.3</ele>
    <time>2026-07-04T10:39:00Z</time>
   </trkpt>
   <trkpt lat="12.9083870" lon="77.6325220">
    <ele>884.3</ele>
    <time>2026-07-04T10:39:01Z</time>
   </trkpt>
   <trkpt lat="12.9084170" lon="77.6325210">
    <ele>884.2</ele>
    <time>2026-07-04T10:39:02Z</time>
   </trkpt>
   <trkpt lat="12.9084450" lon="77.6325220">
    <ele>884.2</ele>
    <time>2026-07-04T10:39:03Z</time>
   </trkpt>
   <trkpt lat="12.9084740" lon="77.6325230">
    <ele>884.2</ele>
    <time>2026-07-04T10:39:04Z</time>
   </trkpt>
   <trkpt lat="12.9085020" lon="77.6325230">
    <ele>884.2</ele>
    <time>2026-07-04T10:39:05Z</time>
   </trkpt>
   <trkpt lat="12.9085270" lon="77.6325240">
    <ele>884.2</ele>
    <time>2026-07-04T10:39:06Z</time>
   </trkpt>
   <trkpt lat="12.9085550" lon="77.6325250">
    <ele>884.2</ele>
    <time>2026-07-04T10:39:07Z</time>
   </trkpt>
   <trkpt lat="12.9085850" lon="77.6325260">
    <ele>884.2</ele>
    <time>2026-07-04T10:39:08Z</time>
   </trkpt>
   <trkpt lat="12.9086180" lon="77.6325250">
    <ele>884.2</ele>
    <time>2026-07-04T10:39:09Z</time>
   </trkpt>
   <trkpt lat="12.9086420" lon="77.6325250">
    <ele>884.2</ele>
    <time>2026-07-04T10:39:10Z</time>
   </trkpt>
   <trkpt lat="12.9086710" lon="77.6325240">
    <ele>884.2</ele>
    <time>2026-07-04T10:39:11Z</time>
   </trkpt>
   <trkpt lat="12.9087010" lon="77.6325200">
    <ele>884.1</ele>
    <time>2026-07-04T10:39:12Z</time>
   </trkpt>
   <trkpt lat="12.9087300" lon="77.6325190">
    <ele>884.1</ele>
    <time>2026-07-04T10:39:13Z</time>
   </trkpt>
   <trkpt lat="12.9087590" lon="77.6325180">
    <ele>884.1</ele>
    <time>2026-07-04T10:39:14Z</time>
   </trkpt>
   <trkpt lat="12.9087890" lon="77.6325170">
    <ele>884.1</ele>
    <time>2026-07-04T10:39:15Z</time>
   </trkpt>
   <trkpt lat="12.9088180" lon="77.6325140">
    <ele>884.1</ele>
    <time>2026-07-04T10:39:16Z</time>
   </trkpt>
   <trkpt lat="12.9088450" lon="77.6325110">
    <ele>884.1</ele>
    <time>2026-07-04T10:39:17Z</time>
   </trkpt>
   <trkpt lat="12.9088720" lon="77.6325100">
    <ele>884.0</ele>
    <time>2026-07-04T10:39:18Z</time>
   </trkpt>
   <trkpt lat="12.9089000" lon="77.6325070">
    <ele>884.0</ele>
    <time>2026-07-04T10:39:19Z</time>
   </trkpt>
   <trkpt lat="12.9089250" lon="77.6325040">
    <ele>884.0</ele>
    <time>2026-07-04T10:39:20Z</time>
   </trkpt>
   <trkpt lat="12.9089520" lon="77.6325030">
    <ele>884.0</ele>
    <time>2026-07-04T10:39:21Z</time>
   </trkpt>
   <trkpt lat="12.9089880" lon="77.6324990">
    <ele>884.0</ele>
    <time>2026-07-04T10:39:22Z</time>
   </trkpt>
   <trkpt lat="12.9090190" lon="77.6324990">
    <ele>884.0</ele>
    <time>2026-07-04T10:39:23Z</time>
   </trkpt>
   <trkpt lat="12.9090460" lon="77.6325010">
    <ele>883.9</ele>
    <time>2026-07-04T10:39:24Z</time>
   </trkpt>
   <trkpt lat="12.9090760" lon="77.6325020">
    <ele>883.9</ele>
    <time>2026-07-04T10:39:25Z</time>
   </trkpt>
   <trkpt lat="12.9091010" lon="77.6324970">
    <ele>883.9</ele>
    <time>2026-07-04T10:39:26Z</time>
   </trkpt>
   <trkpt lat="12.9091260" lon="77.6324970">
    <ele>883.9</ele>
    <time>2026-07-04T10:39:27Z</time>
   </trkpt>
   <trkpt lat="12.9091550" lon="77.6324950">
    <ele>883.9</ele>
    <time>2026-07-04T10:39:28Z</time>
   </trkpt>
   <trkpt lat="12.9091830" lon="77.6324940">
    <ele>883.9</ele>
    <time>2026-07-04T10:39:29Z</time>
   </trkpt>
   <trkpt lat="12.9092090" lon="77.6324910">
    <ele>883.8</ele>
    <time>2026-07-04T10:39:30Z</time>
   </trkpt>
   <trkpt lat="12.9092360" lon="77.6324910">
    <ele>883.8</ele>
    <time>2026-07-04T10:39:31Z</time>
   </trkpt>
   <trkpt lat="12.9092630" lon="77.6324910">
    <ele>883.8</ele>
    <time>2026-07-04T10:39:32Z</time>
   </trkpt>
   <trkpt lat="12.9092900" lon="77.6324880">
    <ele>883.8</ele>
    <time>2026-07-04T10:39:33Z</time>
   </trkpt>
   <trkpt lat="12.9093150" lon="77.6324890">
    <ele>883.7</ele>
    <time>2026-07-04T10:39:34Z</time>
   </trkpt>
   <trkpt lat="12.9093440" lon="77.6324840">
    <ele>883.7</ele>
    <time>2026-07-04T10:39:35Z</time>
   </trkpt>
   <trkpt lat="12.9093720" lon="77.6324810">
    <ele>883.7</ele>
    <time>2026-07-04T10:39:36Z</time>
   </trkpt>
   <trkpt lat="12.9094020" lon="77.6324830">
    <ele>883.6</ele>
    <time>2026-07-04T10:39:37Z</time>
   </trkpt>
   <trkpt lat="12.9094320" lon="77.6324860">
    <ele>883.6</ele>
    <time>2026-07-04T10:39:38Z</time>
   </trkpt>
   <trkpt lat="12.9094610" lon="77.6324860">
    <ele>883.6</ele>
    <time>2026-07-04T10:39:39Z</time>
   </trkpt>
   <trkpt lat="12.9094890" lon="77.6324860">
    <ele>883.6</ele>
    <time>2026-07-04T10:39:40Z</time>
   </trkpt>
   <trkpt lat="12.9095190" lon="77.6324840">
    <ele>883.6</ele>
    <time>2026-07-04T10:39:41Z</time>
   </trkpt>
   <trkpt lat="12.9095470" lon="77.6324810">
    <ele>883.5</ele>
    <time>2026-07-04T10:39:42Z</time>
   </trkpt>
   <trkpt lat="12.9095750" lon="77.6324790">
    <ele>883.5</ele>
    <time>2026-07-04T10:39:43Z</time>
   </trkpt>
   <trkpt lat="12.9096010" lon="77.6324800">
    <ele>883.5</ele>
    <time>2026-07-04T10:39:44Z</time>
   </trkpt>
   <trkpt lat="12.9096280" lon="77.6324810">
    <ele>883.5</ele>
    <time>2026-07-04T10:39:45Z</time>
   </trkpt>
   <trkpt lat="12.9096540" lon="77.6324830">
    <ele>883.5</ele>
    <time>2026-07-04T10:39:46Z</time>
   </trkpt>
   <trkpt lat="12.9096770" lon="77.6324810">
    <ele>883.5</ele>
    <time>2026-07-04T10:39:47Z</time>
   </trkpt>
   <trkpt lat="12.9097030" lon="77.6324780">
    <ele>883.5</ele>
    <time>2026-07-04T10:39:48Z</time>
   </trkpt>
   <trkpt lat="12.9097270" lon="77.6324740">
    <ele>883.4</ele>
    <time>2026-07-04T10:39:49Z</time>
   </trkpt>
   <trkpt lat="12.9097500" lon="77.6324740">
    <ele>883.4</ele>
    <time>2026-07-04T10:39:50Z</time>
   </trkpt>
   <trkpt lat="12.9097740" lon="77.6324750">
    <ele>883.4</ele>
    <time>2026-07-04T10:39:51Z</time>
   </trkpt>
   <trkpt lat="12.9097960" lon="77.6324770">
    <ele>883.4</ele>
    <time>2026-07-04T10:39:52Z</time>
   </trkpt>
   <trkpt lat="12.9098210" lon="77.6324760">
    <ele>883.4</ele>
    <time>2026-07-04T10:39:53Z</time>
   </trkpt>
   <trkpt lat="12.9098450" lon="77.6324740">
    <ele>883.4</ele>
    <time>2026-07-04T10:39:54Z</time>
   </trkpt>
   <trkpt lat="12.9098680" lon="77.6324740">
    <ele>883.4</ele>
    <time>2026-07-04T10:39:55Z</time>
   </trkpt>
   <trkpt lat="12.9098950" lon="77.6324740">
    <ele>883.3</ele>
    <time>2026-07-04T10:39:56Z</time>
   </trkpt>
   <trkpt lat="12.9099190" lon="77.6324760">
    <ele>883.3</ele>
    <time>2026-07-04T10:39:57Z</time>
   </trkpt>
   <trkpt lat="12.9099410" lon="77.6324750">
    <ele>883.3</ele>
    <time>2026-07-04T10:39:58Z</time>
   </trkpt>
   <trkpt lat="12.9099600" lon="77.6324730">
    <ele>883.3</ele>
    <time>2026-07-04T10:39:59Z</time>
   </trkpt>
   <trkpt lat="12.9099730" lon="77.6324710">
    <ele>883.3</ele>
    <time>2026-07-04T10:40:00Z</time>
   </trkpt>
   <trkpt lat="12.9099880" lon="77.6324690">
    <ele>883.3</ele>
    <time>2026-07-04T10:40:01Z</time>
   </trkpt>
   <trkpt lat="12.9100070" lon="77.6324650">
    <ele>883.3</ele>
    <time>2026-07-04T10:40:02Z</time>
   </trkpt>
   <trkpt lat="12.9100280" lon="77.6324640">
    <ele>883.3</ele>
    <time>2026-07-04T10:40:03Z</time>
   </trkpt>
   <trkpt lat="12.9100520" lon="77.6324670">
    <ele>883.3</ele>
    <time>2026-07-04T10:40:04Z</time>
   </trkpt>
   <trkpt lat="12.9100740" lon="77.6324710">
    <ele>883.3</ele>
    <time>2026-07-04T10:40:05Z</time>
   </trkpt>
   <trkpt lat="12.9100960" lon="77.6324730">
    <ele>883.3</ele>
    <time>2026-07-04T10:40:06Z</time>
   </trkpt>
   <trkpt lat="12.9101190" lon="77.6324790">
    <ele>883.3</ele>
    <time>2026-07-04T10:40:07Z</time>
   </trkpt>
   <trkpt lat="12.9101400" lon="77.6324800">
    <ele>883.3</ele>
    <time>2026-07-04T10:40:08Z</time>
   </trkpt>
   <trkpt lat="12.9101620" lon="77.6324800">
    <ele>883.3</ele>
    <time>2026-07-04T10:40:09Z</time>
   </trkpt>
   <trkpt lat="12.9101840" lon="77.6324780">
    <ele>883.2</ele>
    <time>2026-07-04T10:40:10Z</time>
   </trkpt>
   <trkpt lat="12.9102090" lon="77.6324740">
    <ele>883.2</ele>
    <time>2026-07-04T10:40:11Z</time>
   </trkpt>
   <trkpt lat="12.9102330" lon="77.6324730">
    <ele>883.2</ele>
    <time>2026-07-04T10:40:12Z</time>
   </trkpt>
   <trkpt lat="12.9102550" lon="77.6324730">
    <ele>883.2</ele>
    <time>2026-07-04T10:40:13Z</time>
   </trkpt>
   <trkpt lat="12.9102780" lon="77.6324760">
    <ele>883.2</ele>
    <time>2026-07-04T10:40:14Z</time>
   </trkpt>
   <trkpt lat="12.9102990" lon="77.6324740">
    <ele>883.2</ele>
    <time>2026-07-04T10:40:15Z</time>
   </trkpt>
   <trkpt lat="12.9103190" lon="77.6324670">
    <ele>883.1</ele>
    <time>2026-07-04T10:40:16Z</time>
   </trkpt>
   <trkpt lat="12.9103400" lon="77.6324700">
    <ele>883.1</ele>
    <time>2026-07-04T10:40:17Z</time>
   </trkpt>
   <trkpt lat="12.9103620" lon="77.6324630">
    <ele>883.1</ele>
    <time>2026-07-04T10:40:18Z</time>
   </trkpt>
   <trkpt lat="12.9103840" lon="77.6324640">
    <ele>883.1</ele>
    <time>2026-07-04T10:40:19Z</time>
   </trkpt>
   <trkpt lat="12.9104050" lon="77.6324650">
    <ele>883.1</ele>
    <time>2026-07-04T10:40:20Z</time>
   </trkpt>
   <trkpt lat="12.9104240" lon="77.6324670">
    <ele>883.1</ele>
    <time>2026-07-04T10:40:21Z</time>
   </trkpt>
   <trkpt lat="12.9104410" lon="77.6324650">
    <ele>883.1</ele>
    <time>2026-07-04T10:40:22Z</time>
   </trkpt>
   <trkpt lat="12.9104590" lon="77.6324650">
    <ele>883.1</ele>
    <time>2026-07-04T10:40:23Z</time>
   </trkpt>
   <trkpt lat="12.9104750" lon="77.6324670">
    <ele>883.0</ele>
    <time>2026-07-04T10:40:24Z</time>
   </trkpt>
   <trkpt lat="12.9104890" lon="77.6324610">
    <ele>883.0</ele>
    <time>2026-07-04T10:40:25Z</time>
   </trkpt>
   <trkpt lat="12.9105060" lon="77.6324570">
    <ele>883.0</ele>
    <time>2026-07-04T10:40:26Z</time>
   </trkpt>
   <trkpt lat="12.9105170" lon="77.6324590">
    <ele>883.0</ele>
    <time>2026-07-04T10:40:27Z</time>
   </trkpt>
   <trkpt lat="12.9105280" lon="77.6324590">
    <ele>883.0</ele>
    <time>2026-07-04T10:40:28Z</time>
   </trkpt>
   <trkpt lat="12.9105450" lon="77.6324560">
    <ele>883.0</ele>
    <time>2026-07-04T10:40:29Z</time>
   </trkpt>
   <trkpt lat="12.9105550" lon="77.6324540">
    <ele>883.0</ele>
    <time>2026-07-04T10:40:30Z</time>
   </trkpt>
   <trkpt lat="12.9105670" lon="77.6324530">
    <ele>883.0</ele>
    <time>2026-07-04T10:40:31Z</time>
   </trkpt>
   <trkpt lat="12.9105740" lon="77.6324530">
    <ele>883.0</ele>
    <time>2026-07-04T10:40:32Z</time>
   </trkpt>
   <trkpt lat="12.9105750" lon="77.6324530">
    <ele>883.0</ele>
    <time>2026-07-04T10:40:33Z</time>
   </trkpt>
   <trkpt lat="12.9105750" lon="77.6324510">
    <ele>883.0</ele>
    <time>2026-07-04T10:40:34Z</time>
   </trkpt>
   <trkpt lat="12.9105750" lon="77.6324500">
    <ele>883.0</ele>
    <time>2026-07-04T10:40:35Z</time>
   </trkpt>
   <trkpt lat="12.9105750" lon="77.6324500">
    <ele>883.0</ele>
    <time>2026-07-04T10:40:36Z</time>
   </trkpt>
   <trkpt lat="12.9105750" lon="77.6324500">
    <ele>883.0</ele>
    <time>2026-07-04T10:40:37Z</time>
   </trkpt>
   <trkpt lat="12.9105750" lon="77.6324500">
    <ele>883.0</ele>
    <time>2026-07-04T10:40:38Z</time>
   </trkpt>
   <trkpt lat="12.9105750" lon="77.6324500">
    <ele>883.0</ele>
    <time>2026-07-04T10:40:39Z</time>
   </trkpt>
   <trkpt lat="12.9105750" lon="77.6324500">
    <ele>883.0</ele>
    <time>2026-07-04T10:40:40Z</time>
   </trkpt>
   <trkpt lat="12.9105750" lon="77.6324500">
    <ele>883.0</ele>
    <time>2026-07-04T10:40:41Z</time>
   </trkpt>
   <trkpt lat="12.9105750" lon="77.6324500">
    <ele>883.0</ele>
    <time>2026-07-04T10:40:42Z</time>
   </trkpt>
   <trkpt lat="12.9106160" lon="77.6324400">
    <ele>883.0</ele>
    <time>2026-07-04T10:41:22Z</time>
   </trkpt>
   <trkpt lat="12.9106350" lon="77.6324380">
    <ele>883.0</ele>
    <time>2026-07-04T10:41:23Z</time>
   </trkpt>
   <trkpt lat="12.9106580" lon="77.6324370">
    <ele>883.0</ele>
    <time>2026-07-04T10:41:24Z</time>
   </trkpt>
   <trkpt lat="12.9106790" lon="77.6324370">
    <ele>883.0</ele>
    <time>2026-07-04T10:41:25Z</time>
   </trkpt>
   <trkpt lat="12.9107040" lon="77.6324370">
    <ele>882.9</ele>
    <time>2026-07-04T10:41:26Z</time>
   </trkpt>
   <trkpt lat="12.9107280" lon="77.6324370">
    <ele>882.9</ele>
    <time>2026-07-04T10:41:27Z</time>
   </trkpt>
   <trkpt lat="12.9107540" lon="77.6324360">
    <ele>882.9</ele>
    <time>2026-07-04T10:41:28Z</time>
   </trkpt>
   <trkpt lat="12.9107820" lon="77.6324370">
    <ele>882.9</ele>
    <time>2026-07-04T10:41:29Z</time>
   </trkpt>
   <trkpt lat="12.9108100" lon="77.6324350">
    <ele>882.9</ele>
    <time>2026-07-04T10:41:30Z</time>
   </trkpt>
   <trkpt lat="12.9108390" lon="77.6324310">
    <ele>882.9</ele>
    <time>2026-07-04T10:41:31Z</time>
   </trkpt>
   <trkpt lat="12.9108690" lon="77.6324310">
    <ele>882.8</ele>
    <time>2026-07-04T10:41:32Z</time>
   </trkpt>
   <trkpt lat="12.9108970" lon="77.6324340">
    <ele>882.8</ele>
    <time>2026-07-04T10:41:33Z</time>
   </trkpt>
   <trkpt lat="12.9109290" lon="77.6324390">
    <ele>882.8</ele>
    <time>2026-07-04T10:41:34Z</time>
   </trkpt>
   <trkpt lat="12.9109590" lon="77.6324370">
    <ele>882.8</ele>
    <time>2026-07-04T10:41:35Z</time>
   </trkpt>
   <trkpt lat="12.9109890" lon="77.6324360">
    <ele>882.8</ele>
    <time>2026-07-04T10:41:36Z</time>
   </trkpt>
   <trkpt lat="12.9110170" lon="77.6324380">
    <ele>882.8</ele>
    <time>2026-07-04T10:41:37Z</time>
   </trkpt>
   <trkpt lat="12.9110480" lon="77.6324410">
    <ele>882.8</ele>
    <time>2026-07-04T10:41:38Z</time>
   </trkpt>
   <trkpt lat="12.9110790" lon="77.6324390">
    <ele>882.7</ele>
    <time>2026-07-04T10:41:39Z</time>
   </trkpt>
   <trkpt lat="12.9111070" lon="77.6324350">
    <ele>882.7</ele>
    <time>2026-07-04T10:41:40Z</time>
   </trkpt>
   <trkpt lat="12.9111380" lon="77.6324330">
    <ele>882.7</ele>
    <time>2026-07-04T10:41:41Z</time>
   </trkpt>
   <trkpt lat="12.9111700" lon="77.6324340">
    <ele>882.7</ele>
    <time>2026-07-04T10:41:42Z</time>
   </trkpt>
   <trkpt lat="12.9112020" lon="77.6324370">
    <ele>882.7</ele>
    <time>2026-07-04T10:41:43Z</time>
   </trkpt>
   <trkpt lat="12.9112350" lon="77.6324420">
    <ele>882.7</ele>
    <time>2026-07-04T10:41:44Z</time>
   </trkpt>
   <trkpt lat="12.9112680" lon="77.6324450">
    <ele>882.7</ele>
    <time>2026-07-04T10:41:45Z</time>
   </trkpt>
   <trkpt lat="12.9113010" lon="77.6324380">
    <ele>882.7</ele>
    <time>2026-07-04T10:41:46Z</time>
   </trkpt>
   <trkpt lat="12.9113310" lon="77.6324280">
    <ele>882.7</ele>
    <time>2026-07-04T10:41:47Z</time>
   </trkpt>
   <trkpt lat="12.9113610" lon="77.6324200">
    <ele>882.7</ele>
    <time>2026-07-04T10:41:48Z</time>
   </trkpt>
   <trkpt lat="12.9113950" lon="77.6324160">
    <ele>882.6</ele>
    <time>2026-07-04T10:41:49Z</time>
   </trkpt>
   <trkpt lat="12.9114290" lon="77.6324130">
    <ele>882.6</ele>
    <time>2026-07-04T10:41:50Z</time>
   </trkpt>
   <trkpt lat="12.9114610" lon="77.6324170">
    <ele>882.6</ele>
    <time>2026-07-04T10:41:51Z</time>
   </trkpt>
   <trkpt lat="12.9114940" lon="77.6324170">
    <ele>882.6</ele>
    <time>2026-07-04T10:41:52Z</time>
   </trkpt>
   <trkpt lat="12.9115250" lon="77.6324140">
    <ele>882.6</ele>
    <time>2026-07-04T10:41:53Z</time>
   </trkpt>
   <trkpt lat="12.9115560" lon="77.6324140">
    <ele>882.6</ele>
    <time>2026-07-04T10:41:54Z</time>
   </trkpt>
   <trkpt lat="12.9115910" lon="77.6324180">
    <ele>882.6</ele>
    <time>2026-07-04T10:41:55Z</time>
   </trkpt>
   <trkpt lat="12.9116310" lon="77.6324200">
    <ele>882.6</ele>
    <time>2026-07-04T10:41:56Z</time>
   </trkpt>
   <trkpt lat="12.9116710" lon="77.6324220">
    <ele>882.6</ele>
    <time>2026-07-04T10:41:57Z</time>
   </trkpt>
   <trkpt lat="12.9117130" lon="77.6324230">
    <ele>882.6</ele>
    <time>2026-07-04T10:41:58Z</time>
   </trkpt>
   <trkpt lat="12.9117520" lon="77.6324260">
    <ele>882.6</ele>
    <time>2026-07-04T10:41:59Z</time>
   </trkpt>
   <trkpt lat="12.9117910" lon="77.6324260">
    <ele>882.6</ele>
    <time>2026-07-04T10:42:00Z</time>
   </trkpt>
   <trkpt lat="12.9118290" lon="77.6324270">
    <ele>882.5</ele>
    <time>2026-07-04T10:42:01Z</time>
   </trkpt>
   <trkpt lat="12.9118670" lon="77.6324220">
    <ele>882.5</ele>
    <time>2026-07-04T10:42:02Z</time>
   </trkpt>
   <trkpt lat="12.9119020" lon="77.6324190">
    <ele>882.5</ele>
    <time>2026-07-04T10:42:03Z</time>
   </trkpt>
   <trkpt lat="12.9119360" lon="77.6324180">
    <ele>882.5</ele>
    <time>2026-07-04T10:42:04Z</time>
   </trkpt>
   <trkpt lat="12.9119680" lon="77.6324190">
    <ele>882.5</ele>
    <time>2026-07-04T10:42:05Z</time>
   </trkpt>
   <trkpt lat="12.9120000" lon="77.6324160">
    <ele>882.5</ele>
    <time>2026-07-04T10:42:06Z</time>
   </trkpt>
   <trkpt lat="12.9120300" lon="77.6324150">
    <ele>882.5</ele>
    <time>2026-07-04T10:42:07Z</time>
   </trkpt>
   <trkpt lat="12.9120610" lon="77.6324140">
    <ele>882.5</ele>
    <time>2026-07-04T10:42:08Z</time>
   </trkpt>
   <trkpt lat="12.9120910" lon="77.6324130">
    <ele>882.6</ele>
    <time>2026-07-04T10:42:09Z</time>
   </trkpt>
   <trkpt lat="12.9121200" lon="77.6324120">
    <ele>882.6</ele>
    <time>2026-07-04T10:42:10Z</time>
   </trkpt>
   <trkpt lat="12.9121460" lon="77.6324100">
    <ele>882.6</ele>
    <time>2026-07-04T10:42:11Z</time>
   </trkpt>
   <trkpt lat="12.9121710" lon="77.6324120">
    <ele>882.6</ele>
    <time>2026-07-04T10:42:12Z</time>
   </trkpt>
   <trkpt lat="12.9121930" lon="77.6324150">
    <ele>882.6</ele>
    <time>2026-07-04T10:42:13Z</time>
   </trkpt>
   <trkpt lat="12.9122120" lon="77.6324130">
    <ele>882.7</ele>
    <time>2026-07-04T10:42:14Z</time>
   </trkpt>
   <trkpt lat="12.9122250" lon="77.6324130">
    <ele>882.7</ele>
    <time>2026-07-04T10:42:15Z</time>
   </trkpt>
   <trkpt lat="12.9122350" lon="77.6324120">
    <ele>882.7</ele>
    <time>2026-07-04T10:42:16Z</time>
   </trkpt>
   <trkpt lat="12.9122450" lon="77.6324130">
    <ele>882.7</ele>
    <time>2026-07-04T10:42:17Z</time>
   </trkpt>
   <trkpt lat="12.9122540" lon="77.6324130">
    <ele>882.7</ele>
    <time>2026-07-04T10:42:18Z</time>
   </trkpt>
   <trkpt lat="12.9122620" lon="77.6324120">
    <ele>882.7</ele>
    <time>2026-07-04T10:42:19Z</time>
   </trkpt>
   <trkpt lat="12.9122590" lon="77.6324100">
    <ele>882.7</ele>
    <time>2026-07-04T10:42:20Z</time>
   </trkpt>
   <trkpt lat="12.9122610" lon="77.6324100">
    <ele>882.7</ele>
    <time>2026-07-04T10:42:21Z</time>
   </trkpt>
   <trkpt lat="12.9122610" lon="77.6324110">
    <ele>882.7</ele>
    <time>2026-07-04T10:42:22Z</time>
   </trkpt>
   <trkpt lat="12.9122610" lon="77.6324110">
    <ele>882.7</ele>
    <time>2026-07-04T10:42:23Z</time>
   </trkpt>
   <trkpt lat="12.9122640" lon="77.6324120">
    <ele>882.7</ele>
    <time>2026-07-04T10:42:24Z</time>
   </trkpt>
   <trkpt lat="12.9122640" lon="77.6324120">
    <ele>882.7</ele>
    <time>2026-07-04T10:42:25Z</time>
   </trkpt>
   <trkpt lat="12.9122640" lon="77.6324120">
    <ele>882.7</ele>
    <time>2026-07-04T10:42:26Z</time>
   </trkpt>
   <trkpt lat="12.9122640" lon="77.6324120">
    <ele>882.7</ele>
    <time>2026-07-04T10:42:27Z</time>
   </trkpt>
   <trkpt lat="12.9122640" lon="77.6324120">
    <ele>882.7</ele>
    <time>2026-07-04T10:42:28Z</time>
   </trkpt>
   <trkpt lat="12.9122640" lon="77.6324120">
    <ele>882.7</ele>
    <time>2026-07-04T10:42:29Z</time>
   </trkpt>
   <trkpt lat="12.9123190" lon="77.6324270">
    <ele>882.7</ele>
    <time>2026-07-04T10:42:47Z</time>
   </trkpt>
   <trkpt lat="12.9123400" lon="77.6324270">
    <ele>882.8</ele>
    <time>2026-07-04T10:42:48Z</time>
   </trkpt>
   <trkpt lat="12.9123570" lon="77.6324280">
    <ele>882.8</ele>
    <time>2026-07-04T10:42:49Z</time>
   </trkpt>
   <trkpt lat="12.9123790" lon="77.6324300">
    <ele>882.8</ele>
    <time>2026-07-04T10:42:50Z</time>
   </trkpt>
   <trkpt lat="12.9124020" lon="77.6324330">
    <ele>882.8</ele>
    <time>2026-07-04T10:42:51Z</time>
   </trkpt>
   <trkpt lat="12.9124250" lon="77.6324440">
    <ele>882.7</ele>
    <time>2026-07-04T10:42:52Z</time>
   </trkpt>
   <trkpt lat="12.9124490" lon="77.6324580">
    <ele>882.7</ele>
    <time>2026-07-04T10:42:53Z</time>
   </trkpt>
   <trkpt lat="12.9124730" lon="77.6324740">
    <ele>882.6</ele>
    <time>2026-07-04T10:42:54Z</time>
   </trkpt>
   <trkpt lat="12.9124950" lon="77.6324890">
    <ele>882.6</ele>
    <time>2026-07-04T10:42:55Z</time>
   </trkpt>
   <trkpt lat="12.9125160" lon="77.6325040">
    <ele>882.5</ele>
    <time>2026-07-04T10:42:56Z</time>
   </trkpt>
   <trkpt lat="12.9125360" lon="77.6325190">
    <ele>882.4</ele>
    <time>2026-07-04T10:42:57Z</time>
   </trkpt>
   <trkpt lat="12.9125470" lon="77.6325380">
    <ele>882.3</ele>
    <time>2026-07-04T10:42:58Z</time>
   </trkpt>
   <trkpt lat="12.9125450" lon="77.6325550">
    <ele>882.3</ele>
    <time>2026-07-04T10:42:59Z</time>
   </trkpt>
   <trkpt lat="12.9125430" lon="77.6325730">
    <ele>882.3</ele>
    <time>2026-07-04T10:43:00Z</time>
   </trkpt>
   <trkpt lat="12.9125420" lon="77.6325970">
    <ele>882.2</ele>
    <time>2026-07-04T10:43:01Z</time>
   </trkpt>
   <trkpt lat="12.9125400" lon="77.6326240">
    <ele>882.2</ele>
    <time>2026-07-04T10:43:02Z</time>
   </trkpt>
   <trkpt lat="12.9125380" lon="77.6326500">
    <ele>882.1</ele>
    <time>2026-07-04T10:43:03Z</time>
   </trkpt>
   <trkpt lat="12.9125340" lon="77.6326770">
    <ele>882.1</ele>
    <time>2026-07-04T10:43:04Z</time>
   </trkpt>
   <trkpt lat="12.9125310" lon="77.6327010">
    <ele>882.1</ele>
    <time>2026-07-04T10:43:05Z</time>
   </trkpt>
   <trkpt lat="12.9125270" lon="77.6327260">
    <ele>882.1</ele>
    <time>2026-07-04T10:43:06Z</time>
   </trkpt>
   <trkpt lat="12.9125280" lon="77.6327510">
    <ele>882.0</ele>
    <time>2026-07-04T10:43:07Z</time>
   </trkpt>
   <trkpt lat="12.9125290" lon="77.6327770">
    <ele>882.0</ele>
    <time>2026-07-04T10:43:08Z</time>
   </trkpt>
   <trkpt lat="12.9125290" lon="77.6328020">
    <ele>882.0</ele>
    <time>2026-07-04T10:43:09Z</time>
   </trkpt>
   <trkpt lat="12.9125290" lon="77.6328260">
    <ele>882.0</ele>
    <time>2026-07-04T10:43:10Z</time>
   </trkpt>
   <trkpt lat="12.9125300" lon="77.6328510">
    <ele>882.0</ele>
    <time>2026-07-04T10:43:11Z</time>
   </trkpt>
   <trkpt lat="12.9125280" lon="77.6328800">
    <ele>882.0</ele>
    <time>2026-07-04T10:43:12Z</time>
   </trkpt>
   <trkpt lat="12.9125230" lon="77.6329070">
    <ele>882.0</ele>
    <time>2026-07-04T10:43:13Z</time>
   </trkpt>
   <trkpt lat="12.9125200" lon="77.6329290">
    <ele>882.0</ele>
    <time>2026-07-04T10:43:14Z</time>
   </trkpt>
   <trkpt lat="12.9125200" lon="77.6329570">
    <ele>882.1</ele>
    <time>2026-07-04T10:43:15Z</time>
   </trkpt>
   <trkpt lat="12.9125230" lon="77.6329850">
    <ele>882.1</ele>
    <time>2026-07-04T10:43:16Z</time>
   </trkpt>
   <trkpt lat="12.9125250" lon="77.6330150">
    <ele>882.1</ele>
    <time>2026-07-04T10:43:17Z</time>
   </trkpt>
   <trkpt lat="12.9125260" lon="77.6330410">
    <ele>882.2</ele>
    <time>2026-07-04T10:43:18Z</time>
   </trkpt>
   <trkpt lat="12.9125260" lon="77.6330690">
    <ele>882.2</ele>
    <time>2026-07-04T10:43:19Z</time>
   </trkpt>
   <trkpt lat="12.9125250" lon="77.6330970">
    <ele>882.2</ele>
    <time>2026-07-04T10:43:20Z</time>
   </trkpt>
   <trkpt lat="12.9125250" lon="77.6331290">
    <ele>882.2</ele>
    <time>2026-07-04T10:43:21Z</time>
   </trkpt>
   <trkpt lat="12.9125250" lon="77.6331600">
    <ele>882.2</ele>
    <time>2026-07-04T10:43:22Z</time>
   </trkpt>
   <trkpt lat="12.9125240" lon="77.6331950">
    <ele>882.2</ele>
    <time>2026-07-04T10:43:23Z</time>
   </trkpt>
   <trkpt lat="12.9125240" lon="77.6332290">
    <ele>882.2</ele>
    <time>2026-07-04T10:43:24Z</time>
   </trkpt>
   <trkpt lat="12.9125210" lon="77.6332640">
    <ele>882.2</ele>
    <time>2026-07-04T10:43:25Z</time>
   </trkpt>
   <trkpt lat="12.9125210" lon="77.6332940">
    <ele>882.1</ele>
    <time>2026-07-04T10:43:26Z</time>
   </trkpt>
   <trkpt lat="12.9125120" lon="77.6333260">
    <ele>882.1</ele>
    <time>2026-07-04T10:43:27Z</time>
   </trkpt>
   <trkpt lat="12.9125000" lon="77.6333580">
    <ele>882.1</ele>
    <time>2026-07-04T10:43:28Z</time>
   </trkpt>
   <trkpt lat="12.9124950" lon="77.6333890">
    <ele>882.1</ele>
    <time>2026-07-04T10:43:29Z</time>
   </trkpt>
   <trkpt lat="12.9124900" lon="77.6334180">
    <ele>882.1</ele>
    <time>2026-07-04T10:43:30Z</time>
   </trkpt>
   <trkpt lat="12.9124840" lon="77.6334500">
    <ele>882.1</ele>
    <time>2026-07-04T10:43:31Z</time>
   </trkpt>
   <trkpt lat="12.9124800" lon="77.6334790">
    <ele>882.1</ele>
    <time>2026-07-04T10:43:32Z</time>
   </trkpt>
   <trkpt lat="12.9124760" lon="77.6335050">
    <ele>882.1</ele>
    <time>2026-07-04T10:43:33Z</time>
   </trkpt>
   <trkpt lat="12.9124770" lon="77.6335290">
    <ele>882.0</ele>
    <time>2026-07-04T10:43:34Z</time>
   </trkpt>
   <trkpt lat="12.9124790" lon="77.6335590">
    <ele>882.0</ele>
    <time>2026-07-04T10:43:35Z</time>
   </trkpt>
   <trkpt lat="12.9124800" lon="77.6335860">
    <ele>882.0</ele>
    <time>2026-07-04T10:43:36Z</time>
   </trkpt>
   <trkpt lat="12.9124780" lon="77.6336110">
    <ele>882.0</ele>
    <time>2026-07-04T10:43:37Z</time>
   </trkpt>
   <trkpt lat="12.9124780" lon="77.6336390">
    <ele>882.0</ele>
    <time>2026-07-04T10:43:38Z</time>
   </trkpt>
   <trkpt lat="12.9124750" lon="77.6336680">
    <ele>882.0</ele>
    <time>2026-07-04T10:43:39Z</time>
   </trkpt>
   <trkpt lat="12.9124770" lon="77.6337000">
    <ele>882.0</ele>
    <time>2026-07-04T10:43:40Z</time>
   </trkpt>
   <trkpt lat="12.9124790" lon="77.6337270">
    <ele>882.0</ele>
    <time>2026-07-04T10:43:41Z</time>
   </trkpt>
   <trkpt lat="12.9124760" lon="77.6337540">
    <ele>882.0</ele>
    <time>2026-07-04T10:43:42Z</time>
   </trkpt>
   <trkpt lat="12.9124720" lon="77.6337750">
    <ele>882.0</ele>
    <time>2026-07-04T10:43:43Z</time>
   </trkpt>
   <trkpt lat="12.9124760" lon="77.6338000">
    <ele>882.0</ele>
    <time>2026-07-04T10:43:44Z</time>
   </trkpt>
   <trkpt lat="12.9124790" lon="77.6338270">
    <ele>882.0</ele>
    <time>2026-07-04T10:43:45Z</time>
   </trkpt>
   <trkpt lat="12.9124780" lon="77.6338560">
    <ele>882.1</ele>
    <time>2026-07-04T10:43:46Z</time>
   </trkpt>
   <trkpt lat="12.9124800" lon="77.6338850">
    <ele>882.1</ele>
    <time>2026-07-04T10:43:47Z</time>
   </trkpt>
   <trkpt lat="12.9124840" lon="77.6339100">
    <ele>882.1</ele>
    <time>2026-07-04T10:43:48Z</time>
   </trkpt>
   <trkpt lat="12.9124870" lon="77.6339370">
    <ele>882.1</ele>
    <time>2026-07-04T10:43:49Z</time>
   </trkpt>
   <trkpt lat="12.9124910" lon="77.6339650">
    <ele>882.1</ele>
    <time>2026-07-04T10:43:50Z</time>
   </trkpt>
   <trkpt lat="12.9124960" lon="77.6339910">
    <ele>882.1</ele>
    <time>2026-07-04T10:43:51Z</time>
   </trkpt>
   <trkpt lat="12.9125010" lon="77.6340180">
    <ele>882.1</ele>
    <time>2026-07-04T10:43:52Z</time>
   </trkpt>
   <trkpt lat="12.9125010" lon="77.6340490">
    <ele>882.1</ele>
    <time>2026-07-04T10:43:53Z</time>
   </trkpt>
   <trkpt lat="12.9125020" lon="77.6340760">
    <ele>882.1</ele>
    <time>2026-07-04T10:43:54Z</time>
   </trkpt>
   <trkpt lat="12.9125010" lon="77.6341030">
    <ele>882.1</ele>
    <time>2026-07-04T10:43:55Z</time>
   </trkpt>
   <trkpt lat="12.9124970" lon="77.6341290">
    <ele>882.1</ele>
    <time>2026-07-04T10:43:56Z</time>
   </trkpt>
   <trkpt lat="12.9124960" lon="77.6341550">
    <ele>882.1</ele>
    <time>2026-07-04T10:43:57Z</time>
   </trkpt>
   <trkpt lat="12.9124970" lon="77.6341820">
    <ele>882.1</ele>
    <time>2026-07-04T10:43:58Z</time>
   </trkpt>
   <trkpt lat="12.9124940" lon="77.6342110">
    <ele>882.2</ele>
    <time>2026-07-04T10:43:59Z</time>
   </trkpt>
   <trkpt lat="12.9124910" lon="77.6342400">
    <ele>882.2</ele>
    <time>2026-07-04T10:44:00Z</time>
   </trkpt>
   <trkpt lat="12.9124900" lon="77.6342660">
    <ele>882.2</ele>
    <time>2026-07-04T10:44:01Z</time>
   </trkpt>
   <trkpt lat="12.9124890" lon="77.6342910">
    <ele>882.2</ele>
    <time>2026-07-04T10:44:02Z</time>
   </trkpt>
   <trkpt lat="12.9124870" lon="77.6343180">
    <ele>882.2</ele>
    <time>2026-07-04T10:44:03Z</time>
   </trkpt>
   <trkpt lat="12.9124850" lon="77.6343460">
    <ele>882.2</ele>
    <time>2026-07-04T10:44:04Z</time>
   </trkpt>
   <trkpt lat="12.9124840" lon="77.6343730">
    <ele>882.3</ele>
    <time>2026-07-04T10:44:05Z</time>
   </trkpt>
   <trkpt lat="12.9124840" lon="77.6344000">
    <ele>882.3</ele>
    <time>2026-07-04T10:44:06Z</time>
   </trkpt>
   <trkpt lat="12.9124850" lon="77.6344260">
    <ele>882.3</ele>
    <time>2026-07-04T10:44:07Z</time>
   </trkpt>
   <trkpt lat="12.9124830" lon="77.6344550">
    <ele>882.3</ele>
    <time>2026-07-04T10:44:08Z</time>
   </trkpt>
   <trkpt lat="12.9124790" lon="77.6344860">
    <ele>882.3</ele>
    <time>2026-07-04T10:44:09Z</time>
   </trkpt>
   <trkpt lat="12.9124790" lon="77.6345170">
    <ele>882.3</ele>
    <time>2026-07-04T10:44:10Z</time>
   </trkpt>
   <trkpt lat="12.9124800" lon="77.6345480">
    <ele>882.3</ele>
    <time>2026-07-04T10:44:11Z</time>
   </trkpt>
   <trkpt lat="12.9124790" lon="77.6345780">
    <ele>882.3</ele>
    <time>2026-07-04T10:44:12Z</time>
   </trkpt>
   <trkpt lat="12.9124790" lon="77.6346110">
    <ele>882.3</ele>
    <time>2026-07-04T10:44:13Z</time>
   </trkpt>
   <trkpt lat="12.9124780" lon="77.6346450">
    <ele>882.3</ele>
    <time>2026-07-04T10:44:14Z</time>
   </trkpt>
   <trkpt lat="12.9124790" lon="77.6346760">
    <ele>882.3</ele>
    <time>2026-07-04T10:44:15Z</time>
   </trkpt>
   <trkpt lat="12.9124750" lon="77.6347060">
    <ele>882.3</ele>
    <time>2026-07-04T10:44:16Z</time>
   </trkpt>
   <trkpt lat="12.9124700" lon="77.6347380">
    <ele>882.3</ele>
    <time>2026-07-04T10:44:17Z</time>
   </trkpt>
   <trkpt lat="12.9124700" lon="77.6347570">
    <ele>882.3</ele>
    <time>2026-07-04T10:44:18Z</time>
   </trkpt>
   <trkpt lat="12.9124710" lon="77.6347940">
    <ele>882.3</ele>
    <time>2026-07-04T10:44:19Z</time>
   </trkpt>
   <trkpt lat="12.9124690" lon="77.6348240">
    <ele>882.3</ele>
    <time>2026-07-04T10:44:20Z</time>
   </trkpt>
   <trkpt lat="12.9124690" lon="77.6348510">
    <ele>882.3</ele>
    <time>2026-07-04T10:44:21Z</time>
   </trkpt>
   <trkpt lat="12.9124700" lon="77.6348850">
    <ele>882.3</ele>
    <time>2026-07-04T10:44:22Z</time>
   </trkpt>
   <trkpt lat="12.9124730" lon="77.6349130">
    <ele>882.4</ele>
    <time>2026-07-04T10:44:23Z</time>
   </trkpt>
   <trkpt lat="12.9124700" lon="77.6349480">
    <ele>882.4</ele>
    <time>2026-07-04T10:44:24Z</time>
   </trkpt>
   <trkpt lat="12.9124700" lon="77.6349790">
    <ele>882.4</ele>
    <time>2026-07-04T10:44:25Z</time>
   </trkpt>
   <trkpt lat="12.9124720" lon="77.6350100">
    <ele>882.5</ele>
    <time>2026-07-04T10:44:26Z</time>
   </trkpt>
   <trkpt lat="12.9124720" lon="77.6350390">
    <ele>882.5</ele>
    <time>2026-07-04T10:44:27Z</time>
   </trkpt>
   <trkpt lat="12.9124720" lon="77.6350660">
    <ele>882.6</ele>
    <time>2026-07-04T10:44:28Z</time>
   </trkpt>
   <trkpt lat="12.9124670" lon="77.6350920">
    <ele>882.6</ele>
    <time>2026-07-04T10:44:29Z</time>
   </trkpt>
   <trkpt lat="12.9124660" lon="77.6351130">
    <ele>882.7</ele>
    <time>2026-07-04T10:44:30Z</time>
   </trkpt>
   <trkpt lat="12.9124670" lon="77.6351330">
    <ele>882.7</ele>
    <time>2026-07-04T10:44:31Z</time>
   </trkpt>
   <trkpt lat="12.9124630" lon="77.6351510">
    <ele>882.7</ele>
    <time>2026-07-04T10:44:32Z</time>
   </trkpt>
   <trkpt lat="12.9124630" lon="77.6351680">
    <ele>882.7</ele>
    <time>2026-07-04T10:44:33Z</time>
   </trkpt>
   <trkpt lat="12.9124630" lon="77.6351850">
    <ele>882.8</ele>
    <time>2026-07-04T10:44:34Z</time>
   </trkpt>
   <trkpt lat="12.9124640" lon="77.6351980">
    <ele>882.8</ele>
    <time>2026-07-04T10:44:35Z</time>
   </trkpt>
   <trkpt lat="12.9124670" lon="77.6352050">
    <ele>882.8</ele>
    <time>2026-07-04T10:44:37Z</time>
   </trkpt>
   <trkpt lat="12.9124680" lon="77.6352020">
    <ele>882.8</ele>
    <time>2026-07-04T10:44:38Z</time>
   </trkpt>
   <trkpt lat="12.9124700" lon="77.6352050">
    <ele>882.8</ele>
    <time>2026-07-04T10:44:39Z</time>
   </trkpt>
   <trkpt lat="12.9124690" lon="77.6352160">
    <ele>882.8</ele>
    <time>2026-07-04T10:44:40Z</time>
   </trkpt>
   <trkpt lat="12.9124690" lon="77.6352300">
    <ele>882.8</ele>
    <time>2026-07-04T10:44:41Z</time>
   </trkpt>
   <trkpt lat="12.9124680" lon="77.6352460">
    <ele>882.7</ele>
    <time>2026-07-04T10:44:42Z</time>
   </trkpt>
   <trkpt lat="12.9124650" lon="77.6352630">
    <ele>882.7</ele>
    <time>2026-07-04T10:44:43Z</time>
   </trkpt>
   <trkpt lat="12.9124650" lon="77.6352860">
    <ele>882.6</ele>
    <time>2026-07-04T10:44:44Z</time>
   </trkpt>
   <trkpt lat="12.9124620" lon="77.6353090">
    <ele>882.6</ele>
    <time>2026-07-04T10:44:45Z</time>
   </trkpt>
   <trkpt lat="12.9124620" lon="77.6353320">
    <ele>882.5</ele>
    <time>2026-07-04T10:44:46Z</time>
   </trkpt>
   <trkpt lat="12.9124590" lon="77.6353590">
    <ele>882.5</ele>
    <time>2026-07-04T10:44:47Z</time>
   </trkpt>
   <trkpt lat="12.9124550" lon="77.6353910">
    <ele>882.4</ele>
    <time>2026-07-04T10:44:48Z</time>
   </trkpt>
   <trkpt lat="12.9124530" lon="77.6354260">
    <ele>882.4</ele>
    <time>2026-07-04T10:44:49Z</time>
   </trkpt>
   <trkpt lat="12.9124510" lon="77.6354590">
    <ele>882.4</ele>
    <time>2026-07-04T10:44:50Z</time>
   </trkpt>
   <trkpt lat="12.9124500" lon="77.6354930">
    <ele>882.3</ele>
    <time>2026-07-04T10:44:51Z</time>
   </trkpt>
   <trkpt lat="12.9124510" lon="77.6355300">
    <ele>882.3</ele>
    <time>2026-07-04T10:44:52Z</time>
   </trkpt>
   <trkpt lat="12.9124520" lon="77.6355670">
    <ele>882.3</ele>
    <time>2026-07-04T10:44:53Z</time>
   </trkpt>
   <trkpt lat="12.9124500" lon="77.6356040">
    <ele>882.3</ele>
    <time>2026-07-04T10:44:54Z</time>
   </trkpt>
   <trkpt lat="12.9124450" lon="77.6356410">
    <ele>882.3</ele>
    <time>2026-07-04T10:44:55Z</time>
   </trkpt>
   <trkpt lat="12.9124500" lon="77.6356740">
    <ele>882.3</ele>
    <time>2026-07-04T10:44:56Z</time>
   </trkpt>
   <trkpt lat="12.9124530" lon="77.6357070">
    <ele>882.3</ele>
    <time>2026-07-04T10:44:57Z</time>
   </trkpt>
   <trkpt lat="12.9124560" lon="77.6357390">
    <ele>882.3</ele>
    <time>2026-07-04T10:44:58Z</time>
   </trkpt>
   <trkpt lat="12.9124520" lon="77.6357710">
    <ele>882.3</ele>
    <time>2026-07-04T10:44:59Z</time>
   </trkpt>
   <trkpt lat="12.9124430" lon="77.6358050">
    <ele>882.3</ele>
    <time>2026-07-04T10:45:00Z</time>
   </trkpt>
   <trkpt lat="12.9124400" lon="77.6358350">
    <ele>882.3</ele>
    <time>2026-07-04T10:45:01Z</time>
   </trkpt>
   <trkpt lat="12.9124380" lon="77.6358690">
    <ele>882.3</ele>
    <time>2026-07-04T10:45:02Z</time>
   </trkpt>
   <trkpt lat="12.9124370" lon="77.6359020">
    <ele>882.3</ele>
    <time>2026-07-04T10:45:03Z</time>
   </trkpt>
   <trkpt lat="12.9124360" lon="77.6359350">
    <ele>882.3</ele>
    <time>2026-07-04T10:45:04Z</time>
   </trkpt>
   <trkpt lat="12.9124380" lon="77.6359990">
    <ele>882.3</ele>
    <time>2026-07-04T10:45:05Z</time>
   </trkpt>
   <trkpt lat="12.9124340" lon="77.6360260">
    <ele>882.3</ele>
    <time>2026-07-04T10:45:06Z</time>
   </trkpt>
   <trkpt lat="12.9124330" lon="77.6360530">
    <ele>882.3</ele>
    <time>2026-07-04T10:45:07Z</time>
   </trkpt>
   <trkpt lat="12.9124330" lon="77.6360830">
    <ele>882.3</ele>
    <time>2026-07-04T10:45:08Z</time>
   </trkpt>
   <trkpt lat="12.9124340" lon="77.6361100">
    <ele>882.4</ele>
    <time>2026-07-04T10:45:09Z</time>
   </trkpt>
   <trkpt lat="12.9124350" lon="77.6361360">
    <ele>882.4</ele>
    <time>2026-07-04T10:45:10Z</time>
   </trkpt>
   <trkpt lat="12.9124420" lon="77.6361580">
    <ele>882.4</ele>
    <time>2026-07-04T10:45:11Z</time>
   </trkpt>
   <trkpt lat="12.9124470" lon="77.6361840">
    <ele>882.4</ele>
    <time>2026-07-04T10:45:12Z</time>
   </trkpt>
   <trkpt lat="12.9124460" lon="77.6362080">
    <ele>882.4</ele>
    <time>2026-07-04T10:45:13Z</time>
   </trkpt>
   <trkpt lat="12.9124430" lon="77.6362330">
    <ele>882.4</ele>
    <time>2026-07-04T10:45:14Z</time>
   </trkpt>
   <trkpt lat="12.9124390" lon="77.6362600">
    <ele>882.4</ele>
    <time>2026-07-04T10:45:15Z</time>
   </trkpt>
   <trkpt lat="12.9124380" lon="77.6362860">
    <ele>882.4</ele>
    <time>2026-07-04T10:45:16Z</time>
   </trkpt>
   <trkpt lat="12.9124380" lon="77.6363130">
    <ele>882.4</ele>
    <time>2026-07-04T10:45:17Z</time>
   </trkpt>
   <trkpt lat="12.9124360" lon="77.6363380">
    <ele>882.4</ele>
    <time>2026-07-04T10:45:18Z</time>
   </trkpt>
   <trkpt lat="12.9124370" lon="77.6363610">
    <ele>882.4</ele>
    <time>2026-07-04T10:45:19Z</time>
   </trkpt>
   <trkpt lat="12.9124330" lon="77.6363870">
    <ele>882.4</ele>
    <time>2026-07-04T10:45:20Z</time>
   </trkpt>
   <trkpt lat="12.9124300" lon="77.6364120">
    <ele>882.4</ele>
    <time>2026-07-04T10:45:21Z</time>
   </trkpt>
   <trkpt lat="12.9124350" lon="77.6364360">
    <ele>882.4</ele>
    <time>2026-07-04T10:45:22Z</time>
   </trkpt>
   <trkpt lat="12.9124360" lon="77.6364620">
    <ele>882.4</ele>
    <time>2026-07-04T10:45:23Z</time>
   </trkpt>
   <trkpt lat="12.9124340" lon="77.6364880">
    <ele>882.4</ele>
    <time>2026-07-04T10:45:24Z</time>
   </trkpt>
   <trkpt lat="12.9124330" lon="77.6365140">
    <ele>882.4</ele>
    <time>2026-07-04T10:45:25Z</time>
   </trkpt>
   <trkpt lat="12.9124280" lon="77.6365350">
    <ele>882.4</ele>
    <time>2026-07-04T10:45:26Z</time>
   </trkpt>
   <trkpt lat="12.9124250" lon="77.6365610">
    <ele>882.4</ele>
    <time>2026-07-04T10:45:27Z</time>
   </trkpt>
   <trkpt lat="12.9124150" lon="77.6365890">
    <ele>882.5</ele>
    <time>2026-07-04T10:45:28Z</time>
   </trkpt>
   <trkpt lat="12.9124110" lon="77.6366130">
    <ele>882.5</ele>
    <time>2026-07-04T10:45:29Z</time>
   </trkpt>
   <trkpt lat="12.9124140" lon="77.6366410">
    <ele>882.5</ele>
    <time>2026-07-04T10:45:30Z</time>
   </trkpt>
   <trkpt lat="12.9124190" lon="77.6366690">
    <ele>882.5</ele>
    <time>2026-07-04T10:45:31Z</time>
   </trkpt>
   <trkpt lat="12.9124230" lon="77.6366940">
    <ele>882.5</ele>
    <time>2026-07-04T10:45:32Z</time>
   </trkpt>
   <trkpt lat="12.9124240" lon="77.6367200">
    <ele>882.5</ele>
    <time>2026-07-04T10:45:33Z</time>
   </trkpt>
   <trkpt lat="12.9124250" lon="77.6367430">
    <ele>882.5</ele>
    <time>2026-07-04T10:45:34Z</time>
   </trkpt>
   <trkpt lat="12.9124240" lon="77.6367640">
    <ele>882.5</ele>
    <time>2026-07-04T10:45:35Z</time>
   </trkpt>
   <trkpt lat="12.9124240" lon="77.6367820">
    <ele>882.5</ele>
    <time>2026-07-04T10:45:36Z</time>
   </trkpt>
   <trkpt lat="12.9124230" lon="77.6367980">
    <ele>882.5</ele>
    <time>2026-07-04T10:45:37Z</time>
   </trkpt>
   <trkpt lat="12.9124230" lon="77.6368140">
    <ele>882.5</ele>
    <time>2026-07-04T10:45:38Z</time>
   </trkpt>
   <trkpt lat="12.9124240" lon="77.6368310">
    <ele>882.5</ele>
    <time>2026-07-04T10:45:39Z</time>
   </trkpt>
   <trkpt lat="12.9124250" lon="77.6368530">
    <ele>882.5</ele>
    <time>2026-07-04T10:45:40Z</time>
   </trkpt>
   <trkpt lat="12.9124240" lon="77.6368760">
    <ele>882.5</ele>
    <time>2026-07-04T10:45:41Z</time>
   </trkpt>
   <trkpt lat="12.9124220" lon="77.6369010">
    <ele>882.5</ele>
    <time>2026-07-04T10:45:42Z</time>
   </trkpt>
   <trkpt lat="12.9124210" lon="77.6369270">
    <ele>882.5</ele>
    <time>2026-07-04T10:45:43Z</time>
   </trkpt>
   <trkpt lat="12.9124250" lon="77.6369510">
    <ele>882.5</ele>
    <time>2026-07-04T10:45:44Z</time>
   </trkpt>
   <trkpt lat="12.9124220" lon="77.6369760">
    <ele>882.5</ele>
    <time>2026-07-04T10:45:45Z</time>
   </trkpt>
   <trkpt lat="12.9124210" lon="77.6370010">
    <ele>882.5</ele>
    <time>2026-07-04T10:45:46Z</time>
   </trkpt>
   <trkpt lat="12.9124210" lon="77.6370270">
    <ele>882.5</ele>
    <time>2026-07-04T10:45:47Z</time>
   </trkpt>
   <trkpt lat="12.9124230" lon="77.6370490">
    <ele>882.5</ele>
    <time>2026-07-04T10:45:48Z</time>
   </trkpt>
   <trkpt lat="12.9124230" lon="77.6370750">
    <ele>882.5</ele>
    <time>2026-07-04T10:45:49Z</time>
   </trkpt>
   <trkpt lat="12.9124230" lon="77.6371010">
    <ele>882.5</ele>
    <time>2026-07-04T10:45:50Z</time>
   </trkpt>
   <trkpt lat="12.9124240" lon="77.6371280">
    <ele>882.5</ele>
    <time>2026-07-04T10:45:51Z</time>
   </trkpt>
   <trkpt lat="12.9124230" lon="77.6371520">
    <ele>882.5</ele>
    <time>2026-07-04T10:45:52Z</time>
   </trkpt>
   <trkpt lat="12.9124210" lon="77.6371740">
    <ele>882.5</ele>
    <time>2026-07-04T10:45:53Z</time>
   </trkpt>
   <trkpt lat="12.9124180" lon="77.6371960">
    <ele>882.5</ele>
    <time>2026-07-04T10:45:54Z</time>
   </trkpt>
   <trkpt lat="12.9124080" lon="77.6372170">
    <ele>882.5</ele>
    <time>2026-07-04T10:45:55Z</time>
   </trkpt>
   <trkpt lat="12.9124060" lon="77.6372360">
    <ele>882.5</ele>
    <time>2026-07-04T10:45:56Z</time>
   </trkpt>
   <trkpt lat="12.9124040" lon="77.6372530">
    <ele>882.5</ele>
    <time>2026-07-04T10:45:57Z</time>
   </trkpt>
   <trkpt lat="12.9123940" lon="77.6372670">
    <ele>882.5</ele>
    <time>2026-07-04T10:45:58Z</time>
   </trkpt>
   <trkpt lat="12.9123880" lon="77.6372830">
    <ele>882.5</ele>
    <time>2026-07-04T10:45:59Z</time>
   </trkpt>
   <trkpt lat="12.9123860" lon="77.6373040">
    <ele>882.5</ele>
    <time>2026-07-04T10:46:00Z</time>
   </trkpt>
   <trkpt lat="12.9123880" lon="77.6373250">
    <ele>882.5</ele>
    <time>2026-07-04T10:46:01Z</time>
   </trkpt>
   <trkpt lat="12.9123930" lon="77.6373450">
    <ele>882.5</ele>
    <time>2026-07-04T10:46:02Z</time>
   </trkpt>
   <trkpt lat="12.9123960" lon="77.6373640">
    <ele>882.5</ele>
    <time>2026-07-04T10:46:03Z</time>
   </trkpt>
   <trkpt lat="12.9123980" lon="77.6373850">
    <ele>882.5</ele>
    <time>2026-07-04T10:46:04Z</time>
   </trkpt>
   <trkpt lat="12.9124030" lon="77.6374080">
    <ele>882.5</ele>
    <time>2026-07-04T10:46:05Z</time>
   </trkpt>
   <trkpt lat="12.9124060" lon="77.6374300">
    <ele>882.5</ele>
    <time>2026-07-04T10:46:06Z</time>
   </trkpt>
   <trkpt lat="12.9124050" lon="77.6374500">
    <ele>882.5</ele>
    <time>2026-07-04T10:46:07Z</time>
   </trkpt>
   <trkpt lat="12.9123990" lon="77.6374680">
    <ele>882.5</ele>
    <time>2026-07-04T10:46:08Z</time>
   </trkpt>
   <trkpt lat="12.9123990" lon="77.6374840">
    <ele>882.5</ele>
    <time>2026-07-04T10:46:09Z</time>
   </trkpt>
   <trkpt lat="12.9123980" lon="77.6374980">
    <ele>882.5</ele>
    <time>2026-07-04T10:46:10Z</time>
   </trkpt>
   <trkpt lat="12.9123940" lon="77.6375140">
    <ele>882.5</ele>
    <time>2026-07-04T10:46:11Z</time>
   </trkpt>
   <trkpt lat="12.9123920" lon="77.6375270">
    <ele>882.5</ele>
    <time>2026-07-04T10:46:12Z</time>
   </trkpt>
   <trkpt lat="12.9123960" lon="77.6375400">
    <ele>882.5</ele>
    <time>2026-07-04T10:46:13Z</time>
   </trkpt>
   <trkpt lat="12.9124010" lon="77.6375520">
    <ele>882.5</ele>
    <time>2026-07-04T10:46:14Z</time>
   </trkpt>
   <trkpt lat="12.9124050" lon="77.6375660">
    <ele>882.5</ele>
    <time>2026-07-04T10:46:15Z</time>
   </trkpt>
   <trkpt lat="12.9124090" lon="77.6375760">
    <ele>882.5</ele>
    <time>2026-07-04T10:46:16Z</time>
   </trkpt>
   <trkpt lat="12.9124110" lon="77.6375880">
    <ele>882.5</ele>
    <time>2026-07-04T10:46:17Z</time>
   </trkpt>
   <trkpt lat="12.9124110" lon="77.6375980">
    <ele>882.5</ele>
    <time>2026-07-04T10:46:18Z</time>
   </trkpt>
   <trkpt lat="12.9124150" lon="77.6376100">
    <ele>882.5</ele>
    <time>2026-07-04T10:46:19Z</time>
   </trkpt>
   <trkpt lat="12.9124160" lon="77.6376080">
    <ele>882.5</ele>
    <time>2026-07-04T10:46:20Z</time>
   </trkpt>
   <trkpt lat="12.9124190" lon="77.6376110">
    <ele>882.5</ele>
    <time>2026-07-04T10:46:21Z</time>
   </trkpt>
   <trkpt lat="12.9124200" lon="77.6376100">
    <ele>882.5</ele>
    <time>2026-07-04T10:46:22Z</time>
   </trkpt>
   <trkpt lat="12.9124200" lon="77.6376100">
    <ele>882.5</ele>
    <time>2026-07-04T10:46:23Z</time>
   </trkpt>
   <trkpt lat="12.9124230" lon="77.6376130">
    <ele>882.5</ele>
    <time>2026-07-04T10:46:24Z</time>
   </trkpt>
   <trkpt lat="12.9124230" lon="77.6376130">
    <ele>882.5</ele>
    <time>2026-07-04T10:46:25Z</time>
   </trkpt>
   <trkpt lat="12.9124240" lon="77.6376140">
    <ele>882.5</ele>
    <time>2026-07-04T10:46:26Z</time>
   </trkpt>
   <trkpt lat="12.9124240" lon="77.6376140">
    <ele>882.5</ele>
    <time>2026-07-04T10:46:27Z</time>
   </trkpt>
   <trkpt lat="12.9124290" lon="77.6376180">
    <ele>882.5</ele>
    <time>2026-07-04T10:46:28Z</time>
   </trkpt>
   <trkpt lat="12.9124300" lon="77.6376300">
    <ele>882.5</ele>
    <time>2026-07-04T10:46:29Z</time>
   </trkpt>
   <trkpt lat="12.9124300" lon="77.6376670">
    <ele>882.5</ele>
    <time>2026-07-04T10:46:31Z</time>
   </trkpt>
   <trkpt lat="12.9124290" lon="77.6376920">
    <ele>882.6</ele>
    <time>2026-07-04T10:46:32Z</time>
   </trkpt>
   <trkpt lat="12.9124290" lon="77.6377240">
    <ele>882.6</ele>
    <time>2026-07-04T10:46:33Z</time>
   </trkpt>
   <trkpt lat="12.9124290" lon="77.6377520">
    <ele>882.6</ele>
    <time>2026-07-04T10:46:34Z</time>
   </trkpt>
   <trkpt lat="12.9124290" lon="77.6377820">
    <ele>882.6</ele>
    <time>2026-07-04T10:46:35Z</time>
   </trkpt>
   <trkpt lat="12.9124280" lon="77.6378110">
    <ele>882.6</ele>
    <time>2026-07-04T10:46:36Z</time>
   </trkpt>
   <trkpt lat="12.9124240" lon="77.6378400">
    <ele>882.6</ele>
    <time>2026-07-04T10:46:37Z</time>
   </trkpt>
   <trkpt lat="12.9124200" lon="77.6378700">
    <ele>882.7</ele>
    <time>2026-07-04T10:46:38Z</time>
   </trkpt>
   <trkpt lat="12.9124190" lon="77.6378980">
    <ele>882.7</ele>
    <time>2026-07-04T10:46:39Z</time>
   </trkpt>
   <trkpt lat="12.9124180" lon="77.6379230">
    <ele>882.7</ele>
    <time>2026-07-04T10:46:40Z</time>
   </trkpt>
   <trkpt lat="12.9124140" lon="77.6379450">
    <ele>882.7</ele>
    <time>2026-07-04T10:46:41Z</time>
   </trkpt>
   <trkpt lat="12.9124090" lon="77.6379700">
    <ele>882.7</ele>
    <time>2026-07-04T10:46:42Z</time>
   </trkpt>
   <trkpt lat="12.9124060" lon="77.6379940">
    <ele>882.8</ele>
    <time>2026-07-04T10:46:43Z</time>
   </trkpt>
   <trkpt lat="12.9124050" lon="77.6380190">
    <ele>882.7</ele>
    <time>2026-07-04T10:46:44Z</time>
   </trkpt>
   <trkpt lat="12.9124070" lon="77.6380450">
    <ele>882.8</ele>
    <time>2026-07-04T10:46:45Z</time>
   </trkpt>
   <trkpt lat="12.9124070" lon="77.6380720">
    <ele>882.9</ele>
    <time>2026-07-04T10:46:46Z</time>
   </trkpt>
   <trkpt lat="12.9124070" lon="77.6380980">
    <ele>882.9</ele>
    <time>2026-07-04T10:46:47Z</time>
   </trkpt>
   <trkpt lat="12.9124070" lon="77.6381250">
    <ele>882.9</ele>
    <time>2026-07-04T10:46:48Z</time>
   </trkpt>
   <trkpt lat="12.9124060" lon="77.6381500">
    <ele>882.8</ele>
    <time>2026-07-04T10:46:49Z</time>
   </trkpt>
   <trkpt lat="12.9124050" lon="77.6381760">
    <ele>882.8</ele>
    <time>2026-07-04T10:46:50Z</time>
   </trkpt>
   <trkpt lat="12.9124040" lon="77.6382010">
    <ele>882.8</ele>
    <time>2026-07-04T10:46:51Z</time>
   </trkpt>
   <trkpt lat="12.9124020" lon="77.6382250">
    <ele>882.8</ele>
    <time>2026-07-04T10:46:52Z</time>
   </trkpt>
   <trkpt lat="12.9124000" lon="77.6382490">
    <ele>882.9</ele>
    <time>2026-07-04T10:46:53Z</time>
   </trkpt>
   <trkpt lat="12.9123960" lon="77.6382720">
    <ele>882.9</ele>
    <time>2026-07-04T10:46:54Z</time>
   </trkpt>
   <trkpt lat="12.9123950" lon="77.6382900">
    <ele>882.9</ele>
    <time>2026-07-04T10:46:55Z</time>
   </trkpt>
   <trkpt lat="12.9123940" lon="77.6383030">
    <ele>882.9</ele>
    <time>2026-07-04T10:46:56Z</time>
   </trkpt>
   <trkpt lat="12.9123930" lon="77.6383160">
    <ele>882.9</ele>
    <time>2026-07-04T10:46:57Z</time>
   </trkpt>
   <trkpt lat="12.9123900" lon="77.6383240">
    <ele>882.9</ele>
    <time>2026-07-04T10:46:58Z</time>
   </trkpt>
   <trkpt lat="12.9123890" lon="77.6383320">
    <ele>882.9</ele>
    <time>2026-07-04T10:46:59Z</time>
   </trkpt>
   <trkpt lat="12.9123900" lon="77.6383400">
    <ele>882.9</ele>
    <time>2026-07-04T10:47:00Z</time>
   </trkpt>
   <trkpt lat="12.9123930" lon="77.6383470">
    <ele>882.9</ele>
    <time>2026-07-04T10:47:01Z</time>
   </trkpt>
   <trkpt lat="12.9123930" lon="77.6383630">
    <ele>882.9</ele>
    <time>2026-07-04T10:47:02Z</time>
   </trkpt>
   <trkpt lat="12.9123930" lon="77.6383830">
    <ele>882.9</ele>
    <time>2026-07-04T10:47:03Z</time>
   </trkpt>
   <trkpt lat="12.9123860" lon="77.6384020">
    <ele>882.9</ele>
    <time>2026-07-04T10:47:04Z</time>
   </trkpt>
   <trkpt lat="12.9123850" lon="77.6384210">
    <ele>882.9</ele>
    <time>2026-07-04T10:47:05Z</time>
   </trkpt>
   <trkpt lat="12.9123850" lon="77.6384410">
    <ele>883.0</ele>
    <time>2026-07-04T10:47:06Z</time>
   </trkpt>
   <trkpt lat="12.9123820" lon="77.6384630">
    <ele>883.0</ele>
    <time>2026-07-04T10:47:07Z</time>
   </trkpt>
   <trkpt lat="12.9123820" lon="77.6384870">
    <ele>883.0</ele>
    <time>2026-07-04T10:47:08Z</time>
   </trkpt>
   <trkpt lat="12.9123810" lon="77.6385110">
    <ele>883.0</ele>
    <time>2026-07-04T10:47:09Z</time>
   </trkpt>
   <trkpt lat="12.9123840" lon="77.6385390">
    <ele>883.0</ele>
    <time>2026-07-04T10:47:10Z</time>
   </trkpt>
   <trkpt lat="12.9123860" lon="77.6385640">
    <ele>883.0</ele>
    <time>2026-07-04T10:47:11Z</time>
   </trkpt>
   <trkpt lat="12.9123850" lon="77.6385890">
    <ele>883.0</ele>
    <time>2026-07-04T10:47:12Z</time>
   </trkpt>
   <trkpt lat="12.9123820" lon="77.6386130">
    <ele>883.0</ele>
    <time>2026-07-04T10:47:13Z</time>
   </trkpt>
   <trkpt lat="12.9123820" lon="77.6386400">
    <ele>883.1</ele>
    <time>2026-07-04T10:47:14Z</time>
   </trkpt>
   <trkpt lat="12.9123810" lon="77.6386710">
    <ele>883.1</ele>
    <time>2026-07-04T10:47:15Z</time>
   </trkpt>
   <trkpt lat="12.9123820" lon="77.6387020">
    <ele>883.1</ele>
    <time>2026-07-04T10:47:16Z</time>
   </trkpt>
   <trkpt lat="12.9123790" lon="77.6387340">
    <ele>883.1</ele>
    <time>2026-07-04T10:47:17Z</time>
   </trkpt>
   <trkpt lat="12.9123760" lon="77.6387620">
    <ele>883.1</ele>
    <time>2026-07-04T10:47:18Z</time>
   </trkpt>
   <trkpt lat="12.9123720" lon="77.6387900">
    <ele>883.1</ele>
    <time>2026-07-04T10:47:19Z</time>
   </trkpt>
   <trkpt lat="12.9123730" lon="77.6388210">
    <ele>883.1</ele>
    <time>2026-07-04T10:47:20Z</time>
   </trkpt>
   <trkpt lat="12.9123550" lon="77.6388520">
    <ele>883.1</ele>
    <time>2026-07-04T10:47:21Z</time>
   </trkpt>
   <trkpt lat="12.9123480" lon="77.6388850">
    <ele>883.2</ele>
    <time>2026-07-04T10:47:22Z</time>
   </trkpt>
   <trkpt lat="12.9123410" lon="77.6389120">
    <ele>883.2</ele>
    <time>2026-07-04T10:47:23Z</time>
   </trkpt>
   <trkpt lat="12.9123370" lon="77.6389420">
    <ele>883.2</ele>
    <time>2026-07-04T10:47:24Z</time>
   </trkpt>
   <trkpt lat="12.9123370" lon="77.6389710">
    <ele>883.2</ele>
    <time>2026-07-04T10:47:25Z</time>
   </trkpt>
   <trkpt lat="12.9123370" lon="77.6389990">
    <ele>883.2</ele>
    <time>2026-07-04T10:47:26Z</time>
   </trkpt>
   <trkpt lat="12.9123350" lon="77.6390280">
    <ele>883.2</ele>
    <time>2026-07-04T10:47:27Z</time>
   </trkpt>
   <trkpt lat="12.9123310" lon="77.6390540">
    <ele>883.2</ele>
    <time>2026-07-04T10:47:28Z</time>
   </trkpt>
   <trkpt lat="12.9123270" lon="77.6390800">
    <ele>883.2</ele>
    <time>2026-07-04T10:47:29Z</time>
   </trkpt>
   <trkpt lat="12.9123260" lon="77.6391090">
    <ele>883.2</ele>
    <time>2026-07-04T10:47:30Z</time>
   </trkpt>
   <trkpt lat="12.9123250" lon="77.6391340">
    <ele>883.2</ele>
    <time>2026-07-04T10:47:31Z</time>
   </trkpt>
   <trkpt lat="12.9123230" lon="77.6391590">
    <ele>883.3</ele>
    <time>2026-07-04T10:47:32Z</time>
   </trkpt>
   <trkpt lat="12.9123240" lon="77.6391840">
    <ele>883.3</ele>
    <time>2026-07-04T10:47:33Z</time>
   </trkpt>
   <trkpt lat="12.9123260" lon="77.6392090">
    <ele>883.3</ele>
    <time>2026-07-04T10:47:34Z</time>
   </trkpt>
   <trkpt lat="12.9123240" lon="77.6392320">
    <ele>883.3</ele>
    <time>2026-07-04T10:47:35Z</time>
   </trkpt>
   <trkpt lat="12.9123220" lon="77.6392540">
    <ele>883.3</ele>
    <time>2026-07-04T10:47:36Z</time>
   </trkpt>
   <trkpt lat="12.9123170" lon="77.6392760">
    <ele>883.3</ele>
    <time>2026-07-04T10:47:37Z</time>
   </trkpt>
   <trkpt lat="12.9123140" lon="77.6392990">
    <ele>883.3</ele>
    <time>2026-07-04T10:47:38Z</time>
   </trkpt>
   <trkpt lat="12.9123140" lon="77.6393240">
    <ele>883.3</ele>
    <time>2026-07-04T10:47:39Z</time>
   </trkpt>
   <trkpt lat="12.9123170" lon="77.6393540">
    <ele>883.3</ele>
    <time>2026-07-04T10:47:40Z</time>
   </trkpt>
   <trkpt lat="12.9123180" lon="77.6393800">
    <ele>883.4</ele>
    <time>2026-07-04T10:47:41Z</time>
   </trkpt>
   <trkpt lat="12.9123200" lon="77.6394030">
    <ele>883.4</ele>
    <time>2026-07-04T10:47:42Z</time>
   </trkpt>
   <trkpt lat="12.9123190" lon="77.6394280">
    <ele>883.4</ele>
    <time>2026-07-04T10:47:43Z</time>
   </trkpt>
   <trkpt lat="12.9123180" lon="77.6394510">
    <ele>883.4</ele>
    <time>2026-07-04T10:47:44Z</time>
   </trkpt>
   <trkpt lat="12.9123190" lon="77.6394760">
    <ele>883.4</ele>
    <time>2026-07-04T10:47:45Z</time>
   </trkpt>
   <trkpt lat="12.9123170" lon="77.6395020">
    <ele>883.4</ele>
    <time>2026-07-04T10:47:46Z</time>
   </trkpt>
   <trkpt lat="12.9123160" lon="77.6395250">
    <ele>883.4</ele>
    <time>2026-07-04T10:47:47Z</time>
   </trkpt>
   <trkpt lat="12.9123140" lon="77.6395440">
    <ele>883.4</ele>
    <time>2026-07-04T10:47:48Z</time>
   </trkpt>
   <trkpt lat="12.9123150" lon="77.6395670">
    <ele>883.4</ele>
    <time>2026-07-04T10:47:49Z</time>
   </trkpt>
   <trkpt lat="12.9123150" lon="77.6395880">
    <ele>883.4</ele>
    <time>2026-07-04T10:47:50Z</time>
   </trkpt>
   <trkpt lat="12.9123140" lon="77.6396110">
    <ele>883.4</ele>
    <time>2026-07-04T10:47:51Z</time>
   </trkpt>
   <trkpt lat="12.9123140" lon="77.6396350">
    <ele>883.5</ele>
    <time>2026-07-04T10:47:52Z</time>
   </trkpt>
   <trkpt lat="12.9123130" lon="77.6396560">
    <ele>883.5</ele>
    <time>2026-07-04T10:47:53Z</time>
   </trkpt>
   <trkpt lat="12.9123130" lon="77.6396800">
    <ele>883.5</ele>
    <time>2026-07-04T10:47:54Z</time>
   </trkpt>
   <trkpt lat="12.9123120" lon="77.6397020">
    <ele>883.5</ele>
    <time>2026-07-04T10:47:55Z</time>
   </trkpt>
   <trkpt lat="12.9123090" lon="77.6397250">
    <ele>883.5</ele>
    <time>2026-07-04T10:47:56Z</time>
   </trkpt>
   <trkpt lat="12.9123060" lon="77.6397470">
    <ele>883.5</ele>
    <time>2026-07-04T10:47:57Z</time>
   </trkpt>
   <trkpt lat="12.9123040" lon="77.6397690">
    <ele>883.5</ele>
    <time>2026-07-04T10:47:58Z</time>
   </trkpt>
   <trkpt lat="12.9123040" lon="77.6397950">
    <ele>883.5</ele>
    <time>2026-07-04T10:47:59Z</time>
   </trkpt>
   <trkpt lat="12.9123080" lon="77.6398190">
    <ele>883.5</ele>
    <time>2026-07-04T10:48:00Z</time>
   </trkpt>
   <trkpt lat="12.9123100" lon="77.6398420">
    <ele>883.5</ele>
    <time>2026-07-04T10:48:01Z</time>
   </trkpt>
   <trkpt lat="12.9123120" lon="77.6398610">
    <ele>883.5</ele>
    <time>2026-07-04T10:48:02Z</time>
   </trkpt>
   <trkpt lat="12.9123230" lon="77.6398800">
    <ele>883.5</ele>
    <time>2026-07-04T10:48:03Z</time>
   </trkpt>
   <trkpt lat="12.9123400" lon="77.6398960">
    <ele>883.5</ele>
    <time>2026-07-04T10:48:04Z</time>
   </trkpt>
   <trkpt lat="12.9123570" lon="77.6399020">
    <ele>883.5</ele>
    <time>2026-07-04T10:48:05Z</time>
   </trkpt>
   <trkpt lat="12.9123740" lon="77.6399080">
    <ele>883.5</ele>
    <time>2026-07-04T10:48:06Z</time>
   </trkpt>
   <trkpt lat="12.9123950" lon="77.6399120">
    <ele>883.5</ele>
    <time>2026-07-04T10:48:07Z</time>
   </trkpt>
   <trkpt lat="12.9124090" lon="77.6399080">
    <ele>883.4</ele>
    <time>2026-07-04T10:48:08Z</time>
   </trkpt>
   <trkpt lat="12.9124340" lon="77.6399060">
    <ele>883.4</ele>
    <time>2026-07-04T10:48:09Z</time>
   </trkpt>
   <trkpt lat="12.9124650" lon="77.6399060">
    <ele>883.4</ele>
    <time>2026-07-04T10:48:10Z</time>
   </trkpt>
   <trkpt lat="12.9124890" lon="77.6399080">
    <ele>883.3</ele>
    <time>2026-07-04T10:48:11Z</time>
   </trkpt>
   <trkpt lat="12.9125190" lon="77.6399070">
    <ele>883.3</ele>
    <time>2026-07-04T10:48:12Z</time>
   </trkpt>
   <trkpt lat="12.9125540" lon="77.6399080">
    <ele>883.2</ele>
    <time>2026-07-04T10:48:13Z</time>
   </trkpt>
   <trkpt lat="12.9125830" lon="77.6399100">
    <ele>883.2</ele>
    <time>2026-07-04T10:48:14Z</time>
   </trkpt>
   <trkpt lat="12.9126120" lon="77.6399120">
    <ele>883.2</ele>
    <time>2026-07-04T10:48:15Z</time>
   </trkpt>
   <trkpt lat="12.9126410" lon="77.6399160">
    <ele>883.1</ele>
    <time>2026-07-04T10:48:16Z</time>
   </trkpt>
   <trkpt lat="12.9126690" lon="77.6399130">
    <ele>883.1</ele>
    <time>2026-07-04T10:48:17Z</time>
   </trkpt>
   <trkpt lat="12.9126990" lon="77.6399120">
    <ele>883.0</ele>
    <time>2026-07-04T10:48:18Z</time>
   </trkpt>
   <trkpt lat="12.9127220" lon="77.6399060">
    <ele>883.0</ele>
    <time>2026-07-04T10:48:19Z</time>
   </trkpt>
   <trkpt lat="12.9127470" lon="77.6399020">
    <ele>883.0</ele>
    <time>2026-07-04T10:48:20Z</time>
   </trkpt>
   <trkpt lat="12.9127720" lon="77.6399030">
    <ele>882.9</ele>
    <time>2026-07-04T10:48:21Z</time>
   </trkpt>
   <trkpt lat="12.9128010" lon="77.6399010">
    <ele>882.9</ele>
    <time>2026-07-04T10:48:22Z</time>
   </trkpt>
   <trkpt lat="12.9128260" lon="77.6399020">
    <ele>882.9</ele>
    <time>2026-07-04T10:48:23Z</time>
   </trkpt>
   <trkpt lat="12.9128540" lon="77.6398990">
    <ele>882.8</ele>
    <time>2026-07-04T10:48:24Z</time>
   </trkpt>
   <trkpt lat="12.9128790" lon="77.6398980">
    <ele>882.8</ele>
    <time>2026-07-04T10:48:25Z</time>
   </trkpt>
   <trkpt lat="12.9129060" lon="77.6399000">
    <ele>882.8</ele>
    <time>2026-07-04T10:48:26Z</time>
   </trkpt>
   <trkpt lat="12.9129270" lon="77.6399020">
    <ele>882.8</ele>
    <time>2026-07-04T10:48:27Z</time>
   </trkpt>
   <trkpt lat="12.9129470" lon="77.6398980">
    <ele>882.8</ele>
    <time>2026-07-04T10:48:28Z</time>
   </trkpt>
   <trkpt lat="12.9129660" lon="77.6398920">
    <ele>882.7</ele>
    <time>2026-07-04T10:48:29Z</time>
   </trkpt>
   <trkpt lat="12.9129870" lon="77.6398920">
    <ele>882.7</ele>
    <time>2026-07-04T10:48:30Z</time>
   </trkpt>
   <trkpt lat="12.9130090" lon="77.6398880">
    <ele>882.7</ele>
    <time>2026-07-04T10:48:31Z</time>
   </trkpt>
   <trkpt lat="12.9130320" lon="77.6398840">
    <ele>882.7</ele>
    <time>2026-07-04T10:48:32Z</time>
   </trkpt>
   <trkpt lat="12.9130560" lon="77.6398900">
    <ele>882.6</ele>
    <time>2026-07-04T10:48:33Z</time>
   </trkpt>
   <trkpt lat="12.9130800" lon="77.6398910">
    <ele>882.6</ele>
    <time>2026-07-04T10:48:34Z</time>
   </trkpt>
   <trkpt lat="12.9131040" lon="77.6398870">
    <ele>882.6</ele>
    <time>2026-07-04T10:48:35Z</time>
   </trkpt>
   <trkpt lat="12.9131270" lon="77.6398810">
    <ele>882.6</ele>
    <time>2026-07-04T10:48:36Z</time>
   </trkpt>
   <trkpt lat="12.9131440" lon="77.6398760">
    <ele>882.6</ele>
    <time>2026-07-04T10:48:37Z</time>
   </trkpt>
   <trkpt lat="12.9131610" lon="77.6398740">
    <ele>882.6</ele>
    <time>2026-07-04T10:48:38Z</time>
   </trkpt>
   <trkpt lat="12.9131780" lon="77.6398730">
    <ele>882.6</ele>
    <time>2026-07-04T10:48:39Z</time>
   </trkpt>
   <trkpt lat="12.9131950" lon="77.6398700">
    <ele>882.6</ele>
    <time>2026-07-04T10:48:40Z</time>
   </trkpt>
   <trkpt lat="12.9132110" lon="77.6398680">
    <ele>882.6</ele>
    <time>2026-07-04T10:48:41Z</time>
   </trkpt>
   <trkpt lat="12.9132250" lon="77.6398620">
    <ele>882.5</ele>
    <time>2026-07-04T10:48:42Z</time>
   </trkpt>
   <trkpt lat="12.9132420" lon="77.6398580">
    <ele>882.5</ele>
    <time>2026-07-04T10:48:43Z</time>
   </trkpt>
   <trkpt lat="12.9132580" lon="77.6398610">
    <ele>882.5</ele>
    <time>2026-07-04T10:48:44Z</time>
   </trkpt>
   <trkpt lat="12.9132770" lon="77.6398590">
    <ele>882.5</ele>
    <time>2026-07-04T10:48:45Z</time>
   </trkpt>
   <trkpt lat="12.9132930" lon="77.6398590">
    <ele>882.5</ele>
    <time>2026-07-04T10:48:46Z</time>
   </trkpt>
   <trkpt lat="12.9133120" lon="77.6398580">
    <ele>882.5</ele>
    <time>2026-07-04T10:48:47Z</time>
   </trkpt>
   <trkpt lat="12.9133200" lon="77.6398590">
    <ele>882.5</ele>
    <time>2026-07-04T10:48:48Z</time>
   </trkpt>
   <trkpt lat="12.9133330" lon="77.6398570">
    <ele>882.5</ele>
    <time>2026-07-04T10:48:49Z</time>
   </trkpt>
   <trkpt lat="12.9133420" lon="77.6398570">
    <ele>882.5</ele>
    <time>2026-07-04T10:48:50Z</time>
   </trkpt>
   <trkpt lat="12.9133570" lon="77.6398560">
    <ele>882.5</ele>
    <time>2026-07-04T10:48:51Z</time>
   </trkpt>
   <trkpt lat="12.9133680" lon="77.6398580">
    <ele>882.5</ele>
    <time>2026-07-04T10:48:52Z</time>
   </trkpt>
   <trkpt lat="12.9133710" lon="77.6398550">
    <ele>882.5</ele>
    <time>2026-07-04T10:48:53Z</time>
   </trkpt>
   <trkpt lat="12.9133730" lon="77.6398560">
    <ele>882.5</ele>
    <time>2026-07-04T10:48:54Z</time>
   </trkpt>
   <trkpt lat="12.9133750" lon="77.6398570">
    <ele>882.5</ele>
    <time>2026-07-04T10:48:55Z</time>
   </trkpt>
   <trkpt lat="12.9133790" lon="77.6398560">
    <ele>882.5</ele>
    <time>2026-07-04T10:48:56Z</time>
   </trkpt>
   <trkpt lat="12.9133800" lon="77.6398550">
    <ele>882.5</ele>
    <time>2026-07-04T10:48:57Z</time>
   </trkpt>
   <trkpt lat="12.9133840" lon="77.6398540">
    <ele>882.5</ele>
    <time>2026-07-04T10:48:58Z</time>
   </trkpt>
   <trkpt lat="12.9133860" lon="77.6398540">
    <ele>882.5</ele>
    <time>2026-07-04T10:48:59Z</time>
   </trkpt>
   <trkpt lat="12.9133830" lon="77.6398560">
    <ele>882.5</ele>
    <time>2026-07-04T10:49:00Z</time>
   </trkpt>
   <trkpt lat="12.9133840" lon="77.6398560">
    <ele>882.5</ele>
    <time>2026-07-04T10:49:01Z</time>
   </trkpt>
   <trkpt lat="12.9133850" lon="77.6398570">
    <ele>882.5</ele>
    <time>2026-07-04T10:49:02Z</time>
   </trkpt>
   <trkpt lat="12.9134360" lon="77.6398560">
    <ele>882.4</ele>
    <time>2026-07-04T10:49:17Z</time>
   </trkpt>
   <trkpt lat="12.9134460" lon="77.6398550">
    <ele>882.4</ele>
    <time>2026-07-04T10:49:18Z</time>
   </trkpt>
   <trkpt lat="12.9134540" lon="77.6398540">
    <ele>882.4</ele>
    <time>2026-07-04T10:49:19Z</time>
   </trkpt>
   <trkpt lat="12.9134670" lon="77.6398560">
    <ele>882.4</ele>
    <time>2026-07-04T10:49:20Z</time>
   </trkpt>
   <trkpt lat="12.9134750" lon="77.6398570">
    <ele>882.4</ele>
    <time>2026-07-04T10:49:21Z</time>
   </trkpt>
   <trkpt lat="12.9134820" lon="77.6398590">
    <ele>882.4</ele>
    <time>2026-07-04T10:49:22Z</time>
   </trkpt>
   <trkpt lat="12.9134790" lon="77.6398590">
    <ele>882.4</ele>
    <time>2026-07-04T10:49:23Z</time>
   </trkpt>
   <trkpt lat="12.9134740" lon="77.6398610">
    <ele>882.4</ele>
    <time>2026-07-04T10:49:24Z</time>
   </trkpt>
   <trkpt lat="12.9134740" lon="77.6398600">
    <ele>882.4</ele>
    <time>2026-07-04T10:49:25Z</time>
   </trkpt>
   <trkpt lat="12.9134770" lon="77.6398580">
    <ele>882.4</ele>
    <time>2026-07-04T10:49:26Z</time>
   </trkpt>
   <trkpt lat="12.9134790" lon="77.6398560">
    <ele>882.4</ele>
    <time>2026-07-04T10:49:27Z</time>
   </trkpt>
   <trkpt lat="12.9134790" lon="77.6398550">
    <ele>882.4</ele>
    <time>2026-07-04T10:49:28Z</time>
   </trkpt>
   <trkpt lat="12.9134840" lon="77.6398540">
    <ele>882.4</ele>
    <time>2026-07-04T10:49:29Z</time>
   </trkpt>
   <trkpt lat="12.9134820" lon="77.6398520">
    <ele>882.4</ele>
    <time>2026-07-04T10:49:30Z</time>
   </trkpt>
   <trkpt lat="12.9134820" lon="77.6398500">
    <ele>882.4</ele>
    <time>2026-07-04T10:49:31Z</time>
   </trkpt>
   <trkpt lat="12.9134930" lon="77.6398390">
    <ele>882.4</ele>
    <time>2026-07-04T10:49:40Z</time>
   </trkpt>
   <trkpt lat="12.9134910" lon="77.6398450">
    <ele>882.4</ele>
    <time>2026-07-04T10:49:41Z</time>
   </trkpt>
   <trkpt lat="12.9134950" lon="77.6398470">
    <ele>882.4</ele>
    <time>2026-07-04T10:49:42Z</time>
   </trkpt>
   <trkpt lat="12.9134960" lon="77.6398470">
    <ele>882.4</ele>
    <time>2026-07-04T10:49:43Z</time>
   </trkpt>
   <trkpt lat="12.9134990" lon="77.6398520">
    <ele>882.4</ele>
    <time>2026-07-04T10:49:44Z</time>
   </trkpt>
   <trkpt lat="12.9134990" lon="77.6398500">
    <ele>882.4</ele>
    <time>2026-07-04T10:49:45Z</time>
   </trkpt>
   <trkpt lat="12.9134990" lon="77.6398510">
    <ele>882.4</ele>
    <time>2026-07-04T10:49:46Z</time>
   </trkpt>
   <trkpt lat="12.9134890" lon="77.6398490">
    <ele>882.4</ele>
    <time>2026-07-04T10:49:47Z</time>
   </trkpt>
   <trkpt lat="12.9134850" lon="77.6398510">
    <ele>882.4</ele>
    <time>2026-07-04T10:49:48Z</time>
   </trkpt>
   <trkpt lat="12.9134850" lon="77.6398490">
    <ele>882.4</ele>
    <time>2026-07-04T10:49:49Z</time>
   </trkpt>
   <trkpt lat="12.9135210" lon="77.6398440">
    <ele>882.4</ele>
    <time>2026-07-04T10:50:24Z</time>
   </trkpt>
   <trkpt lat="12.9135210" lon="77.6398440">
    <ele>882.4</ele>
    <time>2026-07-04T10:50:25Z</time>
   </trkpt>
   <trkpt lat="12.9135140" lon="77.6398380">
    <ele>882.3</ele>
    <time>2026-07-04T10:50:26Z</time>
   </trkpt>
   <trkpt lat="12.9135120" lon="77.6398350">
    <ele>882.3</ele>
    <time>2026-07-04T10:50:27Z</time>
   </trkpt>
   <trkpt lat="12.9135070" lon="77.6398350">
    <ele>882.3</ele>
    <time>2026-07-04T10:50:28Z</time>
   </trkpt>
   <trkpt lat="12.9134970" lon="77.6398400">
    <ele>882.3</ele>
    <time>2026-07-04T10:50:29Z</time>
   </trkpt>
   <trkpt lat="12.9134970" lon="77.6398400">
    <ele>882.3</ele>
    <time>2026-07-04T10:50:30Z</time>
   </trkpt>
   <trkpt lat="12.9134890" lon="77.6398450">
    <ele>882.3</ele>
    <time>2026-07-04T10:50:31Z</time>
   </trkpt>
   <trkpt lat="12.9134880" lon="77.6398450">
    <ele>882.3</ele>
    <time>2026-07-04T10:50:32Z</time>
   </trkpt>
   <trkpt lat="12.9134880" lon="77.6398450">
    <ele>882.3</ele>
    <time>2026-07-04T10:50:33Z</time>
   </trkpt>
   <trkpt lat="12.9135760" lon="77.6398550">
    <ele>882.3</ele>
    <time>2026-07-04T10:51:37Z</time>
   </trkpt>
   <trkpt lat="12.9135860" lon="77.6398600">
    <ele>882.2</ele>
    <time>2026-07-04T10:51:38Z</time>
   </trkpt>
   <trkpt lat="12.9136150" lon="77.6398620">
    <ele>882.2</ele>
    <time>2026-07-04T10:51:39Z</time>
   </trkpt>
   <trkpt lat="12.9136290" lon="77.6398580">
    <ele>882.2</ele>
    <time>2026-07-04T10:51:40Z</time>
   </trkpt>
   <trkpt lat="12.9136340" lon="77.6398600">
    <ele>882.2</ele>
    <time>2026-07-04T10:51:41Z</time>
   </trkpt>
   <trkpt lat="12.9136590" lon="77.6398650">
    <ele>882.2</ele>
    <time>2026-07-04T10:51:42Z</time>
   </trkpt>
   <trkpt lat="12.9136730" lon="77.6398660">
    <ele>882.2</ele>
    <time>2026-07-04T10:51:43Z</time>
   </trkpt>
   <trkpt lat="12.9136900" lon="77.6398620">
    <ele>882.2</ele>
    <time>2026-07-04T10:51:44Z</time>
   </trkpt>
   <trkpt lat="12.9137020" lon="77.6398540">
    <ele>882.2</ele>
    <time>2026-07-04T10:51:45Z</time>
   </trkpt>
   <trkpt lat="12.9137170" lon="77.6398490">
    <ele>882.2</ele>
    <time>2026-07-04T10:51:46Z</time>
   </trkpt>
   <trkpt lat="12.9137460" lon="77.6398380">
    <ele>882.2</ele>
    <time>2026-07-04T10:51:47Z</time>
   </trkpt>
   <trkpt lat="12.9137700" lon="77.6398380">
    <ele>882.1</ele>
    <time>2026-07-04T10:51:48Z</time>
   </trkpt>
   <trkpt lat="12.9137900" lon="77.6398400">
    <ele>882.1</ele>
    <time>2026-07-04T10:51:49Z</time>
   </trkpt>
   <trkpt lat="12.9138160" lon="77.6398390">
    <ele>882.1</ele>
    <time>2026-07-04T10:51:50Z</time>
   </trkpt>
   <trkpt lat="12.9138430" lon="77.6398440">
    <ele>882.1</ele>
    <time>2026-07-04T10:51:51Z</time>
   </trkpt>
   <trkpt lat="12.9138630" lon="77.6398390">
    <ele>882.1</ele>
    <time>2026-07-04T10:51:52Z</time>
   </trkpt>
   <trkpt lat="12.9138890" lon="77.6398390">
    <ele>882.1</ele>
    <time>2026-07-04T10:51:53Z</time>
   </trkpt>
   <trkpt lat="12.9139100" lon="77.6398440">
    <ele>882.1</ele>
    <time>2026-07-04T10:51:54Z</time>
   </trkpt>
   <trkpt lat="12.9139360" lon="77.6398450">
    <ele>882.0</ele>
    <time>2026-07-04T10:51:55Z</time>
   </trkpt>
   <trkpt lat="12.9139530" lon="77.6398490">
    <ele>882.0</ele>
    <time>2026-07-04T10:51:56Z</time>
   </trkpt>
   <trkpt lat="12.9139740" lon="77.6398470">
    <ele>882.0</ele>
    <time>2026-07-04T10:51:57Z</time>
   </trkpt>
   <trkpt lat="12.9139860" lon="77.6398410">
    <ele>882.0</ele>
    <time>2026-07-04T10:51:58Z</time>
   </trkpt>
   <trkpt lat="12.9140130" lon="77.6398380">
    <ele>882.0</ele>
    <time>2026-07-04T10:51:59Z</time>
   </trkpt>
   <trkpt lat="12.9140510" lon="77.6398400">
    <ele>882.0</ele>
    <time>2026-07-04T10:52:00Z</time>
   </trkpt>
   <trkpt lat="12.9140650" lon="77.6398390">
    <ele>882.0</ele>
    <time>2026-07-04T10:52:01Z</time>
   </trkpt>
   <trkpt lat="12.9140790" lon="77.6398340">
    <ele>882.0</ele>
    <time>2026-07-04T10:52:02Z</time>
   </trkpt>
   <trkpt lat="12.9141010" lon="77.6398290">
    <ele>882.0</ele>
    <time>2026-07-04T10:52:03Z</time>
   </trkpt>
   <trkpt lat="12.9141180" lon="77.6398270">
    <ele>882.0</ele>
    <time>2026-07-04T10:52:04Z</time>
   </trkpt>
   <trkpt lat="12.9141400" lon="77.6398260">
    <ele>882.0</ele>
    <time>2026-07-04T10:52:05Z</time>
   </trkpt>
   <trkpt lat="12.9141670" lon="77.6398260">
    <ele>882.0</ele>
    <time>2026-07-04T10:52:06Z</time>
   </trkpt>
   <trkpt lat="12.9141970" lon="77.6398250">
    <ele>882.0</ele>
    <time>2026-07-04T10:52:07Z</time>
   </trkpt>
   <trkpt lat="12.9142210" lon="77.6398160">
    <ele>882.0</ele>
    <time>2026-07-04T10:52:08Z</time>
   </trkpt>
   <trkpt lat="12.9142440" lon="77.6398200">
    <ele>882.0</ele>
    <time>2026-07-04T10:52:09Z</time>
   </trkpt>
   <trkpt lat="12.9142660" lon="77.6398140">
    <ele>882.0</ele>
    <time>2026-07-04T10:52:10Z</time>
   </trkpt>
   <trkpt lat="12.9142930" lon="77.6398170">
    <ele>882.0</ele>
    <time>2026-07-04T10:52:11Z</time>
   </trkpt>
   <trkpt lat="12.9143140" lon="77.6398230">
    <ele>882.0</ele>
    <time>2026-07-04T10:52:12Z</time>
   </trkpt>
   <trkpt lat="12.9143470" lon="77.6398220">
    <ele>882.0</ele>
    <time>2026-07-04T10:52:13Z</time>
   </trkpt>
   <trkpt lat="12.9143730" lon="77.6398240">
    <ele>882.0</ele>
    <time>2026-07-04T10:52:14Z</time>
   </trkpt>
   <trkpt lat="12.9143830" lon="77.6398220">
    <ele>882.0</ele>
    <time>2026-07-04T10:52:15Z</time>
   </trkpt>
   <trkpt lat="12.9144050" lon="77.6398180">
    <ele>882.0</ele>
    <time>2026-07-04T10:52:16Z</time>
   </trkpt>
   <trkpt lat="12.9144180" lon="77.6398220">
    <ele>882.0</ele>
    <time>2026-07-04T10:52:17Z</time>
   </trkpt>
   <trkpt lat="12.9144350" lon="77.6398210">
    <ele>882.0</ele>
    <time>2026-07-04T10:52:18Z</time>
   </trkpt>
   <trkpt lat="12.9144510" lon="77.6398170">
    <ele>881.9</ele>
    <time>2026-07-04T10:52:19Z</time>
   </trkpt>
   <trkpt lat="12.9144630" lon="77.6398110">
    <ele>881.9</ele>
    <time>2026-07-04T10:52:20Z</time>
   </trkpt>
   <trkpt lat="12.9144760" lon="77.6398080">
    <ele>881.9</ele>
    <time>2026-07-04T10:52:21Z</time>
   </trkpt>
   <trkpt lat="12.9144930" lon="77.6398060">
    <ele>881.9</ele>
    <time>2026-07-04T10:52:22Z</time>
   </trkpt>
   <trkpt lat="12.9145150" lon="77.6398070">
    <ele>881.8</ele>
    <time>2026-07-04T10:52:23Z</time>
   </trkpt>
   <trkpt lat="12.9145370" lon="77.6398060">
    <ele>881.8</ele>
    <time>2026-07-04T10:52:24Z</time>
   </trkpt>
   <trkpt lat="12.9145610" lon="77.6398030">
    <ele>881.8</ele>
    <time>2026-07-04T10:52:25Z</time>
   </trkpt>
   <trkpt lat="12.9145900" lon="77.6398000">
    <ele>881.7</ele>
    <time>2026-07-04T10:52:26Z</time>
   </trkpt>
   <trkpt lat="12.9146170" lon="77.6397950">
    <ele>881.7</ele>
    <time>2026-07-04T10:52:27Z</time>
   </trkpt>
   <trkpt lat="12.9146430" lon="77.6397940">
    <ele>881.6</ele>
    <time>2026-07-04T10:52:28Z</time>
   </trkpt>
   <trkpt lat="12.9146720" lon="77.6397930">
    <ele>881.6</ele>
    <time>2026-07-04T10:52:29Z</time>
   </trkpt>
   <trkpt lat="12.9147020" lon="77.6397930">
    <ele>881.6</ele>
    <time>2026-07-04T10:52:30Z</time>
   </trkpt>
   <trkpt lat="12.9147360" lon="77.6398010">
    <ele>881.5</ele>
    <time>2026-07-04T10:52:31Z</time>
   </trkpt>
   <trkpt lat="12.9147710" lon="77.6398020">
    <ele>881.5</ele>
    <time>2026-07-04T10:52:32Z</time>
   </trkpt>
   <trkpt lat="12.9148040" lon="77.6397990">
    <ele>881.4</ele>
    <time>2026-07-04T10:52:33Z</time>
   </trkpt>
   <trkpt lat="12.9148340" lon="77.6397930">
    <ele>881.4</ele>
    <time>2026-07-04T10:52:34Z</time>
   </trkpt>
   <trkpt lat="12.9148650" lon="77.6397610">
    <ele>881.3</ele>
    <time>2026-07-04T10:52:35Z</time>
   </trkpt>
   <trkpt lat="12.9148920" lon="77.6397550">
    <ele>881.3</ele>
    <time>2026-07-04T10:52:36Z</time>
   </trkpt>
   <trkpt lat="12.9149230" lon="77.6397500">
    <ele>881.3</ele>
    <time>2026-07-04T10:52:37Z</time>
   </trkpt>
   <trkpt lat="12.9149570" lon="77.6397580">
    <ele>881.2</ele>
    <time>2026-07-04T10:52:38Z</time>
   </trkpt>
   <trkpt lat="12.9149890" lon="77.6397660">
    <ele>881.2</ele>
    <time>2026-07-04T10:52:39Z</time>
   </trkpt>
   <trkpt lat="12.9150250" lon="77.6397720">
    <ele>881.2</ele>
    <time>2026-07-04T10:52:40Z</time>
   </trkpt>
   <trkpt lat="12.9150660" lon="77.6397780">
    <ele>881.1</ele>
    <time>2026-07-04T10:52:41Z</time>
   </trkpt>
   <trkpt lat="12.9151040" lon="77.6397790">
    <ele>881.1</ele>
    <time>2026-07-04T10:52:42Z</time>
   </trkpt>
   <trkpt lat="12.9151390" lon="77.6397760">
    <ele>881.1</ele>
    <time>2026-07-04T10:52:43Z</time>
   </trkpt>
   <trkpt lat="12.9151710" lon="77.6397710">
    <ele>881.1</ele>
    <time>2026-07-04T10:52:44Z</time>
   </trkpt>
   <trkpt lat="12.9152080" lon="77.6397650">
    <ele>881.1</ele>
    <time>2026-07-04T10:52:45Z</time>
   </trkpt>
   <trkpt lat="12.9152400" lon="77.6397610">
    <ele>881.0</ele>
    <time>2026-07-04T10:52:46Z</time>
   </trkpt>
   <trkpt lat="12.9152770" lon="77.6397510">
    <ele>881.0</ele>
    <time>2026-07-04T10:52:47Z</time>
   </trkpt>
   <trkpt lat="12.9153120" lon="77.6397430">
    <ele>881.0</ele>
    <time>2026-07-04T10:52:48Z</time>
   </trkpt>
   <trkpt lat="12.9153350" lon="77.6397390">
    <ele>881.0</ele>
    <time>2026-07-04T10:52:49Z</time>
   </trkpt>
   <trkpt lat="12.9153590" lon="77.6397400">
    <ele>881.0</ele>
    <time>2026-07-04T10:52:50Z</time>
   </trkpt>
   <trkpt lat="12.9153810" lon="77.6397430">
    <ele>881.0</ele>
    <time>2026-07-04T10:52:51Z</time>
   </trkpt>
   <trkpt lat="12.9154040" lon="77.6397490">
    <ele>881.0</ele>
    <time>2026-07-04T10:52:52Z</time>
   </trkpt>
   <trkpt lat="12.9154320" lon="77.6397500">
    <ele>881.0</ele>
    <time>2026-07-04T10:52:53Z</time>
   </trkpt>
   <trkpt lat="12.9154620" lon="77.6397450">
    <ele>881.0</ele>
    <time>2026-07-04T10:52:54Z</time>
   </trkpt>
   <trkpt lat="12.9154900" lon="77.6397400">
    <ele>881.0</ele>
    <time>2026-07-04T10:52:55Z</time>
   </trkpt>
   <trkpt lat="12.9155210" lon="77.6397390">
    <ele>881.0</ele>
    <time>2026-07-04T10:52:56Z</time>
   </trkpt>
   <trkpt lat="12.9155490" lon="77.6397410">
    <ele>881.0</ele>
    <time>2026-07-04T10:52:57Z</time>
   </trkpt>
   <trkpt lat="12.9155770" lon="77.6397420">
    <ele>881.0</ele>
    <time>2026-07-04T10:52:58Z</time>
   </trkpt>
   <trkpt lat="12.9156090" lon="77.6397450">
    <ele>881.0</ele>
    <time>2026-07-04T10:52:59Z</time>
   </trkpt>
   <trkpt lat="12.9156340" lon="77.6397580">
    <ele>881.0</ele>
    <time>2026-07-04T10:53:00Z</time>
   </trkpt>
   <trkpt lat="12.9156520" lon="77.6397760">
    <ele>881.1</ele>
    <time>2026-07-04T10:53:01Z</time>
   </trkpt>
   <trkpt lat="12.9156620" lon="77.6398040">
    <ele>881.0</ele>
    <time>2026-07-04T10:53:02Z</time>
   </trkpt>
   <trkpt lat="12.9156640" lon="77.6398380">
    <ele>881.0</ele>
    <time>2026-07-04T10:53:03Z</time>
   </trkpt>
   <trkpt lat="12.9156640" lon="77.6398760">
    <ele>881.0</ele>
    <time>2026-07-04T10:53:04Z</time>
   </trkpt>
   <trkpt lat="12.9156600" lon="77.6399110">
    <ele>881.0</ele>
    <time>2026-07-04T10:53:05Z</time>
   </trkpt>
   <trkpt lat="12.9156510" lon="77.6399440">
    <ele>881.0</ele>
    <time>2026-07-04T10:53:06Z</time>
   </trkpt>
   <trkpt lat="12.9156500" lon="77.6399710">
    <ele>881.0</ele>
    <time>2026-07-04T10:53:07Z</time>
   </trkpt>
   <trkpt lat="12.9156460" lon="77.6400060">
    <ele>881.0</ele>
    <time>2026-07-04T10:53:08Z</time>
   </trkpt>
   <trkpt lat="12.9156420" lon="77.6400390">
    <ele>881.1</ele>
    <time>2026-07-04T10:53:09Z</time>
   </trkpt>
   <trkpt lat="12.9156380" lon="77.6400720">
    <ele>881.1</ele>
    <time>2026-07-04T10:53:10Z</time>
   </trkpt>
   <trkpt lat="12.9156330" lon="77.6401070">
    <ele>881.1</ele>
    <time>2026-07-04T10:53:11Z</time>
   </trkpt>
   <trkpt lat="12.9156310" lon="77.6401380">
    <ele>881.1</ele>
    <time>2026-07-04T10:53:12Z</time>
   </trkpt>
   <trkpt lat="12.9156330" lon="77.6401680">
    <ele>881.1</ele>
    <time>2026-07-04T10:53:13Z</time>
   </trkpt>
   <trkpt lat="12.9156320" lon="77.6402020">
    <ele>881.1</ele>
    <time>2026-07-04T10:53:14Z</time>
   </trkpt>
   <trkpt lat="12.9156290" lon="77.6402350">
    <ele>881.1</ele>
    <time>2026-07-04T10:53:15Z</time>
   </trkpt>
   <trkpt lat="12.9156260" lon="77.6402660">
    <ele>881.1</ele>
    <time>2026-07-04T10:53:16Z</time>
   </trkpt>
   <trkpt lat="12.9156230" lon="77.6402980">
    <ele>881.1</ele>
    <time>2026-07-04T10:53:17Z</time>
   </trkpt>
   <trkpt lat="12.9156210" lon="77.6403300">
    <ele>881.1</ele>
    <time>2026-07-04T10:53:18Z</time>
   </trkpt>
   <trkpt lat="12.9156190" lon="77.6403590">
    <ele>881.1</ele>
    <time>2026-07-04T10:53:19Z</time>
   </trkpt>
   <trkpt lat="12.9156170" lon="77.6403930">
    <ele>881.1</ele>
    <time>2026-07-04T10:53:20Z</time>
   </trkpt>
   <trkpt lat="12.9156150" lon="77.6404320">
    <ele>881.1</ele>
    <time>2026-07-04T10:53:21Z</time>
   </trkpt>
   <trkpt lat="12.9156120" lon="77.6404670">
    <ele>881.1</ele>
    <time>2026-07-04T10:53:22Z</time>
   </trkpt>
   <trkpt lat="12.9156100" lon="77.6405020">
    <ele>881.1</ele>
    <time>2026-07-04T10:53:23Z</time>
   </trkpt>
   <trkpt lat="12.9156080" lon="77.6405380">
    <ele>881.1</ele>
    <time>2026-07-04T10:53:24Z</time>
   </trkpt>
   <trkpt lat="12.9156060" lon="77.6405780">
    <ele>881.1</ele>
    <time>2026-07-04T10:53:25Z</time>
   </trkpt>
   <trkpt lat="12.9156050" lon="77.6406150">
    <ele>881.1</ele>
    <time>2026-07-04T10:53:26Z</time>
   </trkpt>
   <trkpt lat="12.9156030" lon="77.6406510">
    <ele>881.0</ele>
    <time>2026-07-04T10:53:27Z</time>
   </trkpt>
   <trkpt lat="12.9156000" lon="77.6406860">
    <ele>881.0</ele>
    <time>2026-07-04T10:53:28Z</time>
   </trkpt>
   <trkpt lat="12.9155950" lon="77.6407240">
    <ele>881.0</ele>
    <time>2026-07-04T10:53:29Z</time>
   </trkpt>
   <trkpt lat="12.9155960" lon="77.6407630">
    <ele>881.0</ele>
    <time>2026-07-04T10:53:30Z</time>
   </trkpt>
   <trkpt lat="12.9155910" lon="77.6408010">
    <ele>881.0</ele>
    <time>2026-07-04T10:53:31Z</time>
   </trkpt>
   <trkpt lat="12.9155900" lon="77.6408360">
    <ele>881.0</ele>
    <time>2026-07-04T10:53:32Z</time>
   </trkpt>
   <trkpt lat="12.9155880" lon="77.6408710">
    <ele>881.0</ele>
    <time>2026-07-04T10:53:33Z</time>
   </trkpt>
   <trkpt lat="12.9155870" lon="77.6409030">
    <ele>881.0</ele>
    <time>2026-07-04T10:53:34Z</time>
   </trkpt>
   <trkpt lat="12.9155910" lon="77.6409280">
    <ele>881.0</ele>
    <time>2026-07-04T10:53:35Z</time>
   </trkpt>
   <trkpt lat="12.9155890" lon="77.6409480">
    <ele>881.0</ele>
    <time>2026-07-04T10:53:36Z</time>
   </trkpt>
   <trkpt lat="12.9155810" lon="77.6409680">
    <ele>881.0</ele>
    <time>2026-07-04T10:53:37Z</time>
   </trkpt>
   <trkpt lat="12.9155760" lon="77.6409930">
    <ele>881.0</ele>
    <time>2026-07-04T10:53:38Z</time>
   </trkpt>
   <trkpt lat="12.9155730" lon="77.6410210">
    <ele>881.0</ele>
    <time>2026-07-04T10:53:39Z</time>
   </trkpt>
   <trkpt lat="12.9155730" lon="77.6410520">
    <ele>881.0</ele>
    <time>2026-07-04T10:53:40Z</time>
   </trkpt>
   <trkpt lat="12.9155660" lon="77.6410810">
    <ele>881.0</ele>
    <time>2026-07-04T10:53:41Z</time>
   </trkpt>
   <trkpt lat="12.9155590" lon="77.6411120">
    <ele>881.0</ele>
    <time>2026-07-04T10:53:42Z</time>
   </trkpt>
   <trkpt lat="12.9155600" lon="77.6411440">
    <ele>881.0</ele>
    <time>2026-07-04T10:53:43Z</time>
   </trkpt>
   <trkpt lat="12.9155610" lon="77.6411750">
    <ele>881.0</ele>
    <time>2026-07-04T10:53:44Z</time>
   </trkpt>
   <trkpt lat="12.9155610" lon="77.6412090">
    <ele>881.0</ele>
    <time>2026-07-04T10:53:45Z</time>
   </trkpt>
   <trkpt lat="12.9155620" lon="77.6412380">
    <ele>881.0</ele>
    <time>2026-07-04T10:53:46Z</time>
   </trkpt>
   <trkpt lat="12.9155620" lon="77.6412690">
    <ele>881.0</ele>
    <time>2026-07-04T10:53:47Z</time>
   </trkpt>
   <trkpt lat="12.9155630" lon="77.6412980">
    <ele>881.0</ele>
    <time>2026-07-04T10:53:48Z</time>
   </trkpt>
   <trkpt lat="12.9155620" lon="77.6413250">
    <ele>881.0</ele>
    <time>2026-07-04T10:53:49Z</time>
   </trkpt>
   <trkpt lat="12.9155650" lon="77.6413460">
    <ele>881.0</ele>
    <time>2026-07-04T10:53:50Z</time>
   </trkpt>
   <trkpt lat="12.9155650" lon="77.6413700">
    <ele>881.0</ele>
    <time>2026-07-04T10:53:51Z</time>
   </trkpt>
   <trkpt lat="12.9155620" lon="77.6414000">
    <ele>881.0</ele>
    <time>2026-07-04T10:53:52Z</time>
   </trkpt>
   <trkpt lat="12.9155590" lon="77.6414300">
    <ele>881.0</ele>
    <time>2026-07-04T10:53:53Z</time>
   </trkpt>
   <trkpt lat="12.9155630" lon="77.6414600">
    <ele>881.0</ele>
    <time>2026-07-04T10:53:54Z</time>
   </trkpt>
   <trkpt lat="12.9155640" lon="77.6414910">
    <ele>881.1</ele>
    <time>2026-07-04T10:53:55Z</time>
   </trkpt>
   <trkpt lat="12.9155580" lon="77.6415210">
    <ele>881.1</ele>
    <time>2026-07-04T10:53:56Z</time>
   </trkpt>
   <trkpt lat="12.9155580" lon="77.6415500">
    <ele>881.1</ele>
    <time>2026-07-04T10:53:57Z</time>
   </trkpt>
   <trkpt lat="12.9155520" lon="77.6415770">
    <ele>881.1</ele>
    <time>2026-07-04T10:53:58Z</time>
   </trkpt>
   <trkpt lat="12.9155520" lon="77.6416040">
    <ele>881.2</ele>
    <time>2026-07-04T10:53:59Z</time>
   </trkpt>
   <trkpt lat="12.9155420" lon="77.6416270">
    <ele>881.2</ele>
    <time>2026-07-04T10:54:00Z</time>
   </trkpt>
   <trkpt lat="12.9155400" lon="77.6416500">
    <ele>881.2</ele>
    <time>2026-07-04T10:54:01Z</time>
   </trkpt>
   <trkpt lat="12.9155310" lon="77.6416700">
    <ele>881.2</ele>
    <time>2026-07-04T10:54:02Z</time>
   </trkpt>
   <trkpt lat="12.9155260" lon="77.6416950">
    <ele>881.2</ele>
    <time>2026-07-04T10:54:03Z</time>
   </trkpt>
   <trkpt lat="12.9155250" lon="77.6417180">
    <ele>881.2</ele>
    <time>2026-07-04T10:54:04Z</time>
   </trkpt>
   <trkpt lat="12.9155260" lon="77.6417400">
    <ele>881.2</ele>
    <time>2026-07-04T10:54:05Z</time>
   </trkpt>
   <trkpt lat="12.9155290" lon="77.6417680">
    <ele>881.3</ele>
    <time>2026-07-04T10:54:06Z</time>
   </trkpt>
   <trkpt lat="12.9155310" lon="77.6417920">
    <ele>881.3</ele>
    <time>2026-07-04T10:54:07Z</time>
   </trkpt>
   <trkpt lat="12.9155330" lon="77.6418200">
    <ele>881.3</ele>
    <time>2026-07-04T10:54:08Z</time>
   </trkpt>
   <trkpt lat="12.9155310" lon="77.6418470">
    <ele>881.3</ele>
    <time>2026-07-04T10:54:09Z</time>
   </trkpt>
   <trkpt lat="12.9155320" lon="77.6418660">
    <ele>881.3</ele>
    <time>2026-07-04T10:54:10Z</time>
   </trkpt>
   <trkpt lat="12.9155300" lon="77.6418930">
    <ele>881.3</ele>
    <time>2026-07-04T10:54:11Z</time>
   </trkpt>
   <trkpt lat="12.9155250" lon="77.6419200">
    <ele>881.3</ele>
    <time>2026-07-04T10:54:12Z</time>
   </trkpt>
   <trkpt lat="12.9155180" lon="77.6419500">
    <ele>881.4</ele>
    <time>2026-07-04T10:54:13Z</time>
   </trkpt>
   <trkpt lat="12.9155120" lon="77.6419790">
    <ele>881.4</ele>
    <time>2026-07-04T10:54:14Z</time>
   </trkpt>
   <trkpt lat="12.9154980" lon="77.6420070">
    <ele>881.4</ele>
    <time>2026-07-04T10:54:15Z</time>
   </trkpt>
   <trkpt lat="12.9154870" lon="77.6420300">
    <ele>881.4</ele>
    <time>2026-07-04T10:54:16Z</time>
   </trkpt>
   <trkpt lat="12.9154790" lon="77.6420590">
    <ele>881.4</ele>
    <time>2026-07-04T10:54:17Z</time>
   </trkpt>
   <trkpt lat="12.9154740" lon="77.6420920">
    <ele>881.4</ele>
    <time>2026-07-04T10:54:18Z</time>
   </trkpt>
   <trkpt lat="12.9154700" lon="77.6421280">
    <ele>881.4</ele>
    <time>2026-07-04T10:54:19Z</time>
   </trkpt>
   <trkpt lat="12.9154670" lon="77.6421630">
    <ele>881.4</ele>
    <time>2026-07-04T10:54:20Z</time>
   </trkpt>
   <trkpt lat="12.9154610" lon="77.6421960">
    <ele>881.5</ele>
    <time>2026-07-04T10:54:21Z</time>
   </trkpt>
   <trkpt lat="12.9154540" lon="77.6422260">
    <ele>881.5</ele>
    <time>2026-07-04T10:54:22Z</time>
   </trkpt>
   <trkpt lat="12.9154510" lon="77.6422600">
    <ele>881.5</ele>
    <time>2026-07-04T10:54:23Z</time>
   </trkpt>
   <trkpt lat="12.9154440" lon="77.6422920">
    <ele>881.5</ele>
    <time>2026-07-04T10:54:24Z</time>
   </trkpt>
   <trkpt lat="12.9154370" lon="77.6423220">
    <ele>881.6</ele>
    <time>2026-07-04T10:54:25Z</time>
   </trkpt>
   <trkpt lat="12.9154320" lon="77.6423510">
    <ele>881.6</ele>
    <time>2026-07-04T10:54:26Z</time>
   </trkpt>
   <trkpt lat="12.9154310" lon="77.6423840">
    <ele>881.6</ele>
    <time>2026-07-04T10:54:27Z</time>
   </trkpt>
   <trkpt lat="12.9154280" lon="77.6424150">
    <ele>881.6</ele>
    <time>2026-07-04T10:54:28Z</time>
   </trkpt>
   <trkpt lat="12.9154200" lon="77.6424490">
    <ele>881.6</ele>
    <time>2026-07-04T10:54:29Z</time>
   </trkpt>
   <trkpt lat="12.9154140" lon="77.6424870">
    <ele>881.7</ele>
    <time>2026-07-04T10:54:31Z</time>
   </trkpt>
   <trkpt lat="12.9154110" lon="77.6425210">
    <ele>881.7</ele>
    <time>2026-07-04T10:54:32Z</time>
   </trkpt>
   <trkpt lat="12.9154070" lon="77.6425570">
    <ele>881.7</ele>
    <time>2026-07-04T10:54:33Z</time>
   </trkpt>
   <trkpt lat="12.9154040" lon="77.6425950">
    <ele>881.7</ele>
    <time>2026-07-04T10:54:34Z</time>
   </trkpt>
   <trkpt lat="12.9153990" lon="77.6426370">
    <ele>881.8</ele>
    <time>2026-07-04T10:54:35Z</time>
   </trkpt>
   <trkpt lat="12.9153950" lon="77.6426780">
    <ele>881.8</ele>
    <time>2026-07-04T10:54:36Z</time>
   </trkpt>
   <trkpt lat="12.9153950" lon="77.6427190">
    <ele>881.8</ele>
    <time>2026-07-04T10:54:37Z</time>
   </trkpt>
   <trkpt lat="12.9153870" lon="77.6427560">
    <ele>881.9</ele>
    <time>2026-07-04T10:54:38Z</time>
   </trkpt>
   <trkpt lat="12.9153780" lon="77.6427910">
    <ele>881.9</ele>
    <time>2026-07-04T10:54:39Z</time>
   </trkpt>
   <trkpt lat="12.9153760" lon="77.6428300">
    <ele>881.9</ele>
    <time>2026-07-04T10:54:40Z</time>
   </trkpt>
   <trkpt lat="12.9153690" lon="77.6428610">
    <ele>881.9</ele>
    <time>2026-07-04T10:54:41Z</time>
   </trkpt>
   <trkpt lat="12.9153550" lon="77.6428930">
    <ele>881.9</ele>
    <time>2026-07-04T10:54:42Z</time>
   </trkpt>
   <trkpt lat="12.9153490" lon="77.6429240">
    <ele>881.9</ele>
    <time>2026-07-04T10:54:43Z</time>
   </trkpt>
   <trkpt lat="12.9153450" lon="77.6429530">
    <ele>882.0</ele>
    <time>2026-07-04T10:54:44Z</time>
   </trkpt>
   <trkpt lat="12.9153420" lon="77.6429820">
    <ele>882.0</ele>
    <time>2026-07-04T10:54:45Z</time>
   </trkpt>
   <trkpt lat="12.9153360" lon="77.6430080">
    <ele>882.0</ele>
    <time>2026-07-04T10:54:46Z</time>
   </trkpt>
   <trkpt lat="12.9153290" lon="77.6430360">
    <ele>882.0</ele>
    <time>2026-07-04T10:54:47Z</time>
   </trkpt>
   <trkpt lat="12.9153260" lon="77.6430630">
    <ele>882.0</ele>
    <time>2026-07-04T10:54:48Z</time>
   </trkpt>
   <trkpt lat="12.9153210" lon="77.6430910">
    <ele>882.0</ele>
    <time>2026-07-04T10:54:49Z</time>
   </trkpt>
   <trkpt lat="12.9153210" lon="77.6431150">
    <ele>882.0</ele>
    <time>2026-07-04T10:54:50Z</time>
   </trkpt>
   <trkpt lat="12.9153190" lon="77.6431400">
    <ele>882.1</ele>
    <time>2026-07-04T10:54:51Z</time>
   </trkpt>
   <trkpt lat="12.9153150" lon="77.6431630">
    <ele>882.1</ele>
    <time>2026-07-04T10:54:52Z</time>
   </trkpt>
   <trkpt lat="12.9153070" lon="77.6431770">
    <ele>882.1</ele>
    <time>2026-07-04T10:54:53Z</time>
   </trkpt>
   <trkpt lat="12.9153050" lon="77.6431960">
    <ele>882.1</ele>
    <time>2026-07-04T10:54:54Z</time>
   </trkpt>
   <trkpt lat="12.9153050" lon="77.6432100">
    <ele>882.1</ele>
    <time>2026-07-04T10:54:55Z</time>
   </trkpt>
   <trkpt lat="12.9153030" lon="77.6432260">
    <ele>882.1</ele>
    <time>2026-07-04T10:54:56Z</time>
   </trkpt>
   <trkpt lat="12.9153030" lon="77.6432480">
    <ele>882.1</ele>
    <time>2026-07-04T10:54:57Z</time>
   </trkpt>
   <trkpt lat="12.9153010" lon="77.6432640">
    <ele>882.1</ele>
    <time>2026-07-04T10:54:58Z</time>
   </trkpt>
   <trkpt lat="12.9152970" lon="77.6432800">
    <ele>882.1</ele>
    <time>2026-07-04T10:54:59Z</time>
   </trkpt>
   <trkpt lat="12.9152950" lon="77.6432980">
    <ele>882.1</ele>
    <time>2026-07-04T10:55:00Z</time>
   </trkpt>
   <trkpt lat="12.9152930" lon="77.6433110">
    <ele>882.2</ele>
    <time>2026-07-04T10:55:01Z</time>
   </trkpt>
   <trkpt lat="12.9152920" lon="77.6433230">
    <ele>882.2</ele>
    <time>2026-07-04T10:55:02Z</time>
   </trkpt>
   <trkpt lat="12.9152890" lon="77.6433320">
    <ele>882.2</ele>
    <time>2026-07-04T10:55:03Z</time>
   </trkpt>
   <trkpt lat="12.9152920" lon="77.6433320">
    <ele>882.2</ele>
    <time>2026-07-04T10:55:04Z</time>
   </trkpt>
   <trkpt lat="12.9152930" lon="77.6433320">
    <ele>882.2</ele>
    <time>2026-07-04T10:55:05Z</time>
   </trkpt>
   <trkpt lat="12.9152930" lon="77.6433320">
    <ele>882.2</ele>
    <time>2026-07-04T10:55:06Z</time>
   </trkpt>
   <trkpt lat="12.9152920" lon="77.6433340">
    <ele>882.2</ele>
    <time>2026-07-04T10:55:07Z</time>
   </trkpt>
   <trkpt lat="12.9152930" lon="77.6433350">
    <ele>882.2</ele>
    <time>2026-07-04T10:55:08Z</time>
   </trkpt>
   <trkpt lat="12.9152930" lon="77.6433340">
    <ele>882.2</ele>
    <time>2026-07-04T10:55:09Z</time>
   </trkpt>
   <trkpt lat="12.9152940" lon="77.6433340">
    <ele>882.2</ele>
    <time>2026-07-04T10:55:10Z</time>
   </trkpt>
   <trkpt lat="12.9152930" lon="77.6433340">
    <ele>882.2</ele>
    <time>2026-07-04T10:55:11Z</time>
   </trkpt>
   <trkpt lat="12.9152930" lon="77.6433400">
    <ele>882.2</ele>
    <time>2026-07-04T10:55:12Z</time>
   </trkpt>
   <trkpt lat="12.9153140" lon="77.6433300">
    <ele>882.2</ele>
    <time>2026-07-04T10:56:48Z</time>
   </trkpt>
   <trkpt lat="12.9153150" lon="77.6433270">
    <ele>882.2</ele>
    <time>2026-07-04T10:56:49Z</time>
   </trkpt>
   <trkpt lat="12.9153150" lon="77.6433300">
    <ele>882.2</ele>
    <time>2026-07-04T10:56:50Z</time>
   </trkpt>
   <trkpt lat="12.9153110" lon="77.6433360">
    <ele>882.2</ele>
    <time>2026-07-04T10:56:51Z</time>
   </trkpt>
   <trkpt lat="12.9153110" lon="77.6433310">
    <ele>882.2</ele>
    <time>2026-07-04T10:56:52Z</time>
   </trkpt>
   <trkpt lat="12.9153100" lon="77.6433310">
    <ele>882.2</ele>
    <time>2026-07-04T10:56:53Z</time>
   </trkpt>
   <trkpt lat="12.9153100" lon="77.6433310">
    <ele>882.2</ele>
    <time>2026-07-04T10:56:54Z</time>
   </trkpt>
   <trkpt lat="12.9153100" lon="77.6433310">
    <ele>882.2</ele>
    <time>2026-07-04T10:56:55Z</time>
   </trkpt>
   <trkpt lat="12.9153100" lon="77.6433310">
    <ele>882.2</ele>
    <time>2026-07-04T10:56:56Z</time>
   </trkpt>
   <trkpt lat="12.9153100" lon="77.6433310">
    <ele>882.2</ele>
    <time>2026-07-04T10:56:57Z</time>
   </trkpt>
   <trkpt lat="12.9153130" lon="77.6433710">
    <ele>882.2</ele>
    <time>2026-07-04T10:59:05Z</time>
   </trkpt>
   <trkpt lat="12.9153100" lon="77.6433840">
    <ele>882.2</ele>
    <time>2026-07-04T10:59:06Z</time>
   </trkpt>
   <trkpt lat="12.9153070" lon="77.6433990">
    <ele>882.2</ele>
    <time>2026-07-04T10:59:07Z</time>
   </trkpt>
   <trkpt lat="12.9153010" lon="77.6434170">
    <ele>882.2</ele>
    <time>2026-07-04T10:59:08Z</time>
   </trkpt>
   <trkpt lat="12.9153000" lon="77.6434300">
    <ele>882.2</ele>
    <time>2026-07-04T10:59:09Z</time>
   </trkpt>
   <trkpt lat="12.9152970" lon="77.6434500">
    <ele>882.2</ele>
    <time>2026-07-04T10:59:10Z</time>
   </trkpt>
   <trkpt lat="12.9152940" lon="77.6434680">
    <ele>882.2</ele>
    <time>2026-07-04T10:59:11Z</time>
   </trkpt>
   <trkpt lat="12.9152920" lon="77.6434860">
    <ele>882.2</ele>
    <time>2026-07-04T10:59:12Z</time>
   </trkpt>
   <trkpt lat="12.9152870" lon="77.6435100">
    <ele>882.3</ele>
    <time>2026-07-04T10:59:13Z</time>
   </trkpt>
   <trkpt lat="12.9152880" lon="77.6435290">
    <ele>882.3</ele>
    <time>2026-07-04T10:59:14Z</time>
   </trkpt>
   <trkpt lat="12.9152850" lon="77.6435440">
    <ele>882.3</ele>
    <time>2026-07-04T10:59:15Z</time>
   </trkpt>
   <trkpt lat="12.9152840" lon="77.6435620">
    <ele>882.3</ele>
    <time>2026-07-04T10:59:16Z</time>
   </trkpt>
   <trkpt lat="12.9152770" lon="77.6435780">
    <ele>882.3</ele>
    <time>2026-07-04T10:59:17Z</time>
   </trkpt>
   <trkpt lat="12.9152700" lon="77.6436230">
    <ele>882.3</ele>
    <time>2026-07-04T10:59:18Z</time>
   </trkpt>
   <trkpt lat="12.9152710" lon="77.6436430">
    <ele>882.3</ele>
    <time>2026-07-04T10:59:19Z</time>
   </trkpt>
   <trkpt lat="12.9152690" lon="77.6436600">
    <ele>882.3</ele>
    <time>2026-07-04T10:59:20Z</time>
   </trkpt>
   <trkpt lat="12.9152600" lon="77.6436850">
    <ele>882.3</ele>
    <time>2026-07-04T10:59:21Z</time>
   </trkpt>
   <trkpt lat="12.9152550" lon="77.6437120">
    <ele>882.3</ele>
    <time>2026-07-04T10:59:22Z</time>
   </trkpt>
   <trkpt lat="12.9152540" lon="77.6437380">
    <ele>882.3</ele>
    <time>2026-07-04T10:59:23Z</time>
   </trkpt>
   <trkpt lat="12.9152530" lon="77.6437640">
    <ele>882.3</ele>
    <time>2026-07-04T10:59:24Z</time>
   </trkpt>
   <trkpt lat="12.9152450" lon="77.6437840">
    <ele>882.3</ele>
    <time>2026-07-04T10:59:25Z</time>
   </trkpt>
   <trkpt lat="12.9152420" lon="77.6438160">
    <ele>882.3</ele>
    <time>2026-07-04T10:59:26Z</time>
   </trkpt>
   <trkpt lat="12.9152390" lon="77.6438440">
    <ele>882.3</ele>
    <time>2026-07-04T10:59:27Z</time>
   </trkpt>
   <trkpt lat="12.9152370" lon="77.6438690">
    <ele>882.3</ele>
    <time>2026-07-04T10:59:28Z</time>
   </trkpt>
   <trkpt lat="12.9152290" lon="77.6438870">
    <ele>882.4</ele>
    <time>2026-07-04T10:59:29Z</time>
   </trkpt>
   <trkpt lat="12.9152290" lon="77.6439090">
    <ele>882.4</ele>
    <time>2026-07-04T10:59:30Z</time>
   </trkpt>
   <trkpt lat="12.9152330" lon="77.6439360">
    <ele>882.4</ele>
    <time>2026-07-04T10:59:31Z</time>
   </trkpt>
   <trkpt lat="12.9152310" lon="77.6439580">
    <ele>882.4</ele>
    <time>2026-07-04T10:59:32Z</time>
   </trkpt>
   <trkpt lat="12.9152280" lon="77.6439750">
    <ele>882.4</ele>
    <time>2026-07-04T10:59:33Z</time>
   </trkpt>
   <trkpt lat="12.9152280" lon="77.6439970">
    <ele>882.4</ele>
    <time>2026-07-04T10:59:34Z</time>
   </trkpt>
   <trkpt lat="12.9152240" lon="77.6440150">
    <ele>882.4</ele>
    <time>2026-07-04T10:59:35Z</time>
   </trkpt>
   <trkpt lat="12.9152210" lon="77.6440310">
    <ele>882.4</ele>
    <time>2026-07-04T10:59:36Z</time>
   </trkpt>
   <trkpt lat="12.9152150" lon="77.6440480">
    <ele>882.5</ele>
    <time>2026-07-04T10:59:37Z</time>
   </trkpt>
   <trkpt lat="12.9152140" lon="77.6440670">
    <ele>882.5</ele>
    <time>2026-07-04T10:59:38Z</time>
   </trkpt>
   <trkpt lat="12.9152140" lon="77.6440920">
    <ele>882.5</ele>
    <time>2026-07-04T10:59:39Z</time>
   </trkpt>
   <trkpt lat="12.9152110" lon="77.6441060">
    <ele>882.5</ele>
    <time>2026-07-04T10:59:40Z</time>
   </trkpt>
   <trkpt lat="12.9152040" lon="77.6441200">
    <ele>882.5</ele>
    <time>2026-07-04T10:59:41Z</time>
   </trkpt>
   <trkpt lat="12.9152010" lon="77.6441400">
    <ele>882.5</ele>
    <time>2026-07-04T10:59:42Z</time>
   </trkpt>
   <trkpt lat="12.9151950" lon="77.6441550">
    <ele>882.5</ele>
    <time>2026-07-04T10:59:43Z</time>
   </trkpt>
   <trkpt lat="12.9151930" lon="77.6441790">
    <ele>882.5</ele>
    <time>2026-07-04T10:59:44Z</time>
   </trkpt>
   <trkpt lat="12.9151890" lon="77.6441920">
    <ele>882.5</ele>
    <time>2026-07-04T10:59:45Z</time>
   </trkpt>
   <trkpt lat="12.9151850" lon="77.6442110">
    <ele>882.6</ele>
    <time>2026-07-04T10:59:46Z</time>
   </trkpt>
   <trkpt lat="12.9151810" lon="77.6442290">
    <ele>882.6</ele>
    <time>2026-07-04T10:59:47Z</time>
   </trkpt>
   <trkpt lat="12.9151780" lon="77.6442520">
    <ele>882.6</ele>
    <time>2026-07-04T10:59:48Z</time>
   </trkpt>
   <trkpt lat="12.9151790" lon="77.6442750">
    <ele>882.7</ele>
    <time>2026-07-04T10:59:49Z</time>
   </trkpt>
   <trkpt lat="12.9151770" lon="77.6443000">
    <ele>882.7</ele>
    <time>2026-07-04T10:59:50Z</time>
   </trkpt>
   <trkpt lat="12.9151740" lon="77.6443150">
    <ele>882.7</ele>
    <time>2026-07-04T10:59:51Z</time>
   </trkpt>
   <trkpt lat="12.9151710" lon="77.6443380">
    <ele>882.8</ele>
    <time>2026-07-04T10:59:52Z</time>
   </trkpt>
   <trkpt lat="12.9151690" lon="77.6443630">
    <ele>882.8</ele>
    <time>2026-07-04T10:59:54Z</time>
   </trkpt>
   <trkpt lat="12.9151650" lon="77.6443790">
    <ele>882.8</ele>
    <time>2026-07-04T10:59:55Z</time>
   </trkpt>
   <trkpt lat="12.9151580" lon="77.6444040">
    <ele>882.9</ele>
    <time>2026-07-04T10:59:56Z</time>
   </trkpt>
   <trkpt lat="12.9151480" lon="77.6444210">
    <ele>882.9</ele>
    <time>2026-07-04T10:59:57Z</time>
   </trkpt>
   <trkpt lat="12.9151400" lon="77.6444380">
    <ele>882.9</ele>
    <time>2026-07-04T10:59:58Z</time>
   </trkpt>
   <trkpt lat="12.9151340" lon="77.6444550">
    <ele>882.9</ele>
    <time>2026-07-04T10:59:59Z</time>
   </trkpt>
   <trkpt lat="12.9151310" lon="77.6444800">
    <ele>882.9</ele>
    <time>2026-07-04T11:00:00Z</time>
   </trkpt>
   <trkpt lat="12.9151240" lon="77.6444970">
    <ele>883.0</ele>
    <time>2026-07-04T11:00:01Z</time>
   </trkpt>
   <trkpt lat="12.9151180" lon="77.6445130">
    <ele>883.0</ele>
    <time>2026-07-04T11:00:02Z</time>
   </trkpt>
   <trkpt lat="12.9151140" lon="77.6445340">
    <ele>883.0</ele>
    <time>2026-07-04T11:00:03Z</time>
   </trkpt>
   <trkpt lat="12.9151080" lon="77.6445490">
    <ele>883.0</ele>
    <time>2026-07-04T11:00:04Z</time>
   </trkpt>
   <trkpt lat="12.9151000" lon="77.6445730">
    <ele>883.0</ele>
    <time>2026-07-04T11:00:05Z</time>
   </trkpt>
   <trkpt lat="12.9150980" lon="77.6445950">
    <ele>883.1</ele>
    <time>2026-07-04T11:00:06Z</time>
   </trkpt>
   <trkpt lat="12.9151010" lon="77.6446180">
    <ele>883.1</ele>
    <time>2026-07-04T11:00:07Z</time>
   </trkpt>
   <trkpt lat="12.9151070" lon="77.6446340">
    <ele>883.1</ele>
    <time>2026-07-04T11:00:08Z</time>
   </trkpt>
   <trkpt lat="12.9151060" lon="77.6446670">
    <ele>883.1</ele>
    <time>2026-07-04T11:00:09Z</time>
   </trkpt>
   <trkpt lat="12.9151100" lon="77.6446840">
    <ele>883.2</ele>
    <time>2026-07-04T11:00:10Z</time>
   </trkpt>
   <trkpt lat="12.9151230" lon="77.6446960">
    <ele>883.2</ele>
    <time>2026-07-04T11:00:11Z</time>
   </trkpt>
   <trkpt lat="12.9151410" lon="77.6447080">
    <ele>883.2</ele>
    <time>2026-07-04T11:00:12Z</time>
   </trkpt>
   <trkpt lat="12.9151650" lon="77.6447170">
    <ele>883.2</ele>
    <time>2026-07-04T11:00:13Z</time>
   </trkpt>
   <trkpt lat="12.9151830" lon="77.6447220">
    <ele>883.2</ele>
    <time>2026-07-04T11:00:14Z</time>
   </trkpt>
   <trkpt lat="12.9152030" lon="77.6447300">
    <ele>883.2</ele>
    <time>2026-07-04T11:00:15Z</time>
   </trkpt>
   <trkpt lat="12.9152170" lon="77.6447390">
    <ele>883.2</ele>
    <time>2026-07-04T11:00:16Z</time>
   </trkpt>
   <trkpt lat="12.9152370" lon="77.6447420">
    <ele>883.2</ele>
    <time>2026-07-04T11:00:17Z</time>
   </trkpt>
   <trkpt lat="12.9152590" lon="77.6447430">
    <ele>883.2</ele>
    <time>2026-07-04T11:00:18Z</time>
   </trkpt>
   <trkpt lat="12.9152790" lon="77.6447450">
    <ele>883.2</ele>
    <time>2026-07-04T11:00:19Z</time>
   </trkpt>
   <trkpt lat="12.9152980" lon="77.6447480">
    <ele>883.2</ele>
    <time>2026-07-04T11:00:20Z</time>
   </trkpt>
   <trkpt lat="12.9153180" lon="77.6447500">
    <ele>883.2</ele>
    <time>2026-07-04T11:00:21Z</time>
   </trkpt>
   <trkpt lat="12.9153350" lon="77.6447480">
    <ele>883.2</ele>
    <time>2026-07-04T11:00:22Z</time>
   </trkpt>
   <trkpt lat="12.9153570" lon="77.6447430">
    <ele>883.2</ele>
    <time>2026-07-04T11:00:23Z</time>
   </trkpt>
   <trkpt lat="12.9153820" lon="77.6447410">
    <ele>883.2</ele>
    <time>2026-07-04T11:00:24Z</time>
   </trkpt>
   <trkpt lat="12.9154020" lon="77.6447410">
    <ele>883.3</ele>
    <time>2026-07-04T11:00:25Z</time>
   </trkpt>
   <trkpt lat="12.9154230" lon="77.6447380">
    <ele>883.3</ele>
    <time>2026-07-04T11:00:26Z</time>
   </trkpt>
   <trkpt lat="12.9154480" lon="77.6447370">
    <ele>883.3</ele>
    <time>2026-07-04T11:00:27Z</time>
   </trkpt>
   <trkpt lat="12.9154740" lon="77.6447370">
    <ele>883.3</ele>
    <time>2026-07-04T11:00:28Z</time>
   </trkpt>
   <trkpt lat="12.9154910" lon="77.6447360">
    <ele>883.3</ele>
    <time>2026-07-04T11:00:29Z</time>
   </trkpt>
   <trkpt lat="12.9155130" lon="77.6447350">
    <ele>883.3</ele>
    <time>2026-07-04T11:00:30Z</time>
   </trkpt>
   <trkpt lat="12.9155370" lon="77.6447370">
    <ele>883.4</ele>
    <time>2026-07-04T11:00:31Z</time>
   </trkpt>
   <trkpt lat="12.9155620" lon="77.6447330">
    <ele>883.4</ele>
    <time>2026-07-04T11:00:32Z</time>
   </trkpt>
   <trkpt lat="12.9155780" lon="77.6447260">
    <ele>883.4</ele>
    <time>2026-07-04T11:00:33Z</time>
   </trkpt>
   <trkpt lat="12.9156030" lon="77.6447270">
    <ele>883.4</ele>
    <time>2026-07-04T11:00:34Z</time>
   </trkpt>
   <trkpt lat="12.9156250" lon="77.6447290">
    <ele>883.5</ele>
    <time>2026-07-04T11:00:35Z</time>
   </trkpt>
   <trkpt lat="12.9156490" lon="77.6447280">
    <ele>883.5</ele>
    <time>2026-07-04T11:00:36Z</time>
   </trkpt>
   <trkpt lat="12.9156720" lon="77.6447280">
    <ele>883.5</ele>
    <time>2026-07-04T11:00:37Z</time>
   </trkpt>
   <trkpt lat="12.9156920" lon="77.6447280">
    <ele>883.5</ele>
    <time>2026-07-04T11:00:38Z</time>
   </trkpt>
   <trkpt lat="12.9157160" lon="77.6447350">
    <ele>883.5</ele>
    <time>2026-07-04T11:00:39Z</time>
   </trkpt>
   <trkpt lat="12.9157380" lon="77.6447440">
    <ele>883.6</ele>
    <time>2026-07-04T11:00:40Z</time>
   </trkpt>
   <trkpt lat="12.9157570" lon="77.6447490">
    <ele>883.6</ele>
    <time>2026-07-04T11:00:41Z</time>
   </trkpt>
   <trkpt lat="12.9157770" lon="77.6447510">
    <ele>883.6</ele>
    <time>2026-07-04T11:00:42Z</time>
   </trkpt>
   <trkpt lat="12.9157960" lon="77.6447510">
    <ele>883.7</ele>
    <time>2026-07-04T11:00:43Z</time>
   </trkpt>
   <trkpt lat="12.9158280" lon="77.6447570">
    <ele>883.7</ele>
    <time>2026-07-04T11:00:44Z</time>
   </trkpt>
   <trkpt lat="12.9158440" lon="77.6447530">
    <ele>883.7</ele>
    <time>2026-07-04T11:00:45Z</time>
   </trkpt>
   <trkpt lat="12.9158660" lon="77.6447520">
    <ele>883.8</ele>
    <time>2026-07-04T11:00:46Z</time>
   </trkpt>
   <trkpt lat="12.9158890" lon="77.6447490">
    <ele>883.8</ele>
    <time>2026-07-04T11:00:47Z</time>
   </trkpt>
   <trkpt lat="12.9159100" lon="77.6447460">
    <ele>883.9</ele>
    <time>2026-07-04T11:00:48Z</time>
   </trkpt>
   <trkpt lat="12.9159300" lon="77.6447480">
    <ele>883.9</ele>
    <time>2026-07-04T11:00:49Z</time>
   </trkpt>
   <trkpt lat="12.9159490" lon="77.6447510">
    <ele>884.0</ele>
    <time>2026-07-04T11:00:50Z</time>
   </trkpt>
   <trkpt lat="12.9159670" lon="77.6447570">
    <ele>884.0</ele>
    <time>2026-07-04T11:00:51Z</time>
   </trkpt>
   <trkpt lat="12.9159880" lon="77.6447560">
    <ele>884.0</ele>
    <time>2026-07-04T11:00:52Z</time>
   </trkpt>
   <trkpt lat="12.9160060" lon="77.6447600">
    <ele>884.1</ele>
    <time>2026-07-04T11:00:53Z</time>
   </trkpt>
   <trkpt lat="12.9160210" lon="77.6447620">
    <ele>884.1</ele>
    <time>2026-07-04T11:00:54Z</time>
   </trkpt>
   <trkpt lat="12.9160450" lon="77.6447660">
    <ele>884.2</ele>
    <time>2026-07-04T11:00:55Z</time>
   </trkpt>
   <trkpt lat="12.9160680" lon="77.6447700">
    <ele>884.2</ele>
    <time>2026-07-04T11:00:56Z</time>
   </trkpt>
   <trkpt lat="12.9160880" lon="77.6447710">
    <ele>884.2</ele>
    <time>2026-07-04T11:00:57Z</time>
   </trkpt>
   <trkpt lat="12.9161060" lon="77.6447750">
    <ele>884.3</ele>
    <time>2026-07-04T11:00:58Z</time>
   </trkpt>
   <trkpt lat="12.9161270" lon="77.6447810">
    <ele>884.3</ele>
    <time>2026-07-04T11:00:59Z</time>
   </trkpt>
   <trkpt lat="12.9161490" lon="77.6447870">
    <ele>884.4</ele>
    <time>2026-07-04T11:01:00Z</time>
   </trkpt>
   <trkpt lat="12.9161720" lon="77.6447970">
    <ele>884.4</ele>
    <time>2026-07-04T11:01:01Z</time>
   </trkpt>
   <trkpt lat="12.9161930" lon="77.6447970">
    <ele>884.5</ele>
    <time>2026-07-04T11:01:02Z</time>
   </trkpt>
   <trkpt lat="12.9162160" lon="77.6448010">
    <ele>884.5</ele>
    <time>2026-07-04T11:01:03Z</time>
   </trkpt>
   <trkpt lat="12.9162360" lon="77.6448020">
    <ele>884.6</ele>
    <time>2026-07-04T11:01:04Z</time>
   </trkpt>
   <trkpt lat="12.9162580" lon="77.6448050">
    <ele>884.6</ele>
    <time>2026-07-04T11:01:05Z</time>
   </trkpt>
   <trkpt lat="12.9162810" lon="77.6448000">
    <ele>884.7</ele>
    <time>2026-07-04T11:01:06Z</time>
   </trkpt>
   <trkpt lat="12.9163100" lon="77.6447990">
    <ele>884.8</ele>
    <time>2026-07-04T11:01:07Z</time>
   </trkpt>
   <trkpt lat="12.9163340" lon="77.6447930">
    <ele>884.8</ele>
    <time>2026-07-04T11:01:08Z</time>
   </trkpt>
   <trkpt lat="12.9163530" lon="77.6447990">
    <ele>884.9</ele>
    <time>2026-07-04T11:01:09Z</time>
   </trkpt>
   <trkpt lat="12.9163720" lon="77.6447960">
    <ele>884.9</ele>
    <time>2026-07-04T11:01:10Z</time>
   </trkpt>
   <trkpt lat="12.9163920" lon="77.6448000">
    <ele>885.0</ele>
    <time>2026-07-04T11:01:11Z</time>
   </trkpt>
   <trkpt lat="12.9164200" lon="77.6448040">
    <ele>885.1</ele>
    <time>2026-07-04T11:01:12Z</time>
   </trkpt>
   <trkpt lat="12.9164410" lon="77.6447990">
    <ele>885.1</ele>
    <time>2026-07-04T11:01:13Z</time>
   </trkpt>
   <trkpt lat="12.9164670" lon="77.6447940">
    <ele>885.2</ele>
    <time>2026-07-04T11:01:14Z</time>
   </trkpt>
   <trkpt lat="12.9164840" lon="77.6448020">
    <ele>885.2</ele>
    <time>2026-07-04T11:01:15Z</time>
   </trkpt>
   <trkpt lat="12.9164970" lon="77.6448050">
    <ele>885.3</ele>
    <time>2026-07-04T11:01:16Z</time>
   </trkpt>
   <trkpt lat="12.9165030" lon="77.6448060">
    <ele>885.3</ele>
    <time>2026-07-04T11:01:17Z</time>
   </trkpt>
   <trkpt lat="12.9165080" lon="77.6448080">
    <ele>885.3</ele>
    <time>2026-07-04T11:01:18Z</time>
   </trkpt>
   <trkpt lat="12.9165150" lon="77.6448060">
    <ele>885.3</ele>
    <time>2026-07-04T11:01:19Z</time>
   </trkpt>
   <trkpt lat="12.9165270" lon="77.6448060">
    <ele>885.3</ele>
    <time>2026-07-04T11:01:20Z</time>
   </trkpt>
   <trkpt lat="12.9165420" lon="77.6448090">
    <ele>885.4</ele>
    <time>2026-07-04T11:01:21Z</time>
   </trkpt>
   <trkpt lat="12.9165630" lon="77.6448100">
    <ele>885.4</ele>
    <time>2026-07-04T11:01:22Z</time>
   </trkpt>
   <trkpt lat="12.9165800" lon="77.6448170">
    <ele>885.5</ele>
    <time>2026-07-04T11:01:23Z</time>
   </trkpt>
   <trkpt lat="12.9166000" lon="77.6448170">
    <ele>885.5</ele>
    <time>2026-07-04T11:01:24Z</time>
   </trkpt>
   <trkpt lat="12.9166190" lon="77.6448150">
    <ele>885.5</ele>
    <time>2026-07-04T11:01:25Z</time>
   </trkpt>
   <trkpt lat="12.9166370" lon="77.6448180">
    <ele>885.6</ele>
    <time>2026-07-04T11:01:26Z</time>
   </trkpt>
   <trkpt lat="12.9166600" lon="77.6448200">
    <ele>885.6</ele>
    <time>2026-07-04T11:01:27Z</time>
   </trkpt>
   <trkpt lat="12.9166780" lon="77.6448190">
    <ele>885.7</ele>
    <time>2026-07-04T11:01:28Z</time>
   </trkpt>
   <trkpt lat="12.9166990" lon="77.6448090">
    <ele>885.7</ele>
    <time>2026-07-04T11:01:29Z</time>
   </trkpt>
   <trkpt lat="12.9167250" lon="77.6448090">
    <ele>885.8</ele>
    <time>2026-07-04T11:01:30Z</time>
   </trkpt>
   <trkpt lat="12.9167450" lon="77.6448120">
    <ele>885.8</ele>
    <time>2026-07-04T11:01:31Z</time>
   </trkpt>
   <trkpt lat="12.9167660" lon="77.6448090">
    <ele>885.9</ele>
    <time>2026-07-04T11:01:32Z</time>
   </trkpt>
   <trkpt lat="12.9167920" lon="77.6448090">
    <ele>885.9</ele>
    <time>2026-07-04T11:01:33Z</time>
   </trkpt>
   <trkpt lat="12.9168100" lon="77.6448160">
    <ele>886.0</ele>
    <time>2026-07-04T11:01:34Z</time>
   </trkpt>
   <trkpt lat="12.9168340" lon="77.6448160">
    <ele>886.0</ele>
    <time>2026-07-04T11:01:35Z</time>
   </trkpt>
   <trkpt lat="12.9168570" lon="77.6448180">
    <ele>886.1</ele>
    <time>2026-07-04T11:01:36Z</time>
   </trkpt>
   <trkpt lat="12.9168770" lon="77.6448140">
    <ele>886.1</ele>
    <time>2026-07-04T11:01:37Z</time>
   </trkpt>
   <trkpt lat="12.9169000" lon="77.6448090">
    <ele>886.1</ele>
    <time>2026-07-04T11:01:38Z</time>
   </trkpt>
   <trkpt lat="12.9169240" lon="77.6448080">
    <ele>886.2</ele>
    <time>2026-07-04T11:01:39Z</time>
   </trkpt>
   <trkpt lat="12.9169490" lon="77.6448080">
    <ele>886.2</ele>
    <time>2026-07-04T11:01:40Z</time>
   </trkpt>
   <trkpt lat="12.9169760" lon="77.6448070">
    <ele>886.3</ele>
    <time>2026-07-04T11:01:41Z</time>
   </trkpt>
   <trkpt lat="12.9170000" lon="77.6448050">
    <ele>886.4</ele>
    <time>2026-07-04T11:01:42Z</time>
   </trkpt>
   <trkpt lat="12.9170200" lon="77.6448010">
    <ele>886.4</ele>
    <time>2026-07-04T11:01:43Z</time>
   </trkpt>
   <trkpt lat="12.9170420" lon="77.6448080">
    <ele>886.4</ele>
    <time>2026-07-04T11:01:44Z</time>
   </trkpt>
   <trkpt lat="12.9170650" lon="77.6448110">
    <ele>886.5</ele>
    <time>2026-07-04T11:01:45Z</time>
   </trkpt>
   <trkpt lat="12.9170930" lon="77.6448130">
    <ele>886.6</ele>
    <time>2026-07-04T11:01:46Z</time>
   </trkpt>
   <trkpt lat="12.9171150" lon="77.6448120">
    <ele>886.6</ele>
    <time>2026-07-04T11:01:47Z</time>
   </trkpt>
   <trkpt lat="12.9171350" lon="77.6448080">
    <ele>886.7</ele>
    <time>2026-07-04T11:01:48Z</time>
   </trkpt>
   <trkpt lat="12.9171590" lon="77.6448110">
    <ele>886.7</ele>
    <time>2026-07-04T11:01:49Z</time>
   </trkpt>
   <trkpt lat="12.9171820" lon="77.6448090">
    <ele>886.8</ele>
    <time>2026-07-04T11:01:50Z</time>
   </trkpt>
   <trkpt lat="12.9172050" lon="77.6448080">
    <ele>886.8</ele>
    <time>2026-07-04T11:01:51Z</time>
   </trkpt>
   <trkpt lat="12.9172260" lon="77.6448070">
    <ele>886.9</ele>
    <time>2026-07-04T11:01:52Z</time>
   </trkpt>
   <trkpt lat="12.9172480" lon="77.6448040">
    <ele>886.9</ele>
    <time>2026-07-04T11:01:53Z</time>
   </trkpt>
   <trkpt lat="12.9172690" lon="77.6448070">
    <ele>887.0</ele>
    <time>2026-07-04T11:01:54Z</time>
   </trkpt>
   <trkpt lat="12.9172910" lon="77.6448070">
    <ele>887.0</ele>
    <time>2026-07-04T11:01:55Z</time>
   </trkpt>
   <trkpt lat="12.9173100" lon="77.6448080">
    <ele>887.1</ele>
    <time>2026-07-04T11:01:56Z</time>
   </trkpt>
   <trkpt lat="12.9173330" lon="77.6448130">
    <ele>887.1</ele>
    <time>2026-07-04T11:01:57Z</time>
   </trkpt>
   <trkpt lat="12.9173560" lon="77.6448110">
    <ele>887.2</ele>
    <time>2026-07-04T11:01:58Z</time>
   </trkpt>
   <trkpt lat="12.9173800" lon="77.6448130">
    <ele>887.3</ele>
    <time>2026-07-04T11:01:59Z</time>
   </trkpt>
   <trkpt lat="12.9174010" lon="77.6448180">
    <ele>887.4</ele>
    <time>2026-07-04T11:02:00Z</time>
   </trkpt>
   <trkpt lat="12.9174180" lon="77.6448180">
    <ele>887.4</ele>
    <time>2026-07-04T11:02:01Z</time>
   </trkpt>
   <trkpt lat="12.9174390" lon="77.6448180">
    <ele>887.4</ele>
    <time>2026-07-04T11:02:02Z</time>
   </trkpt>
   <trkpt lat="12.9174600" lon="77.6448160">
    <ele>887.5</ele>
    <time>2026-07-04T11:02:03Z</time>
   </trkpt>
   <trkpt lat="12.9174810" lon="77.6448190">
    <ele>887.5</ele>
    <time>2026-07-04T11:02:04Z</time>
   </trkpt>
   <trkpt lat="12.9175030" lon="77.6448210">
    <ele>887.5</ele>
    <time>2026-07-04T11:02:05Z</time>
   </trkpt>
   <trkpt lat="12.9175170" lon="77.6448150">
    <ele>887.6</ele>
    <time>2026-07-04T11:02:06Z</time>
   </trkpt>
   <trkpt lat="12.9175410" lon="77.6448180">
    <ele>887.6</ele>
    <time>2026-07-04T11:02:07Z</time>
   </trkpt>
   <trkpt lat="12.9175610" lon="77.6448160">
    <ele>887.7</ele>
    <time>2026-07-04T11:02:08Z</time>
   </trkpt>
   <trkpt lat="12.9175770" lon="77.6448150">
    <ele>887.7</ele>
    <time>2026-07-04T11:02:09Z</time>
   </trkpt>
   <trkpt lat="12.9175910" lon="77.6448130">
    <ele>887.7</ele>
    <time>2026-07-04T11:02:10Z</time>
   </trkpt>
   <trkpt lat="12.9176110" lon="77.6448120">
    <ele>887.7</ele>
    <time>2026-07-04T11:02:11Z</time>
   </trkpt>
   <trkpt lat="12.9176280" lon="77.6448100">
    <ele>887.8</ele>
    <time>2026-07-04T11:02:12Z</time>
   </trkpt>
   <trkpt lat="12.9176490" lon="77.6448130">
    <ele>887.8</ele>
    <time>2026-07-04T11:02:13Z</time>
   </trkpt>
   <trkpt lat="12.9176680" lon="77.6448190">
    <ele>887.8</ele>
    <time>2026-07-04T11:02:14Z</time>
   </trkpt>
   <trkpt lat="12.9176930" lon="77.6448180">
    <ele>887.9</ele>
    <time>2026-07-04T11:02:15Z</time>
   </trkpt>
   <trkpt lat="12.9177150" lon="77.6448210">
    <ele>887.9</ele>
    <time>2026-07-04T11:02:16Z</time>
   </trkpt>
   <trkpt lat="12.9177360" lon="77.6448200">
    <ele>888.0</ele>
    <time>2026-07-04T11:02:17Z</time>
   </trkpt>
   <trkpt lat="12.9177640" lon="77.6448210">
    <ele>888.0</ele>
    <time>2026-07-04T11:02:18Z</time>
   </trkpt>
   <trkpt lat="12.9177880" lon="77.6448220">
    <ele>888.0</ele>
    <time>2026-07-04T11:02:19Z</time>
   </trkpt>
   <trkpt lat="12.9178140" lon="77.6448250">
    <ele>888.1</ele>
    <time>2026-07-04T11:02:20Z</time>
   </trkpt>
   <trkpt lat="12.9178360" lon="77.6448320">
    <ele>888.1</ele>
    <time>2026-07-04T11:02:21Z</time>
   </trkpt>
   <trkpt lat="12.9178600" lon="77.6448360">
    <ele>888.1</ele>
    <time>2026-07-04T11:02:22Z</time>
   </trkpt>
   <trkpt lat="12.9178790" lon="77.6448340">
    <ele>888.1</ele>
    <time>2026-07-04T11:02:23Z</time>
   </trkpt>
   <trkpt lat="12.9178970" lon="77.6448340">
    <ele>888.1</ele>
    <time>2026-07-04T11:02:24Z</time>
   </trkpt>
   <trkpt lat="12.9179170" lon="77.6448440">
    <ele>888.1</ele>
    <time>2026-07-04T11:02:25Z</time>
   </trkpt>
   <trkpt lat="12.9179370" lon="77.6448540">
    <ele>888.1</ele>
    <time>2026-07-04T11:02:26Z</time>
   </trkpt>
   <trkpt lat="12.9179570" lon="77.6448570">
    <ele>888.2</ele>
    <time>2026-07-04T11:02:27Z</time>
   </trkpt>
   <trkpt lat="12.9179770" lon="77.6448600">
    <ele>888.2</ele>
    <time>2026-07-04T11:02:28Z</time>
   </trkpt>
   <trkpt lat="12.9180000" lon="77.6448660">
    <ele>888.2</ele>
    <time>2026-07-04T11:02:29Z</time>
   </trkpt>
   <trkpt lat="12.9180250" lon="77.6448640">
    <ele>888.2</ele>
    <time>2026-07-04T11:02:30Z</time>
   </trkpt>
   <trkpt lat="12.9180440" lon="77.6448690">
    <ele>888.2</ele>
    <time>2026-07-04T11:02:31Z</time>
   </trkpt>
   <trkpt lat="12.9180570" lon="77.6448760">
    <ele>888.2</ele>
    <time>2026-07-04T11:02:32Z</time>
   </trkpt>
   <trkpt lat="12.9180690" lon="77.6448730">
    <ele>888.2</ele>
    <time>2026-07-04T11:02:33Z</time>
   </trkpt>
   <trkpt lat="12.9180830" lon="77.6448770">
    <ele>888.2</ele>
    <time>2026-07-04T11:02:34Z</time>
   </trkpt>
   <trkpt lat="12.9180950" lon="77.6448740">
    <ele>888.2</ele>
    <time>2026-07-04T11:02:35Z</time>
   </trkpt>
   <trkpt lat="12.9181110" lon="77.6448720">
    <ele>888.2</ele>
    <time>2026-07-04T11:02:36Z</time>
   </trkpt>
   <trkpt lat="12.9181320" lon="77.6448750">
    <ele>888.2</ele>
    <time>2026-07-04T11:02:37Z</time>
   </trkpt>
   <trkpt lat="12.9181510" lon="77.6448800">
    <ele>888.2</ele>
    <time>2026-07-04T11:02:38Z</time>
   </trkpt>
   <trkpt lat="12.9181710" lon="77.6448780">
    <ele>888.2</ele>
    <time>2026-07-04T11:02:39Z</time>
   </trkpt>
   <trkpt lat="12.9181870" lon="77.6448800">
    <ele>888.2</ele>
    <time>2026-07-04T11:02:40Z</time>
   </trkpt>
   <trkpt lat="12.9182020" lon="77.6448840">
    <ele>888.2</ele>
    <time>2026-07-04T11:02:41Z</time>
   </trkpt>
   <trkpt lat="12.9182140" lon="77.6448810">
    <ele>888.2</ele>
    <time>2026-07-04T11:02:42Z</time>
   </trkpt>
   <trkpt lat="12.9182310" lon="77.6448800">
    <ele>888.2</ele>
    <time>2026-07-04T11:02:43Z</time>
   </trkpt>
   <trkpt lat="12.9182500" lon="77.6448710">
    <ele>888.2</ele>
    <time>2026-07-04T11:02:44Z</time>
   </trkpt>
   <trkpt lat="12.9182660" lon="77.6448770">
    <ele>888.2</ele>
    <time>2026-07-04T11:02:45Z</time>
   </trkpt>
   <trkpt lat="12.9182820" lon="77.6448760">
    <ele>888.2</ele>
    <time>2026-07-04T11:02:46Z</time>
   </trkpt>
   <trkpt lat="12.9183000" lon="77.6448780">
    <ele>888.2</ele>
    <time>2026-07-04T11:02:47Z</time>
   </trkpt>
   <trkpt lat="12.9183210" lon="77.6448830">
    <ele>888.2</ele>
    <time>2026-07-04T11:02:48Z</time>
   </trkpt>
   <trkpt lat="12.9183400" lon="77.6448830">
    <ele>888.2</ele>
    <time>2026-07-04T11:02:49Z</time>
   </trkpt>
   <trkpt lat="12.9183610" lon="77.6448880">
    <ele>888.2</ele>
    <time>2026-07-04T11:02:50Z</time>
   </trkpt>
   <trkpt lat="12.9183770" lon="77.6448850">
    <ele>888.2</ele>
    <time>2026-07-04T11:02:51Z</time>
   </trkpt>
   <trkpt lat="12.9183920" lon="77.6448890">
    <ele>888.2</ele>
    <time>2026-07-04T11:02:52Z</time>
   </trkpt>
   <trkpt lat="12.9184070" lon="77.6448880">
    <ele>888.2</ele>
    <time>2026-07-04T11:02:53Z</time>
   </trkpt>
   <trkpt lat="12.9184280" lon="77.6448890">
    <ele>888.1</ele>
    <time>2026-07-04T11:02:54Z</time>
   </trkpt>
   <trkpt lat="12.9184490" lon="77.6448830">
    <ele>888.1</ele>
    <time>2026-07-04T11:02:55Z</time>
   </trkpt>
   <trkpt lat="12.9184720" lon="77.6448800">
    <ele>888.1</ele>
    <time>2026-07-04T11:02:56Z</time>
   </trkpt>
   <trkpt lat="12.9185010" lon="77.6448790">
    <ele>888.1</ele>
    <time>2026-07-04T11:02:57Z</time>
   </trkpt>
   <trkpt lat="12.9185220" lon="77.6448810">
    <ele>888.1</ele>
    <time>2026-07-04T11:02:58Z</time>
   </trkpt>
   <trkpt lat="12.9185430" lon="77.6448870">
    <ele>888.1</ele>
    <time>2026-07-04T11:02:59Z</time>
   </trkpt>
   <trkpt lat="12.9185620" lon="77.6448920">
    <ele>888.1</ele>
    <time>2026-07-04T11:03:00Z</time>
   </trkpt>
   <trkpt lat="12.9185840" lon="77.6448960">
    <ele>888.1</ele>
    <time>2026-07-04T11:03:01Z</time>
   </trkpt>
   <trkpt lat="12.9186030" lon="77.6448980">
    <ele>888.0</ele>
    <time>2026-07-04T11:03:02Z</time>
   </trkpt>
   <trkpt lat="12.9186210" lon="77.6448970">
    <ele>888.0</ele>
    <time>2026-07-04T11:03:03Z</time>
   </trkpt>
   <trkpt lat="12.9186470" lon="77.6448950">
    <ele>888.0</ele>
    <time>2026-07-04T11:03:04Z</time>
   </trkpt>
   <trkpt lat="12.9186710" lon="77.6448900">
    <ele>888.0</ele>
    <time>2026-07-04T11:03:05Z</time>
   </trkpt>
   <trkpt lat="12.9186940" lon="77.6448870">
    <ele>888.0</ele>
    <time>2026-07-04T11:03:06Z</time>
   </trkpt>
   <trkpt lat="12.9187210" lon="77.6448880">
    <ele>888.0</ele>
    <time>2026-07-04T11:03:07Z</time>
   </trkpt>
   <trkpt lat="12.9187430" lon="77.6448850">
    <ele>887.9</ele>
    <time>2026-07-04T11:03:08Z</time>
   </trkpt>
   <trkpt lat="12.9187660" lon="77.6448850">
    <ele>887.9</ele>
    <time>2026-07-04T11:03:09Z</time>
   </trkpt>
   <trkpt lat="12.9187840" lon="77.6448890">
    <ele>887.9</ele>
    <time>2026-07-04T11:03:10Z</time>
   </trkpt>
   <trkpt lat="12.9188120" lon="77.6448860">
    <ele>887.9</ele>
    <time>2026-07-04T11:03:11Z</time>
   </trkpt>
   <trkpt lat="12.9188310" lon="77.6448810">
    <ele>887.8</ele>
    <time>2026-07-04T11:03:12Z</time>
   </trkpt>
   <trkpt lat="12.9188540" lon="77.6448760">
    <ele>887.8</ele>
    <time>2026-07-04T11:03:13Z</time>
   </trkpt>
   <trkpt lat="12.9188790" lon="77.6448750">
    <ele>887.8</ele>
    <time>2026-07-04T11:03:14Z</time>
   </trkpt>
   <trkpt lat="12.9189020" lon="77.6448730">
    <ele>887.7</ele>
    <time>2026-07-04T11:03:15Z</time>
   </trkpt>
   <trkpt lat="12.9189250" lon="77.6448820">
    <ele>887.7</ele>
    <time>2026-07-04T11:03:16Z</time>
   </trkpt>
   <trkpt lat="12.9189480" lon="77.6448860">
    <ele>887.7</ele>
    <time>2026-07-04T11:03:17Z</time>
   </trkpt>
   <trkpt lat="12.9189740" lon="77.6448840">
    <ele>887.6</ele>
    <time>2026-07-04T11:03:18Z</time>
   </trkpt>
   <trkpt lat="12.9189990" lon="77.6448900">
    <ele>887.6</ele>
    <time>2026-07-04T11:03:19Z</time>
   </trkpt>
   <trkpt lat="12.9190280" lon="77.6449010">
    <ele>887.6</ele>
    <time>2026-07-04T11:03:20Z</time>
   </trkpt>
   <trkpt lat="12.9190550" lon="77.6449080">
    <ele>887.5</ele>
    <time>2026-07-04T11:03:21Z</time>
   </trkpt>
   <trkpt lat="12.9190800" lon="77.6449030">
    <ele>887.5</ele>
    <time>2026-07-04T11:03:22Z</time>
   </trkpt>
   <trkpt lat="12.9191070" lon="77.6449030">
    <ele>887.4</ele>
    <time>2026-07-04T11:03:23Z</time>
   </trkpt>
   <trkpt lat="12.9191360" lon="77.6449070">
    <ele>887.4</ele>
    <time>2026-07-04T11:03:24Z</time>
   </trkpt>
   <trkpt lat="12.9191660" lon="77.6449100">
    <ele>887.3</ele>
    <time>2026-07-04T11:03:25Z</time>
   </trkpt>
   <trkpt lat="12.9191950" lon="77.6449120">
    <ele>887.3</ele>
    <time>2026-07-04T11:03:26Z</time>
   </trkpt>
   <trkpt lat="12.9192260" lon="77.6449160">
    <ele>887.2</ele>
    <time>2026-07-04T11:03:27Z</time>
   </trkpt>
   <trkpt lat="12.9192560" lon="77.6449190">
    <ele>887.1</ele>
    <time>2026-07-04T11:03:28Z</time>
   </trkpt>
   <trkpt lat="12.9192850" lon="77.6449200">
    <ele>887.1</ele>
    <time>2026-07-04T11:03:29Z</time>
   </trkpt>
   <trkpt lat="12.9193120" lon="77.6449230">
    <ele>887.0</ele>
    <time>2026-07-04T11:03:30Z</time>
   </trkpt>
   <trkpt lat="12.9193440" lon="77.6449240">
    <ele>886.9</ele>
    <time>2026-07-04T11:03:31Z</time>
   </trkpt>
   <trkpt lat="12.9193750" lon="77.6449290">
    <ele>886.8</ele>
    <time>2026-07-04T11:03:32Z</time>
   </trkpt>
   <trkpt lat="12.9194010" lon="77.6449290">
    <ele>886.8</ele>
    <time>2026-07-04T11:03:33Z</time>
   </trkpt>
   <trkpt lat="12.9194230" lon="77.6449280">
    <ele>886.7</ele>
    <time>2026-07-04T11:03:34Z</time>
   </trkpt>
   <trkpt lat="12.9194450" lon="77.6449300">
    <ele>886.7</ele>
    <time>2026-07-04T11:03:35Z</time>
   </trkpt>
   <trkpt lat="12.9194620" lon="77.6449320">
    <ele>886.6</ele>
    <time>2026-07-04T11:03:36Z</time>
   </trkpt>
   <trkpt lat="12.9194750" lon="77.6449360">
    <ele>886.6</ele>
    <time>2026-07-04T11:03:37Z</time>
   </trkpt>
   <trkpt lat="12.9194890" lon="77.6449380">
    <ele>886.6</ele>
    <time>2026-07-04T11:03:38Z</time>
   </trkpt>
   <trkpt lat="12.9195070" lon="77.6449400">
    <ele>886.5</ele>
    <time>2026-07-04T11:03:39Z</time>
   </trkpt>
   <trkpt lat="12.9195220" lon="77.6449460">
    <ele>886.5</ele>
    <time>2026-07-04T11:03:40Z</time>
   </trkpt>
   <trkpt lat="12.9195370" lon="77.6449490">
    <ele>886.5</ele>
    <time>2026-07-04T11:03:41Z</time>
   </trkpt>
   <trkpt lat="12.9195550" lon="77.6449470">
    <ele>886.5</ele>
    <time>2026-07-04T11:03:42Z</time>
   </trkpt>
   <trkpt lat="12.9195680" lon="77.6449470">
    <ele>886.5</ele>
    <time>2026-07-04T11:03:43Z</time>
   </trkpt>
   <trkpt lat="12.9195800" lon="77.6449490">
    <ele>886.4</ele>
    <time>2026-07-04T11:03:44Z</time>
   </trkpt>
   <trkpt lat="12.9195950" lon="77.6449530">
    <ele>886.4</ele>
    <time>2026-07-04T11:03:45Z</time>
   </trkpt>
   <trkpt lat="12.9196070" lon="77.6449550">
    <ele>886.4</ele>
    <time>2026-07-04T11:03:46Z</time>
   </trkpt>
   <trkpt lat="12.9196210" lon="77.6449560">
    <ele>886.4</ele>
    <time>2026-07-04T11:03:47Z</time>
   </trkpt>
   <trkpt lat="12.9196380" lon="77.6449580">
    <ele>886.4</ele>
    <time>2026-07-04T11:03:48Z</time>
   </trkpt>
   <trkpt lat="12.9196520" lon="77.6449620">
    <ele>886.3</ele>
    <time>2026-07-04T11:03:49Z</time>
   </trkpt>
   <trkpt lat="12.9196640" lon="77.6449680">
    <ele>886.4</ele>
    <time>2026-07-04T11:03:50Z</time>
   </trkpt>
   <trkpt lat="12.9196690" lon="77.6449850">
    <ele>886.5</ele>
    <time>2026-07-04T11:03:51Z</time>
   </trkpt>
   <trkpt lat="12.9196720" lon="77.6450110">
    <ele>886.6</ele>
    <time>2026-07-04T11:03:52Z</time>
   </trkpt>
   <trkpt lat="12.9196670" lon="77.6450360">
    <ele>886.6</ele>
    <time>2026-07-04T11:03:53Z</time>
   </trkpt>
   <trkpt lat="12.9196630" lon="77.6450540">
    <ele>886.6</ele>
    <time>2026-07-04T11:03:54Z</time>
   </trkpt>
   <trkpt lat="12.9196620" lon="77.6450740">
    <ele>886.6</ele>
    <time>2026-07-04T11:03:55Z</time>
   </trkpt>
   <trkpt lat="12.9196570" lon="77.6450920">
    <ele>886.6</ele>
    <time>2026-07-04T11:03:56Z</time>
   </trkpt>
   <trkpt lat="12.9196540" lon="77.6451180">
    <ele>886.7</ele>
    <time>2026-07-04T11:03:57Z</time>
   </trkpt>
   <trkpt lat="12.9196550" lon="77.6451390">
    <ele>886.7</ele>
    <time>2026-07-04T11:03:58Z</time>
   </trkpt>
   <trkpt lat="12.9196580" lon="77.6451640">
    <ele>886.8</ele>
    <time>2026-07-04T11:03:59Z</time>
   </trkpt>
   <trkpt lat="12.9196550" lon="77.6451890">
    <ele>886.8</ele>
    <time>2026-07-04T11:04:00Z</time>
   </trkpt>
   <trkpt lat="12.9196510" lon="77.6452110">
    <ele>886.9</ele>
    <time>2026-07-04T11:04:01Z</time>
   </trkpt>
   <trkpt lat="12.9196500" lon="77.6452370">
    <ele>887.0</ele>
    <time>2026-07-04T11:04:02Z</time>
   </trkpt>
   <trkpt lat="12.9196520" lon="77.6452600">
    <ele>887.0</ele>
    <time>2026-07-04T11:04:03Z</time>
   </trkpt>
   <trkpt lat="12.9196530" lon="77.6452840">
    <ele>887.1</ele>
    <time>2026-07-04T11:04:04Z</time>
   </trkpt>
   <trkpt lat="12.9196480" lon="77.6453080">
    <ele>887.2</ele>
    <time>2026-07-04T11:04:05Z</time>
   </trkpt>
   <trkpt lat="12.9196420" lon="77.6453280">
    <ele>887.2</ele>
    <time>2026-07-04T11:04:06Z</time>
   </trkpt>
   <trkpt lat="12.9196390" lon="77.6453560">
    <ele>887.3</ele>
    <time>2026-07-04T11:04:07Z</time>
   </trkpt>
   <trkpt lat="12.9196420" lon="77.6453830">
    <ele>887.4</ele>
    <time>2026-07-04T11:04:08Z</time>
   </trkpt>
   <trkpt lat="12.9196360" lon="77.6454070">
    <ele>887.4</ele>
    <time>2026-07-04T11:04:09Z</time>
   </trkpt>
   <trkpt lat="12.9196360" lon="77.6454330">
    <ele>887.5</ele>
    <time>2026-07-04T11:04:10Z</time>
   </trkpt>
   <trkpt lat="12.9196330" lon="77.6454560">
    <ele>887.5</ele>
    <time>2026-07-04T11:04:11Z</time>
   </trkpt>
   <trkpt lat="12.9196270" lon="77.6454790">
    <ele>887.6</ele>
    <time>2026-07-04T11:04:12Z</time>
   </trkpt>
   <trkpt lat="12.9196180" lon="77.6455030">
    <ele>887.7</ele>
    <time>2026-07-04T11:04:13Z</time>
   </trkpt>
   <trkpt lat="12.9196160" lon="77.6455240">
    <ele>887.7</ele>
    <time>2026-07-04T11:04:14Z</time>
   </trkpt>
   <trkpt lat="12.9196140" lon="77.6455460">
    <ele>887.8</ele>
    <time>2026-07-04T11:04:15Z</time>
   </trkpt>
   <trkpt lat="12.9196070" lon="77.6455690">
    <ele>887.8</ele>
    <time>2026-07-04T11:04:16Z</time>
   </trkpt>
   <trkpt lat="12.9196050" lon="77.6455960">
    <ele>887.9</ele>
    <time>2026-07-04T11:04:17Z</time>
   </trkpt>
   <trkpt lat="12.9196060" lon="77.6456150">
    <ele>888.0</ele>
    <time>2026-07-04T11:04:18Z</time>
   </trkpt>
   <trkpt lat="12.9196050" lon="77.6456340">
    <ele>888.0</ele>
    <time>2026-07-04T11:04:19Z</time>
   </trkpt>
   <trkpt lat="12.9196030" lon="77.6456450">
    <ele>888.1</ele>
    <time>2026-07-04T11:04:20Z</time>
   </trkpt>
   <trkpt lat="12.9196020" lon="77.6456770">
    <ele>888.2</ele>
    <time>2026-07-04T11:04:21Z</time>
   </trkpt>
   <trkpt lat="12.9196030" lon="77.6457070">
    <ele>888.3</ele>
    <time>2026-07-04T11:04:22Z</time>
   </trkpt>
   <trkpt lat="12.9196030" lon="77.6457300">
    <ele>888.3</ele>
    <time>2026-07-04T11:04:23Z</time>
   </trkpt>
   <trkpt lat="12.9195980" lon="77.6457540">
    <ele>888.4</ele>
    <time>2026-07-04T11:04:24Z</time>
   </trkpt>
   <trkpt lat="12.9195940" lon="77.6457750">
    <ele>888.5</ele>
    <time>2026-07-04T11:04:25Z</time>
   </trkpt>
   <trkpt lat="12.9195920" lon="77.6457940">
    <ele>888.5</ele>
    <time>2026-07-04T11:04:26Z</time>
   </trkpt>
   <trkpt lat="12.9195850" lon="77.6458240">
    <ele>888.6</ele>
    <time>2026-07-04T11:04:27Z</time>
   </trkpt>
   <trkpt lat="12.9195860" lon="77.6458450">
    <ele>888.7</ele>
    <time>2026-07-04T11:04:28Z</time>
   </trkpt>
   <trkpt lat="12.9195890" lon="77.6458710">
    <ele>888.8</ele>
    <time>2026-07-04T11:04:29Z</time>
   </trkpt>
   <trkpt lat="12.9195860" lon="77.6458920">
    <ele>888.9</ele>
    <time>2026-07-04T11:04:30Z</time>
   </trkpt>
   <trkpt lat="12.9195800" lon="77.6459220">
    <ele>889.0</ele>
    <time>2026-07-04T11:04:31Z</time>
   </trkpt>
   <trkpt lat="12.9195750" lon="77.6459430">
    <ele>889.0</ele>
    <time>2026-07-04T11:04:32Z</time>
   </trkpt>
   <trkpt lat="12.9195720" lon="77.6459530">
    <ele>889.1</ele>
    <time>2026-07-04T11:04:33Z</time>
   </trkpt>
   <trkpt lat="12.9195750" lon="77.6459790">
    <ele>889.1</ele>
    <time>2026-07-04T11:04:34Z</time>
   </trkpt>
   <trkpt lat="12.9195720" lon="77.6460120">
    <ele>889.2</ele>
    <time>2026-07-04T11:04:35Z</time>
   </trkpt>
   <trkpt lat="12.9195780" lon="77.6460370">
    <ele>889.3</ele>
    <time>2026-07-04T11:04:36Z</time>
   </trkpt>
   <trkpt lat="12.9195830" lon="77.6460690">
    <ele>889.4</ele>
    <time>2026-07-04T11:04:37Z</time>
   </trkpt>
   <trkpt lat="12.9195860" lon="77.6460990">
    <ele>889.5</ele>
    <time>2026-07-04T11:04:38Z</time>
   </trkpt>
   <trkpt lat="12.9195800" lon="77.6461280">
    <ele>889.6</ele>
    <time>2026-07-04T11:04:39Z</time>
   </trkpt>
   <trkpt lat="12.9195730" lon="77.6461580">
    <ele>889.7</ele>
    <time>2026-07-04T11:04:40Z</time>
   </trkpt>
   <trkpt lat="12.9195740" lon="77.6461780">
    <ele>889.7</ele>
    <time>2026-07-04T11:04:41Z</time>
   </trkpt>
   <trkpt lat="12.9195730" lon="77.6462020">
    <ele>889.8</ele>
    <time>2026-07-04T11:04:42Z</time>
   </trkpt>
   <trkpt lat="12.9195700" lon="77.6462290">
    <ele>889.9</ele>
    <time>2026-07-04T11:04:43Z</time>
   </trkpt>
   <trkpt lat="12.9195670" lon="77.6462540">
    <ele>889.9</ele>
    <time>2026-07-04T11:04:44Z</time>
   </trkpt>
   <trkpt lat="12.9195570" lon="77.6462820">
    <ele>890.0</ele>
    <time>2026-07-04T11:04:45Z</time>
   </trkpt>
   <trkpt lat="12.9195570" lon="77.6463070">
    <ele>890.1</ele>
    <time>2026-07-04T11:04:46Z</time>
   </trkpt>
   <trkpt lat="12.9195540" lon="77.6463320">
    <ele>890.2</ele>
    <time>2026-07-04T11:04:47Z</time>
   </trkpt>
   <trkpt lat="12.9195530" lon="77.6463630">
    <ele>890.2</ele>
    <time>2026-07-04T11:04:48Z</time>
   </trkpt>
   <trkpt lat="12.9195460" lon="77.6463790">
    <ele>890.3</ele>
    <time>2026-07-04T11:04:49Z</time>
   </trkpt>
   <trkpt lat="12.9195450" lon="77.6464100">
    <ele>890.4</ele>
    <time>2026-07-04T11:04:50Z</time>
   </trkpt>
   <trkpt lat="12.9195530" lon="77.6464360">
    <ele>890.5</ele>
    <time>2026-07-04T11:04:51Z</time>
   </trkpt>
   <trkpt lat="12.9195440" lon="77.6464580">
    <ele>890.5</ele>
    <time>2026-07-04T11:04:52Z</time>
   </trkpt>
   <trkpt lat="12.9195430" lon="77.6464810">
    <ele>890.6</ele>
    <time>2026-07-04T11:04:53Z</time>
   </trkpt>
   <trkpt lat="12.9195440" lon="77.6464970">
    <ele>890.7</ele>
    <time>2026-07-04T11:04:54Z</time>
   </trkpt>
   <trkpt lat="12.9195380" lon="77.6465150">
    <ele>890.7</ele>
    <time>2026-07-04T11:04:55Z</time>
   </trkpt>
   <trkpt lat="12.9195380" lon="77.6465290">
    <ele>890.8</ele>
    <time>2026-07-04T11:04:56Z</time>
   </trkpt>
   <trkpt lat="12.9195400" lon="77.6465390">
    <ele>890.8</ele>
    <time>2026-07-04T11:04:57Z</time>
   </trkpt>
   <trkpt lat="12.9195400" lon="77.6465450">
    <ele>890.9</ele>
    <time>2026-07-04T11:04:58Z</time>
   </trkpt>
   <trkpt lat="12.9195410" lon="77.6465580">
    <ele>890.9</ele>
    <time>2026-07-04T11:04:59Z</time>
   </trkpt>
   <trkpt lat="12.9195440" lon="77.6465640">
    <ele>890.9</ele>
    <time>2026-07-04T11:05:00Z</time>
   </trkpt>
   <trkpt lat="12.9195500" lon="77.6465840">
    <ele>891.0</ele>
    <time>2026-07-04T11:05:01Z</time>
   </trkpt>
   <trkpt lat="12.9195500" lon="77.6466050">
    <ele>891.0</ele>
    <time>2026-07-04T11:05:02Z</time>
   </trkpt>
   <trkpt lat="12.9195500" lon="77.6466160">
    <ele>891.1</ele>
    <time>2026-07-04T11:05:03Z</time>
   </trkpt>
   <trkpt lat="12.9195560" lon="77.6466340">
    <ele>891.1</ele>
    <time>2026-07-04T11:05:04Z</time>
   </trkpt>
   <trkpt lat="12.9195550" lon="77.6466590">
    <ele>891.2</ele>
    <time>2026-07-04T11:05:05Z</time>
   </trkpt>
   <trkpt lat="12.9195530" lon="77.6466850">
    <ele>891.3</ele>
    <time>2026-07-04T11:05:06Z</time>
   </trkpt>
   <trkpt lat="12.9195500" lon="77.6467080">
    <ele>891.3</ele>
    <time>2026-07-04T11:05:07Z</time>
   </trkpt>
   <trkpt lat="12.9195430" lon="77.6467300">
    <ele>891.4</ele>
    <time>2026-07-04T11:05:08Z</time>
   </trkpt>
   <trkpt lat="12.9195400" lon="77.6467510">
    <ele>891.4</ele>
    <time>2026-07-04T11:05:09Z</time>
   </trkpt>
   <trkpt lat="12.9195390" lon="77.6467690">
    <ele>891.5</ele>
    <time>2026-07-04T11:05:10Z</time>
   </trkpt>
   <trkpt lat="12.9195360" lon="77.6467890">
    <ele>891.5</ele>
    <time>2026-07-04T11:05:11Z</time>
   </trkpt>
   <trkpt lat="12.9195350" lon="77.6468110">
    <ele>891.6</ele>
    <time>2026-07-04T11:05:12Z</time>
   </trkpt>
   <trkpt lat="12.9195300" lon="77.6468270">
    <ele>891.6</ele>
    <time>2026-07-04T11:05:13Z</time>
   </trkpt>
   <trkpt lat="12.9195420" lon="77.6468530">
    <ele>891.7</ele>
    <time>2026-07-04T11:05:14Z</time>
   </trkpt>
   <trkpt lat="12.9195420" lon="77.6468740">
    <ele>891.8</ele>
    <time>2026-07-04T11:05:15Z</time>
   </trkpt>
   <trkpt lat="12.9195400" lon="77.6469000">
    <ele>891.8</ele>
    <time>2026-07-04T11:05:16Z</time>
   </trkpt>
   <trkpt lat="12.9195420" lon="77.6469200">
    <ele>891.9</ele>
    <time>2026-07-04T11:05:17Z</time>
   </trkpt>
   <trkpt lat="12.9195460" lon="77.6469450">
    <ele>891.9</ele>
    <time>2026-07-04T11:05:18Z</time>
   </trkpt>
   <trkpt lat="12.9195500" lon="77.6469600">
    <ele>892.0</ele>
    <time>2026-07-04T11:05:19Z</time>
   </trkpt>
   <trkpt lat="12.9195490" lon="77.6469830">
    <ele>892.0</ele>
    <time>2026-07-04T11:05:20Z</time>
   </trkpt>
   <trkpt lat="12.9195480" lon="77.6470060">
    <ele>892.1</ele>
    <time>2026-07-04T11:05:21Z</time>
   </trkpt>
   <trkpt lat="12.9195460" lon="77.6470290">
    <ele>892.1</ele>
    <time>2026-07-04T11:05:22Z</time>
   </trkpt>
   <trkpt lat="12.9195430" lon="77.6470460">
    <ele>892.1</ele>
    <time>2026-07-04T11:05:23Z</time>
   </trkpt>
   <trkpt lat="12.9195400" lon="77.6470690">
    <ele>892.2</ele>
    <time>2026-07-04T11:05:24Z</time>
   </trkpt>
   <trkpt lat="12.9195380" lon="77.6470900">
    <ele>892.2</ele>
    <time>2026-07-04T11:05:25Z</time>
   </trkpt>
   <trkpt lat="12.9195370" lon="77.6471090">
    <ele>892.2</ele>
    <time>2026-07-04T11:05:26Z</time>
   </trkpt>
   <trkpt lat="12.9195360" lon="77.6471300">
    <ele>892.2</ele>
    <time>2026-07-04T11:05:27Z</time>
   </trkpt>
   <trkpt lat="12.9195360" lon="77.6471520">
    <ele>892.3</ele>
    <time>2026-07-04T11:05:28Z</time>
   </trkpt>
   <trkpt lat="12.9195380" lon="77.6471710">
    <ele>892.3</ele>
    <time>2026-07-04T11:05:29Z</time>
   </trkpt>
   <trkpt lat="12.9195390" lon="77.6471940">
    <ele>892.3</ele>
    <time>2026-07-04T11:05:30Z</time>
   </trkpt>
   <trkpt lat="12.9195360" lon="77.6472160">
    <ele>892.3</ele>
    <time>2026-07-04T11:05:31Z</time>
   </trkpt>
   <trkpt lat="12.9195310" lon="77.6472350">
    <ele>892.4</ele>
    <time>2026-07-04T11:05:32Z</time>
   </trkpt>
   <trkpt lat="12.9195270" lon="77.6472510">
    <ele>892.4</ele>
    <time>2026-07-04T11:05:33Z</time>
   </trkpt>
   <trkpt lat="12.9195300" lon="77.6472610">
    <ele>892.4</ele>
    <time>2026-07-04T11:05:34Z</time>
   </trkpt>
   <trkpt lat="12.9195310" lon="77.6472680">
    <ele>892.4</ele>
    <time>2026-07-04T11:05:35Z</time>
   </trkpt>
   <trkpt lat="12.9195280" lon="77.6472800">
    <ele>892.4</ele>
    <time>2026-07-04T11:05:36Z</time>
   </trkpt>
   <trkpt lat="12.9195240" lon="77.6472920">
    <ele>892.4</ele>
    <time>2026-07-04T11:05:37Z</time>
   </trkpt>
   <trkpt lat="12.9195250" lon="77.6472930">
    <ele>892.4</ele>
    <time>2026-07-04T11:05:38Z</time>
   </trkpt>
   <trkpt lat="12.9195230" lon="77.6472900">
    <ele>892.4</ele>
    <time>2026-07-04T11:05:39Z</time>
   </trkpt>
   <trkpt lat="12.9195220" lon="77.6472900">
    <ele>892.4</ele>
    <time>2026-07-04T11:05:40Z</time>
   </trkpt>
   <trkpt lat="12.9195220" lon="77.6472900">
    <ele>892.4</ele>
    <time>2026-07-04T11:05:41Z</time>
   </trkpt>
   <trkpt lat="12.9195230" lon="77.6472880">
    <ele>892.4</ele>
    <time>2026-07-04T11:05:42Z</time>
   </trkpt>
   <trkpt lat="12.9195230" lon="77.6472870">
    <ele>892.4</ele>
    <time>2026-07-04T11:05:43Z</time>
   </trkpt>
   <trkpt lat="12.9195230" lon="77.6472870">
    <ele>892.4</ele>
    <time>2026-07-04T11:05:44Z</time>
   </trkpt>
   <trkpt lat="12.9195260" lon="77.6472900">
    <ele>892.4</ele>
    <time>2026-07-04T11:05:45Z</time>
   </trkpt>
   <trkpt lat="12.9195250" lon="77.6472910">
    <ele>892.5</ele>
    <time>2026-07-04T11:05:46Z</time>
   </trkpt>
   <trkpt lat="12.9195210" lon="77.6473370">
    <ele>892.5</ele>
    <time>2026-07-04T11:06:54Z</time>
   </trkpt>
   <trkpt lat="12.9195260" lon="77.6473330">
    <ele>892.5</ele>
    <time>2026-07-04T11:06:55Z</time>
   </trkpt>
   <trkpt lat="12.9195180" lon="77.6473360">
    <ele>892.5</ele>
    <time>2026-07-04T11:06:56Z</time>
   </trkpt>
   <trkpt lat="12.9195190" lon="77.6473360">
    <ele>892.5</ele>
    <time>2026-07-04T11:06:57Z</time>
   </trkpt>
   <trkpt lat="12.9195100" lon="77.6473350">
    <ele>892.5</ele>
    <time>2026-07-04T11:06:58Z</time>
   </trkpt>
   <trkpt lat="12.9195090" lon="77.6473310">
    <ele>892.5</ele>
    <time>2026-07-04T11:06:59Z</time>
   </trkpt>
   <trkpt lat="12.9195140" lon="77.6473310">
    <ele>892.5</ele>
    <time>2026-07-04T11:07:00Z</time>
   </trkpt>
   <trkpt lat="12.9195110" lon="77.6473250">
    <ele>892.5</ele>
    <time>2026-07-04T11:07:01Z</time>
   </trkpt>
   <trkpt lat="12.9195080" lon="77.6473210">
    <ele>892.5</ele>
    <time>2026-07-04T11:07:02Z</time>
   </trkpt>
   <trkpt lat="12.9195060" lon="77.6473270">
    <ele>892.5</ele>
    <time>2026-07-04T11:07:03Z</time>
   </trkpt>
   <trkpt lat="12.9194670" lon="77.6472570">
    <ele>892.4</ele>
    <time>2026-07-04T11:09:23Z</time>
   </trkpt>
   <trkpt lat="12.9194740" lon="77.6472540">
    <ele>892.4</ele>
    <time>2026-07-04T11:09:24Z</time>
   </trkpt>
   <trkpt lat="12.9196190" lon="77.6471910">
    <ele>892.0</ele>
    <time>2026-07-04T11:16:52Z</time>
   </trkpt>
   <trkpt lat="12.9196180" lon="77.6471920">
    <ele>892.0</ele>
    <time>2026-07-04T11:16:53Z</time>
   </trkpt>
   <trkpt lat="12.9196180" lon="77.6471920">
    <ele>892.0</ele>
    <time>2026-07-04T11:16:54Z</time>
   </trkpt>
   <trkpt lat="12.9196180" lon="77.6471920">
    <ele>892.0</ele>
    <time>2026-07-04T11:16:55Z</time>
   </trkpt>
   <trkpt lat="12.9196190" lon="77.6472010">
    <ele>891.9</ele>
    <time>2026-07-04T11:16:56Z</time>
   </trkpt>
   <trkpt lat="12.9196220" lon="77.6472000">
    <ele>891.9</ele>
    <time>2026-07-04T11:16:57Z</time>
   </trkpt>
   <trkpt lat="12.9196240" lon="77.6471970">
    <ele>891.9</ele>
    <time>2026-07-04T11:16:58Z</time>
   </trkpt>
   <trkpt lat="12.9196230" lon="77.6472000">
    <ele>891.9</ele>
    <time>2026-07-04T11:16:59Z</time>
   </trkpt>
   <trkpt lat="12.9196260" lon="77.6471970">
    <ele>891.9</ele>
    <time>2026-07-04T11:17:00Z</time>
   </trkpt>
   <trkpt lat="12.9196320" lon="77.6471960">
    <ele>891.9</ele>
    <time>2026-07-04T11:17:01Z</time>
   </trkpt>
   <trkpt lat="12.9196500" lon="77.6471970">
    <ele>891.9</ele>
    <time>2026-07-04T11:17:02Z</time>
   </trkpt>
   <trkpt lat="12.9196660" lon="77.6472030">
    <ele>891.9</ele>
    <time>2026-07-04T11:17:03Z</time>
   </trkpt>
   <trkpt lat="12.9196830" lon="77.6472080">
    <ele>891.9</ele>
    <time>2026-07-04T11:17:04Z</time>
   </trkpt>
   <trkpt lat="12.9196930" lon="77.6472240">
    <ele>891.8</ele>
    <time>2026-07-04T11:17:05Z</time>
   </trkpt>
   <trkpt lat="12.9197050" lon="77.6472260">
    <ele>891.8</ele>
    <time>2026-07-04T11:17:06Z</time>
   </trkpt>
   <trkpt lat="12.9197150" lon="77.6472280">
    <ele>891.8</ele>
    <time>2026-07-04T11:17:07Z</time>
   </trkpt>
   <trkpt lat="12.9197230" lon="77.6472280">
    <ele>891.8</ele>
    <time>2026-07-04T11:17:08Z</time>
   </trkpt>
   <trkpt lat="12.9197370" lon="77.6472240">
    <ele>891.8</ele>
    <time>2026-07-04T11:17:09Z</time>
   </trkpt>
   <trkpt lat="12.9197480" lon="77.6472240">
    <ele>891.8</ele>
    <time>2026-07-04T11:17:10Z</time>
   </trkpt>
   <trkpt lat="12.9197630" lon="77.6472210">
    <ele>891.8</ele>
    <time>2026-07-04T11:17:11Z</time>
   </trkpt>
   <trkpt lat="12.9197780" lon="77.6472240">
    <ele>891.7</ele>
    <time>2026-07-04T11:17:12Z</time>
   </trkpt>
   <trkpt lat="12.9197920" lon="77.6472310">
    <ele>891.7</ele>
    <time>2026-07-04T11:17:13Z</time>
   </trkpt>
   <trkpt lat="12.9198050" lon="77.6472360">
    <ele>891.7</ele>
    <time>2026-07-04T11:17:14Z</time>
   </trkpt>
   <trkpt lat="12.9198210" lon="77.6472370">
    <ele>891.7</ele>
    <time>2026-07-04T11:17:15Z</time>
   </trkpt>
   <trkpt lat="12.9198340" lon="77.6472330">
    <ele>891.7</ele>
    <time>2026-07-04T11:17:16Z</time>
   </trkpt>
   <trkpt lat="12.9198510" lon="77.6472380">
    <ele>891.7</ele>
    <time>2026-07-04T11:17:17Z</time>
   </trkpt>
   <trkpt lat="12.9198640" lon="77.6472470">
    <ele>891.6</ele>
    <time>2026-07-04T11:17:18Z</time>
   </trkpt>
   <trkpt lat="12.9198780" lon="77.6472460">
    <ele>891.6</ele>
    <time>2026-07-04T11:17:19Z</time>
   </trkpt>
   <trkpt lat="12.9198930" lon="77.6472500">
    <ele>891.6</ele>
    <time>2026-07-04T11:17:20Z</time>
   </trkpt>
   <trkpt lat="12.9199070" lon="77.6472540">
    <ele>891.6</ele>
    <time>2026-07-04T11:17:21Z</time>
   </trkpt>
   <trkpt lat="12.9199120" lon="77.6472430">
    <ele>891.6</ele>
    <time>2026-07-04T11:17:22Z</time>
   </trkpt>
   <trkpt lat="12.9199320" lon="77.6472410">
    <ele>891.5</ele>
    <time>2026-07-04T11:17:23Z</time>
   </trkpt>
   <trkpt lat="12.9199400" lon="77.6472420">
    <ele>891.5</ele>
    <time>2026-07-04T11:17:24Z</time>
   </trkpt>
   <trkpt lat="12.9199440" lon="77.6472420">
    <ele>891.5</ele>
    <time>2026-07-04T11:17:25Z</time>
   </trkpt>
   <trkpt lat="12.9199470" lon="77.6472380">
    <ele>891.5</ele>
    <time>2026-07-04T11:17:26Z</time>
   </trkpt>
   <trkpt lat="12.9199480" lon="77.6472360">
    <ele>891.5</ele>
    <time>2026-07-04T11:17:27Z</time>
   </trkpt>
   <trkpt lat="12.9199470" lon="77.6472360">
    <ele>891.5</ele>
    <time>2026-07-04T11:17:28Z</time>
   </trkpt>
   <trkpt lat="12.9199470" lon="77.6472360">
    <ele>891.5</ele>
    <time>2026-07-04T11:17:29Z</time>
   </trkpt>
   <trkpt lat="12.9199470" lon="77.6472360">
    <ele>891.5</ele>
    <time>2026-07-04T11:17:30Z</time>
   </trkpt>
   <trkpt lat="12.9199470" lon="77.6472360">
    <ele>891.5</ele>
    <time>2026-07-04T11:17:31Z</time>
   </trkpt>
   <trkpt lat="12.9199470" lon="77.6472360">
    <ele>891.5</ele>
    <time>2026-07-04T11:17:32Z</time>
   </trkpt>
   <trkpt lat="12.9199470" lon="77.6472360">
    <ele>891.5</ele>
    <time>2026-07-04T11:17:33Z</time>
   </trkpt>
   <trkpt lat="12.9199960" lon="77.6472020">
    <ele>891.4</ele>
    <time>2026-07-04T11:19:05Z</time>
   </trkpt>
   <trkpt lat="12.9199960" lon="77.6472050">
    <ele>891.4</ele>
    <time>2026-07-04T11:19:06Z</time>
   </trkpt>
   <trkpt lat="12.9200110" lon="77.6472140">
    <ele>891.3</ele>
    <time>2026-07-04T11:19:07Z</time>
   </trkpt>
   <trkpt lat="12.9200300" lon="77.6472250">
    <ele>891.3</ele>
    <time>2026-07-04T11:19:08Z</time>
   </trkpt>
   <trkpt lat="12.9200440" lon="77.6472340">
    <ele>891.3</ele>
    <time>2026-07-04T11:19:09Z</time>
   </trkpt>
   <trkpt lat="12.9200570" lon="77.6472440">
    <ele>891.2</ele>
    <time>2026-07-04T11:19:10Z</time>
   </trkpt>
   <trkpt lat="12.9200810" lon="77.6472530">
    <ele>891.2</ele>
    <time>2026-07-04T11:19:11Z</time>
   </trkpt>
   <trkpt lat="12.9201000" lon="77.6472590">
    <ele>891.1</ele>
    <time>2026-07-04T11:19:12Z</time>
   </trkpt>
   <trkpt lat="12.9201270" lon="77.6472660">
    <ele>891.1</ele>
    <time>2026-07-04T11:19:13Z</time>
   </trkpt>
   <trkpt lat="12.9201490" lon="77.6472710">
    <ele>891.1</ele>
    <time>2026-07-04T11:19:14Z</time>
   </trkpt>
   <trkpt lat="12.9201690" lon="77.6472640">
    <ele>891.0</ele>
    <time>2026-07-04T11:19:15Z</time>
   </trkpt>
   <trkpt lat="12.9201880" lon="77.6472620">
    <ele>891.0</ele>
    <time>2026-07-04T11:19:16Z</time>
   </trkpt>
   <trkpt lat="12.9202140" lon="77.6472700">
    <ele>891.0</ele>
    <time>2026-07-04T11:19:17Z</time>
   </trkpt>
   <trkpt lat="12.9202430" lon="77.6472760">
    <ele>890.9</ele>
    <time>2026-07-04T11:19:18Z</time>
   </trkpt>
   <trkpt lat="12.9202710" lon="77.6472790">
    <ele>890.9</ele>
    <time>2026-07-04T11:19:19Z</time>
   </trkpt>
   <trkpt lat="12.9203030" lon="77.6472770">
    <ele>890.9</ele>
    <time>2026-07-04T11:19:20Z</time>
   </trkpt>
   <trkpt lat="12.9203310" lon="77.6472860">
    <ele>890.8</ele>
    <time>2026-07-04T11:19:21Z</time>
   </trkpt>
   <trkpt lat="12.9203630" lon="77.6472930">
    <ele>890.8</ele>
    <time>2026-07-04T11:19:22Z</time>
   </trkpt>
   <trkpt lat="12.9203990" lon="77.6472900">
    <ele>890.7</ele>
    <time>2026-07-04T11:19:23Z</time>
   </trkpt>
   <trkpt lat="12.9204260" lon="77.6472930">
    <ele>890.7</ele>
    <time>2026-07-04T11:19:24Z</time>
   </trkpt>
   <trkpt lat="12.9204550" lon="77.6473010">
    <ele>890.7</ele>
    <time>2026-07-04T11:19:25Z</time>
   </trkpt>
   <trkpt lat="12.9204900" lon="77.6473110">
    <ele>890.6</ele>
    <time>2026-07-04T11:19:26Z</time>
   </trkpt>
   <trkpt lat="12.9205200" lon="77.6473140">
    <ele>890.6</ele>
    <time>2026-07-04T11:19:27Z</time>
   </trkpt>
   <trkpt lat="12.9205490" lon="77.6473230">
    <ele>890.5</ele>
    <time>2026-07-04T11:19:28Z</time>
   </trkpt>
   <trkpt lat="12.9205780" lon="77.6473300">
    <ele>890.5</ele>
    <time>2026-07-04T11:19:29Z</time>
   </trkpt>
   <trkpt lat="12.9206090" lon="77.6473380">
    <ele>890.5</ele>
    <time>2026-07-04T11:19:30Z</time>
   </trkpt>
   <trkpt lat="12.9206350" lon="77.6473460">
    <ele>890.4</ele>
    <time>2026-07-04T11:19:31Z</time>
   </trkpt>
   <trkpt lat="12.9206700" lon="77.6473510">
    <ele>890.4</ele>
    <time>2026-07-04T11:19:32Z</time>
   </trkpt>
   <trkpt lat="12.9206960" lon="77.6473520">
    <ele>890.3</ele>
    <time>2026-07-04T11:19:33Z</time>
   </trkpt>
   <trkpt lat="12.9207300" lon="77.6473510">
    <ele>890.3</ele>
    <time>2026-07-04T11:19:34Z</time>
   </trkpt>
   <trkpt lat="12.9207580" lon="77.6473530">
    <ele>890.2</ele>
    <time>2026-07-04T11:19:35Z</time>
   </trkpt>
   <trkpt lat="12.9207880" lon="77.6473660">
    <ele>890.1</ele>
    <time>2026-07-04T11:19:36Z</time>
   </trkpt>
   <trkpt lat="12.9208210" lon="77.6473750">
    <ele>890.1</ele>
    <time>2026-07-04T11:19:37Z</time>
   </trkpt>
   <trkpt lat="12.9208530" lon="77.6473710">
    <ele>890.0</ele>
    <time>2026-07-04T11:19:38Z</time>
   </trkpt>
   <trkpt lat="12.9208770" lon="77.6473650">
    <ele>889.9</ele>
    <time>2026-07-04T11:19:39Z</time>
   </trkpt>
   <trkpt lat="12.9209060" lon="77.6473650">
    <ele>889.9</ele>
    <time>2026-07-04T11:19:40Z</time>
   </trkpt>
   <trkpt lat="12.9209410" lon="77.6473680">
    <ele>889.8</ele>
    <time>2026-07-04T11:19:41Z</time>
   </trkpt>
   <trkpt lat="12.9209690" lon="77.6473750">
    <ele>889.8</ele>
    <time>2026-07-04T11:19:42Z</time>
   </trkpt>
   <trkpt lat="12.9210010" lon="77.6473770">
    <ele>889.7</ele>
    <time>2026-07-04T11:19:43Z</time>
   </trkpt>
   <trkpt lat="12.9210310" lon="77.6473600">
    <ele>889.5</ele>
    <time>2026-07-04T11:19:44Z</time>
   </trkpt>
   <trkpt lat="12.9210530" lon="77.6473380">
    <ele>889.4</ele>
    <time>2026-07-04T11:19:45Z</time>
   </trkpt>
   <trkpt lat="12.9210910" lon="77.6473220">
    <ele>889.2</ele>
    <time>2026-07-04T11:19:46Z</time>
   </trkpt>
   <trkpt lat="12.9211190" lon="77.6473060">
    <ele>889.1</ele>
    <time>2026-07-04T11:19:47Z</time>
   </trkpt>
   <trkpt lat="12.9211350" lon="77.6473030">
    <ele>889.1</ele>
    <time>2026-07-04T11:19:48Z</time>
   </trkpt>
   <trkpt lat="12.9211530" lon="77.6473040">
    <ele>889.0</ele>
    <time>2026-07-04T11:19:49Z</time>
   </trkpt>
   <trkpt lat="12.9211780" lon="77.6473000">
    <ele>888.9</ele>
    <time>2026-07-04T11:19:50Z</time>
   </trkpt>
   <trkpt lat="12.9211920" lon="77.6472980">
    <ele>888.8</ele>
    <time>2026-07-04T11:19:51Z</time>
   </trkpt>
   <trkpt lat="12.9212100" lon="77.6472960">
    <ele>888.8</ele>
    <time>2026-07-04T11:19:52Z</time>
   </trkpt>
   <trkpt lat="12.9212250" lon="77.6472910">
    <ele>888.7</ele>
    <time>2026-07-04T11:19:53Z</time>
   </trkpt>
   <trkpt lat="12.9212440" lon="77.6472870">
    <ele>888.6</ele>
    <time>2026-07-04T11:19:54Z</time>
   </trkpt>
   <trkpt lat="12.9212600" lon="77.6472850">
    <ele>888.5</ele>
    <time>2026-07-04T11:19:55Z</time>
   </trkpt>
   <trkpt lat="12.9212760" lon="77.6472830">
    <ele>888.5</ele>
    <time>2026-07-04T11:19:56Z</time>
   </trkpt>
   <trkpt lat="12.9212920" lon="77.6472780">
    <ele>888.4</ele>
    <time>2026-07-04T11:19:57Z</time>
   </trkpt>
   <trkpt lat="12.9213090" lon="77.6472750">
    <ele>888.3</ele>
    <time>2026-07-04T11:19:58Z</time>
   </trkpt>
   <trkpt lat="12.9213320" lon="77.6472710">
    <ele>888.2</ele>
    <time>2026-07-04T11:19:59Z</time>
   </trkpt>
   <trkpt lat="12.9213520" lon="77.6472570">
    <ele>888.1</ele>
    <time>2026-07-04T11:20:00Z</time>
   </trkpt>
   <trkpt lat="12.9213650" lon="77.6472380">
    <ele>888.1</ele>
    <time>2026-07-04T11:20:01Z</time>
   </trkpt>
   <trkpt lat="12.9213760" lon="77.6472160">
    <ele>888.1</ele>
    <time>2026-07-04T11:20:02Z</time>
   </trkpt>
   <trkpt lat="12.9213720" lon="77.6471910">
    <ele>888.1</ele>
    <time>2026-07-04T11:20:03Z</time>
   </trkpt>
   <trkpt lat="12.9213730" lon="77.6471660">
    <ele>888.0</ele>
    <time>2026-07-04T11:20:04Z</time>
   </trkpt>
   <trkpt lat="12.9213740" lon="77.6471430">
    <ele>888.0</ele>
    <time>2026-07-04T11:20:05Z</time>
   </trkpt>
   <trkpt lat="12.9213780" lon="77.6471200">
    <ele>888.0</ele>
    <time>2026-07-04T11:20:06Z</time>
   </trkpt>
   <trkpt lat="12.9213880" lon="77.6471040">
    <ele>888.0</ele>
    <time>2026-07-04T11:20:07Z</time>
   </trkpt>
   <trkpt lat="12.9213830" lon="77.6470820">
    <ele>888.0</ele>
    <time>2026-07-04T11:20:08Z</time>
   </trkpt>
   <trkpt lat="12.9213910" lon="77.6470550">
    <ele>888.0</ele>
    <time>2026-07-04T11:20:09Z</time>
   </trkpt>
   <trkpt lat="12.9213930" lon="77.6470370">
    <ele>888.0</ele>
    <time>2026-07-04T11:20:10Z</time>
   </trkpt>
   <trkpt lat="12.9213950" lon="77.6470150">
    <ele>888.0</ele>
    <time>2026-07-04T11:20:11Z</time>
   </trkpt>
   <trkpt lat="12.9214010" lon="77.6469950">
    <ele>888.0</ele>
    <time>2026-07-04T11:20:12Z</time>
   </trkpt>
   <trkpt lat="12.9213960" lon="77.6469650">
    <ele>888.0</ele>
    <time>2026-07-04T11:20:13Z</time>
   </trkpt>
   <trkpt lat="12.9213990" lon="77.6469470">
    <ele>888.0</ele>
    <time>2026-07-04T11:20:14Z</time>
   </trkpt>
   <trkpt lat="12.9214010" lon="77.6469280">
    <ele>888.0</ele>
    <time>2026-07-04T11:20:15Z</time>
   </trkpt>
   <trkpt lat="12.9214050" lon="77.6469150">
    <ele>887.9</ele>
    <time>2026-07-04T11:20:16Z</time>
   </trkpt>
   <trkpt lat="12.9214130" lon="77.6469080">
    <ele>887.9</ele>
    <time>2026-07-04T11:20:17Z</time>
   </trkpt>
   <trkpt lat="12.9214240" lon="77.6469010">
    <ele>887.8</ele>
    <time>2026-07-04T11:20:18Z</time>
   </trkpt>
   <trkpt lat="12.9214380" lon="77.6468940">
    <ele>887.8</ele>
    <time>2026-07-04T11:20:19Z</time>
   </trkpt>
   <trkpt lat="12.9214570" lon="77.6468850">
    <ele>887.7</ele>
    <time>2026-07-04T11:20:20Z</time>
   </trkpt>
   <trkpt lat="12.9214770" lon="77.6468810">
    <ele>887.6</ele>
    <time>2026-07-04T11:20:21Z</time>
   </trkpt>
   <trkpt lat="12.9214930" lon="77.6468750">
    <ele>887.5</ele>
    <time>2026-07-04T11:20:22Z</time>
   </trkpt>
   <trkpt lat="12.9215120" lon="77.6468740">
    <ele>887.5</ele>
    <time>2026-07-04T11:20:23Z</time>
   </trkpt>
   <trkpt lat="12.9215310" lon="77.6468790">
    <ele>887.4</ele>
    <time>2026-07-04T11:20:24Z</time>
   </trkpt>
   <trkpt lat="12.9215470" lon="77.6468850">
    <ele>887.3</ele>
    <time>2026-07-04T11:20:25Z</time>
   </trkpt>
   <trkpt lat="12.9215630" lon="77.6468910">
    <ele>887.3</ele>
    <time>2026-07-04T11:20:26Z</time>
   </trkpt>
   <trkpt lat="12.9215820" lon="77.6468960">
    <ele>887.2</ele>
    <time>2026-07-04T11:20:27Z</time>
   </trkpt>
   <trkpt lat="12.9216020" lon="77.6468920">
    <ele>887.1</ele>
    <time>2026-07-04T11:20:28Z</time>
   </trkpt>
   <trkpt lat="12.9216150" lon="77.6468900">
    <ele>887.1</ele>
    <time>2026-07-04T11:20:29Z</time>
   </trkpt>
   <trkpt lat="12.9216290" lon="77.6468910">
    <ele>887.0</ele>
    <time>2026-07-04T11:20:30Z</time>
   </trkpt>
   <trkpt lat="12.9216460" lon="77.6468840">
    <ele>886.9</ele>
    <time>2026-07-04T11:20:31Z</time>
   </trkpt>
   <trkpt lat="12.9216650" lon="77.6468850">
    <ele>886.9</ele>
    <time>2026-07-04T11:20:32Z</time>
   </trkpt>
   <trkpt lat="12.9216890" lon="77.6468840">
    <ele>886.8</ele>
    <time>2026-07-04T11:20:33Z</time>
   </trkpt>
   <trkpt lat="12.9217090" lon="77.6468780">
    <ele>886.7</ele>
    <time>2026-07-04T11:20:34Z</time>
   </trkpt>
   <trkpt lat="12.9217340" lon="77.6468730">
    <ele>886.6</ele>
    <time>2026-07-04T11:20:35Z</time>
   </trkpt>
   <trkpt lat="12.9217600" lon="77.6468680">
    <ele>886.5</ele>
    <time>2026-07-04T11:20:36Z</time>
   </trkpt>
   <trkpt lat="12.9217800" lon="77.6468690">
    <ele>886.4</ele>
    <time>2026-07-04T11:20:37Z</time>
   </trkpt>
   <trkpt lat="12.9217900" lon="77.6468710">
    <ele>886.4</ele>
    <time>2026-07-04T11:20:38Z</time>
   </trkpt>
   <trkpt lat="12.9218070" lon="77.6468620">
    <ele>886.3</ele>
    <time>2026-07-04T11:20:39Z</time>
   </trkpt>
   <trkpt lat="12.9218230" lon="77.6468600">
    <ele>886.2</ele>
    <time>2026-07-04T11:20:40Z</time>
   </trkpt>
   <trkpt lat="12.9218380" lon="77.6468590">
    <ele>886.2</ele>
    <time>2026-07-04T11:20:41Z</time>
   </trkpt>
   <trkpt lat="12.9218470" lon="77.6468500">
    <ele>886.1</ele>
    <time>2026-07-04T11:20:42Z</time>
   </trkpt>
   <trkpt lat="12.9218570" lon="77.6468440">
    <ele>886.1</ele>
    <time>2026-07-04T11:20:43Z</time>
   </trkpt>
   <trkpt lat="12.9218580" lon="77.6468440">
    <ele>886.1</ele>
    <time>2026-07-04T11:20:44Z</time>
   </trkpt>
   <trkpt lat="12.9218590" lon="77.6468430">
    <ele>886.1</ele>
    <time>2026-07-04T11:20:45Z</time>
   </trkpt>
   <trkpt lat="12.9218550" lon="77.6468430">
    <ele>886.0</ele>
    <time>2026-07-04T11:20:46Z</time>
   </trkpt>
   <trkpt lat="12.9218600" lon="77.6468430">
    <ele>886.0</ele>
    <time>2026-07-04T11:20:47Z</time>
   </trkpt>
   <trkpt lat="12.9218570" lon="77.6468430">
    <ele>886.0</ele>
    <time>2026-07-04T11:20:48Z</time>
   </trkpt>
   <trkpt lat="12.9218570" lon="77.6468410">
    <ele>886.0</ele>
    <time>2026-07-04T11:20:49Z</time>
   </trkpt>
   <trkpt lat="12.9218600" lon="77.6468380">
    <ele>886.0</ele>
    <time>2026-07-04T11:20:50Z</time>
   </trkpt>
   <trkpt lat="12.9218580" lon="77.6468370">
    <ele>886.0</ele>
    <time>2026-07-04T11:20:51Z</time>
   </trkpt>
   <trkpt lat="12.9218580" lon="77.6468370">
    <ele>886.0</ele>
    <time>2026-07-04T11:20:52Z</time>
   </trkpt>
   <trkpt lat="12.9218560" lon="77.6468360">
    <ele>886.0</ele>
    <time>2026-07-04T11:20:53Z</time>
   </trkpt>
   <trkpt lat="12.9218320" lon="77.6468460">
    <ele>885.9</ele>
    <time>2026-07-04T11:25:09Z</time>
   </trkpt>
   <trkpt lat="12.9218340" lon="77.6468510">
    <ele>885.8</ele>
    <time>2026-07-04T11:25:10Z</time>
   </trkpt>
   <trkpt lat="12.9218390" lon="77.6468720">
    <ele>885.8</ele>
    <time>2026-07-04T11:25:11Z</time>
   </trkpt>
   <trkpt lat="12.9218440" lon="77.6468860">
    <ele>885.7</ele>
    <time>2026-07-04T11:25:12Z</time>
   </trkpt>
   <trkpt lat="12.9218550" lon="77.6469020">
    <ele>885.6</ele>
    <time>2026-07-04T11:25:13Z</time>
   </trkpt>
   <trkpt lat="12.9218570" lon="77.6469040">
    <ele>885.6</ele>
    <time>2026-07-04T11:25:14Z</time>
   </trkpt>
   <trkpt lat="12.9218540" lon="77.6469070">
    <ele>885.6</ele>
    <time>2026-07-04T11:25:15Z</time>
   </trkpt>
   <trkpt lat="12.9218530" lon="77.6469130">
    <ele>885.6</ele>
    <time>2026-07-04T11:25:16Z</time>
   </trkpt>
   <trkpt lat="12.9218510" lon="77.6469150">
    <ele>885.6</ele>
    <time>2026-07-04T11:25:17Z</time>
   </trkpt>
   <trkpt lat="12.9218510" lon="77.6469150">
    <ele>885.6</ele>
    <time>2026-07-04T11:25:18Z</time>
   </trkpt>
   <trkpt lat="12.9218890" lon="77.6468860">
    <ele>885.4</ele>
    <time>2026-07-04T11:25:34Z</time>
   </trkpt>
   <trkpt lat="12.9218780" lon="77.6468980">
    <ele>885.3</ele>
    <time>2026-07-04T11:25:35Z</time>
   </trkpt>
   <trkpt lat="12.9218710" lon="77.6468940">
    <ele>885.3</ele>
    <time>2026-07-04T11:25:36Z</time>
   </trkpt>
   <trkpt lat="12.9218700" lon="77.6468960">
    <ele>885.3</ele>
    <time>2026-07-04T11:25:37Z</time>
   </trkpt>
   <trkpt lat="12.9218730" lon="77.6469000">
    <ele>885.3</ele>
    <time>2026-07-04T11:25:38Z</time>
   </trkpt>
   <trkpt lat="12.9218730" lon="77.6469010">
    <ele>885.2</ele>
    <time>2026-07-04T11:25:39Z</time>
   </trkpt>
   <trkpt lat="12.9218730" lon="77.6469010">
    <ele>885.2</ele>
    <time>2026-07-04T11:25:40Z</time>
   </trkpt>
   <trkpt lat="12.9218730" lon="77.6469010">
    <ele>885.2</ele>
    <time>2026-07-04T11:25:41Z</time>
   </trkpt>
   <trkpt lat="12.9218730" lon="77.6469010">
    <ele>885.2</ele>
    <time>2026-07-04T11:25:42Z</time>
   </trkpt>
   <trkpt lat="12.9218730" lon="77.6469010">
    <ele>885.2</ele>
    <time>2026-07-04T11:25:43Z</time>
   </trkpt>
   <trkpt lat="12.9218750" lon="77.6468830">
    <ele>885.2</ele>
    <time>2026-07-04T11:26:11Z</time>
   </trkpt>
   <trkpt lat="12.9218750" lon="77.6468870">
    <ele>885.2</ele>
    <time>2026-07-04T11:26:12Z</time>
   </trkpt>
   <trkpt lat="12.9218740" lon="77.6468850">
    <ele>885.2</ele>
    <time>2026-07-04T11:26:13Z</time>
   </trkpt>
   <trkpt lat="12.9218740" lon="77.6468860">
    <ele>885.1</ele>
    <time>2026-07-04T11:26:14Z</time>
   </trkpt>
   <trkpt lat="12.9218740" lon="77.6468860">
    <ele>885.1</ele>
    <time>2026-07-04T11:26:15Z</time>
   </trkpt>
   <trkpt lat="12.9218740" lon="77.6468860">
    <ele>885.1</ele>
    <time>2026-07-04T11:26:16Z</time>
   </trkpt>
   <trkpt lat="12.9218740" lon="77.6468860">
    <ele>885.1</ele>
    <time>2026-07-04T11:26:17Z</time>
   </trkpt>
   <trkpt lat="12.9218740" lon="77.6468860">
    <ele>885.1</ele>
    <time>2026-07-04T11:26:18Z</time>
   </trkpt>
   <trkpt lat="12.9218740" lon="77.6468860">
    <ele>885.1</ele>
    <time>2026-07-04T11:26:19Z</time>
   </trkpt>
   <trkpt lat="12.9218740" lon="77.6468860">
    <ele>885.1</ele>
    <time>2026-07-04T11:26:20Z</time>
   </trkpt>
   <trkpt lat="12.9219030" lon="77.6468680">
    <ele>885.0</ele>
    <time>2026-07-04T11:26:31Z</time>
   </trkpt>
   <trkpt lat="12.9219040" lon="77.6468920">
    <ele>884.9</ele>
    <time>2026-07-04T11:26:32Z</time>
   </trkpt>
   <trkpt lat="12.9219050" lon="77.6468800">
    <ele>884.9</ele>
    <time>2026-07-04T11:26:33Z</time>
   </trkpt>
   <trkpt lat="12.9219060" lon="77.6468800">
    <ele>884.9</ele>
    <time>2026-07-04T11:26:34Z</time>
   </trkpt>
   <trkpt lat="12.9219130" lon="77.6468620">
    <ele>884.8</ele>
    <time>2026-07-04T11:26:35Z</time>
   </trkpt>
   <trkpt lat="12.9219100" lon="77.6468540">
    <ele>884.8</ele>
    <time>2026-07-04T11:26:37Z</time>
   </trkpt>
   <trkpt lat="12.9219100" lon="77.6468560">
    <ele>884.8</ele>
    <time>2026-07-04T11:26:38Z</time>
   </trkpt>
   <trkpt lat="12.9218930" lon="77.6468520">
    <ele>884.7</ele>
    <time>2026-07-04T11:26:39Z</time>
   </trkpt>
   <trkpt lat="12.9218980" lon="77.6468450">
    <ele>884.7</ele>
    <time>2026-07-04T11:26:40Z</time>
   </trkpt>
   <trkpt lat="12.9219060" lon="77.6468360">
    <ele>884.6</ele>
    <time>2026-07-04T11:26:41Z</time>
   </trkpt>
   <trkpt lat="12.9219110" lon="77.6468260">
    <ele>884.6</ele>
    <time>2026-07-04T11:26:42Z</time>
   </trkpt>
   <trkpt lat="12.9219080" lon="77.6468350">
    <ele>884.5</ele>
    <time>2026-07-04T11:26:43Z</time>
   </trkpt>
   <trkpt lat="12.9219070" lon="77.6468240">
    <ele>884.5</ele>
    <time>2026-07-04T11:26:44Z</time>
   </trkpt>
   <trkpt lat="12.9219150" lon="77.6468400">
    <ele>884.6</ele>
    <time>2026-07-04T11:26:45Z</time>
   </trkpt>
   <trkpt lat="12.9219200" lon="77.6468500">
    <ele>884.6</ele>
    <time>2026-07-04T11:26:46Z</time>
   </trkpt>
   <trkpt lat="12.9218530" lon="77.6469080">
    <ele>884.9</ele>
    <time>2026-07-04T11:27:01Z</time>
   </trkpt>
   <trkpt lat="12.9218510" lon="77.6469240">
    <ele>884.9</ele>
    <time>2026-07-04T11:27:02Z</time>
   </trkpt>
   <trkpt lat="12.9218480" lon="77.6469170">
    <ele>884.9</ele>
    <time>2026-07-04T11:27:03Z</time>
   </trkpt>
   <trkpt lat="12.9218460" lon="77.6469280">
    <ele>885.0</ele>
    <time>2026-07-04T11:27:04Z</time>
   </trkpt>
   <trkpt lat="12.9218530" lon="77.6469500">
    <ele>885.1</ele>
    <time>2026-07-04T11:27:05Z</time>
   </trkpt>
   <trkpt lat="12.9218280" lon="77.6468890">
    <ele>885.2</ele>
    <time>2026-07-04T11:27:06Z</time>
   </trkpt>
   <trkpt lat="12.9218260" lon="77.6468810">
    <ele>885.3</ele>
    <time>2026-07-04T11:27:07Z</time>
   </trkpt>
   <trkpt lat="12.9218220" lon="77.6468740">
    <ele>885.3</ele>
    <time>2026-07-04T11:27:08Z</time>
   </trkpt>
   <trkpt lat="12.9218220" lon="77.6468760">
    <ele>885.3</ele>
    <time>2026-07-04T11:27:09Z</time>
   </trkpt>
   <trkpt lat="12.9218220" lon="77.6468760">
    <ele>885.3</ele>
    <time>2026-07-04T11:27:10Z</time>
   </trkpt>
   <trkpt lat="12.9218220" lon="77.6468760">
    <ele>885.3</ele>
    <time>2026-07-04T11:27:11Z</time>
   </trkpt>
   <trkpt lat="12.9218220" lon="77.6468760">
    <ele>885.3</ele>
    <time>2026-07-04T11:27:12Z</time>
   </trkpt>
   <trkpt lat="12.9218220" lon="77.6468760">
    <ele>885.3</ele>
    <time>2026-07-04T11:27:13Z</time>
   </trkpt>
   <trkpt lat="12.9218220" lon="77.6468760">
    <ele>885.3</ele>
    <time>2026-07-04T11:27:14Z</time>
   </trkpt>
   <trkpt lat="12.9218220" lon="77.6468760">
    <ele>885.3</ele>
    <time>2026-07-04T11:27:15Z</time>
   </trkpt>
   <trkpt lat="12.9218220" lon="77.6468760">
    <ele>885.3</ele>
    <time>2026-07-04T11:27:16Z</time>
   </trkpt>
   <trkpt lat="12.9218220" lon="77.6468760">
    <ele>885.3</ele>
    <time>2026-07-04T11:27:17Z</time>
   </trkpt>
   <trkpt lat="12.9218510" lon="77.6469170">
    <ele>885.5</ele>
    <time>2026-07-04T11:32:49Z</time>
   </trkpt>
   <trkpt lat="12.9218730" lon="77.6469500">
    <ele>885.6</ele>
    <time>2026-07-04T11:32:51Z</time>
   </trkpt>
   <trkpt lat="12.9218810" lon="77.6469470">
    <ele>885.6</ele>
    <time>2026-07-04T11:32:52Z</time>
   </trkpt>
   <trkpt lat="12.9218880" lon="77.6469600">
    <ele>885.6</ele>
    <time>2026-07-04T11:32:53Z</time>
   </trkpt>
   <trkpt lat="12.9218820" lon="77.6469540">
    <ele>885.7</ele>
    <time>2026-07-04T11:32:54Z</time>
   </trkpt>
   <trkpt lat="12.9218870" lon="77.6469430">
    <ele>885.7</ele>
    <time>2026-07-04T11:32:55Z</time>
   </trkpt>
   <trkpt lat="12.9218780" lon="77.6469400">
    <ele>885.7</ele>
    <time>2026-07-04T11:32:56Z</time>
   </trkpt>
   <trkpt lat="12.9218860" lon="77.6469410">
    <ele>885.8</ele>
    <time>2026-07-04T11:32:57Z</time>
   </trkpt>
   <trkpt lat="12.9218860" lon="77.6469430">
    <ele>885.8</ele>
    <time>2026-07-04T11:32:58Z</time>
   </trkpt>
   <trkpt lat="12.9218880" lon="77.6469480">
    <ele>885.8</ele>
    <time>2026-07-04T11:32:59Z</time>
   </trkpt>
   <trkpt lat="12.9218600" lon="77.6469410">
    <ele>885.9</ele>
    <time>2026-07-04T11:33:00Z</time>
   </trkpt>
   <trkpt lat="12.9218400" lon="77.6469300">
    <ele>885.9</ele>
    <time>2026-07-04T11:33:01Z</time>
   </trkpt>
   <trkpt lat="12.9218350" lon="77.6469320">
    <ele>886.0</ele>
    <time>2026-07-04T11:33:02Z</time>
   </trkpt>
   <trkpt lat="12.9218480" lon="77.6469070">
    <ele>886.0</ele>
    <time>2026-07-04T11:33:03Z</time>
   </trkpt>
   <trkpt lat="12.9218390" lon="77.6468990">
    <ele>886.1</ele>
    <time>2026-07-04T11:33:04Z</time>
   </trkpt>
   <trkpt lat="12.9217360" lon="77.6468290">
    <ele>886.5</ele>
    <time>2026-07-04T11:55:21Z</time>
   </trkpt>
   <trkpt lat="12.9217360" lon="77.6468380">
    <ele>886.5</ele>
    <time>2026-07-04T11:55:22Z</time>
   </trkpt>
   <trkpt lat="12.9217360" lon="77.6468380">
    <ele>886.5</ele>
    <time>2026-07-04T11:55:23Z</time>
   </trkpt>
   <trkpt lat="12.9217390" lon="77.6468360">
    <ele>886.5</ele>
    <time>2026-07-04T11:55:24Z</time>
   </trkpt>
   <trkpt lat="12.9217480" lon="77.6468390">
    <ele>886.5</ele>
    <time>2026-07-04T11:55:25Z</time>
   </trkpt>
   <trkpt lat="12.9217530" lon="77.6468380">
    <ele>886.5</ele>
    <time>2026-07-04T11:55:26Z</time>
   </trkpt>
   <trkpt lat="12.9217550" lon="77.6468380">
    <ele>886.5</ele>
    <time>2026-07-04T11:55:27Z</time>
   </trkpt>
   <trkpt lat="12.9217580" lon="77.6468380">
    <ele>886.5</ele>
    <time>2026-07-04T11:55:28Z</time>
   </trkpt>
   <trkpt lat="12.9217730" lon="77.6468340">
    <ele>886.6</ele>
    <time>2026-07-04T11:55:29Z</time>
   </trkpt>
   <trkpt lat="12.9217730" lon="77.6468270">
    <ele>886.6</ele>
    <time>2026-07-04T11:55:30Z</time>
   </trkpt>
   <trkpt lat="12.9217100" lon="77.6468040">
    <ele>886.8</ele>
    <time>2026-07-04T11:55:47Z</time>
   </trkpt>
   <trkpt lat="12.9216950" lon="77.6468130">
    <ele>886.9</ele>
    <time>2026-07-04T11:55:48Z</time>
   </trkpt>
   <trkpt lat="12.9216810" lon="77.6468070">
    <ele>886.9</ele>
    <time>2026-07-04T11:55:49Z</time>
   </trkpt>
   <trkpt lat="12.9216720" lon="77.6468140">
    <ele>887.0</ele>
    <time>2026-07-04T11:55:50Z</time>
   </trkpt>
   <trkpt lat="12.9216630" lon="77.6468180">
    <ele>887.0</ele>
    <time>2026-07-04T11:55:51Z</time>
   </trkpt>
   <trkpt lat="12.9216460" lon="77.6468320">
    <ele>887.0</ele>
    <time>2026-07-04T11:55:52Z</time>
   </trkpt>
   <trkpt lat="12.9216290" lon="77.6468400">
    <ele>887.1</ele>
    <time>2026-07-04T11:55:53Z</time>
   </trkpt>
   <trkpt lat="12.9216160" lon="77.6468420">
    <ele>887.1</ele>
    <time>2026-07-04T11:55:54Z</time>
   </trkpt>
   <trkpt lat="12.9216050" lon="77.6468590">
    <ele>887.2</ele>
    <time>2026-07-04T11:55:55Z</time>
   </trkpt>
   <trkpt lat="12.9215930" lon="77.6468750">
    <ele>887.3</ele>
    <time>2026-07-04T11:55:56Z</time>
   </trkpt>
   <trkpt lat="12.9215860" lon="77.6468800">
    <ele>887.3</ele>
    <time>2026-07-04T11:55:57Z</time>
   </trkpt>
   <trkpt lat="12.9215790" lon="77.6468940">
    <ele>887.3</ele>
    <time>2026-07-04T11:55:58Z</time>
   </trkpt>
   <trkpt lat="12.9215630" lon="77.6469010">
    <ele>887.4</ele>
    <time>2026-07-04T11:55:59Z</time>
   </trkpt>
   <trkpt lat="12.9215470" lon="77.6469020">
    <ele>887.4</ele>
    <time>2026-07-04T11:56:00Z</time>
   </trkpt>
   <trkpt lat="12.9215310" lon="77.6469080">
    <ele>887.5</ele>
    <time>2026-07-04T11:56:01Z</time>
   </trkpt>
   <trkpt lat="12.9215120" lon="77.6469080">
    <ele>887.5</ele>
    <time>2026-07-04T11:56:02Z</time>
   </trkpt>
   <trkpt lat="12.9214990" lon="77.6469160">
    <ele>887.6</ele>
    <time>2026-07-04T11:56:03Z</time>
   </trkpt>
   <trkpt lat="12.9214790" lon="77.6469140">
    <ele>887.6</ele>
    <time>2026-07-04T11:56:04Z</time>
   </trkpt>
   <trkpt lat="12.9214620" lon="77.6469130">
    <ele>887.7</ele>
    <time>2026-07-04T11:56:05Z</time>
   </trkpt>
   <trkpt lat="12.9214330" lon="77.6469040">
    <ele>887.8</ele>
    <time>2026-07-04T11:56:06Z</time>
   </trkpt>
   <trkpt lat="12.9214150" lon="77.6469020">
    <ele>887.8</ele>
    <time>2026-07-04T11:56:07Z</time>
   </trkpt>
   <trkpt lat="12.9213910" lon="77.6468910">
    <ele>887.9</ele>
    <time>2026-07-04T11:56:08Z</time>
   </trkpt>
   <trkpt lat="12.9213760" lon="77.6468920">
    <ele>888.0</ele>
    <time>2026-07-04T11:56:09Z</time>
   </trkpt>
   <trkpt lat="12.9213600" lon="77.6468930">
    <ele>888.0</ele>
    <time>2026-07-04T11:56:10Z</time>
   </trkpt>
   <trkpt lat="12.9213490" lon="77.6468910">
    <ele>888.0</ele>
    <time>2026-07-04T11:56:11Z</time>
   </trkpt>
   <trkpt lat="12.9213330" lon="77.6468970">
    <ele>888.0</ele>
    <time>2026-07-04T11:56:12Z</time>
   </trkpt>
   <trkpt lat="12.9213220" lon="77.6469050">
    <ele>888.0</ele>
    <time>2026-07-04T11:56:13Z</time>
   </trkpt>
   <trkpt lat="12.9213040" lon="77.6469030">
    <ele>888.1</ele>
    <time>2026-07-04T11:56:14Z</time>
   </trkpt>
   <trkpt lat="12.9212940" lon="77.6469040">
    <ele>888.1</ele>
    <time>2026-07-04T11:56:15Z</time>
   </trkpt>
   <trkpt lat="12.9212770" lon="77.6469100">
    <ele>888.1</ele>
    <time>2026-07-04T11:56:16Z</time>
   </trkpt>
   <trkpt lat="12.9212590" lon="77.6469050">
    <ele>888.1</ele>
    <time>2026-07-04T11:56:17Z</time>
   </trkpt>
   <trkpt lat="12.9212400" lon="77.6469090">
    <ele>888.1</ele>
    <time>2026-07-04T11:56:18Z</time>
   </trkpt>
   <trkpt lat="12.9212250" lon="77.6469100">
    <ele>888.1</ele>
    <time>2026-07-04T11:56:19Z</time>
   </trkpt>
   <trkpt lat="12.9212000" lon="77.6469100">
    <ele>888.1</ele>
    <time>2026-07-04T11:56:20Z</time>
   </trkpt>
   <trkpt lat="12.9211720" lon="77.6468960">
    <ele>888.1</ele>
    <time>2026-07-04T11:56:21Z</time>
   </trkpt>
   <trkpt lat="12.9211530" lon="77.6468910">
    <ele>888.1</ele>
    <time>2026-07-04T11:56:22Z</time>
   </trkpt>
   <trkpt lat="12.9211250" lon="77.6468860">
    <ele>888.2</ele>
    <time>2026-07-04T11:56:23Z</time>
   </trkpt>
   <trkpt lat="12.9211080" lon="77.6468950">
    <ele>888.2</ele>
    <time>2026-07-04T11:56:24Z</time>
   </trkpt>
   <trkpt lat="12.9210930" lon="77.6469060">
    <ele>888.2</ele>
    <time>2026-07-04T11:56:25Z</time>
   </trkpt>
   <trkpt lat="12.9210750" lon="77.6469080">
    <ele>888.2</ele>
    <time>2026-07-04T11:56:26Z</time>
   </trkpt>
   <trkpt lat="12.9210560" lon="77.6469170">
    <ele>888.3</ele>
    <time>2026-07-04T11:56:27Z</time>
   </trkpt>
   <trkpt lat="12.9210330" lon="77.6469240">
    <ele>888.3</ele>
    <time>2026-07-04T11:56:28Z</time>
   </trkpt>
   <trkpt lat="12.9210090" lon="77.6469300">
    <ele>888.4</ele>
    <time>2026-07-04T11:56:29Z</time>
   </trkpt>
   <trkpt lat="12.9209860" lon="77.6469440">
    <ele>888.4</ele>
    <time>2026-07-04T11:56:30Z</time>
   </trkpt>
   <trkpt lat="12.9209660" lon="77.6469470">
    <ele>888.5</ele>
    <time>2026-07-04T11:56:31Z</time>
   </trkpt>
   <trkpt lat="12.9209470" lon="77.6469450">
    <ele>888.5</ele>
    <time>2026-07-04T11:56:32Z</time>
   </trkpt>
   <trkpt lat="12.9209290" lon="77.6469370">
    <ele>888.6</ele>
    <time>2026-07-04T11:56:33Z</time>
   </trkpt>
   <trkpt lat="12.9209170" lon="77.6469430">
    <ele>888.6</ele>
    <time>2026-07-04T11:56:34Z</time>
   </trkpt>
   <trkpt lat="12.9208930" lon="77.6469370">
    <ele>888.7</ele>
    <time>2026-07-04T11:56:35Z</time>
   </trkpt>
   <trkpt lat="12.9208710" lon="77.6469390">
    <ele>888.7</ele>
    <time>2026-07-04T11:56:36Z</time>
   </trkpt>
   <trkpt lat="12.9208510" lon="77.6469420">
    <ele>888.8</ele>
    <time>2026-07-04T11:56:37Z</time>
   </trkpt>
   <trkpt lat="12.9208310" lon="77.6469230">
    <ele>888.8</ele>
    <time>2026-07-04T11:56:38Z</time>
   </trkpt>
   <trkpt lat="12.9208180" lon="77.6469280">
    <ele>888.8</ele>
    <time>2026-07-04T11:56:39Z</time>
   </trkpt>
   <trkpt lat="12.9208040" lon="77.6469320">
    <ele>888.9</ele>
    <time>2026-07-04T11:56:40Z</time>
   </trkpt>
   <trkpt lat="12.9207880" lon="77.6469300">
    <ele>888.9</ele>
    <time>2026-07-04T11:56:41Z</time>
   </trkpt>
   <trkpt lat="12.9207740" lon="77.6469300">
    <ele>888.9</ele>
    <time>2026-07-04T11:56:42Z</time>
   </trkpt>
   <trkpt lat="12.9207690" lon="77.6469320">
    <ele>888.9</ele>
    <time>2026-07-04T11:56:43Z</time>
   </trkpt>
   <trkpt lat="12.9207480" lon="77.6469210">
    <ele>889.0</ele>
    <time>2026-07-04T11:56:44Z</time>
   </trkpt>
   <trkpt lat="12.9207390" lon="77.6469310">
    <ele>889.0</ele>
    <time>2026-07-04T11:56:45Z</time>
   </trkpt>
   <trkpt lat="12.9207220" lon="77.6469360">
    <ele>889.0</ele>
    <time>2026-07-04T11:56:46Z</time>
   </trkpt>
   <trkpt lat="12.9207050" lon="77.6469410">
    <ele>889.0</ele>
    <time>2026-07-04T11:56:47Z</time>
   </trkpt>
   <trkpt lat="12.9206840" lon="77.6469480">
    <ele>889.1</ele>
    <time>2026-07-04T11:56:48Z</time>
   </trkpt>
   <trkpt lat="12.9206630" lon="77.6469540">
    <ele>889.1</ele>
    <time>2026-07-04T11:56:49Z</time>
   </trkpt>
   <trkpt lat="12.9206400" lon="77.6469580">
    <ele>889.1</ele>
    <time>2026-07-04T11:56:50Z</time>
   </trkpt>
   <trkpt lat="12.9206230" lon="77.6469560">
    <ele>889.2</ele>
    <time>2026-07-04T11:56:51Z</time>
   </trkpt>
   <trkpt lat="12.9206010" lon="77.6469460">
    <ele>889.2</ele>
    <time>2026-07-04T11:56:52Z</time>
   </trkpt>
   <trkpt lat="12.9205800" lon="77.6469460">
    <ele>889.2</ele>
    <time>2026-07-04T11:56:53Z</time>
   </trkpt>
   <trkpt lat="12.9205550" lon="77.6469500">
    <ele>889.3</ele>
    <time>2026-07-04T11:56:54Z</time>
   </trkpt>
   <trkpt lat="12.9205360" lon="77.6469510">
    <ele>889.3</ele>
    <time>2026-07-04T11:56:55Z</time>
   </trkpt>
   <trkpt lat="12.9205220" lon="77.6469590">
    <ele>889.3</ele>
    <time>2026-07-04T11:56:56Z</time>
   </trkpt>
   <trkpt lat="12.9204980" lon="77.6469590">
    <ele>889.4</ele>
    <time>2026-07-04T11:56:57Z</time>
   </trkpt>
   <trkpt lat="12.9204810" lon="77.6469510">
    <ele>889.4</ele>
    <time>2026-07-04T11:56:58Z</time>
   </trkpt>
   <trkpt lat="12.9204590" lon="77.6469440">
    <ele>889.4</ele>
    <time>2026-07-04T11:56:59Z</time>
   </trkpt>
   <trkpt lat="12.9204400" lon="77.6469410">
    <ele>889.5</ele>
    <time>2026-07-04T11:57:00Z</time>
   </trkpt>
   <trkpt lat="12.9204250" lon="77.6469390">
    <ele>889.5</ele>
    <time>2026-07-04T11:57:01Z</time>
   </trkpt>
   <trkpt lat="12.9204050" lon="77.6469440">
    <ele>889.5</ele>
    <time>2026-07-04T11:57:02Z</time>
   </trkpt>
   <trkpt lat="12.9203820" lon="77.6469430">
    <ele>889.5</ele>
    <time>2026-07-04T11:57:03Z</time>
   </trkpt>
   <trkpt lat="12.9203600" lon="77.6469380">
    <ele>889.6</ele>
    <time>2026-07-04T11:57:04Z</time>
   </trkpt>
   <trkpt lat="12.9203400" lon="77.6469340">
    <ele>889.6</ele>
    <time>2026-07-04T11:57:05Z</time>
   </trkpt>
   <trkpt lat="12.9203250" lon="77.6469380">
    <ele>889.6</ele>
    <time>2026-07-04T11:57:06Z</time>
   </trkpt>
   <trkpt lat="12.9203050" lon="77.6469420">
    <ele>889.6</ele>
    <time>2026-07-04T11:57:07Z</time>
   </trkpt>
   <trkpt lat="12.9202870" lon="77.6469440">
    <ele>889.7</ele>
    <time>2026-07-04T11:57:08Z</time>
   </trkpt>
   <trkpt lat="12.9202680" lon="77.6469410">
    <ele>889.7</ele>
    <time>2026-07-04T11:57:09Z</time>
   </trkpt>
   <trkpt lat="12.9202580" lon="77.6469390">
    <ele>889.8</ele>
    <time>2026-07-04T11:57:10Z</time>
   </trkpt>
   <trkpt lat="12.9202440" lon="77.6469410">
    <ele>889.8</ele>
    <time>2026-07-04T11:57:11Z</time>
   </trkpt>
   <trkpt lat="12.9202250" lon="77.6469400">
    <ele>889.9</ele>
    <time>2026-07-04T11:57:12Z</time>
   </trkpt>
   <trkpt lat="12.9202050" lon="77.6469420">
    <ele>890.0</ele>
    <time>2026-07-04T11:57:13Z</time>
   </trkpt>
   <trkpt lat="12.9201810" lon="77.6469360">
    <ele>890.1</ele>
    <time>2026-07-04T11:57:14Z</time>
   </trkpt>
   <trkpt lat="12.9201660" lon="77.6469340">
    <ele>890.2</ele>
    <time>2026-07-04T11:57:15Z</time>
   </trkpt>
   <trkpt lat="12.9201460" lon="77.6469380">
    <ele>890.2</ele>
    <time>2026-07-04T11:57:16Z</time>
   </trkpt>
   <trkpt lat="12.9201280" lon="77.6469420">
    <ele>890.3</ele>
    <time>2026-07-04T11:57:17Z</time>
   </trkpt>
   <trkpt lat="12.9201080" lon="77.6469480">
    <ele>890.4</ele>
    <time>2026-07-04T11:57:18Z</time>
   </trkpt>
   <trkpt lat="12.9200860" lon="77.6469410">
    <ele>890.5</ele>
    <time>2026-07-04T11:57:19Z</time>
   </trkpt>
   <trkpt lat="12.9200640" lon="77.6469430">
    <ele>890.6</ele>
    <time>2026-07-04T11:57:20Z</time>
   </trkpt>
   <trkpt lat="12.9200460" lon="77.6469420">
    <ele>890.6</ele>
    <time>2026-07-04T11:57:21Z</time>
   </trkpt>
   <trkpt lat="12.9200280" lon="77.6469460">
    <ele>890.7</ele>
    <time>2026-07-04T11:57:22Z</time>
   </trkpt>
   <trkpt lat="12.9200090" lon="77.6469350">
    <ele>890.8</ele>
    <time>2026-07-04T11:57:23Z</time>
   </trkpt>
   <trkpt lat="12.9200070" lon="77.6469400">
    <ele>890.8</ele>
    <time>2026-07-04T11:57:24Z</time>
   </trkpt>
   <trkpt lat="12.9199920" lon="77.6469410">
    <ele>890.9</ele>
    <time>2026-07-04T11:57:25Z</time>
   </trkpt>
   <trkpt lat="12.9199800" lon="77.6469390">
    <ele>890.9</ele>
    <time>2026-07-04T11:57:26Z</time>
   </trkpt>
   <trkpt lat="12.9199720" lon="77.6469420">
    <ele>890.9</ele>
    <time>2026-07-04T11:57:27Z</time>
   </trkpt>
   <trkpt lat="12.9199650" lon="77.6469440">
    <ele>891.0</ele>
    <time>2026-07-04T11:57:28Z</time>
   </trkpt>
   <trkpt lat="12.9199640" lon="77.6469440">
    <ele>891.0</ele>
    <time>2026-07-04T11:57:29Z</time>
   </trkpt>
   <trkpt lat="12.9199480" lon="77.6469330">
    <ele>890.9</ele>
    <time>2026-07-04T11:57:30Z</time>
   </trkpt>
   <trkpt lat="12.9199500" lon="77.6469180">
    <ele>890.9</ele>
    <time>2026-07-04T11:57:31Z</time>
   </trkpt>
   <trkpt lat="12.9199480" lon="77.6469040">
    <ele>890.9</ele>
    <time>2026-07-04T11:57:32Z</time>
   </trkpt>
   <trkpt lat="12.9199460" lon="77.6468860">
    <ele>890.8</ele>
    <time>2026-07-04T11:57:33Z</time>
   </trkpt>
   <trkpt lat="12.9199470" lon="77.6468670">
    <ele>890.8</ele>
    <time>2026-07-04T11:57:34Z</time>
   </trkpt>
   <trkpt lat="12.9199460" lon="77.6468560">
    <ele>890.8</ele>
    <time>2026-07-04T11:57:35Z</time>
   </trkpt>
   <trkpt lat="12.9199390" lon="77.6468420">
    <ele>890.7</ele>
    <time>2026-07-04T11:57:36Z</time>
   </trkpt>
   <trkpt lat="12.9199450" lon="77.6468190">
    <ele>890.7</ele>
    <time>2026-07-04T11:57:37Z</time>
   </trkpt>
   <trkpt lat="12.9199510" lon="77.6467970">
    <ele>890.6</ele>
    <time>2026-07-04T11:57:38Z</time>
   </trkpt>
   <trkpt lat="12.9199560" lon="77.6467760">
    <ele>890.6</ele>
    <time>2026-07-04T11:57:39Z</time>
   </trkpt>
   <trkpt lat="12.9199540" lon="77.6467580">
    <ele>890.6</ele>
    <time>2026-07-04T11:57:40Z</time>
   </trkpt>
   <trkpt lat="12.9199610" lon="77.6467340">
    <ele>890.5</ele>
    <time>2026-07-04T11:57:41Z</time>
   </trkpt>
   <trkpt lat="12.9199610" lon="77.6467100">
    <ele>890.5</ele>
    <time>2026-07-04T11:57:42Z</time>
   </trkpt>
   <trkpt lat="12.9199630" lon="77.6466860">
    <ele>890.4</ele>
    <time>2026-07-04T11:57:43Z</time>
   </trkpt>
   <trkpt lat="12.9199670" lon="77.6466570">
    <ele>890.4</ele>
    <time>2026-07-04T11:57:44Z</time>
   </trkpt>
   <trkpt lat="12.9199670" lon="77.6466310">
    <ele>890.3</ele>
    <time>2026-07-04T11:57:45Z</time>
   </trkpt>
   <trkpt lat="12.9199580" lon="77.6466060">
    <ele>890.2</ele>
    <time>2026-07-04T11:57:46Z</time>
   </trkpt>
   <trkpt lat="12.9199610" lon="77.6465750">
    <ele>890.1</ele>
    <time>2026-07-04T11:57:47Z</time>
   </trkpt>
   <trkpt lat="12.9199630" lon="77.6465470">
    <ele>890.1</ele>
    <time>2026-07-04T11:57:48Z</time>
   </trkpt>
   <trkpt lat="12.9199680" lon="77.6465210">
    <ele>890.0</ele>
    <time>2026-07-04T11:57:49Z</time>
   </trkpt>
   <trkpt lat="12.9199610" lon="77.6464830">
    <ele>889.9</ele>
    <time>2026-07-04T11:57:50Z</time>
   </trkpt>
   <trkpt lat="12.9199650" lon="77.6464520">
    <ele>889.8</ele>
    <time>2026-07-04T11:57:51Z</time>
   </trkpt>
   <trkpt lat="12.9199720" lon="77.6464290">
    <ele>889.7</ele>
    <time>2026-07-04T11:57:52Z</time>
   </trkpt>
   <trkpt lat="12.9199830" lon="77.6463940">
    <ele>889.5</ele>
    <time>2026-07-04T11:57:53Z</time>
   </trkpt>
   <trkpt lat="12.9199860" lon="77.6463680">
    <ele>889.4</ele>
    <time>2026-07-04T11:57:54Z</time>
   </trkpt>
   <trkpt lat="12.9199840" lon="77.6463380">
    <ele>889.3</ele>
    <time>2026-07-04T11:57:55Z</time>
   </trkpt>
   <trkpt lat="12.9199950" lon="77.6463050">
    <ele>889.2</ele>
    <time>2026-07-04T11:57:56Z</time>
   </trkpt>
   <trkpt lat="12.9199840" lon="77.6462650">
    <ele>889.0</ele>
    <time>2026-07-04T11:57:57Z</time>
   </trkpt>
   <trkpt lat="12.9199790" lon="77.6462260">
    <ele>888.9</ele>
    <time>2026-07-04T11:57:58Z</time>
   </trkpt>
   <trkpt lat="12.9199740" lon="77.6461780">
    <ele>888.7</ele>
    <time>2026-07-04T11:57:59Z</time>
   </trkpt>
   <trkpt lat="12.9199770" lon="77.6461450">
    <ele>888.5</ele>
    <time>2026-07-04T11:58:00Z</time>
   </trkpt>
   <trkpt lat="12.9199740" lon="77.6460980">
    <ele>888.3</ele>
    <time>2026-07-04T11:58:01Z</time>
   </trkpt>
   <trkpt lat="12.9199760" lon="77.6460650">
    <ele>888.2</ele>
    <time>2026-07-04T11:58:02Z</time>
   </trkpt>
   <trkpt lat="12.9199720" lon="77.6460200">
    <ele>888.0</ele>
    <time>2026-07-04T11:58:03Z</time>
   </trkpt>
   <trkpt lat="12.9199700" lon="77.6459720">
    <ele>887.8</ele>
    <time>2026-07-04T11:58:04Z</time>
   </trkpt>
   <trkpt lat="12.9199830" lon="77.6459380">
    <ele>887.6</ele>
    <time>2026-07-04T11:58:05Z</time>
   </trkpt>
   <trkpt lat="12.9199850" lon="77.6458890">
    <ele>887.4</ele>
    <time>2026-07-04T11:58:06Z</time>
   </trkpt>
   <trkpt lat="12.9199900" lon="77.6458400">
    <ele>887.2</ele>
    <time>2026-07-04T11:58:07Z</time>
   </trkpt>
   <trkpt lat="12.9199980" lon="77.6457950">
    <ele>887.0</ele>
    <time>2026-07-04T11:58:08Z</time>
   </trkpt>
   <trkpt lat="12.9199930" lon="77.6457450">
    <ele>886.8</ele>
    <time>2026-07-04T11:58:09Z</time>
   </trkpt>
   <trkpt lat="12.9200080" lon="77.6457000">
    <ele>886.7</ele>
    <time>2026-07-04T11:58:10Z</time>
   </trkpt>
   <trkpt lat="12.9200150" lon="77.6456520">
    <ele>886.5</ele>
    <time>2026-07-04T11:58:11Z</time>
   </trkpt>
   <trkpt lat="12.9200150" lon="77.6456300">
    <ele>886.4</ele>
    <time>2026-07-04T11:58:12Z</time>
   </trkpt>
   <trkpt lat="12.9200060" lon="77.6456080">
    <ele>886.3</ele>
    <time>2026-07-04T11:58:13Z</time>
   </trkpt>
   <trkpt lat="12.9199980" lon="77.6455890">
    <ele>886.2</ele>
    <time>2026-07-04T11:58:14Z</time>
   </trkpt>
   <trkpt lat="12.9200030" lon="77.6455770">
    <ele>886.1</ele>
    <time>2026-07-04T11:58:15Z</time>
   </trkpt>
   <trkpt lat="12.9200030" lon="77.6455600">
    <ele>886.1</ele>
    <time>2026-07-04T11:58:16Z</time>
   </trkpt>
   <trkpt lat="12.9200030" lon="77.6455490">
    <ele>886.0</ele>
    <time>2026-07-04T11:58:17Z</time>
   </trkpt>
   <trkpt lat="12.9199880" lon="77.6455430">
    <ele>885.9</ele>
    <time>2026-07-04T11:58:18Z</time>
   </trkpt>
   <trkpt lat="12.9199760" lon="77.6455340">
    <ele>885.9</ele>
    <time>2026-07-04T11:58:19Z</time>
   </trkpt>
   <trkpt lat="12.9199610" lon="77.6455190">
    <ele>885.9</ele>
    <time>2026-07-04T11:58:20Z</time>
   </trkpt>
   <trkpt lat="12.9199440" lon="77.6455110">
    <ele>886.0</ele>
    <time>2026-07-04T11:58:21Z</time>
   </trkpt>
   <trkpt lat="12.9199210" lon="77.6455010">
    <ele>886.1</ele>
    <time>2026-07-04T11:58:22Z</time>
   </trkpt>
   <trkpt lat="12.9198990" lon="77.6455060">
    <ele>886.2</ele>
    <time>2026-07-04T11:58:23Z</time>
   </trkpt>
   <trkpt lat="12.9198790" lon="77.6455020">
    <ele>886.3</ele>
    <time>2026-07-04T11:58:24Z</time>
   </trkpt>
   <trkpt lat="12.9198560" lon="77.6455080">
    <ele>886.4</ele>
    <time>2026-07-04T11:58:25Z</time>
   </trkpt>
   <trkpt lat="12.9198240" lon="77.6455000">
    <ele>886.5</ele>
    <time>2026-07-04T11:58:26Z</time>
   </trkpt>
   <trkpt lat="12.9198070" lon="77.6454990">
    <ele>886.6</ele>
    <time>2026-07-04T11:58:27Z</time>
   </trkpt>
   <trkpt lat="12.9197860" lon="77.6455010">
    <ele>886.7</ele>
    <time>2026-07-04T11:58:28Z</time>
   </trkpt>
   <trkpt lat="12.9197730" lon="77.6455050">
    <ele>886.7</ele>
    <time>2026-07-04T11:58:29Z</time>
   </trkpt>
   <trkpt lat="12.9197490" lon="77.6455110">
    <ele>886.8</ele>
    <time>2026-07-04T11:58:30Z</time>
   </trkpt>
   <trkpt lat="12.9197180" lon="77.6455080">
    <ele>886.9</ele>
    <time>2026-07-04T11:58:31Z</time>
   </trkpt>
   <trkpt lat="12.9196920" lon="77.6455020">
    <ele>887.0</ele>
    <time>2026-07-04T11:58:32Z</time>
   </trkpt>
   <trkpt lat="12.9196750" lon="77.6454980">
    <ele>887.1</ele>
    <time>2026-07-04T11:58:34Z</time>
   </trkpt>
   <trkpt lat="12.9196520" lon="77.6454930">
    <ele>887.2</ele>
    <time>2026-07-04T11:58:35Z</time>
   </trkpt>
   <trkpt lat="12.9196300" lon="77.6454880">
    <ele>887.3</ele>
    <time>2026-07-04T11:58:36Z</time>
   </trkpt>
   <trkpt lat="12.9196110" lon="77.6454880">
    <ele>887.3</ele>
    <time>2026-07-04T11:58:37Z</time>
   </trkpt>
   <trkpt lat="12.9195950" lon="77.6454870">
    <ele>887.4</ele>
    <time>2026-07-04T11:58:38Z</time>
   </trkpt>
   <trkpt lat="12.9195830" lon="77.6454870">
    <ele>887.4</ele>
    <time>2026-07-04T11:58:39Z</time>
   </trkpt>
   <trkpt lat="12.9195730" lon="77.6454860">
    <ele>887.5</ele>
    <time>2026-07-04T11:58:40Z</time>
   </trkpt>
   <trkpt lat="12.9195730" lon="77.6454860">
    <ele>887.5</ele>
    <time>2026-07-04T11:58:41Z</time>
   </trkpt>
   <trkpt lat="12.9195760" lon="77.6454870">
    <ele>887.5</ele>
    <time>2026-07-04T11:58:42Z</time>
   </trkpt>
   <trkpt lat="12.9195770" lon="77.6454880">
    <ele>887.5</ele>
    <time>2026-07-04T11:58:43Z</time>
   </trkpt>
   <trkpt lat="12.9195750" lon="77.6454860">
    <ele>887.5</ele>
    <time>2026-07-04T11:58:44Z</time>
   </trkpt>
   <trkpt lat="12.9195750" lon="77.6454860">
    <ele>887.5</ele>
    <time>2026-07-04T11:58:45Z</time>
   </trkpt>
   <trkpt lat="12.9195750" lon="77.6454860">
    <ele>887.5</ele>
    <time>2026-07-04T11:58:46Z</time>
   </trkpt>
   <trkpt lat="12.9195650" lon="77.6454860">
    <ele>887.5</ele>
    <time>2026-07-04T11:58:47Z</time>
   </trkpt>
   <trkpt lat="12.9195660" lon="77.6454910">
    <ele>887.5</ele>
    <time>2026-07-04T11:58:48Z</time>
   </trkpt>
   <trkpt lat="12.9195620" lon="77.6454900">
    <ele>887.5</ele>
    <time>2026-07-04T11:58:49Z</time>
   </trkpt>
   <trkpt lat="12.9195340" lon="77.6454860">
    <ele>887.6</ele>
    <time>2026-07-04T11:59:01Z</time>
   </trkpt>
   <trkpt lat="12.9195390" lon="77.6454810">
    <ele>887.6</ele>
    <time>2026-07-04T11:59:02Z</time>
   </trkpt>
   <trkpt lat="12.9195400" lon="77.6454590">
    <ele>887.6</ele>
    <time>2026-07-04T11:59:03Z</time>
   </trkpt>
   <trkpt lat="12.9195410" lon="77.6454390">
    <ele>887.5</ele>
    <time>2026-07-04T11:59:04Z</time>
   </trkpt>
   <trkpt lat="12.9195390" lon="77.6454170">
    <ele>887.5</ele>
    <time>2026-07-04T11:59:05Z</time>
   </trkpt>
   <trkpt lat="12.9195380" lon="77.6454030">
    <ele>887.4</ele>
    <time>2026-07-04T11:59:06Z</time>
   </trkpt>
   <trkpt lat="12.9195340" lon="77.6453820">
    <ele>887.4</ele>
    <time>2026-07-04T11:59:07Z</time>
   </trkpt>
   <trkpt lat="12.9195330" lon="77.6453600">
    <ele>887.3</ele>
    <time>2026-07-04T11:59:08Z</time>
   </trkpt>
   <trkpt lat="12.9195320" lon="77.6453350">
    <ele>887.3</ele>
    <time>2026-07-04T11:59:09Z</time>
   </trkpt>
   <trkpt lat="12.9195310" lon="77.6453060">
    <ele>887.2</ele>
    <time>2026-07-04T11:59:10Z</time>
   </trkpt>
   <trkpt lat="12.9195230" lon="77.6452680">
    <ele>887.1</ele>
    <time>2026-07-04T11:59:11Z</time>
   </trkpt>
   <trkpt lat="12.9194980" lon="77.6452280">
    <ele>887.0</ele>
    <time>2026-07-04T11:59:12Z</time>
   </trkpt>
   <trkpt lat="12.9194820" lon="77.6451900">
    <ele>886.9</ele>
    <time>2026-07-04T11:59:13Z</time>
   </trkpt>
   <trkpt lat="12.9195010" lon="77.6451660">
    <ele>886.8</ele>
    <time>2026-07-04T11:59:14Z</time>
   </trkpt>
   <trkpt lat="12.9195070" lon="77.6451360">
    <ele>886.7</ele>
    <time>2026-07-04T11:59:15Z</time>
   </trkpt>
   <trkpt lat="12.9195100" lon="77.6451040">
    <ele>886.7</ele>
    <time>2026-07-04T11:59:16Z</time>
   </trkpt>
   <trkpt lat="12.9195090" lon="77.6450680">
    <ele>886.6</ele>
    <time>2026-07-04T11:59:17Z</time>
   </trkpt>
   <trkpt lat="12.9195020" lon="77.6450340">
    <ele>886.6</ele>
    <time>2026-07-04T11:59:18Z</time>
   </trkpt>
   <trkpt lat="12.9194750" lon="77.6450070">
    <ele>886.7</ele>
    <time>2026-07-04T11:59:19Z</time>
   </trkpt>
   <trkpt lat="12.9194410" lon="77.6449950">
    <ele>886.8</ele>
    <time>2026-07-04T11:59:20Z</time>
   </trkpt>
   <trkpt lat="12.9194280" lon="77.6450010">
    <ele>886.9</ele>
    <time>2026-07-04T11:59:21Z</time>
   </trkpt>
   <trkpt lat="12.9194040" lon="77.6450030">
    <ele>886.9</ele>
    <time>2026-07-04T11:59:22Z</time>
   </trkpt>
   <trkpt lat="12.9193840" lon="77.6450060">
    <ele>887.0</ele>
    <time>2026-07-04T11:59:23Z</time>
   </trkpt>
   <trkpt lat="12.9193640" lon="77.6450050">
    <ele>887.0</ele>
    <time>2026-07-04T11:59:24Z</time>
   </trkpt>
   <trkpt lat="12.9193410" lon="77.6450050">
    <ele>887.1</ele>
    <time>2026-07-04T11:59:25Z</time>
   </trkpt>
   <trkpt lat="12.9193150" lon="77.6450010">
    <ele>887.1</ele>
    <time>2026-07-04T11:59:26Z</time>
   </trkpt>
   <trkpt lat="12.9192880" lon="77.6450010">
    <ele>887.2</ele>
    <time>2026-07-04T11:59:27Z</time>
   </trkpt>
   <trkpt lat="12.9192660" lon="77.6449990">
    <ele>887.2</ele>
    <time>2026-07-04T11:59:28Z</time>
   </trkpt>
   <trkpt lat="12.9192410" lon="77.6449990">
    <ele>887.3</ele>
    <time>2026-07-04T11:59:29Z</time>
   </trkpt>
   <trkpt lat="12.9192170" lon="77.6449960">
    <ele>887.3</ele>
    <time>2026-07-04T11:59:30Z</time>
   </trkpt>
   <trkpt lat="12.9191920" lon="77.6449870">
    <ele>887.4</ele>
    <time>2026-07-04T11:59:31Z</time>
   </trkpt>
   <trkpt lat="12.9191660" lon="77.6449820">
    <ele>887.4</ele>
    <time>2026-07-04T11:59:32Z</time>
   </trkpt>
   <trkpt lat="12.9191420" lon="77.6449790">
    <ele>887.5</ele>
    <time>2026-07-04T11:59:33Z</time>
   </trkpt>
   <trkpt lat="12.9191140" lon="77.6449780">
    <ele>887.5</ele>
    <time>2026-07-04T11:59:34Z</time>
   </trkpt>
   <trkpt lat="12.9190870" lon="77.6449800">
    <ele>887.6</ele>
    <time>2026-07-04T11:59:35Z</time>
   </trkpt>
   <trkpt lat="12.9190610" lon="77.6449900">
    <ele>887.6</ele>
    <time>2026-07-04T11:59:36Z</time>
   </trkpt>
   <trkpt lat="12.9190340" lon="77.6449970">
    <ele>887.6</ele>
    <time>2026-07-04T11:59:37Z</time>
   </trkpt>
   <trkpt lat="12.9190080" lon="77.6449950">
    <ele>887.6</ele>
    <time>2026-07-04T11:59:38Z</time>
   </trkpt>
   <trkpt lat="12.9189830" lon="77.6449890">
    <ele>887.7</ele>
    <time>2026-07-04T11:59:39Z</time>
   </trkpt>
   <trkpt lat="12.9189580" lon="77.6449920">
    <ele>887.7</ele>
    <time>2026-07-04T11:59:40Z</time>
   </trkpt>
   <trkpt lat="12.9189340" lon="77.6449890">
    <ele>887.8</ele>
    <time>2026-07-04T11:59:41Z</time>
   </trkpt>
   <trkpt lat="12.9189090" lon="77.6449860">
    <ele>887.8</ele>
    <time>2026-07-04T11:59:42Z</time>
   </trkpt>
   <trkpt lat="12.9188860" lon="77.6449810">
    <ele>887.8</ele>
    <time>2026-07-04T11:59:43Z</time>
   </trkpt>
   <trkpt lat="12.9188590" lon="77.6449810">
    <ele>887.9</ele>
    <time>2026-07-04T11:59:44Z</time>
   </trkpt>
   <trkpt lat="12.9188320" lon="77.6449820">
    <ele>887.9</ele>
    <time>2026-07-04T11:59:45Z</time>
   </trkpt>
   <trkpt lat="12.9188040" lon="77.6449770">
    <ele>887.9</ele>
    <time>2026-07-04T11:59:46Z</time>
   </trkpt>
   <trkpt lat="12.9187810" lon="77.6449780">
    <ele>887.9</ele>
    <time>2026-07-04T11:59:47Z</time>
   </trkpt>
   <trkpt lat="12.9187530" lon="77.6449750">
    <ele>887.9</ele>
    <time>2026-07-04T11:59:48Z</time>
   </trkpt>
   <trkpt lat="12.9187270" lon="77.6449710">
    <ele>888.0</ele>
    <time>2026-07-04T11:59:49Z</time>
   </trkpt>
   <trkpt lat="12.9186950" lon="77.6449710">
    <ele>888.0</ele>
    <time>2026-07-04T11:59:50Z</time>
   </trkpt>
   <trkpt lat="12.9186620" lon="77.6449720">
    <ele>888.0</ele>
    <time>2026-07-04T11:59:51Z</time>
   </trkpt>
   <trkpt lat="12.9186310" lon="77.6449690">
    <ele>888.0</ele>
    <time>2026-07-04T11:59:52Z</time>
   </trkpt>
   <trkpt lat="12.9186060" lon="77.6449680">
    <ele>888.0</ele>
    <time>2026-07-04T11:59:53Z</time>
   </trkpt>
   <trkpt lat="12.9185830" lon="77.6449680">
    <ele>888.0</ele>
    <time>2026-07-04T11:59:54Z</time>
   </trkpt>
   <trkpt lat="12.9185550" lon="77.6449650">
    <ele>888.1</ele>
    <time>2026-07-04T11:59:55Z</time>
   </trkpt>
   <trkpt lat="12.9185280" lon="77.6449630">
    <ele>888.1</ele>
    <time>2026-07-04T11:59:56Z</time>
   </trkpt>
   <trkpt lat="12.9185070" lon="77.6449650">
    <ele>888.1</ele>
    <time>2026-07-04T11:59:57Z</time>
   </trkpt>
   <trkpt lat="12.9184790" lon="77.6449640">
    <ele>888.1</ele>
    <time>2026-07-04T11:59:58Z</time>
   </trkpt>
   <trkpt lat="12.9184520" lon="77.6449600">
    <ele>888.1</ele>
    <time>2026-07-04T11:59:59Z</time>
   </trkpt>
   <trkpt lat="12.9184250" lon="77.6449590">
    <ele>888.1</ele>
    <time>2026-07-04T12:00:00Z</time>
   </trkpt>
   <trkpt lat="12.9184020" lon="77.6449670">
    <ele>888.1</ele>
    <time>2026-07-04T12:00:01Z</time>
   </trkpt>
   <trkpt lat="12.9183790" lon="77.6449720">
    <ele>888.1</ele>
    <time>2026-07-04T12:00:02Z</time>
   </trkpt>
   <trkpt lat="12.9183670" lon="77.6449690">
    <ele>888.2</ele>
    <time>2026-07-04T12:00:03Z</time>
   </trkpt>
   <trkpt lat="12.9183590" lon="77.6449730">
    <ele>888.2</ele>
    <time>2026-07-04T12:00:04Z</time>
   </trkpt>
   <trkpt lat="12.9183560" lon="77.6449730">
    <ele>888.2</ele>
    <time>2026-07-04T12:00:05Z</time>
   </trkpt>
   <trkpt lat="12.9183470" lon="77.6449710">
    <ele>888.2</ele>
    <time>2026-07-04T12:00:06Z</time>
   </trkpt>
   <trkpt lat="12.9183450" lon="77.6449710">
    <ele>888.2</ele>
    <time>2026-07-04T12:00:07Z</time>
   </trkpt>
   <trkpt lat="12.9183410" lon="77.6449680">
    <ele>888.2</ele>
    <time>2026-07-04T12:00:08Z</time>
   </trkpt>
   <trkpt lat="12.9183340" lon="77.6449680">
    <ele>888.2</ele>
    <time>2026-07-04T12:00:09Z</time>
   </trkpt>
   <trkpt lat="12.9183190" lon="77.6449620">
    <ele>888.2</ele>
    <time>2026-07-04T12:00:10Z</time>
   </trkpt>
   <trkpt lat="12.9183130" lon="77.6449630">
    <ele>888.2</ele>
    <time>2026-07-04T12:00:11Z</time>
   </trkpt>
   <trkpt lat="12.9183060" lon="77.6449600">
    <ele>888.2</ele>
    <time>2026-07-04T12:00:12Z</time>
   </trkpt>
   <trkpt lat="12.9183010" lon="77.6449590">
    <ele>888.2</ele>
    <time>2026-07-04T12:00:13Z</time>
   </trkpt>
   <trkpt lat="12.9182980" lon="77.6449590">
    <ele>888.2</ele>
    <time>2026-07-04T12:00:14Z</time>
   </trkpt>
   <trkpt lat="12.9182990" lon="77.6449590">
    <ele>888.2</ele>
    <time>2026-07-04T12:00:15Z</time>
   </trkpt>
   <trkpt lat="12.9182970" lon="77.6449570">
    <ele>888.2</ele>
    <time>2026-07-04T12:00:16Z</time>
   </trkpt>
   <trkpt lat="12.9182970" lon="77.6449570">
    <ele>888.2</ele>
    <time>2026-07-04T12:00:17Z</time>
   </trkpt>
   <trkpt lat="12.9182960" lon="77.6449590">
    <ele>888.2</ele>
    <time>2026-07-04T12:00:18Z</time>
   </trkpt>
   <trkpt lat="12.9182970" lon="77.6449590">
    <ele>888.2</ele>
    <time>2026-07-04T12:00:19Z</time>
   </trkpt>
   <trkpt lat="12.9182930" lon="77.6449590">
    <ele>888.2</ele>
    <time>2026-07-04T12:00:20Z</time>
   </trkpt>
   <trkpt lat="12.9182940" lon="77.6449580">
    <ele>888.2</ele>
    <time>2026-07-04T12:00:21Z</time>
   </trkpt>
   <trkpt lat="12.9182410" lon="77.6449490">
    <ele>888.2</ele>
    <time>2026-07-04T12:00:36Z</time>
   </trkpt>
   <trkpt lat="12.9182230" lon="77.6449480">
    <ele>888.2</ele>
    <time>2026-07-04T12:00:37Z</time>
   </trkpt>
   <trkpt lat="12.9182090" lon="77.6449410">
    <ele>888.2</ele>
    <time>2026-07-04T12:00:38Z</time>
   </trkpt>
   <trkpt lat="12.9181860" lon="77.6449450">
    <ele>888.2</ele>
    <time>2026-07-04T12:00:39Z</time>
   </trkpt>
   <trkpt lat="12.9181720" lon="77.6449480">
    <ele>888.2</ele>
    <time>2026-07-04T12:00:40Z</time>
   </trkpt>
   <trkpt lat="12.9181460" lon="77.6449430">
    <ele>888.2</ele>
    <time>2026-07-04T12:00:41Z</time>
   </trkpt>
   <trkpt lat="12.9181210" lon="77.6449400">
    <ele>888.2</ele>
    <time>2026-07-04T12:00:42Z</time>
   </trkpt>
   <trkpt lat="12.9180930" lon="77.6449360">
    <ele>888.3</ele>
    <time>2026-07-04T12:00:43Z</time>
   </trkpt>
   <trkpt lat="12.9180640" lon="77.6449360">
    <ele>888.3</ele>
    <time>2026-07-04T12:00:44Z</time>
   </trkpt>
   <trkpt lat="12.9180330" lon="77.6449340">
    <ele>888.3</ele>
    <time>2026-07-04T12:00:45Z</time>
   </trkpt>
   <trkpt lat="12.9180020" lon="77.6449270">
    <ele>888.3</ele>
    <time>2026-07-04T12:00:46Z</time>
   </trkpt>
   <trkpt lat="12.9179770" lon="77.6449270">
    <ele>888.3</ele>
    <time>2026-07-04T12:00:47Z</time>
   </trkpt>
   <trkpt lat="12.9179410" lon="77.6449250">
    <ele>888.3</ele>
    <time>2026-07-04T12:00:48Z</time>
   </trkpt>
   <trkpt lat="12.9179070" lon="77.6449240">
    <ele>888.3</ele>
    <time>2026-07-04T12:00:49Z</time>
   </trkpt>
   <trkpt lat="12.9178820" lon="77.6449260">
    <ele>888.3</ele>
    <time>2026-07-04T12:00:50Z</time>
   </trkpt>
   <trkpt lat="12.9178550" lon="77.6449280">
    <ele>888.3</ele>
    <time>2026-07-04T12:00:51Z</time>
   </trkpt>
   <trkpt lat="12.9178310" lon="77.6449320">
    <ele>888.3</ele>
    <time>2026-07-04T12:00:52Z</time>
   </trkpt>
   <trkpt lat="12.9178070" lon="77.6449300">
    <ele>888.3</ele>
    <time>2026-07-04T12:00:53Z</time>
   </trkpt>
   <trkpt lat="12.9177810" lon="77.6449300">
    <ele>888.3</ele>
    <time>2026-07-04T12:00:54Z</time>
   </trkpt>
   <trkpt lat="12.9177650" lon="77.6449360">
    <ele>888.3</ele>
    <time>2026-07-04T12:00:55Z</time>
   </trkpt>
   <trkpt lat="12.9177570" lon="77.6449330">
    <ele>888.3</ele>
    <time>2026-07-04T12:00:56Z</time>
   </trkpt>
   <trkpt lat="12.9177330" lon="77.6449310">
    <ele>888.3</ele>
    <time>2026-07-04T12:00:57Z</time>
   </trkpt>
   <trkpt lat="12.9177190" lon="77.6449290">
    <ele>888.3</ele>
    <time>2026-07-04T12:00:58Z</time>
   </trkpt>
   <trkpt lat="12.9176970" lon="77.6449270">
    <ele>888.3</ele>
    <time>2026-07-04T12:00:59Z</time>
   </trkpt>
   <trkpt lat="12.9176770" lon="77.6449260">
    <ele>888.3</ele>
    <time>2026-07-04T12:01:00Z</time>
   </trkpt>
   <trkpt lat="12.9176560" lon="77.6449250">
    <ele>888.3</ele>
    <time>2026-07-04T12:01:01Z</time>
   </trkpt>
   <trkpt lat="12.9176270" lon="77.6449250">
    <ele>888.3</ele>
    <time>2026-07-04T12:01:02Z</time>
   </trkpt>
   <trkpt lat="12.9176100" lon="77.6449300">
    <ele>888.3</ele>
    <time>2026-07-04T12:01:03Z</time>
   </trkpt>
   <trkpt lat="12.9175890" lon="77.6449300">
    <ele>888.3</ele>
    <time>2026-07-04T12:01:04Z</time>
   </trkpt>
   <trkpt lat="12.9175670" lon="77.6449320">
    <ele>888.3</ele>
    <time>2026-07-04T12:01:05Z</time>
   </trkpt>
   <trkpt lat="12.9175470" lon="77.6449330">
    <ele>888.3</ele>
    <time>2026-07-04T12:01:06Z</time>
   </trkpt>
   <trkpt lat="12.9175270" lon="77.6449360">
    <ele>888.3</ele>
    <time>2026-07-04T12:01:07Z</time>
   </trkpt>
   <trkpt lat="12.9175200" lon="77.6449300">
    <ele>888.3</ele>
    <time>2026-07-04T12:01:08Z</time>
   </trkpt>
   <trkpt lat="12.9175220" lon="77.6449290">
    <ele>888.3</ele>
    <time>2026-07-04T12:01:09Z</time>
   </trkpt>
   <trkpt lat="12.9175270" lon="77.6449290">
    <ele>888.3</ele>
    <time>2026-07-04T12:01:10Z</time>
   </trkpt>
   <trkpt lat="12.9175280" lon="77.6449280">
    <ele>888.3</ele>
    <time>2026-07-04T12:01:11Z</time>
   </trkpt>
   <trkpt lat="12.9175280" lon="77.6449280">
    <ele>888.3</ele>
    <time>2026-07-04T12:01:12Z</time>
   </trkpt>
   <trkpt lat="12.9175280" lon="77.6449280">
    <ele>888.3</ele>
    <time>2026-07-04T12:01:13Z</time>
   </trkpt>
   <trkpt lat="12.9175280" lon="77.6449280">
    <ele>888.3</ele>
    <time>2026-07-04T12:01:14Z</time>
   </trkpt>
   <trkpt lat="12.9175290" lon="77.6449270">
    <ele>888.3</ele>
    <time>2026-07-04T12:01:15Z</time>
   </trkpt>
   <trkpt lat="12.9175240" lon="77.6449290">
    <ele>888.3</ele>
    <time>2026-07-04T12:01:16Z</time>
   </trkpt>
   <trkpt lat="12.9175200" lon="77.6449260">
    <ele>888.3</ele>
    <time>2026-07-04T12:01:17Z</time>
   </trkpt>
   <trkpt lat="12.9175160" lon="77.6448640">
    <ele>888.3</ele>
    <time>2026-07-04T12:01:21Z</time>
   </trkpt>
   <trkpt lat="12.9175350" lon="77.6448640">
    <ele>888.3</ele>
    <time>2026-07-04T12:01:22Z</time>
   </trkpt>
   <trkpt lat="12.9175540" lon="77.6448740">
    <ele>888.3</ele>
    <time>2026-07-04T12:01:23Z</time>
   </trkpt>
   <trkpt lat="12.9175620" lon="77.6448800">
    <ele>888.3</ele>
    <time>2026-07-04T12:01:24Z</time>
   </trkpt>
   <trkpt lat="12.9175600" lon="77.6448850">
    <ele>888.3</ele>
    <time>2026-07-04T12:01:25Z</time>
   </trkpt>
   <trkpt lat="12.9175610" lon="77.6448830">
    <ele>888.3</ele>
    <time>2026-07-04T12:01:26Z</time>
   </trkpt>
   <trkpt lat="12.9175600" lon="77.6448740">
    <ele>888.3</ele>
    <time>2026-07-04T12:01:27Z</time>
   </trkpt>
   <trkpt lat="12.9175580" lon="77.6448710">
    <ele>888.3</ele>
    <time>2026-07-04T12:01:28Z</time>
   </trkpt>
   <trkpt lat="12.9175610" lon="77.6448710">
    <ele>888.3</ele>
    <time>2026-07-04T12:01:29Z</time>
   </trkpt>
   <trkpt lat="12.9175590" lon="77.6448670">
    <ele>888.3</ele>
    <time>2026-07-04T12:01:30Z</time>
   </trkpt>
   <trkpt lat="12.9175630" lon="77.6448630">
    <ele>888.3</ele>
    <time>2026-07-04T12:01:31Z</time>
   </trkpt>
   <trkpt lat="12.9175630" lon="77.6448620">
    <ele>888.3</ele>
    <time>2026-07-04T12:01:32Z</time>
   </trkpt>
   <trkpt lat="12.9175630" lon="77.6448620">
    <ele>888.3</ele>
    <time>2026-07-04T12:01:33Z</time>
   </trkpt>
   <trkpt lat="12.9175140" lon="77.6448830">
    <ele>888.2</ele>
    <time>2026-07-04T12:02:49Z</time>
   </trkpt>
   <trkpt lat="12.9175150" lon="77.6448700">
    <ele>888.2</ele>
    <time>2026-07-04T12:02:50Z</time>
   </trkpt>
   <trkpt lat="12.9175150" lon="77.6448640">
    <ele>888.2</ele>
    <time>2026-07-04T12:02:51Z</time>
   </trkpt>
   <trkpt lat="12.9175150" lon="77.6448600">
    <ele>888.2</ele>
    <time>2026-07-04T12:02:52Z</time>
   </trkpt>
   <trkpt lat="12.9175160" lon="77.6448650">
    <ele>888.2</ele>
    <time>2026-07-04T12:02:53Z</time>
   </trkpt>
   <trkpt lat="12.9175130" lon="77.6448520">
    <ele>888.2</ele>
    <time>2026-07-04T12:02:54Z</time>
   </trkpt>
   <trkpt lat="12.9175090" lon="77.6448440">
    <ele>888.2</ele>
    <time>2026-07-04T12:02:55Z</time>
   </trkpt>
   <trkpt lat="12.9175070" lon="77.6448400">
    <ele>888.2</ele>
    <time>2026-07-04T12:02:56Z</time>
   </trkpt>
   <trkpt lat="12.9175090" lon="77.6448380">
    <ele>888.2</ele>
    <time>2026-07-04T12:02:57Z</time>
   </trkpt>
   <trkpt lat="12.9175090" lon="77.6448300">
    <ele>888.2</ele>
    <time>2026-07-04T12:02:58Z</time>
   </trkpt>
   <trkpt lat="12.9175050" lon="77.6448230">
    <ele>888.2</ele>
    <time>2026-07-04T12:02:59Z</time>
   </trkpt>
   <trkpt lat="12.9175030" lon="77.6448180">
    <ele>888.2</ele>
    <time>2026-07-04T12:03:00Z</time>
   </trkpt>
   <trkpt lat="12.9176540" lon="77.6450250">
    <ele>888.0</ele>
    <time>2026-07-04T12:03:08Z</time>
   </trkpt>
   <trkpt lat="12.9176740" lon="77.6450270">
    <ele>888.0</ele>
    <time>2026-07-04T12:03:09Z</time>
   </trkpt>
   <trkpt lat="12.9176170" lon="77.6449790">
    <ele>887.9</ele>
    <time>2026-07-04T12:03:10Z</time>
   </trkpt>
   <trkpt lat="12.9175930" lon="77.6449590">
    <ele>887.9</ele>
    <time>2026-07-04T12:03:11Z</time>
   </trkpt>
   <trkpt lat="12.9175460" lon="77.6449550">
    <ele>887.8</ele>
    <time>2026-07-04T12:03:12Z</time>
   </trkpt>
   <trkpt lat="12.9175470" lon="77.6449570">
    <ele>887.8</ele>
    <time>2026-07-04T12:03:13Z</time>
   </trkpt>
   <trkpt lat="12.9175200" lon="77.6449480">
    <ele>887.8</ele>
    <time>2026-07-04T12:03:14Z</time>
   </trkpt>
   <trkpt lat="12.9175210" lon="77.6449420">
    <ele>887.8</ele>
    <time>2026-07-04T12:03:15Z</time>
   </trkpt>
   <trkpt lat="12.9175160" lon="77.6449700">
    <ele>887.8</ele>
    <time>2026-07-04T12:03:16Z</time>
   </trkpt>
   <trkpt lat="12.9175170" lon="77.6449660">
    <ele>887.8</ele>
    <time>2026-07-04T12:03:17Z</time>
   </trkpt>
   <trkpt lat="12.9175180" lon="77.6449620">
    <ele>887.8</ele>
    <time>2026-07-04T12:03:18Z</time>
   </trkpt>
   <trkpt lat="12.9175180" lon="77.6449570">
    <ele>887.8</ele>
    <time>2026-07-04T12:03:19Z</time>
   </trkpt>
   <trkpt lat="12.9175000" lon="77.6449510">
    <ele>887.7</ele>
    <time>2026-07-04T12:03:20Z</time>
   </trkpt>
   <trkpt lat="12.9174980" lon="77.6449210">
    <ele>887.7</ele>
    <time>2026-07-04T12:03:32Z</time>
   </trkpt>
   <trkpt lat="12.9174920" lon="77.6449180">
    <ele>887.7</ele>
    <time>2026-07-04T12:03:33Z</time>
   </trkpt>
   <trkpt lat="12.9174930" lon="77.6449080">
    <ele>887.7</ele>
    <time>2026-07-04T12:03:34Z</time>
   </trkpt>
   <trkpt lat="12.9174930" lon="77.6448960">
    <ele>887.7</ele>
    <time>2026-07-04T12:03:35Z</time>
   </trkpt>
   <trkpt lat="12.9174940" lon="77.6448840">
    <ele>887.7</ele>
    <time>2026-07-04T12:03:36Z</time>
   </trkpt>
   <trkpt lat="12.9174910" lon="77.6448750">
    <ele>887.7</ele>
    <time>2026-07-04T12:03:37Z</time>
   </trkpt>
   <trkpt lat="12.9174810" lon="77.6448430">
    <ele>887.7</ele>
    <time>2026-07-04T12:03:38Z</time>
   </trkpt>
   <trkpt lat="12.9175360" lon="77.6448770">
    <ele>887.8</ele>
    <time>2026-07-04T12:08:24Z</time>
   </trkpt>
   <trkpt lat="12.9175380" lon="77.6448810">
    <ele>887.8</ele>
    <time>2026-07-04T12:08:25Z</time>
   </trkpt>
   <trkpt lat="12.9175390" lon="77.6448900">
    <ele>887.8</ele>
    <time>2026-07-04T12:08:26Z</time>
   </trkpt>
   <trkpt lat="12.9175450" lon="77.6448920">
    <ele>887.8</ele>
    <time>2026-07-04T12:08:27Z</time>
   </trkpt>
   <trkpt lat="12.9175550" lon="77.6448940">
    <ele>887.8</ele>
    <time>2026-07-04T12:08:28Z</time>
   </trkpt>
   <trkpt lat="12.9175660" lon="77.6449110">
    <ele>887.8</ele>
    <time>2026-07-04T12:08:30Z</time>
   </trkpt>
   <trkpt lat="12.9175480" lon="77.6449020">
    <ele>887.8</ele>
    <time>2026-07-04T12:08:31Z</time>
   </trkpt>
   <trkpt lat="12.9175560" lon="77.6449050">
    <ele>887.8</ele>
    <time>2026-07-04T12:08:32Z</time>
   </trkpt>
   <trkpt lat="12.9175550" lon="77.6448940">
    <ele>887.8</ele>
    <time>2026-07-04T12:08:33Z</time>
   </trkpt>
   <trkpt lat="12.9175770" lon="77.6448170">
    <ele>887.9</ele>
    <time>2026-07-04T12:08:42Z</time>
   </trkpt>
   <trkpt lat="12.9176150" lon="77.6448000">
    <ele>887.9</ele>
    <time>2026-07-04T12:08:43Z</time>
   </trkpt>
   <trkpt lat="12.9176190" lon="77.6448070">
    <ele>888.0</ele>
    <time>2026-07-04T12:08:44Z</time>
   </trkpt>
   <trkpt lat="12.9176210" lon="77.6448090">
    <ele>888.0</ele>
    <time>2026-07-04T12:08:45Z</time>
   </trkpt>
   <trkpt lat="12.9176210" lon="77.6448140">
    <ele>888.0</ele>
    <time>2026-07-04T12:08:46Z</time>
   </trkpt>
   <trkpt lat="12.9176170" lon="77.6448140">
    <ele>888.0</ele>
    <time>2026-07-04T12:08:47Z</time>
   </trkpt>
   <trkpt lat="12.9176120" lon="77.6448160">
    <ele>888.0</ele>
    <time>2026-07-04T12:08:48Z</time>
   </trkpt>
   <trkpt lat="12.9176050" lon="77.6448170">
    <ele>888.0</ele>
    <time>2026-07-04T12:08:49Z</time>
   </trkpt>
   <trkpt lat="12.9176040" lon="77.6448120">
    <ele>888.0</ele>
    <time>2026-07-04T12:08:50Z</time>
   </trkpt>
   <trkpt lat="12.9176040" lon="77.6448050">
    <ele>888.0</ele>
    <time>2026-07-04T12:08:51Z</time>
   </trkpt>
   <trkpt lat="12.9176710" lon="77.6447430">
    <ele>888.1</ele>
    <time>2026-07-04T12:09:24Z</time>
   </trkpt>
   <trkpt lat="12.9176800" lon="77.6447420">
    <ele>888.1</ele>
    <time>2026-07-04T12:09:25Z</time>
   </trkpt>
   <trkpt lat="12.9176850" lon="77.6447440">
    <ele>888.1</ele>
    <time>2026-07-04T12:09:26Z</time>
   </trkpt>
   <trkpt lat="12.9176930" lon="77.6447400">
    <ele>888.1</ele>
    <time>2026-07-04T12:09:27Z</time>
   </trkpt>
   <trkpt lat="12.9177110" lon="77.6447410">
    <ele>888.1</ele>
    <time>2026-07-04T12:09:28Z</time>
   </trkpt>
   <trkpt lat="12.9177240" lon="77.6447390">
    <ele>888.1</ele>
    <time>2026-07-04T12:09:29Z</time>
   </trkpt>
   <trkpt lat="12.9177430" lon="77.6447370">
    <ele>888.1</ele>
    <time>2026-07-04T12:09:30Z</time>
   </trkpt>
   <trkpt lat="12.9177480" lon="77.6447340">
    <ele>888.1</ele>
    <time>2026-07-04T12:09:31Z</time>
   </trkpt>
   <trkpt lat="12.9177530" lon="77.6447370">
    <ele>888.1</ele>
    <time>2026-07-04T12:09:32Z</time>
   </trkpt>
   <trkpt lat="12.9177550" lon="77.6447320">
    <ele>888.1</ele>
    <time>2026-07-04T12:09:33Z</time>
   </trkpt>
   <trkpt lat="12.9177650" lon="77.6447390">
    <ele>888.1</ele>
    <time>2026-07-04T12:09:34Z</time>
   </trkpt>
   <trkpt lat="12.9177600" lon="77.6447400">
    <ele>888.1</ele>
    <time>2026-07-04T12:09:35Z</time>
   </trkpt>
   <trkpt lat="12.9177760" lon="77.6447300">
    <ele>888.2</ele>
    <time>2026-07-04T12:09:36Z</time>
   </trkpt>
   <trkpt lat="12.9177840" lon="77.6447260">
    <ele>888.2</ele>
    <time>2026-07-04T12:09:37Z</time>
   </trkpt>
   <trkpt lat="12.9177900" lon="77.6447180">
    <ele>888.2</ele>
    <time>2026-07-04T12:09:38Z</time>
   </trkpt>
   <trkpt lat="12.9177890" lon="77.6447140">
    <ele>888.2</ele>
    <time>2026-07-04T12:09:39Z</time>
   </trkpt>
   <trkpt lat="12.9177900" lon="77.6447140">
    <ele>888.2</ele>
    <time>2026-07-04T12:09:40Z</time>
   </trkpt>
   <trkpt lat="12.9177940" lon="77.6447130">
    <ele>888.2</ele>
    <time>2026-07-04T12:09:41Z</time>
   </trkpt>
   <trkpt lat="12.9178050" lon="77.6447150">
    <ele>888.2</ele>
    <time>2026-07-04T12:09:42Z</time>
   </trkpt>
   <trkpt lat="12.9178190" lon="77.6447230">
    <ele>888.2</ele>
    <time>2026-07-04T12:09:43Z</time>
   </trkpt>
   <trkpt lat="12.9178350" lon="77.6447260">
    <ele>888.2</ele>
    <time>2026-07-04T12:09:44Z</time>
   </trkpt>
   <trkpt lat="12.9178420" lon="77.6447260">
    <ele>888.2</ele>
    <time>2026-07-04T12:09:45Z</time>
   </trkpt>
   <trkpt lat="12.9178540" lon="77.6447290">
    <ele>888.2</ele>
    <time>2026-07-04T12:09:46Z</time>
   </trkpt>
   <trkpt lat="12.9178800" lon="77.6447350">
    <ele>888.2</ele>
    <time>2026-07-04T12:09:47Z</time>
   </trkpt>
   <trkpt lat="12.9178860" lon="77.6447400">
    <ele>888.2</ele>
    <time>2026-07-04T12:09:48Z</time>
   </trkpt>
   <trkpt lat="12.9178840" lon="77.6447530">
    <ele>888.2</ele>
    <time>2026-07-04T12:09:49Z</time>
   </trkpt>
   <trkpt lat="12.9178930" lon="77.6447560">
    <ele>888.2</ele>
    <time>2026-07-04T12:09:50Z</time>
   </trkpt>
   <trkpt lat="12.9179050" lon="77.6447630">
    <ele>888.2</ele>
    <time>2026-07-04T12:09:51Z</time>
   </trkpt>
   <trkpt lat="12.9179220" lon="77.6447680">
    <ele>888.2</ele>
    <time>2026-07-04T12:09:52Z</time>
   </trkpt>
   <trkpt lat="12.9179250" lon="77.6447770">
    <ele>888.2</ele>
    <time>2026-07-04T12:09:53Z</time>
   </trkpt>
   <trkpt lat="12.9179370" lon="77.6447770">
    <ele>888.2</ele>
    <time>2026-07-04T12:09:54Z</time>
   </trkpt>
   <trkpt lat="12.9179600" lon="77.6447710">
    <ele>888.2</ele>
    <time>2026-07-04T12:09:55Z</time>
   </trkpt>
   <trkpt lat="12.9179740" lon="77.6447720">
    <ele>888.2</ele>
    <time>2026-07-04T12:09:56Z</time>
   </trkpt>
   <trkpt lat="12.9179800" lon="77.6447690">
    <ele>888.2</ele>
    <time>2026-07-04T12:09:57Z</time>
   </trkpt>
   <trkpt lat="12.9179820" lon="77.6447760">
    <ele>888.2</ele>
    <time>2026-07-04T12:09:58Z</time>
   </trkpt>
   <trkpt lat="12.9179870" lon="77.6447790">
    <ele>888.2</ele>
    <time>2026-07-04T12:09:59Z</time>
   </trkpt>
   <trkpt lat="12.9179980" lon="77.6447850">
    <ele>888.3</ele>
    <time>2026-07-04T12:10:00Z</time>
   </trkpt>
   <trkpt lat="12.9180040" lon="77.6447870">
    <ele>888.3</ele>
    <time>2026-07-04T12:10:01Z</time>
   </trkpt>
   <trkpt lat="12.9180200" lon="77.6447850">
    <ele>888.3</ele>
    <time>2026-07-04T12:10:02Z</time>
   </trkpt>
   <trkpt lat="12.9180350" lon="77.6447880">
    <ele>888.3</ele>
    <time>2026-07-04T12:10:03Z</time>
   </trkpt>
   <trkpt lat="12.9180250" lon="77.6447950">
    <ele>888.3</ele>
    <time>2026-07-04T12:10:04Z</time>
   </trkpt>
   <trkpt lat="12.9180390" lon="77.6447870">
    <ele>888.3</ele>
    <time>2026-07-04T12:10:05Z</time>
   </trkpt>
   <trkpt lat="12.9180400" lon="77.6447900">
    <ele>888.3</ele>
    <time>2026-07-04T12:10:06Z</time>
   </trkpt>
   <trkpt lat="12.9180460" lon="77.6447950">
    <ele>888.3</ele>
    <time>2026-07-04T12:10:07Z</time>
   </trkpt>
   <trkpt lat="12.9180480" lon="77.6448040">
    <ele>888.3</ele>
    <time>2026-07-04T12:10:08Z</time>
   </trkpt>
   <trkpt lat="12.9180530" lon="77.6448080">
    <ele>888.3</ele>
    <time>2026-07-04T12:10:09Z</time>
   </trkpt>
   <trkpt lat="12.9180660" lon="77.6448090">
    <ele>888.3</ele>
    <time>2026-07-04T12:10:10Z</time>
   </trkpt>
   <trkpt lat="12.9180750" lon="77.6448050">
    <ele>888.3</ele>
    <time>2026-07-04T12:10:11Z</time>
   </trkpt>
   <trkpt lat="12.9180860" lon="77.6448030">
    <ele>888.3</ele>
    <time>2026-07-04T12:10:12Z</time>
   </trkpt>
   <trkpt lat="12.9180970" lon="77.6448000">
    <ele>888.3</ele>
    <time>2026-07-04T12:10:13Z</time>
   </trkpt>
   <trkpt lat="12.9181010" lon="77.6447960">
    <ele>888.3</ele>
    <time>2026-07-04T12:10:14Z</time>
   </trkpt>
   <trkpt lat="12.9181060" lon="77.6447930">
    <ele>888.3</ele>
    <time>2026-07-04T12:10:15Z</time>
   </trkpt>
   <trkpt lat="12.9181120" lon="77.6447840">
    <ele>888.3</ele>
    <time>2026-07-04T12:10:16Z</time>
   </trkpt>
   <trkpt lat="12.9181260" lon="77.6447920">
    <ele>888.3</ele>
    <time>2026-07-04T12:10:17Z</time>
   </trkpt>
   <trkpt lat="12.9181360" lon="77.6447970">
    <ele>888.3</ele>
    <time>2026-07-04T12:10:18Z</time>
   </trkpt>
   <trkpt lat="12.9181380" lon="77.6447890">
    <ele>888.3</ele>
    <time>2026-07-04T12:10:19Z</time>
   </trkpt>
   <trkpt lat="12.9181480" lon="77.6447890">
    <ele>888.3</ele>
    <time>2026-07-04T12:10:20Z</time>
   </trkpt>
   <trkpt lat="12.9181560" lon="77.6447920">
    <ele>888.3</ele>
    <time>2026-07-04T12:10:21Z</time>
   </trkpt>
   <trkpt lat="12.9181700" lon="77.6447920">
    <ele>888.3</ele>
    <time>2026-07-04T12:10:22Z</time>
   </trkpt>
   <trkpt lat="12.9181760" lon="77.6447930">
    <ele>888.3</ele>
    <time>2026-07-04T12:10:23Z</time>
   </trkpt>
   <trkpt lat="12.9181820" lon="77.6447910">
    <ele>888.3</ele>
    <time>2026-07-04T12:10:24Z</time>
   </trkpt>
   <trkpt lat="12.9181860" lon="77.6447960">
    <ele>888.3</ele>
    <time>2026-07-04T12:10:25Z</time>
   </trkpt>
   <trkpt lat="12.9181860" lon="77.6448110">
    <ele>888.3</ele>
    <time>2026-07-04T12:10:26Z</time>
   </trkpt>
   <trkpt lat="12.9181960" lon="77.6448160">
    <ele>888.3</ele>
    <time>2026-07-04T12:10:27Z</time>
   </trkpt>
   <trkpt lat="12.9182130" lon="77.6448160">
    <ele>888.3</ele>
    <time>2026-07-04T12:10:28Z</time>
   </trkpt>
   <trkpt lat="12.9182290" lon="77.6448200">
    <ele>888.3</ele>
    <time>2026-07-04T12:10:29Z</time>
   </trkpt>
   <trkpt lat="12.9182340" lon="77.6448280">
    <ele>888.3</ele>
    <time>2026-07-04T12:10:30Z</time>
   </trkpt>
   <trkpt lat="12.9182330" lon="77.6448330">
    <ele>888.3</ele>
    <time>2026-07-04T12:10:31Z</time>
   </trkpt>
   <trkpt lat="12.9182410" lon="77.6448390">
    <ele>888.3</ele>
    <time>2026-07-04T12:10:32Z</time>
   </trkpt>
   <trkpt lat="12.9182450" lon="77.6448430">
    <ele>888.3</ele>
    <time>2026-07-04T12:10:33Z</time>
   </trkpt>
   <trkpt lat="12.9182490" lon="77.6448460">
    <ele>888.3</ele>
    <time>2026-07-04T12:10:34Z</time>
   </trkpt>
   <trkpt lat="12.9182550" lon="77.6448470">
    <ele>888.3</ele>
    <time>2026-07-04T12:10:36Z</time>
   </trkpt>
   <trkpt lat="12.9182500" lon="77.6448450">
    <ele>888.3</ele>
    <time>2026-07-04T12:10:37Z</time>
   </trkpt>
   <trkpt lat="12.9182680" lon="77.6448540">
    <ele>888.3</ele>
    <time>2026-07-04T12:10:38Z</time>
   </trkpt>
   <trkpt lat="12.9182720" lon="77.6448590">
    <ele>888.3</ele>
    <time>2026-07-04T12:10:39Z</time>
   </trkpt>
   <trkpt lat="12.9182720" lon="77.6448530">
    <ele>888.3</ele>
    <time>2026-07-04T12:10:40Z</time>
   </trkpt>
   <trkpt lat="12.9182790" lon="77.6448510">
    <ele>888.3</ele>
    <time>2026-07-04T12:10:41Z</time>
   </trkpt>
   <trkpt lat="12.9182730" lon="77.6448340">
    <ele>888.3</ele>
    <time>2026-07-04T12:10:42Z</time>
   </trkpt>
   <trkpt lat="12.9182470" lon="77.6448150">
    <ele>888.3</ele>
    <time>2026-07-04T12:10:43Z</time>
   </trkpt>
   <trkpt lat="12.9182450" lon="77.6448040">
    <ele>888.3</ele>
    <time>2026-07-04T12:10:44Z</time>
   </trkpt>
   <trkpt lat="12.9182430" lon="77.6447930">
    <ele>888.3</ele>
    <time>2026-07-04T12:10:45Z</time>
   </trkpt>
   <trkpt lat="12.9182410" lon="77.6447830">
    <ele>888.3</ele>
    <time>2026-07-04T12:10:46Z</time>
   </trkpt>
   <trkpt lat="12.9182390" lon="77.6447720">
    <ele>888.3</ele>
    <time>2026-07-04T12:10:47Z</time>
   </trkpt>
   <trkpt lat="12.9182420" lon="77.6447850">
    <ele>888.3</ele>
    <time>2026-07-04T12:10:48Z</time>
   </trkpt>
   <trkpt lat="12.9182520" lon="77.6448130">
    <ele>888.3</ele>
    <time>2026-07-04T12:10:49Z</time>
   </trkpt>
   <trkpt lat="12.9182530" lon="77.6448090">
    <ele>888.3</ele>
    <time>2026-07-04T12:10:50Z</time>
   </trkpt>
   <trkpt lat="12.9182530" lon="77.6448090">
    <ele>888.3</ele>
    <time>2026-07-04T12:10:51Z</time>
   </trkpt>
   <trkpt lat="12.9182530" lon="77.6448090">
    <ele>888.3</ele>
    <time>2026-07-04T12:10:52Z</time>
   </trkpt>
   <trkpt lat="12.9182530" lon="77.6448090">
    <ele>888.3</ele>
    <time>2026-07-04T12:10:53Z</time>
   </trkpt>
   <trkpt lat="12.9182400" lon="77.6447800">
    <ele>888.3</ele>
    <time>2026-07-04T12:10:54Z</time>
   </trkpt>
   <trkpt lat="12.9182400" lon="77.6447800">
    <ele>888.3</ele>
    <time>2026-07-04T12:10:55Z</time>
   </trkpt>
   <trkpt lat="12.9182400" lon="77.6447800">
    <ele>888.3</ele>
    <time>2026-07-04T12:10:56Z</time>
   </trkpt>
   <trkpt lat="12.9182400" lon="77.6447800">
    <ele>888.3</ele>
    <time>2026-07-04T12:10:57Z</time>
   </trkpt>
   <trkpt lat="12.9182480" lon="77.6449320">
    <ele>888.3</ele>
    <time>2026-07-04T12:10:58Z</time>
   </trkpt>
   <trkpt lat="12.9183230" lon="77.6449840">
    <ele>888.3</ele>
    <time>2026-07-04T12:11:59Z</time>
   </trkpt>
   <trkpt lat="12.9183170" lon="77.6450090">
    <ele>888.3</ele>
    <time>2026-07-04T12:12:00Z</time>
   </trkpt>
   <trkpt lat="12.9183170" lon="77.6450090">
    <ele>888.3</ele>
    <time>2026-07-04T12:12:01Z</time>
   </trkpt>
   <trkpt lat="12.9183170" lon="77.6450090">
    <ele>888.3</ele>
    <time>2026-07-04T12:12:02Z</time>
   </trkpt>
   <trkpt lat="12.9183170" lon="77.6450090">
    <ele>888.3</ele>
    <time>2026-07-04T12:12:03Z</time>
   </trkpt>
   <trkpt lat="12.9183170" lon="77.6450090">
    <ele>888.3</ele>
    <time>2026-07-04T12:12:04Z</time>
   </trkpt>
   <trkpt lat="12.9182900" lon="77.6449700">
    <ele>888.3</ele>
    <time>2026-07-04T12:12:05Z</time>
   </trkpt>
   <trkpt lat="12.9182790" lon="77.6449600">
    <ele>888.3</ele>
    <time>2026-07-04T12:12:06Z</time>
   </trkpt>
   <trkpt lat="12.9182790" lon="77.6449600">
    <ele>888.3</ele>
    <time>2026-07-04T12:12:07Z</time>
   </trkpt>
   <trkpt lat="12.9182790" lon="77.6449600">
    <ele>888.3</ele>
    <time>2026-07-04T12:12:08Z</time>
   </trkpt>
   <trkpt lat="12.9182790" lon="77.6449600">
    <ele>888.3</ele>
    <time>2026-07-04T12:12:09Z</time>
   </trkpt>
   <trkpt lat="12.9182790" lon="77.6449600">
    <ele>888.3</ele>
    <time>2026-07-04T12:12:10Z</time>
   </trkpt>
   <trkpt lat="12.9182790" lon="77.6449600">
    <ele>888.3</ele>
    <time>2026-07-04T12:12:11Z</time>
   </trkpt>
   <trkpt lat="12.9181810" lon="77.6449130">
    <ele>888.3</ele>
    <time>2026-07-04T12:12:33Z</time>
   </trkpt>
   <trkpt lat="12.9181810" lon="77.6449130">
    <ele>888.3</ele>
    <time>2026-07-04T12:12:34Z</time>
   </trkpt>
   <trkpt lat="12.9181810" lon="77.6449130">
    <ele>888.3</ele>
    <time>2026-07-04T12:12:35Z</time>
   </trkpt>
   <trkpt lat="12.9181810" lon="77.6449130">
    <ele>888.3</ele>
    <time>2026-07-04T12:12:36Z</time>
   </trkpt>
   <trkpt lat="12.9181810" lon="77.6449130">
    <ele>888.3</ele>
    <time>2026-07-04T12:12:37Z</time>
   </trkpt>
   <trkpt lat="12.9181810" lon="77.6449130">
    <ele>888.3</ele>
    <time>2026-07-04T12:12:38Z</time>
   </trkpt>
   <trkpt lat="12.9181810" lon="77.6449130">
    <ele>888.3</ele>
    <time>2026-07-04T12:12:39Z</time>
   </trkpt>
   <trkpt lat="12.9181980" lon="77.6449340">
    <ele>888.3</ele>
    <time>2026-07-04T12:12:40Z</time>
   </trkpt>
   <trkpt lat="12.9181820" lon="77.6448920">
    <ele>888.3</ele>
    <time>2026-07-04T12:12:42Z</time>
   </trkpt>
   <trkpt lat="12.9171250" lon="77.6449110">
    <ele>886.9</ele>
    <time>2026-07-04T13:41:36Z</time>
   </trkpt>
   <trkpt lat="12.9171200" lon="77.6448950">
    <ele>886.9</ele>
    <time>2026-07-04T13:41:37Z</time>
   </trkpt>
   <trkpt lat="12.9171120" lon="77.6448880">
    <ele>886.9</ele>
    <time>2026-07-04T13:41:38Z</time>
   </trkpt>
   <trkpt lat="12.9171100" lon="77.6448830">
    <ele>886.9</ele>
    <time>2026-07-04T13:41:39Z</time>
   </trkpt>
   <trkpt lat="12.9171080" lon="77.6448740">
    <ele>886.9</ele>
    <time>2026-07-04T13:41:40Z</time>
   </trkpt>
   <trkpt lat="12.9171040" lon="77.6448700">
    <ele>886.8</ele>
    <time>2026-07-04T13:41:41Z</time>
   </trkpt>
   <trkpt lat="12.9171000" lon="77.6448660">
    <ele>886.8</ele>
    <time>2026-07-04T13:41:42Z</time>
   </trkpt>
   <trkpt lat="12.9170860" lon="77.6448650">
    <ele>886.8</ele>
    <time>2026-07-04T13:41:43Z</time>
   </trkpt>
   <trkpt lat="12.9170730" lon="77.6448630">
    <ele>886.8</ele>
    <time>2026-07-04T13:41:44Z</time>
   </trkpt>
   <trkpt lat="12.9170680" lon="77.6448690">
    <ele>886.8</ele>
    <time>2026-07-04T13:41:45Z</time>
   </trkpt>
   <trkpt lat="12.9170670" lon="77.6448720">
    <ele>886.8</ele>
    <time>2026-07-04T13:41:46Z</time>
   </trkpt>
   <trkpt lat="12.9170750" lon="77.6448730">
    <ele>886.8</ele>
    <time>2026-07-04T13:41:47Z</time>
   </trkpt>
   <trkpt lat="12.9170790" lon="77.6448730">
    <ele>886.8</ele>
    <time>2026-07-04T13:41:48Z</time>
   </trkpt>
   <trkpt lat="12.9170810" lon="77.6448820">
    <ele>886.8</ele>
    <time>2026-07-04T13:41:49Z</time>
   </trkpt>
   <trkpt lat="12.9170810" lon="77.6448880">
    <ele>886.8</ele>
    <time>2026-07-04T13:41:50Z</time>
   </trkpt>
   <trkpt lat="12.9170810" lon="77.6448970">
    <ele>886.8</ele>
    <time>2026-07-04T13:41:51Z</time>
   </trkpt>
   <trkpt lat="12.9170850" lon="77.6449000">
    <ele>886.7</ele>
    <time>2026-07-04T13:41:52Z</time>
   </trkpt>
   <trkpt lat="12.9170830" lon="77.6449060">
    <ele>886.7</ele>
    <time>2026-07-04T13:41:53Z</time>
   </trkpt>
   <trkpt lat="12.9170850" lon="77.6449050">
    <ele>886.7</ele>
    <time>2026-07-04T13:41:54Z</time>
   </trkpt>
   <trkpt lat="12.9170850" lon="77.6449020">
    <ele>886.7</ele>
    <time>2026-07-04T13:41:55Z</time>
   </trkpt>
   <trkpt lat="12.9170280" lon="77.6448660">
    <ele>886.6</ele>
    <time>2026-07-04T13:42:02Z</time>
   </trkpt>
   <trkpt lat="12.9170020" lon="77.6448640">
    <ele>886.6</ele>
    <time>2026-07-04T13:42:03Z</time>
   </trkpt>
   <trkpt lat="12.9169740" lon="77.6448600">
    <ele>886.6</ele>
    <time>2026-07-04T13:42:04Z</time>
   </trkpt>
   <trkpt lat="12.9169490" lon="77.6448630">
    <ele>886.5</ele>
    <time>2026-07-04T13:42:05Z</time>
   </trkpt>
   <trkpt lat="12.9169210" lon="77.6448630">
    <ele>886.5</ele>
    <time>2026-07-04T13:42:06Z</time>
   </trkpt>
   <trkpt lat="12.9168940" lon="77.6448600">
    <ele>886.4</ele>
    <time>2026-07-04T13:42:07Z</time>
   </trkpt>
   <trkpt lat="12.9168660" lon="77.6448560">
    <ele>886.3</ele>
    <time>2026-07-04T13:42:08Z</time>
   </trkpt>
   <trkpt lat="12.9168380" lon="77.6448580">
    <ele>886.3</ele>
    <time>2026-07-04T13:42:09Z</time>
   </trkpt>
   <trkpt lat="12.9168120" lon="77.6448440">
    <ele>886.2</ele>
    <time>2026-07-04T13:42:10Z</time>
   </trkpt>
   <trkpt lat="12.9167860" lon="77.6448410">
    <ele>886.1</ele>
    <time>2026-07-04T13:42:11Z</time>
   </trkpt>
   <trkpt lat="12.9167620" lon="77.6448320">
    <ele>886.1</ele>
    <time>2026-07-04T13:42:12Z</time>
   </trkpt>
   <trkpt lat="12.9167330" lon="77.6448240">
    <ele>886.0</ele>
    <time>2026-07-04T13:42:13Z</time>
   </trkpt>
   <trkpt lat="12.9167000" lon="77.6448230">
    <ele>885.9</ele>
    <time>2026-07-04T13:42:14Z</time>
   </trkpt>
   <trkpt lat="12.9166670" lon="77.6448280">
    <ele>885.8</ele>
    <time>2026-07-04T13:42:15Z</time>
   </trkpt>
   <trkpt lat="12.9166310" lon="77.6448300">
    <ele>885.8</ele>
    <time>2026-07-04T13:42:16Z</time>
   </trkpt>
   <trkpt lat="12.9165970" lon="77.6448320">
    <ele>885.7</ele>
    <time>2026-07-04T13:42:17Z</time>
   </trkpt>
   <trkpt lat="12.9165610" lon="77.6448320">
    <ele>885.6</ele>
    <time>2026-07-04T13:42:18Z</time>
   </trkpt>
   <trkpt lat="12.9165260" lon="77.6448240">
    <ele>885.5</ele>
    <time>2026-07-04T13:42:19Z</time>
   </trkpt>
   <trkpt lat="12.9164920" lon="77.6448250">
    <ele>885.4</ele>
    <time>2026-07-04T13:42:20Z</time>
   </trkpt>
   <trkpt lat="12.9164620" lon="77.6448240">
    <ele>885.3</ele>
    <time>2026-07-04T13:42:21Z</time>
   </trkpt>
   <trkpt lat="12.9164250" lon="77.6448300">
    <ele>885.3</ele>
    <time>2026-07-04T13:42:22Z</time>
   </trkpt>
   <trkpt lat="12.9163910" lon="77.6448440">
    <ele>885.2</ele>
    <time>2026-07-04T13:42:23Z</time>
   </trkpt>
   <trkpt lat="12.9163690" lon="77.6448460">
    <ele>885.1</ele>
    <time>2026-07-04T13:42:24Z</time>
   </trkpt>
   <trkpt lat="12.9163540" lon="77.6448470">
    <ele>885.1</ele>
    <time>2026-07-04T13:42:25Z</time>
   </trkpt>
   <trkpt lat="12.9163360" lon="77.6448460">
    <ele>885.0</ele>
    <time>2026-07-04T13:42:26Z</time>
   </trkpt>
   <trkpt lat="12.9163410" lon="77.6448230">
    <ele>885.0</ele>
    <time>2026-07-04T13:42:27Z</time>
   </trkpt>
   <trkpt lat="12.9163260" lon="77.6448280">
    <ele>884.9</ele>
    <time>2026-07-04T13:42:28Z</time>
   </trkpt>
   <trkpt lat="12.9163150" lon="77.6448310">
    <ele>884.9</ele>
    <time>2026-07-04T13:42:29Z</time>
   </trkpt>
   <trkpt lat="12.9163110" lon="77.6448330">
    <ele>884.9</ele>
    <time>2026-07-04T13:42:30Z</time>
   </trkpt>
   <trkpt lat="12.9163090" lon="77.6448340">
    <ele>884.9</ele>
    <time>2026-07-04T13:42:31Z</time>
   </trkpt>
   <trkpt lat="12.9163050" lon="77.6448350">
    <ele>884.9</ele>
    <time>2026-07-04T13:42:32Z</time>
   </trkpt>
   <trkpt lat="12.9162910" lon="77.6448420">
    <ele>884.9</ele>
    <time>2026-07-04T13:42:33Z</time>
   </trkpt>
   <trkpt lat="12.9162760" lon="77.6448420">
    <ele>884.8</ele>
    <time>2026-07-04T13:42:34Z</time>
   </trkpt>
   <trkpt lat="12.9162550" lon="77.6448430">
    <ele>884.8</ele>
    <time>2026-07-04T13:42:35Z</time>
   </trkpt>
   <trkpt lat="12.9162310" lon="77.6448450">
    <ele>884.7</ele>
    <time>2026-07-04T13:42:36Z</time>
   </trkpt>
   <trkpt lat="12.9162150" lon="77.6448430">
    <ele>884.7</ele>
    <time>2026-07-04T13:42:37Z</time>
   </trkpt>
   <trkpt lat="12.9161960" lon="77.6448370">
    <ele>884.6</ele>
    <time>2026-07-04T13:42:38Z</time>
   </trkpt>
   <trkpt lat="12.9161720" lon="77.6448370">
    <ele>884.6</ele>
    <time>2026-07-04T13:42:39Z</time>
   </trkpt>
   <trkpt lat="12.9161450" lon="77.6448350">
    <ele>884.5</ele>
    <time>2026-07-04T13:42:40Z</time>
   </trkpt>
   <trkpt lat="12.9161220" lon="77.6448330">
    <ele>884.5</ele>
    <time>2026-07-04T13:42:41Z</time>
   </trkpt>
   <trkpt lat="12.9161020" lon="77.6448330">
    <ele>884.4</ele>
    <time>2026-07-04T13:42:42Z</time>
   </trkpt>
   <trkpt lat="12.9160900" lon="77.6448290">
    <ele>884.4</ele>
    <time>2026-07-04T13:42:43Z</time>
   </trkpt>
   <trkpt lat="12.9160660" lon="77.6448340">
    <ele>884.3</ele>
    <time>2026-07-04T13:42:44Z</time>
   </trkpt>
   <trkpt lat="12.9160450" lon="77.6448330">
    <ele>884.3</ele>
    <time>2026-07-04T13:42:45Z</time>
   </trkpt>
   <trkpt lat="12.9160220" lon="77.6448350">
    <ele>884.2</ele>
    <time>2026-07-04T13:42:46Z</time>
   </trkpt>
   <trkpt lat="12.9160040" lon="77.6448350">
    <ele>884.2</ele>
    <time>2026-07-04T13:42:47Z</time>
   </trkpt>
   <trkpt lat="12.9159880" lon="77.6448340">
    <ele>884.1</ele>
    <time>2026-07-04T13:42:48Z</time>
   </trkpt>
   <trkpt lat="12.9159690" lon="77.6448330">
    <ele>884.1</ele>
    <time>2026-07-04T13:42:49Z</time>
   </trkpt>
   <trkpt lat="12.9159470" lon="77.6448380">
    <ele>884.0</ele>
    <time>2026-07-04T13:42:50Z</time>
   </trkpt>
   <trkpt lat="12.9159240" lon="77.6448370">
    <ele>884.0</ele>
    <time>2026-07-04T13:42:51Z</time>
   </trkpt>
   <trkpt lat="12.9159020" lon="77.6448360">
    <ele>883.9</ele>
    <time>2026-07-04T13:42:52Z</time>
   </trkpt>
   <trkpt lat="12.9158820" lon="77.6448380">
    <ele>883.9</ele>
    <time>2026-07-04T13:42:53Z</time>
   </trkpt>
   <trkpt lat="12.9158640" lon="77.6448390">
    <ele>883.8</ele>
    <time>2026-07-04T13:42:54Z</time>
   </trkpt>
   <trkpt lat="12.9158480" lon="77.6448330">
    <ele>883.8</ele>
    <time>2026-07-04T13:42:55Z</time>
   </trkpt>
   <trkpt lat="12.9158420" lon="77.6448360">
    <ele>883.8</ele>
    <time>2026-07-04T13:42:56Z</time>
   </trkpt>
   <trkpt lat="12.9158400" lon="77.6448350">
    <ele>883.8</ele>
    <time>2026-07-04T13:42:57Z</time>
   </trkpt>
   <trkpt lat="12.9158420" lon="77.6448350">
    <ele>883.8</ele>
    <time>2026-07-04T13:42:58Z</time>
   </trkpt>
   <trkpt lat="12.9158400" lon="77.6448370">
    <ele>883.8</ele>
    <time>2026-07-04T13:42:59Z</time>
   </trkpt>
   <trkpt lat="12.9158400" lon="77.6448370">
    <ele>883.8</ele>
    <time>2026-07-04T13:43:00Z</time>
   </trkpt>
   <trkpt lat="12.9158400" lon="77.6448370">
    <ele>883.8</ele>
    <time>2026-07-04T13:43:01Z</time>
   </trkpt>
   <trkpt lat="12.9158400" lon="77.6448370">
    <ele>883.8</ele>
    <time>2026-07-04T13:43:02Z</time>
   </trkpt>
   <trkpt lat="12.9158310" lon="77.6448330">
    <ele>883.7</ele>
    <time>2026-07-04T13:43:03Z</time>
   </trkpt>
   <trkpt lat="12.9158310" lon="77.6448330">
    <ele>883.7</ele>
    <time>2026-07-04T13:43:04Z</time>
   </trkpt>
   <trkpt lat="12.9158260" lon="77.6448300">
    <ele>883.7</ele>
    <time>2026-07-04T13:43:05Z</time>
   </trkpt>
   <trkpt lat="12.9158200" lon="77.6448280">
    <ele>883.7</ele>
    <time>2026-07-04T13:43:06Z</time>
   </trkpt>
   <trkpt lat="12.9157640" lon="77.6448260">
    <ele>883.6</ele>
    <time>2026-07-04T13:43:10Z</time>
   </trkpt>
   <trkpt lat="12.9157490" lon="77.6448220">
    <ele>883.6</ele>
    <time>2026-07-04T13:43:11Z</time>
   </trkpt>
   <trkpt lat="12.9157340" lon="77.6448150">
    <ele>883.6</ele>
    <time>2026-07-04T13:43:12Z</time>
   </trkpt>
   <trkpt lat="12.9157120" lon="77.6448130">
    <ele>883.5</ele>
    <time>2026-07-04T13:43:13Z</time>
   </trkpt>
   <trkpt lat="12.9156920" lon="77.6448140">
    <ele>883.5</ele>
    <time>2026-07-04T13:43:14Z</time>
   </trkpt>
   <trkpt lat="12.9156710" lon="77.6448140">
    <ele>883.5</ele>
    <time>2026-07-04T13:43:15Z</time>
   </trkpt>
   <trkpt lat="12.9156480" lon="77.6448140">
    <ele>883.4</ele>
    <time>2026-07-04T13:43:16Z</time>
   </trkpt>
   <trkpt lat="12.9156290" lon="77.6448070">
    <ele>883.4</ele>
    <time>2026-07-04T13:43:17Z</time>
   </trkpt>
   <trkpt lat="12.9156040" lon="77.6448020">
    <ele>883.4</ele>
    <time>2026-07-04T13:43:18Z</time>
   </trkpt>
   <trkpt lat="12.9155830" lon="77.6448000">
    <ele>883.4</ele>
    <time>2026-07-04T13:43:19Z</time>
   </trkpt>
   <trkpt lat="12.9155560" lon="77.6448010">
    <ele>883.4</ele>
    <time>2026-07-04T13:43:20Z</time>
   </trkpt>
   <trkpt lat="12.9155280" lon="77.6448050">
    <ele>883.3</ele>
    <time>2026-07-04T13:43:21Z</time>
   </trkpt>
   <trkpt lat="12.9154960" lon="77.6448050">
    <ele>883.3</ele>
    <time>2026-07-04T13:43:22Z</time>
   </trkpt>
   <trkpt lat="12.9154680" lon="77.6448080">
    <ele>883.3</ele>
    <time>2026-07-04T13:43:23Z</time>
   </trkpt>
   <trkpt lat="12.9154430" lon="77.6448090">
    <ele>883.3</ele>
    <time>2026-07-04T13:43:24Z</time>
   </trkpt>
   <trkpt lat="12.9154280" lon="77.6448060">
    <ele>883.3</ele>
    <time>2026-07-04T13:43:25Z</time>
   </trkpt>
   <trkpt lat="12.9154050" lon="77.6448070">
    <ele>883.2</ele>
    <time>2026-07-04T13:43:26Z</time>
   </trkpt>
   <trkpt lat="12.9153760" lon="77.6448050">
    <ele>883.2</ele>
    <time>2026-07-04T13:43:27Z</time>
   </trkpt>
   <trkpt lat="12.9153380" lon="77.6448050">
    <ele>883.2</ele>
    <time>2026-07-04T13:43:28Z</time>
   </trkpt>
   <trkpt lat="12.9153100" lon="77.6448130">
    <ele>883.2</ele>
    <time>2026-07-04T13:43:29Z</time>
   </trkpt>
   <trkpt lat="12.9152850" lon="77.6448080">
    <ele>883.2</ele>
    <time>2026-07-04T13:43:30Z</time>
   </trkpt>
   <trkpt lat="12.9152570" lon="77.6448040">
    <ele>883.2</ele>
    <time>2026-07-04T13:43:31Z</time>
   </trkpt>
   <trkpt lat="12.9152300" lon="77.6448000">
    <ele>883.2</ele>
    <time>2026-07-04T13:43:32Z</time>
   </trkpt>
   <trkpt lat="12.9152070" lon="77.6447990">
    <ele>883.2</ele>
    <time>2026-07-04T13:43:33Z</time>
   </trkpt>
   <trkpt lat="12.9151810" lon="77.6447990">
    <ele>883.2</ele>
    <time>2026-07-04T13:43:34Z</time>
   </trkpt>
   <trkpt lat="12.9151550" lon="77.6447950">
    <ele>883.2</ele>
    <time>2026-07-04T13:43:35Z</time>
   </trkpt>
   <trkpt lat="12.9151340" lon="77.6447880">
    <ele>883.2</ele>
    <time>2026-07-04T13:43:36Z</time>
   </trkpt>
   <trkpt lat="12.9151070" lon="77.6447800">
    <ele>883.2</ele>
    <time>2026-07-04T13:43:37Z</time>
   </trkpt>
   <trkpt lat="12.9150820" lon="77.6447750">
    <ele>883.2</ele>
    <time>2026-07-04T13:43:38Z</time>
   </trkpt>
   <trkpt lat="12.9150550" lon="77.6447790">
    <ele>883.2</ele>
    <time>2026-07-04T13:43:39Z</time>
   </trkpt>
   <trkpt lat="12.9150290" lon="77.6447830">
    <ele>883.2</ele>
    <time>2026-07-04T13:43:40Z</time>
   </trkpt>
   <trkpt lat="12.9150020" lon="77.6447860">
    <ele>883.2</ele>
    <time>2026-07-04T13:43:41Z</time>
   </trkpt>
   <trkpt lat="12.9149740" lon="77.6447850">
    <ele>883.2</ele>
    <time>2026-07-04T13:43:42Z</time>
   </trkpt>
   <trkpt lat="12.9149500" lon="77.6447830">
    <ele>883.3</ele>
    <time>2026-07-04T13:43:43Z</time>
   </trkpt>
   <trkpt lat="12.9149240" lon="77.6447830">
    <ele>883.3</ele>
    <time>2026-07-04T13:43:44Z</time>
   </trkpt>
   <trkpt lat="12.9149030" lon="77.6447800">
    <ele>883.3</ele>
    <time>2026-07-04T13:43:45Z</time>
   </trkpt>
   <trkpt lat="12.9148830" lon="77.6447730">
    <ele>883.4</ele>
    <time>2026-07-04T13:43:46Z</time>
   </trkpt>
   <trkpt lat="12.9148580" lon="77.6447680">
    <ele>883.4</ele>
    <time>2026-07-04T13:43:47Z</time>
   </trkpt>
   <trkpt lat="12.9148310" lon="77.6447610">
    <ele>883.4</ele>
    <time>2026-07-04T13:43:48Z</time>
   </trkpt>
   <trkpt lat="12.9148070" lon="77.6447510">
    <ele>883.5</ele>
    <time>2026-07-04T13:43:49Z</time>
   </trkpt>
   <trkpt lat="12.9147810" lon="77.6447490">
    <ele>883.5</ele>
    <time>2026-07-04T13:43:50Z</time>
   </trkpt>
   <trkpt lat="12.9147570" lon="77.6447470">
    <ele>883.6</ele>
    <time>2026-07-04T13:43:51Z</time>
   </trkpt>
   <trkpt lat="12.9147310" lon="77.6447460">
    <ele>883.6</ele>
    <time>2026-07-04T13:43:52Z</time>
   </trkpt>
   <trkpt lat="12.9147070" lon="77.6447410">
    <ele>883.6</ele>
    <time>2026-07-04T13:43:53Z</time>
   </trkpt>
   <trkpt lat="12.9146800" lon="77.6447390">
    <ele>883.7</ele>
    <time>2026-07-04T13:43:54Z</time>
   </trkpt>
   <trkpt lat="12.9146570" lon="77.6447390">
    <ele>883.8</ele>
    <time>2026-07-04T13:43:55Z</time>
   </trkpt>
   <trkpt lat="12.9146300" lon="77.6447390">
    <ele>883.8</ele>
    <time>2026-07-04T13:43:56Z</time>
   </trkpt>
   <trkpt lat="12.9146080" lon="77.6447300">
    <ele>883.9</ele>
    <time>2026-07-04T13:43:57Z</time>
   </trkpt>
   <trkpt lat="12.9145820" lon="77.6447310">
    <ele>883.9</ele>
    <time>2026-07-04T13:43:58Z</time>
   </trkpt>
   <trkpt lat="12.9145540" lon="77.6447320">
    <ele>884.0</ele>
    <time>2026-07-04T13:43:59Z</time>
   </trkpt>
   <trkpt lat="12.9145280" lon="77.6447270">
    <ele>884.0</ele>
    <time>2026-07-04T13:44:00Z</time>
   </trkpt>
   <trkpt lat="12.9145040" lon="77.6447280">
    <ele>884.1</ele>
    <time>2026-07-04T13:44:01Z</time>
   </trkpt>
   <trkpt lat="12.9144800" lon="77.6447220">
    <ele>884.2</ele>
    <time>2026-07-04T13:44:02Z</time>
   </trkpt>
   <trkpt lat="12.9144540" lon="77.6447240">
    <ele>884.2</ele>
    <time>2026-07-04T13:44:03Z</time>
   </trkpt>
   <trkpt lat="12.9144280" lon="77.6447220">
    <ele>884.3</ele>
    <time>2026-07-04T13:44:04Z</time>
   </trkpt>
   <trkpt lat="12.9144000" lon="77.6447200">
    <ele>884.4</ele>
    <time>2026-07-04T13:44:05Z</time>
   </trkpt>
   <trkpt lat="12.9143750" lon="77.6447180">
    <ele>884.5</ele>
    <time>2026-07-04T13:44:06Z</time>
   </trkpt>
   <trkpt lat="12.9143500" lon="77.6447210">
    <ele>884.6</ele>
    <time>2026-07-04T13:44:07Z</time>
   </trkpt>
   <trkpt lat="12.9143240" lon="77.6447200">
    <ele>884.6</ele>
    <time>2026-07-04T13:44:08Z</time>
   </trkpt>
   <trkpt lat="12.9142970" lon="77.6447210">
    <ele>884.7</ele>
    <time>2026-07-04T13:44:09Z</time>
   </trkpt>
   <trkpt lat="12.9142790" lon="77.6447140">
    <ele>884.8</ele>
    <time>2026-07-04T13:44:10Z</time>
   </trkpt>
   <trkpt lat="12.9142600" lon="77.6447150">
    <ele>884.9</ele>
    <time>2026-07-04T13:44:11Z</time>
   </trkpt>
   <trkpt lat="12.9142370" lon="77.6447140">
    <ele>884.9</ele>
    <time>2026-07-04T13:44:12Z</time>
   </trkpt>
   <trkpt lat="12.9142120" lon="77.6447120">
    <ele>885.0</ele>
    <time>2026-07-04T13:44:13Z</time>
   </trkpt>
   <trkpt lat="12.9141920" lon="77.6447070">
    <ele>885.1</ele>
    <time>2026-07-04T13:44:14Z</time>
   </trkpt>
   <trkpt lat="12.9141730" lon="77.6447130">
    <ele>885.2</ele>
    <time>2026-07-04T13:44:15Z</time>
   </trkpt>
   <trkpt lat="12.9141530" lon="77.6447100">
    <ele>885.3</ele>
    <time>2026-07-04T13:44:16Z</time>
   </trkpt>
   <trkpt lat="12.9141300" lon="77.6447090">
    <ele>885.4</ele>
    <time>2026-07-04T13:44:17Z</time>
   </trkpt>
   <trkpt lat="12.9141080" lon="77.6447090">
    <ele>885.4</ele>
    <time>2026-07-04T13:44:18Z</time>
   </trkpt>
   <trkpt lat="12.9140920" lon="77.6447060">
    <ele>885.5</ele>
    <time>2026-07-04T13:44:19Z</time>
   </trkpt>
   <trkpt lat="12.9140680" lon="77.6447080">
    <ele>885.6</ele>
    <time>2026-07-04T13:44:20Z</time>
   </trkpt>
   <trkpt lat="12.9140460" lon="77.6447080">
    <ele>885.7</ele>
    <time>2026-07-04T13:44:21Z</time>
   </trkpt>
   <trkpt lat="12.9140260" lon="77.6447100">
    <ele>885.8</ele>
    <time>2026-07-04T13:44:22Z</time>
   </trkpt>
   <trkpt lat="12.9140100" lon="77.6447090">
    <ele>885.8</ele>
    <time>2026-07-04T13:44:23Z</time>
   </trkpt>
   <trkpt lat="12.9139850" lon="77.6447080">
    <ele>886.0</ele>
    <time>2026-07-04T13:44:24Z</time>
   </trkpt>
   <trkpt lat="12.9139740" lon="77.6446960">
    <ele>886.0</ele>
    <time>2026-07-04T13:44:25Z</time>
   </trkpt>
   <trkpt lat="12.9139560" lon="77.6447080">
    <ele>886.1</ele>
    <time>2026-07-04T13:44:26Z</time>
   </trkpt>
   <trkpt lat="12.9139340" lon="77.6447130">
    <ele>886.2</ele>
    <time>2026-07-04T13:44:27Z</time>
   </trkpt>
   <trkpt lat="12.9139170" lon="77.6447140">
    <ele>886.3</ele>
    <time>2026-07-04T13:44:28Z</time>
   </trkpt>
   <trkpt lat="12.9138950" lon="77.6447090">
    <ele>886.4</ele>
    <time>2026-07-04T13:44:29Z</time>
   </trkpt>
   <trkpt lat="12.9138690" lon="77.6447090">
    <ele>886.5</ele>
    <time>2026-07-04T13:44:30Z</time>
   </trkpt>
   <trkpt lat="12.9138470" lon="77.6447110">
    <ele>886.6</ele>
    <time>2026-07-04T13:44:31Z</time>
   </trkpt>
   <trkpt lat="12.9138230" lon="77.6447140">
    <ele>886.7</ele>
    <time>2026-07-04T13:44:32Z</time>
   </trkpt>
   <trkpt lat="12.9138010" lon="77.6447190">
    <ele>886.8</ele>
    <time>2026-07-04T13:44:33Z</time>
   </trkpt>
   <trkpt lat="12.9137810" lon="77.6447200">
    <ele>886.9</ele>
    <time>2026-07-04T13:44:34Z</time>
   </trkpt>
   <trkpt lat="12.9137620" lon="77.6447170">
    <ele>887.0</ele>
    <time>2026-07-04T13:44:35Z</time>
   </trkpt>
   <trkpt lat="12.9137410" lon="77.6447150">
    <ele>887.1</ele>
    <time>2026-07-04T13:44:36Z</time>
   </trkpt>
   <trkpt lat="12.9137210" lon="77.6447170">
    <ele>887.2</ele>
    <time>2026-07-04T13:44:37Z</time>
   </trkpt>
   <trkpt lat="12.9137050" lon="77.6447080">
    <ele>887.3</ele>
    <time>2026-07-04T13:44:38Z</time>
   </trkpt>
   <trkpt lat="12.9136830" lon="77.6447120">
    <ele>887.4</ele>
    <time>2026-07-04T13:44:39Z</time>
   </trkpt>
   <trkpt lat="12.9136750" lon="77.6447200">
    <ele>887.4</ele>
    <time>2026-07-04T13:44:40Z</time>
   </trkpt>
   <trkpt lat="12.9136430" lon="77.6447210">
    <ele>887.6</ele>
    <time>2026-07-04T13:44:41Z</time>
   </trkpt>
   <trkpt lat="12.9136390" lon="77.6447210">
    <ele>887.6</ele>
    <time>2026-07-04T13:44:42Z</time>
   </trkpt>
   <trkpt lat="12.9136140" lon="77.6447200">
    <ele>887.7</ele>
    <time>2026-07-04T13:44:43Z</time>
   </trkpt>
   <trkpt lat="12.9136020" lon="77.6447190">
    <ele>887.8</ele>
    <time>2026-07-04T13:44:44Z</time>
   </trkpt>
   <trkpt lat="12.9135900" lon="77.6447240">
    <ele>887.8</ele>
    <time>2026-07-04T13:44:45Z</time>
   </trkpt>
   <trkpt lat="12.9135790" lon="77.6447240">
    <ele>887.8</ele>
    <time>2026-07-04T13:44:46Z</time>
   </trkpt>
   <trkpt lat="12.9135740" lon="77.6447270">
    <ele>887.9</ele>
    <time>2026-07-04T13:44:47Z</time>
   </trkpt>
   <trkpt lat="12.9135730" lon="77.6447270">
    <ele>887.9</ele>
    <time>2026-07-04T13:44:48Z</time>
   </trkpt>
   <trkpt lat="12.9135660" lon="77.6447280">
    <ele>887.9</ele>
    <time>2026-07-04T13:44:49Z</time>
   </trkpt>
   <trkpt lat="12.9135560" lon="77.6447320">
    <ele>887.9</ele>
    <time>2026-07-04T13:44:50Z</time>
   </trkpt>
   <trkpt lat="12.9135510" lon="77.6447340">
    <ele>888.0</ele>
    <time>2026-07-04T13:44:51Z</time>
   </trkpt>
   <trkpt lat="12.9135520" lon="77.6447350">
    <ele>888.0</ele>
    <time>2026-07-04T13:44:52Z</time>
   </trkpt>
   <trkpt lat="12.9135490" lon="77.6447370">
    <ele>888.0</ele>
    <time>2026-07-04T13:44:53Z</time>
   </trkpt>
   <trkpt lat="12.9135500" lon="77.6447370">
    <ele>888.0</ele>
    <time>2026-07-04T13:44:54Z</time>
   </trkpt>
   <trkpt lat="12.9135500" lon="77.6447370">
    <ele>888.0</ele>
    <time>2026-07-04T13:44:55Z</time>
   </trkpt>
   <trkpt lat="12.9135500" lon="77.6447370">
    <ele>888.0</ele>
    <time>2026-07-04T13:44:56Z</time>
   </trkpt>
   <trkpt lat="12.9135500" lon="77.6447370">
    <ele>888.0</ele>
    <time>2026-07-04T13:44:57Z</time>
   </trkpt>
   <trkpt lat="12.9135500" lon="77.6447370">
    <ele>888.0</ele>
    <time>2026-07-04T13:44:58Z</time>
   </trkpt>
   <trkpt lat="12.9135500" lon="77.6447370">
    <ele>888.0</ele>
    <time>2026-07-04T13:44:59Z</time>
   </trkpt>
   <trkpt lat="12.9135500" lon="77.6447370">
    <ele>888.0</ele>
    <time>2026-07-04T13:45:00Z</time>
   </trkpt>
   <trkpt lat="12.9135150" lon="77.6447410">
    <ele>888.1</ele>
    <time>2026-07-04T13:45:09Z</time>
   </trkpt>
   <trkpt lat="12.9135060" lon="77.6447400">
    <ele>888.2</ele>
    <time>2026-07-04T13:45:10Z</time>
   </trkpt>
   <trkpt lat="12.9135000" lon="77.6447400">
    <ele>888.2</ele>
    <time>2026-07-04T13:45:11Z</time>
   </trkpt>
   <trkpt lat="12.9135000" lon="77.6447440">
    <ele>888.2</ele>
    <time>2026-07-04T13:45:12Z</time>
   </trkpt>
   <trkpt lat="12.9134950" lon="77.6447460">
    <ele>888.2</ele>
    <time>2026-07-04T13:45:13Z</time>
   </trkpt>
   <trkpt lat="12.9134950" lon="77.6447470">
    <ele>888.2</ele>
    <time>2026-07-04T13:45:14Z</time>
   </trkpt>
   <trkpt lat="12.9134930" lon="77.6447470">
    <ele>888.2</ele>
    <time>2026-07-04T13:45:15Z</time>
   </trkpt>
   <trkpt lat="12.9134940" lon="77.6447480">
    <ele>888.2</ele>
    <time>2026-07-04T13:45:16Z</time>
   </trkpt>
   <trkpt lat="12.9134940" lon="77.6447470">
    <ele>888.2</ele>
    <time>2026-07-04T13:45:17Z</time>
   </trkpt>
   <trkpt lat="12.9134940" lon="77.6447470">
    <ele>888.2</ele>
    <time>2026-07-04T13:45:18Z</time>
   </trkpt>
   <trkpt lat="12.9134940" lon="77.6447470">
    <ele>888.2</ele>
    <time>2026-07-04T13:45:19Z</time>
   </trkpt>
   <trkpt lat="12.9134940" lon="77.6447470">
    <ele>888.2</ele>
    <time>2026-07-04T13:45:20Z</time>
   </trkpt>
   <trkpt lat="12.9134920" lon="77.6447470">
    <ele>888.2</ele>
    <time>2026-07-04T13:45:21Z</time>
   </trkpt>
   <trkpt lat="12.9134140" lon="77.6447330">
    <ele>888.5</ele>
    <time>2026-07-04T13:45:35Z</time>
   </trkpt>
   <trkpt lat="12.9134040" lon="77.6447280">
    <ele>888.6</ele>
    <time>2026-07-04T13:45:36Z</time>
   </trkpt>
   <trkpt lat="12.9134000" lon="77.6447270">
    <ele>888.6</ele>
    <time>2026-07-04T13:45:37Z</time>
   </trkpt>
   <trkpt lat="12.9133960" lon="77.6447250">
    <ele>888.6</ele>
    <time>2026-07-04T13:45:38Z</time>
   </trkpt>
   <trkpt lat="12.9133890" lon="77.6447220">
    <ele>888.6</ele>
    <time>2026-07-04T13:45:39Z</time>
   </trkpt>
   <trkpt lat="12.9133900" lon="77.6447220">
    <ele>888.6</ele>
    <time>2026-07-04T13:45:40Z</time>
   </trkpt>
   <trkpt lat="12.9133860" lon="77.6447250">
    <ele>888.7</ele>
    <time>2026-07-04T13:45:41Z</time>
   </trkpt>
   <trkpt lat="12.9133800" lon="77.6447240">
    <ele>888.7</ele>
    <time>2026-07-04T13:45:42Z</time>
   </trkpt>
   <trkpt lat="12.9133760" lon="77.6447210">
    <ele>888.7</ele>
    <time>2026-07-04T13:45:43Z</time>
   </trkpt>
   <trkpt lat="12.9133620" lon="77.6447200">
    <ele>888.8</ele>
    <time>2026-07-04T13:45:44Z</time>
   </trkpt>
   <trkpt lat="12.9133390" lon="77.6447110">
    <ele>888.9</ele>
    <time>2026-07-04T13:45:45Z</time>
   </trkpt>
   <trkpt lat="12.9133180" lon="77.6447080">
    <ele>888.9</ele>
    <time>2026-07-04T13:45:46Z</time>
   </trkpt>
   <trkpt lat="12.9132920" lon="77.6447050">
    <ele>889.0</ele>
    <time>2026-07-04T13:45:47Z</time>
   </trkpt>
   <trkpt lat="12.9132690" lon="77.6447030">
    <ele>889.1</ele>
    <time>2026-07-04T13:45:48Z</time>
   </trkpt>
   <trkpt lat="12.9132430" lon="77.6447030">
    <ele>889.2</ele>
    <time>2026-07-04T13:45:49Z</time>
   </trkpt>
   <trkpt lat="12.9132210" lon="77.6447020">
    <ele>889.3</ele>
    <time>2026-07-04T13:45:50Z</time>
   </trkpt>
   <trkpt lat="12.9131910" lon="77.6447080">
    <ele>889.4</ele>
    <time>2026-07-04T13:45:51Z</time>
   </trkpt>
   <trkpt lat="12.9131630" lon="77.6447120">
    <ele>889.5</ele>
    <time>2026-07-04T13:45:52Z</time>
   </trkpt>
   <trkpt lat="12.9131380" lon="77.6447110">
    <ele>889.6</ele>
    <time>2026-07-04T13:45:53Z</time>
   </trkpt>
   <trkpt lat="12.9131150" lon="77.6447080">
    <ele>889.6</ele>
    <time>2026-07-04T13:45:54Z</time>
   </trkpt>
   <trkpt lat="12.9130890" lon="77.6447120">
    <ele>889.7</ele>
    <time>2026-07-04T13:45:55Z</time>
   </trkpt>
   <trkpt lat="12.9130670" lon="77.6447140">
    <ele>889.8</ele>
    <time>2026-07-04T13:45:56Z</time>
   </trkpt>
   <trkpt lat="12.9130540" lon="77.6447140">
    <ele>889.9</ele>
    <time>2026-07-04T13:45:57Z</time>
   </trkpt>
   <trkpt lat="12.9130250" lon="77.6447040">
    <ele>890.0</ele>
    <time>2026-07-04T13:45:58Z</time>
   </trkpt>
   <trkpt lat="12.9129980" lon="77.6447030">
    <ele>890.1</ele>
    <time>2026-07-04T13:45:59Z</time>
   </trkpt>
   <trkpt lat="12.9129760" lon="77.6447040">
    <ele>890.2</ele>
    <time>2026-07-04T13:46:00Z</time>
   </trkpt>
   <trkpt lat="12.9129440" lon="77.6447030">
    <ele>890.3</ele>
    <time>2026-07-04T13:46:01Z</time>
   </trkpt>
   <trkpt lat="12.9129220" lon="77.6447020">
    <ele>890.4</ele>
    <time>2026-07-04T13:46:02Z</time>
   </trkpt>
   <trkpt lat="12.9128980" lon="77.6447040">
    <ele>890.5</ele>
    <time>2026-07-04T13:46:03Z</time>
   </trkpt>
   <trkpt lat="12.9128710" lon="77.6446930">
    <ele>890.6</ele>
    <time>2026-07-04T13:46:04Z</time>
   </trkpt>
   <trkpt lat="12.9128530" lon="77.6446870">
    <ele>890.6</ele>
    <time>2026-07-04T13:46:05Z</time>
   </trkpt>
   <trkpt lat="12.9128330" lon="77.6446850">
    <ele>890.7</ele>
    <time>2026-07-04T13:46:06Z</time>
   </trkpt>
   <trkpt lat="12.9128170" lon="77.6446770">
    <ele>890.8</ele>
    <time>2026-07-04T13:46:07Z</time>
   </trkpt>
   <trkpt lat="12.9128010" lon="77.6446720">
    <ele>890.8</ele>
    <time>2026-07-04T13:46:08Z</time>
   </trkpt>
   <trkpt lat="12.9127820" lon="77.6446690">
    <ele>890.9</ele>
    <time>2026-07-04T13:46:09Z</time>
   </trkpt>
   <trkpt lat="12.9127620" lon="77.6446700">
    <ele>891.0</ele>
    <time>2026-07-04T13:46:10Z</time>
   </trkpt>
   <trkpt lat="12.9127500" lon="77.6446630">
    <ele>891.0</ele>
    <time>2026-07-04T13:46:11Z</time>
   </trkpt>
   <trkpt lat="12.9127330" lon="77.6446580">
    <ele>891.1</ele>
    <time>2026-07-04T13:46:12Z</time>
   </trkpt>
   <trkpt lat="12.9127300" lon="77.6446620">
    <ele>891.1</ele>
    <time>2026-07-04T13:46:13Z</time>
   </trkpt>
   <trkpt lat="12.9127290" lon="77.6446650">
    <ele>891.1</ele>
    <time>2026-07-04T13:46:14Z</time>
   </trkpt>
   <trkpt lat="12.9127250" lon="77.6446600">
    <ele>891.2</ele>
    <time>2026-07-04T13:46:15Z</time>
   </trkpt>
   <trkpt lat="12.9127160" lon="77.6446540">
    <ele>891.2</ele>
    <time>2026-07-04T13:46:16Z</time>
   </trkpt>
   <trkpt lat="12.9127040" lon="77.6446430">
    <ele>891.3</ele>
    <time>2026-07-04T13:46:17Z</time>
   </trkpt>
   <trkpt lat="12.9126990" lon="77.6446400">
    <ele>891.3</ele>
    <time>2026-07-04T13:46:18Z</time>
   </trkpt>
   <trkpt lat="12.9126920" lon="77.6446470">
    <ele>891.3</ele>
    <time>2026-07-04T13:46:19Z</time>
   </trkpt>
   <trkpt lat="12.9126890" lon="77.6446420">
    <ele>891.3</ele>
    <time>2026-07-04T13:46:20Z</time>
   </trkpt>
   <trkpt lat="12.9126780" lon="77.6446500">
    <ele>891.4</ele>
    <time>2026-07-04T13:46:21Z</time>
   </trkpt>
   <trkpt lat="12.9126630" lon="77.6446570">
    <ele>891.5</ele>
    <time>2026-07-04T13:46:22Z</time>
   </trkpt>
   <trkpt lat="12.9126520" lon="77.6446570">
    <ele>891.5</ele>
    <time>2026-07-04T13:46:23Z</time>
   </trkpt>
   <trkpt lat="12.9126360" lon="77.6446620">
    <ele>891.6</ele>
    <time>2026-07-04T13:46:24Z</time>
   </trkpt>
   <trkpt lat="12.9126330" lon="77.6446710">
    <ele>891.6</ele>
    <time>2026-07-04T13:46:25Z</time>
   </trkpt>
   <trkpt lat="12.9126230" lon="77.6446780">
    <ele>891.6</ele>
    <time>2026-07-04T13:46:26Z</time>
   </trkpt>
   <trkpt lat="12.9126110" lon="77.6446810">
    <ele>891.7</ele>
    <time>2026-07-04T13:46:27Z</time>
   </trkpt>
   <trkpt lat="12.9126130" lon="77.6446800">
    <ele>891.7</ele>
    <time>2026-07-04T13:46:28Z</time>
   </trkpt>
   <trkpt lat="12.9126120" lon="77.6446830">
    <ele>891.7</ele>
    <time>2026-07-04T13:46:29Z</time>
   </trkpt>
   <trkpt lat="12.9126110" lon="77.6446860">
    <ele>891.7</ele>
    <time>2026-07-04T13:46:30Z</time>
   </trkpt>
   <trkpt lat="12.9126090" lon="77.6446890">
    <ele>891.7</ele>
    <time>2026-07-04T13:46:31Z</time>
   </trkpt>
   <trkpt lat="12.9126060" lon="77.6446920">
    <ele>891.7</ele>
    <time>2026-07-04T13:46:32Z</time>
   </trkpt>
   <trkpt lat="12.9126030" lon="77.6446930">
    <ele>891.8</ele>
    <time>2026-07-04T13:46:33Z</time>
   </trkpt>
   <trkpt lat="12.9126010" lon="77.6446950">
    <ele>891.8</ele>
    <time>2026-07-04T13:46:34Z</time>
   </trkpt>
   <trkpt lat="12.9126010" lon="77.6446950">
    <ele>891.8</ele>
    <time>2026-07-04T13:46:35Z</time>
   </trkpt>
   <trkpt lat="12.9126010" lon="77.6446950">
    <ele>891.8</ele>
    <time>2026-07-04T13:46:36Z</time>
   </trkpt>
   <trkpt lat="12.9126010" lon="77.6446950">
    <ele>891.8</ele>
    <time>2026-07-04T13:46:37Z</time>
   </trkpt>
   <trkpt lat="12.9125510" lon="77.6446960">
    <ele>892.0</ele>
    <time>2026-07-04T13:47:43Z</time>
   </trkpt>
   <trkpt lat="12.9125230" lon="77.6446950">
    <ele>892.1</ele>
    <time>2026-07-04T13:47:44Z</time>
   </trkpt>
   <trkpt lat="12.9125020" lon="77.6446960">
    <ele>892.1</ele>
    <time>2026-07-04T13:47:45Z</time>
   </trkpt>
   <trkpt lat="12.9124830" lon="77.6446960">
    <ele>892.2</ele>
    <time>2026-07-04T13:47:46Z</time>
   </trkpt>
   <trkpt lat="12.9124680" lon="77.6446920">
    <ele>892.3</ele>
    <time>2026-07-04T13:47:47Z</time>
   </trkpt>
   <trkpt lat="12.9124500" lon="77.6446920">
    <ele>892.4</ele>
    <time>2026-07-04T13:47:48Z</time>
   </trkpt>
   <trkpt lat="12.9124290" lon="77.6446900">
    <ele>892.4</ele>
    <time>2026-07-04T13:47:49Z</time>
   </trkpt>
   <trkpt lat="12.9124070" lon="77.6446860">
    <ele>892.5</ele>
    <time>2026-07-04T13:47:50Z</time>
   </trkpt>
   <trkpt lat="12.9123780" lon="77.6446880">
    <ele>892.7</ele>
    <time>2026-07-04T13:47:51Z</time>
   </trkpt>
   <trkpt lat="12.9123520" lon="77.6446870">
    <ele>892.8</ele>
    <time>2026-07-04T13:47:52Z</time>
   </trkpt>
   <trkpt lat="12.9123310" lon="77.6446880">
    <ele>892.9</ele>
    <time>2026-07-04T13:47:53Z</time>
   </trkpt>
   <trkpt lat="12.9123160" lon="77.6446870">
    <ele>892.9</ele>
    <time>2026-07-04T13:47:54Z</time>
   </trkpt>
   <trkpt lat="12.9123010" lon="77.6446840">
    <ele>893.0</ele>
    <time>2026-07-04T13:47:55Z</time>
   </trkpt>
   <trkpt lat="12.9122840" lon="77.6446890">
    <ele>893.1</ele>
    <time>2026-07-04T13:47:56Z</time>
   </trkpt>
   <trkpt lat="12.9122590" lon="77.6446920">
    <ele>893.2</ele>
    <time>2026-07-04T13:47:57Z</time>
   </trkpt>
   <trkpt lat="12.9122350" lon="77.6446930">
    <ele>893.3</ele>
    <time>2026-07-04T13:47:58Z</time>
   </trkpt>
   <trkpt lat="12.9122120" lon="77.6446930">
    <ele>893.3</ele>
    <time>2026-07-04T13:47:59Z</time>
   </trkpt>
   <trkpt lat="12.9121850" lon="77.6446910">
    <ele>893.4</ele>
    <time>2026-07-04T13:48:00Z</time>
   </trkpt>
   <trkpt lat="12.9121590" lon="77.6446950">
    <ele>893.5</ele>
    <time>2026-07-04T13:48:01Z</time>
   </trkpt>
   <trkpt lat="12.9121310" lon="77.6446960">
    <ele>893.6</ele>
    <time>2026-07-04T13:48:02Z</time>
   </trkpt>
   <trkpt lat="12.9121060" lon="77.6446990">
    <ele>893.7</ele>
    <time>2026-07-04T13:48:03Z</time>
   </trkpt>
   <trkpt lat="12.9120830" lon="77.6447000">
    <ele>893.8</ele>
    <time>2026-07-04T13:48:04Z</time>
   </trkpt>
   <trkpt lat="12.9120640" lon="77.6446970">
    <ele>893.9</ele>
    <time>2026-07-04T13:48:05Z</time>
   </trkpt>
   <trkpt lat="12.9120400" lon="77.6446940">
    <ele>893.9</ele>
    <time>2026-07-04T13:48:06Z</time>
   </trkpt>
   <trkpt lat="12.9120170" lon="77.6446950">
    <ele>894.0</ele>
    <time>2026-07-04T13:48:07Z</time>
   </trkpt>
   <trkpt lat="12.9120000" lon="77.6447000">
    <ele>894.0</ele>
    <time>2026-07-04T13:48:08Z</time>
   </trkpt>
   <trkpt lat="12.9119820" lon="77.6446980">
    <ele>894.1</ele>
    <time>2026-07-04T13:48:09Z</time>
   </trkpt>
   <trkpt lat="12.9119560" lon="77.6446990">
    <ele>894.2</ele>
    <time>2026-07-04T13:48:10Z</time>
   </trkpt>
   <trkpt lat="12.9119320" lon="77.6446930">
    <ele>894.2</ele>
    <time>2026-07-04T13:48:11Z</time>
   </trkpt>
   <trkpt lat="12.9119140" lon="77.6446980">
    <ele>894.3</ele>
    <time>2026-07-04T13:48:12Z</time>
   </trkpt>
   <trkpt lat="12.9118930" lon="77.6446910">
    <ele>894.4</ele>
    <time>2026-07-04T13:48:13Z</time>
   </trkpt>
   <trkpt lat="12.9118610" lon="77.6446810">
    <ele>894.5</ele>
    <time>2026-07-04T13:48:14Z</time>
   </trkpt>
   <trkpt lat="12.9118420" lon="77.6446880">
    <ele>894.5</ele>
    <time>2026-07-04T13:48:15Z</time>
   </trkpt>
   <trkpt lat="12.9118190" lon="77.6446880">
    <ele>894.6</ele>
    <time>2026-07-04T13:48:16Z</time>
   </trkpt>
   <trkpt lat="12.9117990" lon="77.6446830">
    <ele>894.6</ele>
    <time>2026-07-04T13:48:17Z</time>
   </trkpt>
   <trkpt lat="12.9117780" lon="77.6446830">
    <ele>894.7</ele>
    <time>2026-07-04T13:48:18Z</time>
   </trkpt>
   <trkpt lat="12.9117620" lon="77.6446810">
    <ele>894.7</ele>
    <time>2026-07-04T13:48:19Z</time>
   </trkpt>
   <trkpt lat="12.9117400" lon="77.6446770">
    <ele>894.8</ele>
    <time>2026-07-04T13:48:20Z</time>
   </trkpt>
   <trkpt lat="12.9117140" lon="77.6446720">
    <ele>894.8</ele>
    <time>2026-07-04T13:48:21Z</time>
   </trkpt>
   <trkpt lat="12.9116920" lon="77.6446680">
    <ele>894.9</ele>
    <time>2026-07-04T13:48:22Z</time>
   </trkpt>
   <trkpt lat="12.9116570" lon="77.6446630">
    <ele>894.9</ele>
    <time>2026-07-04T13:48:23Z</time>
   </trkpt>
   <trkpt lat="12.9116360" lon="77.6446670">
    <ele>895.0</ele>
    <time>2026-07-04T13:48:24Z</time>
   </trkpt>
   <trkpt lat="12.9116080" lon="77.6446660">
    <ele>895.1</ele>
    <time>2026-07-04T13:48:25Z</time>
   </trkpt>
   <trkpt lat="12.9115810" lon="77.6446650">
    <ele>895.1</ele>
    <time>2026-07-04T13:48:26Z</time>
   </trkpt>
   <trkpt lat="12.9115640" lon="77.6446660">
    <ele>895.1</ele>
    <time>2026-07-04T13:48:27Z</time>
   </trkpt>
   <trkpt lat="12.9115390" lon="77.6446720">
    <ele>895.2</ele>
    <time>2026-07-04T13:48:28Z</time>
   </trkpt>
   <trkpt lat="12.9115110" lon="77.6446690">
    <ele>895.2</ele>
    <time>2026-07-04T13:48:29Z</time>
   </trkpt>
   <trkpt lat="12.9114910" lon="77.6446650">
    <ele>895.2</ele>
    <time>2026-07-04T13:48:30Z</time>
   </trkpt>
   <trkpt lat="12.9114610" lon="77.6446660">
    <ele>895.3</ele>
    <time>2026-07-04T13:48:31Z</time>
   </trkpt>
   <trkpt lat="12.9114390" lon="77.6446650">
    <ele>895.3</ele>
    <time>2026-07-04T13:48:32Z</time>
   </trkpt>
   <trkpt lat="12.9114090" lon="77.6446680">
    <ele>895.4</ele>
    <time>2026-07-04T13:48:33Z</time>
   </trkpt>
   <trkpt lat="12.9113860" lon="77.6446650">
    <ele>895.4</ele>
    <time>2026-07-04T13:48:34Z</time>
   </trkpt>
   <trkpt lat="12.9113530" lon="77.6446620">
    <ele>895.5</ele>
    <time>2026-07-04T13:48:35Z</time>
   </trkpt>
   <trkpt lat="12.9113260" lon="77.6446600">
    <ele>895.5</ele>
    <time>2026-07-04T13:48:36Z</time>
   </trkpt>
   <trkpt lat="12.9112990" lon="77.6446620">
    <ele>895.6</ele>
    <time>2026-07-04T13:48:37Z</time>
   </trkpt>
   <trkpt lat="12.9112740" lon="77.6446570">
    <ele>895.6</ele>
    <time>2026-07-04T13:48:38Z</time>
   </trkpt>
   <trkpt lat="12.9112480" lon="77.6446570">
    <ele>895.7</ele>
    <time>2026-07-04T13:48:39Z</time>
   </trkpt>
   <trkpt lat="12.9112230" lon="77.6446610">
    <ele>895.7</ele>
    <time>2026-07-04T13:48:40Z</time>
   </trkpt>
   <trkpt lat="12.9111920" lon="77.6446580">
    <ele>895.8</ele>
    <time>2026-07-04T13:48:41Z</time>
   </trkpt>
   <trkpt lat="12.9111680" lon="77.6446580">
    <ele>895.9</ele>
    <time>2026-07-04T13:48:42Z</time>
   </trkpt>
   <trkpt lat="12.9111500" lon="77.6446580">
    <ele>895.9</ele>
    <time>2026-07-04T13:48:43Z</time>
   </trkpt>
   <trkpt lat="12.9111260" lon="77.6446560">
    <ele>895.9</ele>
    <time>2026-07-04T13:48:44Z</time>
   </trkpt>
   <trkpt lat="12.9111000" lon="77.6446560">
    <ele>896.0</ele>
    <time>2026-07-04T13:48:45Z</time>
   </trkpt>
   <trkpt lat="12.9110760" lon="77.6446570">
    <ele>896.1</ele>
    <time>2026-07-04T13:48:46Z</time>
   </trkpt>
   <trkpt lat="12.9110590" lon="77.6446550">
    <ele>896.1</ele>
    <time>2026-07-04T13:48:47Z</time>
   </trkpt>
   <trkpt lat="12.9110400" lon="77.6446560">
    <ele>896.1</ele>
    <time>2026-07-04T13:48:48Z</time>
   </trkpt>
   <trkpt lat="12.9110170" lon="77.6446630">
    <ele>896.2</ele>
    <time>2026-07-04T13:48:49Z</time>
   </trkpt>
   <trkpt lat="12.9110040" lon="77.6446580">
    <ele>896.2</ele>
    <time>2026-07-04T13:48:50Z</time>
   </trkpt>
   <trkpt lat="12.9109830" lon="77.6446630">
    <ele>896.2</ele>
    <time>2026-07-04T13:48:51Z</time>
   </trkpt>
   <trkpt lat="12.9109700" lon="77.6446620">
    <ele>896.3</ele>
    <time>2026-07-04T13:48:52Z</time>
   </trkpt>
   <trkpt lat="12.9109560" lon="77.6446620">
    <ele>896.3</ele>
    <time>2026-07-04T13:48:53Z</time>
   </trkpt>
   <trkpt lat="12.9109360" lon="77.6446590">
    <ele>896.3</ele>
    <time>2026-07-04T13:48:54Z</time>
   </trkpt>
   <trkpt lat="12.9109110" lon="77.6446500">
    <ele>896.4</ele>
    <time>2026-07-04T13:48:55Z</time>
   </trkpt>
   <trkpt lat="12.9108910" lon="77.6446480">
    <ele>896.4</ele>
    <time>2026-07-04T13:48:56Z</time>
   </trkpt>
   <trkpt lat="12.9108680" lon="77.6446520">
    <ele>896.4</ele>
    <time>2026-07-04T13:48:57Z</time>
   </trkpt>
   <trkpt lat="12.9108440" lon="77.6446490">
    <ele>896.5</ele>
    <time>2026-07-04T13:48:58Z</time>
   </trkpt>
   <trkpt lat="12.9108230" lon="77.6446430">
    <ele>896.5</ele>
    <time>2026-07-04T13:48:59Z</time>
   </trkpt>
   <trkpt lat="12.9107930" lon="77.6446380">
    <ele>896.6</ele>
    <time>2026-07-04T13:49:00Z</time>
   </trkpt>
   <trkpt lat="12.9107650" lon="77.6446400">
    <ele>896.6</ele>
    <time>2026-07-04T13:49:01Z</time>
   </trkpt>
   <trkpt lat="12.9107410" lon="77.6446390">
    <ele>896.6</ele>
    <time>2026-07-04T13:49:02Z</time>
   </trkpt>
   <trkpt lat="12.9107160" lon="77.6446380">
    <ele>896.7</ele>
    <time>2026-07-04T13:49:03Z</time>
   </trkpt>
   <trkpt lat="12.9106910" lon="77.6446380">
    <ele>896.7</ele>
    <time>2026-07-04T13:49:04Z</time>
   </trkpt>
   <trkpt lat="12.9106620" lon="77.6446430">
    <ele>896.7</ele>
    <time>2026-07-04T13:49:05Z</time>
   </trkpt>
   <trkpt lat="12.9106320" lon="77.6446390">
    <ele>896.8</ele>
    <time>2026-07-04T13:49:06Z</time>
   </trkpt>
   <trkpt lat="12.9106070" lon="77.6446350">
    <ele>896.8</ele>
    <time>2026-07-04T13:49:07Z</time>
   </trkpt>
   <trkpt lat="12.9105840" lon="77.6446290">
    <ele>896.8</ele>
    <time>2026-07-04T13:49:08Z</time>
   </trkpt>
   <trkpt lat="12.9105560" lon="77.6446290">
    <ele>896.9</ele>
    <time>2026-07-04T13:49:09Z</time>
   </trkpt>
   <trkpt lat="12.9105280" lon="77.6446320">
    <ele>896.9</ele>
    <time>2026-07-04T13:49:10Z</time>
   </trkpt>
   <trkpt lat="12.9105070" lon="77.6446240">
    <ele>896.9</ele>
    <time>2026-07-04T13:49:11Z</time>
   </trkpt>
   <trkpt lat="12.9104750" lon="77.6446240">
    <ele>897.0</ele>
    <time>2026-07-04T13:49:12Z</time>
   </trkpt>
   <trkpt lat="12.9104480" lon="77.6446290">
    <ele>897.0</ele>
    <time>2026-07-04T13:49:13Z</time>
   </trkpt>
   <trkpt lat="12.9104270" lon="77.6446250">
    <ele>897.0</ele>
    <time>2026-07-04T13:49:14Z</time>
   </trkpt>
   <trkpt lat="12.9103980" lon="77.6446250">
    <ele>897.0</ele>
    <time>2026-07-04T13:49:15Z</time>
   </trkpt>
   <trkpt lat="12.9103720" lon="77.6446260">
    <ele>897.1</ele>
    <time>2026-07-04T13:49:16Z</time>
   </trkpt>
   <trkpt lat="12.9103440" lon="77.6446260">
    <ele>897.1</ele>
    <time>2026-07-04T13:49:17Z</time>
   </trkpt>
   <trkpt lat="12.9103150" lon="77.6446240">
    <ele>897.1</ele>
    <time>2026-07-04T13:49:18Z</time>
   </trkpt>
   <trkpt lat="12.9102850" lon="77.6446250">
    <ele>897.2</ele>
    <time>2026-07-04T13:49:19Z</time>
   </trkpt>
   <trkpt lat="12.9102550" lon="77.6446220">
    <ele>897.2</ele>
    <time>2026-07-04T13:49:20Z</time>
   </trkpt>
   <trkpt lat="12.9102340" lon="77.6446250">
    <ele>897.2</ele>
    <time>2026-07-04T13:49:21Z</time>
   </trkpt>
   <trkpt lat="12.9102040" lon="77.6446180">
    <ele>897.3</ele>
    <time>2026-07-04T13:49:22Z</time>
   </trkpt>
   <trkpt lat="12.9101840" lon="77.6446190">
    <ele>897.3</ele>
    <time>2026-07-04T13:49:23Z</time>
   </trkpt>
   <trkpt lat="12.9101610" lon="77.6446230">
    <ele>897.3</ele>
    <time>2026-07-04T13:49:24Z</time>
   </trkpt>
   <trkpt lat="12.9101420" lon="77.6446170">
    <ele>897.3</ele>
    <time>2026-07-04T13:49:25Z</time>
   </trkpt>
   <trkpt lat="12.9101170" lon="77.6446140">
    <ele>897.4</ele>
    <time>2026-07-04T13:49:26Z</time>
   </trkpt>
   <trkpt lat="12.9101020" lon="77.6446120">
    <ele>897.4</ele>
    <time>2026-07-04T13:49:28Z</time>
   </trkpt>
   <trkpt lat="12.9100790" lon="77.6446110">
    <ele>897.4</ele>
    <time>2026-07-04T13:49:29Z</time>
   </trkpt>
   <trkpt lat="12.9100550" lon="77.6446120">
    <ele>897.4</ele>
    <time>2026-07-04T13:49:30Z</time>
   </trkpt>
   <trkpt lat="12.9100330" lon="77.6446070">
    <ele>897.4</ele>
    <time>2026-07-04T13:49:31Z</time>
   </trkpt>
   <trkpt lat="12.9100130" lon="77.6446050">
    <ele>897.4</ele>
    <time>2026-07-04T13:49:32Z</time>
   </trkpt>
   <trkpt lat="12.9099860" lon="77.6446050">
    <ele>897.4</ele>
    <time>2026-07-04T13:49:33Z</time>
   </trkpt>
   <trkpt lat="12.9099630" lon="77.6446040">
    <ele>897.4</ele>
    <time>2026-07-04T13:49:34Z</time>
   </trkpt>
   <trkpt lat="12.9099380" lon="77.6446040">
    <ele>897.4</ele>
    <time>2026-07-04T13:49:35Z</time>
   </trkpt>
   <trkpt lat="12.9099170" lon="77.6446040">
    <ele>897.5</ele>
    <time>2026-07-04T13:49:36Z</time>
   </trkpt>
   <trkpt lat="12.9098930" lon="77.6446050">
    <ele>897.5</ele>
    <time>2026-07-04T13:49:37Z</time>
   </trkpt>
   <trkpt lat="12.9098620" lon="77.6446020">
    <ele>897.5</ele>
    <time>2026-07-04T13:49:38Z</time>
   </trkpt>
   <trkpt lat="12.9098410" lon="77.6446100">
    <ele>897.5</ele>
    <time>2026-07-04T13:49:39Z</time>
   </trkpt>
   <trkpt lat="12.9098120" lon="77.6446130">
    <ele>897.5</ele>
    <time>2026-07-04T13:49:40Z</time>
   </trkpt>
   <trkpt lat="12.9097820" lon="77.6446120">
    <ele>897.5</ele>
    <time>2026-07-04T13:49:41Z</time>
   </trkpt>
   <trkpt lat="12.9097540" lon="77.6446100">
    <ele>897.5</ele>
    <time>2026-07-04T13:49:42Z</time>
   </trkpt>
   <trkpt lat="12.9097310" lon="77.6446030">
    <ele>897.4</ele>
    <time>2026-07-04T13:49:43Z</time>
   </trkpt>
   <trkpt lat="12.9097080" lon="77.6446080">
    <ele>897.4</ele>
    <time>2026-07-04T13:49:44Z</time>
   </trkpt>
   <trkpt lat="12.9096860" lon="77.6446090">
    <ele>897.4</ele>
    <time>2026-07-04T13:49:45Z</time>
   </trkpt>
   <trkpt lat="12.9096670" lon="77.6446090">
    <ele>897.4</ele>
    <time>2026-07-04T13:49:46Z</time>
   </trkpt>
   <trkpt lat="12.9096450" lon="77.6446120">
    <ele>897.4</ele>
    <time>2026-07-04T13:49:47Z</time>
   </trkpt>
   <trkpt lat="12.9096220" lon="77.6446090">
    <ele>897.4</ele>
    <time>2026-07-04T13:49:48Z</time>
   </trkpt>
   <trkpt lat="12.9095950" lon="77.6446080">
    <ele>897.4</ele>
    <time>2026-07-04T13:49:49Z</time>
   </trkpt>
   <trkpt lat="12.9095650" lon="77.6446080">
    <ele>897.4</ele>
    <time>2026-07-04T13:49:50Z</time>
   </trkpt>
   <trkpt lat="12.9095390" lon="77.6446030">
    <ele>897.4</ele>
    <time>2026-07-04T13:49:51Z</time>
   </trkpt>
   <trkpt lat="12.9095110" lon="77.6446000">
    <ele>897.4</ele>
    <time>2026-07-04T13:49:52Z</time>
   </trkpt>
   <trkpt lat="12.9094810" lon="77.6446000">
    <ele>897.4</ele>
    <time>2026-07-04T13:49:53Z</time>
   </trkpt>
   <trkpt lat="12.9094570" lon="77.6446000">
    <ele>897.4</ele>
    <time>2026-07-04T13:49:54Z</time>
   </trkpt>
   <trkpt lat="12.9094380" lon="77.6446000">
    <ele>897.4</ele>
    <time>2026-07-04T13:49:55Z</time>
   </trkpt>
   <trkpt lat="12.9094170" lon="77.6446020">
    <ele>897.4</ele>
    <time>2026-07-04T13:49:56Z</time>
   </trkpt>
   <trkpt lat="12.9094060" lon="77.6446050">
    <ele>897.4</ele>
    <time>2026-07-04T13:49:57Z</time>
   </trkpt>
   <trkpt lat="12.9093940" lon="77.6446000">
    <ele>897.4</ele>
    <time>2026-07-04T13:49:58Z</time>
   </trkpt>
   <trkpt lat="12.9093810" lon="77.6445990">
    <ele>897.4</ele>
    <time>2026-07-04T13:49:59Z</time>
   </trkpt>
   <trkpt lat="12.9093630" lon="77.6446010">
    <ele>897.4</ele>
    <time>2026-07-04T13:50:00Z</time>
   </trkpt>
   <trkpt lat="12.9093440" lon="77.6446020">
    <ele>897.5</ele>
    <time>2026-07-04T13:50:01Z</time>
   </trkpt>
   <trkpt lat="12.9093280" lon="77.6446000">
    <ele>897.5</ele>
    <time>2026-07-04T13:50:02Z</time>
   </trkpt>
   <trkpt lat="12.9093070" lon="77.6445970">
    <ele>897.5</ele>
    <time>2026-07-04T13:50:03Z</time>
   </trkpt>
   <trkpt lat="12.9092890" lon="77.6445990">
    <ele>897.5</ele>
    <time>2026-07-04T13:50:04Z</time>
   </trkpt>
   <trkpt lat="12.9092620" lon="77.6446080">
    <ele>897.5</ele>
    <time>2026-07-04T13:50:05Z</time>
   </trkpt>
   <trkpt lat="12.9092440" lon="77.6446100">
    <ele>897.5</ele>
    <time>2026-07-04T13:50:06Z</time>
   </trkpt>
   <trkpt lat="12.9092280" lon="77.6446150">
    <ele>897.5</ele>
    <time>2026-07-04T13:50:07Z</time>
   </trkpt>
   <trkpt lat="12.9092100" lon="77.6446200">
    <ele>897.5</ele>
    <time>2026-07-04T13:50:08Z</time>
   </trkpt>
   <trkpt lat="12.9091910" lon="77.6446220">
    <ele>897.5</ele>
    <time>2026-07-04T13:50:09Z</time>
   </trkpt>
   <trkpt lat="12.9091660" lon="77.6446170">
    <ele>897.4</ele>
    <time>2026-07-04T13:50:10Z</time>
   </trkpt>
   <trkpt lat="12.9091520" lon="77.6446160">
    <ele>897.4</ele>
    <time>2026-07-04T13:50:11Z</time>
   </trkpt>
   <trkpt lat="12.9091350" lon="77.6446110">
    <ele>897.4</ele>
    <time>2026-07-04T13:50:12Z</time>
   </trkpt>
   <trkpt lat="12.9091240" lon="77.6446100">
    <ele>897.4</ele>
    <time>2026-07-04T13:50:13Z</time>
   </trkpt>
   <trkpt lat="12.9091170" lon="77.6446090">
    <ele>897.4</ele>
    <time>2026-07-04T13:50:14Z</time>
   </trkpt>
   <trkpt lat="12.9091090" lon="77.6446120">
    <ele>897.4</ele>
    <time>2026-07-04T13:50:15Z</time>
   </trkpt>
   <trkpt lat="12.9090980" lon="77.6446150">
    <ele>897.4</ele>
    <time>2026-07-04T13:50:16Z</time>
   </trkpt>
   <trkpt lat="12.9090800" lon="77.6446140">
    <ele>897.4</ele>
    <time>2026-07-04T13:50:17Z</time>
   </trkpt>
   <trkpt lat="12.9090680" lon="77.6446100">
    <ele>897.4</ele>
    <time>2026-07-04T13:50:18Z</time>
   </trkpt>
   <trkpt lat="12.9090470" lon="77.6446000">
    <ele>897.4</ele>
    <time>2026-07-04T13:50:19Z</time>
   </trkpt>
   <trkpt lat="12.9090260" lon="77.6445870">
    <ele>897.3</ele>
    <time>2026-07-04T13:50:20Z</time>
   </trkpt>
   <trkpt lat="12.9090090" lon="77.6445710">
    <ele>897.3</ele>
    <time>2026-07-04T13:50:21Z</time>
   </trkpt>
   <trkpt lat="12.9089990" lon="77.6445690">
    <ele>897.3</ele>
    <time>2026-07-04T13:50:22Z</time>
   </trkpt>
   <trkpt lat="12.9089770" lon="77.6445680">
    <ele>897.3</ele>
    <time>2026-07-04T13:50:23Z</time>
   </trkpt>
   <trkpt lat="12.9089580" lon="77.6445690">
    <ele>897.3</ele>
    <time>2026-07-04T13:50:24Z</time>
   </trkpt>
   <trkpt lat="12.9089430" lon="77.6445660">
    <ele>897.3</ele>
    <time>2026-07-04T13:50:25Z</time>
   </trkpt>
   <trkpt lat="12.9089260" lon="77.6445650">
    <ele>897.3</ele>
    <time>2026-07-04T13:50:26Z</time>
   </trkpt>
   <trkpt lat="12.9089030" lon="77.6445660">
    <ele>897.3</ele>
    <time>2026-07-04T13:50:27Z</time>
   </trkpt>
   <trkpt lat="12.9088800" lon="77.6445630">
    <ele>897.3</ele>
    <time>2026-07-04T13:50:28Z</time>
   </trkpt>
   <trkpt lat="12.9088560" lon="77.6445670">
    <ele>897.2</ele>
    <time>2026-07-04T13:50:29Z</time>
   </trkpt>
   <trkpt lat="12.9088340" lon="77.6445650">
    <ele>897.2</ele>
    <time>2026-07-04T13:50:30Z</time>
   </trkpt>
   <trkpt lat="12.9088120" lon="77.6445690">
    <ele>897.2</ele>
    <time>2026-07-04T13:50:31Z</time>
   </trkpt>
   <trkpt lat="12.9087890" lon="77.6445640">
    <ele>897.2</ele>
    <time>2026-07-04T13:50:32Z</time>
   </trkpt>
   <trkpt lat="12.9087700" lon="77.6445630">
    <ele>897.2</ele>
    <time>2026-07-04T13:50:33Z</time>
   </trkpt>
   <trkpt lat="12.9087470" lon="77.6445600">
    <ele>897.2</ele>
    <time>2026-07-04T13:50:34Z</time>
   </trkpt>
   <trkpt lat="12.9087220" lon="77.6445590">
    <ele>897.2</ele>
    <time>2026-07-04T13:50:35Z</time>
   </trkpt>
   <trkpt lat="12.9086940" lon="77.6445550">
    <ele>897.2</ele>
    <time>2026-07-04T13:50:36Z</time>
   </trkpt>
   <trkpt lat="12.9086720" lon="77.6445520">
    <ele>897.2</ele>
    <time>2026-07-04T13:50:37Z</time>
   </trkpt>
   <trkpt lat="12.9086580" lon="77.6445560">
    <ele>897.2</ele>
    <time>2026-07-04T13:50:38Z</time>
   </trkpt>
   <trkpt lat="12.9086280" lon="77.6445560">
    <ele>897.1</ele>
    <time>2026-07-04T13:50:39Z</time>
   </trkpt>
   <trkpt lat="12.9086020" lon="77.6445500">
    <ele>897.1</ele>
    <time>2026-07-04T13:50:40Z</time>
   </trkpt>
   <trkpt lat="12.9085800" lon="77.6445510">
    <ele>897.1</ele>
    <time>2026-07-04T13:50:41Z</time>
   </trkpt>
   <trkpt lat="12.9085530" lon="77.6445490">
    <ele>897.1</ele>
    <time>2026-07-04T13:50:42Z</time>
   </trkpt>
   <trkpt lat="12.9085280" lon="77.6445450">
    <ele>897.1</ele>
    <time>2026-07-04T13:50:43Z</time>
   </trkpt>
   <trkpt lat="12.9085040" lon="77.6445480">
    <ele>897.1</ele>
    <time>2026-07-04T13:50:44Z</time>
   </trkpt>
   <trkpt lat="12.9084780" lon="77.6445460">
    <ele>897.1</ele>
    <time>2026-07-04T13:50:45Z</time>
   </trkpt>
   <trkpt lat="12.9084500" lon="77.6445440">
    <ele>897.0</ele>
    <time>2026-07-04T13:50:46Z</time>
   </trkpt>
   <trkpt lat="12.9084270" lon="77.6445410">
    <ele>897.0</ele>
    <time>2026-07-04T13:50:47Z</time>
   </trkpt>
   <trkpt lat="12.9083980" lon="77.6445370">
    <ele>897.0</ele>
    <time>2026-07-04T13:50:48Z</time>
   </trkpt>
   <trkpt lat="12.9083720" lon="77.6445320">
    <ele>896.9</ele>
    <time>2026-07-04T13:50:49Z</time>
   </trkpt>
   <trkpt lat="12.9083440" lon="77.6445260">
    <ele>896.9</ele>
    <time>2026-07-04T13:50:50Z</time>
   </trkpt>
   <trkpt lat="12.9083150" lon="77.6445210">
    <ele>896.8</ele>
    <time>2026-07-04T13:50:51Z</time>
   </trkpt>
   <trkpt lat="12.9082860" lon="77.6445170">
    <ele>896.8</ele>
    <time>2026-07-04T13:50:52Z</time>
   </trkpt>
   <trkpt lat="12.9082500" lon="77.6445110">
    <ele>896.7</ele>
    <time>2026-07-04T13:50:53Z</time>
   </trkpt>
   <trkpt lat="12.9082200" lon="77.6445130">
    <ele>896.7</ele>
    <time>2026-07-04T13:50:54Z</time>
   </trkpt>
   <trkpt lat="12.9081890" lon="77.6445100">
    <ele>896.6</ele>
    <time>2026-07-04T13:50:55Z</time>
   </trkpt>
   <trkpt lat="12.9081560" lon="77.6445100">
    <ele>896.5</ele>
    <time>2026-07-04T13:50:56Z</time>
   </trkpt>
   <trkpt lat="12.9081220" lon="77.6445090">
    <ele>896.5</ele>
    <time>2026-07-04T13:50:57Z</time>
   </trkpt>
   <trkpt lat="12.9080890" lon="77.6445090">
    <ele>896.4</ele>
    <time>2026-07-04T13:50:58Z</time>
   </trkpt>
   <trkpt lat="12.9080530" lon="77.6445090">
    <ele>896.4</ele>
    <time>2026-07-04T13:50:59Z</time>
   </trkpt>
   <trkpt lat="12.9080190" lon="77.6445060">
    <ele>896.3</ele>
    <time>2026-07-04T13:51:00Z</time>
   </trkpt>
   <trkpt lat="12.9079840" lon="77.6445060">
    <ele>896.3</ele>
    <time>2026-07-04T13:51:01Z</time>
   </trkpt>
   <trkpt lat="12.9079500" lon="77.6445050">
    <ele>896.2</ele>
    <time>2026-07-04T13:51:02Z</time>
   </trkpt>
   <trkpt lat="12.9079190" lon="77.6445050">
    <ele>896.2</ele>
    <time>2026-07-04T13:51:03Z</time>
   </trkpt>
   <trkpt lat="12.9078870" lon="77.6445050">
    <ele>896.1</ele>
    <time>2026-07-04T13:51:04Z</time>
   </trkpt>
   <trkpt lat="12.9078550" lon="77.6445050">
    <ele>896.1</ele>
    <time>2026-07-04T13:51:05Z</time>
   </trkpt>
   <trkpt lat="12.9078250" lon="77.6445060">
    <ele>896.0</ele>
    <time>2026-07-04T13:51:06Z</time>
   </trkpt>
   <trkpt lat="12.9078000" lon="77.6445080">
    <ele>896.0</ele>
    <time>2026-07-04T13:51:07Z</time>
   </trkpt>
   <trkpt lat="12.9077670" lon="77.6445080">
    <ele>895.9</ele>
    <time>2026-07-04T13:51:08Z</time>
   </trkpt>
   <trkpt lat="12.9077370" lon="77.6445060">
    <ele>895.9</ele>
    <time>2026-07-04T13:51:09Z</time>
   </trkpt>
   <trkpt lat="12.9077080" lon="77.6445070">
    <ele>895.9</ele>
    <time>2026-07-04T13:51:10Z</time>
   </trkpt>
   <trkpt lat="12.9076740" lon="77.6445060">
    <ele>895.8</ele>
    <time>2026-07-04T13:51:11Z</time>
   </trkpt>
   <trkpt lat="12.9076420" lon="77.6444990">
    <ele>895.8</ele>
    <time>2026-07-04T13:51:12Z</time>
   </trkpt>
   <trkpt lat="12.9076090" lon="77.6444990">
    <ele>895.7</ele>
    <time>2026-07-04T13:51:13Z</time>
   </trkpt>
   <trkpt lat="12.9075730" lon="77.6445020">
    <ele>895.7</ele>
    <time>2026-07-04T13:51:14Z</time>
   </trkpt>
   <trkpt lat="12.9075390" lon="77.6445040">
    <ele>895.6</ele>
    <time>2026-07-04T13:51:15Z</time>
   </trkpt>
   <trkpt lat="12.9075050" lon="77.6445060">
    <ele>895.6</ele>
    <time>2026-07-04T13:51:16Z</time>
   </trkpt>
   <trkpt lat="12.9074760" lon="77.6445060">
    <ele>895.5</ele>
    <time>2026-07-04T13:51:17Z</time>
   </trkpt>
   <trkpt lat="12.9074570" lon="77.6445100">
    <ele>895.5</ele>
    <time>2026-07-04T13:51:18Z</time>
   </trkpt>
   <trkpt lat="12.9074420" lon="77.6445110">
    <ele>895.5</ele>
    <time>2026-07-04T13:51:19Z</time>
   </trkpt>
   <trkpt lat="12.9074260" lon="77.6445100">
    <ele>895.5</ele>
    <time>2026-07-04T13:51:20Z</time>
   </trkpt>
   <trkpt lat="12.9074020" lon="77.6445120">
    <ele>895.4</ele>
    <time>2026-07-04T13:51:21Z</time>
   </trkpt>
   <trkpt lat="12.9073760" lon="77.6445120">
    <ele>895.4</ele>
    <time>2026-07-04T13:51:22Z</time>
   </trkpt>
   <trkpt lat="12.9073490" lon="77.6445100">
    <ele>895.3</ele>
    <time>2026-07-04T13:51:23Z</time>
   </trkpt>
   <trkpt lat="12.9073170" lon="77.6445100">
    <ele>895.3</ele>
    <time>2026-07-04T13:51:24Z</time>
   </trkpt>
   <trkpt lat="12.9072850" lon="77.6445100">
    <ele>895.2</ele>
    <time>2026-07-04T13:51:25Z</time>
   </trkpt>
   <trkpt lat="12.9072570" lon="77.6445100">
    <ele>895.1</ele>
    <time>2026-07-04T13:51:26Z</time>
   </trkpt>
   <trkpt lat="12.9072290" lon="77.6445060">
    <ele>895.1</ele>
    <time>2026-07-04T13:51:27Z</time>
   </trkpt>
   <trkpt lat="12.9071980" lon="77.6445070">
    <ele>895.0</ele>
    <time>2026-07-04T13:51:28Z</time>
   </trkpt>
   <trkpt lat="12.9071700" lon="77.6445070">
    <ele>895.0</ele>
    <time>2026-07-04T13:51:29Z</time>
   </trkpt>
   <trkpt lat="12.9071390" lon="77.6445070">
    <ele>894.9</ele>
    <time>2026-07-04T13:51:30Z</time>
   </trkpt>
   <trkpt lat="12.9071090" lon="77.6445050">
    <ele>894.9</ele>
    <time>2026-07-04T13:51:31Z</time>
   </trkpt>
   <trkpt lat="12.9070780" lon="77.6445000">
    <ele>894.8</ele>
    <time>2026-07-04T13:51:32Z</time>
   </trkpt>
   <trkpt lat="12.9070440" lon="77.6444970">
    <ele>894.8</ele>
    <time>2026-07-04T13:51:34Z</time>
   </trkpt>
   <trkpt lat="12.9070110" lon="77.6444930">
    <ele>894.8</ele>
    <time>2026-07-04T13:51:35Z</time>
   </trkpt>
   <trkpt lat="12.9069780" lon="77.6444880">
    <ele>894.7</ele>
    <time>2026-07-04T13:51:36Z</time>
   </trkpt>
   <trkpt lat="12.9069460" lon="77.6444830">
    <ele>894.7</ele>
    <time>2026-07-04T13:51:37Z</time>
   </trkpt>
   <trkpt lat="12.9069150" lon="77.6444770">
    <ele>894.6</ele>
    <time>2026-07-04T13:51:38Z</time>
   </trkpt>
   <trkpt lat="12.9068840" lon="77.6444780">
    <ele>894.6</ele>
    <time>2026-07-04T13:51:39Z</time>
   </trkpt>
   <trkpt lat="12.9068520" lon="77.6444790">
    <ele>894.6</ele>
    <time>2026-07-04T13:51:40Z</time>
   </trkpt>
   <trkpt lat="12.9068240" lon="77.6444750">
    <ele>894.6</ele>
    <time>2026-07-04T13:51:41Z</time>
   </trkpt>
   <trkpt lat="12.9067960" lon="77.6444720">
    <ele>894.6</ele>
    <time>2026-07-04T13:51:42Z</time>
   </trkpt>
   <trkpt lat="12.9067690" lon="77.6444670">
    <ele>894.5</ele>
    <time>2026-07-04T13:51:43Z</time>
   </trkpt>
   <trkpt lat="12.9067430" lon="77.6444620">
    <ele>894.5</ele>
    <time>2026-07-04T13:51:44Z</time>
   </trkpt>
   <trkpt lat="12.9067180" lon="77.6444590">
    <ele>894.5</ele>
    <time>2026-07-04T13:51:45Z</time>
   </trkpt>
   <trkpt lat="12.9066930" lon="77.6444570">
    <ele>894.5</ele>
    <time>2026-07-04T13:51:46Z</time>
   </trkpt>
   <trkpt lat="12.9066650" lon="77.6444580">
    <ele>894.5</ele>
    <time>2026-07-04T13:51:47Z</time>
   </trkpt>
   <trkpt lat="12.9066380" lon="77.6444610">
    <ele>894.5</ele>
    <time>2026-07-04T13:51:48Z</time>
   </trkpt>
   <trkpt lat="12.9066090" lon="77.6444640">
    <ele>894.5</ele>
    <time>2026-07-04T13:51:49Z</time>
   </trkpt>
   <trkpt lat="12.9065820" lon="77.6444660">
    <ele>894.5</ele>
    <time>2026-07-04T13:51:50Z</time>
   </trkpt>
   <trkpt lat="12.9065540" lon="77.6444680">
    <ele>894.5</ele>
    <time>2026-07-04T13:51:51Z</time>
   </trkpt>
   <trkpt lat="12.9065250" lon="77.6444660">
    <ele>894.4</ele>
    <time>2026-07-04T13:51:52Z</time>
   </trkpt>
   <trkpt lat="12.9064990" lon="77.6444630">
    <ele>894.4</ele>
    <time>2026-07-04T13:51:53Z</time>
   </trkpt>
   <trkpt lat="12.9064750" lon="77.6444630">
    <ele>894.4</ele>
    <time>2026-07-04T13:51:54Z</time>
   </trkpt>
   <trkpt lat="12.9064490" lon="77.6444590">
    <ele>894.4</ele>
    <time>2026-07-04T13:51:55Z</time>
   </trkpt>
   <trkpt lat="12.9064230" lon="77.6444550">
    <ele>894.4</ele>
    <time>2026-07-04T13:51:56Z</time>
   </trkpt>
   <trkpt lat="12.9063940" lon="77.6444520">
    <ele>894.4</ele>
    <time>2026-07-04T13:51:57Z</time>
   </trkpt>
   <trkpt lat="12.9063660" lon="77.6444520">
    <ele>894.4</ele>
    <time>2026-07-04T13:51:58Z</time>
   </trkpt>
   <trkpt lat="12.9063370" lon="77.6444530">
    <ele>894.3</ele>
    <time>2026-07-04T13:51:59Z</time>
   </trkpt>
   <trkpt lat="12.9063110" lon="77.6444540">
    <ele>894.3</ele>
    <time>2026-07-04T13:52:00Z</time>
   </trkpt>
   <trkpt lat="12.9062830" lon="77.6444560">
    <ele>894.3</ele>
    <time>2026-07-04T13:52:01Z</time>
   </trkpt>
   <trkpt lat="12.9062560" lon="77.6444570">
    <ele>894.3</ele>
    <time>2026-07-04T13:52:02Z</time>
   </trkpt>
   <trkpt lat="12.9062290" lon="77.6444590">
    <ele>894.3</ele>
    <time>2026-07-04T13:52:03Z</time>
   </trkpt>
   <trkpt lat="12.9062040" lon="77.6444600">
    <ele>894.3</ele>
    <time>2026-07-04T13:52:04Z</time>
   </trkpt>
   <trkpt lat="12.9061760" lon="77.6444590">
    <ele>894.3</ele>
    <time>2026-07-04T13:52:05Z</time>
   </trkpt>
   <trkpt lat="12.9061490" lon="77.6444570">
    <ele>894.3</ele>
    <time>2026-07-04T13:52:06Z</time>
   </trkpt>
   <trkpt lat="12.9061210" lon="77.6444570">
    <ele>894.3</ele>
    <time>2026-07-04T13:52:07Z</time>
   </trkpt>
   <trkpt lat="12.9060940" lon="77.6444560">
    <ele>894.3</ele>
    <time>2026-07-04T13:52:08Z</time>
   </trkpt>
   <trkpt lat="12.9060670" lon="77.6444520">
    <ele>894.3</ele>
    <time>2026-07-04T13:52:09Z</time>
   </trkpt>
   <trkpt lat="12.9060420" lon="77.6444480">
    <ele>894.3</ele>
    <time>2026-07-04T13:52:10Z</time>
   </trkpt>
   <trkpt lat="12.9060190" lon="77.6444470">
    <ele>894.3</ele>
    <time>2026-07-04T13:52:11Z</time>
   </trkpt>
   <trkpt lat="12.9060010" lon="77.6444460">
    <ele>894.3</ele>
    <time>2026-07-04T13:52:12Z</time>
   </trkpt>
   <trkpt lat="12.9059840" lon="77.6444480">
    <ele>894.3</ele>
    <time>2026-07-04T13:52:13Z</time>
   </trkpt>
   <trkpt lat="12.9059640" lon="77.6444500">
    <ele>894.4</ele>
    <time>2026-07-04T13:52:14Z</time>
   </trkpt>
   <trkpt lat="12.9059210" lon="77.6444490">
    <ele>894.4</ele>
    <time>2026-07-04T13:52:15Z</time>
   </trkpt>
   <trkpt lat="12.9058940" lon="77.6444450">
    <ele>894.3</ele>
    <time>2026-07-04T13:52:16Z</time>
   </trkpt>
   <trkpt lat="12.9058680" lon="77.6444400">
    <ele>894.3</ele>
    <time>2026-07-04T13:52:17Z</time>
   </trkpt>
   <trkpt lat="12.9058440" lon="77.6444370">
    <ele>894.3</ele>
    <time>2026-07-04T13:52:18Z</time>
   </trkpt>
   <trkpt lat="12.9058200" lon="77.6444340">
    <ele>894.3</ele>
    <time>2026-07-04T13:52:19Z</time>
   </trkpt>
   <trkpt lat="12.9057930" lon="77.6444300">
    <ele>894.3</ele>
    <time>2026-07-04T13:52:20Z</time>
   </trkpt>
   <trkpt lat="12.9057640" lon="77.6444290">
    <ele>894.3</ele>
    <time>2026-07-04T13:52:21Z</time>
   </trkpt>
   <trkpt lat="12.9057390" lon="77.6444280">
    <ele>894.3</ele>
    <time>2026-07-04T13:52:22Z</time>
   </trkpt>
   <trkpt lat="12.9057110" lon="77.6444260">
    <ele>894.3</ele>
    <time>2026-07-04T13:52:23Z</time>
   </trkpt>
   <trkpt lat="12.9056830" lon="77.6444240">
    <ele>894.3</ele>
    <time>2026-07-04T13:52:24Z</time>
   </trkpt>
   <trkpt lat="12.9056580" lon="77.6444210">
    <ele>894.3</ele>
    <time>2026-07-04T13:52:25Z</time>
   </trkpt>
   <trkpt lat="12.9056310" lon="77.6444200">
    <ele>894.3</ele>
    <time>2026-07-04T13:52:26Z</time>
   </trkpt>
   <trkpt lat="12.9056020" lon="77.6444180">
    <ele>894.3</ele>
    <time>2026-07-04T13:52:27Z</time>
   </trkpt>
   <trkpt lat="12.9055740" lon="77.6444150">
    <ele>894.3</ele>
    <time>2026-07-04T13:52:28Z</time>
   </trkpt>
   <trkpt lat="12.9055470" lon="77.6444140">
    <ele>894.3</ele>
    <time>2026-07-04T13:52:29Z</time>
   </trkpt>
   <trkpt lat="12.9055160" lon="77.6444110">
    <ele>894.3</ele>
    <time>2026-07-04T13:52:30Z</time>
   </trkpt>
   <trkpt lat="12.9054880" lon="77.6444070">
    <ele>894.3</ele>
    <time>2026-07-04T13:52:31Z</time>
   </trkpt>
   <trkpt lat="12.9054580" lon="77.6444050">
    <ele>894.3</ele>
    <time>2026-07-04T13:52:32Z</time>
   </trkpt>
   <trkpt lat="12.9054290" lon="77.6444060">
    <ele>894.3</ele>
    <time>2026-07-04T13:52:33Z</time>
   </trkpt>
   <trkpt lat="12.9054000" lon="77.6444060">
    <ele>894.3</ele>
    <time>2026-07-04T13:52:34Z</time>
   </trkpt>
   <trkpt lat="12.9053700" lon="77.6444120">
    <ele>894.3</ele>
    <time>2026-07-04T13:52:35Z</time>
   </trkpt>
   <trkpt lat="12.9053400" lon="77.6444160">
    <ele>894.4</ele>
    <time>2026-07-04T13:52:36Z</time>
   </trkpt>
   <trkpt lat="12.9053110" lon="77.6444170">
    <ele>894.4</ele>
    <time>2026-07-04T13:52:37Z</time>
   </trkpt>
   <trkpt lat="12.9052840" lon="77.6444190">
    <ele>894.4</ele>
    <time>2026-07-04T13:52:38Z</time>
   </trkpt>
   <trkpt lat="12.9052560" lon="77.6444210">
    <ele>894.4</ele>
    <time>2026-07-04T13:52:39Z</time>
   </trkpt>
   <trkpt lat="12.9052280" lon="77.6444230">
    <ele>894.4</ele>
    <time>2026-07-04T13:52:40Z</time>
   </trkpt>
   <trkpt lat="12.9052000" lon="77.6444220">
    <ele>894.4</ele>
    <time>2026-07-04T13:52:41Z</time>
   </trkpt>
   <trkpt lat="12.9051770" lon="77.6444200">
    <ele>894.4</ele>
    <time>2026-07-04T13:52:42Z</time>
   </trkpt>
   <trkpt lat="12.9051520" lon="77.6444200">
    <ele>894.4</ele>
    <time>2026-07-04T13:52:43Z</time>
   </trkpt>
   <trkpt lat="12.9051270" lon="77.6444220">
    <ele>894.5</ele>
    <time>2026-07-04T13:52:44Z</time>
   </trkpt>
   <trkpt lat="12.9051010" lon="77.6444230">
    <ele>894.5</ele>
    <time>2026-07-04T13:52:45Z</time>
   </trkpt>
   <trkpt lat="12.9050770" lon="77.6444250">
    <ele>894.5</ele>
    <time>2026-07-04T13:52:46Z</time>
   </trkpt>
   <trkpt lat="12.9050540" lon="77.6444240">
    <ele>894.5</ele>
    <time>2026-07-04T13:52:47Z</time>
   </trkpt>
   <trkpt lat="12.9050290" lon="77.6444220">
    <ele>894.5</ele>
    <time>2026-07-04T13:52:48Z</time>
   </trkpt>
   <trkpt lat="12.9050030" lon="77.6444180">
    <ele>894.5</ele>
    <time>2026-07-04T13:52:49Z</time>
   </trkpt>
   <trkpt lat="12.9049790" lon="77.6444190">
    <ele>894.5</ele>
    <time>2026-07-04T13:52:50Z</time>
   </trkpt>
   <trkpt lat="12.9049560" lon="77.6444190">
    <ele>894.5</ele>
    <time>2026-07-04T13:52:51Z</time>
   </trkpt>
   <trkpt lat="12.9049330" lon="77.6444180">
    <ele>894.5</ele>
    <time>2026-07-04T13:52:52Z</time>
   </trkpt>
   <trkpt lat="12.9049110" lon="77.6444130">
    <ele>894.5</ele>
    <time>2026-07-04T13:52:53Z</time>
   </trkpt>
   <trkpt lat="12.9048890" lon="77.6444110">
    <ele>894.5</ele>
    <time>2026-07-04T13:52:54Z</time>
   </trkpt>
   <trkpt lat="12.9048660" lon="77.6444110">
    <ele>894.5</ele>
    <time>2026-07-04T13:52:55Z</time>
   </trkpt>
   <trkpt lat="12.9048480" lon="77.6444080">
    <ele>894.5</ele>
    <time>2026-07-04T13:52:56Z</time>
   </trkpt>
   <trkpt lat="12.9048300" lon="77.6444040">
    <ele>894.5</ele>
    <time>2026-07-04T13:52:57Z</time>
   </trkpt>
   <trkpt lat="12.9048100" lon="77.6444010">
    <ele>894.6</ele>
    <time>2026-07-04T13:52:58Z</time>
   </trkpt>
   <trkpt lat="12.9047940" lon="77.6443950">
    <ele>894.6</ele>
    <time>2026-07-04T13:52:59Z</time>
   </trkpt>
   <trkpt lat="12.9047840" lon="77.6443880">
    <ele>894.6</ele>
    <time>2026-07-04T13:53:00Z</time>
   </trkpt>
   <trkpt lat="12.9047780" lon="77.6443770">
    <ele>894.6</ele>
    <time>2026-07-04T13:53:01Z</time>
   </trkpt>
   <trkpt lat="12.9047700" lon="77.6443650">
    <ele>894.6</ele>
    <time>2026-07-04T13:53:02Z</time>
   </trkpt>
   <trkpt lat="12.9047570" lon="77.6443490">
    <ele>894.6</ele>
    <time>2026-07-04T13:53:03Z</time>
   </trkpt>
   <trkpt lat="12.9047480" lon="77.6443320">
    <ele>894.6</ele>
    <time>2026-07-04T13:53:04Z</time>
   </trkpt>
   <trkpt lat="12.9047470" lon="77.6443100">
    <ele>894.6</ele>
    <time>2026-07-04T13:53:05Z</time>
   </trkpt>
   <trkpt lat="12.9047450" lon="77.6442880">
    <ele>894.6</ele>
    <time>2026-07-04T13:53:06Z</time>
   </trkpt>
   <trkpt lat="12.9047460" lon="77.6442650">
    <ele>894.6</ele>
    <time>2026-07-04T13:53:07Z</time>
   </trkpt>
   <trkpt lat="12.9047470" lon="77.6442430">
    <ele>894.6</ele>
    <time>2026-07-04T13:53:08Z</time>
   </trkpt>
   <trkpt lat="12.9047490" lon="77.6442200">
    <ele>894.6</ele>
    <time>2026-07-04T13:53:09Z</time>
   </trkpt>
   <trkpt lat="12.9047560" lon="77.6441930">
    <ele>894.6</ele>
    <time>2026-07-04T13:53:10Z</time>
   </trkpt>
   <trkpt lat="12.9047600" lon="77.6441720">
    <ele>894.5</ele>
    <time>2026-07-04T13:53:11Z</time>
   </trkpt>
   <trkpt lat="12.9047640" lon="77.6441480">
    <ele>894.5</ele>
    <time>2026-07-04T13:53:12Z</time>
   </trkpt>
   <trkpt lat="12.9047700" lon="77.6441210">
    <ele>894.5</ele>
    <time>2026-07-04T13:53:13Z</time>
   </trkpt>
   <trkpt lat="12.9047750" lon="77.6440990">
    <ele>894.5</ele>
    <time>2026-07-04T13:53:14Z</time>
   </trkpt>
   <trkpt lat="12.9047810" lon="77.6440760">
    <ele>894.5</ele>
    <time>2026-07-04T13:53:15Z</time>
   </trkpt>
   <trkpt lat="12.9047890" lon="77.6440490">
    <ele>894.5</ele>
    <time>2026-07-04T13:53:16Z</time>
   </trkpt>
   <trkpt lat="12.9047950" lon="77.6440280">
    <ele>894.5</ele>
    <time>2026-07-04T13:53:17Z</time>
   </trkpt>
   <trkpt lat="12.9047960" lon="77.6440000">
    <ele>894.5</ele>
    <time>2026-07-04T13:53:18Z</time>
   </trkpt>
   <trkpt lat="12.9047940" lon="77.6439780">
    <ele>894.5</ele>
    <time>2026-07-04T13:53:19Z</time>
   </trkpt>
   <trkpt lat="12.9047980" lon="77.6439530">
    <ele>894.5</ele>
    <time>2026-07-04T13:53:20Z</time>
   </trkpt>
   <trkpt lat="12.9048020" lon="77.6439290">
    <ele>894.5</ele>
    <time>2026-07-04T13:53:21Z</time>
   </trkpt>
   <trkpt lat="12.9048070" lon="77.6439060">
    <ele>894.4</ele>
    <time>2026-07-04T13:53:22Z</time>
   </trkpt>
   <trkpt lat="12.9048110" lon="77.6438820">
    <ele>894.4</ele>
    <time>2026-07-04T13:53:23Z</time>
   </trkpt>
   <trkpt lat="12.9048160" lon="77.6438580">
    <ele>894.4</ele>
    <time>2026-07-04T13:53:24Z</time>
   </trkpt>
   <trkpt lat="12.9048230" lon="77.6438340">
    <ele>894.4</ele>
    <time>2026-07-04T13:53:25Z</time>
   </trkpt>
   <trkpt lat="12.9048320" lon="77.6438120">
    <ele>894.4</ele>
    <time>2026-07-04T13:53:26Z</time>
   </trkpt>
   <trkpt lat="12.9048380" lon="77.6437930">
    <ele>894.4</ele>
    <time>2026-07-04T13:53:27Z</time>
   </trkpt>
   <trkpt lat="12.9048410" lon="77.6437770">
    <ele>894.4</ele>
    <time>2026-07-04T13:53:28Z</time>
   </trkpt>
   <trkpt lat="12.9048470" lon="77.6437600">
    <ele>894.3</ele>
    <time>2026-07-04T13:53:29Z</time>
   </trkpt>
   <trkpt lat="12.9048510" lon="77.6437430">
    <ele>894.3</ele>
    <time>2026-07-04T13:53:30Z</time>
   </trkpt>
   <trkpt lat="12.9048550" lon="77.6437250">
    <ele>894.3</ele>
    <time>2026-07-04T13:53:31Z</time>
   </trkpt>
   <trkpt lat="12.9048660" lon="77.6437060">
    <ele>894.3</ele>
    <time>2026-07-04T13:53:32Z</time>
   </trkpt>
   <trkpt lat="12.9048710" lon="77.6436870">
    <ele>894.3</ele>
    <time>2026-07-04T13:53:33Z</time>
   </trkpt>
   <trkpt lat="12.9048770" lon="77.6436650">
    <ele>894.3</ele>
    <time>2026-07-04T13:53:34Z</time>
   </trkpt>
   <trkpt lat="12.9048840" lon="77.6436400">
    <ele>894.2</ele>
    <time>2026-07-04T13:53:35Z</time>
   </trkpt>
   <trkpt lat="12.9048910" lon="77.6436130">
    <ele>894.2</ele>
    <time>2026-07-04T13:53:36Z</time>
   </trkpt>
   <trkpt lat="12.9048990" lon="77.6435870">
    <ele>894.2</ele>
    <time>2026-07-04T13:53:37Z</time>
   </trkpt>
   <trkpt lat="12.9049030" lon="77.6435580">
    <ele>894.2</ele>
    <time>2026-07-04T13:53:38Z</time>
   </trkpt>
   <trkpt lat="12.9049060" lon="77.6435290">
    <ele>894.2</ele>
    <time>2026-07-04T13:53:40Z</time>
   </trkpt>
   <trkpt lat="12.9049120" lon="77.6434980">
    <ele>894.1</ele>
    <time>2026-07-04T13:53:41Z</time>
   </trkpt>
   <trkpt lat="12.9049140" lon="77.6434700">
    <ele>894.1</ele>
    <time>2026-07-04T13:53:42Z</time>
   </trkpt>
   <trkpt lat="12.9049210" lon="77.6434380">
    <ele>894.1</ele>
    <time>2026-07-04T13:53:43Z</time>
   </trkpt>
   <trkpt lat="12.9049260" lon="77.6434090">
    <ele>894.1</ele>
    <time>2026-07-04T13:53:44Z</time>
   </trkpt>
   <trkpt lat="12.9049350" lon="77.6433800">
    <ele>894.0</ele>
    <time>2026-07-04T13:53:45Z</time>
   </trkpt>
   <trkpt lat="12.9049430" lon="77.6433510">
    <ele>894.0</ele>
    <time>2026-07-04T13:53:46Z</time>
   </trkpt>
   <trkpt lat="12.9049510" lon="77.6433210">
    <ele>894.0</ele>
    <time>2026-07-04T13:53:47Z</time>
   </trkpt>
   <trkpt lat="12.9049620" lon="77.6432890">
    <ele>893.9</ele>
    <time>2026-07-04T13:53:48Z</time>
   </trkpt>
   <trkpt lat="12.9049690" lon="77.6432600">
    <ele>893.9</ele>
    <time>2026-07-04T13:53:49Z</time>
   </trkpt>
   <trkpt lat="12.9049770" lon="77.6432320">
    <ele>893.9</ele>
    <time>2026-07-04T13:53:50Z</time>
   </trkpt>
   <trkpt lat="12.9049860" lon="77.6432010">
    <ele>893.9</ele>
    <time>2026-07-04T13:53:51Z</time>
   </trkpt>
   <trkpt lat="12.9049940" lon="77.6431710">
    <ele>893.8</ele>
    <time>2026-07-04T13:53:52Z</time>
   </trkpt>
   <trkpt lat="12.9050010" lon="77.6431420">
    <ele>893.8</ele>
    <time>2026-07-04T13:53:53Z</time>
   </trkpt>
   <trkpt lat="12.9050090" lon="77.6431130">
    <ele>893.8</ele>
    <time>2026-07-04T13:53:54Z</time>
   </trkpt>
   <trkpt lat="12.9050170" lon="77.6430840">
    <ele>893.8</ele>
    <time>2026-07-04T13:53:55Z</time>
   </trkpt>
   <trkpt lat="12.9050250" lon="77.6430550">
    <ele>893.7</ele>
    <time>2026-07-04T13:53:56Z</time>
   </trkpt>
   <trkpt lat="12.9050330" lon="77.6430270">
    <ele>893.7</ele>
    <time>2026-07-04T13:53:57Z</time>
   </trkpt>
   <trkpt lat="12.9050400" lon="77.6430000">
    <ele>893.7</ele>
    <time>2026-07-04T13:53:58Z</time>
   </trkpt>
   <trkpt lat="12.9050510" lon="77.6429710">
    <ele>893.7</ele>
    <time>2026-07-04T13:53:59Z</time>
   </trkpt>
   <trkpt lat="12.9050570" lon="77.6429470">
    <ele>893.7</ele>
    <time>2026-07-04T13:54:00Z</time>
   </trkpt>
   <trkpt lat="12.9050640" lon="77.6429220">
    <ele>893.7</ele>
    <time>2026-07-04T13:54:01Z</time>
   </trkpt>
   <trkpt lat="12.9050720" lon="77.6428940">
    <ele>893.7</ele>
    <time>2026-07-04T13:54:02Z</time>
   </trkpt>
   <trkpt lat="12.9050730" lon="77.6428700">
    <ele>893.7</ele>
    <time>2026-07-04T13:54:03Z</time>
   </trkpt>
   <trkpt lat="12.9050710" lon="77.6428470">
    <ele>893.7</ele>
    <time>2026-07-04T13:54:04Z</time>
   </trkpt>
   <trkpt lat="12.9050750" lon="77.6428260">
    <ele>893.7</ele>
    <time>2026-07-04T13:54:05Z</time>
   </trkpt>
   <trkpt lat="12.9050770" lon="77.6428060">
    <ele>893.6</ele>
    <time>2026-07-04T13:54:06Z</time>
   </trkpt>
   <trkpt lat="12.9050800" lon="77.6427870">
    <ele>893.6</ele>
    <time>2026-07-04T13:54:07Z</time>
   </trkpt>
   <trkpt lat="12.9050840" lon="77.6427710">
    <ele>893.6</ele>
    <time>2026-07-04T13:54:08Z</time>
   </trkpt>
   <trkpt lat="12.9050870" lon="77.6427560">
    <ele>893.6</ele>
    <time>2026-07-04T13:54:09Z</time>
   </trkpt>
   <trkpt lat="12.9050920" lon="77.6427370">
    <ele>893.6</ele>
    <time>2026-07-04T13:54:10Z</time>
   </trkpt>
   <trkpt lat="12.9050990" lon="77.6427180">
    <ele>893.6</ele>
    <time>2026-07-04T13:54:11Z</time>
   </trkpt>
   <trkpt lat="12.9051020" lon="77.6427030">
    <ele>893.6</ele>
    <time>2026-07-04T13:54:12Z</time>
   </trkpt>
   <trkpt lat="12.9051070" lon="77.6426850">
    <ele>893.6</ele>
    <time>2026-07-04T13:54:13Z</time>
   </trkpt>
   <trkpt lat="12.9051100" lon="77.6426720">
    <ele>893.6</ele>
    <time>2026-07-04T13:54:14Z</time>
   </trkpt>
   <trkpt lat="12.9051140" lon="77.6426580">
    <ele>893.6</ele>
    <time>2026-07-04T13:54:15Z</time>
   </trkpt>
   <trkpt lat="12.9051190" lon="77.6426450">
    <ele>893.6</ele>
    <time>2026-07-04T13:54:16Z</time>
   </trkpt>
   <trkpt lat="12.9051240" lon="77.6426350">
    <ele>893.6</ele>
    <time>2026-07-04T13:54:17Z</time>
   </trkpt>
   <trkpt lat="12.9051300" lon="77.6426240">
    <ele>893.6</ele>
    <time>2026-07-04T13:54:18Z</time>
   </trkpt>
   <trkpt lat="12.9051350" lon="77.6426110">
    <ele>893.6</ele>
    <time>2026-07-04T13:54:19Z</time>
   </trkpt>
   <trkpt lat="12.9051480" lon="77.6425860">
    <ele>893.6</ele>
    <time>2026-07-04T13:54:20Z</time>
   </trkpt>
   <trkpt lat="12.9051510" lon="77.6425740">
    <ele>893.6</ele>
    <time>2026-07-04T13:54:21Z</time>
   </trkpt>
   <trkpt lat="12.9051550" lon="77.6425580">
    <ele>893.6</ele>
    <time>2026-07-04T13:54:22Z</time>
   </trkpt>
   <trkpt lat="12.9051560" lon="77.6425430">
    <ele>893.6</ele>
    <time>2026-07-04T13:54:23Z</time>
   </trkpt>
   <trkpt lat="12.9051600" lon="77.6425290">
    <ele>893.6</ele>
    <time>2026-07-04T13:54:24Z</time>
   </trkpt>
   <trkpt lat="12.9051670" lon="77.6425130">
    <ele>893.6</ele>
    <time>2026-07-04T13:54:25Z</time>
   </trkpt>
   <trkpt lat="12.9051720" lon="77.6424980">
    <ele>893.6</ele>
    <time>2026-07-04T13:54:26Z</time>
   </trkpt>
   <trkpt lat="12.9051740" lon="77.6424800">
    <ele>893.6</ele>
    <time>2026-07-04T13:54:27Z</time>
   </trkpt>
   <trkpt lat="12.9051790" lon="77.6424560">
    <ele>893.6</ele>
    <time>2026-07-04T13:54:28Z</time>
   </trkpt>
   <trkpt lat="12.9051830" lon="77.6424360">
    <ele>893.6</ele>
    <time>2026-07-04T13:54:29Z</time>
   </trkpt>
   <trkpt lat="12.9051860" lon="77.6424160">
    <ele>893.6</ele>
    <time>2026-07-04T13:54:30Z</time>
   </trkpt>
   <trkpt lat="12.9051910" lon="77.6423940">
    <ele>893.6</ele>
    <time>2026-07-04T13:54:31Z</time>
   </trkpt>
   <trkpt lat="12.9051970" lon="77.6423730">
    <ele>893.5</ele>
    <time>2026-07-04T13:54:32Z</time>
   </trkpt>
   <trkpt lat="12.9051970" lon="77.6423550">
    <ele>893.5</ele>
    <time>2026-07-04T13:54:33Z</time>
   </trkpt>
   <trkpt lat="12.9052020" lon="77.6423370">
    <ele>893.5</ele>
    <time>2026-07-04T13:54:34Z</time>
   </trkpt>
   <trkpt lat="12.9052050" lon="77.6423160">
    <ele>893.5</ele>
    <time>2026-07-04T13:54:35Z</time>
   </trkpt>
   <trkpt lat="12.9052130" lon="77.6422920">
    <ele>893.6</ele>
    <time>2026-07-04T13:54:36Z</time>
   </trkpt>
   <trkpt lat="12.9052200" lon="77.6422730">
    <ele>893.6</ele>
    <time>2026-07-04T13:54:37Z</time>
   </trkpt>
   <trkpt lat="12.9052300" lon="77.6422510">
    <ele>893.6</ele>
    <time>2026-07-04T13:54:38Z</time>
   </trkpt>
   <trkpt lat="12.9052350" lon="77.6422300">
    <ele>893.6</ele>
    <time>2026-07-04T13:54:39Z</time>
   </trkpt>
   <trkpt lat="12.9052430" lon="77.6422070">
    <ele>893.6</ele>
    <time>2026-07-04T13:54:40Z</time>
   </trkpt>
   <trkpt lat="12.9052460" lon="77.6421830">
    <ele>893.6</ele>
    <time>2026-07-04T13:54:41Z</time>
   </trkpt>
   <trkpt lat="12.9052520" lon="77.6421580">
    <ele>893.6</ele>
    <time>2026-07-04T13:54:42Z</time>
   </trkpt>
   <trkpt lat="12.9052600" lon="77.6421300">
    <ele>893.6</ele>
    <time>2026-07-04T13:54:43Z</time>
   </trkpt>
   <trkpt lat="12.9052680" lon="77.6421060">
    <ele>893.7</ele>
    <time>2026-07-04T13:54:44Z</time>
   </trkpt>
   <trkpt lat="12.9052750" lon="77.6420840">
    <ele>893.7</ele>
    <time>2026-07-04T13:54:45Z</time>
   </trkpt>
   <trkpt lat="12.9052790" lon="77.6420630">
    <ele>893.7</ele>
    <time>2026-07-04T13:54:46Z</time>
   </trkpt>
   <trkpt lat="12.9052840" lon="77.6420360">
    <ele>893.7</ele>
    <time>2026-07-04T13:54:47Z</time>
   </trkpt>
   <trkpt lat="12.9052900" lon="77.6420120">
    <ele>893.8</ele>
    <time>2026-07-04T13:54:48Z</time>
   </trkpt>
   <trkpt lat="12.9052960" lon="77.6419890">
    <ele>893.8</ele>
    <time>2026-07-04T13:54:49Z</time>
   </trkpt>
   <trkpt lat="12.9053010" lon="77.6419680">
    <ele>893.9</ele>
    <time>2026-07-04T13:54:50Z</time>
   </trkpt>
   <trkpt lat="12.9053070" lon="77.6419440">
    <ele>893.9</ele>
    <time>2026-07-04T13:54:51Z</time>
   </trkpt>
   <trkpt lat="12.9053200" lon="77.6419230">
    <ele>893.9</ele>
    <time>2026-07-04T13:54:52Z</time>
   </trkpt>
   <trkpt lat="12.9053280" lon="77.6419080">
    <ele>894.0</ele>
    <time>2026-07-04T13:54:53Z</time>
   </trkpt>
   <trkpt lat="12.9053330" lon="77.6418970">
    <ele>894.0</ele>
    <time>2026-07-04T13:54:54Z</time>
   </trkpt>
   <trkpt lat="12.9053270" lon="77.6418870">
    <ele>894.0</ele>
    <time>2026-07-04T13:54:55Z</time>
   </trkpt>
   <trkpt lat="12.9053250" lon="77.6418750">
    <ele>894.0</ele>
    <time>2026-07-04T13:54:56Z</time>
   </trkpt>
   <trkpt lat="12.9053190" lon="77.6418620">
    <ele>894.0</ele>
    <time>2026-07-04T13:54:57Z</time>
   </trkpt>
   <trkpt lat="12.9053220" lon="77.6418430">
    <ele>894.1</ele>
    <time>2026-07-04T13:54:58Z</time>
   </trkpt>
   <trkpt lat="12.9053260" lon="77.6418250">
    <ele>894.1</ele>
    <time>2026-07-04T13:54:59Z</time>
   </trkpt>
   <trkpt lat="12.9053340" lon="77.6418060">
    <ele>894.1</ele>
    <time>2026-07-04T13:55:00Z</time>
   </trkpt>
   <trkpt lat="12.9053380" lon="77.6417860">
    <ele>894.1</ele>
    <time>2026-07-04T13:55:01Z</time>
   </trkpt>
   <trkpt lat="12.9053380" lon="77.6417660">
    <ele>894.2</ele>
    <time>2026-07-04T13:55:02Z</time>
   </trkpt>
   <trkpt lat="12.9053440" lon="77.6417440">
    <ele>894.2</ele>
    <time>2026-07-04T13:55:03Z</time>
   </trkpt>
   <trkpt lat="12.9053470" lon="77.6417260">
    <ele>894.2</ele>
    <time>2026-07-04T13:55:04Z</time>
   </trkpt>
   <trkpt lat="12.9053520" lon="77.6417040">
    <ele>894.3</ele>
    <time>2026-07-04T13:55:05Z</time>
   </trkpt>
   <trkpt lat="12.9053600" lon="77.6416830">
    <ele>894.3</ele>
    <time>2026-07-04T13:55:06Z</time>
   </trkpt>
   <trkpt lat="12.9053650" lon="77.6416640">
    <ele>894.3</ele>
    <time>2026-07-04T13:55:07Z</time>
   </trkpt>
   <trkpt lat="12.9053770" lon="77.6416340">
    <ele>894.4</ele>
    <time>2026-07-04T13:55:08Z</time>
   </trkpt>
   <trkpt lat="12.9053880" lon="77.6416090">
    <ele>894.4</ele>
    <time>2026-07-04T13:55:09Z</time>
   </trkpt>
   <trkpt lat="12.9053960" lon="77.6415830">
    <ele>894.4</ele>
    <time>2026-07-04T13:55:10Z</time>
   </trkpt>
   <trkpt lat="12.9054000" lon="77.6415580">
    <ele>894.4</ele>
    <time>2026-07-04T13:55:11Z</time>
   </trkpt>
   <trkpt lat="12.9054030" lon="77.6415320">
    <ele>894.4</ele>
    <time>2026-07-04T13:55:12Z</time>
   </trkpt>
   <trkpt lat="12.9054060" lon="77.6415060">
    <ele>894.5</ele>
    <time>2026-07-04T13:55:13Z</time>
   </trkpt>
   <trkpt lat="12.9054120" lon="77.6414810">
    <ele>894.5</ele>
    <time>2026-07-04T13:55:14Z</time>
   </trkpt>
   <trkpt lat="12.9054190" lon="77.6414560">
    <ele>894.5</ele>
    <time>2026-07-04T13:55:15Z</time>
   </trkpt>
   <trkpt lat="12.9054190" lon="77.6414300">
    <ele>894.5</ele>
    <time>2026-07-04T13:55:16Z</time>
   </trkpt>
   <trkpt lat="12.9054180" lon="77.6414050">
    <ele>894.6</ele>
    <time>2026-07-04T13:55:17Z</time>
   </trkpt>
   <trkpt lat="12.9054260" lon="77.6413840">
    <ele>894.6</ele>
    <time>2026-07-04T13:55:18Z</time>
   </trkpt>
   <trkpt lat="12.9054250" lon="77.6413580">
    <ele>894.6</ele>
    <time>2026-07-04T13:55:19Z</time>
   </trkpt>
   <trkpt lat="12.9054220" lon="77.6413330">
    <ele>894.6</ele>
    <time>2026-07-04T13:55:20Z</time>
   </trkpt>
   <trkpt lat="12.9054220" lon="77.6413090">
    <ele>894.6</ele>
    <time>2026-07-04T13:55:21Z</time>
   </trkpt>
   <trkpt lat="12.9054230" lon="77.6412840">
    <ele>894.6</ele>
    <time>2026-07-04T13:55:22Z</time>
   </trkpt>
   <trkpt lat="12.9054230" lon="77.6412610">
    <ele>894.6</ele>
    <time>2026-07-04T13:55:23Z</time>
   </trkpt>
   <trkpt lat="12.9054240" lon="77.6412410">
    <ele>894.6</ele>
    <time>2026-07-04T13:55:24Z</time>
   </trkpt>
   <trkpt lat="12.9054240" lon="77.6412210">
    <ele>894.6</ele>
    <time>2026-07-04T13:55:25Z</time>
   </trkpt>
   <trkpt lat="12.9054250" lon="77.6412040">
    <ele>894.6</ele>
    <time>2026-07-04T13:55:26Z</time>
   </trkpt>
   <trkpt lat="12.9054250" lon="77.6411800">
    <ele>894.6</ele>
    <time>2026-07-04T13:55:27Z</time>
   </trkpt>
   <trkpt lat="12.9054310" lon="77.6411670">
    <ele>894.7</ele>
    <time>2026-07-04T13:55:28Z</time>
   </trkpt>
   <trkpt lat="12.9054360" lon="77.6411470">
    <ele>894.7</ele>
    <time>2026-07-04T13:55:29Z</time>
   </trkpt>
   <trkpt lat="12.9054410" lon="77.6411250">
    <ele>894.7</ele>
    <time>2026-07-04T13:55:30Z</time>
   </trkpt>
   <trkpt lat="12.9054440" lon="77.6411030">
    <ele>894.8</ele>
    <time>2026-07-04T13:55:31Z</time>
   </trkpt>
   <trkpt lat="12.9054470" lon="77.6410750">
    <ele>894.8</ele>
    <time>2026-07-04T13:55:32Z</time>
   </trkpt>
   <trkpt lat="12.9054460" lon="77.6410540">
    <ele>894.8</ele>
    <time>2026-07-04T13:55:33Z</time>
   </trkpt>
   <trkpt lat="12.9054520" lon="77.6410290">
    <ele>894.9</ele>
    <time>2026-07-04T13:55:34Z</time>
   </trkpt>
   <trkpt lat="12.9054540" lon="77.6410090">
    <ele>894.9</ele>
    <time>2026-07-04T13:55:35Z</time>
   </trkpt>
   <trkpt lat="12.9054610" lon="77.6409890">
    <ele>894.9</ele>
    <time>2026-07-04T13:55:36Z</time>
   </trkpt>
   <trkpt lat="12.9054640" lon="77.6409660">
    <ele>895.0</ele>
    <time>2026-07-04T13:55:37Z</time>
   </trkpt>
   <trkpt lat="12.9054730" lon="77.6409470">
    <ele>895.0</ele>
    <time>2026-07-04T13:55:38Z</time>
   </trkpt>
   <trkpt lat="12.9054770" lon="77.6409270">
    <ele>895.0</ele>
    <time>2026-07-04T13:55:39Z</time>
   </trkpt>
   <trkpt lat="12.9054820" lon="77.6409010">
    <ele>895.1</ele>
    <time>2026-07-04T13:55:40Z</time>
   </trkpt>
   <trkpt lat="12.9054880" lon="77.6408770">
    <ele>895.1</ele>
    <time>2026-07-04T13:55:41Z</time>
   </trkpt>
   <trkpt lat="12.9054970" lon="77.6408610">
    <ele>895.2</ele>
    <time>2026-07-04T13:55:42Z</time>
   </trkpt>
   <trkpt lat="12.9055000" lon="77.6408350">
    <ele>895.2</ele>
    <time>2026-07-04T13:55:43Z</time>
   </trkpt>
   <trkpt lat="12.9055040" lon="77.6408130">
    <ele>895.3</ele>
    <time>2026-07-04T13:55:44Z</time>
   </trkpt>
   <trkpt lat="12.9055030" lon="77.6407850">
    <ele>895.3</ele>
    <time>2026-07-04T13:55:46Z</time>
   </trkpt>
   <trkpt lat="12.9055060" lon="77.6407600">
    <ele>895.4</ele>
    <time>2026-07-04T13:55:47Z</time>
   </trkpt>
   <trkpt lat="12.9055090" lon="77.6407460">
    <ele>895.4</ele>
    <time>2026-07-04T13:55:48Z</time>
   </trkpt>
   <trkpt lat="12.9055130" lon="77.6407250">
    <ele>895.4</ele>
    <time>2026-07-04T13:55:49Z</time>
   </trkpt>
   <trkpt lat="12.9055150" lon="77.6407050">
    <ele>895.4</ele>
    <time>2026-07-04T13:55:50Z</time>
   </trkpt>
   <trkpt lat="12.9055230" lon="77.6406980">
    <ele>895.5</ele>
    <time>2026-07-04T13:55:51Z</time>
   </trkpt>
   <trkpt lat="12.9055240" lon="77.6406780">
    <ele>895.5</ele>
    <time>2026-07-04T13:55:52Z</time>
   </trkpt>
   <trkpt lat="12.9055270" lon="77.6406620">
    <ele>895.5</ele>
    <time>2026-07-04T13:55:53Z</time>
   </trkpt>
   <trkpt lat="12.9055260" lon="77.6406440">
    <ele>895.5</ele>
    <time>2026-07-04T13:55:54Z</time>
   </trkpt>
   <trkpt lat="12.9055310" lon="77.6406240">
    <ele>895.6</ele>
    <time>2026-07-04T13:55:55Z</time>
   </trkpt>
   <trkpt lat="12.9055310" lon="77.6406120">
    <ele>895.6</ele>
    <time>2026-07-04T13:55:56Z</time>
   </trkpt>
   <trkpt lat="12.9055320" lon="77.6406010">
    <ele>895.6</ele>
    <time>2026-07-04T13:55:57Z</time>
   </trkpt>
   <trkpt lat="12.9055290" lon="77.6405930">
    <ele>895.6</ele>
    <time>2026-07-04T13:55:58Z</time>
   </trkpt>
   <trkpt lat="12.9055330" lon="77.6405940">
    <ele>895.6</ele>
    <time>2026-07-04T13:55:59Z</time>
   </trkpt>
   <trkpt lat="12.9055330" lon="77.6405900">
    <ele>895.6</ele>
    <time>2026-07-04T13:56:00Z</time>
   </trkpt>
   <trkpt lat="12.9055350" lon="77.6405900">
    <ele>895.6</ele>
    <time>2026-07-04T13:56:01Z</time>
   </trkpt>
   <trkpt lat="12.9055340" lon="77.6405880">
    <ele>895.6</ele>
    <time>2026-07-04T13:56:02Z</time>
   </trkpt>
   <trkpt lat="12.9055350" lon="77.6405890">
    <ele>895.6</ele>
    <time>2026-07-04T13:56:03Z</time>
   </trkpt>
   <trkpt lat="12.9055340" lon="77.6405870">
    <ele>895.6</ele>
    <time>2026-07-04T13:56:04Z</time>
   </trkpt>
   <trkpt lat="12.9055340" lon="77.6405870">
    <ele>895.6</ele>
    <time>2026-07-04T13:56:05Z</time>
   </trkpt>
   <trkpt lat="12.9055370" lon="77.6405880">
    <ele>895.6</ele>
    <time>2026-07-04T13:56:06Z</time>
   </trkpt>
   <trkpt lat="12.9055370" lon="77.6405880">
    <ele>895.6</ele>
    <time>2026-07-04T13:56:07Z</time>
   </trkpt>
   <trkpt lat="12.9055730" lon="77.6405300">
    <ele>895.7</ele>
    <time>2026-07-04T14:00:17Z</time>
   </trkpt>
   <trkpt lat="12.9055740" lon="77.6405100">
    <ele>895.8</ele>
    <time>2026-07-04T14:00:18Z</time>
   </trkpt>
   <trkpt lat="12.9055790" lon="77.6404910">
    <ele>895.8</ele>
    <time>2026-07-04T14:00:19Z</time>
   </trkpt>
   <trkpt lat="12.9055810" lon="77.6404700">
    <ele>895.8</ele>
    <time>2026-07-04T14:00:20Z</time>
   </trkpt>
   <trkpt lat="12.9055840" lon="77.6404530">
    <ele>895.8</ele>
    <time>2026-07-04T14:00:21Z</time>
   </trkpt>
   <trkpt lat="12.9055880" lon="77.6404320">
    <ele>895.9</ele>
    <time>2026-07-04T14:00:22Z</time>
   </trkpt>
   <trkpt lat="12.9055890" lon="77.6404100">
    <ele>895.9</ele>
    <time>2026-07-04T14:00:23Z</time>
   </trkpt>
   <trkpt lat="12.9055840" lon="77.6403870">
    <ele>895.9</ele>
    <time>2026-07-04T14:00:24Z</time>
   </trkpt>
   <trkpt lat="12.9055920" lon="77.6403610">
    <ele>895.9</ele>
    <time>2026-07-04T14:00:25Z</time>
   </trkpt>
   <trkpt lat="12.9055980" lon="77.6403280">
    <ele>896.0</ele>
    <time>2026-07-04T14:00:26Z</time>
   </trkpt>
   <trkpt lat="12.9056020" lon="77.6403020">
    <ele>896.0</ele>
    <time>2026-07-04T14:00:27Z</time>
   </trkpt>
   <trkpt lat="12.9056070" lon="77.6402820">
    <ele>896.0</ele>
    <time>2026-07-04T14:00:28Z</time>
   </trkpt>
   <trkpt lat="12.9056070" lon="77.6402580">
    <ele>896.1</ele>
    <time>2026-07-04T14:00:29Z</time>
   </trkpt>
   <trkpt lat="12.9056090" lon="77.6402350">
    <ele>896.1</ele>
    <time>2026-07-04T14:00:30Z</time>
   </trkpt>
   <trkpt lat="12.9056040" lon="77.6402120">
    <ele>896.1</ele>
    <time>2026-07-04T14:00:31Z</time>
   </trkpt>
   <trkpt lat="12.9056090" lon="77.6401860">
    <ele>896.2</ele>
    <time>2026-07-04T14:00:32Z</time>
   </trkpt>
   <trkpt lat="12.9056160" lon="77.6401640">
    <ele>896.2</ele>
    <time>2026-07-04T14:00:33Z</time>
   </trkpt>
   <trkpt lat="12.9056200" lon="77.6401390">
    <ele>896.2</ele>
    <time>2026-07-04T14:00:34Z</time>
   </trkpt>
   <trkpt lat="12.9056190" lon="77.6401160">
    <ele>896.3</ele>
    <time>2026-07-04T14:00:35Z</time>
   </trkpt>
   <trkpt lat="12.9056170" lon="77.6400930">
    <ele>896.3</ele>
    <time>2026-07-04T14:00:36Z</time>
   </trkpt>
   <trkpt lat="12.9056180" lon="77.6400750">
    <ele>896.3</ele>
    <time>2026-07-04T14:00:37Z</time>
   </trkpt>
   <trkpt lat="12.9056230" lon="77.6400500">
    <ele>896.3</ele>
    <time>2026-07-04T14:00:38Z</time>
   </trkpt>
   <trkpt lat="12.9056280" lon="77.6400230">
    <ele>896.4</ele>
    <time>2026-07-04T14:00:39Z</time>
   </trkpt>
   <trkpt lat="12.9056310" lon="77.6400030">
    <ele>896.4</ele>
    <time>2026-07-04T14:00:40Z</time>
   </trkpt>
   <trkpt lat="12.9056330" lon="77.6399830">
    <ele>896.4</ele>
    <time>2026-07-04T14:00:41Z</time>
   </trkpt>
   <trkpt lat="12.9056340" lon="77.6399550">
    <ele>896.5</ele>
    <time>2026-07-04T14:00:42Z</time>
   </trkpt>
   <trkpt lat="12.9056370" lon="77.6399340">
    <ele>896.5</ele>
    <time>2026-07-04T14:00:43Z</time>
   </trkpt>
   <trkpt lat="12.9056360" lon="77.6399210">
    <ele>896.5</ele>
    <time>2026-07-04T14:00:44Z</time>
   </trkpt>
   <trkpt lat="12.9056340" lon="77.6399130">
    <ele>896.5</ele>
    <time>2026-07-04T14:00:45Z</time>
   </trkpt>
   <trkpt lat="12.9056350" lon="77.6399040">
    <ele>896.5</ele>
    <time>2026-07-04T14:00:46Z</time>
   </trkpt>
   <trkpt lat="12.9056390" lon="77.6398830">
    <ele>896.5</ele>
    <time>2026-07-04T14:00:47Z</time>
   </trkpt>
   <trkpt lat="12.9056380" lon="77.6398710">
    <ele>896.6</ele>
    <time>2026-07-04T14:00:48Z</time>
   </trkpt>
   <trkpt lat="12.9056390" lon="77.6398540">
    <ele>896.6</ele>
    <time>2026-07-04T14:00:49Z</time>
   </trkpt>
   <trkpt lat="12.9056440" lon="77.6398310">
    <ele>896.6</ele>
    <time>2026-07-04T14:00:50Z</time>
   </trkpt>
   <trkpt lat="12.9056440" lon="77.6398150">
    <ele>896.6</ele>
    <time>2026-07-04T14:00:51Z</time>
   </trkpt>
   <trkpt lat="12.9056480" lon="77.6397920">
    <ele>896.6</ele>
    <time>2026-07-04T14:00:52Z</time>
   </trkpt>
   <trkpt lat="12.9056510" lon="77.6397790">
    <ele>896.6</ele>
    <time>2026-07-04T14:00:53Z</time>
   </trkpt>
   <trkpt lat="12.9056540" lon="77.6397620">
    <ele>896.6</ele>
    <time>2026-07-04T14:00:54Z</time>
   </trkpt>
   <trkpt lat="12.9056590" lon="77.6397430">
    <ele>896.6</ele>
    <time>2026-07-04T14:00:55Z</time>
   </trkpt>
   <trkpt lat="12.9056610" lon="77.6397220">
    <ele>896.6</ele>
    <time>2026-07-04T14:00:56Z</time>
   </trkpt>
   <trkpt lat="12.9056650" lon="77.6397040">
    <ele>896.6</ele>
    <time>2026-07-04T14:00:57Z</time>
   </trkpt>
   <trkpt lat="12.9056700" lon="77.6396820">
    <ele>896.6</ele>
    <time>2026-07-04T14:00:58Z</time>
   </trkpt>
   <trkpt lat="12.9056680" lon="77.6396640">
    <ele>896.6</ele>
    <time>2026-07-04T14:00:59Z</time>
   </trkpt>
   <trkpt lat="12.9056760" lon="77.6396460">
    <ele>896.6</ele>
    <time>2026-07-04T14:01:00Z</time>
   </trkpt>
   <trkpt lat="12.9056790" lon="77.6396280">
    <ele>896.6</ele>
    <time>2026-07-04T14:01:01Z</time>
   </trkpt>
   <trkpt lat="12.9056740" lon="77.6396050">
    <ele>896.5</ele>
    <time>2026-07-04T14:01:02Z</time>
   </trkpt>
   <trkpt lat="12.9056810" lon="77.6396020">
    <ele>896.5</ele>
    <time>2026-07-04T14:01:03Z</time>
   </trkpt>
   <trkpt lat="12.9056750" lon="77.6395850">
    <ele>896.5</ele>
    <time>2026-07-04T14:01:04Z</time>
   </trkpt>
   <trkpt lat="12.9056750" lon="77.6395640">
    <ele>896.5</ele>
    <time>2026-07-04T14:01:05Z</time>
   </trkpt>
   <trkpt lat="12.9056870" lon="77.6395430">
    <ele>896.5</ele>
    <time>2026-07-04T14:01:06Z</time>
   </trkpt>
   <trkpt lat="12.9056790" lon="77.6395350">
    <ele>896.5</ele>
    <time>2026-07-04T14:01:07Z</time>
   </trkpt>
   <trkpt lat="12.9056800" lon="77.6395140">
    <ele>896.5</ele>
    <time>2026-07-04T14:01:08Z</time>
   </trkpt>
   <trkpt lat="12.9056840" lon="77.6394890">
    <ele>896.5</ele>
    <time>2026-07-04T14:01:09Z</time>
   </trkpt>
   <trkpt lat="12.9056840" lon="77.6394590">
    <ele>896.5</ele>
    <time>2026-07-04T14:01:10Z</time>
   </trkpt>
   <trkpt lat="12.9056880" lon="77.6394330">
    <ele>896.5</ele>
    <time>2026-07-04T14:01:11Z</time>
   </trkpt>
   <trkpt lat="12.9056880" lon="77.6394110">
    <ele>896.5</ele>
    <time>2026-07-04T14:01:12Z</time>
   </trkpt>
   <trkpt lat="12.9056940" lon="77.6393900">
    <ele>896.5</ele>
    <time>2026-07-04T14:01:13Z</time>
   </trkpt>
   <trkpt lat="12.9056990" lon="77.6393740">
    <ele>896.5</ele>
    <time>2026-07-04T14:01:14Z</time>
   </trkpt>
   <trkpt lat="12.9057000" lon="77.6393500">
    <ele>896.5</ele>
    <time>2026-07-04T14:01:15Z</time>
   </trkpt>
   <trkpt lat="12.9057030" lon="77.6393310">
    <ele>896.5</ele>
    <time>2026-07-04T14:01:16Z</time>
   </trkpt>
   <trkpt lat="12.9057060" lon="77.6393130">
    <ele>896.5</ele>
    <time>2026-07-04T14:01:17Z</time>
   </trkpt>
   <trkpt lat="12.9057070" lon="77.6393000">
    <ele>896.5</ele>
    <time>2026-07-04T14:01:18Z</time>
   </trkpt>
   <trkpt lat="12.9057090" lon="77.6392780">
    <ele>896.5</ele>
    <time>2026-07-04T14:01:19Z</time>
   </trkpt>
   <trkpt lat="12.9057070" lon="77.6392560">
    <ele>896.4</ele>
    <time>2026-07-04T14:01:20Z</time>
   </trkpt>
   <trkpt lat="12.9057090" lon="77.6392270">
    <ele>896.4</ele>
    <time>2026-07-04T14:01:21Z</time>
   </trkpt>
   <trkpt lat="12.9057140" lon="77.6392040">
    <ele>896.4</ele>
    <time>2026-07-04T14:01:22Z</time>
   </trkpt>
   <trkpt lat="12.9057080" lon="77.6391820">
    <ele>896.4</ele>
    <time>2026-07-04T14:01:23Z</time>
   </trkpt>
   <trkpt lat="12.9057130" lon="77.6391590">
    <ele>896.3</ele>
    <time>2026-07-04T14:01:24Z</time>
   </trkpt>
   <trkpt lat="12.9057150" lon="77.6391370">
    <ele>896.3</ele>
    <time>2026-07-04T14:01:25Z</time>
   </trkpt>
   <trkpt lat="12.9057120" lon="77.6391160">
    <ele>896.3</ele>
    <time>2026-07-04T14:01:26Z</time>
   </trkpt>
   <trkpt lat="12.9057140" lon="77.6390900">
    <ele>896.3</ele>
    <time>2026-07-04T14:01:27Z</time>
   </trkpt>
   <trkpt lat="12.9057220" lon="77.6390710">
    <ele>896.2</ele>
    <time>2026-07-04T14:01:28Z</time>
   </trkpt>
   <trkpt lat="12.9057220" lon="77.6390550">
    <ele>896.2</ele>
    <time>2026-07-04T14:01:29Z</time>
   </trkpt>
   <trkpt lat="12.9057230" lon="77.6390470">
    <ele>896.2</ele>
    <time>2026-07-04T14:01:30Z</time>
   </trkpt>
   <trkpt lat="12.9057260" lon="77.6390340">
    <ele>896.2</ele>
    <time>2026-07-04T14:01:31Z</time>
   </trkpt>
   <trkpt lat="12.9057220" lon="77.6390280">
    <ele>896.2</ele>
    <time>2026-07-04T14:01:32Z</time>
   </trkpt>
   <trkpt lat="12.9057220" lon="77.6390270">
    <ele>896.2</ele>
    <time>2026-07-04T14:01:33Z</time>
   </trkpt>
   <trkpt lat="12.9057190" lon="77.6390240">
    <ele>896.2</ele>
    <time>2026-07-04T14:01:34Z</time>
   </trkpt>
   <trkpt lat="12.9057210" lon="77.6390120">
    <ele>896.2</ele>
    <time>2026-07-04T14:01:35Z</time>
   </trkpt>
   <trkpt lat="12.9057220" lon="77.6390070">
    <ele>896.2</ele>
    <time>2026-07-04T14:01:36Z</time>
   </trkpt>
   <trkpt lat="12.9057210" lon="77.6390020">
    <ele>896.2</ele>
    <time>2026-07-04T14:01:37Z</time>
   </trkpt>
   <trkpt lat="12.9057190" lon="77.6389920">
    <ele>896.2</ele>
    <time>2026-07-04T14:01:38Z</time>
   </trkpt>
   <trkpt lat="12.9057210" lon="77.6389830">
    <ele>896.2</ele>
    <time>2026-07-04T14:01:39Z</time>
   </trkpt>
   <trkpt lat="12.9057230" lon="77.6389730">
    <ele>896.2</ele>
    <time>2026-07-04T14:01:40Z</time>
   </trkpt>
   <trkpt lat="12.9057310" lon="77.6389660">
    <ele>896.2</ele>
    <time>2026-07-04T14:01:41Z</time>
   </trkpt>
   <trkpt lat="12.9057360" lon="77.6389610">
    <ele>896.2</ele>
    <time>2026-07-04T14:01:42Z</time>
   </trkpt>
   <trkpt lat="12.9057350" lon="77.6389620">
    <ele>896.2</ele>
    <time>2026-07-04T14:01:43Z</time>
   </trkpt>
   <trkpt lat="12.9057360" lon="77.6389590">
    <ele>896.2</ele>
    <time>2026-07-04T14:01:44Z</time>
   </trkpt>
   <trkpt lat="12.9057350" lon="77.6389550">
    <ele>896.2</ele>
    <time>2026-07-04T14:01:45Z</time>
   </trkpt>
   <trkpt lat="12.9057360" lon="77.6389510">
    <ele>896.2</ele>
    <time>2026-07-04T14:01:46Z</time>
   </trkpt>
   <trkpt lat="12.9057380" lon="77.6389470">
    <ele>896.2</ele>
    <time>2026-07-04T14:01:47Z</time>
   </trkpt>
   <trkpt lat="12.9057380" lon="77.6389450">
    <ele>896.2</ele>
    <time>2026-07-04T14:01:48Z</time>
   </trkpt>
   <trkpt lat="12.9057400" lon="77.6389450">
    <ele>896.2</ele>
    <time>2026-07-04T14:01:49Z</time>
   </trkpt>
   <trkpt lat="12.9057430" lon="77.6389320">
    <ele>896.2</ele>
    <time>2026-07-04T14:01:50Z</time>
   </trkpt>
   <trkpt lat="12.9057480" lon="77.6389240">
    <ele>896.2</ele>
    <time>2026-07-04T14:01:51Z</time>
   </trkpt>
   <trkpt lat="12.9057540" lon="77.6389190">
    <ele>896.2</ele>
    <time>2026-07-04T14:01:52Z</time>
   </trkpt>
   <trkpt lat="12.9057620" lon="77.6389100">
    <ele>896.2</ele>
    <time>2026-07-04T14:01:53Z</time>
   </trkpt>
   <trkpt lat="12.9057680" lon="77.6389070">
    <ele>896.1</ele>
    <time>2026-07-04T14:01:54Z</time>
   </trkpt>
   <trkpt lat="12.9057700" lon="77.6389110">
    <ele>896.1</ele>
    <time>2026-07-04T14:01:55Z</time>
   </trkpt>
   <trkpt lat="12.9057690" lon="77.6389120">
    <ele>896.1</ele>
    <time>2026-07-04T14:01:56Z</time>
   </trkpt>
   <trkpt lat="12.9057710" lon="77.6389140">
    <ele>896.1</ele>
    <time>2026-07-04T14:01:57Z</time>
   </trkpt>
   <trkpt lat="12.9057710" lon="77.6389170">
    <ele>896.1</ele>
    <time>2026-07-04T14:01:58Z</time>
   </trkpt>
   <trkpt lat="12.9057710" lon="77.6389180">
    <ele>896.1</ele>
    <time>2026-07-04T14:01:59Z</time>
   </trkpt>
   <trkpt lat="12.9057710" lon="77.6389180">
    <ele>896.1</ele>
    <time>2026-07-04T14:02:00Z</time>
   </trkpt>
   <trkpt lat="12.9057760" lon="77.6389260">
    <ele>896.1</ele>
    <time>2026-07-04T14:02:01Z</time>
   </trkpt>
   <trkpt lat="12.9057760" lon="77.6389260">
    <ele>896.1</ele>
    <time>2026-07-04T14:02:02Z</time>
   </trkpt>
   <trkpt lat="12.9057770" lon="77.6389250">
    <ele>896.1</ele>
    <time>2026-07-04T14:02:03Z</time>
   </trkpt>
   <trkpt lat="12.9057800" lon="77.6389220">
    <ele>896.1</ele>
    <time>2026-07-04T14:02:04Z</time>
   </trkpt>
   <trkpt lat="12.9057970" lon="77.6388730">
    <ele>896.0</ele>
    <time>2026-07-04T14:02:08Z</time>
   </trkpt>
   <trkpt lat="12.9058030" lon="77.6388550">
    <ele>895.9</ele>
    <time>2026-07-04T14:02:09Z</time>
   </trkpt>
   <trkpt lat="12.9058130" lon="77.6388320">
    <ele>895.9</ele>
    <time>2026-07-04T14:02:10Z</time>
   </trkpt>
   <trkpt lat="12.9058200" lon="77.6388070">
    <ele>895.8</ele>
    <time>2026-07-04T14:02:11Z</time>
   </trkpt>
   <trkpt lat="12.9058300" lon="77.6387870">
    <ele>895.7</ele>
    <time>2026-07-04T14:02:12Z</time>
   </trkpt>
   <trkpt lat="12.9058320" lon="77.6387770">
    <ele>895.7</ele>
    <time>2026-07-04T14:02:14Z</time>
   </trkpt>
   <trkpt lat="12.9058310" lon="77.6387690">
    <ele>895.7</ele>
    <time>2026-07-04T14:02:15Z</time>
   </trkpt>
   <trkpt lat="12.9058310" lon="77.6387550">
    <ele>895.7</ele>
    <time>2026-07-04T14:02:16Z</time>
   </trkpt>
   <trkpt lat="12.9058380" lon="77.6387370">
    <ele>895.6</ele>
    <time>2026-07-04T14:02:17Z</time>
   </trkpt>
   <trkpt lat="12.9058410" lon="77.6387320">
    <ele>895.6</ele>
    <time>2026-07-04T14:02:18Z</time>
   </trkpt>
   <trkpt lat="12.9058460" lon="77.6387140">
    <ele>895.6</ele>
    <time>2026-07-04T14:02:19Z</time>
   </trkpt>
   <trkpt lat="12.9058560" lon="77.6386790">
    <ele>895.5</ele>
    <time>2026-07-04T14:02:20Z</time>
   </trkpt>
   <trkpt lat="12.9058580" lon="77.6386650">
    <ele>895.4</ele>
    <time>2026-07-04T14:02:21Z</time>
   </trkpt>
   <trkpt lat="12.9058650" lon="77.6386510">
    <ele>895.4</ele>
    <time>2026-07-04T14:02:22Z</time>
   </trkpt>
   <trkpt lat="12.9058710" lon="77.6386470">
    <ele>895.4</ele>
    <time>2026-07-04T14:02:23Z</time>
   </trkpt>
   <trkpt lat="12.9058790" lon="77.6386280">
    <ele>895.3</ele>
    <time>2026-07-04T14:02:24Z</time>
   </trkpt>
   <trkpt lat="12.9058830" lon="77.6386110">
    <ele>895.3</ele>
    <time>2026-07-04T14:02:25Z</time>
   </trkpt>
   <trkpt lat="12.9058980" lon="77.6385970">
    <ele>895.2</ele>
    <time>2026-07-04T14:02:26Z</time>
   </trkpt>
   <trkpt lat="12.9059140" lon="77.6385930">
    <ele>895.2</ele>
    <time>2026-07-04T14:02:27Z</time>
   </trkpt>
   <trkpt lat="12.9059320" lon="77.6385940">
    <ele>895.2</ele>
    <time>2026-07-04T14:02:28Z</time>
   </trkpt>
   <trkpt lat="12.9059530" lon="77.6386020">
    <ele>895.1</ele>
    <time>2026-07-04T14:02:29Z</time>
   </trkpt>
   <trkpt lat="12.9059740" lon="77.6386110">
    <ele>895.0</ele>
    <time>2026-07-04T14:02:30Z</time>
   </trkpt>
   <trkpt lat="12.9059910" lon="77.6386160">
    <ele>895.0</ele>
    <time>2026-07-04T14:02:31Z</time>
   </trkpt>
   <trkpt lat="12.9060190" lon="77.6386320">
    <ele>894.9</ele>
    <time>2026-07-04T14:02:32Z</time>
   </trkpt>
   <trkpt lat="12.9060400" lon="77.6386340">
    <ele>894.9</ele>
    <time>2026-07-04T14:02:33Z</time>
   </trkpt>
   <trkpt lat="12.9060610" lon="77.6386330">
    <ele>894.8</ele>
    <time>2026-07-04T14:02:34Z</time>
   </trkpt>
   <trkpt lat="12.9060920" lon="77.6386300">
    <ele>894.7</ele>
    <time>2026-07-04T14:02:35Z</time>
   </trkpt>
   <trkpt lat="12.9061240" lon="77.6386290">
    <ele>894.6</ele>
    <time>2026-07-04T14:02:36Z</time>
   </trkpt>
   <trkpt lat="12.9061590" lon="77.6386240">
    <ele>894.5</ele>
    <time>2026-07-04T14:02:37Z</time>
   </trkpt>
   <trkpt lat="12.9061900" lon="77.6386210">
    <ele>894.5</ele>
    <time>2026-07-04T14:02:38Z</time>
   </trkpt>
   <trkpt lat="12.9062230" lon="77.6386210">
    <ele>894.4</ele>
    <time>2026-07-04T14:02:39Z</time>
   </trkpt>
   <trkpt lat="12.9062540" lon="77.6386340">
    <ele>894.3</ele>
    <time>2026-07-04T14:02:40Z</time>
   </trkpt>
   <trkpt lat="12.9062720" lon="77.6386290">
    <ele>894.2</ele>
    <time>2026-07-04T14:02:41Z</time>
   </trkpt>
   <trkpt lat="12.9063040" lon="77.6386300">
    <ele>894.2</ele>
    <time>2026-07-04T14:02:42Z</time>
   </trkpt>
   <trkpt lat="12.9063300" lon="77.6386340">
    <ele>894.1</ele>
    <time>2026-07-04T14:02:43Z</time>
   </trkpt>
   <trkpt lat="12.9063420" lon="77.6386440">
    <ele>894.1</ele>
    <time>2026-07-04T14:02:44Z</time>
   </trkpt>
   <trkpt lat="12.9063750" lon="77.6386390">
    <ele>894.0</ele>
    <time>2026-07-04T14:02:45Z</time>
   </trkpt>
   <trkpt lat="12.9064140" lon="77.6386420">
    <ele>893.9</ele>
    <time>2026-07-04T14:02:46Z</time>
   </trkpt>
   <trkpt lat="12.9064470" lon="77.6386390">
    <ele>893.9</ele>
    <time>2026-07-04T14:02:47Z</time>
   </trkpt>
   <trkpt lat="12.9064820" lon="77.6386390">
    <ele>893.8</ele>
    <time>2026-07-04T14:02:48Z</time>
   </trkpt>
   <trkpt lat="12.9065170" lon="77.6386430">
    <ele>893.7</ele>
    <time>2026-07-04T14:02:49Z</time>
   </trkpt>
   <trkpt lat="12.9065530" lon="77.6386490">
    <ele>893.6</ele>
    <time>2026-07-04T14:02:50Z</time>
   </trkpt>
   <trkpt lat="12.9065830" lon="77.6386510">
    <ele>893.5</ele>
    <time>2026-07-04T14:02:51Z</time>
   </trkpt>
   <trkpt lat="12.9066270" lon="77.6386500">
    <ele>893.4</ele>
    <time>2026-07-04T14:02:52Z</time>
   </trkpt>
   <trkpt lat="12.9066610" lon="77.6386610">
    <ele>893.3</ele>
    <time>2026-07-04T14:02:53Z</time>
   </trkpt>
   <trkpt lat="12.9067010" lon="77.6386620">
    <ele>893.1</ele>
    <time>2026-07-04T14:02:54Z</time>
   </trkpt>
   <trkpt lat="12.9067410" lon="77.6386620">
    <ele>893.0</ele>
    <time>2026-07-04T14:02:55Z</time>
   </trkpt>
   <trkpt lat="12.9067840" lon="77.6386600">
    <ele>892.9</ele>
    <time>2026-07-04T14:02:56Z</time>
   </trkpt>
   <trkpt lat="12.9068290" lon="77.6386690">
    <ele>892.7</ele>
    <time>2026-07-04T14:02:57Z</time>
   </trkpt>
   <trkpt lat="12.9068640" lon="77.6386700">
    <ele>892.6</ele>
    <time>2026-07-04T14:02:58Z</time>
   </trkpt>
   <trkpt lat="12.9068910" lon="77.6386650">
    <ele>892.5</ele>
    <time>2026-07-04T14:02:59Z</time>
   </trkpt>
   <trkpt lat="12.9069260" lon="77.6386680">
    <ele>892.4</ele>
    <time>2026-07-04T14:03:00Z</time>
   </trkpt>
   <trkpt lat="12.9069580" lon="77.6386690">
    <ele>892.4</ele>
    <time>2026-07-04T14:03:01Z</time>
   </trkpt>
   <trkpt lat="12.9069900" lon="77.6386710">
    <ele>892.2</ele>
    <time>2026-07-04T14:03:02Z</time>
   </trkpt>
   <trkpt lat="12.9070170" lon="77.6386720">
    <ele>892.1</ele>
    <time>2026-07-04T14:03:03Z</time>
   </trkpt>
   <trkpt lat="12.9070600" lon="77.6386750">
    <ele>892.0</ele>
    <time>2026-07-04T14:03:04Z</time>
   </trkpt>
   <trkpt lat="12.9070960" lon="77.6386770">
    <ele>891.9</ele>
    <time>2026-07-04T14:03:05Z</time>
   </trkpt>
   <trkpt lat="12.9071310" lon="77.6386820">
    <ele>891.8</ele>
    <time>2026-07-04T14:03:06Z</time>
   </trkpt>
   <trkpt lat="12.9071650" lon="77.6386880">
    <ele>891.6</ele>
    <time>2026-07-04T14:03:07Z</time>
   </trkpt>
   <trkpt lat="12.9072020" lon="77.6386920">
    <ele>891.5</ele>
    <time>2026-07-04T14:03:08Z</time>
   </trkpt>
   <trkpt lat="12.9072420" lon="77.6386900">
    <ele>891.4</ele>
    <time>2026-07-04T14:03:09Z</time>
   </trkpt>
   <trkpt lat="12.9072830" lon="77.6387070">
    <ele>891.3</ele>
    <time>2026-07-04T14:03:10Z</time>
   </trkpt>
   <trkpt lat="12.9073230" lon="77.6387200">
    <ele>891.1</ele>
    <time>2026-07-04T14:03:11Z</time>
   </trkpt>
   <trkpt lat="12.9073640" lon="77.6387340">
    <ele>890.9</ele>
    <time>2026-07-04T14:03:12Z</time>
   </trkpt>
   <trkpt lat="12.9074040" lon="77.6387490">
    <ele>890.8</ele>
    <time>2026-07-04T14:03:13Z</time>
   </trkpt>
   <trkpt lat="12.9074410" lon="77.6387700">
    <ele>890.6</ele>
    <time>2026-07-04T14:03:14Z</time>
   </trkpt>
   <trkpt lat="12.9074730" lon="77.6387900">
    <ele>890.5</ele>
    <time>2026-07-04T14:03:15Z</time>
   </trkpt>
   <trkpt lat="12.9074980" lon="77.6388020">
    <ele>890.4</ele>
    <time>2026-07-04T14:03:16Z</time>
   </trkpt>
   <trkpt lat="12.9075210" lon="77.6388130">
    <ele>890.4</ele>
    <time>2026-07-04T14:03:17Z</time>
   </trkpt>
   <trkpt lat="12.9075470" lon="77.6388240">
    <ele>890.3</ele>
    <time>2026-07-04T14:03:18Z</time>
   </trkpt>
   <trkpt lat="12.9075700" lon="77.6388370">
    <ele>890.2</ele>
    <time>2026-07-04T14:03:19Z</time>
   </trkpt>
   <trkpt lat="12.9075920" lon="77.6388520">
    <ele>890.2</ele>
    <time>2026-07-04T14:03:20Z</time>
   </trkpt>
   <trkpt lat="12.9076170" lon="77.6388640">
    <ele>890.1</ele>
    <time>2026-07-04T14:03:21Z</time>
   </trkpt>
   <trkpt lat="12.9076400" lon="77.6388790">
    <ele>890.0</ele>
    <time>2026-07-04T14:03:22Z</time>
   </trkpt>
   <trkpt lat="12.9076670" lon="77.6388960">
    <ele>890.0</ele>
    <time>2026-07-04T14:03:23Z</time>
   </trkpt>
   <trkpt lat="12.9076930" lon="77.6389070">
    <ele>889.9</ele>
    <time>2026-07-04T14:03:24Z</time>
   </trkpt>
   <trkpt lat="12.9077180" lon="77.6389250">
    <ele>889.8</ele>
    <time>2026-07-04T14:03:25Z</time>
   </trkpt>
   <trkpt lat="12.9077370" lon="77.6389370">
    <ele>889.8</ele>
    <time>2026-07-04T14:03:26Z</time>
   </trkpt>
   <trkpt lat="12.9077570" lon="77.6389460">
    <ele>889.7</ele>
    <time>2026-07-04T14:03:27Z</time>
   </trkpt>
   <trkpt lat="12.9077830" lon="77.6389570">
    <ele>889.6</ele>
    <time>2026-07-04T14:03:28Z</time>
   </trkpt>
   <trkpt lat="12.9078070" lon="77.6389690">
    <ele>889.6</ele>
    <time>2026-07-04T14:03:29Z</time>
   </trkpt>
   <trkpt lat="12.9078280" lon="77.6389830">
    <ele>889.5</ele>
    <time>2026-07-04T14:03:30Z</time>
   </trkpt>
   <trkpt lat="12.9078510" lon="77.6389940">
    <ele>889.5</ele>
    <time>2026-07-04T14:03:31Z</time>
   </trkpt>
   <trkpt lat="12.9078710" lon="77.6390070">
    <ele>889.4</ele>
    <time>2026-07-04T14:03:32Z</time>
   </trkpt>
   <trkpt lat="12.9078870" lon="77.6390220">
    <ele>889.4</ele>
    <time>2026-07-04T14:03:33Z</time>
   </trkpt>
   <trkpt lat="12.9078930" lon="77.6390400">
    <ele>889.4</ele>
    <time>2026-07-04T14:03:34Z</time>
   </trkpt>
   <trkpt lat="12.9078940" lon="77.6390620">
    <ele>889.4</ele>
    <time>2026-07-04T14:03:35Z</time>
   </trkpt>
   <trkpt lat="12.9078910" lon="77.6390830">
    <ele>889.4</ele>
    <time>2026-07-04T14:03:36Z</time>
   </trkpt>
   <trkpt lat="12.9078910" lon="77.6391140">
    <ele>889.4</ele>
    <time>2026-07-04T14:03:37Z</time>
   </trkpt>
   <trkpt lat="12.9078910" lon="77.6391400">
    <ele>889.4</ele>
    <time>2026-07-04T14:03:38Z</time>
   </trkpt>
   <trkpt lat="12.9078890" lon="77.6391670">
    <ele>889.4</ele>
    <time>2026-07-04T14:03:39Z</time>
   </trkpt>
   <trkpt lat="12.9078890" lon="77.6391980">
    <ele>889.4</ele>
    <time>2026-07-04T14:03:40Z</time>
   </trkpt>
   <trkpt lat="12.9078880" lon="77.6392310">
    <ele>889.4</ele>
    <time>2026-07-04T14:03:41Z</time>
   </trkpt>
   <trkpt lat="12.9078900" lon="77.6392720">
    <ele>889.4</ele>
    <time>2026-07-04T14:03:42Z</time>
   </trkpt>
   <trkpt lat="12.9078860" lon="77.6393120">
    <ele>889.4</ele>
    <time>2026-07-04T14:03:43Z</time>
   </trkpt>
   <trkpt lat="12.9078810" lon="77.6393550">
    <ele>889.4</ele>
    <time>2026-07-04T14:03:44Z</time>
   </trkpt>
   <trkpt lat="12.9078800" lon="77.6393970">
    <ele>889.4</ele>
    <time>2026-07-04T14:03:45Z</time>
   </trkpt>
   <trkpt lat="12.9078800" lon="77.6394360">
    <ele>889.4</ele>
    <time>2026-07-04T14:03:46Z</time>
   </trkpt>
   <trkpt lat="12.9078780" lon="77.6394740">
    <ele>889.4</ele>
    <time>2026-07-04T14:03:47Z</time>
   </trkpt>
   <trkpt lat="12.9078780" lon="77.6395190">
    <ele>889.3</ele>
    <time>2026-07-04T14:03:48Z</time>
   </trkpt>
   <trkpt lat="12.9078800" lon="77.6395550">
    <ele>889.3</ele>
    <time>2026-07-04T14:03:49Z</time>
   </trkpt>
   <trkpt lat="12.9078780" lon="77.6395840">
    <ele>889.3</ele>
    <time>2026-07-04T14:03:50Z</time>
   </trkpt>
   <trkpt lat="12.9078750" lon="77.6396140">
    <ele>889.2</ele>
    <time>2026-07-04T14:03:51Z</time>
   </trkpt>
   <trkpt lat="12.9078730" lon="77.6396450">
    <ele>889.2</ele>
    <time>2026-07-04T14:03:52Z</time>
   </trkpt>
   <trkpt lat="12.9078680" lon="77.6396730">
    <ele>889.2</ele>
    <time>2026-07-04T14:03:53Z</time>
   </trkpt>
   <trkpt lat="12.9078660" lon="77.6397020">
    <ele>889.1</ele>
    <time>2026-07-04T14:03:54Z</time>
   </trkpt>
   <trkpt lat="12.9078660" lon="77.6397310">
    <ele>889.1</ele>
    <time>2026-07-04T14:03:55Z</time>
   </trkpt>
   <trkpt lat="12.9078680" lon="77.6397630">
    <ele>889.1</ele>
    <time>2026-07-04T14:03:56Z</time>
   </trkpt>
   <trkpt lat="12.9078790" lon="77.6397890">
    <ele>889.0</ele>
    <time>2026-07-04T14:03:57Z</time>
   </trkpt>
   <trkpt lat="12.9078750" lon="77.6398070">
    <ele>889.0</ele>
    <time>2026-07-04T14:03:58Z</time>
   </trkpt>
   <trkpt lat="12.9078910" lon="77.6398250">
    <ele>889.0</ele>
    <time>2026-07-04T14:03:59Z</time>
   </trkpt>
   <trkpt lat="12.9079110" lon="77.6398250">
    <ele>889.0</ele>
    <time>2026-07-04T14:04:00Z</time>
   </trkpt>
   <trkpt lat="12.9079330" lon="77.6398340">
    <ele>889.0</ele>
    <time>2026-07-04T14:04:01Z</time>
   </trkpt>
   <trkpt lat="12.9079580" lon="77.6398370">
    <ele>889.0</ele>
    <time>2026-07-04T14:04:02Z</time>
   </trkpt>
   <trkpt lat="12.9079850" lon="77.6398410">
    <ele>889.0</ele>
    <time>2026-07-04T14:04:03Z</time>
   </trkpt>
   <trkpt lat="12.9080100" lon="77.6398440">
    <ele>889.0</ele>
    <time>2026-07-04T14:04:04Z</time>
   </trkpt>
   <trkpt lat="12.9080380" lon="77.6398440">
    <ele>889.0</ele>
    <time>2026-07-04T14:04:05Z</time>
   </trkpt>
   <trkpt lat="12.9080630" lon="77.6398410">
    <ele>889.0</ele>
    <time>2026-07-04T14:04:06Z</time>
   </trkpt>
   <trkpt lat="12.9080910" lon="77.6398400">
    <ele>888.9</ele>
    <time>2026-07-04T14:04:07Z</time>
   </trkpt>
   <trkpt lat="12.9081110" lon="77.6398390">
    <ele>888.9</ele>
    <time>2026-07-04T14:04:08Z</time>
   </trkpt>
   <trkpt lat="12.9081350" lon="77.6398400">
    <ele>888.9</ele>
    <time>2026-07-04T14:04:10Z</time>
   </trkpt>
   <trkpt lat="12.9081610" lon="77.6398450">
    <ele>888.9</ele>
    <time>2026-07-04T14:04:11Z</time>
   </trkpt>
   <trkpt lat="12.9081910" lon="77.6398410">
    <ele>888.8</ele>
    <time>2026-07-04T14:04:12Z</time>
   </trkpt>
   <trkpt lat="12.9082160" lon="77.6398440">
    <ele>888.8</ele>
    <time>2026-07-04T14:04:13Z</time>
   </trkpt>
   <trkpt lat="12.9082450" lon="77.6398470">
    <ele>888.8</ele>
    <time>2026-07-04T14:04:14Z</time>
   </trkpt>
   <trkpt lat="12.9082680" lon="77.6398480">
    <ele>888.8</ele>
    <time>2026-07-04T14:04:15Z</time>
   </trkpt>
   <trkpt lat="12.9082960" lon="77.6398500">
    <ele>888.7</ele>
    <time>2026-07-04T14:04:16Z</time>
   </trkpt>
   <trkpt lat="12.9083230" lon="77.6398500">
    <ele>888.7</ele>
    <time>2026-07-04T14:04:17Z</time>
   </trkpt>
   <trkpt lat="12.9083500" lon="77.6398570">
    <ele>888.7</ele>
    <time>2026-07-04T14:04:18Z</time>
   </trkpt>
   <trkpt lat="12.9083800" lon="77.6398610">
    <ele>888.7</ele>
    <time>2026-07-04T14:04:19Z</time>
   </trkpt>
   <trkpt lat="12.9084070" lon="77.6398610">
    <ele>888.6</ele>
    <time>2026-07-04T14:04:20Z</time>
   </trkpt>
   <trkpt lat="12.9084330" lon="77.6398650">
    <ele>888.6</ele>
    <time>2026-07-04T14:04:21Z</time>
   </trkpt>
   <trkpt lat="12.9084610" lon="77.6398620">
    <ele>888.6</ele>
    <time>2026-07-04T14:04:22Z</time>
   </trkpt>
   <trkpt lat="12.9084890" lon="77.6398670">
    <ele>888.6</ele>
    <time>2026-07-04T14:04:23Z</time>
   </trkpt>
   <trkpt lat="12.9085180" lon="77.6398680">
    <ele>888.6</ele>
    <time>2026-07-04T14:04:24Z</time>
   </trkpt>
   <trkpt lat="12.9085490" lon="77.6398750">
    <ele>888.5</ele>
    <time>2026-07-04T14:04:25Z</time>
   </trkpt>
   <trkpt lat="12.9085780" lon="77.6398750">
    <ele>888.5</ele>
    <time>2026-07-04T14:04:26Z</time>
   </trkpt>
   <trkpt lat="12.9086040" lon="77.6398710">
    <ele>888.5</ele>
    <time>2026-07-04T14:04:27Z</time>
   </trkpt>
   <trkpt lat="12.9086290" lon="77.6398740">
    <ele>888.5</ele>
    <time>2026-07-04T14:04:28Z</time>
   </trkpt>
   <trkpt lat="12.9086550" lon="77.6398800">
    <ele>888.5</ele>
    <time>2026-07-04T14:04:29Z</time>
   </trkpt>
   <trkpt lat="12.9086820" lon="77.6398830">
    <ele>888.4</ele>
    <time>2026-07-04T14:04:30Z</time>
   </trkpt>
   <trkpt lat="12.9087120" lon="77.6398840">
    <ele>888.4</ele>
    <time>2026-07-04T14:04:31Z</time>
   </trkpt>
   <trkpt lat="12.9087430" lon="77.6398820">
    <ele>888.4</ele>
    <time>2026-07-04T14:04:32Z</time>
   </trkpt>
   <trkpt lat="12.9087780" lon="77.6398820">
    <ele>888.3</ele>
    <time>2026-07-04T14:04:33Z</time>
   </trkpt>
   <trkpt lat="12.9088210" lon="77.6398850">
    <ele>888.2</ele>
    <time>2026-07-04T14:04:34Z</time>
   </trkpt>
   <trkpt lat="12.9088570" lon="77.6398860">
    <ele>888.2</ele>
    <time>2026-07-04T14:04:35Z</time>
   </trkpt>
   <trkpt lat="12.9088920" lon="77.6398900">
    <ele>888.1</ele>
    <time>2026-07-04T14:04:36Z</time>
   </trkpt>
   <trkpt lat="12.9089280" lon="77.6398840">
    <ele>888.1</ele>
    <time>2026-07-04T14:04:37Z</time>
   </trkpt>
   <trkpt lat="12.9089640" lon="77.6398790">
    <ele>888.0</ele>
    <time>2026-07-04T14:04:38Z</time>
   </trkpt>
   <trkpt lat="12.9090010" lon="77.6398810">
    <ele>887.9</ele>
    <time>2026-07-04T14:04:39Z</time>
   </trkpt>
   <trkpt lat="12.9090330" lon="77.6398810">
    <ele>887.9</ele>
    <time>2026-07-04T14:04:40Z</time>
   </trkpt>
   <trkpt lat="12.9090670" lon="77.6398880">
    <ele>887.8</ele>
    <time>2026-07-04T14:04:41Z</time>
   </trkpt>
   <trkpt lat="12.9090990" lon="77.6398920">
    <ele>887.8</ele>
    <time>2026-07-04T14:04:42Z</time>
   </trkpt>
   <trkpt lat="12.9091310" lon="77.6398960">
    <ele>887.7</ele>
    <time>2026-07-04T14:04:43Z</time>
   </trkpt>
   <trkpt lat="12.9091560" lon="77.6398960">
    <ele>887.7</ele>
    <time>2026-07-04T14:04:44Z</time>
   </trkpt>
   <trkpt lat="12.9091830" lon="77.6398920">
    <ele>887.6</ele>
    <time>2026-07-04T14:04:45Z</time>
   </trkpt>
   <trkpt lat="12.9091900" lon="77.6398900">
    <ele>887.6</ele>
    <time>2026-07-04T14:04:46Z</time>
   </trkpt>
   <trkpt lat="12.9091970" lon="77.6398880">
    <ele>887.6</ele>
    <time>2026-07-04T14:04:47Z</time>
   </trkpt>
   <trkpt lat="12.9092030" lon="77.6398890">
    <ele>887.6</ele>
    <time>2026-07-04T14:04:48Z</time>
   </trkpt>
   <trkpt lat="12.9092130" lon="77.6398860">
    <ele>887.6</ele>
    <time>2026-07-04T14:04:49Z</time>
   </trkpt>
   <trkpt lat="12.9092230" lon="77.6398880">
    <ele>887.6</ele>
    <time>2026-07-04T14:04:50Z</time>
   </trkpt>
   <trkpt lat="12.9092200" lon="77.6398860">
    <ele>887.6</ele>
    <time>2026-07-04T14:04:51Z</time>
   </trkpt>
   <trkpt lat="12.9092200" lon="77.6398880">
    <ele>887.6</ele>
    <time>2026-07-04T14:04:52Z</time>
   </trkpt>
   <trkpt lat="12.9092200" lon="77.6398880">
    <ele>887.6</ele>
    <time>2026-07-04T14:04:53Z</time>
   </trkpt>
   <trkpt lat="12.9092210" lon="77.6398880">
    <ele>887.6</ele>
    <time>2026-07-04T14:04:54Z</time>
   </trkpt>
   <trkpt lat="12.9092210" lon="77.6398880">
    <ele>887.6</ele>
    <time>2026-07-04T14:04:55Z</time>
   </trkpt>
   <trkpt lat="12.9092210" lon="77.6398880">
    <ele>887.6</ele>
    <time>2026-07-04T14:04:56Z</time>
   </trkpt>
   <trkpt lat="12.9092220" lon="77.6398910">
    <ele>887.5</ele>
    <time>2026-07-04T14:04:57Z</time>
   </trkpt>
   <trkpt lat="12.9092230" lon="77.6398940">
    <ele>887.5</ele>
    <time>2026-07-04T14:04:58Z</time>
   </trkpt>
   <trkpt lat="12.9092220" lon="77.6398940">
    <ele>887.5</ele>
    <time>2026-07-04T14:04:59Z</time>
   </trkpt>
   <trkpt lat="12.9092220" lon="77.6398940">
    <ele>887.5</ele>
    <time>2026-07-04T14:05:00Z</time>
   </trkpt>
   <trkpt lat="12.9092460" lon="77.6399080">
    <ele>887.5</ele>
    <time>2026-07-04T14:05:05Z</time>
   </trkpt>
   <trkpt lat="12.9092550" lon="77.6399080">
    <ele>887.5</ele>
    <time>2026-07-04T14:05:06Z</time>
   </trkpt>
   <trkpt lat="12.9092580" lon="77.6399060">
    <ele>887.5</ele>
    <time>2026-07-04T14:05:07Z</time>
   </trkpt>
   <trkpt lat="12.9092600" lon="77.6399020">
    <ele>887.5</ele>
    <time>2026-07-04T14:05:08Z</time>
   </trkpt>
   <trkpt lat="12.9092620" lon="77.6398990">
    <ele>887.5</ele>
    <time>2026-07-04T14:05:09Z</time>
   </trkpt>
   <trkpt lat="12.9092620" lon="77.6398970">
    <ele>887.5</ele>
    <time>2026-07-04T14:05:10Z</time>
   </trkpt>
   <trkpt lat="12.9092850" lon="77.6398970">
    <ele>887.4</ele>
    <time>2026-07-04T14:05:11Z</time>
   </trkpt>
   <trkpt lat="12.9092960" lon="77.6399030">
    <ele>887.4</ele>
    <time>2026-07-04T14:05:12Z</time>
   </trkpt>
   <trkpt lat="12.9092980" lon="77.6399160">
    <ele>887.4</ele>
    <time>2026-07-04T14:05:13Z</time>
   </trkpt>
   <trkpt lat="12.9092930" lon="77.6399310">
    <ele>887.4</ele>
    <time>2026-07-04T14:05:14Z</time>
   </trkpt>
   <trkpt lat="12.9092960" lon="77.6399500">
    <ele>887.4</ele>
    <time>2026-07-04T14:05:15Z</time>
   </trkpt>
   <trkpt lat="12.9092930" lon="77.6399670">
    <ele>887.4</ele>
    <time>2026-07-04T14:05:16Z</time>
   </trkpt>
   <trkpt lat="12.9092940" lon="77.6399830">
    <ele>887.4</ele>
    <time>2026-07-04T14:05:17Z</time>
   </trkpt>
   <trkpt lat="12.9092930" lon="77.6400010">
    <ele>887.4</ele>
    <time>2026-07-04T14:05:18Z</time>
   </trkpt>
   <trkpt lat="12.9092880" lon="77.6400170">
    <ele>887.4</ele>
    <time>2026-07-04T14:05:19Z</time>
   </trkpt>
   <trkpt lat="12.9092860" lon="77.6400430">
    <ele>887.3</ele>
    <time>2026-07-04T14:05:20Z</time>
   </trkpt>
   <trkpt lat="12.9092800" lon="77.6400570">
    <ele>887.3</ele>
    <time>2026-07-04T14:05:21Z</time>
   </trkpt>
   <trkpt lat="12.9092830" lon="77.6400710">
    <ele>887.3</ele>
    <time>2026-07-04T14:05:22Z</time>
   </trkpt>
   <trkpt lat="12.9092890" lon="77.6400920">
    <ele>887.3</ele>
    <time>2026-07-04T14:05:23Z</time>
   </trkpt>
   <trkpt lat="12.9092890" lon="77.6401170">
    <ele>887.3</ele>
    <time>2026-07-04T14:05:24Z</time>
   </trkpt>
   <trkpt lat="12.9092930" lon="77.6401370">
    <ele>887.3</ele>
    <time>2026-07-04T14:05:25Z</time>
   </trkpt>
   <trkpt lat="12.9092950" lon="77.6401630">
    <ele>887.3</ele>
    <time>2026-07-04T14:05:26Z</time>
   </trkpt>
   <trkpt lat="12.9092990" lon="77.6401810">
    <ele>887.3</ele>
    <time>2026-07-04T14:05:27Z</time>
   </trkpt>
   <trkpt lat="12.9092960" lon="77.6402060">
    <ele>887.3</ele>
    <time>2026-07-04T14:05:28Z</time>
   </trkpt>
   <trkpt lat="12.9092900" lon="77.6402260">
    <ele>887.3</ele>
    <time>2026-07-04T14:05:29Z</time>
   </trkpt>
   <trkpt lat="12.9092860" lon="77.6402470">
    <ele>887.2</ele>
    <time>2026-07-04T14:05:30Z</time>
   </trkpt>
   <trkpt lat="12.9092840" lon="77.6402640">
    <ele>887.2</ele>
    <time>2026-07-04T14:05:31Z</time>
   </trkpt>
   <trkpt lat="12.9092860" lon="77.6402820">
    <ele>887.2</ele>
    <time>2026-07-04T14:05:32Z</time>
   </trkpt>
   <trkpt lat="12.9092870" lon="77.6403030">
    <ele>887.2</ele>
    <time>2026-07-04T14:05:33Z</time>
   </trkpt>
   <trkpt lat="12.9092880" lon="77.6403270">
    <ele>887.2</ele>
    <time>2026-07-04T14:05:34Z</time>
   </trkpt>
   <trkpt lat="12.9092890" lon="77.6403500">
    <ele>887.2</ele>
    <time>2026-07-04T14:05:35Z</time>
   </trkpt>
   <trkpt lat="12.9092850" lon="77.6403830">
    <ele>887.2</ele>
    <time>2026-07-04T14:05:36Z</time>
   </trkpt>
   <trkpt lat="12.9092820" lon="77.6404070">
    <ele>887.2</ele>
    <time>2026-07-04T14:05:37Z</time>
   </trkpt>
   <trkpt lat="12.9092810" lon="77.6404370">
    <ele>887.2</ele>
    <time>2026-07-04T14:05:38Z</time>
   </trkpt>
   <trkpt lat="12.9092800" lon="77.6404720">
    <ele>887.2</ele>
    <time>2026-07-04T14:05:39Z</time>
   </trkpt>
   <trkpt lat="12.9092800" lon="77.6404960">
    <ele>887.2</ele>
    <time>2026-07-04T14:05:40Z</time>
   </trkpt>
   <trkpt lat="12.9092770" lon="77.6405220">
    <ele>887.2</ele>
    <time>2026-07-04T14:05:41Z</time>
   </trkpt>
   <trkpt lat="12.9092790" lon="77.6405480">
    <ele>887.2</ele>
    <time>2026-07-04T14:05:42Z</time>
   </trkpt>
   <trkpt lat="12.9092740" lon="77.6405670">
    <ele>887.2</ele>
    <time>2026-07-04T14:05:43Z</time>
   </trkpt>
   <trkpt lat="12.9092800" lon="77.6405860">
    <ele>887.2</ele>
    <time>2026-07-04T14:05:44Z</time>
   </trkpt>
   <trkpt lat="12.9092870" lon="77.6405980">
    <ele>887.2</ele>
    <time>2026-07-04T14:05:45Z</time>
   </trkpt>
   <trkpt lat="12.9092900" lon="77.6406030">
    <ele>887.2</ele>
    <time>2026-07-04T14:05:46Z</time>
   </trkpt>
   <trkpt lat="12.9092830" lon="77.6406060">
    <ele>887.2</ele>
    <time>2026-07-04T14:05:47Z</time>
   </trkpt>
   <trkpt lat="12.9092840" lon="77.6406040">
    <ele>887.2</ele>
    <time>2026-07-04T14:05:48Z</time>
   </trkpt>
   <trkpt lat="12.9092850" lon="77.6406080">
    <ele>887.2</ele>
    <time>2026-07-04T14:05:49Z</time>
   </trkpt>
   <trkpt lat="12.9092820" lon="77.6406090">
    <ele>887.2</ele>
    <time>2026-07-04T14:05:50Z</time>
   </trkpt>
   <trkpt lat="12.9092830" lon="77.6406080">
    <ele>887.2</ele>
    <time>2026-07-04T14:05:51Z</time>
   </trkpt>
   <trkpt lat="12.9092710" lon="77.6406060">
    <ele>887.2</ele>
    <time>2026-07-04T14:05:52Z</time>
   </trkpt>
   <trkpt lat="12.9092710" lon="77.6406060">
    <ele>887.2</ele>
    <time>2026-07-04T14:05:53Z</time>
   </trkpt>
   <trkpt lat="12.9092710" lon="77.6406060">
    <ele>887.2</ele>
    <time>2026-07-04T14:05:54Z</time>
   </trkpt>
   <trkpt lat="12.9092590" lon="77.6406100">
    <ele>887.2</ele>
    <time>2026-07-04T14:05:55Z</time>
   </trkpt>
   <trkpt lat="12.9092560" lon="77.6406080">
    <ele>887.2</ele>
    <time>2026-07-04T14:05:56Z</time>
   </trkpt>
   <trkpt lat="12.9092190" lon="77.6406430">
    <ele>887.2</ele>
    <time>2026-07-04T14:06:23Z</time>
   </trkpt>
   <trkpt lat="12.9092230" lon="77.6406440">
    <ele>887.2</ele>
    <time>2026-07-04T14:06:24Z</time>
   </trkpt>
   <trkpt lat="12.9092310" lon="77.6406370">
    <ele>887.2</ele>
    <time>2026-07-04T14:06:25Z</time>
   </trkpt>
   <trkpt lat="12.9092270" lon="77.6406370">
    <ele>887.2</ele>
    <time>2026-07-04T14:06:26Z</time>
   </trkpt>
   <trkpt lat="12.9092160" lon="77.6406310">
    <ele>887.2</ele>
    <time>2026-07-04T14:06:27Z</time>
   </trkpt>
   <trkpt lat="12.9092130" lon="77.6406290">
    <ele>887.2</ele>
    <time>2026-07-04T14:06:28Z</time>
   </trkpt>
   <trkpt lat="12.9092070" lon="77.6406260">
    <ele>887.1</ele>
    <time>2026-07-04T14:06:29Z</time>
   </trkpt>
   <trkpt lat="12.9092250" lon="77.6406230">
    <ele>887.1</ele>
    <time>2026-07-04T14:06:30Z</time>
   </trkpt>
   <trkpt lat="12.9092330" lon="77.6406240">
    <ele>887.1</ele>
    <time>2026-07-04T14:06:31Z</time>
   </trkpt>
   <trkpt lat="12.9092320" lon="77.6406260">
    <ele>887.1</ele>
    <time>2026-07-04T14:06:32Z</time>
   </trkpt>
   <trkpt lat="12.9092350" lon="77.6406280">
    <ele>887.1</ele>
    <time>2026-07-04T14:06:33Z</time>
   </trkpt>
   <trkpt lat="12.9092530" lon="77.6406270">
    <ele>887.1</ele>
    <time>2026-07-04T14:06:34Z</time>
   </trkpt>
   <trkpt lat="12.9092670" lon="77.6406260">
    <ele>887.1</ele>
    <time>2026-07-04T14:06:35Z</time>
   </trkpt>
   <trkpt lat="12.9092680" lon="77.6406260">
    <ele>887.1</ele>
    <time>2026-07-04T14:06:36Z</time>
   </trkpt>
   <trkpt lat="12.9092410" lon="77.6406250">
    <ele>887.1</ele>
    <time>2026-07-04T14:06:37Z</time>
   </trkpt>
   <trkpt lat="12.9092440" lon="77.6406270">
    <ele>887.1</ele>
    <time>2026-07-04T14:06:38Z</time>
   </trkpt>
   <trkpt lat="12.9092470" lon="77.6406290">
    <ele>887.1</ele>
    <time>2026-07-04T14:06:39Z</time>
   </trkpt>
   <trkpt lat="12.9092500" lon="77.6406310">
    <ele>887.1</ele>
    <time>2026-07-04T14:06:40Z</time>
   </trkpt>
   <trkpt lat="12.9093540" lon="77.6407040">
    <ele>887.1</ele>
    <time>2026-07-04T14:07:15Z</time>
   </trkpt>
   <trkpt lat="12.9093570" lon="77.6407060">
    <ele>887.1</ele>
    <time>2026-07-04T14:07:16Z</time>
   </trkpt>
   <trkpt lat="12.9093770" lon="77.6407340">
    <ele>887.1</ele>
    <time>2026-07-04T14:07:17Z</time>
   </trkpt>
   <trkpt lat="12.9093890" lon="77.6407560">
    <ele>887.1</ele>
    <time>2026-07-04T14:07:18Z</time>
   </trkpt>
   <trkpt lat="12.9093450" lon="77.6406820">
    <ele>887.1</ele>
    <time>2026-07-04T14:07:19Z</time>
   </trkpt>
   <trkpt lat="12.9093560" lon="77.6407030">
    <ele>887.1</ele>
    <time>2026-07-04T14:07:20Z</time>
   </trkpt>
   <trkpt lat="12.9093560" lon="77.6407030">
    <ele>887.1</ele>
    <time>2026-07-04T14:07:21Z</time>
   </trkpt>
   <trkpt lat="12.9093250" lon="77.6406580">
    <ele>887.1</ele>
    <time>2026-07-04T14:07:22Z</time>
   </trkpt>
   <trkpt lat="12.9093540" lon="77.6406830">
    <ele>887.1</ele>
    <time>2026-07-04T14:07:23Z</time>
   </trkpt>
   <trkpt lat="12.9093290" lon="77.6406490">
    <ele>887.1</ele>
    <time>2026-07-04T14:07:24Z</time>
   </trkpt>
   <trkpt lat="12.9093290" lon="77.6406490">
    <ele>887.1</ele>
    <time>2026-07-04T14:07:25Z</time>
   </trkpt>
   <trkpt lat="12.9093290" lon="77.6406490">
    <ele>887.1</ele>
    <time>2026-07-04T14:07:26Z</time>
   </trkpt>
   <trkpt lat="12.9092600" lon="77.6406670">
    <ele>887.1</ele>
    <time>2026-07-04T14:07:27Z</time>
   </trkpt>
   <trkpt lat="12.9092420" lon="77.6406660">
    <ele>887.1</ele>
    <time>2026-07-04T14:07:28Z</time>
   </trkpt>
   <trkpt lat="12.9092420" lon="77.6406660">
    <ele>887.1</ele>
    <time>2026-07-04T14:07:29Z</time>
   </trkpt>
   <trkpt lat="12.9092510" lon="77.6406040">
    <ele>887.1</ele>
    <time>2026-07-04T14:07:30Z</time>
   </trkpt>
   <trkpt lat="12.9092610" lon="77.6406280">
    <ele>887.1</ele>
    <time>2026-07-04T14:07:31Z</time>
   </trkpt>
   <trkpt lat="12.9092670" lon="77.6406460">
    <ele>887.1</ele>
    <time>2026-07-04T14:07:32Z</time>
   </trkpt>
   <trkpt lat="12.9092610" lon="77.6406190">
    <ele>887.1</ele>
    <time>2026-07-04T14:07:33Z</time>
   </trkpt>
   <trkpt lat="12.9093190" lon="77.6405590">
    <ele>887.2</ele>
    <time>2026-07-04T14:07:40Z</time>
   </trkpt>
   <trkpt lat="12.9093450" lon="77.6405770">
    <ele>887.2</ele>
    <time>2026-07-04T14:07:41Z</time>
   </trkpt>
   <trkpt lat="12.9093170" lon="77.6406230">
    <ele>887.2</ele>
    <time>2026-07-04T14:07:42Z</time>
   </trkpt>
   <trkpt lat="12.9092960" lon="77.6406000">
    <ele>887.2</ele>
    <time>2026-07-04T14:07:43Z</time>
   </trkpt>
   <trkpt lat="12.9092750" lon="77.6405770">
    <ele>887.2</ele>
    <time>2026-07-04T14:07:44Z</time>
   </trkpt>
   <trkpt lat="12.9092540" lon="77.6405540">
    <ele>887.2</ele>
    <time>2026-07-04T14:07:45Z</time>
   </trkpt>
   <trkpt lat="12.9092470" lon="77.6405510">
    <ele>887.2</ele>
    <time>2026-07-04T14:07:46Z</time>
   </trkpt>
   <trkpt lat="12.9092470" lon="77.6405510">
    <ele>887.2</ele>
    <time>2026-07-04T14:07:47Z</time>
   </trkpt>
   <trkpt lat="12.9092420" lon="77.6405370">
    <ele>887.2</ele>
    <time>2026-07-04T14:07:48Z</time>
   </trkpt>
   <trkpt lat="12.9092430" lon="77.6405430">
    <ele>887.2</ele>
    <time>2026-07-04T14:07:49Z</time>
   </trkpt>
   <trkpt lat="12.9092430" lon="77.6405440">
    <ele>887.2</ele>
    <time>2026-07-04T14:07:50Z</time>
   </trkpt>
   <trkpt lat="12.9092430" lon="77.6405430">
    <ele>887.2</ele>
    <time>2026-07-04T14:07:51Z</time>
   </trkpt>
   <trkpt lat="12.9092510" lon="77.6405470">
    <ele>887.2</ele>
    <time>2026-07-04T14:07:52Z</time>
   </trkpt>
   <trkpt lat="12.9092510" lon="77.6405470">
    <ele>887.2</ele>
    <time>2026-07-04T14:07:53Z</time>
   </trkpt>
   <trkpt lat="12.9092840" lon="77.6405560">
    <ele>887.2</ele>
    <time>2026-07-04T14:08:03Z</time>
   </trkpt>
   <trkpt lat="12.9092880" lon="77.6405720">
    <ele>887.2</ele>
    <time>2026-07-04T14:08:04Z</time>
   </trkpt>
   <trkpt lat="12.9092810" lon="77.6405870">
    <ele>887.2</ele>
    <time>2026-07-04T14:08:05Z</time>
   </trkpt>
   <trkpt lat="12.9092780" lon="77.6405710">
    <ele>887.2</ele>
    <time>2026-07-04T14:08:06Z</time>
   </trkpt>
   <trkpt lat="12.9092710" lon="77.6405670">
    <ele>887.2</ele>
    <time>2026-07-04T14:08:07Z</time>
   </trkpt>
   <trkpt lat="12.9092620" lon="77.6405720">
    <ele>887.2</ele>
    <time>2026-07-04T14:08:08Z</time>
   </trkpt>
   <trkpt lat="12.9092580" lon="77.6405750">
    <ele>887.2</ele>
    <time>2026-07-04T14:08:09Z</time>
   </trkpt>
   <trkpt lat="12.9092680" lon="77.6405720">
    <ele>887.2</ele>
    <time>2026-07-04T14:08:10Z</time>
   </trkpt>
   <trkpt lat="12.9092780" lon="77.6405650">
    <ele>887.2</ele>
    <time>2026-07-04T14:08:11Z</time>
   </trkpt>
   <trkpt lat="12.9092810" lon="77.6405580">
    <ele>887.2</ele>
    <time>2026-07-04T14:08:12Z</time>
   </trkpt>
   <trkpt lat="12.9092680" lon="77.6405360">
    <ele>887.2</ele>
    <time>2026-07-04T14:08:13Z</time>
   </trkpt>
   <trkpt lat="12.9092690" lon="77.6405580">
    <ele>887.2</ele>
    <time>2026-07-04T14:08:14Z</time>
   </trkpt>
   <trkpt lat="12.9092710" lon="77.6405430">
    <ele>887.2</ele>
    <time>2026-07-04T14:08:15Z</time>
   </trkpt>
   <trkpt lat="12.9092710" lon="77.6405450">
    <ele>887.2</ele>
    <time>2026-07-04T14:08:16Z</time>
   </trkpt>
   <trkpt lat="12.9092720" lon="77.6405660">
    <ele>887.2</ele>
    <time>2026-07-04T14:08:17Z</time>
   </trkpt>
   <trkpt lat="12.9092730" lon="77.6405670">
    <ele>887.2</ele>
    <time>2026-07-04T14:08:18Z</time>
   </trkpt>
   <trkpt lat="12.9092730" lon="77.6405520">
    <ele>887.2</ele>
    <time>2026-07-04T14:08:19Z</time>
   </trkpt>
   <trkpt lat="12.9092750" lon="77.6405530">
    <ele>887.2</ele>
    <time>2026-07-04T14:08:20Z</time>
   </trkpt>
   <trkpt lat="12.9092750" lon="77.6405520">
    <ele>887.2</ele>
    <time>2026-07-04T14:08:22Z</time>
   </trkpt>
   <trkpt lat="12.9091760" lon="77.6405360">
    <ele>887.2</ele>
    <time>2026-07-04T14:09:47Z</time>
   </trkpt>
   <trkpt lat="12.9091820" lon="77.6405190">
    <ele>887.2</ele>
    <time>2026-07-04T14:09:48Z</time>
   </trkpt>
   <trkpt lat="12.9091870" lon="77.6405020">
    <ele>887.2</ele>
    <time>2026-07-04T14:09:49Z</time>
   </trkpt>
   <trkpt lat="12.9091930" lon="77.6404960">
    <ele>887.2</ele>
    <time>2026-07-04T14:09:50Z</time>
   </trkpt>
   <trkpt lat="12.9091930" lon="77.6404790">
    <ele>887.2</ele>
    <time>2026-07-04T14:09:51Z</time>
   </trkpt>
   <trkpt lat="12.9091960" lon="77.6404710">
    <ele>887.2</ele>
    <time>2026-07-04T14:09:52Z</time>
   </trkpt>
   <trkpt lat="12.9091980" lon="77.6404600">
    <ele>887.2</ele>
    <time>2026-07-04T14:09:53Z</time>
   </trkpt>
   <trkpt lat="12.9091990" lon="77.6404440">
    <ele>887.2</ele>
    <time>2026-07-04T14:09:54Z</time>
   </trkpt>
   <trkpt lat="12.9092010" lon="77.6404210">
    <ele>887.2</ele>
    <time>2026-07-04T14:09:55Z</time>
   </trkpt>
   <trkpt lat="12.9092040" lon="77.6403950">
    <ele>887.2</ele>
    <time>2026-07-04T14:09:56Z</time>
   </trkpt>
   <trkpt lat="12.9092040" lon="77.6403570">
    <ele>887.2</ele>
    <time>2026-07-04T14:09:57Z</time>
   </trkpt>
   <trkpt lat="12.9092120" lon="77.6403320">
    <ele>887.2</ele>
    <time>2026-07-04T14:09:58Z</time>
   </trkpt>
   <trkpt lat="12.9092220" lon="77.6402900">
    <ele>887.2</ele>
    <time>2026-07-04T14:09:59Z</time>
   </trkpt>
   <trkpt lat="12.9092240" lon="77.6402670">
    <ele>887.2</ele>
    <time>2026-07-04T14:10:00Z</time>
   </trkpt>
   <trkpt lat="12.9092220" lon="77.6402490">
    <ele>887.2</ele>
    <time>2026-07-04T14:10:01Z</time>
   </trkpt>
   <trkpt lat="12.9092180" lon="77.6402340">
    <ele>887.3</ele>
    <time>2026-07-04T14:10:02Z</time>
   </trkpt>
   <trkpt lat="12.9092090" lon="77.6402250">
    <ele>887.3</ele>
    <time>2026-07-04T14:10:03Z</time>
   </trkpt>
   <trkpt lat="12.9092090" lon="77.6402180">
    <ele>887.3</ele>
    <time>2026-07-04T14:10:04Z</time>
   </trkpt>
   <trkpt lat="12.9092150" lon="77.6402030">
    <ele>887.3</ele>
    <time>2026-07-04T14:10:05Z</time>
   </trkpt>
   <trkpt lat="12.9092280" lon="77.6401820">
    <ele>887.3</ele>
    <time>2026-07-04T14:10:06Z</time>
   </trkpt>
   <trkpt lat="12.9092330" lon="77.6401720">
    <ele>887.3</ele>
    <time>2026-07-04T14:10:07Z</time>
   </trkpt>
   <trkpt lat="12.9092400" lon="77.6401620">
    <ele>887.3</ele>
    <time>2026-07-04T14:10:08Z</time>
   </trkpt>
   <trkpt lat="12.9092480" lon="77.6401520">
    <ele>887.3</ele>
    <time>2026-07-04T14:10:09Z</time>
   </trkpt>
   <trkpt lat="12.9092460" lon="77.6401250">
    <ele>887.3</ele>
    <time>2026-07-04T14:10:10Z</time>
   </trkpt>
   <trkpt lat="12.9092410" lon="77.6401120">
    <ele>887.3</ele>
    <time>2026-07-04T14:10:11Z</time>
   </trkpt>
   <trkpt lat="12.9092420" lon="77.6400880">
    <ele>887.3</ele>
    <time>2026-07-04T14:10:12Z</time>
   </trkpt>
   <trkpt lat="12.9092430" lon="77.6400660">
    <ele>887.3</ele>
    <time>2026-07-04T14:10:13Z</time>
   </trkpt>
   <trkpt lat="12.9092380" lon="77.6400480">
    <ele>887.3</ele>
    <time>2026-07-04T14:10:14Z</time>
   </trkpt>
   <trkpt lat="12.9092480" lon="77.6400340">
    <ele>887.4</ele>
    <time>2026-07-04T14:10:15Z</time>
   </trkpt>
   <trkpt lat="12.9092550" lon="77.6400100">
    <ele>887.4</ele>
    <time>2026-07-04T14:10:16Z</time>
   </trkpt>
   <trkpt lat="12.9092500" lon="77.6399850">
    <ele>887.4</ele>
    <time>2026-07-04T14:10:17Z</time>
   </trkpt>
   <trkpt lat="12.9092510" lon="77.6399640">
    <ele>887.4</ele>
    <time>2026-07-04T14:10:18Z</time>
   </trkpt>
   <trkpt lat="12.9092520" lon="77.6399370">
    <ele>887.4</ele>
    <time>2026-07-04T14:10:19Z</time>
   </trkpt>
   <trkpt lat="12.9092610" lon="77.6399110">
    <ele>887.4</ele>
    <time>2026-07-04T14:10:20Z</time>
   </trkpt>
   <trkpt lat="12.9092630" lon="77.6398910">
    <ele>887.4</ele>
    <time>2026-07-04T14:10:21Z</time>
   </trkpt>
   <trkpt lat="12.9092580" lon="77.6398620">
    <ele>887.4</ele>
    <time>2026-07-04T14:10:22Z</time>
   </trkpt>
   <trkpt lat="12.9092510" lon="77.6398390">
    <ele>887.4</ele>
    <time>2026-07-04T14:10:23Z</time>
   </trkpt>
   <trkpt lat="12.9092540" lon="77.6398270">
    <ele>887.4</ele>
    <time>2026-07-04T14:10:24Z</time>
   </trkpt>
   <trkpt lat="12.9092560" lon="77.6398040">
    <ele>887.4</ele>
    <time>2026-07-04T14:10:25Z</time>
   </trkpt>
   <trkpt lat="12.9092580" lon="77.6397710">
    <ele>887.5</ele>
    <time>2026-07-04T14:10:26Z</time>
   </trkpt>
   <trkpt lat="12.9092560" lon="77.6397420">
    <ele>887.5</ele>
    <time>2026-07-04T14:10:27Z</time>
   </trkpt>
   <trkpt lat="12.9092620" lon="77.6397190">
    <ele>887.5</ele>
    <time>2026-07-04T14:10:28Z</time>
   </trkpt>
   <trkpt lat="12.9092670" lon="77.6397050">
    <ele>887.5</ele>
    <time>2026-07-04T14:10:29Z</time>
   </trkpt>
   <trkpt lat="12.9092630" lon="77.6396760">
    <ele>887.5</ele>
    <time>2026-07-04T14:10:30Z</time>
   </trkpt>
   <trkpt lat="12.9092700" lon="77.6396530">
    <ele>887.6</ele>
    <time>2026-07-04T14:10:31Z</time>
   </trkpt>
   <trkpt lat="12.9092720" lon="77.6396310">
    <ele>887.6</ele>
    <time>2026-07-04T14:10:32Z</time>
   </trkpt>
   <trkpt lat="12.9092730" lon="77.6396070">
    <ele>887.6</ele>
    <time>2026-07-04T14:10:33Z</time>
   </trkpt>
   <trkpt lat="12.9092730" lon="77.6395920">
    <ele>887.6</ele>
    <time>2026-07-04T14:10:34Z</time>
   </trkpt>
   <trkpt lat="12.9092790" lon="77.6395660">
    <ele>887.6</ele>
    <time>2026-07-04T14:10:35Z</time>
   </trkpt>
   <trkpt lat="12.9092730" lon="77.6395410">
    <ele>887.7</ele>
    <time>2026-07-04T14:10:36Z</time>
   </trkpt>
   <trkpt lat="12.9092670" lon="77.6395250">
    <ele>887.7</ele>
    <time>2026-07-04T14:10:37Z</time>
   </trkpt>
   <trkpt lat="12.9092680" lon="77.6395070">
    <ele>887.7</ele>
    <time>2026-07-04T14:10:38Z</time>
   </trkpt>
   <trkpt lat="12.9092710" lon="77.6394930">
    <ele>887.7</ele>
    <time>2026-07-04T14:10:39Z</time>
   </trkpt>
   <trkpt lat="12.9092690" lon="77.6394730">
    <ele>887.7</ele>
    <time>2026-07-04T14:10:40Z</time>
   </trkpt>
   <trkpt lat="12.9092700" lon="77.6394530">
    <ele>887.7</ele>
    <time>2026-07-04T14:10:41Z</time>
   </trkpt>
   <trkpt lat="12.9092720" lon="77.6394330">
    <ele>887.7</ele>
    <time>2026-07-04T14:10:42Z</time>
   </trkpt>
   <trkpt lat="12.9092680" lon="77.6394110">
    <ele>887.7</ele>
    <time>2026-07-04T14:10:43Z</time>
   </trkpt>
   <trkpt lat="12.9092700" lon="77.6393910">
    <ele>887.7</ele>
    <time>2026-07-04T14:10:44Z</time>
   </trkpt>
   <trkpt lat="12.9092750" lon="77.6393730">
    <ele>887.7</ele>
    <time>2026-07-04T14:10:45Z</time>
   </trkpt>
   <trkpt lat="12.9092730" lon="77.6393600">
    <ele>887.8</ele>
    <time>2026-07-04T14:10:46Z</time>
   </trkpt>
   <trkpt lat="12.9092700" lon="77.6393450">
    <ele>887.8</ele>
    <time>2026-07-04T14:10:47Z</time>
   </trkpt>
   <trkpt lat="12.9092660" lon="77.6393290">
    <ele>887.8</ele>
    <time>2026-07-04T14:10:48Z</time>
   </trkpt>
   <trkpt lat="12.9092710" lon="77.6393020">
    <ele>887.8</ele>
    <time>2026-07-04T14:10:49Z</time>
   </trkpt>
   <trkpt lat="12.9092720" lon="77.6392740">
    <ele>887.8</ele>
    <time>2026-07-04T14:10:50Z</time>
   </trkpt>
   <trkpt lat="12.9092760" lon="77.6392540">
    <ele>887.8</ele>
    <time>2026-07-04T14:10:51Z</time>
   </trkpt>
   <trkpt lat="12.9092840" lon="77.6392360">
    <ele>887.8</ele>
    <time>2026-07-04T14:10:52Z</time>
   </trkpt>
   <trkpt lat="12.9092930" lon="77.6392080">
    <ele>887.8</ele>
    <time>2026-07-04T14:10:53Z</time>
   </trkpt>
   <trkpt lat="12.9093040" lon="77.6391850">
    <ele>887.8</ele>
    <time>2026-07-04T14:10:54Z</time>
   </trkpt>
   <trkpt lat="12.9092950" lon="77.6391740">
    <ele>887.8</ele>
    <time>2026-07-04T14:10:55Z</time>
   </trkpt>
   <trkpt lat="12.9092980" lon="77.6391420">
    <ele>887.9</ele>
    <time>2026-07-04T14:10:56Z</time>
   </trkpt>
   <trkpt lat="12.9093070" lon="77.6391170">
    <ele>887.9</ele>
    <time>2026-07-04T14:10:57Z</time>
   </trkpt>
   <trkpt lat="12.9093150" lon="77.6390840">
    <ele>887.9</ele>
    <time>2026-07-04T14:10:58Z</time>
   </trkpt>
   <trkpt lat="12.9093110" lon="77.6390670">
    <ele>887.9</ele>
    <time>2026-07-04T14:10:59Z</time>
   </trkpt>
   <trkpt lat="12.9093190" lon="77.6390330">
    <ele>887.9</ele>
    <time>2026-07-04T14:11:00Z</time>
   </trkpt>
   <trkpt lat="12.9093240" lon="77.6390000">
    <ele>887.9</ele>
    <time>2026-07-04T14:11:01Z</time>
   </trkpt>
   <trkpt lat="12.9093320" lon="77.6389760">
    <ele>887.9</ele>
    <time>2026-07-04T14:11:02Z</time>
   </trkpt>
   <trkpt lat="12.9093320" lon="77.6389480">
    <ele>887.9</ele>
    <time>2026-07-04T14:11:03Z</time>
   </trkpt>
   <trkpt lat="12.9093300" lon="77.6389220">
    <ele>887.9</ele>
    <time>2026-07-04T14:11:04Z</time>
   </trkpt>
   <trkpt lat="12.9093270" lon="77.6388900">
    <ele>887.9</ele>
    <time>2026-07-04T14:11:05Z</time>
   </trkpt>
   <trkpt lat="12.9093260" lon="77.6388640">
    <ele>887.9</ele>
    <time>2026-07-04T14:11:06Z</time>
   </trkpt>
   <trkpt lat="12.9093250" lon="77.6388400">
    <ele>887.9</ele>
    <time>2026-07-04T14:11:07Z</time>
   </trkpt>
   <trkpt lat="12.9093250" lon="77.6388210">
    <ele>887.9</ele>
    <time>2026-07-04T14:11:08Z</time>
   </trkpt>
   <trkpt lat="12.9093280" lon="77.6387990">
    <ele>887.9</ele>
    <time>2026-07-04T14:11:09Z</time>
   </trkpt>
   <trkpt lat="12.9093280" lon="77.6387760">
    <ele>887.8</ele>
    <time>2026-07-04T14:11:10Z</time>
   </trkpt>
   <trkpt lat="12.9093280" lon="77.6387510">
    <ele>887.8</ele>
    <time>2026-07-04T14:11:11Z</time>
   </trkpt>
   <trkpt lat="12.9093280" lon="77.6387260">
    <ele>887.8</ele>
    <time>2026-07-04T14:11:12Z</time>
   </trkpt>
   <trkpt lat="12.9093200" lon="77.6387080">
    <ele>887.8</ele>
    <time>2026-07-04T14:11:13Z</time>
   </trkpt>
   <trkpt lat="12.9093250" lon="77.6386920">
    <ele>887.8</ele>
    <time>2026-07-04T14:11:14Z</time>
   </trkpt>
   <trkpt lat="12.9093260" lon="77.6386760">
    <ele>887.8</ele>
    <time>2026-07-04T14:11:15Z</time>
   </trkpt>
   <trkpt lat="12.9093200" lon="77.6386540">
    <ele>887.8</ele>
    <time>2026-07-04T14:11:16Z</time>
   </trkpt>
   <trkpt lat="12.9093170" lon="77.6386400">
    <ele>887.8</ele>
    <time>2026-07-04T14:11:17Z</time>
   </trkpt>
   <trkpt lat="12.9093190" lon="77.6386290">
    <ele>887.8</ele>
    <time>2026-07-04T14:11:18Z</time>
   </trkpt>
   <trkpt lat="12.9093200" lon="77.6386140">
    <ele>887.8</ele>
    <time>2026-07-04T14:11:19Z</time>
   </trkpt>
   <trkpt lat="12.9093230" lon="77.6386010">
    <ele>887.8</ele>
    <time>2026-07-04T14:11:20Z</time>
   </trkpt>
   <trkpt lat="12.9093190" lon="77.6385870">
    <ele>887.8</ele>
    <time>2026-07-04T14:11:21Z</time>
   </trkpt>
   <trkpt lat="12.9093220" lon="77.6385730">
    <ele>887.8</ele>
    <time>2026-07-04T14:11:22Z</time>
   </trkpt>
   <trkpt lat="12.9093280" lon="77.6385650">
    <ele>887.8</ele>
    <time>2026-07-04T14:11:23Z</time>
   </trkpt>
   <trkpt lat="12.9093260" lon="77.6385510">
    <ele>887.8</ele>
    <time>2026-07-04T14:11:24Z</time>
   </trkpt>
   <trkpt lat="12.9093260" lon="77.6385350">
    <ele>887.8</ele>
    <time>2026-07-04T14:11:25Z</time>
   </trkpt>
   <trkpt lat="12.9093260" lon="77.6385190">
    <ele>887.8</ele>
    <time>2026-07-04T14:11:26Z</time>
   </trkpt>
   <trkpt lat="12.9093290" lon="77.6384900">
    <ele>887.8</ele>
    <time>2026-07-04T14:11:27Z</time>
   </trkpt>
   <trkpt lat="12.9093270" lon="77.6384720">
    <ele>887.8</ele>
    <time>2026-07-04T14:11:28Z</time>
   </trkpt>
   <trkpt lat="12.9093260" lon="77.6384520">
    <ele>887.7</ele>
    <time>2026-07-04T14:11:29Z</time>
   </trkpt>
   <trkpt lat="12.9093310" lon="77.6384310">
    <ele>887.7</ele>
    <time>2026-07-04T14:11:30Z</time>
   </trkpt>
   <trkpt lat="12.9093250" lon="77.6384070">
    <ele>887.7</ele>
    <time>2026-07-04T14:11:31Z</time>
   </trkpt>
   <trkpt lat="12.9093180" lon="77.6383810">
    <ele>887.7</ele>
    <time>2026-07-04T14:11:32Z</time>
   </trkpt>
   <trkpt lat="12.9093150" lon="77.6383620">
    <ele>887.7</ele>
    <time>2026-07-04T14:11:33Z</time>
   </trkpt>
   <trkpt lat="12.9093150" lon="77.6383390">
    <ele>887.7</ele>
    <time>2026-07-04T14:11:34Z</time>
   </trkpt>
   <trkpt lat="12.9093200" lon="77.6383180">
    <ele>887.7</ele>
    <time>2026-07-04T14:11:35Z</time>
   </trkpt>
   <trkpt lat="12.9093200" lon="77.6382990">
    <ele>887.7</ele>
    <time>2026-07-04T14:11:36Z</time>
   </trkpt>
   <trkpt lat="12.9093290" lon="77.6382720">
    <ele>887.7</ele>
    <time>2026-07-04T14:11:37Z</time>
   </trkpt>
   <trkpt lat="12.9093260" lon="77.6382470">
    <ele>887.7</ele>
    <time>2026-07-04T14:11:38Z</time>
   </trkpt>
   <trkpt lat="12.9093260" lon="77.6382280">
    <ele>887.7</ele>
    <time>2026-07-04T14:11:39Z</time>
   </trkpt>
   <trkpt lat="12.9093370" lon="77.6382090">
    <ele>887.7</ele>
    <time>2026-07-04T14:11:40Z</time>
   </trkpt>
   <trkpt lat="12.9093360" lon="77.6381940">
    <ele>887.6</ele>
    <time>2026-07-04T14:11:41Z</time>
   </trkpt>
   <trkpt lat="12.9093340" lon="77.6381920">
    <ele>887.6</ele>
    <time>2026-07-04T14:11:42Z</time>
   </trkpt>
   <trkpt lat="12.9093380" lon="77.6381710">
    <ele>887.6</ele>
    <time>2026-07-04T14:11:43Z</time>
   </trkpt>
   <trkpt lat="12.9093390" lon="77.6381450">
    <ele>887.6</ele>
    <time>2026-07-04T14:11:44Z</time>
   </trkpt>
   <trkpt lat="12.9093380" lon="77.6381220">
    <ele>887.6</ele>
    <time>2026-07-04T14:11:45Z</time>
   </trkpt>
   <trkpt lat="12.9093320" lon="77.6381080">
    <ele>887.6</ele>
    <time>2026-07-04T14:11:46Z</time>
   </trkpt>
   <trkpt lat="12.9093260" lon="77.6380950">
    <ele>887.6</ele>
    <time>2026-07-04T14:11:47Z</time>
   </trkpt>
   <trkpt lat="12.9093170" lon="77.6380750">
    <ele>887.6</ele>
    <time>2026-07-04T14:11:48Z</time>
   </trkpt>
   <trkpt lat="12.9093070" lon="77.6380620">
    <ele>887.6</ele>
    <time>2026-07-04T14:11:49Z</time>
   </trkpt>
   <trkpt lat="12.9092990" lon="77.6380470">
    <ele>887.6</ele>
    <time>2026-07-04T14:11:50Z</time>
   </trkpt>
   <trkpt lat="12.9092840" lon="77.6380430">
    <ele>887.6</ele>
    <time>2026-07-04T14:11:51Z</time>
   </trkpt>
   <trkpt lat="12.9092670" lon="77.6380420">
    <ele>887.6</ele>
    <time>2026-07-04T14:11:52Z</time>
   </trkpt>
   <trkpt lat="12.9092360" lon="77.6380490">
    <ele>887.6</ele>
    <time>2026-07-04T14:11:53Z</time>
   </trkpt>
   <trkpt lat="12.9092210" lon="77.6380540">
    <ele>887.6</ele>
    <time>2026-07-04T14:11:54Z</time>
   </trkpt>
   <trkpt lat="12.9091980" lon="77.6380580">
    <ele>887.7</ele>
    <time>2026-07-04T14:11:55Z</time>
   </trkpt>
   <trkpt lat="12.9091780" lon="77.6380560">
    <ele>887.7</ele>
    <time>2026-07-04T14:11:56Z</time>
   </trkpt>
   <trkpt lat="12.9091600" lon="77.6380530">
    <ele>887.7</ele>
    <time>2026-07-04T14:11:57Z</time>
   </trkpt>
   <trkpt lat="12.9091450" lon="77.6380480">
    <ele>887.7</ele>
    <time>2026-07-04T14:11:58Z</time>
   </trkpt>
   <trkpt lat="12.9091300" lon="77.6380500">
    <ele>887.7</ele>
    <time>2026-07-04T14:11:59Z</time>
   </trkpt>
   <trkpt lat="12.9091070" lon="77.6380490">
    <ele>887.7</ele>
    <time>2026-07-04T14:12:00Z</time>
   </trkpt>
   <trkpt lat="12.9090880" lon="77.6380470">
    <ele>887.7</ele>
    <time>2026-07-04T14:12:01Z</time>
   </trkpt>
   <trkpt lat="12.9090700" lon="77.6380380">
    <ele>887.7</ele>
    <time>2026-07-04T14:12:02Z</time>
   </trkpt>
   <trkpt lat="12.9090450" lon="77.6380250">
    <ele>887.8</ele>
    <time>2026-07-04T14:12:03Z</time>
   </trkpt>
   <trkpt lat="12.9090250" lon="77.6380210">
    <ele>887.8</ele>
    <time>2026-07-04T14:12:04Z</time>
   </trkpt>
   <trkpt lat="12.9090020" lon="77.6380140">
    <ele>887.8</ele>
    <time>2026-07-04T14:12:05Z</time>
   </trkpt>
   <trkpt lat="12.9089780" lon="77.6380060">
    <ele>887.8</ele>
    <time>2026-07-04T14:12:06Z</time>
   </trkpt>
   <trkpt lat="12.9089560" lon="77.6379980">
    <ele>887.8</ele>
    <time>2026-07-04T14:12:07Z</time>
   </trkpt>
   <trkpt lat="12.9089370" lon="77.6379930">
    <ele>887.8</ele>
    <time>2026-07-04T14:12:08Z</time>
   </trkpt>
   <trkpt lat="12.9089130" lon="77.6379920">
    <ele>887.9</ele>
    <time>2026-07-04T14:12:09Z</time>
   </trkpt>
   <trkpt lat="12.9088890" lon="77.6379880">
    <ele>887.9</ele>
    <time>2026-07-04T14:12:10Z</time>
   </trkpt>
   <trkpt lat="12.9088620" lon="77.6379880">
    <ele>887.9</ele>
    <time>2026-07-04T14:12:11Z</time>
   </trkpt>
   <trkpt lat="12.9088380" lon="77.6379890">
    <ele>887.9</ele>
    <time>2026-07-04T14:12:12Z</time>
   </trkpt>
   <trkpt lat="12.9088210" lon="77.6379910">
    <ele>887.9</ele>
    <time>2026-07-04T14:12:13Z</time>
   </trkpt>
   <trkpt lat="12.9088080" lon="77.6379920">
    <ele>887.9</ele>
    <time>2026-07-04T14:12:14Z</time>
   </trkpt>
   <trkpt lat="12.9087950" lon="77.6379950">
    <ele>888.0</ele>
    <time>2026-07-04T14:12:15Z</time>
   </trkpt>
   <trkpt lat="12.9087910" lon="77.6379920">
    <ele>888.0</ele>
    <time>2026-07-04T14:12:16Z</time>
   </trkpt>
   <trkpt lat="12.9087880" lon="77.6379900">
    <ele>888.0</ele>
    <time>2026-07-04T14:12:17Z</time>
   </trkpt>
   <trkpt lat="12.9087910" lon="77.6379910">
    <ele>888.0</ele>
    <time>2026-07-04T14:12:18Z</time>
   </trkpt>
   <trkpt lat="12.9087920" lon="77.6379910">
    <ele>888.0</ele>
    <time>2026-07-04T14:12:19Z</time>
   </trkpt>
   <trkpt lat="12.9087920" lon="77.6379910">
    <ele>888.0</ele>
    <time>2026-07-04T14:12:20Z</time>
   </trkpt>
   <trkpt lat="12.9087920" lon="77.6379910">
    <ele>888.0</ele>
    <time>2026-07-04T14:12:21Z</time>
   </trkpt>
   <trkpt lat="12.9087920" lon="77.6379910">
    <ele>888.0</ele>
    <time>2026-07-04T14:12:22Z</time>
   </trkpt>
   <trkpt lat="12.9087920" lon="77.6379910">
    <ele>888.0</ele>
    <time>2026-07-04T14:12:23Z</time>
   </trkpt>
   <trkpt lat="12.9087920" lon="77.6379910">
    <ele>888.0</ele>
    <time>2026-07-04T14:12:24Z</time>
   </trkpt>
   <trkpt lat="12.9087800" lon="77.6379970">
    <ele>888.0</ele>
    <time>2026-07-04T14:12:25Z</time>
   </trkpt>
   <trkpt lat="12.9087590" lon="77.6379930">
    <ele>888.0</ele>
    <time>2026-07-04T14:12:26Z</time>
   </trkpt>
   <trkpt lat="12.9087500" lon="77.6379840">
    <ele>888.0</ele>
    <time>2026-07-04T14:12:27Z</time>
   </trkpt>
   <trkpt lat="12.9087410" lon="77.6379670">
    <ele>888.0</ele>
    <time>2026-07-04T14:12:28Z</time>
   </trkpt>
   <trkpt lat="12.9087360" lon="77.6379470">
    <ele>888.0</ele>
    <time>2026-07-04T14:12:29Z</time>
   </trkpt>
   <trkpt lat="12.9087360" lon="77.6379210">
    <ele>888.0</ele>
    <time>2026-07-04T14:12:30Z</time>
   </trkpt>
   <trkpt lat="12.9087390" lon="77.6379050">
    <ele>888.0</ele>
    <time>2026-07-04T14:12:31Z</time>
   </trkpt>
   <trkpt lat="12.9087430" lon="77.6378770">
    <ele>888.0</ele>
    <time>2026-07-04T14:12:32Z</time>
   </trkpt>
   <trkpt lat="12.9087480" lon="77.6378570">
    <ele>888.0</ele>
    <time>2026-07-04T14:12:33Z</time>
   </trkpt>
   <trkpt lat="12.9087490" lon="77.6378300">
    <ele>888.0</ele>
    <time>2026-07-04T14:12:34Z</time>
   </trkpt>
   <trkpt lat="12.9087500" lon="77.6378060">
    <ele>888.0</ele>
    <time>2026-07-04T14:12:35Z</time>
   </trkpt>
   <trkpt lat="12.9087510" lon="77.6377800">
    <ele>888.0</ele>
    <time>2026-07-04T14:12:36Z</time>
   </trkpt>
   <trkpt lat="12.9087510" lon="77.6377520">
    <ele>887.9</ele>
    <time>2026-07-04T14:12:37Z</time>
   </trkpt>
   <trkpt lat="12.9087490" lon="77.6377260">
    <ele>887.9</ele>
    <time>2026-07-04T14:12:38Z</time>
   </trkpt>
   <trkpt lat="12.9087490" lon="77.6376970">
    <ele>887.9</ele>
    <time>2026-07-04T14:12:39Z</time>
   </trkpt>
   <trkpt lat="12.9087530" lon="77.6376630">
    <ele>887.9</ele>
    <time>2026-07-04T14:12:40Z</time>
   </trkpt>
   <trkpt lat="12.9087580" lon="77.6376360">
    <ele>887.8</ele>
    <time>2026-07-04T14:12:41Z</time>
   </trkpt>
   <trkpt lat="12.9087510" lon="77.6376110">
    <ele>887.8</ele>
    <time>2026-07-04T14:12:42Z</time>
   </trkpt>
   <trkpt lat="12.9087520" lon="77.6375830">
    <ele>887.8</ele>
    <time>2026-07-04T14:12:43Z</time>
   </trkpt>
   <trkpt lat="12.9087550" lon="77.6375570">
    <ele>887.7</ele>
    <time>2026-07-04T14:12:44Z</time>
   </trkpt>
   <trkpt lat="12.9087470" lon="77.6375210">
    <ele>887.7</ele>
    <time>2026-07-04T14:12:45Z</time>
   </trkpt>
   <trkpt lat="12.9087490" lon="77.6374970">
    <ele>887.7</ele>
    <time>2026-07-04T14:12:46Z</time>
   </trkpt>
   <trkpt lat="12.9087480" lon="77.6374740">
    <ele>887.7</ele>
    <time>2026-07-04T14:12:47Z</time>
   </trkpt>
   <trkpt lat="12.9087500" lon="77.6374540">
    <ele>887.7</ele>
    <time>2026-07-04T14:12:48Z</time>
   </trkpt>
   <trkpt lat="12.9087460" lon="77.6374270">
    <ele>887.6</ele>
    <time>2026-07-04T14:12:49Z</time>
   </trkpt>
   <trkpt lat="12.9087430" lon="77.6374030">
    <ele>887.6</ele>
    <time>2026-07-04T14:12:50Z</time>
   </trkpt>
   <trkpt lat="12.9087530" lon="77.6373730">
    <ele>887.6</ele>
    <time>2026-07-04T14:12:51Z</time>
   </trkpt>
   <trkpt lat="12.9087620" lon="77.6373410">
    <ele>887.5</ele>
    <time>2026-07-04T14:12:52Z</time>
   </trkpt>
   <trkpt lat="12.9087630" lon="77.6373160">
    <ele>887.5</ele>
    <time>2026-07-04T14:12:53Z</time>
   </trkpt>
   <trkpt lat="12.9087670" lon="77.6372900">
    <ele>887.4</ele>
    <time>2026-07-04T14:12:54Z</time>
   </trkpt>
   <trkpt lat="12.9087710" lon="77.6372600">
    <ele>887.4</ele>
    <time>2026-07-04T14:12:55Z</time>
   </trkpt>
   <trkpt lat="12.9087730" lon="77.6372310">
    <ele>887.4</ele>
    <time>2026-07-04T14:12:56Z</time>
   </trkpt>
   <trkpt lat="12.9087680" lon="77.6371980">
    <ele>887.3</ele>
    <time>2026-07-04T14:12:57Z</time>
   </trkpt>
   <trkpt lat="12.9087650" lon="77.6371620">
    <ele>887.2</ele>
    <time>2026-07-04T14:12:58Z</time>
   </trkpt>
   <trkpt lat="12.9087630" lon="77.6371240">
    <ele>887.2</ele>
    <time>2026-07-04T14:12:59Z</time>
   </trkpt>
   <trkpt lat="12.9087610" lon="77.6370890">
    <ele>887.1</ele>
    <time>2026-07-04T14:13:00Z</time>
   </trkpt>
   <trkpt lat="12.9087610" lon="77.6370520">
    <ele>887.0</ele>
    <time>2026-07-04T14:13:01Z</time>
   </trkpt>
   <trkpt lat="12.9087600" lon="77.6370220">
    <ele>886.9</ele>
    <time>2026-07-04T14:13:02Z</time>
   </trkpt>
   <trkpt lat="12.9087640" lon="77.6369840">
    <ele>886.9</ele>
    <time>2026-07-04T14:13:03Z</time>
   </trkpt>
   <trkpt lat="12.9087620" lon="77.6369420">
    <ele>886.8</ele>
    <time>2026-07-04T14:13:04Z</time>
   </trkpt>
   <trkpt lat="12.9087650" lon="77.6369070">
    <ele>886.7</ele>
    <time>2026-07-04T14:13:05Z</time>
   </trkpt>
   <trkpt lat="12.9087680" lon="77.6368750">
    <ele>886.6</ele>
    <time>2026-07-04T14:13:06Z</time>
   </trkpt>
   <trkpt lat="12.9087710" lon="77.6368380">
    <ele>886.5</ele>
    <time>2026-07-04T14:13:07Z</time>
   </trkpt>
   <trkpt lat="12.9087640" lon="77.6368040">
    <ele>886.4</ele>
    <time>2026-07-04T14:13:08Z</time>
   </trkpt>
   <trkpt lat="12.9087710" lon="77.6367690">
    <ele>886.4</ele>
    <time>2026-07-04T14:13:09Z</time>
   </trkpt>
   <trkpt lat="12.9087790" lon="77.6367290">
    <ele>886.3</ele>
    <time>2026-07-04T14:13:10Z</time>
   </trkpt>
   <trkpt lat="12.9087780" lon="77.6366920">
    <ele>886.2</ele>
    <time>2026-07-04T14:13:11Z</time>
   </trkpt>
   <trkpt lat="12.9087780" lon="77.6366630">
    <ele>886.1</ele>
    <time>2026-07-04T14:13:12Z</time>
   </trkpt>
   <trkpt lat="12.9087770" lon="77.6366390">
    <ele>886.1</ele>
    <time>2026-07-04T14:13:13Z</time>
   </trkpt>
   <trkpt lat="12.9087800" lon="77.6366050">
    <ele>886.0</ele>
    <time>2026-07-04T14:13:14Z</time>
   </trkpt>
   <trkpt lat="12.9087780" lon="77.6365990">
    <ele>886.0</ele>
    <time>2026-07-04T14:13:15Z</time>
   </trkpt>
   <trkpt lat="12.9087770" lon="77.6365670">
    <ele>886.0</ele>
    <time>2026-07-04T14:13:16Z</time>
   </trkpt>
   <trkpt lat="12.9087730" lon="77.6365450">
    <ele>885.9</ele>
    <time>2026-07-04T14:13:17Z</time>
   </trkpt>
   <trkpt lat="12.9087530" lon="77.6365240">
    <ele>885.9</ele>
    <time>2026-07-04T14:13:18Z</time>
   </trkpt>
   <trkpt lat="12.9087640" lon="77.6364990">
    <ele>885.8</ele>
    <time>2026-07-04T14:13:19Z</time>
   </trkpt>
   <trkpt lat="12.9087700" lon="77.6364890">
    <ele>885.8</ele>
    <time>2026-07-04T14:13:20Z</time>
   </trkpt>
   <trkpt lat="12.9087660" lon="77.6364690">
    <ele>885.8</ele>
    <time>2026-07-04T14:13:21Z</time>
   </trkpt>
   <trkpt lat="12.9087670" lon="77.6364390">
    <ele>885.7</ele>
    <time>2026-07-04T14:13:22Z</time>
   </trkpt>
   <trkpt lat="12.9087720" lon="77.6364130">
    <ele>885.7</ele>
    <time>2026-07-04T14:13:23Z</time>
   </trkpt>
   <trkpt lat="12.9087890" lon="77.6364060">
    <ele>885.7</ele>
    <time>2026-07-04T14:13:24Z</time>
   </trkpt>
   <trkpt lat="12.9087910" lon="77.6363820">
    <ele>885.6</ele>
    <time>2026-07-04T14:13:25Z</time>
   </trkpt>
   <trkpt lat="12.9087880" lon="77.6363560">
    <ele>885.6</ele>
    <time>2026-07-04T14:13:26Z</time>
   </trkpt>
   <trkpt lat="12.9087840" lon="77.6363350">
    <ele>885.6</ele>
    <time>2026-07-04T14:13:27Z</time>
   </trkpt>
   <trkpt lat="12.9087830" lon="77.6363120">
    <ele>885.5</ele>
    <time>2026-07-04T14:13:28Z</time>
   </trkpt>
   <trkpt lat="12.9087880" lon="77.6362850">
    <ele>885.5</ele>
    <time>2026-07-04T14:13:29Z</time>
   </trkpt>
   <trkpt lat="12.9087840" lon="77.6362550">
    <ele>885.4</ele>
    <time>2026-07-04T14:13:30Z</time>
   </trkpt>
   <trkpt lat="12.9087860" lon="77.6362370">
    <ele>885.4</ele>
    <time>2026-07-04T14:13:31Z</time>
   </trkpt>
   <trkpt lat="12.9087770" lon="77.6362130">
    <ele>885.4</ele>
    <time>2026-07-04T14:13:32Z</time>
   </trkpt>
   <trkpt lat="12.9087900" lon="77.6361820">
    <ele>885.3</ele>
    <time>2026-07-04T14:13:33Z</time>
   </trkpt>
   <trkpt lat="12.9087940" lon="77.6361400">
    <ele>885.2</ele>
    <time>2026-07-04T14:13:34Z</time>
   </trkpt>
   <trkpt lat="12.9087850" lon="77.6361000">
    <ele>885.1</ele>
    <time>2026-07-04T14:13:35Z</time>
   </trkpt>
   <trkpt lat="12.9087960" lon="77.6360600">
    <ele>885.1</ele>
    <time>2026-07-04T14:13:36Z</time>
   </trkpt>
   <trkpt lat="12.9087930" lon="77.6360260">
    <ele>885.0</ele>
    <time>2026-07-04T14:13:37Z</time>
   </trkpt>
   <trkpt lat="12.9088080" lon="77.6359890">
    <ele>884.9</ele>
    <time>2026-07-04T14:13:38Z</time>
   </trkpt>
   <trkpt lat="12.9087930" lon="77.6359570">
    <ele>884.9</ele>
    <time>2026-07-04T14:13:39Z</time>
   </trkpt>
   <trkpt lat="12.9087980" lon="77.6359190">
    <ele>884.8</ele>
    <time>2026-07-04T14:13:40Z</time>
   </trkpt>
   <trkpt lat="12.9088050" lon="77.6359110">
    <ele>884.8</ele>
    <time>2026-07-04T14:13:41Z</time>
   </trkpt>
   <trkpt lat="12.9088120" lon="77.6358740">
    <ele>884.8</ele>
    <time>2026-07-04T14:13:42Z</time>
   </trkpt>
   <trkpt lat="12.9088090" lon="77.6358270">
    <ele>884.7</ele>
    <time>2026-07-04T14:13:43Z</time>
   </trkpt>
   <trkpt lat="12.9088040" lon="77.6357960">
    <ele>884.7</ele>
    <time>2026-07-04T14:13:44Z</time>
   </trkpt>
   <trkpt lat="12.9088240" lon="77.6357770">
    <ele>884.6</ele>
    <time>2026-07-04T14:13:45Z</time>
   </trkpt>
   <trkpt lat="12.9088300" lon="77.6357410">
    <ele>884.6</ele>
    <time>2026-07-04T14:13:46Z</time>
   </trkpt>
   <trkpt lat="12.9088280" lon="77.6356890">
    <ele>884.5</ele>
    <time>2026-07-04T14:13:47Z</time>
   </trkpt>
   <trkpt lat="12.9088300" lon="77.6356460">
    <ele>884.5</ele>
    <time>2026-07-04T14:13:48Z</time>
   </trkpt>
   <trkpt lat="12.9088150" lon="77.6356020">
    <ele>884.5</ele>
    <time>2026-07-04T14:13:49Z</time>
   </trkpt>
   <trkpt lat="12.9088040" lon="77.6355640">
    <ele>884.4</ele>
    <time>2026-07-04T14:13:50Z</time>
   </trkpt>
   <trkpt lat="12.9088060" lon="77.6355370">
    <ele>884.4</ele>
    <time>2026-07-04T14:13:51Z</time>
   </trkpt>
   <trkpt lat="12.9088040" lon="77.6354980">
    <ele>884.4</ele>
    <time>2026-07-04T14:13:52Z</time>
   </trkpt>
   <trkpt lat="12.9088150" lon="77.6354750">
    <ele>884.4</ele>
    <time>2026-07-04T14:13:53Z</time>
   </trkpt>
   <trkpt lat="12.9088070" lon="77.6354450">
    <ele>884.3</ele>
    <time>2026-07-04T14:13:54Z</time>
   </trkpt>
   <trkpt lat="12.9087990" lon="77.6354010">
    <ele>884.3</ele>
    <time>2026-07-04T14:13:55Z</time>
   </trkpt>
   <trkpt lat="12.9087870" lon="77.6353870">
    <ele>884.3</ele>
    <time>2026-07-04T14:13:56Z</time>
   </trkpt>
   <trkpt lat="12.9087990" lon="77.6353540">
    <ele>884.3</ele>
    <time>2026-07-04T14:13:57Z</time>
   </trkpt>
   <trkpt lat="12.9088050" lon="77.6353100">
    <ele>884.3</ele>
    <time>2026-07-04T14:13:58Z</time>
   </trkpt>
   <trkpt lat="12.9088150" lon="77.6352760">
    <ele>884.3</ele>
    <time>2026-07-04T14:13:59Z</time>
   </trkpt>
   <trkpt lat="12.9088170" lon="77.6352500">
    <ele>884.3</ele>
    <time>2026-07-04T14:14:00Z</time>
   </trkpt>
   <trkpt lat="12.9088080" lon="77.6352210">
    <ele>884.3</ele>
    <time>2026-07-04T14:14:01Z</time>
   </trkpt>
   <trkpt lat="12.9087990" lon="77.6352020">
    <ele>884.3</ele>
    <time>2026-07-04T14:14:02Z</time>
   </trkpt>
   <trkpt lat="12.9087930" lon="77.6351880">
    <ele>884.2</ele>
    <time>2026-07-04T14:14:03Z</time>
   </trkpt>
   <trkpt lat="12.9087900" lon="77.6351710">
    <ele>884.2</ele>
    <time>2026-07-04T14:14:04Z</time>
   </trkpt>
   <trkpt lat="12.9087880" lon="77.6351560">
    <ele>884.2</ele>
    <time>2026-07-04T14:14:05Z</time>
   </trkpt>
   <trkpt lat="12.9087890" lon="77.6351450">
    <ele>884.2</ele>
    <time>2026-07-04T14:14:06Z</time>
   </trkpt>
   <trkpt lat="12.9087830" lon="77.6351320">
    <ele>884.2</ele>
    <time>2026-07-04T14:14:07Z</time>
   </trkpt>
   <trkpt lat="12.9087700" lon="77.6351180">
    <ele>884.2</ele>
    <time>2026-07-04T14:14:08Z</time>
   </trkpt>
   <trkpt lat="12.9087490" lon="77.6351100">
    <ele>884.2</ele>
    <time>2026-07-04T14:14:09Z</time>
   </trkpt>
   <trkpt lat="12.9087350" lon="77.6351080">
    <ele>884.2</ele>
    <time>2026-07-04T14:14:10Z</time>
   </trkpt>
   <trkpt lat="12.9087210" lon="77.6351110">
    <ele>884.2</ele>
    <time>2026-07-04T14:14:11Z</time>
   </trkpt>
   <trkpt lat="12.9087040" lon="77.6351100">
    <ele>884.2</ele>
    <time>2026-07-04T14:14:12Z</time>
   </trkpt>
   <trkpt lat="12.9086900" lon="77.6351100">
    <ele>884.2</ele>
    <time>2026-07-04T14:14:13Z</time>
   </trkpt>
   <trkpt lat="12.9086760" lon="77.6351090">
    <ele>884.2</ele>
    <time>2026-07-04T14:14:14Z</time>
   </trkpt>
   <trkpt lat="12.9086620" lon="77.6351060">
    <ele>884.2</ele>
    <time>2026-07-04T14:14:15Z</time>
   </trkpt>
   <trkpt lat="12.9086460" lon="77.6351020">
    <ele>884.2</ele>
    <time>2026-07-04T14:14:16Z</time>
   </trkpt>
   <trkpt lat="12.9086310" lon="77.6351050">
    <ele>884.2</ele>
    <time>2026-07-04T14:14:17Z</time>
   </trkpt>
   <trkpt lat="12.9086160" lon="77.6351050">
    <ele>884.2</ele>
    <time>2026-07-04T14:14:18Z</time>
   </trkpt>
   <trkpt lat="12.9085990" lon="77.6351080">
    <ele>884.2</ele>
    <time>2026-07-04T14:14:19Z</time>
   </trkpt>
   <trkpt lat="12.9085850" lon="77.6351060">
    <ele>884.2</ele>
    <time>2026-07-04T14:14:20Z</time>
   </trkpt>
   <trkpt lat="12.9085690" lon="77.6351050">
    <ele>884.2</ele>
    <time>2026-07-04T14:14:21Z</time>
   </trkpt>
   <trkpt lat="12.9085570" lon="77.6351050">
    <ele>884.2</ele>
    <time>2026-07-04T14:14:22Z</time>
   </trkpt>
   <trkpt lat="12.9085420" lon="77.6351030">
    <ele>884.2</ele>
    <time>2026-07-04T14:14:23Z</time>
   </trkpt>
   <trkpt lat="12.9085290" lon="77.6351010">
    <ele>884.2</ele>
    <time>2026-07-04T14:14:24Z</time>
   </trkpt>
   <trkpt lat="12.9085180" lon="77.6350990">
    <ele>884.2</ele>
    <time>2026-07-04T14:14:25Z</time>
   </trkpt>
   <trkpt lat="12.9085020" lon="77.6350980">
    <ele>884.2</ele>
    <time>2026-07-04T14:14:26Z</time>
   </trkpt>
   <trkpt lat="12.9084900" lon="77.6350960">
    <ele>884.2</ele>
    <time>2026-07-04T14:14:27Z</time>
   </trkpt>
   <trkpt lat="12.9084770" lon="77.6350980">
    <ele>884.2</ele>
    <time>2026-07-04T14:14:28Z</time>
   </trkpt>
   <trkpt lat="12.9084640" lon="77.6350980">
    <ele>884.2</ele>
    <time>2026-07-04T14:14:29Z</time>
   </trkpt>
   <trkpt lat="12.9084510" lon="77.6351000">
    <ele>884.2</ele>
    <time>2026-07-04T14:14:30Z</time>
   </trkpt>
   <trkpt lat="12.9084420" lon="77.6351000">
    <ele>884.2</ele>
    <time>2026-07-04T14:14:31Z</time>
   </trkpt>
   <trkpt lat="12.9084310" lon="77.6350990">
    <ele>884.2</ele>
    <time>2026-07-04T14:14:32Z</time>
   </trkpt>
   <trkpt lat="12.9084170" lon="77.6350970">
    <ele>884.2</ele>
    <time>2026-07-04T14:14:33Z</time>
   </trkpt>
   <trkpt lat="12.9084000" lon="77.6350960">
    <ele>884.2</ele>
    <time>2026-07-04T14:14:34Z</time>
   </trkpt>
   <trkpt lat="12.9083820" lon="77.6350940">
    <ele>884.2</ele>
    <time>2026-07-04T14:14:35Z</time>
   </trkpt>
   <trkpt lat="12.9083630" lon="77.6350920">
    <ele>884.2</ele>
    <time>2026-07-04T14:14:36Z</time>
   </trkpt>
   <trkpt lat="12.9083430" lon="77.6350940">
    <ele>884.2</ele>
    <time>2026-07-04T14:14:37Z</time>
   </trkpt>
   <trkpt lat="12.9083250" lon="77.6350920">
    <ele>884.2</ele>
    <time>2026-07-04T14:14:38Z</time>
   </trkpt>
   <trkpt lat="12.9083060" lon="77.6350940">
    <ele>884.2</ele>
    <time>2026-07-04T14:14:40Z</time>
   </trkpt>
   <trkpt lat="12.9082850" lon="77.6350910">
    <ele>884.2</ele>
    <time>2026-07-04T14:14:41Z</time>
   </trkpt>
   <trkpt lat="12.9082600" lon="77.6350880">
    <ele>884.3</ele>
    <time>2026-07-04T14:14:42Z</time>
   </trkpt>
   <trkpt lat="12.9082360" lon="77.6350860">
    <ele>884.3</ele>
    <time>2026-07-04T14:14:43Z</time>
   </trkpt>
   <trkpt lat="12.9082110" lon="77.6350870">
    <ele>884.3</ele>
    <time>2026-07-04T14:14:44Z</time>
   </trkpt>
   <trkpt lat="12.9081850" lon="77.6350910">
    <ele>884.3</ele>
    <time>2026-07-04T14:14:45Z</time>
   </trkpt>
   <trkpt lat="12.9081590" lon="77.6350940">
    <ele>884.3</ele>
    <time>2026-07-04T14:14:46Z</time>
   </trkpt>
   <trkpt lat="12.9081330" lon="77.6350940">
    <ele>884.3</ele>
    <time>2026-07-04T14:14:47Z</time>
   </trkpt>
   <trkpt lat="12.9081090" lon="77.6350940">
    <ele>884.3</ele>
    <time>2026-07-04T14:14:48Z</time>
   </trkpt>
   <trkpt lat="12.9080830" lon="77.6351000">
    <ele>884.3</ele>
    <time>2026-07-04T14:14:49Z</time>
   </trkpt>
   <trkpt lat="12.9080600" lon="77.6351020">
    <ele>884.3</ele>
    <time>2026-07-04T14:14:50Z</time>
   </trkpt>
   <trkpt lat="12.9080380" lon="77.6350990">
    <ele>884.3</ele>
    <time>2026-07-04T14:14:51Z</time>
   </trkpt>
   <trkpt lat="12.9080120" lon="77.6351020">
    <ele>884.3</ele>
    <time>2026-07-04T14:14:52Z</time>
   </trkpt>
   <trkpt lat="12.9079900" lon="77.6351010">
    <ele>884.3</ele>
    <time>2026-07-04T14:14:53Z</time>
   </trkpt>
   <trkpt lat="12.9079650" lon="77.6351000">
    <ele>884.3</ele>
    <time>2026-07-04T14:14:54Z</time>
   </trkpt>
   <trkpt lat="12.9079400" lon="77.6350950">
    <ele>884.3</ele>
    <time>2026-07-04T14:14:55Z</time>
   </trkpt>
   <trkpt lat="12.9079180" lon="77.6350910">
    <ele>884.4</ele>
    <time>2026-07-04T14:14:56Z</time>
   </trkpt>
   <trkpt lat="12.9078960" lon="77.6350880">
    <ele>884.4</ele>
    <time>2026-07-04T14:14:57Z</time>
   </trkpt>
   <trkpt lat="12.9078660" lon="77.6350880">
    <ele>884.4</ele>
    <time>2026-07-04T14:14:58Z</time>
   </trkpt>
   <trkpt lat="12.9078520" lon="77.6350870">
    <ele>884.4</ele>
    <time>2026-07-04T14:14:59Z</time>
   </trkpt>
   <trkpt lat="12.9078380" lon="77.6350850">
    <ele>884.4</ele>
    <time>2026-07-04T14:15:00Z</time>
   </trkpt>
   <trkpt lat="12.9078240" lon="77.6350860">
    <ele>884.4</ele>
    <time>2026-07-04T14:15:01Z</time>
   </trkpt>
   <trkpt lat="12.9078120" lon="77.6350880">
    <ele>884.4</ele>
    <time>2026-07-04T14:15:02Z</time>
   </trkpt>
   <trkpt lat="12.9078010" lon="77.6350880">
    <ele>884.4</ele>
    <time>2026-07-04T14:15:03Z</time>
   </trkpt>
   <trkpt lat="12.9077890" lon="77.6350900">
    <ele>884.4</ele>
    <time>2026-07-04T14:15:04Z</time>
   </trkpt>
   <trkpt lat="12.9077720" lon="77.6350900">
    <ele>884.4</ele>
    <time>2026-07-04T14:15:05Z</time>
   </trkpt>
   <trkpt lat="12.9077520" lon="77.6350880">
    <ele>884.4</ele>
    <time>2026-07-04T14:15:06Z</time>
   </trkpt>
   <trkpt lat="12.9077310" lon="77.6350870">
    <ele>884.4</ele>
    <time>2026-07-04T14:15:07Z</time>
   </trkpt>
   <trkpt lat="12.9077110" lon="77.6350850">
    <ele>884.5</ele>
    <time>2026-07-04T14:15:08Z</time>
   </trkpt>
   <trkpt lat="12.9076920" lon="77.6350830">
    <ele>884.5</ele>
    <time>2026-07-04T14:15:09Z</time>
   </trkpt>
   <trkpt lat="12.9076720" lon="77.6350840">
    <ele>884.5</ele>
    <time>2026-07-04T14:15:10Z</time>
   </trkpt>
   <trkpt lat="12.9076480" lon="77.6350890">
    <ele>884.5</ele>
    <time>2026-07-04T14:15:11Z</time>
   </trkpt>
   <trkpt lat="12.9076240" lon="77.6350880">
    <ele>884.5</ele>
    <time>2026-07-04T14:15:12Z</time>
   </trkpt>
   <trkpt lat="12.9076010" lon="77.6350830">
    <ele>884.5</ele>
    <time>2026-07-04T14:15:13Z</time>
   </trkpt>
   <trkpt lat="12.9075740" lon="77.6350860">
    <ele>884.6</ele>
    <time>2026-07-04T14:15:14Z</time>
   </trkpt>
   <trkpt lat="12.9075530" lon="77.6350880">
    <ele>884.6</ele>
    <time>2026-07-04T14:15:15Z</time>
   </trkpt>
   <trkpt lat="12.9075300" lon="77.6350880">
    <ele>884.6</ele>
    <time>2026-07-04T14:15:16Z</time>
   </trkpt>
   <trkpt lat="12.9075090" lon="77.6350900">
    <ele>884.6</ele>
    <time>2026-07-04T14:15:17Z</time>
   </trkpt>
   <trkpt lat="12.9074910" lon="77.6350890">
    <ele>884.6</ele>
    <time>2026-07-04T14:15:18Z</time>
   </trkpt>
   <trkpt lat="12.9074720" lon="77.6350900">
    <ele>884.7</ele>
    <time>2026-07-04T14:15:19Z</time>
   </trkpt>
   <trkpt lat="12.9074540" lon="77.6350910">
    <ele>884.7</ele>
    <time>2026-07-04T14:15:20Z</time>
   </trkpt>
   <trkpt lat="12.9074370" lon="77.6350900">
    <ele>884.7</ele>
    <time>2026-07-04T14:15:21Z</time>
   </trkpt>
   <trkpt lat="12.9074220" lon="77.6350880">
    <ele>884.7</ele>
    <time>2026-07-04T14:15:22Z</time>
   </trkpt>
   <trkpt lat="12.9074110" lon="77.6350880">
    <ele>884.7</ele>
    <time>2026-07-04T14:15:23Z</time>
   </trkpt>
   <trkpt lat="12.9074030" lon="77.6350880">
    <ele>884.8</ele>
    <time>2026-07-04T14:15:24Z</time>
   </trkpt>
   <trkpt lat="12.9074020" lon="77.6350900">
    <ele>884.8</ele>
    <time>2026-07-04T14:15:25Z</time>
   </trkpt>
   <trkpt lat="12.9074010" lon="77.6350890">
    <ele>884.8</ele>
    <time>2026-07-04T14:15:26Z</time>
   </trkpt>
   <trkpt lat="12.9073980" lon="77.6350890">
    <ele>884.8</ele>
    <time>2026-07-04T14:15:27Z</time>
   </trkpt>
   <trkpt lat="12.9073890" lon="77.6350910">
    <ele>884.8</ele>
    <time>2026-07-04T14:15:28Z</time>
   </trkpt>
   <trkpt lat="12.9073770" lon="77.6350940">
    <ele>884.8</ele>
    <time>2026-07-04T14:15:29Z</time>
   </trkpt>
   <trkpt lat="12.9073680" lon="77.6351020">
    <ele>884.8</ele>
    <time>2026-07-04T14:15:30Z</time>
   </trkpt>
   <trkpt lat="12.9073580" lon="77.6351050">
    <ele>884.8</ele>
    <time>2026-07-04T14:15:31Z</time>
   </trkpt>
   <trkpt lat="12.9073450" lon="77.6351090">
    <ele>884.8</ele>
    <time>2026-07-04T14:15:32Z</time>
   </trkpt>
   <trkpt lat="12.9072790" lon="77.6351130">
    <ele>884.9</ele>
    <time>2026-07-04T14:15:40Z</time>
   </trkpt>
   <trkpt lat="12.9072720" lon="77.6351090">
    <ele>884.9</ele>
    <time>2026-07-04T14:15:41Z</time>
   </trkpt>
   <trkpt lat="12.9072650" lon="77.6351060">
    <ele>884.9</ele>
    <time>2026-07-04T14:15:42Z</time>
   </trkpt>
   <trkpt lat="12.9072580" lon="77.6350980">
    <ele>884.9</ele>
    <time>2026-07-04T14:15:43Z</time>
   </trkpt>
   <trkpt lat="12.9072540" lon="77.6350870">
    <ele>884.9</ele>
    <time>2026-07-04T14:15:44Z</time>
   </trkpt>
   <trkpt lat="12.9072490" lon="77.6350690">
    <ele>884.9</ele>
    <time>2026-07-04T14:15:45Z</time>
   </trkpt>
   <trkpt lat="12.9072480" lon="77.6350510">
    <ele>884.9</ele>
    <time>2026-07-04T14:15:46Z</time>
   </trkpt>
   <trkpt lat="12.9072460" lon="77.6350320">
    <ele>884.9</ele>
    <time>2026-07-04T14:15:47Z</time>
   </trkpt>
   <trkpt lat="12.9072480" lon="77.6350120">
    <ele>884.9</ele>
    <time>2026-07-04T14:15:48Z</time>
   </trkpt>
   <trkpt lat="12.9072470" lon="77.6349920">
    <ele>884.9</ele>
    <time>2026-07-04T14:15:49Z</time>
   </trkpt>
   <trkpt lat="12.9072430" lon="77.6349720">
    <ele>884.9</ele>
    <time>2026-07-04T14:15:50Z</time>
   </trkpt>
   <trkpt lat="12.9072400" lon="77.6349480">
    <ele>884.8</ele>
    <time>2026-07-04T14:15:51Z</time>
   </trkpt>
   <trkpt lat="12.9072360" lon="77.6349270">
    <ele>884.8</ele>
    <time>2026-07-04T14:15:52Z</time>
   </trkpt>
   <trkpt lat="12.9072320" lon="77.6349040">
    <ele>884.8</ele>
    <time>2026-07-04T14:15:53Z</time>
   </trkpt>
   <trkpt lat="12.9072250" lon="77.6348770">
    <ele>884.8</ele>
    <time>2026-07-04T14:15:54Z</time>
   </trkpt>
   <trkpt lat="12.9072170" lon="77.6348500">
    <ele>884.8</ele>
    <time>2026-07-04T14:15:55Z</time>
   </trkpt>
   <trkpt lat="12.9072120" lon="77.6348260">
    <ele>884.8</ele>
    <time>2026-07-04T14:15:56Z</time>
   </trkpt>
   <trkpt lat="12.9072070" lon="77.6348030">
    <ele>884.8</ele>
    <time>2026-07-04T14:15:57Z</time>
   </trkpt>
   <trkpt lat="12.9072090" lon="77.6347790">
    <ele>884.8</ele>
    <time>2026-07-04T14:15:58Z</time>
   </trkpt>
   <trkpt lat="12.9072050" lon="77.6347550">
    <ele>884.8</ele>
    <time>2026-07-04T14:15:59Z</time>
   </trkpt>
   <trkpt lat="12.9071980" lon="77.6347320">
    <ele>884.7</ele>
    <time>2026-07-04T14:16:00Z</time>
   </trkpt>
   <trkpt lat="12.9071930" lon="77.6347120">
    <ele>884.7</ele>
    <time>2026-07-04T14:16:01Z</time>
   </trkpt>
   <trkpt lat="12.9071830" lon="77.6346890">
    <ele>884.7</ele>
    <time>2026-07-04T14:16:02Z</time>
   </trkpt>
   <trkpt lat="12.9071730" lon="77.6346730">
    <ele>884.7</ele>
    <time>2026-07-04T14:16:03Z</time>
   </trkpt>
   <trkpt lat="12.9071700" lon="77.6346630">
    <ele>884.7</ele>
    <time>2026-07-04T14:16:04Z</time>
   </trkpt>
   <trkpt lat="12.9071700" lon="77.6346520">
    <ele>884.7</ele>
    <time>2026-07-04T14:16:05Z</time>
   </trkpt>
   <trkpt lat="12.9071690" lon="77.6346400">
    <ele>884.7</ele>
    <time>2026-07-04T14:16:06Z</time>
   </trkpt>
   <trkpt lat="12.9071650" lon="77.6346260">
    <ele>884.7</ele>
    <time>2026-07-04T14:16:07Z</time>
   </trkpt>
   <trkpt lat="12.9071640" lon="77.6346130">
    <ele>884.7</ele>
    <time>2026-07-04T14:16:08Z</time>
   </trkpt>
   <trkpt lat="12.9071650" lon="77.6345980">
    <ele>884.7</ele>
    <time>2026-07-04T14:16:09Z</time>
   </trkpt>
   <trkpt lat="12.9071610" lon="77.6345820">
    <ele>884.7</ele>
    <time>2026-07-04T14:16:10Z</time>
   </trkpt>
   <trkpt lat="12.9071580" lon="77.6345710">
    <ele>884.7</ele>
    <time>2026-07-04T14:16:11Z</time>
   </trkpt>
   <trkpt lat="12.9071550" lon="77.6345590">
    <ele>884.7</ele>
    <time>2026-07-04T14:16:12Z</time>
   </trkpt>
   <trkpt lat="12.9071440" lon="77.6345420">
    <ele>884.7</ele>
    <time>2026-07-04T14:16:13Z</time>
   </trkpt>
   <trkpt lat="12.9071380" lon="77.6345210">
    <ele>884.7</ele>
    <time>2026-07-04T14:16:14Z</time>
   </trkpt>
   <trkpt lat="12.9071370" lon="77.6345020">
    <ele>884.7</ele>
    <time>2026-07-04T14:16:15Z</time>
   </trkpt>
   <trkpt lat="12.9071270" lon="77.6344810">
    <ele>884.7</ele>
    <time>2026-07-04T14:16:16Z</time>
   </trkpt>
   <trkpt lat="12.9071220" lon="77.6344600">
    <ele>884.7</ele>
    <time>2026-07-04T14:16:17Z</time>
   </trkpt>
   <trkpt lat="12.9071140" lon="77.6344400">
    <ele>884.7</ele>
    <time>2026-07-04T14:16:18Z</time>
   </trkpt>
   <trkpt lat="12.9071040" lon="77.6344260">
    <ele>884.7</ele>
    <time>2026-07-04T14:16:19Z</time>
   </trkpt>
   <trkpt lat="12.9070960" lon="77.6343970">
    <ele>884.6</ele>
    <time>2026-07-04T14:16:20Z</time>
   </trkpt>
   <trkpt lat="12.9070880" lon="77.6343770">
    <ele>884.6</ele>
    <time>2026-07-04T14:16:21Z</time>
   </trkpt>
   <trkpt lat="12.9070850" lon="77.6343550">
    <ele>884.6</ele>
    <time>2026-07-04T14:16:22Z</time>
   </trkpt>
   <trkpt lat="12.9070760" lon="77.6343370">
    <ele>884.6</ele>
    <time>2026-07-04T14:16:23Z</time>
   </trkpt>
   <trkpt lat="12.9070750" lon="77.6343240">
    <ele>884.6</ele>
    <time>2026-07-04T14:16:24Z</time>
   </trkpt>
   <trkpt lat="12.9070680" lon="77.6343120">
    <ele>884.6</ele>
    <time>2026-07-04T14:16:25Z</time>
   </trkpt>
   <trkpt lat="12.9070610" lon="77.6342930">
    <ele>884.6</ele>
    <time>2026-07-04T14:16:26Z</time>
   </trkpt>
   <trkpt lat="12.9070530" lon="77.6342750">
    <ele>884.6</ele>
    <time>2026-07-04T14:16:27Z</time>
   </trkpt>
   <trkpt lat="12.9070410" lon="77.6342580">
    <ele>884.6</ele>
    <time>2026-07-04T14:16:28Z</time>
   </trkpt>
   <trkpt lat="12.9070340" lon="77.6342450">
    <ele>884.6</ele>
    <time>2026-07-04T14:16:29Z</time>
   </trkpt>
   <trkpt lat="12.9070260" lon="77.6342310">
    <ele>884.6</ele>
    <time>2026-07-04T14:16:30Z</time>
   </trkpt>
   <trkpt lat="12.9070210" lon="77.6342190">
    <ele>884.6</ele>
    <time>2026-07-04T14:16:31Z</time>
   </trkpt>
   <trkpt lat="12.9070130" lon="77.6342090">
    <ele>884.6</ele>
    <time>2026-07-04T14:16:32Z</time>
   </trkpt>
   <trkpt lat="12.9070040" lon="77.6341890">
    <ele>884.6</ele>
    <time>2026-07-04T14:16:33Z</time>
   </trkpt>
   <trkpt lat="12.9069980" lon="77.6341670">
    <ele>884.6</ele>
    <time>2026-07-04T14:16:34Z</time>
   </trkpt>
   <trkpt lat="12.9069920" lon="77.6341480">
    <ele>884.6</ele>
    <time>2026-07-04T14:16:35Z</time>
   </trkpt>
   <trkpt lat="12.9069860" lon="77.6341300">
    <ele>884.6</ele>
    <time>2026-07-04T14:16:36Z</time>
   </trkpt>
   <trkpt lat="12.9069770" lon="77.6341060">
    <ele>884.6</ele>
    <time>2026-07-04T14:16:37Z</time>
   </trkpt>
   <trkpt lat="12.9069710" lon="77.6340860">
    <ele>884.6</ele>
    <time>2026-07-04T14:16:38Z</time>
   </trkpt>
   <trkpt lat="12.9069630" lon="77.6340650">
    <ele>884.6</ele>
    <time>2026-07-04T14:16:39Z</time>
   </trkpt>
   <trkpt lat="12.9069540" lon="77.6340460">
    <ele>884.6</ele>
    <time>2026-07-04T14:16:40Z</time>
   </trkpt>
   <trkpt lat="12.9069470" lon="77.6340270">
    <ele>884.6</ele>
    <time>2026-07-04T14:16:41Z</time>
   </trkpt>
   <trkpt lat="12.9069400" lon="77.6340080">
    <ele>884.6</ele>
    <time>2026-07-04T14:16:42Z</time>
   </trkpt>
   <trkpt lat="12.9069340" lon="77.6339930">
    <ele>884.6</ele>
    <time>2026-07-04T14:16:43Z</time>
   </trkpt>
   <trkpt lat="12.9069330" lon="77.6339770">
    <ele>884.6</ele>
    <time>2026-07-04T14:16:44Z</time>
   </trkpt>
   <trkpt lat="12.9069220" lon="77.6339620">
    <ele>884.6</ele>
    <time>2026-07-04T14:16:46Z</time>
   </trkpt>
   <trkpt lat="12.9069140" lon="77.6339470">
    <ele>884.6</ele>
    <time>2026-07-04T14:16:47Z</time>
   </trkpt>
   <trkpt lat="12.9069020" lon="77.6339300">
    <ele>884.6</ele>
    <time>2026-07-04T14:16:48Z</time>
   </trkpt>
   <trkpt lat="12.9068940" lon="77.6339080">
    <ele>884.6</ele>
    <time>2026-07-04T14:16:49Z</time>
   </trkpt>
   <trkpt lat="12.9068910" lon="77.6338840">
    <ele>884.6</ele>
    <time>2026-07-04T14:16:50Z</time>
   </trkpt>
   <trkpt lat="12.9068820" lon="77.6338600">
    <ele>884.6</ele>
    <time>2026-07-04T14:16:51Z</time>
   </trkpt>
   <trkpt lat="12.9068680" lon="77.6338350">
    <ele>884.6</ele>
    <time>2026-07-04T14:16:52Z</time>
   </trkpt>
   <trkpt lat="12.9068580" lon="77.6338040">
    <ele>884.6</ele>
    <time>2026-07-04T14:16:53Z</time>
   </trkpt>
   <trkpt lat="12.9068570" lon="77.6337780">
    <ele>884.6</ele>
    <time>2026-07-04T14:16:54Z</time>
   </trkpt>
   <trkpt lat="12.9068510" lon="77.6337550">
    <ele>884.6</ele>
    <time>2026-07-04T14:16:55Z</time>
   </trkpt>
   <trkpt lat="12.9068380" lon="77.6337380">
    <ele>884.6</ele>
    <time>2026-07-04T14:16:56Z</time>
   </trkpt>
   <trkpt lat="12.9068330" lon="77.6337250">
    <ele>884.6</ele>
    <time>2026-07-04T14:16:57Z</time>
   </trkpt>
   <trkpt lat="12.9068250" lon="77.6337040">
    <ele>884.6</ele>
    <time>2026-07-04T14:16:58Z</time>
   </trkpt>
   <trkpt lat="12.9068290" lon="77.6336840">
    <ele>884.6</ele>
    <time>2026-07-04T14:16:59Z</time>
   </trkpt>
   <trkpt lat="12.9068370" lon="77.6336710">
    <ele>884.6</ele>
    <time>2026-07-04T14:17:00Z</time>
   </trkpt>
   <trkpt lat="12.9068340" lon="77.6336590">
    <ele>884.6</ele>
    <time>2026-07-04T14:17:01Z</time>
   </trkpt>
   <trkpt lat="12.9068280" lon="77.6336470">
    <ele>884.6</ele>
    <time>2026-07-04T14:17:02Z</time>
   </trkpt>
   <trkpt lat="12.9068170" lon="77.6336340">
    <ele>884.6</ele>
    <time>2026-07-04T14:17:03Z</time>
   </trkpt>
   <trkpt lat="12.9068050" lon="77.6336180">
    <ele>884.6</ele>
    <time>2026-07-04T14:17:04Z</time>
   </trkpt>
   <trkpt lat="12.9067930" lon="77.6336030">
    <ele>884.6</ele>
    <time>2026-07-04T14:17:05Z</time>
   </trkpt>
   <trkpt lat="12.9067870" lon="77.6335920">
    <ele>884.6</ele>
    <time>2026-07-04T14:17:06Z</time>
   </trkpt>
   <trkpt lat="12.9067750" lon="77.6335790">
    <ele>884.6</ele>
    <time>2026-07-04T14:17:07Z</time>
   </trkpt>
   <trkpt lat="12.9067730" lon="77.6335620">
    <ele>884.6</ele>
    <time>2026-07-04T14:17:08Z</time>
   </trkpt>
   <trkpt lat="12.9067640" lon="77.6335470">
    <ele>884.6</ele>
    <time>2026-07-04T14:17:09Z</time>
   </trkpt>
   <trkpt lat="12.9067570" lon="77.6335310">
    <ele>884.6</ele>
    <time>2026-07-04T14:17:10Z</time>
   </trkpt>
   <trkpt lat="12.9067510" lon="77.6335080">
    <ele>884.6</ele>
    <time>2026-07-04T14:17:11Z</time>
   </trkpt>
   <trkpt lat="12.9067470" lon="77.6334890">
    <ele>884.6</ele>
    <time>2026-07-04T14:17:12Z</time>
   </trkpt>
   <trkpt lat="12.9067450" lon="77.6334640">
    <ele>884.6</ele>
    <time>2026-07-04T14:17:13Z</time>
   </trkpt>
   <trkpt lat="12.9067360" lon="77.6334250">
    <ele>884.6</ele>
    <time>2026-07-04T14:17:14Z</time>
   </trkpt>
   <trkpt lat="12.9067260" lon="77.6334040">
    <ele>884.6</ele>
    <time>2026-07-04T14:17:15Z</time>
   </trkpt>
   <trkpt lat="12.9067250" lon="77.6333770">
    <ele>884.5</ele>
    <time>2026-07-04T14:17:16Z</time>
   </trkpt>
   <trkpt lat="12.9067190" lon="77.6333570">
    <ele>884.5</ele>
    <time>2026-07-04T14:17:17Z</time>
   </trkpt>
   <trkpt lat="12.9067120" lon="77.6333330">
    <ele>884.5</ele>
    <time>2026-07-04T14:17:18Z</time>
   </trkpt>
   <trkpt lat="12.9067070" lon="77.6333110">
    <ele>884.5</ele>
    <time>2026-07-04T14:17:19Z</time>
   </trkpt>
   <trkpt lat="12.9067020" lon="77.6332930">
    <ele>884.5</ele>
    <time>2026-07-04T14:17:20Z</time>
   </trkpt>
   <trkpt lat="12.9066990" lon="77.6332770">
    <ele>884.5</ele>
    <time>2026-07-04T14:17:21Z</time>
   </trkpt>
   <trkpt lat="12.9067000" lon="77.6332620">
    <ele>884.5</ele>
    <time>2026-07-04T14:17:22Z</time>
   </trkpt>
   <trkpt lat="12.9067020" lon="77.6332460">
    <ele>884.5</ele>
    <time>2026-07-04T14:17:23Z</time>
   </trkpt>
   <trkpt lat="12.9066960" lon="77.6332310">
    <ele>884.5</ele>
    <time>2026-07-04T14:17:24Z</time>
   </trkpt>
   <trkpt lat="12.9066890" lon="77.6332050">
    <ele>884.5</ele>
    <time>2026-07-04T14:17:25Z</time>
   </trkpt>
   <trkpt lat="12.9066820" lon="77.6331830">
    <ele>884.5</ele>
    <time>2026-07-04T14:17:26Z</time>
   </trkpt>
   <trkpt lat="12.9066750" lon="77.6331580">
    <ele>884.6</ele>
    <time>2026-07-04T14:17:27Z</time>
   </trkpt>
   <trkpt lat="12.9066710" lon="77.6331310">
    <ele>884.6</ele>
    <time>2026-07-04T14:17:28Z</time>
   </trkpt>
   <trkpt lat="12.9066670" lon="77.6331030">
    <ele>884.6</ele>
    <time>2026-07-04T14:17:29Z</time>
   </trkpt>
   <trkpt lat="12.9066640" lon="77.6330720">
    <ele>884.6</ele>
    <time>2026-07-04T14:17:30Z</time>
   </trkpt>
   <trkpt lat="12.9066580" lon="77.6330390">
    <ele>884.6</ele>
    <time>2026-07-04T14:17:31Z</time>
   </trkpt>
   <trkpt lat="12.9066510" lon="77.6330070">
    <ele>884.6</ele>
    <time>2026-07-04T14:17:32Z</time>
   </trkpt>
   <trkpt lat="12.9066430" lon="77.6329750">
    <ele>884.6</ele>
    <time>2026-07-04T14:17:33Z</time>
   </trkpt>
   <trkpt lat="12.9066400" lon="77.6329430">
    <ele>884.6</ele>
    <time>2026-07-04T14:17:34Z</time>
   </trkpt>
   <trkpt lat="12.9066420" lon="77.6329130">
    <ele>884.6</ele>
    <time>2026-07-04T14:17:35Z</time>
   </trkpt>
   <trkpt lat="12.9066420" lon="77.6328820">
    <ele>884.6</ele>
    <time>2026-07-04T14:17:36Z</time>
   </trkpt>
   <trkpt lat="12.9066370" lon="77.6328520">
    <ele>884.6</ele>
    <time>2026-07-04T14:17:37Z</time>
   </trkpt>
   <trkpt lat="12.9066360" lon="77.6328240">
    <ele>884.7</ele>
    <time>2026-07-04T14:17:38Z</time>
   </trkpt>
   <trkpt lat="12.9066330" lon="77.6327980">
    <ele>884.7</ele>
    <time>2026-07-04T14:17:39Z</time>
   </trkpt>
   <trkpt lat="12.9066330" lon="77.6327750">
    <ele>884.7</ele>
    <time>2026-07-04T14:17:40Z</time>
   </trkpt>
   <trkpt lat="12.9066280" lon="77.6327540">
    <ele>884.7</ele>
    <time>2026-07-04T14:17:41Z</time>
   </trkpt>
   <trkpt lat="12.9066280" lon="77.6327330">
    <ele>884.7</ele>
    <time>2026-07-04T14:17:42Z</time>
   </trkpt>
   <trkpt lat="12.9066240" lon="77.6327230">
    <ele>884.7</ele>
    <time>2026-07-04T14:17:43Z</time>
   </trkpt>
   <trkpt lat="12.9066200" lon="77.6327090">
    <ele>884.8</ele>
    <time>2026-07-04T14:17:44Z</time>
   </trkpt>
   <trkpt lat="12.9066140" lon="77.6326920">
    <ele>884.8</ele>
    <time>2026-07-04T14:17:45Z</time>
   </trkpt>
   <trkpt lat="12.9066160" lon="77.6326680">
    <ele>884.8</ele>
    <time>2026-07-04T14:17:46Z</time>
   </trkpt>
   <trkpt lat="12.9066230" lon="77.6326450">
    <ele>884.8</ele>
    <time>2026-07-04T14:17:47Z</time>
   </trkpt>
   <trkpt lat="12.9066250" lon="77.6326290">
    <ele>884.8</ele>
    <time>2026-07-04T14:17:48Z</time>
   </trkpt>
   <trkpt lat="12.9066260" lon="77.6326110">
    <ele>884.9</ele>
    <time>2026-07-04T14:17:49Z</time>
   </trkpt>
   <trkpt lat="12.9066320" lon="77.6325930">
    <ele>884.9</ele>
    <time>2026-07-04T14:17:50Z</time>
   </trkpt>
   <trkpt lat="12.9066350" lon="77.6325880">
    <ele>884.9</ele>
    <time>2026-07-04T14:17:51Z</time>
   </trkpt>
   <trkpt lat="12.9066320" lon="77.6325910">
    <ele>884.9</ele>
    <time>2026-07-04T14:17:52Z</time>
   </trkpt>
   <trkpt lat="12.9066320" lon="77.6325880">
    <ele>884.9</ele>
    <time>2026-07-04T14:17:53Z</time>
   </trkpt>
   <trkpt lat="12.9066310" lon="77.6325890">
    <ele>884.9</ele>
    <time>2026-07-04T14:17:54Z</time>
   </trkpt>
   <trkpt lat="12.9066310" lon="77.6325860">
    <ele>884.9</ele>
    <time>2026-07-04T14:17:55Z</time>
   </trkpt>
   <trkpt lat="12.9066310" lon="77.6325860">
    <ele>884.9</ele>
    <time>2026-07-04T14:17:56Z</time>
   </trkpt>
   <trkpt lat="12.9066310" lon="77.6325860">
    <ele>884.9</ele>
    <time>2026-07-04T14:17:57Z</time>
   </trkpt>
   <trkpt lat="12.9066310" lon="77.6325860">
    <ele>884.9</ele>
    <time>2026-07-04T14:17:58Z</time>
   </trkpt>
   <trkpt lat="12.9066280" lon="77.6325800">
    <ele>884.9</ele>
    <time>2026-07-04T14:17:59Z</time>
   </trkpt>
   <trkpt lat="12.9066280" lon="77.6325740">
    <ele>884.9</ele>
    <time>2026-07-04T14:18:00Z</time>
   </trkpt>
   <trkpt lat="12.9066250" lon="77.6325580">
    <ele>885.0</ele>
    <time>2026-07-04T14:18:01Z</time>
   </trkpt>
   <trkpt lat="12.9066200" lon="77.6325310">
    <ele>885.0</ele>
    <time>2026-07-04T14:18:03Z</time>
   </trkpt>
   <trkpt lat="12.9066180" lon="77.6325150">
    <ele>885.0</ele>
    <time>2026-07-04T14:18:04Z</time>
   </trkpt>
   <trkpt lat="12.9066140" lon="77.6324980">
    <ele>885.1</ele>
    <time>2026-07-04T14:18:05Z</time>
   </trkpt>
   <trkpt lat="12.9066110" lon="77.6324780">
    <ele>885.1</ele>
    <time>2026-07-04T14:18:06Z</time>
   </trkpt>
   <trkpt lat="12.9066130" lon="77.6324600">
    <ele>885.1</ele>
    <time>2026-07-04T14:18:07Z</time>
   </trkpt>
   <trkpt lat="12.9066140" lon="77.6324370">
    <ele>885.1</ele>
    <time>2026-07-04T14:18:08Z</time>
   </trkpt>
   <trkpt lat="12.9066180" lon="77.6324170">
    <ele>885.2</ele>
    <time>2026-07-04T14:18:09Z</time>
   </trkpt>
   <trkpt lat="12.9066220" lon="77.6323980">
    <ele>885.2</ele>
    <time>2026-07-04T14:18:10Z</time>
   </trkpt>
   <trkpt lat="12.9066270" lon="77.6323820">
    <ele>885.2</ele>
    <time>2026-07-04T14:18:11Z</time>
   </trkpt>
   <trkpt lat="12.9066310" lon="77.6323690">
    <ele>885.2</ele>
    <time>2026-07-04T14:18:12Z</time>
   </trkpt>
   <trkpt lat="12.9066310" lon="77.6323540">
    <ele>885.2</ele>
    <time>2026-07-04T14:18:13Z</time>
   </trkpt>
   <trkpt lat="12.9066300" lon="77.6323370">
    <ele>885.3</ele>
    <time>2026-07-04T14:18:14Z</time>
   </trkpt>
   <trkpt lat="12.9066300" lon="77.6323260">
    <ele>885.3</ele>
    <time>2026-07-04T14:18:15Z</time>
   </trkpt>
   <trkpt lat="12.9066340" lon="77.6323120">
    <ele>885.3</ele>
    <time>2026-07-04T14:18:16Z</time>
   </trkpt>
   <trkpt lat="12.9066310" lon="77.6323090">
    <ele>885.3</ele>
    <time>2026-07-04T14:18:17Z</time>
   </trkpt>
   <trkpt lat="12.9066340" lon="77.6322990">
    <ele>885.3</ele>
    <time>2026-07-04T14:18:18Z</time>
   </trkpt>
   <trkpt lat="12.9066330" lon="77.6322970">
    <ele>885.3</ele>
    <time>2026-07-04T14:18:19Z</time>
   </trkpt>
   <trkpt lat="12.9066370" lon="77.6322950">
    <ele>885.3</ele>
    <time>2026-07-04T14:18:20Z</time>
   </trkpt>
   <trkpt lat="12.9066380" lon="77.6322880">
    <ele>885.3</ele>
    <time>2026-07-04T14:18:21Z</time>
   </trkpt>
   <trkpt lat="12.9066400" lon="77.6322780">
    <ele>885.3</ele>
    <time>2026-07-04T14:18:22Z</time>
   </trkpt>
   <trkpt lat="12.9066430" lon="77.6322660">
    <ele>885.4</ele>
    <time>2026-07-04T14:18:23Z</time>
   </trkpt>
   <trkpt lat="12.9066470" lon="77.6322600">
    <ele>885.4</ele>
    <time>2026-07-04T14:18:24Z</time>
   </trkpt>
   <trkpt lat="12.9066520" lon="77.6322430">
    <ele>885.4</ele>
    <time>2026-07-04T14:18:25Z</time>
   </trkpt>
   <trkpt lat="12.9066580" lon="77.6322230">
    <ele>885.4</ele>
    <time>2026-07-04T14:18:26Z</time>
   </trkpt>
   <trkpt lat="12.9066550" lon="77.6322060">
    <ele>885.4</ele>
    <time>2026-07-04T14:18:27Z</time>
   </trkpt>
   <trkpt lat="12.9066550" lon="77.6321820">
    <ele>885.5</ele>
    <time>2026-07-04T14:18:28Z</time>
   </trkpt>
   <trkpt lat="12.9066530" lon="77.6321660">
    <ele>885.5</ele>
    <time>2026-07-04T14:18:29Z</time>
   </trkpt>
   <trkpt lat="12.9066570" lon="77.6321450">
    <ele>885.5</ele>
    <time>2026-07-04T14:18:30Z</time>
   </trkpt>
   <trkpt lat="12.9066570" lon="77.6321310">
    <ele>885.6</ele>
    <time>2026-07-04T14:18:31Z</time>
   </trkpt>
   <trkpt lat="12.9066570" lon="77.6321160">
    <ele>885.6</ele>
    <time>2026-07-04T14:18:32Z</time>
   </trkpt>
   <trkpt lat="12.9066590" lon="77.6320910">
    <ele>885.6</ele>
    <time>2026-07-04T14:18:33Z</time>
   </trkpt>
   <trkpt lat="12.9066660" lon="77.6320740">
    <ele>885.6</ele>
    <time>2026-07-04T14:18:34Z</time>
   </trkpt>
   <trkpt lat="12.9066690" lon="77.6320530">
    <ele>885.6</ele>
    <time>2026-07-04T14:18:35Z</time>
   </trkpt>
   <trkpt lat="12.9066750" lon="77.6320320">
    <ele>885.7</ele>
    <time>2026-07-04T14:18:36Z</time>
   </trkpt>
   <trkpt lat="12.9066740" lon="77.6320050">
    <ele>885.7</ele>
    <time>2026-07-04T14:18:37Z</time>
   </trkpt>
   <trkpt lat="12.9066720" lon="77.6319740">
    <ele>885.7</ele>
    <time>2026-07-04T14:18:38Z</time>
   </trkpt>
   <trkpt lat="12.9066710" lon="77.6319510">
    <ele>885.8</ele>
    <time>2026-07-04T14:18:39Z</time>
   </trkpt>
   <trkpt lat="12.9066680" lon="77.6319430">
    <ele>885.8</ele>
    <time>2026-07-04T14:18:40Z</time>
   </trkpt>
   <trkpt lat="12.9066700" lon="77.6319420">
    <ele>885.8</ele>
    <time>2026-07-04T14:18:41Z</time>
   </trkpt>
   <trkpt lat="12.9066670" lon="77.6319220">
    <ele>885.8</ele>
    <time>2026-07-04T14:18:42Z</time>
   </trkpt>
   <trkpt lat="12.9066710" lon="77.6319020">
    <ele>885.8</ele>
    <time>2026-07-04T14:18:43Z</time>
   </trkpt>
   <trkpt lat="12.9066720" lon="77.6318740">
    <ele>885.8</ele>
    <time>2026-07-04T14:18:44Z</time>
   </trkpt>
   <trkpt lat="12.9066710" lon="77.6318520">
    <ele>885.9</ele>
    <time>2026-07-04T14:18:45Z</time>
   </trkpt>
   <trkpt lat="12.9066720" lon="77.6318210">
    <ele>885.9</ele>
    <time>2026-07-04T14:18:46Z</time>
   </trkpt>
   <trkpt lat="12.9066800" lon="77.6318030">
    <ele>885.9</ele>
    <time>2026-07-04T14:18:47Z</time>
   </trkpt>
   <trkpt lat="12.9066780" lon="77.6317850">
    <ele>886.0</ele>
    <time>2026-07-04T14:18:48Z</time>
   </trkpt>
   <trkpt lat="12.9066800" lon="77.6317570">
    <ele>886.0</ele>
    <time>2026-07-04T14:18:49Z</time>
   </trkpt>
   <trkpt lat="12.9066790" lon="77.6317280">
    <ele>886.0</ele>
    <time>2026-07-04T14:18:50Z</time>
   </trkpt>
   <trkpt lat="12.9066800" lon="77.6317010">
    <ele>886.0</ele>
    <time>2026-07-04T14:18:52Z</time>
   </trkpt>
   <trkpt lat="12.9066770" lon="77.6316700">
    <ele>886.1</ele>
    <time>2026-07-04T14:18:53Z</time>
   </trkpt>
   <trkpt lat="12.9066730" lon="77.6316500">
    <ele>886.1</ele>
    <time>2026-07-04T14:18:54Z</time>
   </trkpt>
   <trkpt lat="12.9066690" lon="77.6316270">
    <ele>886.1</ele>
    <time>2026-07-04T14:18:55Z</time>
   </trkpt>
   <trkpt lat="12.9066650" lon="77.6315990">
    <ele>886.1</ele>
    <time>2026-07-04T14:18:56Z</time>
   </trkpt>
   <trkpt lat="12.9066610" lon="77.6315760">
    <ele>886.1</ele>
    <time>2026-07-04T14:18:57Z</time>
   </trkpt>
   <trkpt lat="12.9066650" lon="77.6315510">
    <ele>886.2</ele>
    <time>2026-07-04T14:18:58Z</time>
   </trkpt>
   <trkpt lat="12.9066620" lon="77.6315290">
    <ele>886.2</ele>
    <time>2026-07-04T14:18:59Z</time>
   </trkpt>
   <trkpt lat="12.9066600" lon="77.6314990">
    <ele>886.2</ele>
    <time>2026-07-04T14:19:00Z</time>
   </trkpt>
   <trkpt lat="12.9066570" lon="77.6314740">
    <ele>886.3</ele>
    <time>2026-07-04T14:19:01Z</time>
   </trkpt>
   <trkpt lat="12.9066570" lon="77.6314410">
    <ele>886.3</ele>
    <time>2026-07-04T14:19:02Z</time>
   </trkpt>
   <trkpt lat="12.9066570" lon="77.6314160">
    <ele>886.3</ele>
    <time>2026-07-04T14:19:03Z</time>
   </trkpt>
   <trkpt lat="12.9066530" lon="77.6313860">
    <ele>886.4</ele>
    <time>2026-07-04T14:19:04Z</time>
   </trkpt>
   <trkpt lat="12.9066490" lon="77.6313620">
    <ele>886.4</ele>
    <time>2026-07-04T14:19:05Z</time>
   </trkpt>
   <trkpt lat="12.9066430" lon="77.6313300">
    <ele>886.5</ele>
    <time>2026-07-04T14:19:06Z</time>
   </trkpt>
   <trkpt lat="12.9066460" lon="77.6312970">
    <ele>886.5</ele>
    <time>2026-07-04T14:19:07Z</time>
   </trkpt>
   <trkpt lat="12.9066420" lon="77.6312710">
    <ele>886.6</ele>
    <time>2026-07-04T14:19:08Z</time>
   </trkpt>
   <trkpt lat="12.9066390" lon="77.6312410">
    <ele>886.7</ele>
    <time>2026-07-04T14:19:09Z</time>
   </trkpt>
   <trkpt lat="12.9066300" lon="77.6312160">
    <ele>886.7</ele>
    <time>2026-07-04T14:19:10Z</time>
   </trkpt>
   <trkpt lat="12.9066220" lon="77.6311870">
    <ele>886.8</ele>
    <time>2026-07-04T14:19:11Z</time>
   </trkpt>
   <trkpt lat="12.9066180" lon="77.6311590">
    <ele>886.9</ele>
    <time>2026-07-04T14:19:12Z</time>
   </trkpt>
   <trkpt lat="12.9066130" lon="77.6311340">
    <ele>886.9</ele>
    <time>2026-07-04T14:19:13Z</time>
   </trkpt>
   <trkpt lat="12.9066030" lon="77.6310820">
    <ele>887.0</ele>
    <time>2026-07-04T14:19:14Z</time>
   </trkpt>
   <trkpt lat="12.9065960" lon="77.6310560">
    <ele>887.1</ele>
    <time>2026-07-04T14:19:15Z</time>
   </trkpt>
   <trkpt lat="12.9065860" lon="77.6310280">
    <ele>887.2</ele>
    <time>2026-07-04T14:19:16Z</time>
   </trkpt>
   <trkpt lat="12.9065850" lon="77.6310010">
    <ele>887.2</ele>
    <time>2026-07-04T14:19:17Z</time>
   </trkpt>
   <trkpt lat="12.9065920" lon="77.6309730">
    <ele>887.3</ele>
    <time>2026-07-04T14:19:18Z</time>
   </trkpt>
   <trkpt lat="12.9065840" lon="77.6309450">
    <ele>887.4</ele>
    <time>2026-07-04T14:19:19Z</time>
   </trkpt>
   <trkpt lat="12.9065770" lon="77.6309170">
    <ele>887.4</ele>
    <time>2026-07-04T14:19:20Z</time>
   </trkpt>
   <trkpt lat="12.9065800" lon="77.6308860">
    <ele>887.5</ele>
    <time>2026-07-04T14:19:21Z</time>
   </trkpt>
   <trkpt lat="12.9065760" lon="77.6308570">
    <ele>887.6</ele>
    <time>2026-07-04T14:19:22Z</time>
   </trkpt>
   <trkpt lat="12.9065790" lon="77.6308260">
    <ele>887.6</ele>
    <time>2026-07-04T14:19:23Z</time>
   </trkpt>
   <trkpt lat="12.9065780" lon="77.6308030">
    <ele>887.7</ele>
    <time>2026-07-04T14:19:24Z</time>
   </trkpt>
   <trkpt lat="12.9065830" lon="77.6307780">
    <ele>887.7</ele>
    <time>2026-07-04T14:19:25Z</time>
   </trkpt>
   <trkpt lat="12.9065850" lon="77.6307500">
    <ele>887.8</ele>
    <time>2026-07-04T14:19:26Z</time>
   </trkpt>
   <trkpt lat="12.9065800" lon="77.6307290">
    <ele>887.8</ele>
    <time>2026-07-04T14:19:27Z</time>
   </trkpt>
   <trkpt lat="12.9065690" lon="77.6307060">
    <ele>887.9</ele>
    <time>2026-07-04T14:19:28Z</time>
   </trkpt>
   <trkpt lat="12.9065620" lon="77.6306780">
    <ele>888.0</ele>
    <time>2026-07-04T14:19:29Z</time>
   </trkpt>
   <trkpt lat="12.9065570" lon="77.6306460">
    <ele>888.0</ele>
    <time>2026-07-04T14:19:30Z</time>
   </trkpt>
   <trkpt lat="12.9065510" lon="77.6306210">
    <ele>888.1</ele>
    <time>2026-07-04T14:19:31Z</time>
   </trkpt>
   <trkpt lat="12.9065460" lon="77.6305930">
    <ele>888.1</ele>
    <time>2026-07-04T14:19:32Z</time>
   </trkpt>
   <trkpt lat="12.9065460" lon="77.6305640">
    <ele>888.2</ele>
    <time>2026-07-04T14:19:33Z</time>
   </trkpt>
   <trkpt lat="12.9065430" lon="77.6305370">
    <ele>888.2</ele>
    <time>2026-07-04T14:19:34Z</time>
   </trkpt>
   <trkpt lat="12.9065390" lon="77.6305070">
    <ele>888.3</ele>
    <time>2026-07-04T14:19:35Z</time>
   </trkpt>
   <trkpt lat="12.9065380" lon="77.6304780">
    <ele>888.4</ele>
    <time>2026-07-04T14:19:36Z</time>
   </trkpt>
   <trkpt lat="12.9065310" lon="77.6304580">
    <ele>888.4</ele>
    <time>2026-07-04T14:19:37Z</time>
   </trkpt>
   <trkpt lat="12.9065380" lon="77.6304250">
    <ele>888.5</ele>
    <time>2026-07-04T14:19:38Z</time>
   </trkpt>
   <trkpt lat="12.9065300" lon="77.6303980">
    <ele>888.6</ele>
    <time>2026-07-04T14:19:39Z</time>
   </trkpt>
   <trkpt lat="12.9065270" lon="77.6303730">
    <ele>888.6</ele>
    <time>2026-07-04T14:19:40Z</time>
   </trkpt>
   <trkpt lat="12.9065310" lon="77.6303460">
    <ele>888.7</ele>
    <time>2026-07-04T14:19:41Z</time>
   </trkpt>
   <trkpt lat="12.9065220" lon="77.6303220">
    <ele>888.8</ele>
    <time>2026-07-04T14:19:42Z</time>
   </trkpt>
   <trkpt lat="12.9065180" lon="77.6302970">
    <ele>888.8</ele>
    <time>2026-07-04T14:19:43Z</time>
   </trkpt>
   <trkpt lat="12.9065170" lon="77.6302750">
    <ele>888.9</ele>
    <time>2026-07-04T14:19:44Z</time>
   </trkpt>
   <trkpt lat="12.9065150" lon="77.6302580">
    <ele>888.9</ele>
    <time>2026-07-04T14:19:45Z</time>
   </trkpt>
   <trkpt lat="12.9065120" lon="77.6302470">
    <ele>889.0</ele>
    <time>2026-07-04T14:19:46Z</time>
   </trkpt>
   <trkpt lat="12.9065080" lon="77.6302430">
    <ele>889.0</ele>
    <time>2026-07-04T14:19:47Z</time>
   </trkpt>
   <trkpt lat="12.9065100" lon="77.6302470">
    <ele>889.0</ele>
    <time>2026-07-04T14:19:48Z</time>
   </trkpt>
   <trkpt lat="12.9065090" lon="77.6302460">
    <ele>889.0</ele>
    <time>2026-07-04T14:19:49Z</time>
   </trkpt>
   <trkpt lat="12.9065100" lon="77.6302470">
    <ele>889.0</ele>
    <time>2026-07-04T14:19:50Z</time>
   </trkpt>
   <trkpt lat="12.9065070" lon="77.6302420">
    <ele>889.0</ele>
    <time>2026-07-04T14:19:51Z</time>
   </trkpt>
   <trkpt lat="12.9065100" lon="77.6302390">
    <ele>889.0</ele>
    <time>2026-07-04T14:19:52Z</time>
   </trkpt>
   <trkpt lat="12.9065070" lon="77.6302390">
    <ele>889.0</ele>
    <time>2026-07-04T14:19:53Z</time>
   </trkpt>
   <trkpt lat="12.9065040" lon="77.6302290">
    <ele>889.1</ele>
    <time>2026-07-04T14:19:54Z</time>
   </trkpt>
   <trkpt lat="12.9065030" lon="77.6302240">
    <ele>889.1</ele>
    <time>2026-07-04T14:19:55Z</time>
   </trkpt>
   <trkpt lat="12.9065020" lon="77.6302170">
    <ele>889.1</ele>
    <time>2026-07-04T14:19:56Z</time>
   </trkpt>
   <trkpt lat="12.9065050" lon="77.6302170">
    <ele>889.1</ele>
    <time>2026-07-04T14:19:57Z</time>
   </trkpt>
   <trkpt lat="12.9065050" lon="77.6302180">
    <ele>889.1</ele>
    <time>2026-07-04T14:19:58Z</time>
   </trkpt>
   <trkpt lat="12.9065020" lon="77.6302100">
    <ele>889.1</ele>
    <time>2026-07-04T14:19:59Z</time>
   </trkpt>
   <trkpt lat="12.9065000" lon="77.6302040">
    <ele>889.1</ele>
    <time>2026-07-04T14:20:00Z</time>
   </trkpt>
   <trkpt lat="12.9064990" lon="77.6301900">
    <ele>889.2</ele>
    <time>2026-07-04T14:20:01Z</time>
   </trkpt>
   <trkpt lat="12.9065000" lon="77.6301800">
    <ele>889.2</ele>
    <time>2026-07-04T14:20:02Z</time>
   </trkpt>
   <trkpt lat="12.9065010" lon="77.6301710">
    <ele>889.2</ele>
    <time>2026-07-04T14:20:03Z</time>
   </trkpt>
   <trkpt lat="12.9064990" lon="77.6301630">
    <ele>889.3</ele>
    <time>2026-07-04T14:20:04Z</time>
   </trkpt>
   <trkpt lat="12.9064980" lon="77.6301530">
    <ele>889.3</ele>
    <time>2026-07-04T14:20:05Z</time>
   </trkpt>
   <trkpt lat="12.9064950" lon="77.6301410">
    <ele>889.3</ele>
    <time>2026-07-04T14:20:06Z</time>
   </trkpt>
   <trkpt lat="12.9064930" lon="77.6301280">
    <ele>889.4</ele>
    <time>2026-07-04T14:20:07Z</time>
   </trkpt>
   <trkpt lat="12.9064890" lon="77.6301170">
    <ele>889.4</ele>
    <time>2026-07-04T14:20:08Z</time>
   </trkpt>
   <trkpt lat="12.9064880" lon="77.6301040">
    <ele>889.4</ele>
    <time>2026-07-04T14:20:09Z</time>
   </trkpt>
   <trkpt lat="12.9064850" lon="77.6300940">
    <ele>889.5</ele>
    <time>2026-07-04T14:20:10Z</time>
   </trkpt>
   <trkpt lat="12.9064850" lon="77.6300810">
    <ele>889.5</ele>
    <time>2026-07-04T14:20:11Z</time>
   </trkpt>
   <trkpt lat="12.9064860" lon="77.6300700">
    <ele>889.6</ele>
    <time>2026-07-04T14:20:12Z</time>
   </trkpt>
   <trkpt lat="12.9064870" lon="77.6300540">
    <ele>889.6</ele>
    <time>2026-07-04T14:20:13Z</time>
   </trkpt>
   <trkpt lat="12.9064890" lon="77.6300420">
    <ele>889.7</ele>
    <time>2026-07-04T14:20:14Z</time>
   </trkpt>
   <trkpt lat="12.9064870" lon="77.6300290">
    <ele>889.7</ele>
    <time>2026-07-04T14:20:15Z</time>
   </trkpt>
   <trkpt lat="12.9064840" lon="77.6300160">
    <ele>889.7</ele>
    <time>2026-07-04T14:20:16Z</time>
   </trkpt>
   <trkpt lat="12.9064850" lon="77.6300050">
    <ele>889.8</ele>
    <time>2026-07-04T14:20:17Z</time>
   </trkpt>
   <trkpt lat="12.9064820" lon="77.6299940">
    <ele>889.8</ele>
    <time>2026-07-04T14:20:18Z</time>
   </trkpt>
   <trkpt lat="12.9064780" lon="77.6299790">
    <ele>889.9</ele>
    <time>2026-07-04T14:20:19Z</time>
   </trkpt>
   <trkpt lat="12.9064770" lon="77.6299670">
    <ele>889.9</ele>
    <time>2026-07-04T14:20:20Z</time>
   </trkpt>
   <trkpt lat="12.9064730" lon="77.6299570">
    <ele>890.0</ele>
    <time>2026-07-04T14:20:21Z</time>
   </trkpt>
   <trkpt lat="12.9064760" lon="77.6299420">
    <ele>890.0</ele>
    <time>2026-07-04T14:20:22Z</time>
   </trkpt>
   <trkpt lat="12.9064720" lon="77.6299320">
    <ele>890.0</ele>
    <time>2026-07-04T14:20:23Z</time>
   </trkpt>
   <trkpt lat="12.9064670" lon="77.6299190">
    <ele>890.1</ele>
    <time>2026-07-04T14:20:24Z</time>
   </trkpt>
   <trkpt lat="12.9064640" lon="77.6299080">
    <ele>890.1</ele>
    <time>2026-07-04T14:20:25Z</time>
   </trkpt>
   <trkpt lat="12.9064600" lon="77.6298950">
    <ele>890.2</ele>
    <time>2026-07-04T14:20:26Z</time>
   </trkpt>
   <trkpt lat="12.9064600" lon="77.6298820">
    <ele>890.2</ele>
    <time>2026-07-04T14:20:27Z</time>
   </trkpt>
   <trkpt lat="12.9064580" lon="77.6298650">
    <ele>890.3</ele>
    <time>2026-07-04T14:20:28Z</time>
   </trkpt>
   <trkpt lat="12.9064520" lon="77.6298520">
    <ele>890.3</ele>
    <time>2026-07-04T14:20:29Z</time>
   </trkpt>
   <trkpt lat="12.9064530" lon="77.6298330">
    <ele>890.4</ele>
    <time>2026-07-04T14:20:30Z</time>
   </trkpt>
   <trkpt lat="12.9064550" lon="77.6298210">
    <ele>890.4</ele>
    <time>2026-07-04T14:20:31Z</time>
   </trkpt>
   <trkpt lat="12.9064490" lon="77.6298070">
    <ele>890.5</ele>
    <time>2026-07-04T14:20:32Z</time>
   </trkpt>
   <trkpt lat="12.9064500" lon="77.6297950">
    <ele>890.5</ele>
    <time>2026-07-04T14:20:33Z</time>
   </trkpt>
   <trkpt lat="12.9064480" lon="77.6297830">
    <ele>890.6</ele>
    <time>2026-07-04T14:20:34Z</time>
   </trkpt>
   <trkpt lat="12.9064440" lon="77.6297760">
    <ele>890.6</ele>
    <time>2026-07-04T14:20:35Z</time>
   </trkpt>
   <trkpt lat="12.9064370" lon="77.6297650">
    <ele>890.7</ele>
    <time>2026-07-04T14:20:36Z</time>
   </trkpt>
   <trkpt lat="12.9064300" lon="77.6297520">
    <ele>890.7</ele>
    <time>2026-07-04T14:20:37Z</time>
   </trkpt>
   <trkpt lat="12.9064230" lon="77.6297450">
    <ele>890.8</ele>
    <time>2026-07-04T14:20:38Z</time>
   </trkpt>
   <trkpt lat="12.9064220" lon="77.6297420">
    <ele>890.8</ele>
    <time>2026-07-04T14:20:39Z</time>
   </trkpt>
   <trkpt lat="12.9064140" lon="77.6297440">
    <ele>890.8</ele>
    <time>2026-07-04T14:20:40Z</time>
   </trkpt>
   <trkpt lat="12.9064150" lon="77.6297420">
    <ele>890.8</ele>
    <time>2026-07-04T14:20:41Z</time>
   </trkpt>
   <trkpt lat="12.9064090" lon="77.6297370">
    <ele>890.8</ele>
    <time>2026-07-04T14:20:42Z</time>
   </trkpt>
   <trkpt lat="12.9064100" lon="77.6297410">
    <ele>890.9</ele>
    <time>2026-07-04T14:20:43Z</time>
   </trkpt>
   <trkpt lat="12.9064100" lon="77.6297410">
    <ele>890.9</ele>
    <time>2026-07-04T14:20:44Z</time>
   </trkpt>
   <trkpt lat="12.9064100" lon="77.6297410">
    <ele>890.9</ele>
    <time>2026-07-04T14:20:45Z</time>
   </trkpt>
   <trkpt lat="12.9064070" lon="77.6297270">
    <ele>890.9</ele>
    <time>2026-07-04T14:20:46Z</time>
   </trkpt>
   <trkpt lat="12.9064030" lon="77.6297200">
    <ele>890.9</ele>
    <time>2026-07-04T14:20:47Z</time>
   </trkpt>
   <trkpt lat="12.9063970" lon="77.6297070">
    <ele>891.0</ele>
    <time>2026-07-04T14:20:48Z</time>
   </trkpt>
   <trkpt lat="12.9063970" lon="77.6296920">
    <ele>891.0</ele>
    <time>2026-07-04T14:20:49Z</time>
   </trkpt>
   <trkpt lat="12.9063950" lon="77.6296790">
    <ele>891.1</ele>
    <time>2026-07-04T14:20:50Z</time>
   </trkpt>
   <trkpt lat="12.9063960" lon="77.6296720">
    <ele>891.1</ele>
    <time>2026-07-04T14:20:51Z</time>
   </trkpt>
   <trkpt lat="12.9063940" lon="77.6296660">
    <ele>891.1</ele>
    <time>2026-07-04T14:20:52Z</time>
   </trkpt>
   <trkpt lat="12.9063940" lon="77.6296520">
    <ele>891.2</ele>
    <time>2026-07-04T14:20:53Z</time>
   </trkpt>
   <trkpt lat="12.9063960" lon="77.6296420">
    <ele>891.2</ele>
    <time>2026-07-04T14:20:54Z</time>
   </trkpt>
   <trkpt lat="12.9063990" lon="77.6296330">
    <ele>891.2</ele>
    <time>2026-07-04T14:20:55Z</time>
   </trkpt>
   <trkpt lat="12.9063960" lon="77.6296210">
    <ele>891.2</ele>
    <time>2026-07-04T14:20:56Z</time>
   </trkpt>
   <trkpt lat="12.9063940" lon="77.6296120">
    <ele>891.2</ele>
    <time>2026-07-04T14:20:58Z</time>
   </trkpt>
   <trkpt lat="12.9063900" lon="77.6296070">
    <ele>891.2</ele>
    <time>2026-07-04T14:20:59Z</time>
   </trkpt>
   <trkpt lat="12.9063860" lon="77.6296070">
    <ele>891.2</ele>
    <time>2026-07-04T14:21:00Z</time>
   </trkpt>
   <trkpt lat="12.9063840" lon="77.6296040">
    <ele>891.2</ele>
    <time>2026-07-04T14:21:01Z</time>
   </trkpt>
   <trkpt lat="12.9063820" lon="77.6295960">
    <ele>891.3</ele>
    <time>2026-07-04T14:21:02Z</time>
   </trkpt>
   <trkpt lat="12.9063800" lon="77.6295910">
    <ele>891.3</ele>
    <time>2026-07-04T14:21:03Z</time>
   </trkpt>
   <trkpt lat="12.9063790" lon="77.6295920">
    <ele>891.3</ele>
    <time>2026-07-04T14:21:04Z</time>
   </trkpt>
   <trkpt lat="12.9063760" lon="77.6295940">
    <ele>891.3</ele>
    <time>2026-07-04T14:21:05Z</time>
   </trkpt>
   <trkpt lat="12.9063750" lon="77.6295950">
    <ele>891.3</ele>
    <time>2026-07-04T14:21:06Z</time>
   </trkpt>
   <trkpt lat="12.9063730" lon="77.6295960">
    <ele>891.3</ele>
    <time>2026-07-04T14:21:07Z</time>
   </trkpt>
   <trkpt lat="12.9063720" lon="77.6295970">
    <ele>891.3</ele>
    <time>2026-07-04T14:21:08Z</time>
   </trkpt>
   <trkpt lat="12.9063730" lon="77.6295980">
    <ele>891.3</ele>
    <time>2026-07-04T14:21:09Z</time>
   </trkpt>
   <trkpt lat="12.9063730" lon="77.6295980">
    <ele>891.3</ele>
    <time>2026-07-04T14:21:10Z</time>
   </trkpt>
   <trkpt lat="12.9063720" lon="77.6295990">
    <ele>891.3</ele>
    <time>2026-07-04T14:21:11Z</time>
   </trkpt>
   <trkpt lat="12.9063710" lon="77.6295990">
    <ele>891.3</ele>
    <time>2026-07-04T14:21:12Z</time>
   </trkpt>
   <trkpt lat="12.9064150" lon="77.6295620">
    <ele>891.3</ele>
    <time>2026-07-04T14:21:52Z</time>
   </trkpt>
   <trkpt lat="12.9064230" lon="77.6295560">
    <ele>891.3</ele>
    <time>2026-07-04T14:21:53Z</time>
   </trkpt>
   <trkpt lat="12.9064310" lon="77.6295520">
    <ele>891.3</ele>
    <time>2026-07-04T14:21:54Z</time>
   </trkpt>
   <trkpt lat="12.9064380" lon="77.6295460">
    <ele>891.3</ele>
    <time>2026-07-04T14:21:55Z</time>
   </trkpt>
   <trkpt lat="12.9064420" lon="77.6295400">
    <ele>891.3</ele>
    <time>2026-07-04T14:21:56Z</time>
   </trkpt>
   <trkpt lat="12.9064460" lon="77.6295350">
    <ele>891.3</ele>
    <time>2026-07-04T14:21:57Z</time>
   </trkpt>
   <trkpt lat="12.9064530" lon="77.6295270">
    <ele>891.3</ele>
    <time>2026-07-04T14:21:58Z</time>
   </trkpt>
   <trkpt lat="12.9064620" lon="77.6295240">
    <ele>891.3</ele>
    <time>2026-07-04T14:21:59Z</time>
   </trkpt>
   <trkpt lat="12.9064770" lon="77.6295210">
    <ele>891.3</ele>
    <time>2026-07-04T14:22:00Z</time>
   </trkpt>
   <trkpt lat="12.9064920" lon="77.6295150">
    <ele>891.3</ele>
    <time>2026-07-04T14:22:01Z</time>
   </trkpt>
   <trkpt lat="12.9064980" lon="77.6295100">
    <ele>891.3</ele>
    <time>2026-07-04T14:22:02Z</time>
   </trkpt>
   <trkpt lat="12.9065080" lon="77.6295000">
    <ele>891.3</ele>
    <time>2026-07-04T14:22:03Z</time>
   </trkpt>
   <trkpt lat="12.9065140" lon="77.6294930">
    <ele>891.3</ele>
    <time>2026-07-04T14:22:04Z</time>
   </trkpt>
   <trkpt lat="12.9065270" lon="77.6294820">
    <ele>891.3</ele>
    <time>2026-07-04T14:22:05Z</time>
   </trkpt>
   <trkpt lat="12.9065290" lon="77.6294780">
    <ele>891.3</ele>
    <time>2026-07-04T14:22:06Z</time>
   </trkpt>
   <trkpt lat="12.9065430" lon="77.6294700">
    <ele>891.3</ele>
    <time>2026-07-04T14:22:07Z</time>
   </trkpt>
   <trkpt lat="12.9065500" lon="77.6294650">
    <ele>891.2</ele>
    <time>2026-07-04T14:22:08Z</time>
   </trkpt>
   <trkpt lat="12.9065650" lon="77.6294580">
    <ele>891.2</ele>
    <time>2026-07-04T14:22:09Z</time>
   </trkpt>
   <trkpt lat="12.9065780" lon="77.6294540">
    <ele>891.2</ele>
    <time>2026-07-04T14:22:10Z</time>
   </trkpt>
   <trkpt lat="12.9065920" lon="77.6294490">
    <ele>891.2</ele>
    <time>2026-07-04T14:22:11Z</time>
   </trkpt>
   <trkpt lat="12.9066010" lon="77.6294420">
    <ele>891.2</ele>
    <time>2026-07-04T14:22:12Z</time>
   </trkpt>
   <trkpt lat="12.9066110" lon="77.6294340">
    <ele>891.2</ele>
    <time>2026-07-04T14:22:13Z</time>
   </trkpt>
   <trkpt lat="12.9066210" lon="77.6294260">
    <ele>891.2</ele>
    <time>2026-07-04T14:22:14Z</time>
   </trkpt>
   <trkpt lat="12.9066230" lon="77.6294250">
    <ele>891.2</ele>
    <time>2026-07-04T14:22:15Z</time>
   </trkpt>
   <trkpt lat="12.9066380" lon="77.6294140">
    <ele>891.2</ele>
    <time>2026-07-04T14:22:16Z</time>
   </trkpt>
   <trkpt lat="12.9066490" lon="77.6294090">
    <ele>891.2</ele>
    <time>2026-07-04T14:22:17Z</time>
   </trkpt>
   <trkpt lat="12.9066570" lon="77.6294050">
    <ele>891.2</ele>
    <time>2026-07-04T14:22:18Z</time>
   </trkpt>
   <trkpt lat="12.9066690" lon="77.6293980">
    <ele>891.2</ele>
    <time>2026-07-04T14:22:19Z</time>
   </trkpt>
   <trkpt lat="12.9066760" lon="77.6293910">
    <ele>891.2</ele>
    <time>2026-07-04T14:22:20Z</time>
   </trkpt>
   <trkpt lat="12.9066870" lon="77.6293880">
    <ele>891.2</ele>
    <time>2026-07-04T14:22:21Z</time>
   </trkpt>
   <trkpt lat="12.9066990" lon="77.6293800">
    <ele>891.2</ele>
    <time>2026-07-04T14:22:22Z</time>
   </trkpt>
   <trkpt lat="12.9067070" lon="77.6293750">
    <ele>891.2</ele>
    <time>2026-07-04T14:22:23Z</time>
   </trkpt>
   <trkpt lat="12.9067170" lon="77.6293690">
    <ele>891.2</ele>
    <time>2026-07-04T14:22:24Z</time>
   </trkpt>
   <trkpt lat="12.9067300" lon="77.6293610">
    <ele>891.1</ele>
    <time>2026-07-04T14:22:25Z</time>
   </trkpt>
   <trkpt lat="12.9067390" lon="77.6293540">
    <ele>891.1</ele>
    <time>2026-07-04T14:22:26Z</time>
   </trkpt>
   <trkpt lat="12.9067460" lon="77.6293460">
    <ele>891.1</ele>
    <time>2026-07-04T14:22:27Z</time>
   </trkpt>
   <trkpt lat="12.9067570" lon="77.6293370">
    <ele>891.1</ele>
    <time>2026-07-04T14:22:28Z</time>
   </trkpt>
   <trkpt lat="12.9067680" lon="77.6293330">
    <ele>891.1</ele>
    <time>2026-07-04T14:22:29Z</time>
   </trkpt>
   <trkpt lat="12.9067780" lon="77.6293320">
    <ele>891.1</ele>
    <time>2026-07-04T14:22:30Z</time>
   </trkpt>
   <trkpt lat="12.9067920" lon="77.6293260">
    <ele>891.1</ele>
    <time>2026-07-04T14:22:31Z</time>
   </trkpt>
   <trkpt lat="12.9068080" lon="77.6293220">
    <ele>891.1</ele>
    <time>2026-07-04T14:22:32Z</time>
   </trkpt>
   <trkpt lat="12.9068090" lon="77.6293250">
    <ele>891.0</ele>
    <time>2026-07-04T14:22:33Z</time>
   </trkpt>
   <trkpt lat="12.9068240" lon="77.6293220">
    <ele>891.0</ele>
    <time>2026-07-04T14:22:34Z</time>
   </trkpt>
   <trkpt lat="12.9068340" lon="77.6293220">
    <ele>891.0</ele>
    <time>2026-07-04T14:22:35Z</time>
   </trkpt>
   <trkpt lat="12.9068390" lon="77.6293210">
    <ele>891.0</ele>
    <time>2026-07-04T14:22:36Z</time>
   </trkpt>
   <trkpt lat="12.9068460" lon="77.6293200">
    <ele>891.0</ele>
    <time>2026-07-04T14:22:37Z</time>
   </trkpt>
   <trkpt lat="12.9068500" lon="77.6293150">
    <ele>891.0</ele>
    <time>2026-07-04T14:22:38Z</time>
   </trkpt>
   <trkpt lat="12.9068560" lon="77.6293150">
    <ele>891.0</ele>
    <time>2026-07-04T14:22:39Z</time>
   </trkpt>
   <trkpt lat="12.9068560" lon="77.6293170">
    <ele>891.0</ele>
    <time>2026-07-04T14:22:40Z</time>
   </trkpt>
   <trkpt lat="12.9068550" lon="77.6293170">
    <ele>891.0</ele>
    <time>2026-07-04T14:22:41Z</time>
   </trkpt>
   <trkpt lat="12.9068550" lon="77.6293170">
    <ele>891.0</ele>
    <time>2026-07-04T14:22:42Z</time>
   </trkpt>
   <trkpt lat="12.9068550" lon="77.6293170">
    <ele>891.0</ele>
    <time>2026-07-04T14:22:43Z</time>
   </trkpt>
   <trkpt lat="12.9068570" lon="77.6293160">
    <ele>891.0</ele>
    <time>2026-07-04T14:22:44Z</time>
   </trkpt>
   <trkpt lat="12.9068570" lon="77.6293160">
    <ele>891.0</ele>
    <time>2026-07-04T14:22:45Z</time>
   </trkpt>
   <trkpt lat="12.9068570" lon="77.6293160">
    <ele>891.0</ele>
    <time>2026-07-04T14:22:46Z</time>
   </trkpt>
   <trkpt lat="12.9068880" lon="77.6292910">
    <ele>891.0</ele>
    <time>2026-07-04T14:22:51Z</time>
   </trkpt>
   <trkpt lat="12.9068990" lon="77.6292870">
    <ele>890.9</ele>
    <time>2026-07-04T14:22:52Z</time>
   </trkpt>
   <trkpt lat="12.9069110" lon="77.6292820">
    <ele>890.9</ele>
    <time>2026-07-04T14:22:53Z</time>
   </trkpt>
   <trkpt lat="12.9069220" lon="77.6292830">
    <ele>890.9</ele>
    <time>2026-07-04T14:22:54Z</time>
   </trkpt>
   <trkpt lat="12.9069320" lon="77.6292810">
    <ele>890.9</ele>
    <time>2026-07-04T14:22:55Z</time>
   </trkpt>
   <trkpt lat="12.9069350" lon="77.6292740">
    <ele>890.9</ele>
    <time>2026-07-04T14:22:56Z</time>
   </trkpt>
   <trkpt lat="12.9069420" lon="77.6292650">
    <ele>890.9</ele>
    <time>2026-07-04T14:22:57Z</time>
   </trkpt>
   <trkpt lat="12.9069520" lon="77.6292540">
    <ele>890.9</ele>
    <time>2026-07-04T14:22:58Z</time>
   </trkpt>
   <trkpt lat="12.9069620" lon="77.6292510">
    <ele>890.9</ele>
    <time>2026-07-04T14:22:59Z</time>
   </trkpt>
   <trkpt lat="12.9069720" lon="77.6292460">
    <ele>890.8</ele>
    <time>2026-07-04T14:23:00Z</time>
   </trkpt>
   <trkpt lat="12.9069770" lon="77.6292410">
    <ele>890.8</ele>
    <time>2026-07-04T14:23:01Z</time>
   </trkpt>
   <trkpt lat="12.9069920" lon="77.6292350">
    <ele>890.8</ele>
    <time>2026-07-04T14:23:02Z</time>
   </trkpt>
   <trkpt lat="12.9070010" lon="77.6292350">
    <ele>890.8</ele>
    <time>2026-07-04T14:23:04Z</time>
   </trkpt>
   <trkpt lat="12.9070170" lon="77.6292320">
    <ele>890.8</ele>
    <time>2026-07-04T14:23:05Z</time>
   </trkpt>
   <trkpt lat="12.9070290" lon="77.6292270">
    <ele>890.8</ele>
    <time>2026-07-04T14:23:06Z</time>
   </trkpt>
   <trkpt lat="12.9070410" lon="77.6292230">
    <ele>890.8</ele>
    <time>2026-07-04T14:23:07Z</time>
   </trkpt>
   <trkpt lat="12.9070480" lon="77.6292190">
    <ele>890.8</ele>
    <time>2026-07-04T14:23:08Z</time>
   </trkpt>
   <trkpt lat="12.9070500" lon="77.6292170">
    <ele>890.8</ele>
    <time>2026-07-04T14:23:09Z</time>
   </trkpt>
   <trkpt lat="12.9070520" lon="77.6292130">
    <ele>890.8</ele>
    <time>2026-07-04T14:23:10Z</time>
   </trkpt>
   <trkpt lat="12.9070470" lon="77.6292150">
    <ele>890.8</ele>
    <time>2026-07-04T14:23:11Z</time>
   </trkpt>
   <trkpt lat="12.9070470" lon="77.6292150">
    <ele>890.8</ele>
    <time>2026-07-04T14:23:12Z</time>
   </trkpt>
   <trkpt lat="12.9070470" lon="77.6292150">
    <ele>890.8</ele>
    <time>2026-07-04T14:23:13Z</time>
   </trkpt>
   <trkpt lat="12.9070470" lon="77.6292150">
    <ele>890.8</ele>
    <time>2026-07-04T14:23:14Z</time>
   </trkpt>
   <trkpt lat="12.9070470" lon="77.6292150">
    <ele>890.8</ele>
    <time>2026-07-04T14:23:15Z</time>
   </trkpt>
   <trkpt lat="12.9070470" lon="77.6292150">
    <ele>890.8</ele>
    <time>2026-07-04T14:23:16Z</time>
   </trkpt>
   <trkpt lat="12.9070470" lon="77.6292150">
    <ele>890.8</ele>
    <time>2026-07-04T14:23:17Z</time>
   </trkpt>
   <trkpt lat="12.9070430" lon="77.6291700">
    <ele>890.8</ele>
    <time>2026-07-04T14:23:24Z</time>
   </trkpt>
   <trkpt lat="12.9070470" lon="77.6291540">
    <ele>890.8</ele>
    <time>2026-07-04T14:23:25Z</time>
   </trkpt>
   <trkpt lat="12.9070500" lon="77.6291350">
    <ele>890.6</ele>
    <time>2026-07-04T14:23:26Z</time>
   </trkpt>
   <trkpt lat="12.9070490" lon="77.6291320">
    <ele>890.6</ele>
    <time>2026-07-04T14:23:27Z</time>
   </trkpt>
   <trkpt lat="12.9070490" lon="77.6291350">
    <ele>890.6</ele>
    <time>2026-07-04T14:23:28Z</time>
   </trkpt>
   <trkpt lat="12.9070490" lon="77.6291350">
    <ele>890.6</ele>
    <time>2026-07-04T14:23:29Z</time>
   </trkpt>
   <trkpt lat="12.9070510" lon="77.6291280">
    <ele>890.6</ele>
    <time>2026-07-04T14:23:30Z</time>
   </trkpt>
   <trkpt lat="12.9070470" lon="77.6291290">
    <ele>890.6</ele>
    <time>2026-07-04T14:23:31Z</time>
   </trkpt>
   <trkpt lat="12.9070430" lon="77.6291270">
    <ele>890.6</ele>
    <time>2026-07-04T14:23:32Z</time>
   </trkpt>
   <trkpt lat="12.9070400" lon="77.6291250">
    <ele>890.6</ele>
    <time>2026-07-04T14:23:33Z</time>
   </trkpt>
   <trkpt lat="12.9070390" lon="77.6291250">
    <ele>890.6</ele>
    <time>2026-07-04T14:23:34Z</time>
   </trkpt>
   <trkpt lat="12.9070380" lon="77.6291220">
    <ele>890.6</ele>
    <time>2026-07-04T14:23:35Z</time>
   </trkpt>
   <trkpt lat="12.9070390" lon="77.6291150">
    <ele>890.6</ele>
    <time>2026-07-04T14:23:36Z</time>
   </trkpt>
   <trkpt lat="12.9070810" lon="77.6290400">
    <ele>890.1</ele>
    <time>2026-07-04T14:24:50Z</time>
   </trkpt>
   <trkpt lat="12.9070940" lon="77.6290240">
    <ele>890.1</ele>
    <time>2026-07-04T14:24:51Z</time>
   </trkpt>
   <trkpt lat="12.9071080" lon="77.6290100">
    <ele>890.1</ele>
    <time>2026-07-04T14:24:52Z</time>
   </trkpt>
   <trkpt lat="12.9071170" lon="77.6289910">
    <ele>889.8</ele>
    <time>2026-07-04T14:24:53Z</time>
   </trkpt>
   <trkpt lat="12.9071150" lon="77.6289660">
    <ele>889.8</ele>
    <time>2026-07-04T14:24:54Z</time>
   </trkpt>
   <trkpt lat="12.9071180" lon="77.6289490">
    <ele>889.8</ele>
    <time>2026-07-04T14:24:55Z</time>
   </trkpt>
   <trkpt lat="12.9071170" lon="77.6289370">
    <ele>889.8</ele>
    <time>2026-07-04T14:24:56Z</time>
   </trkpt>
   <trkpt lat="12.9071100" lon="77.6289240">
    <ele>889.8</ele>
    <time>2026-07-04T14:24:57Z</time>
   </trkpt>
   <trkpt lat="12.9071070" lon="77.6289120">
    <ele>889.8</ele>
    <time>2026-07-04T14:24:58Z</time>
   </trkpt>
   <trkpt lat="12.9071140" lon="77.6288990">
    <ele>889.8</ele>
    <time>2026-07-04T14:24:59Z</time>
   </trkpt>
   <trkpt lat="12.9071220" lon="77.6288910">
    <ele>889.8</ele>
    <time>2026-07-04T14:25:00Z</time>
   </trkpt>
   <trkpt lat="12.9071190" lon="77.6288800">
    <ele>889.8</ele>
    <time>2026-07-04T14:25:01Z</time>
   </trkpt>
   <trkpt lat="12.9071270" lon="77.6288710">
    <ele>889.8</ele>
    <time>2026-07-04T14:25:02Z</time>
   </trkpt>
   <trkpt lat="12.9071350" lon="77.6288730">
    <ele>889.8</ele>
    <time>2026-07-04T14:25:03Z</time>
   </trkpt>
   <trkpt lat="12.9071490" lon="77.6288650">
    <ele>889.8</ele>
    <time>2026-07-04T14:25:04Z</time>
   </trkpt>
   <trkpt lat="12.9071580" lon="77.6288390">
    <ele>889.8</ele>
    <time>2026-07-04T14:25:05Z</time>
   </trkpt>
   <trkpt lat="12.9071550" lon="77.6288450">
    <ele>889.8</ele>
    <time>2026-07-04T14:25:06Z</time>
   </trkpt>
   <trkpt lat="12.9071700" lon="77.6288230">
    <ele>889.8</ele>
    <time>2026-07-04T14:25:07Z</time>
   </trkpt>
   <trkpt lat="12.9071830" lon="77.6287430">
    <ele>890.2</ele>
    <time>2026-07-04T14:25:08Z</time>
   </trkpt>
   <trkpt lat="12.9071650" lon="77.6287010">
    <ele>890.5</ele>
    <time>2026-07-04T14:25:09Z</time>
   </trkpt>
   <trkpt lat="12.9071390" lon="77.6286650">
    <ele>890.5</ele>
    <time>2026-07-04T14:25:10Z</time>
   </trkpt>
   <trkpt lat="12.9071260" lon="77.6286420">
    <ele>890.7</ele>
    <time>2026-07-04T14:25:11Z</time>
   </trkpt>
   <trkpt lat="12.9071310" lon="77.6286390">
    <ele>890.7</ele>
    <time>2026-07-04T14:25:12Z</time>
   </trkpt>
   <trkpt lat="12.9071270" lon="77.6286210">
    <ele>891.2</ele>
    <time>2026-07-04T14:25:13Z</time>
   </trkpt>
   <trkpt lat="12.9071200" lon="77.6286070">
    <ele>891.2</ele>
    <time>2026-07-04T14:25:14Z</time>
   </trkpt>
   <trkpt lat="12.9071260" lon="77.6285930">
    <ele>891.2</ele>
    <time>2026-07-04T14:25:15Z</time>
   </trkpt>
   <trkpt lat="12.9071450" lon="77.6285720">
    <ele>891.7</ele>
    <time>2026-07-04T14:25:16Z</time>
   </trkpt>
   <trkpt lat="12.9071520" lon="77.6285600">
    <ele>891.7</ele>
    <time>2026-07-04T14:25:17Z</time>
   </trkpt>
   <trkpt lat="12.9071610" lon="77.6285450">
    <ele>891.7</ele>
    <time>2026-07-04T14:25:18Z</time>
   </trkpt>
   <trkpt lat="12.9071650" lon="77.6285320">
    <ele>892.2</ele>
    <time>2026-07-04T14:25:19Z</time>
   </trkpt>
   <trkpt lat="12.9071760" lon="77.6285350">
    <ele>892.2</ele>
    <time>2026-07-04T14:25:20Z</time>
   </trkpt>
   <trkpt lat="12.9071680" lon="77.6285240">
    <ele>892.2</ele>
    <time>2026-07-04T14:25:21Z</time>
   </trkpt>
   <trkpt lat="12.9071800" lon="77.6285170">
    <ele>892.2</ele>
    <time>2026-07-04T14:25:22Z</time>
   </trkpt>
   <trkpt lat="12.9071910" lon="77.6285080">
    <ele>892.2</ele>
    <time>2026-07-04T14:25:23Z</time>
   </trkpt>
   <trkpt lat="12.9072060" lon="77.6284960">
    <ele>892.2</ele>
    <time>2026-07-04T14:25:24Z</time>
   </trkpt>
   <trkpt lat="12.9072200" lon="77.6284890">
    <ele>892.7</ele>
    <time>2026-07-04T14:25:25Z</time>
   </trkpt>
   <trkpt lat="12.9072360" lon="77.6284810">
    <ele>892.7</ele>
    <time>2026-07-04T14:25:26Z</time>
   </trkpt>
   <trkpt lat="12.9072510" lon="77.6284670">
    <ele>892.7</ele>
    <time>2026-07-04T14:25:27Z</time>
   </trkpt>
   <trkpt lat="12.9072670" lon="77.6284430">
    <ele>893.3</ele>
    <time>2026-07-04T14:25:28Z</time>
   </trkpt>
   <trkpt lat="12.9072820" lon="77.6284260">
    <ele>893.3</ele>
    <time>2026-07-04T14:25:29Z</time>
   </trkpt>
   <trkpt lat="12.9072980" lon="77.6284180">
    <ele>893.3</ele>
    <time>2026-07-04T14:25:30Z</time>
   </trkpt>
   <trkpt lat="12.9073160" lon="77.6284050">
    <ele>894.0</ele>
    <time>2026-07-04T14:25:31Z</time>
   </trkpt>
   <trkpt lat="12.9073300" lon="77.6283790">
    <ele>893.6</ele>
    <time>2026-07-04T14:25:32Z</time>
   </trkpt>
   <trkpt lat="12.9073480" lon="77.6283610">
    <ele>894.3</ele>
    <time>2026-07-04T14:25:33Z</time>
   </trkpt>
   <trkpt lat="12.9073720" lon="77.6283440">
    <ele>893.9</ele>
    <time>2026-07-04T14:25:34Z</time>
   </trkpt>
   <trkpt lat="12.9073910" lon="77.6283300">
    <ele>893.9</ele>
    <time>2026-07-04T14:25:35Z</time>
   </trkpt>
   <trkpt lat="12.9074190" lon="77.6283150">
    <ele>894.0</ele>
    <time>2026-07-04T14:25:36Z</time>
   </trkpt>
   <trkpt lat="12.9074470" lon="77.6282980">
    <ele>893.6</ele>
    <time>2026-07-04T14:25:37Z</time>
   </trkpt>
   <trkpt lat="12.9074730" lon="77.6282740">
    <ele>894.3</ele>
    <time>2026-07-04T14:25:38Z</time>
   </trkpt>
   <trkpt lat="12.9075040" lon="77.6282560">
    <ele>894.0</ele>
    <time>2026-07-04T14:25:39Z</time>
   </trkpt>
   <trkpt lat="12.9075320" lon="77.6282330">
    <ele>894.5</ele>
    <time>2026-07-04T14:25:40Z</time>
   </trkpt>
   <trkpt lat="12.9075570" lon="77.6282190">
    <ele>894.5</ele>
    <time>2026-07-04T14:25:41Z</time>
   </trkpt>
   <trkpt lat="12.9075890" lon="77.6282170">
    <ele>894.3</ele>
    <time>2026-07-04T14:25:42Z</time>
   </trkpt>
   <trkpt lat="12.9076140" lon="77.6282040">
    <ele>894.0</ele>
    <time>2026-07-04T14:25:43Z</time>
   </trkpt>
   <trkpt lat="12.9076370" lon="77.6281910">
    <ele>894.8</ele>
    <time>2026-07-04T14:25:44Z</time>
   </trkpt>
   <trkpt lat="12.9076540" lon="77.6281740">
    <ele>894.8</ele>
    <time>2026-07-04T14:25:45Z</time>
   </trkpt>
   <trkpt lat="12.9076750" lon="77.6281590">
    <ele>894.4</ele>
    <time>2026-07-04T14:25:46Z</time>
   </trkpt>
   <trkpt lat="12.9076920" lon="77.6281430">
    <ele>895.0</ele>
    <time>2026-07-04T14:25:47Z</time>
   </trkpt>
   <trkpt lat="12.9077150" lon="77.6281330">
    <ele>894.5</ele>
    <time>2026-07-04T14:25:48Z</time>
   </trkpt>
   <trkpt lat="12.9077360" lon="77.6281290">
    <ele>894.5</ele>
    <time>2026-07-04T14:25:49Z</time>
   </trkpt>
   <trkpt lat="12.9077550" lon="77.6281120">
    <ele>894.1</ele>
    <time>2026-07-04T14:25:50Z</time>
   </trkpt>
   <trkpt lat="12.9077750" lon="77.6281020">
    <ele>894.2</ele>
    <time>2026-07-04T14:25:51Z</time>
   </trkpt>
   <trkpt lat="12.9077990" lon="77.6280810">
    <ele>893.7</ele>
    <time>2026-07-04T14:25:52Z</time>
   </trkpt>
   <trkpt lat="12.9078200" lon="77.6280650">
    <ele>893.7</ele>
    <time>2026-07-04T14:25:53Z</time>
   </trkpt>
   <trkpt lat="12.9078360" lon="77.6280480">
    <ele>893.2</ele>
    <time>2026-07-04T14:25:54Z</time>
   </trkpt>
   <trkpt lat="12.9078570" lon="77.6280420">
    <ele>893.2</ele>
    <time>2026-07-04T14:25:55Z</time>
   </trkpt>
   <trkpt lat="12.9078790" lon="77.6280310">
    <ele>892.7</ele>
    <time>2026-07-04T14:25:56Z</time>
   </trkpt>
   <trkpt lat="12.9079020" lon="77.6280150">
    <ele>892.7</ele>
    <time>2026-07-04T14:25:57Z</time>
   </trkpt>
   <trkpt lat="12.9079120" lon="77.6279930">
    <ele>892.2</ele>
    <time>2026-07-04T14:25:58Z</time>
   </trkpt>
   <trkpt lat="12.9079220" lon="77.6279670">
    <ele>892.2</ele>
    <time>2026-07-04T14:25:59Z</time>
   </trkpt>
   <trkpt lat="12.9078800" lon="77.6279530">
    <ele>892.7</ele>
    <time>2026-07-04T14:26:00Z</time>
   </trkpt>
   <trkpt lat="12.9078680" lon="77.6279360">
    <ele>892.7</ele>
    <time>2026-07-04T14:26:01Z</time>
   </trkpt>
   <trkpt lat="12.9078550" lon="77.6279440">
    <ele>892.7</ele>
    <time>2026-07-04T14:26:02Z</time>
   </trkpt>
   <trkpt lat="12.9078400" lon="77.6279400">
    <ele>892.7</ele>
    <time>2026-07-04T14:26:03Z</time>
   </trkpt>
   <trkpt lat="12.9078220" lon="77.6279490">
    <ele>892.8</ele>
    <time>2026-07-04T14:26:04Z</time>
   </trkpt>
   <trkpt lat="12.9077950" lon="77.6279480">
    <ele>892.8</ele>
    <time>2026-07-04T14:26:05Z</time>
   </trkpt>
   <trkpt lat="12.9077710" lon="77.6279440">
    <ele>892.9</ele>
    <time>2026-07-04T14:26:06Z</time>
   </trkpt>
   <trkpt lat="12.9077510" lon="77.6279340">
    <ele>892.9</ele>
    <time>2026-07-04T14:26:07Z</time>
   </trkpt>
   <trkpt lat="12.9077390" lon="77.6279310">
    <ele>892.9</ele>
    <time>2026-07-04T14:26:08Z</time>
   </trkpt>
   <trkpt lat="12.9077300" lon="77.6279460">
    <ele>892.9</ele>
    <time>2026-07-04T14:26:09Z</time>
   </trkpt>
   <trkpt lat="12.9077150" lon="77.6279490">
    <ele>893.0</ele>
    <time>2026-07-04T14:26:10Z</time>
   </trkpt>
   <trkpt lat="12.9077010" lon="77.6279450">
    <ele>893.0</ele>
    <time>2026-07-04T14:26:11Z</time>
   </trkpt>
   <trkpt lat="12.9076860" lon="77.6279430">
    <ele>893.0</ele>
    <time>2026-07-04T14:26:12Z</time>
   </trkpt>
   <trkpt lat="12.9076680" lon="77.6279400">
    <ele>893.0</ele>
    <time>2026-07-04T14:26:13Z</time>
   </trkpt>
   <trkpt lat="12.9076470" lon="77.6279380">
    <ele>893.0</ele>
    <time>2026-07-04T14:26:14Z</time>
   </trkpt>
   <trkpt lat="12.9076320" lon="77.6279310">
    <ele>893.1</ele>
    <time>2026-07-04T14:26:15Z</time>
   </trkpt>
   <trkpt lat="12.9076110" lon="77.6279330">
    <ele>893.1</ele>
    <time>2026-07-04T14:26:16Z</time>
   </trkpt>
   <trkpt lat="12.9075970" lon="77.6279410">
    <ele>893.1</ele>
    <time>2026-07-04T14:26:17Z</time>
   </trkpt>
   <trkpt lat="12.9075800" lon="77.6279370">
    <ele>893.1</ele>
    <time>2026-07-04T14:26:18Z</time>
   </trkpt>
   <trkpt lat="12.9075660" lon="77.6279300">
    <ele>893.1</ele>
    <time>2026-07-04T14:26:19Z</time>
   </trkpt>
   <trkpt lat="12.9075630" lon="77.6279160">
    <ele>893.1</ele>
    <time>2026-07-04T14:26:20Z</time>
   </trkpt>
   <trkpt lat="12.9075530" lon="77.6279210">
    <ele>893.1</ele>
    <time>2026-07-04T14:26:21Z</time>
   </trkpt>
   <trkpt lat="12.9075470" lon="77.6279220">
    <ele>893.1</ele>
    <time>2026-07-04T14:26:22Z</time>
   </trkpt>
   <trkpt lat="12.9075500" lon="77.6279220">
    <ele>893.1</ele>
    <time>2026-07-04T14:26:23Z</time>
   </trkpt>
   <trkpt lat="12.9075530" lon="77.6279190">
    <ele>893.2</ele>
    <time>2026-07-04T14:26:24Z</time>
   </trkpt>
   <trkpt lat="12.9075520" lon="77.6279210">
    <ele>893.2</ele>
    <time>2026-07-04T14:26:25Z</time>
   </trkpt>
   <trkpt lat="12.9075510" lon="77.6279200">
    <ele>893.2</ele>
    <time>2026-07-04T14:26:26Z</time>
   </trkpt>
   <trkpt lat="12.9075490" lon="77.6279150">
    <ele>893.2</ele>
    <time>2026-07-04T14:26:27Z</time>
   </trkpt>
   <trkpt lat="12.9075490" lon="77.6279160">
    <ele>893.2</ele>
    <time>2026-07-04T14:26:28Z</time>
   </trkpt>
   <trkpt lat="12.9075490" lon="77.6279160">
    <ele>893.2</ele>
    <time>2026-07-04T14:26:29Z</time>
   </trkpt>
   <trkpt lat="12.9075490" lon="77.6279160">
    <ele>893.2</ele>
    <time>2026-07-04T14:26:30Z</time>
   </trkpt>
   <trkpt lat="12.9075490" lon="77.6279160">
    <ele>893.2</ele>
    <time>2026-07-04T14:26:31Z</time>
   </trkpt>
   <trkpt lat="12.9075490" lon="77.6279160">
    <ele>893.2</ele>
    <time>2026-07-04T14:26:32Z</time>
   </trkpt>
   <trkpt lat="12.9075470" lon="77.6278790">
    <ele>893.2</ele>
    <time>2026-07-04T14:26:39Z</time>
   </trkpt>
   <trkpt lat="12.9075410" lon="77.6278760">
    <ele>893.2</ele>
    <time>2026-07-04T14:26:40Z</time>
   </trkpt>
   <trkpt lat="12.9075360" lon="77.6278770">
    <ele>893.2</ele>
    <time>2026-07-04T14:26:41Z</time>
   </trkpt>
   <trkpt lat="12.9075380" lon="77.6278790">
    <ele>893.2</ele>
    <time>2026-07-04T14:26:42Z</time>
   </trkpt>
   <trkpt lat="12.9075300" lon="77.6278510">
    <ele>893.3</ele>
    <time>2026-07-04T14:26:43Z</time>
   </trkpt>
   <trkpt lat="12.9075370" lon="77.6278270">
    <ele>893.3</ele>
    <time>2026-07-04T14:26:44Z</time>
   </trkpt>
   <trkpt lat="12.9075400" lon="77.6277930">
    <ele>893.4</ele>
    <time>2026-07-04T14:26:45Z</time>
   </trkpt>
   <trkpt lat="12.9075290" lon="77.6277740">
    <ele>893.4</ele>
    <time>2026-07-04T14:26:46Z</time>
   </trkpt>
   <trkpt lat="12.9075350" lon="77.6277450">
    <ele>893.5</ele>
    <time>2026-07-04T14:26:47Z</time>
   </trkpt>
   <trkpt lat="12.9075350" lon="77.6277120">
    <ele>893.5</ele>
    <time>2026-07-04T14:26:48Z</time>
   </trkpt>
   <trkpt lat="12.9075290" lon="77.6276770">
    <ele>893.6</ele>
    <time>2026-07-04T14:26:49Z</time>
   </trkpt>
   <trkpt lat="12.9075300" lon="77.6276430">
    <ele>893.7</ele>
    <time>2026-07-04T14:26:50Z</time>
   </trkpt>
   <trkpt lat="12.9075340" lon="77.6276150">
    <ele>893.8</ele>
    <time>2026-07-04T14:26:51Z</time>
   </trkpt>
   <trkpt lat="12.9075400" lon="77.6275660">
    <ele>893.9</ele>
    <time>2026-07-04T14:26:52Z</time>
   </trkpt>
   <trkpt lat="12.9075390" lon="77.6275400">
    <ele>894.0</ele>
    <time>2026-07-04T14:26:53Z</time>
   </trkpt>
   <trkpt lat="12.9075490" lon="77.6275100">
    <ele>894.1</ele>
    <time>2026-07-04T14:26:54Z</time>
   </trkpt>
   <trkpt lat="12.9075530" lon="77.6274820">
    <ele>894.2</ele>
    <time>2026-07-04T14:26:55Z</time>
   </trkpt>
   <trkpt lat="12.9075550" lon="77.6274540">
    <ele>894.3</ele>
    <time>2026-07-04T14:26:56Z</time>
   </trkpt>
   <trkpt lat="12.9075570" lon="77.6274310">
    <ele>894.4</ele>
    <time>2026-07-04T14:26:57Z</time>
   </trkpt>
   <trkpt lat="12.9075580" lon="77.6273990">
    <ele>894.6</ele>
    <time>2026-07-04T14:26:58Z</time>
   </trkpt>
   <trkpt lat="12.9075620" lon="77.6273680">
    <ele>894.7</ele>
    <time>2026-07-04T14:26:59Z</time>
   </trkpt>
   <trkpt lat="12.9075650" lon="77.6273430">
    <ele>894.8</ele>
    <time>2026-07-04T14:27:00Z</time>
   </trkpt>
   <trkpt lat="12.9075650" lon="77.6273150">
    <ele>894.9</ele>
    <time>2026-07-04T14:27:01Z</time>
   </trkpt>
   <trkpt lat="12.9075680" lon="77.6272910">
    <ele>894.9</ele>
    <time>2026-07-04T14:27:02Z</time>
   </trkpt>
   <trkpt lat="12.9075890" lon="77.6272810">
    <ele>894.9</ele>
    <time>2026-07-04T14:27:03Z</time>
   </trkpt>
   <trkpt lat="12.9076020" lon="77.6272640">
    <ele>894.9</ele>
    <time>2026-07-04T14:27:04Z</time>
   </trkpt>
   <trkpt lat="12.9076110" lon="77.6272480">
    <ele>895.0</ele>
    <time>2026-07-04T14:27:05Z</time>
   </trkpt>
   <trkpt lat="12.9076140" lon="77.6272280">
    <ele>895.0</ele>
    <time>2026-07-04T14:27:06Z</time>
   </trkpt>
   <trkpt lat="12.9076310" lon="77.6272210">
    <ele>895.0</ele>
    <time>2026-07-04T14:27:07Z</time>
   </trkpt>
   <trkpt lat="12.9076040" lon="77.6271470">
    <ele>895.0</ele>
    <time>2026-07-04T14:27:08Z</time>
   </trkpt>
   <trkpt lat="12.9076140" lon="77.6270970">
    <ele>895.0</ele>
    <time>2026-07-04T14:27:09Z</time>
   </trkpt>
   <trkpt lat="12.9076250" lon="77.6270690">
    <ele>895.0</ele>
    <time>2026-07-04T14:27:10Z</time>
   </trkpt>
   <trkpt lat="12.9076240" lon="77.6270450">
    <ele>895.0</ele>
    <time>2026-07-04T14:27:11Z</time>
   </trkpt>
   <trkpt lat="12.9076250" lon="77.6270140">
    <ele>895.0</ele>
    <time>2026-07-04T14:27:12Z</time>
   </trkpt>
   <trkpt lat="12.9076320" lon="77.6269800">
    <ele>895.0</ele>
    <time>2026-07-04T14:27:13Z</time>
   </trkpt>
   <trkpt lat="12.9076310" lon="77.6269520">
    <ele>895.0</ele>
    <time>2026-07-04T14:27:14Z</time>
   </trkpt>
   <trkpt lat="12.9076480" lon="77.6269220">
    <ele>895.0</ele>
    <time>2026-07-04T14:27:16Z</time>
   </trkpt>
   <trkpt lat="12.9076570" lon="77.6268830">
    <ele>895.0</ele>
    <time>2026-07-04T14:27:17Z</time>
   </trkpt>
   <trkpt lat="12.9076510" lon="77.6268950">
    <ele>895.0</ele>
    <time>2026-07-04T14:27:18Z</time>
   </trkpt>
   <trkpt lat="12.9076560" lon="77.6268780">
    <ele>895.0</ele>
    <time>2026-07-04T14:27:19Z</time>
   </trkpt>
   <trkpt lat="12.9076460" lon="77.6268680">
    <ele>895.0</ele>
    <time>2026-07-04T14:27:20Z</time>
   </trkpt>
   <trkpt lat="12.9076360" lon="77.6268560">
    <ele>895.0</ele>
    <time>2026-07-04T14:27:21Z</time>
   </trkpt>
   <trkpt lat="12.9076530" lon="77.6268400">
    <ele>895.0</ele>
    <time>2026-07-04T14:27:22Z</time>
   </trkpt>
   <trkpt lat="12.9076650" lon="77.6268190">
    <ele>895.0</ele>
    <time>2026-07-04T14:27:23Z</time>
   </trkpt>
   <trkpt lat="12.9076620" lon="77.6267830">
    <ele>894.9</ele>
    <time>2026-07-04T14:27:24Z</time>
   </trkpt>
   <trkpt lat="12.9076740" lon="77.6267220">
    <ele>894.9</ele>
    <time>2026-07-04T14:27:25Z</time>
   </trkpt>
   <trkpt lat="12.9076950" lon="77.6267310">
    <ele>894.8</ele>
    <time>2026-07-04T14:27:26Z</time>
   </trkpt>
   <trkpt lat="12.9077240" lon="77.6266980">
    <ele>894.8</ele>
    <time>2026-07-04T14:27:27Z</time>
   </trkpt>
   <trkpt lat="12.9077390" lon="77.6266710">
    <ele>894.8</ele>
    <time>2026-07-04T14:27:28Z</time>
   </trkpt>
   <trkpt lat="12.9077460" lon="77.6266320">
    <ele>894.7</ele>
    <time>2026-07-04T14:27:29Z</time>
   </trkpt>
   <trkpt lat="12.9077360" lon="77.6266050">
    <ele>894.7</ele>
    <time>2026-07-04T14:27:30Z</time>
   </trkpt>
   <trkpt lat="12.9077300" lon="77.6265590">
    <ele>894.6</ele>
    <time>2026-07-04T14:27:31Z</time>
   </trkpt>
   <trkpt lat="12.9077320" lon="77.6265340">
    <ele>894.5</ele>
    <time>2026-07-04T14:27:32Z</time>
   </trkpt>
   <trkpt lat="12.9077340" lon="77.6264940">
    <ele>894.5</ele>
    <time>2026-07-04T14:27:33Z</time>
   </trkpt>
   <trkpt lat="12.9077340" lon="77.6264770">
    <ele>894.4</ele>
    <time>2026-07-04T14:27:34Z</time>
   </trkpt>
   <trkpt lat="12.9077310" lon="77.6264490">
    <ele>894.4</ele>
    <time>2026-07-04T14:27:35Z</time>
   </trkpt>
   <trkpt lat="12.9077260" lon="77.6264110">
    <ele>894.3</ele>
    <time>2026-07-04T14:27:36Z</time>
   </trkpt>
   <trkpt lat="12.9077250" lon="77.6263880">
    <ele>894.3</ele>
    <time>2026-07-04T14:27:37Z</time>
   </trkpt>
   <trkpt lat="12.9077340" lon="77.6263410">
    <ele>894.2</ele>
    <time>2026-07-04T14:27:38Z</time>
   </trkpt>
   <trkpt lat="12.9077460" lon="77.6262920">
    <ele>894.1</ele>
    <time>2026-07-04T14:27:39Z</time>
   </trkpt>
   <trkpt lat="12.9077620" lon="77.6262360">
    <ele>894.0</ele>
    <time>2026-07-04T14:27:40Z</time>
   </trkpt>
   <trkpt lat="12.9077780" lon="77.6261930">
    <ele>893.9</ele>
    <time>2026-07-04T14:27:41Z</time>
   </trkpt>
   <trkpt lat="12.9077770" lon="77.6261590">
    <ele>893.8</ele>
    <time>2026-07-04T14:27:42Z</time>
   </trkpt>
   <trkpt lat="12.9077800" lon="77.6261240">
    <ele>893.8</ele>
    <time>2026-07-04T14:27:43Z</time>
   </trkpt>
   <trkpt lat="12.9077940" lon="77.6260920">
    <ele>893.7</ele>
    <time>2026-07-04T14:27:44Z</time>
   </trkpt>
   <trkpt lat="12.9078050" lon="77.6260540">
    <ele>893.6</ele>
    <time>2026-07-04T14:27:45Z</time>
   </trkpt>
   <trkpt lat="12.9078110" lon="77.6260150">
    <ele>893.6</ele>
    <time>2026-07-04T14:27:46Z</time>
   </trkpt>
   <trkpt lat="12.9077950" lon="77.6259930">
    <ele>893.5</ele>
    <time>2026-07-04T14:27:47Z</time>
   </trkpt>
   <trkpt lat="12.9078070" lon="77.6259560">
    <ele>893.4</ele>
    <time>2026-07-04T14:27:48Z</time>
   </trkpt>
   <trkpt lat="12.9078070" lon="77.6259240">
    <ele>893.3</ele>
    <time>2026-07-04T14:27:49Z</time>
   </trkpt>
   <trkpt lat="12.9078170" lon="77.6258950">
    <ele>893.3</ele>
    <time>2026-07-04T14:27:50Z</time>
   </trkpt>
   <trkpt lat="12.9078210" lon="77.6258710">
    <ele>893.2</ele>
    <time>2026-07-04T14:27:51Z</time>
   </trkpt>
   <trkpt lat="12.9078280" lon="77.6258420">
    <ele>893.1</ele>
    <time>2026-07-04T14:27:52Z</time>
   </trkpt>
   <trkpt lat="12.9078390" lon="77.6258200">
    <ele>893.1</ele>
    <time>2026-07-04T14:27:53Z</time>
   </trkpt>
   <trkpt lat="12.9078530" lon="77.6257790">
    <ele>892.9</ele>
    <time>2026-07-04T14:27:54Z</time>
   </trkpt>
   <trkpt lat="12.9078630" lon="77.6257520">
    <ele>892.9</ele>
    <time>2026-07-04T14:27:55Z</time>
   </trkpt>
   <trkpt lat="12.9078640" lon="77.6257230">
    <ele>892.8</ele>
    <time>2026-07-04T14:27:56Z</time>
   </trkpt>
   <trkpt lat="12.9078710" lon="77.6256990">
    <ele>892.7</ele>
    <time>2026-07-04T14:27:57Z</time>
   </trkpt>
   <trkpt lat="12.9078490" lon="77.6256610">
    <ele>892.6</ele>
    <time>2026-07-04T14:27:58Z</time>
   </trkpt>
   <trkpt lat="12.9078530" lon="77.6256340">
    <ele>892.6</ele>
    <time>2026-07-04T14:27:59Z</time>
   </trkpt>
   <trkpt lat="12.9078530" lon="77.6256100">
    <ele>892.5</ele>
    <time>2026-07-04T14:28:00Z</time>
   </trkpt>
   <trkpt lat="12.9078480" lon="77.6255910">
    <ele>892.5</ele>
    <time>2026-07-04T14:28:01Z</time>
   </trkpt>
   <trkpt lat="12.9078640" lon="77.6255700">
    <ele>892.5</ele>
    <time>2026-07-04T14:28:02Z</time>
   </trkpt>
   <trkpt lat="12.9078650" lon="77.6255330">
    <ele>892.4</ele>
    <time>2026-07-04T14:28:03Z</time>
   </trkpt>
   <trkpt lat="12.9078670" lon="77.6255010">
    <ele>892.3</ele>
    <time>2026-07-04T14:28:04Z</time>
   </trkpt>
   <trkpt lat="12.9078750" lon="77.6254670">
    <ele>892.3</ele>
    <time>2026-07-04T14:28:05Z</time>
   </trkpt>
   <trkpt lat="12.9078860" lon="77.6254380">
    <ele>892.2</ele>
    <time>2026-07-04T14:28:06Z</time>
   </trkpt>
   <trkpt lat="12.9078950" lon="77.6254010">
    <ele>892.2</ele>
    <time>2026-07-04T14:28:07Z</time>
   </trkpt>
   <trkpt lat="12.9079150" lon="77.6253720">
    <ele>892.1</ele>
    <time>2026-07-04T14:28:08Z</time>
   </trkpt>
   <trkpt lat="12.9079170" lon="77.6253360">
    <ele>892.1</ele>
    <time>2026-07-04T14:28:09Z</time>
   </trkpt>
   <trkpt lat="12.9079390" lon="77.6252980">
    <ele>892.0</ele>
    <time>2026-07-04T14:28:10Z</time>
   </trkpt>
   <trkpt lat="12.9079320" lon="77.6253020">
    <ele>892.0</ele>
    <time>2026-07-04T14:28:11Z</time>
   </trkpt>
   <trkpt lat="12.9079290" lon="77.6252810">
    <ele>892.0</ele>
    <time>2026-07-04T14:28:12Z</time>
   </trkpt>
   <trkpt lat="12.9079100" lon="77.6252440">
    <ele>892.0</ele>
    <time>2026-07-04T14:28:13Z</time>
   </trkpt>
   <trkpt lat="12.9079070" lon="77.6252250">
    <ele>891.9</ele>
    <time>2026-07-04T14:28:14Z</time>
   </trkpt>
   <trkpt lat="12.9079200" lon="77.6252010">
    <ele>891.9</ele>
    <time>2026-07-04T14:28:15Z</time>
   </trkpt>
   <trkpt lat="12.9079300" lon="77.6251700">
    <ele>891.9</ele>
    <time>2026-07-04T14:28:16Z</time>
   </trkpt>
   <trkpt lat="12.9079430" lon="77.6251390">
    <ele>891.9</ele>
    <time>2026-07-04T14:28:17Z</time>
   </trkpt>
   <trkpt lat="12.9079590" lon="77.6251150">
    <ele>891.9</ele>
    <time>2026-07-04T14:28:18Z</time>
   </trkpt>
   <trkpt lat="12.9079600" lon="77.6250900">
    <ele>891.9</ele>
    <time>2026-07-04T14:28:19Z</time>
   </trkpt>
   <trkpt lat="12.9079490" lon="77.6250600">
    <ele>891.9</ele>
    <time>2026-07-04T14:28:20Z</time>
   </trkpt>
   <trkpt lat="12.9079540" lon="77.6250460">
    <ele>892.0</ele>
    <time>2026-07-04T14:28:21Z</time>
   </trkpt>
   <trkpt lat="12.9079740" lon="77.6250160">
    <ele>892.0</ele>
    <time>2026-07-04T14:28:22Z</time>
   </trkpt>
   <trkpt lat="12.9079750" lon="77.6249960">
    <ele>892.0</ele>
    <time>2026-07-04T14:28:23Z</time>
   </trkpt>
   <trkpt lat="12.9079930" lon="77.6249650">
    <ele>892.0</ele>
    <time>2026-07-04T14:28:24Z</time>
   </trkpt>
   <trkpt lat="12.9079970" lon="77.6249440">
    <ele>892.0</ele>
    <time>2026-07-04T14:28:25Z</time>
   </trkpt>
   <trkpt lat="12.9080110" lon="77.6249260">
    <ele>892.0</ele>
    <time>2026-07-04T14:28:26Z</time>
   </trkpt>
   <trkpt lat="12.9080050" lon="77.6249070">
    <ele>892.0</ele>
    <time>2026-07-04T14:28:27Z</time>
   </trkpt>
   <trkpt lat="12.9080010" lon="77.6248680">
    <ele>892.1</ele>
    <time>2026-07-04T14:28:28Z</time>
   </trkpt>
   <trkpt lat="12.9080030" lon="77.6248430">
    <ele>892.1</ele>
    <time>2026-07-04T14:28:29Z</time>
   </trkpt>
   <trkpt lat="12.9080070" lon="77.6248200">
    <ele>892.1</ele>
    <time>2026-07-04T14:28:30Z</time>
   </trkpt>
   <trkpt lat="12.9080150" lon="77.6247870">
    <ele>892.1</ele>
    <time>2026-07-04T14:28:31Z</time>
   </trkpt>
   <trkpt lat="12.9080330" lon="77.6247430">
    <ele>892.1</ele>
    <time>2026-07-04T14:28:32Z</time>
   </trkpt>
   <trkpt lat="12.9080480" lon="77.6247780">
    <ele>892.1</ele>
    <time>2026-07-04T14:28:33Z</time>
   </trkpt>
   <trkpt lat="12.9080530" lon="77.6247630">
    <ele>892.1</ele>
    <time>2026-07-04T14:28:34Z</time>
   </trkpt>
   <trkpt lat="12.9080500" lon="77.6247280">
    <ele>892.1</ele>
    <time>2026-07-04T14:28:35Z</time>
   </trkpt>
   <trkpt lat="12.9080700" lon="77.6246940">
    <ele>892.1</ele>
    <time>2026-07-04T14:28:36Z</time>
   </trkpt>
   <trkpt lat="12.9080640" lon="77.6246720">
    <ele>892.1</ele>
    <time>2026-07-04T14:28:37Z</time>
   </trkpt>
   <trkpt lat="12.9080590" lon="77.6246520">
    <ele>892.1</ele>
    <time>2026-07-04T14:28:38Z</time>
   </trkpt>
   <trkpt lat="12.9080600" lon="77.6246110">
    <ele>892.1</ele>
    <time>2026-07-04T14:28:39Z</time>
   </trkpt>
   <trkpt lat="12.9080670" lon="77.6245890">
    <ele>892.1</ele>
    <time>2026-07-04T14:28:40Z</time>
   </trkpt>
   <trkpt lat="12.9080690" lon="77.6245680">
    <ele>892.1</ele>
    <time>2026-07-04T14:28:41Z</time>
   </trkpt>
   <trkpt lat="12.9080690" lon="77.6245370">
    <ele>892.1</ele>
    <time>2026-07-04T14:28:42Z</time>
   </trkpt>
   <trkpt lat="12.9080630" lon="77.6245150">
    <ele>892.1</ele>
    <time>2026-07-04T14:28:43Z</time>
   </trkpt>
   <trkpt lat="12.9080610" lon="77.6244990">
    <ele>892.1</ele>
    <time>2026-07-04T14:28:44Z</time>
   </trkpt>
   <trkpt lat="12.9080700" lon="77.6245190">
    <ele>892.1</ele>
    <time>2026-07-04T14:28:45Z</time>
   </trkpt>
   <trkpt lat="12.9080690" lon="77.6245090">
    <ele>892.1</ele>
    <time>2026-07-04T14:28:46Z</time>
   </trkpt>
   <trkpt lat="12.9080650" lon="77.6245150">
    <ele>892.1</ele>
    <time>2026-07-04T14:28:47Z</time>
   </trkpt>
   <trkpt lat="12.9080680" lon="77.6244980">
    <ele>892.1</ele>
    <time>2026-07-04T14:28:48Z</time>
   </trkpt>
   <trkpt lat="12.9080560" lon="77.6244750">
    <ele>892.1</ele>
    <time>2026-07-04T14:28:49Z</time>
   </trkpt>
   <trkpt lat="12.9080680" lon="77.6244690">
    <ele>892.1</ele>
    <time>2026-07-04T14:28:50Z</time>
   </trkpt>
   <trkpt lat="12.9080770" lon="77.6244920">
    <ele>892.1</ele>
    <time>2026-07-04T14:28:51Z</time>
   </trkpt>
   <trkpt lat="12.9081220" lon="77.6244770">
    <ele>892.1</ele>
    <time>2026-07-04T14:28:52Z</time>
   </trkpt>
   <trkpt lat="12.9081220" lon="77.6244770">
    <ele>892.1</ele>
    <time>2026-07-04T14:28:53Z</time>
   </trkpt>
   <trkpt lat="12.9081220" lon="77.6244770">
    <ele>892.1</ele>
    <time>2026-07-04T14:28:55Z</time>
   </trkpt>
   <trkpt lat="12.9081220" lon="77.6244770">
    <ele>892.1</ele>
    <time>2026-07-04T14:28:56Z</time>
   </trkpt>
   <trkpt lat="12.9081220" lon="77.6244770">
    <ele>892.1</ele>
    <time>2026-07-04T14:28:57Z</time>
   </trkpt>
   <trkpt lat="12.9081510" lon="77.6244850">
    <ele>892.1</ele>
    <time>2026-07-04T14:28:58Z</time>
   </trkpt>
   <trkpt lat="12.9082070" lon="77.6245000">
    <ele>892.1</ele>
    <time>2026-07-04T14:28:59Z</time>
   </trkpt>
   <trkpt lat="12.9083210" lon="77.6244900">
    <ele>892.1</ele>
    <time>2026-07-04T14:29:07Z</time>
   </trkpt>
   <trkpt lat="12.9083670" lon="77.6244990">
    <ele>892.1</ele>
    <time>2026-07-04T14:29:08Z</time>
   </trkpt>
   <trkpt lat="12.9084030" lon="77.6245090">
    <ele>892.1</ele>
    <time>2026-07-04T14:29:09Z</time>
   </trkpt>
   <trkpt lat="12.9084170" lon="77.6245410">
    <ele>892.1</ele>
    <time>2026-07-04T14:29:10Z</time>
   </trkpt>
   <trkpt lat="12.9084290" lon="77.6245590">
    <ele>892.1</ele>
    <time>2026-07-04T14:29:11Z</time>
   </trkpt>
   <trkpt lat="12.9084430" lon="77.6246020">
    <ele>892.1</ele>
    <time>2026-07-04T14:29:12Z</time>
   </trkpt>
   <trkpt lat="12.9084370" lon="77.6246320">
    <ele>892.1</ele>
    <time>2026-07-04T14:29:13Z</time>
   </trkpt>
   <trkpt lat="12.9084340" lon="77.6246450">
    <ele>892.1</ele>
    <time>2026-07-04T14:29:14Z</time>
   </trkpt>
   <trkpt lat="12.9084570" lon="77.6246480">
    <ele>892.1</ele>
    <time>2026-07-04T14:29:15Z</time>
   </trkpt>
   <trkpt lat="12.9083630" lon="77.6246340">
    <ele>892.1</ele>
    <time>2026-07-04T14:29:16Z</time>
   </trkpt>
   <trkpt lat="12.9083570" lon="77.6246340">
    <ele>892.1</ele>
    <time>2026-07-04T14:29:17Z</time>
   </trkpt>
   <trkpt lat="12.9083620" lon="77.6246310">
    <ele>892.1</ele>
    <time>2026-07-04T14:29:18Z</time>
   </trkpt>
   <trkpt lat="12.9083680" lon="77.6246300">
    <ele>892.1</ele>
    <time>2026-07-04T14:29:19Z</time>
   </trkpt>
   <trkpt lat="12.9083740" lon="77.6246260">
    <ele>892.1</ele>
    <time>2026-07-04T14:29:20Z</time>
   </trkpt>
  </trkseg>
 </trk>
</gpx>
