<?xml version="1.0" encoding="UTF-8"?>
<gpx creator="StravaGPX" version="1.1" xmlns="http://www.topografix.com/GPX/1/1" xmlns:xsi="http://www.w3.org/2001/XMLSchema-instance" xsi:schemaLocation="http://www.topografix.com/GPX/1/1 http://www.topografix.com/GPX/1/1/gpx.xsd">
 <metadata>
  <time>2026-07-11T07:48:17Z</time>
 </metadata>
 <trk>
  <name>Grocery Shopping 😅</name>
  <type>cycling</type>
  <trkseg>
   <trkpt lat="12.9080810" lon="77.6245800">
    <ele>892.1</ele>
    <time>2026-07-11T07:48:17Z</time>
   </trkpt>
   <trkpt lat="12.9080980" lon="77.6245710">
    <ele>892.1</ele>
    <time>2026-07-11T07:48:18Z</time>
   </trkpt>
   <trkpt lat="12.9081110" lon="77.6246280">
    <ele>892.1</ele>
    <time>2026-07-11T07:48:19Z</time>
   </trkpt>
   <trkpt lat="12.9081190" lon="77.6245950">
    <ele>892.1</ele>
    <time>2026-07-11T07:48:20Z</time>
   </trkpt>
   <trkpt lat="12.9080980" lon="77.6246230">
    <ele>892.2</ele>
    <time>2026-07-11T07:48:21Z</time>
   </trkpt>
   <trkpt lat="12.9080860" lon="77.6245320">
    <ele>892.3</ele>
    <time>2026-07-11T07:48:22Z</time>
   </trkpt>
   <trkpt lat="12.9081120" lon="77.6245330">
    <ele>892.3</ele>
    <time>2026-07-11T07:48:23Z</time>
   </trkpt>
   <trkpt lat="12.9081140" lon="77.6245270">
    <ele>892.3</ele>
    <time>2026-07-11T07:48:24Z</time>
   </trkpt>
   <trkpt lat="12.9081090" lon="77.6245230">
    <ele>892.3</ele>
    <time>2026-07-11T07:48:25Z</time>
   </trkpt>
   <trkpt lat="12.9080980" lon="77.6245280">
    <ele>892.4</ele>
    <time>2026-07-11T07:48:26Z</time>
   </trkpt>
   <trkpt lat="12.9080900" lon="77.6245460">
    <ele>892.4</ele>
    <time>2026-07-11T07:48:27Z</time>
   </trkpt>
   <trkpt lat="12.9080870" lon="77.6244790">
    <ele>892.5</ele>
    <time>2026-07-11T07:48:36Z</time>
   </trkpt>
   <trkpt lat="12.9081060" lon="77.6244580">
    <ele>892.5</ele>
    <time>2026-07-11T07:48:37Z</time>
   </trkpt>
   <trkpt lat="12.9081170" lon="77.6244390">
    <ele>892.6</ele>
    <time>2026-07-11T07:48:38Z</time>
   </trkpt>
   <trkpt lat="12.9081230" lon="77.6244210">
    <ele>892.6</ele>
    <time>2026-07-11T07:48:39Z</time>
   </trkpt>
   <trkpt lat="12.9081300" lon="77.6244030">
    <ele>892.6</ele>
    <time>2026-07-11T07:48:40Z</time>
   </trkpt>
   <trkpt lat="12.9081340" lon="77.6243800">
    <ele>892.6</ele>
    <time>2026-07-11T07:48:41Z</time>
   </trkpt>
   <trkpt lat="12.9081350" lon="77.6243530">
    <ele>892.7</ele>
    <time>2026-07-11T07:48:42Z</time>
   </trkpt>
   <trkpt lat="12.9081370" lon="77.6243300">
    <ele>892.7</ele>
    <time>2026-07-11T07:48:43Z</time>
   </trkpt>
   <trkpt lat="12.9081440" lon="77.6243070">
    <ele>892.8</ele>
    <time>2026-07-11T07:48:44Z</time>
   </trkpt>
   <trkpt lat="12.9081530" lon="77.6242880">
    <ele>892.8</ele>
    <time>2026-07-11T07:48:45Z</time>
   </trkpt>
   <trkpt lat="12.9081520" lon="77.6242730">
    <ele>892.8</ele>
    <time>2026-07-11T07:48:46Z</time>
   </trkpt>
   <trkpt lat="12.9081420" lon="77.6242610">
    <ele>892.8</ele>
    <time>2026-07-11T07:48:47Z</time>
   </trkpt>
   <trkpt lat="12.9081320" lon="77.6242490">
    <ele>892.8</ele>
    <time>2026-07-11T07:48:48Z</time>
   </trkpt>
   <trkpt lat="12.9081190" lon="77.6242380">
    <ele>893.0</ele>
    <time>2026-07-11T07:48:49Z</time>
   </trkpt>
   <trkpt lat="12.9081170" lon="77.6242350">
    <ele>893.1</ele>
    <time>2026-07-11T07:48:50Z</time>
   </trkpt>
   <trkpt lat="12.9081180" lon="77.6242280">
    <ele>893.2</ele>
    <time>2026-07-11T07:48:51Z</time>
   </trkpt>
   <trkpt lat="12.9081260" lon="77.6242190">
    <ele>893.4</ele>
    <time>2026-07-11T07:48:52Z</time>
   </trkpt>
   <trkpt lat="12.9081380" lon="77.6242080">
    <ele>893.7</ele>
    <time>2026-07-11T07:48:53Z</time>
   </trkpt>
   <trkpt lat="12.9081490" lon="77.6241940">
    <ele>894.0</ele>
    <time>2026-07-11T07:48:54Z</time>
   </trkpt>
   <trkpt lat="12.9081520" lon="77.6241740">
    <ele>894.3</ele>
    <time>2026-07-11T07:48:55Z</time>
   </trkpt>
   <trkpt lat="12.9081530" lon="77.6241530">
    <ele>894.7</ele>
    <time>2026-07-11T07:48:56Z</time>
   </trkpt>
   <trkpt lat="12.9081540" lon="77.6241320">
    <ele>895.0</ele>
    <time>2026-07-11T07:48:57Z</time>
   </trkpt>
   <trkpt lat="12.9081580" lon="77.6241100">
    <ele>895.4</ele>
    <time>2026-07-11T07:48:58Z</time>
   </trkpt>
   <trkpt lat="12.9081540" lon="77.6240820">
    <ele>895.9</ele>
    <time>2026-07-11T07:48:59Z</time>
   </trkpt>
   <trkpt lat="12.9081580" lon="77.6240590">
    <ele>896.3</ele>
    <time>2026-07-11T07:49:00Z</time>
   </trkpt>
   <trkpt lat="12.9081680" lon="77.6240420">
    <ele>896.6</ele>
    <time>2026-07-11T07:49:01Z</time>
   </trkpt>
   <trkpt lat="12.9081700" lon="77.6240140">
    <ele>897.1</ele>
    <time>2026-07-11T07:49:02Z</time>
   </trkpt>
   <trkpt lat="12.9081720" lon="77.6239920">
    <ele>897.5</ele>
    <time>2026-07-11T07:49:03Z</time>
   </trkpt>
   <trkpt lat="12.9081550" lon="77.6239760">
    <ele>897.9</ele>
    <time>2026-07-11T07:49:04Z</time>
   </trkpt>
   <trkpt lat="12.9081290" lon="77.6239690">
    <ele>898.1</ele>
    <time>2026-07-11T07:49:05Z</time>
   </trkpt>
   <trkpt lat="12.9081010" lon="77.6239600">
    <ele>898.2</ele>
    <time>2026-07-11T07:49:06Z</time>
   </trkpt>
   <trkpt lat="12.9080730" lon="77.6239470">
    <ele>898.2</ele>
    <time>2026-07-11T07:49:07Z</time>
   </trkpt>
   <trkpt lat="12.9080440" lon="77.6239320">
    <ele>898.3</ele>
    <time>2026-07-11T07:49:08Z</time>
   </trkpt>
   <trkpt lat="12.9080110" lon="77.6239310">
    <ele>898.3</ele>
    <time>2026-07-11T07:49:09Z</time>
   </trkpt>
   <trkpt lat="12.9079800" lon="77.6239240">
    <ele>898.4</ele>
    <time>2026-07-11T07:49:10Z</time>
   </trkpt>
   <trkpt lat="12.9079520" lon="77.6239180">
    <ele>898.4</ele>
    <time>2026-07-11T07:49:11Z</time>
   </trkpt>
   <trkpt lat="12.9079210" lon="77.6239150">
    <ele>898.5</ele>
    <time>2026-07-11T07:49:12Z</time>
   </trkpt>
   <trkpt lat="12.9078910" lon="77.6239130">
    <ele>898.5</ele>
    <time>2026-07-11T07:49:13Z</time>
   </trkpt>
   <trkpt lat="12.9078670" lon="77.6238880">
    <ele>898.6</ele>
    <time>2026-07-11T07:49:14Z</time>
   </trkpt>
   <trkpt lat="12.9078410" lon="77.6238810">
    <ele>898.6</ele>
    <time>2026-07-11T07:49:15Z</time>
   </trkpt>
   <trkpt lat="12.9078090" lon="77.6238940">
    <ele>898.7</ele>
    <time>2026-07-11T07:49:16Z</time>
   </trkpt>
   <trkpt lat="12.9077790" lon="77.6238980">
    <ele>898.7</ele>
    <time>2026-07-11T07:49:17Z</time>
   </trkpt>
   <trkpt lat="12.9077480" lon="77.6239070">
    <ele>898.8</ele>
    <time>2026-07-11T07:49:18Z</time>
   </trkpt>
   <trkpt lat="12.9077170" lon="77.6239090">
    <ele>898.8</ele>
    <time>2026-07-11T07:49:19Z</time>
   </trkpt>
   <trkpt lat="12.9076850" lon="77.6239110">
    <ele>898.9</ele>
    <time>2026-07-11T07:49:20Z</time>
   </trkpt>
   <trkpt lat="12.9076550" lon="77.6239060">
    <ele>898.9</ele>
    <time>2026-07-11T07:49:21Z</time>
   </trkpt>
   <trkpt lat="12.9076250" lon="77.6238970">
    <ele>898.9</ele>
    <time>2026-07-11T07:49:22Z</time>
   </trkpt>
   <trkpt lat="12.9075920" lon="77.6238940">
    <ele>899.0</ele>
    <time>2026-07-11T07:49:23Z</time>
   </trkpt>
   <trkpt lat="12.9075630" lon="77.6238830">
    <ele>899.1</ele>
    <time>2026-07-11T07:49:24Z</time>
   </trkpt>
   <trkpt lat="12.9075380" lon="77.6239020">
    <ele>899.1</ele>
    <time>2026-07-11T07:49:25Z</time>
   </trkpt>
   <trkpt lat="12.9075070" lon="77.6238930">
    <ele>899.2</ele>
    <time>2026-07-11T07:49:26Z</time>
   </trkpt>
   <trkpt lat="12.9074770" lon="77.6238820">
    <ele>899.2</ele>
    <time>2026-07-11T07:49:27Z</time>
   </trkpt>
   <trkpt lat="12.9074480" lon="77.6238790">
    <ele>899.2</ele>
    <time>2026-07-11T07:49:28Z</time>
   </trkpt>
   <trkpt lat="12.9074180" lon="77.6238760">
    <ele>899.3</ele>
    <time>2026-07-11T07:49:29Z</time>
   </trkpt>
   <trkpt lat="12.9073930" lon="77.6238690">
    <ele>899.3</ele>
    <time>2026-07-11T07:49:30Z</time>
   </trkpt>
   <trkpt lat="12.9073620" lon="77.6238710">
    <ele>899.4</ele>
    <time>2026-07-11T07:49:31Z</time>
   </trkpt>
   <trkpt lat="12.9073340" lon="77.6238670">
    <ele>899.4</ele>
    <time>2026-07-11T07:49:32Z</time>
   </trkpt>
   <trkpt lat="12.9073090" lon="77.6238630">
    <ele>899.5</ele>
    <time>2026-07-11T07:49:33Z</time>
   </trkpt>
   <trkpt lat="12.9072800" lon="77.6238690">
    <ele>899.5</ele>
    <time>2026-07-11T07:49:34Z</time>
   </trkpt>
   <trkpt lat="12.9072540" lon="77.6238630">
    <ele>899.6</ele>
    <time>2026-07-11T07:49:35Z</time>
   </trkpt>
   <trkpt lat="12.9072300" lon="77.6238640">
    <ele>899.6</ele>
    <time>2026-07-11T07:49:36Z</time>
   </trkpt>
   <trkpt lat="12.9072010" lon="77.6238620">
    <ele>899.5</ele>
    <time>2026-07-11T07:49:37Z</time>
   </trkpt>
   <trkpt lat="12.9071660" lon="77.6238560">
    <ele>899.5</ele>
    <time>2026-07-11T07:49:38Z</time>
   </trkpt>
   <trkpt lat="12.9071340" lon="77.6238500">
    <ele>899.4</ele>
    <time>2026-07-11T07:49:39Z</time>
   </trkpt>
   <trkpt lat="12.9071080" lon="77.6238340">
    <ele>899.3</ele>
    <time>2026-07-11T07:49:40Z</time>
   </trkpt>
   <trkpt lat="12.9070760" lon="77.6238280">
    <ele>899.3</ele>
    <time>2026-07-11T07:49:41Z</time>
   </trkpt>
   <trkpt lat="12.9070570" lon="77.6238050">
    <ele>899.2</ele>
    <time>2026-07-11T07:49:42Z</time>
   </trkpt>
   <trkpt lat="12.9070590" lon="77.6237760">
    <ele>899.2</ele>
    <time>2026-07-11T07:49:43Z</time>
   </trkpt>
   <trkpt lat="12.9070740" lon="77.6237480">
    <ele>899.2</ele>
    <time>2026-07-11T07:49:44Z</time>
   </trkpt>
   <trkpt lat="12.9070840" lon="77.6237210">
    <ele>899.2</ele>
    <time>2026-07-11T07:49:45Z</time>
   </trkpt>
   <trkpt lat="12.9070840" lon="77.6236930">
    <ele>899.1</ele>
    <time>2026-07-11T07:49:46Z</time>
   </trkpt>
   <trkpt lat="12.9070780" lon="77.6236600">
    <ele>899.1</ele>
    <time>2026-07-11T07:49:47Z</time>
   </trkpt>
   <trkpt lat="12.9070680" lon="77.6236290">
    <ele>899.1</ele>
    <time>2026-07-11T07:49:48Z</time>
   </trkpt>
   <trkpt lat="12.9070730" lon="77.6235980">
    <ele>899.2</ele>
    <time>2026-07-11T07:49:49Z</time>
   </trkpt>
   <trkpt lat="12.9070700" lon="77.6235710">
    <ele>899.3</ele>
    <time>2026-07-11T07:49:50Z</time>
   </trkpt>
   <trkpt lat="12.9070740" lon="77.6235520">
    <ele>899.3</ele>
    <time>2026-07-11T07:49:51Z</time>
   </trkpt>
   <trkpt lat="12.9070820" lon="77.6235280">
    <ele>899.4</ele>
    <time>2026-07-11T07:49:52Z</time>
   </trkpt>
   <trkpt lat="12.9070850" lon="77.6235060">
    <ele>899.5</ele>
    <time>2026-07-11T07:49:53Z</time>
   </trkpt>
   <trkpt lat="12.9070840" lon="77.6234790">
    <ele>899.6</ele>
    <time>2026-07-11T07:49:54Z</time>
   </trkpt>
   <trkpt lat="12.9070770" lon="77.6234520">
    <ele>899.6</ele>
    <time>2026-07-11T07:49:55Z</time>
   </trkpt>
   <trkpt lat="12.9070800" lon="77.6234260">
    <ele>899.7</ele>
    <time>2026-07-11T07:49:56Z</time>
   </trkpt>
   <trkpt lat="12.9070790" lon="77.6233950">
    <ele>899.8</ele>
    <time>2026-07-11T07:49:57Z</time>
   </trkpt>
   <trkpt lat="12.9070810" lon="77.6233690">
    <ele>899.8</ele>
    <time>2026-07-11T07:49:58Z</time>
   </trkpt>
   <trkpt lat="12.9070820" lon="77.6233430">
    <ele>899.8</ele>
    <time>2026-07-11T07:49:59Z</time>
   </trkpt>
   <trkpt lat="12.9070890" lon="77.6233160">
    <ele>899.8</ele>
    <time>2026-07-11T07:50:00Z</time>
   </trkpt>
   <trkpt lat="12.9070950" lon="77.6232910">
    <ele>899.9</ele>
    <time>2026-07-11T07:50:01Z</time>
   </trkpt>
   <trkpt lat="12.9071000" lon="77.6232640">
    <ele>899.9</ele>
    <time>2026-07-11T07:50:02Z</time>
   </trkpt>
   <trkpt lat="12.9070970" lon="77.6232360">
    <ele>899.9</ele>
    <time>2026-07-11T07:50:03Z</time>
   </trkpt>
   <trkpt lat="12.9071020" lon="77.6232080">
    <ele>899.9</ele>
    <time>2026-07-11T07:50:04Z</time>
   </trkpt>
   <trkpt lat="12.9071090" lon="77.6231830">
    <ele>899.9</ele>
    <time>2026-07-11T07:50:05Z</time>
   </trkpt>
   <trkpt lat="12.9071090" lon="77.6231560">
    <ele>899.9</ele>
    <time>2026-07-11T07:50:06Z</time>
   </trkpt>
   <trkpt lat="12.9071050" lon="77.6231270">
    <ele>899.8</ele>
    <time>2026-07-11T07:50:07Z</time>
   </trkpt>
   <trkpt lat="12.9071070" lon="77.6231090">
    <ele>899.8</ele>
    <time>2026-07-11T07:50:08Z</time>
   </trkpt>
   <trkpt lat="12.9071090" lon="77.6230880">
    <ele>899.8</ele>
    <time>2026-07-11T07:50:09Z</time>
   </trkpt>
   <trkpt lat="12.9071120" lon="77.6230610">
    <ele>899.8</ele>
    <time>2026-07-11T07:50:10Z</time>
   </trkpt>
   <trkpt lat="12.9071200" lon="77.6230380">
    <ele>899.8</ele>
    <time>2026-07-11T07:50:11Z</time>
   </trkpt>
   <trkpt lat="12.9071170" lon="77.6230130">
    <ele>899.8</ele>
    <time>2026-07-11T07:50:12Z</time>
   </trkpt>
   <trkpt lat="12.9071160" lon="77.6229880">
    <ele>899.8</ele>
    <time>2026-07-11T07:50:13Z</time>
   </trkpt>
   <trkpt lat="12.9071130" lon="77.6229640">
    <ele>899.8</ele>
    <time>2026-07-11T07:50:14Z</time>
   </trkpt>
   <trkpt lat="12.9071160" lon="77.6229420">
    <ele>899.7</ele>
    <time>2026-07-11T07:50:15Z</time>
   </trkpt>
   <trkpt lat="12.9071200" lon="77.6229200">
    <ele>899.7</ele>
    <time>2026-07-11T07:50:16Z</time>
   </trkpt>
   <trkpt lat="12.9071190" lon="77.6229010">
    <ele>899.7</ele>
    <time>2026-07-11T07:50:17Z</time>
   </trkpt>
   <trkpt lat="12.9071010" lon="77.6228910">
    <ele>899.7</ele>
    <time>2026-07-11T07:50:18Z</time>
   </trkpt>
   <trkpt lat="12.9070880" lon="77.6228860">
    <ele>899.7</ele>
    <time>2026-07-11T07:50:19Z</time>
   </trkpt>
   <trkpt lat="12.9070700" lon="77.6228840">
    <ele>899.7</ele>
    <time>2026-07-11T07:50:20Z</time>
   </trkpt>
   <trkpt lat="12.9070460" lon="77.6228860">
    <ele>899.7</ele>
    <time>2026-07-11T07:50:21Z</time>
   </trkpt>
   <trkpt lat="12.9070260" lon="77.6228850">
    <ele>899.7</ele>
    <time>2026-07-11T07:50:22Z</time>
   </trkpt>
   <trkpt lat="12.9070000" lon="77.6228810">
    <ele>899.7</ele>
    <time>2026-07-11T07:50:23Z</time>
   </trkpt>
   <trkpt lat="12.9069770" lon="77.6228770">
    <ele>899.7</ele>
    <time>2026-07-11T07:50:24Z</time>
   </trkpt>
   <trkpt lat="12.9069580" lon="77.6228770">
    <ele>899.8</ele>
    <time>2026-07-11T07:50:25Z</time>
   </trkpt>
   <trkpt lat="12.9069390" lon="77.6228710">
    <ele>899.8</ele>
    <time>2026-07-11T07:50:26Z</time>
   </trkpt>
   <trkpt lat="12.9069150" lon="77.6228670">
    <ele>899.8</ele>
    <time>2026-07-11T07:50:27Z</time>
   </trkpt>
   <trkpt lat="12.9068940" lon="77.6228640">
    <ele>899.8</ele>
    <time>2026-07-11T07:50:28Z</time>
   </trkpt>
   <trkpt lat="12.9068730" lon="77.6228580">
    <ele>899.8</ele>
    <time>2026-07-11T07:50:29Z</time>
   </trkpt>
   <trkpt lat="12.9068460" lon="77.6228600">
    <ele>899.8</ele>
    <time>2026-07-11T07:50:30Z</time>
   </trkpt>
   <trkpt lat="12.9068200" lon="77.6228650">
    <ele>899.8</ele>
    <time>2026-07-11T07:50:31Z</time>
   </trkpt>
   <trkpt lat="12.9067950" lon="77.6228690">
    <ele>899.8</ele>
    <time>2026-07-11T07:50:32Z</time>
   </trkpt>
   <trkpt lat="12.9067710" lon="77.6228680">
    <ele>899.9</ele>
    <time>2026-07-11T07:50:33Z</time>
   </trkpt>
   <trkpt lat="12.9067410" lon="77.6228670">
    <ele>899.9</ele>
    <time>2026-07-11T07:50:34Z</time>
   </trkpt>
   <trkpt lat="12.9067100" lon="77.6228630">
    <ele>899.9</ele>
    <time>2026-07-11T07:50:35Z</time>
   </trkpt>
   <trkpt lat="12.9066760" lon="77.6228600">
    <ele>900.0</ele>
    <time>2026-07-11T07:50:36Z</time>
   </trkpt>
   <trkpt lat="12.9066480" lon="77.6228610">
    <ele>900.0</ele>
    <time>2026-07-11T07:50:37Z</time>
   </trkpt>
   <trkpt lat="12.9066240" lon="77.6228670">
    <ele>900.1</ele>
    <time>2026-07-11T07:50:38Z</time>
   </trkpt>
   <trkpt lat="12.9065990" lon="77.6228660">
    <ele>900.1</ele>
    <time>2026-07-11T07:50:39Z</time>
   </trkpt>
   <trkpt lat="12.9065860" lon="77.6228710">
    <ele>900.2</ele>
    <time>2026-07-11T07:50:40Z</time>
   </trkpt>
   <trkpt lat="12.9065770" lon="77.6228680">
    <ele>900.2</ele>
    <time>2026-07-11T07:50:41Z</time>
   </trkpt>
   <trkpt lat="12.9065600" lon="77.6228660">
    <ele>900.2</ele>
    <time>2026-07-11T07:50:42Z</time>
   </trkpt>
   <trkpt lat="12.9065380" lon="77.6228650">
    <ele>900.2</ele>
    <time>2026-07-11T07:50:43Z</time>
   </trkpt>
   <trkpt lat="12.9065160" lon="77.6228630">
    <ele>900.3</ele>
    <time>2026-07-11T07:50:44Z</time>
   </trkpt>
   <trkpt lat="12.9065040" lon="77.6228660">
    <ele>900.3</ele>
    <time>2026-07-11T07:50:45Z</time>
   </trkpt>
   <trkpt lat="12.9064900" lon="77.6228690">
    <ele>900.4</ele>
    <time>2026-07-11T07:50:46Z</time>
   </trkpt>
   <trkpt lat="12.9064780" lon="77.6228700">
    <ele>900.4</ele>
    <time>2026-07-11T07:50:47Z</time>
   </trkpt>
   <trkpt lat="12.9064760" lon="77.6228700">
    <ele>900.4</ele>
    <time>2026-07-11T07:50:48Z</time>
   </trkpt>
   <trkpt lat="12.9064780" lon="77.6228700">
    <ele>900.4</ele>
    <time>2026-07-11T07:50:49Z</time>
   </trkpt>
   <trkpt lat="12.9064780" lon="77.6228690">
    <ele>900.4</ele>
    <time>2026-07-11T07:50:50Z</time>
   </trkpt>
   <trkpt lat="12.9064720" lon="77.6228680">
    <ele>900.4</ele>
    <time>2026-07-11T07:50:51Z</time>
   </trkpt>
   <trkpt lat="12.9064620" lon="77.6228640">
    <ele>900.5</ele>
    <time>2026-07-11T07:50:52Z</time>
   </trkpt>
   <trkpt lat="12.9064490" lon="77.6228710">
    <ele>900.5</ele>
    <time>2026-07-11T07:50:53Z</time>
   </trkpt>
   <trkpt lat="12.9064330" lon="77.6228690">
    <ele>900.5</ele>
    <time>2026-07-11T07:50:54Z</time>
   </trkpt>
   <trkpt lat="12.9064070" lon="77.6228610">
    <ele>900.6</ele>
    <time>2026-07-11T07:50:55Z</time>
   </trkpt>
   <trkpt lat="12.9063880" lon="77.6228460">
    <ele>900.7</ele>
    <time>2026-07-11T07:50:56Z</time>
   </trkpt>
   <trkpt lat="12.9063670" lon="77.6228470">
    <ele>900.7</ele>
    <time>2026-07-11T07:50:57Z</time>
   </trkpt>
   <trkpt lat="12.9063480" lon="77.6228470">
    <ele>900.8</ele>
    <time>2026-07-11T07:50:58Z</time>
   </trkpt>
   <trkpt lat="12.9063320" lon="77.6228480">
    <ele>900.8</ele>
    <time>2026-07-11T07:50:59Z</time>
   </trkpt>
   <trkpt lat="12.9063070" lon="77.6228490">
    <ele>900.9</ele>
    <time>2026-07-11T07:51:00Z</time>
   </trkpt>
   <trkpt lat="12.9062880" lon="77.6228500">
    <ele>901.0</ele>
    <time>2026-07-11T07:51:01Z</time>
   </trkpt>
   <trkpt lat="12.9062660" lon="77.6228450">
    <ele>901.0</ele>
    <time>2026-07-11T07:51:02Z</time>
   </trkpt>
   <trkpt lat="12.9062400" lon="77.6228440">
    <ele>901.1</ele>
    <time>2026-07-11T07:51:03Z</time>
   </trkpt>
   <trkpt lat="12.9062200" lon="77.6228440">
    <ele>901.2</ele>
    <time>2026-07-11T07:51:04Z</time>
   </trkpt>
   <trkpt lat="12.9061970" lon="77.6228460">
    <ele>901.3</ele>
    <time>2026-07-11T07:51:05Z</time>
   </trkpt>
   <trkpt lat="12.9061730" lon="77.6228420">
    <ele>901.3</ele>
    <time>2026-07-11T07:51:06Z</time>
   </trkpt>
   <trkpt lat="12.9061470" lon="77.6228360">
    <ele>901.4</ele>
    <time>2026-07-11T07:51:07Z</time>
   </trkpt>
   <trkpt lat="12.9061220" lon="77.6228320">
    <ele>901.4</ele>
    <time>2026-07-11T07:51:08Z</time>
   </trkpt>
   <trkpt lat="12.9060960" lon="77.6228290">
    <ele>901.5</ele>
    <time>2026-07-11T07:51:09Z</time>
   </trkpt>
   <trkpt lat="12.9060720" lon="77.6228250">
    <ele>901.6</ele>
    <time>2026-07-11T07:51:10Z</time>
   </trkpt>
   <trkpt lat="12.9060510" lon="77.6228220">
    <ele>901.6</ele>
    <time>2026-07-11T07:51:11Z</time>
   </trkpt>
   <trkpt lat="12.9060300" lon="77.6228180">
    <ele>901.7</ele>
    <time>2026-07-11T07:51:12Z</time>
   </trkpt>
   <trkpt lat="12.9060100" lon="77.6228120">
    <ele>901.7</ele>
    <time>2026-07-11T07:51:13Z</time>
   </trkpt>
   <trkpt lat="12.9059850" lon="77.6228140">
    <ele>901.8</ele>
    <time>2026-07-11T07:51:14Z</time>
   </trkpt>
   <trkpt lat="12.9059580" lon="77.6228100">
    <ele>901.9</ele>
    <time>2026-07-11T07:51:15Z</time>
   </trkpt>
   <trkpt lat="12.9059330" lon="77.6228140">
    <ele>901.9</ele>
    <time>2026-07-11T07:51:16Z</time>
   </trkpt>
   <trkpt lat="12.9059050" lon="77.6228090">
    <ele>902.0</ele>
    <time>2026-07-11T07:51:17Z</time>
   </trkpt>
   <trkpt lat="12.9058850" lon="77.6228180">
    <ele>902.0</ele>
    <time>2026-07-11T07:51:18Z</time>
   </trkpt>
   <trkpt lat="12.9058580" lon="77.6228150">
    <ele>902.1</ele>
    <time>2026-07-11T07:51:19Z</time>
   </trkpt>
   <trkpt lat="12.9058320" lon="77.6228250">
    <ele>902.2</ele>
    <time>2026-07-11T07:51:20Z</time>
   </trkpt>
   <trkpt lat="12.9058100" lon="77.6228150">
    <ele>902.3</ele>
    <time>2026-07-11T07:51:21Z</time>
   </trkpt>
   <trkpt lat="12.9057840" lon="77.6227990">
    <ele>902.4</ele>
    <time>2026-07-11T07:51:22Z</time>
   </trkpt>
   <trkpt lat="12.9057620" lon="77.6228020">
    <ele>902.4</ele>
    <time>2026-07-11T07:51:23Z</time>
   </trkpt>
   <trkpt lat="12.9057400" lon="77.6227950">
    <ele>902.5</ele>
    <time>2026-07-11T07:51:24Z</time>
   </trkpt>
   <trkpt lat="12.9057140" lon="77.6227970">
    <ele>902.6</ele>
    <time>2026-07-11T07:51:25Z</time>
   </trkpt>
   <trkpt lat="12.9056910" lon="77.6227950">
    <ele>902.7</ele>
    <time>2026-07-11T07:51:26Z</time>
   </trkpt>
   <trkpt lat="12.9056650" lon="77.6227910">
    <ele>902.7</ele>
    <time>2026-07-11T07:51:27Z</time>
   </trkpt>
   <trkpt lat="12.9056380" lon="77.6227900">
    <ele>902.8</ele>
    <time>2026-07-11T07:51:28Z</time>
   </trkpt>
   <trkpt lat="12.9056140" lon="77.6227910">
    <ele>902.9</ele>
    <time>2026-07-11T07:51:29Z</time>
   </trkpt>
   <trkpt lat="12.9055920" lon="77.6227880">
    <ele>903.0</ele>
    <time>2026-07-11T07:51:30Z</time>
   </trkpt>
   <trkpt lat="12.9055720" lon="77.6227850">
    <ele>903.0</ele>
    <time>2026-07-11T07:51:31Z</time>
   </trkpt>
   <trkpt lat="12.9055430" lon="77.6227780">
    <ele>903.1</ele>
    <time>2026-07-11T07:51:32Z</time>
   </trkpt>
   <trkpt lat="12.9055190" lon="77.6227730">
    <ele>903.2</ele>
    <time>2026-07-11T07:51:33Z</time>
   </trkpt>
   <trkpt lat="12.9054930" lon="77.6227700">
    <ele>903.2</ele>
    <time>2026-07-11T07:51:34Z</time>
   </trkpt>
   <trkpt lat="12.9054670" lon="77.6227590">
    <ele>903.3</ele>
    <time>2026-07-11T07:51:35Z</time>
   </trkpt>
   <trkpt lat="12.9054390" lon="77.6227520">
    <ele>903.4</ele>
    <time>2026-07-11T07:51:36Z</time>
   </trkpt>
   <trkpt lat="12.9054150" lon="77.6227500">
    <ele>903.4</ele>
    <time>2026-07-11T07:51:37Z</time>
   </trkpt>
   <trkpt lat="12.9053910" lon="77.6227470">
    <ele>903.5</ele>
    <time>2026-07-11T07:51:38Z</time>
   </trkpt>
   <trkpt lat="12.9053660" lon="77.6227390">
    <ele>903.6</ele>
    <time>2026-07-11T07:51:39Z</time>
   </trkpt>
   <trkpt lat="12.9053420" lon="77.6227330">
    <ele>903.6</ele>
    <time>2026-07-11T07:51:40Z</time>
   </trkpt>
   <trkpt lat="12.9053150" lon="77.6227250">
    <ele>903.7</ele>
    <time>2026-07-11T07:51:41Z</time>
   </trkpt>
   <trkpt lat="12.9052900" lon="77.6227160">
    <ele>903.8</ele>
    <time>2026-07-11T07:51:42Z</time>
   </trkpt>
   <trkpt lat="12.9052630" lon="77.6227100">
    <ele>903.8</ele>
    <time>2026-07-11T07:51:43Z</time>
   </trkpt>
   <trkpt lat="12.9052370" lon="77.6227030">
    <ele>903.9</ele>
    <time>2026-07-11T07:51:44Z</time>
   </trkpt>
   <trkpt lat="12.9052110" lon="77.6226930">
    <ele>903.9</ele>
    <time>2026-07-11T07:51:45Z</time>
   </trkpt>
   <trkpt lat="12.9051840" lon="77.6226890">
    <ele>904.0</ele>
    <time>2026-07-11T07:51:46Z</time>
   </trkpt>
   <trkpt lat="12.9051560" lon="77.6226880">
    <ele>904.0</ele>
    <time>2026-07-11T07:51:47Z</time>
   </trkpt>
   <trkpt lat="12.9051310" lon="77.6226840">
    <ele>904.1</ele>
    <time>2026-07-11T07:51:48Z</time>
   </trkpt>
   <trkpt lat="12.9051020" lon="77.6226830">
    <ele>904.2</ele>
    <time>2026-07-11T07:51:49Z</time>
   </trkpt>
   <trkpt lat="12.9050790" lon="77.6226730">
    <ele>904.2</ele>
    <time>2026-07-11T07:51:50Z</time>
   </trkpt>
   <trkpt lat="12.9050520" lon="77.6226710">
    <ele>904.2</ele>
    <time>2026-07-11T07:51:51Z</time>
   </trkpt>
   <trkpt lat="12.9050240" lon="77.6226660">
    <ele>904.3</ele>
    <time>2026-07-11T07:51:52Z</time>
   </trkpt>
   <trkpt lat="12.9049990" lon="77.6226540">
    <ele>904.3</ele>
    <time>2026-07-11T07:51:53Z</time>
   </trkpt>
   <trkpt lat="12.9049730" lon="77.6226430">
    <ele>904.4</ele>
    <time>2026-07-11T07:51:54Z</time>
   </trkpt>
   <trkpt lat="12.9049450" lon="77.6226390">
    <ele>904.4</ele>
    <time>2026-07-11T07:51:55Z</time>
   </trkpt>
   <trkpt lat="12.9049220" lon="77.6226440">
    <ele>904.5</ele>
    <time>2026-07-11T07:51:56Z</time>
   </trkpt>
   <trkpt lat="12.9048990" lon="77.6226430">
    <ele>904.5</ele>
    <time>2026-07-11T07:51:57Z</time>
   </trkpt>
   <trkpt lat="12.9048680" lon="77.6226450">
    <ele>904.5</ele>
    <time>2026-07-11T07:51:58Z</time>
   </trkpt>
   <trkpt lat="12.9048410" lon="77.6226470">
    <ele>904.5</ele>
    <time>2026-07-11T07:51:59Z</time>
   </trkpt>
   <trkpt lat="12.9048140" lon="77.6226460">
    <ele>904.5</ele>
    <time>2026-07-11T07:52:00Z</time>
   </trkpt>
   <trkpt lat="12.9047890" lon="77.6226440">
    <ele>904.5</ele>
    <time>2026-07-11T07:52:01Z</time>
   </trkpt>
   <trkpt lat="12.9047630" lon="77.6226320">
    <ele>904.5</ele>
    <time>2026-07-11T07:52:02Z</time>
   </trkpt>
   <trkpt lat="12.9047360" lon="77.6226310">
    <ele>904.5</ele>
    <time>2026-07-11T07:52:03Z</time>
   </trkpt>
   <trkpt lat="12.9047100" lon="77.6226320">
    <ele>904.5</ele>
    <time>2026-07-11T07:52:04Z</time>
   </trkpt>
   <trkpt lat="12.9046810" lon="77.6226340">
    <ele>904.5</ele>
    <time>2026-07-11T07:52:05Z</time>
   </trkpt>
   <trkpt lat="12.9046530" lon="77.6226350">
    <ele>904.4</ele>
    <time>2026-07-11T07:52:06Z</time>
   </trkpt>
   <trkpt lat="12.9046220" lon="77.6226400">
    <ele>904.4</ele>
    <time>2026-07-11T07:52:07Z</time>
   </trkpt>
   <trkpt lat="12.9045960" lon="77.6226350">
    <ele>904.4</ele>
    <time>2026-07-11T07:52:08Z</time>
   </trkpt>
   <trkpt lat="12.9045690" lon="77.6226360">
    <ele>904.4</ele>
    <time>2026-07-11T07:52:09Z</time>
   </trkpt>
   <trkpt lat="12.9045390" lon="77.6226280">
    <ele>904.4</ele>
    <time>2026-07-11T07:52:10Z</time>
   </trkpt>
   <trkpt lat="12.9045130" lon="77.6226310">
    <ele>904.4</ele>
    <time>2026-07-11T07:52:11Z</time>
   </trkpt>
   <trkpt lat="12.9044810" lon="77.6226340">
    <ele>904.4</ele>
    <time>2026-07-11T07:52:12Z</time>
   </trkpt>
   <trkpt lat="12.9044530" lon="77.6226340">
    <ele>904.4</ele>
    <time>2026-07-11T07:52:13Z</time>
   </trkpt>
   <trkpt lat="12.9044240" lon="77.6226240">
    <ele>904.4</ele>
    <time>2026-07-11T07:52:14Z</time>
   </trkpt>
   <trkpt lat="12.9043940" lon="77.6226180">
    <ele>904.5</ele>
    <time>2026-07-11T07:52:15Z</time>
   </trkpt>
   <trkpt lat="12.9043680" lon="77.6226140">
    <ele>904.5</ele>
    <time>2026-07-11T07:52:16Z</time>
   </trkpt>
   <trkpt lat="12.9043460" lon="77.6226120">
    <ele>904.5</ele>
    <time>2026-07-11T07:52:17Z</time>
   </trkpt>
   <trkpt lat="12.9043230" lon="77.6226060">
    <ele>904.5</ele>
    <time>2026-07-11T07:52:18Z</time>
   </trkpt>
   <trkpt lat="12.9042950" lon="77.6226010">
    <ele>904.5</ele>
    <time>2026-07-11T07:52:19Z</time>
   </trkpt>
   <trkpt lat="12.9042730" lon="77.6225980">
    <ele>904.5</ele>
    <time>2026-07-11T07:52:20Z</time>
   </trkpt>
   <trkpt lat="12.9042510" lon="77.6225950">
    <ele>904.5</ele>
    <time>2026-07-11T07:52:21Z</time>
   </trkpt>
   <trkpt lat="12.9042240" lon="77.6225960">
    <ele>904.5</ele>
    <time>2026-07-11T07:52:22Z</time>
   </trkpt>
   <trkpt lat="12.9042000" lon="77.6225920">
    <ele>904.5</ele>
    <time>2026-07-11T07:52:23Z</time>
   </trkpt>
   <trkpt lat="12.9041750" lon="77.6225910">
    <ele>904.5</ele>
    <time>2026-07-11T07:52:24Z</time>
   </trkpt>
   <trkpt lat="12.9041550" lon="77.6225910">
    <ele>904.5</ele>
    <time>2026-07-11T07:52:25Z</time>
   </trkpt>
   <trkpt lat="12.9041270" lon="77.6225870">
    <ele>904.5</ele>
    <time>2026-07-11T07:52:27Z</time>
   </trkpt>
   <trkpt lat="12.9040990" lon="77.6225760">
    <ele>904.5</ele>
    <time>2026-07-11T07:52:28Z</time>
   </trkpt>
   <trkpt lat="12.9040730" lon="77.6225700">
    <ele>904.5</ele>
    <time>2026-07-11T07:52:29Z</time>
   </trkpt>
   <trkpt lat="12.9040440" lon="77.6225660">
    <ele>904.5</ele>
    <time>2026-07-11T07:52:30Z</time>
   </trkpt>
   <trkpt lat="12.9040160" lon="77.6225580">
    <ele>904.5</ele>
    <time>2026-07-11T07:52:31Z</time>
   </trkpt>
   <trkpt lat="12.9039900" lon="77.6225590">
    <ele>904.4</ele>
    <time>2026-07-11T07:52:32Z</time>
   </trkpt>
   <trkpt lat="12.9039620" lon="77.6225540">
    <ele>904.4</ele>
    <time>2026-07-11T07:52:33Z</time>
   </trkpt>
   <trkpt lat="12.9039410" lon="77.6225470">
    <ele>904.4</ele>
    <time>2026-07-11T07:52:34Z</time>
   </trkpt>
   <trkpt lat="12.9039120" lon="77.6225470">
    <ele>904.4</ele>
    <time>2026-07-11T07:52:35Z</time>
   </trkpt>
   <trkpt lat="12.9038820" lon="77.6225430">
    <ele>904.4</ele>
    <time>2026-07-11T07:52:36Z</time>
   </trkpt>
   <trkpt lat="12.9038560" lon="77.6225410">
    <ele>904.4</ele>
    <time>2026-07-11T07:52:37Z</time>
   </trkpt>
   <trkpt lat="12.9038240" lon="77.6225360">
    <ele>904.4</ele>
    <time>2026-07-11T07:52:38Z</time>
   </trkpt>
   <trkpt lat="12.9037930" lon="77.6225240">
    <ele>904.4</ele>
    <time>2026-07-11T07:52:39Z</time>
   </trkpt>
   <trkpt lat="12.9037640" lon="77.6225230">
    <ele>904.4</ele>
    <time>2026-07-11T07:52:40Z</time>
   </trkpt>
   <trkpt lat="12.9037350" lon="77.6225190">
    <ele>904.4</ele>
    <time>2026-07-11T07:52:41Z</time>
   </trkpt>
   <trkpt lat="12.9037030" lon="77.6225180">
    <ele>904.4</ele>
    <time>2026-07-11T07:52:42Z</time>
   </trkpt>
   <trkpt lat="12.9036750" lon="77.6225110">
    <ele>904.4</ele>
    <time>2026-07-11T07:52:43Z</time>
   </trkpt>
   <trkpt lat="12.9036540" lon="77.6225120">
    <ele>904.4</ele>
    <time>2026-07-11T07:52:44Z</time>
   </trkpt>
   <trkpt lat="12.9036200" lon="77.6225040">
    <ele>904.4</ele>
    <time>2026-07-11T07:52:45Z</time>
   </trkpt>
   <trkpt lat="12.9035900" lon="77.6225010">
    <ele>904.4</ele>
    <time>2026-07-11T07:52:46Z</time>
   </trkpt>
   <trkpt lat="12.9035630" lon="77.6225020">
    <ele>904.5</ele>
    <time>2026-07-11T07:52:47Z</time>
   </trkpt>
   <trkpt lat="12.9035330" lon="77.6225000">
    <ele>904.5</ele>
    <time>2026-07-11T07:52:48Z</time>
   </trkpt>
   <trkpt lat="12.9035040" lon="77.6224980">
    <ele>904.5</ele>
    <time>2026-07-11T07:52:49Z</time>
   </trkpt>
   <trkpt lat="12.9034750" lon="77.6224970">
    <ele>904.5</ele>
    <time>2026-07-11T07:52:50Z</time>
   </trkpt>
   <trkpt lat="12.9034470" lon="77.6224940">
    <ele>904.5</ele>
    <time>2026-07-11T07:52:51Z</time>
   </trkpt>
   <trkpt lat="12.9034180" lon="77.6224930">
    <ele>904.5</ele>
    <time>2026-07-11T07:52:52Z</time>
   </trkpt>
   <trkpt lat="12.9033880" lon="77.6224910">
    <ele>904.5</ele>
    <time>2026-07-11T07:52:53Z</time>
   </trkpt>
   <trkpt lat="12.9033570" lon="77.6224840">
    <ele>904.6</ele>
    <time>2026-07-11T07:52:54Z</time>
   </trkpt>
   <trkpt lat="12.9033270" lon="77.6224790">
    <ele>904.6</ele>
    <time>2026-07-11T07:52:55Z</time>
   </trkpt>
   <trkpt lat="12.9032970" lon="77.6224810">
    <ele>904.6</ele>
    <time>2026-07-11T07:52:56Z</time>
   </trkpt>
   <trkpt lat="12.9032650" lon="77.6224800">
    <ele>904.6</ele>
    <time>2026-07-11T07:52:57Z</time>
   </trkpt>
   <trkpt lat="12.9032340" lon="77.6224820">
    <ele>904.6</ele>
    <time>2026-07-11T07:52:58Z</time>
   </trkpt>
   <trkpt lat="12.9032070" lon="77.6224860">
    <ele>904.6</ele>
    <time>2026-07-11T07:52:59Z</time>
   </trkpt>
   <trkpt lat="12.9031780" lon="77.6224770">
    <ele>904.6</ele>
    <time>2026-07-11T07:53:00Z</time>
   </trkpt>
   <trkpt lat="12.9031510" lon="77.6224830">
    <ele>904.5</ele>
    <time>2026-07-11T07:53:01Z</time>
   </trkpt>
   <trkpt lat="12.9031280" lon="77.6224770">
    <ele>904.5</ele>
    <time>2026-07-11T07:53:02Z</time>
   </trkpt>
   <trkpt lat="12.9031030" lon="77.6224730">
    <ele>904.5</ele>
    <time>2026-07-11T07:53:03Z</time>
   </trkpt>
   <trkpt lat="12.9030780" lon="77.6224680">
    <ele>904.5</ele>
    <time>2026-07-11T07:53:04Z</time>
   </trkpt>
   <trkpt lat="12.9030460" lon="77.6224700">
    <ele>904.4</ele>
    <time>2026-07-11T07:53:05Z</time>
   </trkpt>
   <trkpt lat="12.9030140" lon="77.6224670">
    <ele>904.4</ele>
    <time>2026-07-11T07:53:06Z</time>
   </trkpt>
   <trkpt lat="12.9029860" lon="77.6224620">
    <ele>904.4</ele>
    <time>2026-07-11T07:53:07Z</time>
   </trkpt>
   <trkpt lat="12.9029580" lon="77.6224600">
    <ele>904.3</ele>
    <time>2026-07-11T07:53:08Z</time>
   </trkpt>
   <trkpt lat="12.9029310" lon="77.6224620">
    <ele>904.3</ele>
    <time>2026-07-11T07:53:09Z</time>
   </trkpt>
   <trkpt lat="12.9029070" lon="77.6224640">
    <ele>904.2</ele>
    <time>2026-07-11T07:53:10Z</time>
   </trkpt>
   <trkpt lat="12.9028800" lon="77.6224650">
    <ele>904.1</ele>
    <time>2026-07-11T07:53:11Z</time>
   </trkpt>
   <trkpt lat="12.9028520" lon="77.6224610">
    <ele>904.1</ele>
    <time>2026-07-11T07:53:12Z</time>
   </trkpt>
   <trkpt lat="12.9028290" lon="77.6224500">
    <ele>904.1</ele>
    <time>2026-07-11T07:53:13Z</time>
   </trkpt>
   <trkpt lat="12.9028080" lon="77.6224470">
    <ele>904.0</ele>
    <time>2026-07-11T07:53:14Z</time>
   </trkpt>
   <trkpt lat="12.9027910" lon="77.6224450">
    <ele>904.0</ele>
    <time>2026-07-11T07:53:15Z</time>
   </trkpt>
   <trkpt lat="12.9027780" lon="77.6224420">
    <ele>904.0</ele>
    <time>2026-07-11T07:53:16Z</time>
   </trkpt>
   <trkpt lat="12.9027720" lon="77.6224410">
    <ele>904.0</ele>
    <time>2026-07-11T07:53:17Z</time>
   </trkpt>
   <trkpt lat="12.9027750" lon="77.6224400">
    <ele>904.0</ele>
    <time>2026-07-11T07:53:18Z</time>
   </trkpt>
   <trkpt lat="12.9027730" lon="77.6224400">
    <ele>904.0</ele>
    <time>2026-07-11T07:53:19Z</time>
   </trkpt>
   <trkpt lat="12.9027730" lon="77.6224380">
    <ele>904.0</ele>
    <time>2026-07-11T07:53:20Z</time>
   </trkpt>
   <trkpt lat="12.9027720" lon="77.6224360">
    <ele>904.0</ele>
    <time>2026-07-11T07:53:21Z</time>
   </trkpt>
   <trkpt lat="12.9027730" lon="77.6224360">
    <ele>904.0</ele>
    <time>2026-07-11T07:53:22Z</time>
   </trkpt>
   <trkpt lat="12.9027730" lon="77.6224360">
    <ele>904.0</ele>
    <time>2026-07-11T07:53:23Z</time>
   </trkpt>
   <trkpt lat="12.9027690" lon="77.6224280">
    <ele>903.9</ele>
    <time>2026-07-11T07:53:24Z</time>
   </trkpt>
   <trkpt lat="12.9027690" lon="77.6224290">
    <ele>903.9</ele>
    <time>2026-07-11T07:53:25Z</time>
   </trkpt>
   <trkpt lat="12.9027690" lon="77.6224290">
    <ele>903.9</ele>
    <time>2026-07-11T07:53:26Z</time>
   </trkpt>
   <trkpt lat="12.9027450" lon="77.6224270">
    <ele>903.9</ele>
    <time>2026-07-11T07:53:34Z</time>
   </trkpt>
   <trkpt lat="12.9027290" lon="77.6224270">
    <ele>903.9</ele>
    <time>2026-07-11T07:53:35Z</time>
   </trkpt>
   <trkpt lat="12.9027100" lon="77.6224250">
    <ele>903.9</ele>
    <time>2026-07-11T07:53:36Z</time>
   </trkpt>
   <trkpt lat="12.9026870" lon="77.6224280">
    <ele>903.8</ele>
    <time>2026-07-11T07:53:37Z</time>
   </trkpt>
   <trkpt lat="12.9026620" lon="77.6224270">
    <ele>903.8</ele>
    <time>2026-07-11T07:53:38Z</time>
   </trkpt>
   <trkpt lat="12.9026380" lon="77.6224230">
    <ele>903.7</ele>
    <time>2026-07-11T07:53:39Z</time>
   </trkpt>
   <trkpt lat="12.9025840" lon="77.6224150">
    <ele>903.7</ele>
    <time>2026-07-11T07:53:40Z</time>
   </trkpt>
   <trkpt lat="12.9025580" lon="77.6224140">
    <ele>903.6</ele>
    <time>2026-07-11T07:53:41Z</time>
   </trkpt>
   <trkpt lat="12.9025310" lon="77.6224140">
    <ele>903.6</ele>
    <time>2026-07-11T07:53:42Z</time>
   </trkpt>
   <trkpt lat="12.9025040" lon="77.6224090">
    <ele>903.5</ele>
    <time>2026-07-11T07:53:43Z</time>
   </trkpt>
   <trkpt lat="12.9024780" lon="77.6224040">
    <ele>903.5</ele>
    <time>2026-07-11T07:53:44Z</time>
   </trkpt>
   <trkpt lat="12.9024520" lon="77.6223990">
    <ele>903.4</ele>
    <time>2026-07-11T07:53:45Z</time>
   </trkpt>
   <trkpt lat="12.9024250" lon="77.6223960">
    <ele>903.4</ele>
    <time>2026-07-11T07:53:46Z</time>
   </trkpt>
   <trkpt lat="12.9023980" lon="77.6223950">
    <ele>903.3</ele>
    <time>2026-07-11T07:53:47Z</time>
   </trkpt>
   <trkpt lat="12.9023730" lon="77.6223960">
    <ele>903.3</ele>
    <time>2026-07-11T07:53:48Z</time>
   </trkpt>
   <trkpt lat="12.9023490" lon="77.6224000">
    <ele>903.2</ele>
    <time>2026-07-11T07:53:49Z</time>
   </trkpt>
   <trkpt lat="12.9023260" lon="77.6223980">
    <ele>903.2</ele>
    <time>2026-07-11T07:53:50Z</time>
   </trkpt>
   <trkpt lat="12.9023030" lon="77.6223930">
    <ele>903.2</ele>
    <time>2026-07-11T07:53:51Z</time>
   </trkpt>
   <trkpt lat="12.9022850" lon="77.6223960">
    <ele>903.1</ele>
    <time>2026-07-11T07:53:52Z</time>
   </trkpt>
   <trkpt lat="12.9022840" lon="77.6224170">
    <ele>903.2</ele>
    <time>2026-07-11T07:53:53Z</time>
   </trkpt>
   <trkpt lat="12.9022750" lon="77.6224300">
    <ele>903.3</ele>
    <time>2026-07-11T07:53:54Z</time>
   </trkpt>
   <trkpt lat="12.9022730" lon="77.6224500">
    <ele>903.4</ele>
    <time>2026-07-11T07:53:55Z</time>
   </trkpt>
   <trkpt lat="12.9022660" lon="77.6224710">
    <ele>903.4</ele>
    <time>2026-07-11T07:53:56Z</time>
   </trkpt>
   <trkpt lat="12.9022540" lon="77.6224900">
    <ele>903.5</ele>
    <time>2026-07-11T07:53:57Z</time>
   </trkpt>
   <trkpt lat="12.9022420" lon="77.6225310">
    <ele>903.7</ele>
    <time>2026-07-11T07:53:58Z</time>
   </trkpt>
   <trkpt lat="12.9022320" lon="77.6225630">
    <ele>903.8</ele>
    <time>2026-07-11T07:53:59Z</time>
   </trkpt>
   <trkpt lat="12.9022300" lon="77.6225940">
    <ele>904.0</ele>
    <time>2026-07-11T07:54:00Z</time>
   </trkpt>
   <trkpt lat="12.9022320" lon="77.6226230">
    <ele>904.1</ele>
    <time>2026-07-11T07:54:01Z</time>
   </trkpt>
   <trkpt lat="12.9022250" lon="77.6226500">
    <ele>904.2</ele>
    <time>2026-07-11T07:54:02Z</time>
   </trkpt>
   <trkpt lat="12.9022260" lon="77.6226770">
    <ele>904.3</ele>
    <time>2026-07-11T07:54:03Z</time>
   </trkpt>
   <trkpt lat="12.9022230" lon="77.6227030">
    <ele>904.4</ele>
    <time>2026-07-11T07:54:04Z</time>
   </trkpt>
   <trkpt lat="12.9022260" lon="77.6227300">
    <ele>904.5</ele>
    <time>2026-07-11T07:54:05Z</time>
   </trkpt>
   <trkpt lat="12.9022270" lon="77.6227580">
    <ele>904.6</ele>
    <time>2026-07-11T07:54:06Z</time>
   </trkpt>
   <trkpt lat="12.9022190" lon="77.6227860">
    <ele>904.7</ele>
    <time>2026-07-11T07:54:07Z</time>
   </trkpt>
   <trkpt lat="12.9022130" lon="77.6228140">
    <ele>904.8</ele>
    <time>2026-07-11T07:54:08Z</time>
   </trkpt>
   <trkpt lat="12.9022070" lon="77.6228390">
    <ele>904.9</ele>
    <time>2026-07-11T07:54:09Z</time>
   </trkpt>
   <trkpt lat="12.9022030" lon="77.6228690">
    <ele>904.9</ele>
    <time>2026-07-11T07:54:10Z</time>
   </trkpt>
   <trkpt lat="12.9021980" lon="77.6228940">
    <ele>905.0</ele>
    <time>2026-07-11T07:54:11Z</time>
   </trkpt>
   <trkpt lat="12.9021940" lon="77.6229240">
    <ele>905.0</ele>
    <time>2026-07-11T07:54:12Z</time>
   </trkpt>
   <trkpt lat="12.9021910" lon="77.6229590">
    <ele>905.1</ele>
    <time>2026-07-11T07:54:13Z</time>
   </trkpt>
   <trkpt lat="12.9021920" lon="77.6229880">
    <ele>905.1</ele>
    <time>2026-07-11T07:54:14Z</time>
   </trkpt>
   <trkpt lat="12.9021930" lon="77.6230150">
    <ele>905.1</ele>
    <time>2026-07-11T07:54:15Z</time>
   </trkpt>
   <trkpt lat="12.9021830" lon="77.6230420">
    <ele>905.2</ele>
    <time>2026-07-11T07:54:16Z</time>
   </trkpt>
   <trkpt lat="12.9021650" lon="77.6231000">
    <ele>905.2</ele>
    <time>2026-07-11T07:54:18Z</time>
   </trkpt>
   <trkpt lat="12.9021560" lon="77.6231280">
    <ele>905.2</ele>
    <time>2026-07-11T07:54:19Z</time>
   </trkpt>
   <trkpt lat="12.9021510" lon="77.6231570">
    <ele>905.2</ele>
    <time>2026-07-11T07:54:20Z</time>
   </trkpt>
   <trkpt lat="12.9021500" lon="77.6231890">
    <ele>905.2</ele>
    <time>2026-07-11T07:54:21Z</time>
   </trkpt>
   <trkpt lat="12.9021490" lon="77.6232190">
    <ele>905.2</ele>
    <time>2026-07-11T07:54:22Z</time>
   </trkpt>
   <trkpt lat="12.9021440" lon="77.6232500">
    <ele>905.2</ele>
    <time>2026-07-11T07:54:23Z</time>
   </trkpt>
   <trkpt lat="12.9021410" lon="77.6232810">
    <ele>905.2</ele>
    <time>2026-07-11T07:54:24Z</time>
   </trkpt>
   <trkpt lat="12.9021360" lon="77.6233110">
    <ele>905.2</ele>
    <time>2026-07-11T07:54:25Z</time>
   </trkpt>
   <trkpt lat="12.9021280" lon="77.6233400">
    <ele>905.2</ele>
    <time>2026-07-11T07:54:26Z</time>
   </trkpt>
   <trkpt lat="12.9021240" lon="77.6233670">
    <ele>905.2</ele>
    <time>2026-07-11T07:54:27Z</time>
   </trkpt>
   <trkpt lat="12.9021220" lon="77.6233920">
    <ele>905.2</ele>
    <time>2026-07-11T07:54:28Z</time>
   </trkpt>
   <trkpt lat="12.9021190" lon="77.6234230">
    <ele>905.2</ele>
    <time>2026-07-11T07:54:29Z</time>
   </trkpt>
   <trkpt lat="12.9021150" lon="77.6234520">
    <ele>905.2</ele>
    <time>2026-07-11T07:54:30Z</time>
   </trkpt>
   <trkpt lat="12.9021130" lon="77.6234810">
    <ele>905.2</ele>
    <time>2026-07-11T07:54:32Z</time>
   </trkpt>
   <trkpt lat="12.9021040" lon="77.6235120">
    <ele>905.2</ele>
    <time>2026-07-11T07:54:33Z</time>
   </trkpt>
   <trkpt lat="12.9020950" lon="77.6235390">
    <ele>905.2</ele>
    <time>2026-07-11T07:54:34Z</time>
   </trkpt>
   <trkpt lat="12.9020910" lon="77.6235680">
    <ele>905.2</ele>
    <time>2026-07-11T07:54:35Z</time>
   </trkpt>
   <trkpt lat="12.9020790" lon="77.6235890">
    <ele>905.2</ele>
    <time>2026-07-11T07:54:36Z</time>
   </trkpt>
   <trkpt lat="12.9020760" lon="77.6236110">
    <ele>905.2</ele>
    <time>2026-07-11T07:54:37Z</time>
   </trkpt>
   <trkpt lat="12.9020740" lon="77.6236350">
    <ele>905.2</ele>
    <time>2026-07-11T07:54:38Z</time>
   </trkpt>
   <trkpt lat="12.9020630" lon="77.6236550">
    <ele>905.2</ele>
    <time>2026-07-11T07:54:39Z</time>
   </trkpt>
   <trkpt lat="12.9020490" lon="77.6236700">
    <ele>905.2</ele>
    <time>2026-07-11T07:54:40Z</time>
   </trkpt>
   <trkpt lat="12.9020390" lon="77.6236800">
    <ele>905.2</ele>
    <time>2026-07-11T07:54:41Z</time>
   </trkpt>
   <trkpt lat="12.9020180" lon="77.6236890">
    <ele>905.2</ele>
    <time>2026-07-11T07:54:42Z</time>
   </trkpt>
   <trkpt lat="12.9020060" lon="77.6236970">
    <ele>905.2</ele>
    <time>2026-07-11T07:54:43Z</time>
   </trkpt>
   <trkpt lat="12.9020070" lon="77.6236980">
    <ele>905.2</ele>
    <time>2026-07-11T07:54:44Z</time>
   </trkpt>
   <trkpt lat="12.9020070" lon="77.6236980">
    <ele>905.2</ele>
    <time>2026-07-11T07:54:45Z</time>
   </trkpt>
   <trkpt lat="12.9020080" lon="77.6236980">
    <ele>905.2</ele>
    <time>2026-07-11T07:54:46Z</time>
   </trkpt>
   <trkpt lat="12.9020080" lon="77.6236980">
    <ele>905.2</ele>
    <time>2026-07-11T07:54:47Z</time>
   </trkpt>
   <trkpt lat="12.9020020" lon="77.6237030">
    <ele>905.2</ele>
    <time>2026-07-11T07:54:48Z</time>
   </trkpt>
   <trkpt lat="12.9019970" lon="77.6237160">
    <ele>905.2</ele>
    <time>2026-07-11T07:54:49Z</time>
   </trkpt>
   <trkpt lat="12.9019960" lon="77.6237260">
    <ele>905.2</ele>
    <time>2026-07-11T07:54:50Z</time>
   </trkpt>
   <trkpt lat="12.9019930" lon="77.6237380">
    <ele>905.2</ele>
    <time>2026-07-11T07:54:51Z</time>
   </trkpt>
   <trkpt lat="12.9019800" lon="77.6237560">
    <ele>905.3</ele>
    <time>2026-07-11T07:54:52Z</time>
   </trkpt>
   <trkpt lat="12.9019660" lon="77.6237510">
    <ele>905.2</ele>
    <time>2026-07-11T07:54:53Z</time>
   </trkpt>
   <trkpt lat="12.9019390" lon="77.6237380">
    <ele>905.2</ele>
    <time>2026-07-11T07:54:54Z</time>
   </trkpt>
   <trkpt lat="12.9019110" lon="77.6237280">
    <ele>905.2</ele>
    <time>2026-07-11T07:54:55Z</time>
   </trkpt>
   <trkpt lat="12.9018780" lon="77.6237130">
    <ele>905.2</ele>
    <time>2026-07-11T07:54:56Z</time>
   </trkpt>
   <trkpt lat="12.9018400" lon="77.6236920">
    <ele>905.1</ele>
    <time>2026-07-11T07:54:57Z</time>
   </trkpt>
   <trkpt lat="12.9018080" lon="77.6236700">
    <ele>905.1</ele>
    <time>2026-07-11T07:54:58Z</time>
   </trkpt>
   <trkpt lat="12.9017760" lon="77.6236530">
    <ele>905.1</ele>
    <time>2026-07-11T07:54:59Z</time>
   </trkpt>
   <trkpt lat="12.9017480" lon="77.6236340">
    <ele>905.1</ele>
    <time>2026-07-11T07:55:00Z</time>
   </trkpt>
   <trkpt lat="12.9017240" lon="77.6236290">
    <ele>905.1</ele>
    <time>2026-07-11T07:55:01Z</time>
   </trkpt>
   <trkpt lat="12.9017190" lon="77.6236200">
    <ele>905.1</ele>
    <time>2026-07-11T07:55:02Z</time>
   </trkpt>
   <trkpt lat="12.9017300" lon="77.6236290">
    <ele>905.1</ele>
    <time>2026-07-11T07:55:03Z</time>
   </trkpt>
   <trkpt lat="12.9017270" lon="77.6236270">
    <ele>905.1</ele>
    <time>2026-07-11T07:55:04Z</time>
   </trkpt>
   <trkpt lat="12.9017270" lon="77.6236270">
    <ele>905.1</ele>
    <time>2026-07-11T07:55:05Z</time>
   </trkpt>
   <trkpt lat="12.9017260" lon="77.6236270">
    <ele>905.1</ele>
    <time>2026-07-11T07:55:06Z</time>
   </trkpt>
   <trkpt lat="12.9017250" lon="77.6236260">
    <ele>905.1</ele>
    <time>2026-07-11T07:55:07Z</time>
   </trkpt>
   <trkpt lat="12.9017150" lon="77.6236160">
    <ele>905.0</ele>
    <time>2026-07-11T07:55:08Z</time>
   </trkpt>
   <trkpt lat="12.9017020" lon="77.6236100">
    <ele>905.0</ele>
    <time>2026-07-11T07:55:09Z</time>
   </trkpt>
   <trkpt lat="12.9016870" lon="77.6236040">
    <ele>905.0</ele>
    <time>2026-07-11T07:55:10Z</time>
   </trkpt>
   <trkpt lat="12.9016650" lon="77.6235950">
    <ele>905.0</ele>
    <time>2026-07-11T07:55:11Z</time>
   </trkpt>
   <trkpt lat="12.9016390" lon="77.6235900">
    <ele>905.0</ele>
    <time>2026-07-11T07:55:12Z</time>
   </trkpt>
   <trkpt lat="12.9016140" lon="77.6235820">
    <ele>905.0</ele>
    <time>2026-07-11T07:55:13Z</time>
   </trkpt>
   <trkpt lat="12.9015880" lon="77.6235750">
    <ele>905.0</ele>
    <time>2026-07-11T07:55:14Z</time>
   </trkpt>
   <trkpt lat="12.9015590" lon="77.6235650">
    <ele>905.0</ele>
    <time>2026-07-11T07:55:15Z</time>
   </trkpt>
   <trkpt lat="12.9015330" lon="77.6235520">
    <ele>905.0</ele>
    <time>2026-07-11T07:55:16Z</time>
   </trkpt>
   <trkpt lat="12.9015100" lon="77.6235380">
    <ele>905.0</ele>
    <time>2026-07-11T07:55:17Z</time>
   </trkpt>
   <trkpt lat="12.9014830" lon="77.6235250">
    <ele>905.0</ele>
    <time>2026-07-11T07:55:18Z</time>
   </trkpt>
   <trkpt lat="12.9014560" lon="77.6235080">
    <ele>905.0</ele>
    <time>2026-07-11T07:55:19Z</time>
   </trkpt>
   <trkpt lat="12.9014260" lon="77.6234900">
    <ele>905.0</ele>
    <time>2026-07-11T07:55:20Z</time>
   </trkpt>
   <trkpt lat="12.9013970" lon="77.6234710">
    <ele>905.0</ele>
    <time>2026-07-11T07:55:21Z</time>
   </trkpt>
   <trkpt lat="12.9013630" lon="77.6234520">
    <ele>905.0</ele>
    <time>2026-07-11T07:55:22Z</time>
   </trkpt>
   <trkpt lat="12.9013350" lon="77.6234320">
    <ele>905.0</ele>
    <time>2026-07-11T07:55:23Z</time>
   </trkpt>
   <trkpt lat="12.9013080" lon="77.6234080">
    <ele>905.0</ele>
    <time>2026-07-11T07:55:24Z</time>
   </trkpt>
   <trkpt lat="12.9012850" lon="77.6233910">
    <ele>905.0</ele>
    <time>2026-07-11T07:55:25Z</time>
   </trkpt>
   <trkpt lat="12.9012630" lon="77.6233680">
    <ele>905.0</ele>
    <time>2026-07-11T07:55:26Z</time>
   </trkpt>
   <trkpt lat="12.9012420" lon="77.6233470">
    <ele>905.0</ele>
    <time>2026-07-11T07:55:27Z</time>
   </trkpt>
   <trkpt lat="12.9012160" lon="77.6233250">
    <ele>905.0</ele>
    <time>2026-07-11T07:55:28Z</time>
   </trkpt>
   <trkpt lat="12.9011890" lon="77.6233040">
    <ele>905.0</ele>
    <time>2026-07-11T07:55:29Z</time>
   </trkpt>
   <trkpt lat="12.9011600" lon="77.6232810">
    <ele>905.0</ele>
    <time>2026-07-11T07:55:30Z</time>
   </trkpt>
   <trkpt lat="12.9011360" lon="77.6232540">
    <ele>905.0</ele>
    <time>2026-07-11T07:55:31Z</time>
   </trkpt>
   <trkpt lat="12.9011090" lon="77.6232300">
    <ele>905.0</ele>
    <time>2026-07-11T07:55:32Z</time>
   </trkpt>
   <trkpt lat="12.9010800" lon="77.6232080">
    <ele>904.9</ele>
    <time>2026-07-11T07:55:33Z</time>
   </trkpt>
   <trkpt lat="12.9010570" lon="77.6231870">
    <ele>904.9</ele>
    <time>2026-07-11T07:55:34Z</time>
   </trkpt>
   <trkpt lat="12.9010320" lon="77.6231630">
    <ele>904.9</ele>
    <time>2026-07-11T07:55:35Z</time>
   </trkpt>
   <trkpt lat="12.9010040" lon="77.6231400">
    <ele>904.9</ele>
    <time>2026-07-11T07:55:36Z</time>
   </trkpt>
   <trkpt lat="12.9009740" lon="77.6231170">
    <ele>904.9</ele>
    <time>2026-07-11T07:55:37Z</time>
   </trkpt>
   <trkpt lat="12.9009460" lon="77.6230990">
    <ele>904.9</ele>
    <time>2026-07-11T07:55:38Z</time>
   </trkpt>
   <trkpt lat="12.9009160" lon="77.6230780">
    <ele>904.9</ele>
    <time>2026-07-11T07:55:39Z</time>
   </trkpt>
   <trkpt lat="12.9008860" lon="77.6230570">
    <ele>904.9</ele>
    <time>2026-07-11T07:55:40Z</time>
   </trkpt>
   <trkpt lat="12.9008570" lon="77.6230310">
    <ele>904.9</ele>
    <time>2026-07-11T07:55:41Z</time>
   </trkpt>
   <trkpt lat="12.9008300" lon="77.6230050">
    <ele>904.9</ele>
    <time>2026-07-11T07:55:42Z</time>
   </trkpt>
   <trkpt lat="12.9008050" lon="77.6229810">
    <ele>904.9</ele>
    <time>2026-07-11T07:55:43Z</time>
   </trkpt>
   <trkpt lat="12.9007740" lon="77.6229590">
    <ele>904.9</ele>
    <time>2026-07-11T07:55:44Z</time>
   </trkpt>
   <trkpt lat="12.9007490" lon="77.6229360">
    <ele>905.0</ele>
    <time>2026-07-11T07:55:45Z</time>
   </trkpt>
   <trkpt lat="12.9006900" lon="77.6228850">
    <ele>905.0</ele>
    <time>2026-07-11T07:55:46Z</time>
   </trkpt>
   <trkpt lat="12.9006550" lon="77.6228670">
    <ele>905.0</ele>
    <time>2026-07-11T07:55:47Z</time>
   </trkpt>
   <trkpt lat="12.9006230" lon="77.6228420">
    <ele>905.0</ele>
    <time>2026-07-11T07:55:48Z</time>
   </trkpt>
   <trkpt lat="12.9005900" lon="77.6228190">
    <ele>905.0</ele>
    <time>2026-07-11T07:55:49Z</time>
   </trkpt>
   <trkpt lat="12.9005630" lon="77.6227930">
    <ele>905.1</ele>
    <time>2026-07-11T07:55:50Z</time>
   </trkpt>
   <trkpt lat="12.9005370" lon="77.6227680">
    <ele>905.1</ele>
    <time>2026-07-11T07:55:51Z</time>
   </trkpt>
   <trkpt lat="12.9005070" lon="77.6227440">
    <ele>905.1</ele>
    <time>2026-07-11T07:55:52Z</time>
   </trkpt>
   <trkpt lat="12.9004800" lon="77.6227230">
    <ele>905.2</ele>
    <time>2026-07-11T07:55:53Z</time>
   </trkpt>
   <trkpt lat="12.9004520" lon="77.6227030">
    <ele>905.2</ele>
    <time>2026-07-11T07:55:54Z</time>
   </trkpt>
   <trkpt lat="12.9004210" lon="77.6226880">
    <ele>905.2</ele>
    <time>2026-07-11T07:55:55Z</time>
   </trkpt>
   <trkpt lat="12.9003960" lon="77.6226710">
    <ele>905.2</ele>
    <time>2026-07-11T07:55:56Z</time>
   </trkpt>
   <trkpt lat="12.9003700" lon="77.6226500">
    <ele>905.3</ele>
    <time>2026-07-11T07:55:57Z</time>
   </trkpt>
   <trkpt lat="12.9003430" lon="77.6226280">
    <ele>905.3</ele>
    <time>2026-07-11T07:55:58Z</time>
   </trkpt>
   <trkpt lat="12.9003180" lon="77.6226060">
    <ele>905.3</ele>
    <time>2026-07-11T07:55:59Z</time>
   </trkpt>
   <trkpt lat="12.9002940" lon="77.6225830">
    <ele>905.3</ele>
    <time>2026-07-11T07:56:00Z</time>
   </trkpt>
   <trkpt lat="12.9002750" lon="77.6225610">
    <ele>905.4</ele>
    <time>2026-07-11T07:56:01Z</time>
   </trkpt>
   <trkpt lat="12.9002510" lon="77.6225370">
    <ele>905.4</ele>
    <time>2026-07-11T07:56:02Z</time>
   </trkpt>
   <trkpt lat="12.9002250" lon="77.6225190">
    <ele>905.4</ele>
    <time>2026-07-11T07:56:03Z</time>
   </trkpt>
   <trkpt lat="12.9001990" lon="77.6225040">
    <ele>905.5</ele>
    <time>2026-07-11T07:56:04Z</time>
   </trkpt>
   <trkpt lat="12.9001700" lon="77.6224890">
    <ele>905.5</ele>
    <time>2026-07-11T07:56:05Z</time>
   </trkpt>
   <trkpt lat="12.9001440" lon="77.6224740">
    <ele>905.6</ele>
    <time>2026-07-11T07:56:06Z</time>
   </trkpt>
   <trkpt lat="12.9001180" lon="77.6224590">
    <ele>905.6</ele>
    <time>2026-07-11T07:56:07Z</time>
   </trkpt>
   <trkpt lat="12.9000930" lon="77.6224450">
    <ele>905.7</ele>
    <time>2026-07-11T07:56:08Z</time>
   </trkpt>
   <trkpt lat="12.9000680" lon="77.6224300">
    <ele>905.7</ele>
    <time>2026-07-11T07:56:09Z</time>
   </trkpt>
   <trkpt lat="12.9000430" lon="77.6224150">
    <ele>905.8</ele>
    <time>2026-07-11T07:56:10Z</time>
   </trkpt>
   <trkpt lat="12.9000200" lon="77.6224010">
    <ele>905.8</ele>
    <time>2026-07-11T07:56:11Z</time>
   </trkpt>
   <trkpt lat="12.8999950" lon="77.6223870">
    <ele>905.9</ele>
    <time>2026-07-11T07:56:12Z</time>
   </trkpt>
   <trkpt lat="12.8999730" lon="77.6223740">
    <ele>905.9</ele>
    <time>2026-07-11T07:56:13Z</time>
   </trkpt>
   <trkpt lat="12.8999510" lon="77.6223590">
    <ele>906.0</ele>
    <time>2026-07-11T07:56:14Z</time>
   </trkpt>
   <trkpt lat="12.8999280" lon="77.6223490">
    <ele>906.0</ele>
    <time>2026-07-11T07:56:15Z</time>
   </trkpt>
   <trkpt lat="12.8999060" lon="77.6223360">
    <ele>906.1</ele>
    <time>2026-07-11T07:56:16Z</time>
   </trkpt>
   <trkpt lat="12.8998850" lon="77.6223220">
    <ele>906.2</ele>
    <time>2026-07-11T07:56:17Z</time>
   </trkpt>
   <trkpt lat="12.8998640" lon="77.6223090">
    <ele>906.2</ele>
    <time>2026-07-11T07:56:18Z</time>
   </trkpt>
   <trkpt lat="12.8998440" lon="77.6222970">
    <ele>906.3</ele>
    <time>2026-07-11T07:56:19Z</time>
   </trkpt>
   <trkpt lat="12.8998230" lon="77.6222850">
    <ele>906.3</ele>
    <time>2026-07-11T07:56:20Z</time>
   </trkpt>
   <trkpt lat="12.8998010" lon="77.6222780">
    <ele>906.4</ele>
    <time>2026-07-11T07:56:21Z</time>
   </trkpt>
   <trkpt lat="12.8997780" lon="77.6222650">
    <ele>906.5</ele>
    <time>2026-07-11T07:56:22Z</time>
   </trkpt>
   <trkpt lat="12.8997550" lon="77.6222500">
    <ele>906.6</ele>
    <time>2026-07-11T07:56:23Z</time>
   </trkpt>
   <trkpt lat="12.8997320" lon="77.6222360">
    <ele>906.7</ele>
    <time>2026-07-11T07:56:24Z</time>
   </trkpt>
   <trkpt lat="12.8997100" lon="77.6222240">
    <ele>906.7</ele>
    <time>2026-07-11T07:56:25Z</time>
   </trkpt>
   <trkpt lat="12.8996900" lon="77.6222160">
    <ele>906.8</ele>
    <time>2026-07-11T07:56:26Z</time>
   </trkpt>
   <trkpt lat="12.8996690" lon="77.6222040">
    <ele>906.9</ele>
    <time>2026-07-11T07:56:27Z</time>
   </trkpt>
   <trkpt lat="12.8996460" lon="77.6221940">
    <ele>906.9</ele>
    <time>2026-07-11T07:56:28Z</time>
   </trkpt>
   <trkpt lat="12.8996270" lon="77.6221860">
    <ele>907.0</ele>
    <time>2026-07-11T07:56:29Z</time>
   </trkpt>
   <trkpt lat="12.8996030" lon="77.6221720">
    <ele>907.1</ele>
    <time>2026-07-11T07:56:30Z</time>
   </trkpt>
   <trkpt lat="12.8995790" lon="77.6221580">
    <ele>907.2</ele>
    <time>2026-07-11T07:56:31Z</time>
   </trkpt>
   <trkpt lat="12.8995560" lon="77.6221480">
    <ele>907.2</ele>
    <time>2026-07-11T07:56:32Z</time>
   </trkpt>
   <trkpt lat="12.8995310" lon="77.6221380">
    <ele>907.3</ele>
    <time>2026-07-11T07:56:33Z</time>
   </trkpt>
   <trkpt lat="12.8995090" lon="77.6221320">
    <ele>907.4</ele>
    <time>2026-07-11T07:56:34Z</time>
   </trkpt>
   <trkpt lat="12.8994860" lon="77.6221210">
    <ele>907.4</ele>
    <time>2026-07-11T07:56:35Z</time>
   </trkpt>
   <trkpt lat="12.8994660" lon="77.6221110">
    <ele>907.5</ele>
    <time>2026-07-11T07:56:36Z</time>
   </trkpt>
   <trkpt lat="12.8994440" lon="77.6221020">
    <ele>907.5</ele>
    <time>2026-07-11T07:56:37Z</time>
   </trkpt>
   <trkpt lat="12.8994220" lon="77.6220920">
    <ele>907.6</ele>
    <time>2026-07-11T07:56:38Z</time>
   </trkpt>
   <trkpt lat="12.8994000" lon="77.6220930">
    <ele>907.7</ele>
    <time>2026-07-11T07:56:39Z</time>
   </trkpt>
   <trkpt lat="12.8993810" lon="77.6220970">
    <ele>907.7</ele>
    <time>2026-07-11T07:56:40Z</time>
   </trkpt>
   <trkpt lat="12.8993580" lon="77.6220950">
    <ele>907.8</ele>
    <time>2026-07-11T07:56:41Z</time>
   </trkpt>
   <trkpt lat="12.8993310" lon="77.6220920">
    <ele>907.8</ele>
    <time>2026-07-11T07:56:42Z</time>
   </trkpt>
   <trkpt lat="12.8993030" lon="77.6220870">
    <ele>907.9</ele>
    <time>2026-07-11T07:56:43Z</time>
   </trkpt>
   <trkpt lat="12.8992750" lon="77.6220800">
    <ele>907.9</ele>
    <time>2026-07-11T07:56:44Z</time>
   </trkpt>
   <trkpt lat="12.8992500" lon="77.6220750">
    <ele>908.0</ele>
    <time>2026-07-11T07:56:45Z</time>
   </trkpt>
   <trkpt lat="12.8992250" lon="77.6220710">
    <ele>908.0</ele>
    <time>2026-07-11T07:56:46Z</time>
   </trkpt>
   <trkpt lat="12.8992000" lon="77.6220650">
    <ele>908.1</ele>
    <time>2026-07-11T07:56:47Z</time>
   </trkpt>
   <trkpt lat="12.8991720" lon="77.6220510">
    <ele>908.1</ele>
    <time>2026-07-11T07:56:48Z</time>
   </trkpt>
   <trkpt lat="12.8991480" lon="77.6220420">
    <ele>908.2</ele>
    <time>2026-07-11T07:56:49Z</time>
   </trkpt>
   <trkpt lat="12.8991240" lon="77.6220300">
    <ele>908.2</ele>
    <time>2026-07-11T07:56:50Z</time>
   </trkpt>
   <trkpt lat="12.8991000" lon="77.6220200">
    <ele>908.3</ele>
    <time>2026-07-11T07:56:51Z</time>
   </trkpt>
   <trkpt lat="12.8990750" lon="77.6220100">
    <ele>908.3</ele>
    <time>2026-07-11T07:56:52Z</time>
   </trkpt>
   <trkpt lat="12.8990530" lon="77.6220000">
    <ele>908.4</ele>
    <time>2026-07-11T07:56:53Z</time>
   </trkpt>
   <trkpt lat="12.8990270" lon="77.6219940">
    <ele>908.4</ele>
    <time>2026-07-11T07:56:54Z</time>
   </trkpt>
   <trkpt lat="12.8989990" lon="77.6219880">
    <ele>908.5</ele>
    <time>2026-07-11T07:56:55Z</time>
   </trkpt>
   <trkpt lat="12.8989730" lon="77.6219800">
    <ele>908.5</ele>
    <time>2026-07-11T07:56:56Z</time>
   </trkpt>
   <trkpt lat="12.8989470" lon="77.6219720">
    <ele>908.6</ele>
    <time>2026-07-11T07:56:57Z</time>
   </trkpt>
   <trkpt lat="12.8989200" lon="77.6219620">
    <ele>908.6</ele>
    <time>2026-07-11T07:56:59Z</time>
   </trkpt>
   <trkpt lat="12.8988940" lon="77.6219510">
    <ele>908.7</ele>
    <time>2026-07-11T07:57:00Z</time>
   </trkpt>
   <trkpt lat="12.8988700" lon="77.6219440">
    <ele>908.7</ele>
    <time>2026-07-11T07:57:01Z</time>
   </trkpt>
   <trkpt lat="12.8988440" lon="77.6219320">
    <ele>908.8</ele>
    <time>2026-07-11T07:57:02Z</time>
   </trkpt>
   <trkpt lat="12.8988200" lon="77.6219220">
    <ele>908.8</ele>
    <time>2026-07-11T07:57:03Z</time>
   </trkpt>
   <trkpt lat="12.8987950" lon="77.6219140">
    <ele>908.9</ele>
    <time>2026-07-11T07:57:04Z</time>
   </trkpt>
   <trkpt lat="12.8987710" lon="77.6219030">
    <ele>908.9</ele>
    <time>2026-07-11T07:57:05Z</time>
   </trkpt>
   <trkpt lat="12.8987450" lon="77.6218890">
    <ele>909.0</ele>
    <time>2026-07-11T07:57:06Z</time>
   </trkpt>
   <trkpt lat="12.8987220" lon="77.6218720">
    <ele>909.0</ele>
    <time>2026-07-11T07:57:07Z</time>
   </trkpt>
   <trkpt lat="12.8986980" lon="77.6218620">
    <ele>909.1</ele>
    <time>2026-07-11T07:57:08Z</time>
   </trkpt>
   <trkpt lat="12.8986740" lon="77.6218530">
    <ele>909.1</ele>
    <time>2026-07-11T07:57:09Z</time>
   </trkpt>
   <trkpt lat="12.8986470" lon="77.6218450">
    <ele>909.2</ele>
    <time>2026-07-11T07:57:10Z</time>
   </trkpt>
   <trkpt lat="12.8986230" lon="77.6218370">
    <ele>909.2</ele>
    <time>2026-07-11T07:57:11Z</time>
   </trkpt>
   <trkpt lat="12.8985990" lon="77.6218270">
    <ele>909.3</ele>
    <time>2026-07-11T07:57:12Z</time>
   </trkpt>
   <trkpt lat="12.8985780" lon="77.6218180">
    <ele>909.3</ele>
    <time>2026-07-11T07:57:13Z</time>
   </trkpt>
   <trkpt lat="12.8985540" lon="77.6218120">
    <ele>909.4</ele>
    <time>2026-07-11T07:57:14Z</time>
   </trkpt>
   <trkpt lat="12.8985300" lon="77.6218020">
    <ele>909.4</ele>
    <time>2026-07-11T07:57:15Z</time>
   </trkpt>
   <trkpt lat="12.8985090" lon="77.6217920">
    <ele>909.5</ele>
    <time>2026-07-11T07:57:16Z</time>
   </trkpt>
   <trkpt lat="12.8984870" lon="77.6217810">
    <ele>909.5</ele>
    <time>2026-07-11T07:57:17Z</time>
   </trkpt>
   <trkpt lat="12.8984640" lon="77.6217690">
    <ele>909.6</ele>
    <time>2026-07-11T07:57:18Z</time>
   </trkpt>
   <trkpt lat="12.8984400" lon="77.6217550">
    <ele>909.7</ele>
    <time>2026-07-11T07:57:19Z</time>
   </trkpt>
   <trkpt lat="12.8984160" lon="77.6217470">
    <ele>909.8</ele>
    <time>2026-07-11T07:57:20Z</time>
   </trkpt>
   <trkpt lat="12.8983920" lon="77.6217380">
    <ele>909.8</ele>
    <time>2026-07-11T07:57:21Z</time>
   </trkpt>
   <trkpt lat="12.8983680" lon="77.6217300">
    <ele>909.9</ele>
    <time>2026-07-11T07:57:22Z</time>
   </trkpt>
   <trkpt lat="12.8983450" lon="77.6217210">
    <ele>910.0</ele>
    <time>2026-07-11T07:57:23Z</time>
   </trkpt>
   <trkpt lat="12.8983210" lon="77.6217120">
    <ele>910.1</ele>
    <time>2026-07-11T07:57:24Z</time>
   </trkpt>
   <trkpt lat="12.8983010" lon="77.6217000">
    <ele>910.1</ele>
    <time>2026-07-11T07:57:25Z</time>
   </trkpt>
   <trkpt lat="12.8982780" lon="77.6216870">
    <ele>910.2</ele>
    <time>2026-07-11T07:57:26Z</time>
   </trkpt>
   <trkpt lat="12.8982550" lon="77.6216780">
    <ele>910.2</ele>
    <time>2026-07-11T07:57:27Z</time>
   </trkpt>
   <trkpt lat="12.8982330" lon="77.6216680">
    <ele>910.3</ele>
    <time>2026-07-11T07:57:28Z</time>
   </trkpt>
   <trkpt lat="12.8982060" lon="77.6216610">
    <ele>910.3</ele>
    <time>2026-07-11T07:57:29Z</time>
   </trkpt>
   <trkpt lat="12.8981830" lon="77.6216560">
    <ele>910.4</ele>
    <time>2026-07-11T07:57:30Z</time>
   </trkpt>
   <trkpt lat="12.8981630" lon="77.6216520">
    <ele>910.4</ele>
    <time>2026-07-11T07:57:31Z</time>
   </trkpt>
   <trkpt lat="12.8981410" lon="77.6216440">
    <ele>910.5</ele>
    <time>2026-07-11T07:57:32Z</time>
   </trkpt>
   <trkpt lat="12.8981220" lon="77.6216390">
    <ele>910.5</ele>
    <time>2026-07-11T07:57:33Z</time>
   </trkpt>
   <trkpt lat="12.8980950" lon="77.6216330">
    <ele>910.6</ele>
    <time>2026-07-11T07:57:34Z</time>
   </trkpt>
   <trkpt lat="12.8980750" lon="77.6216270">
    <ele>910.6</ele>
    <time>2026-07-11T07:57:35Z</time>
   </trkpt>
   <trkpt lat="12.8980550" lon="77.6216180">
    <ele>910.6</ele>
    <time>2026-07-11T07:57:36Z</time>
   </trkpt>
   <trkpt lat="12.8980340" lon="77.6216090">
    <ele>910.7</ele>
    <time>2026-07-11T07:57:37Z</time>
   </trkpt>
   <trkpt lat="12.8980110" lon="77.6216000">
    <ele>910.8</ele>
    <time>2026-07-11T07:57:38Z</time>
   </trkpt>
   <trkpt lat="12.8979890" lon="77.6215920">
    <ele>910.8</ele>
    <time>2026-07-11T07:57:39Z</time>
   </trkpt>
   <trkpt lat="12.8979680" lon="77.6215850">
    <ele>910.9</ele>
    <time>2026-07-11T07:57:40Z</time>
   </trkpt>
   <trkpt lat="12.8979510" lon="77.6215780">
    <ele>910.9</ele>
    <time>2026-07-11T07:57:41Z</time>
   </trkpt>
   <trkpt lat="12.8979300" lon="77.6215670">
    <ele>911.0</ele>
    <time>2026-07-11T07:57:42Z</time>
   </trkpt>
   <trkpt lat="12.8979060" lon="77.6215610">
    <ele>911.0</ele>
    <time>2026-07-11T07:57:43Z</time>
   </trkpt>
   <trkpt lat="12.8978850" lon="77.6215540">
    <ele>911.1</ele>
    <time>2026-07-11T07:57:44Z</time>
   </trkpt>
   <trkpt lat="12.8978610" lon="77.6215470">
    <ele>911.2</ele>
    <time>2026-07-11T07:57:45Z</time>
   </trkpt>
   <trkpt lat="12.8978400" lon="77.6215390">
    <ele>911.2</ele>
    <time>2026-07-11T07:57:46Z</time>
   </trkpt>
   <trkpt lat="12.8978180" lon="77.6215310">
    <ele>911.3</ele>
    <time>2026-07-11T07:57:47Z</time>
   </trkpt>
   <trkpt lat="12.8977940" lon="77.6215190">
    <ele>911.3</ele>
    <time>2026-07-11T07:57:48Z</time>
   </trkpt>
   <trkpt lat="12.8977720" lon="77.6215050">
    <ele>911.4</ele>
    <time>2026-07-11T07:57:49Z</time>
   </trkpt>
   <trkpt lat="12.8977500" lon="77.6214920">
    <ele>911.5</ele>
    <time>2026-07-11T07:57:50Z</time>
   </trkpt>
   <trkpt lat="12.8977270" lon="77.6214880">
    <ele>911.5</ele>
    <time>2026-07-11T07:57:51Z</time>
   </trkpt>
   <trkpt lat="12.8976820" lon="77.6214810">
    <ele>911.6</ele>
    <time>2026-07-11T07:57:52Z</time>
   </trkpt>
   <trkpt lat="12.8976570" lon="77.6214720">
    <ele>911.7</ele>
    <time>2026-07-11T07:57:53Z</time>
   </trkpt>
   <trkpt lat="12.8976350" lon="77.6214640">
    <ele>911.7</ele>
    <time>2026-07-11T07:57:54Z</time>
   </trkpt>
   <trkpt lat="12.8976130" lon="77.6214570">
    <ele>911.8</ele>
    <time>2026-07-11T07:57:55Z</time>
   </trkpt>
   <trkpt lat="12.8975910" lon="77.6214510">
    <ele>911.8</ele>
    <time>2026-07-11T07:57:56Z</time>
   </trkpt>
   <trkpt lat="12.8975690" lon="77.6214460">
    <ele>911.8</ele>
    <time>2026-07-11T07:57:57Z</time>
   </trkpt>
   <trkpt lat="12.8975490" lon="77.6214370">
    <ele>911.8</ele>
    <time>2026-07-11T07:57:58Z</time>
   </trkpt>
   <trkpt lat="12.8975310" lon="77.6214320">
    <ele>911.9</ele>
    <time>2026-07-11T07:57:59Z</time>
   </trkpt>
   <trkpt lat="12.8975090" lon="77.6214230">
    <ele>911.9</ele>
    <time>2026-07-11T07:58:00Z</time>
   </trkpt>
   <trkpt lat="12.8974860" lon="77.6214160">
    <ele>911.9</ele>
    <time>2026-07-11T07:58:01Z</time>
   </trkpt>
   <trkpt lat="12.8974610" lon="77.6214090">
    <ele>911.9</ele>
    <time>2026-07-11T07:58:02Z</time>
   </trkpt>
   <trkpt lat="12.8974370" lon="77.6214020">
    <ele>911.9</ele>
    <time>2026-07-11T07:58:03Z</time>
   </trkpt>
   <trkpt lat="12.8974140" lon="77.6213940">
    <ele>911.9</ele>
    <time>2026-07-11T07:58:04Z</time>
   </trkpt>
   <trkpt lat="12.8973900" lon="77.6213860">
    <ele>911.9</ele>
    <time>2026-07-11T07:58:05Z</time>
   </trkpt>
   <trkpt lat="12.8973670" lon="77.6213790">
    <ele>911.9</ele>
    <time>2026-07-11T07:58:06Z</time>
   </trkpt>
   <trkpt lat="12.8973420" lon="77.6213730">
    <ele>911.9</ele>
    <time>2026-07-11T07:58:07Z</time>
   </trkpt>
   <trkpt lat="12.8973150" lon="77.6213650">
    <ele>911.9</ele>
    <time>2026-07-11T07:58:08Z</time>
   </trkpt>
   <trkpt lat="12.8972920" lon="77.6213590">
    <ele>911.9</ele>
    <time>2026-07-11T07:58:09Z</time>
   </trkpt>
   <trkpt lat="12.8972670" lon="77.6213510">
    <ele>911.9</ele>
    <time>2026-07-11T07:58:10Z</time>
   </trkpt>
   <trkpt lat="12.8972430" lon="77.6213440">
    <ele>911.9</ele>
    <time>2026-07-11T07:58:11Z</time>
   </trkpt>
   <trkpt lat="12.8972170" lon="77.6213390">
    <ele>911.9</ele>
    <time>2026-07-11T07:58:12Z</time>
   </trkpt>
   <trkpt lat="12.8971900" lon="77.6213330">
    <ele>911.8</ele>
    <time>2026-07-11T07:58:13Z</time>
   </trkpt>
   <trkpt lat="12.8971640" lon="77.6213270">
    <ele>911.8</ele>
    <time>2026-07-11T07:58:14Z</time>
   </trkpt>
   <trkpt lat="12.8971370" lon="77.6213200">
    <ele>911.8</ele>
    <time>2026-07-11T07:58:15Z</time>
   </trkpt>
   <trkpt lat="12.8971080" lon="77.6213120">
    <ele>911.7</ele>
    <time>2026-07-11T07:58:16Z</time>
   </trkpt>
   <trkpt lat="12.8970800" lon="77.6213110">
    <ele>911.7</ele>
    <time>2026-07-11T07:58:17Z</time>
   </trkpt>
   <trkpt lat="12.8970520" lon="77.6213080">
    <ele>911.7</ele>
    <time>2026-07-11T07:58:18Z</time>
   </trkpt>
   <trkpt lat="12.8970250" lon="77.6212990">
    <ele>911.7</ele>
    <time>2026-07-11T07:58:19Z</time>
   </trkpt>
   <trkpt lat="12.8969930" lon="77.6212910">
    <ele>911.6</ele>
    <time>2026-07-11T07:58:20Z</time>
   </trkpt>
   <trkpt lat="12.8969640" lon="77.6212800">
    <ele>911.6</ele>
    <time>2026-07-11T07:58:21Z</time>
   </trkpt>
   <trkpt lat="12.8969300" lon="77.6212690">
    <ele>911.6</ele>
    <time>2026-07-11T07:58:22Z</time>
   </trkpt>
   <trkpt lat="12.8968960" lon="77.6212610">
    <ele>911.5</ele>
    <time>2026-07-11T07:58:23Z</time>
   </trkpt>
   <trkpt lat="12.8968630" lon="77.6212510">
    <ele>911.5</ele>
    <time>2026-07-11T07:58:24Z</time>
   </trkpt>
   <trkpt lat="12.8968290" lon="77.6212420">
    <ele>911.5</ele>
    <time>2026-07-11T07:58:25Z</time>
   </trkpt>
   <trkpt lat="12.8967970" lon="77.6212330">
    <ele>911.5</ele>
    <time>2026-07-11T07:58:26Z</time>
   </trkpt>
   <trkpt lat="12.8967650" lon="77.6212220">
    <ele>911.4</ele>
    <time>2026-07-11T07:58:27Z</time>
   </trkpt>
   <trkpt lat="12.8967330" lon="77.6212120">
    <ele>911.4</ele>
    <time>2026-07-11T07:58:28Z</time>
   </trkpt>
   <trkpt lat="12.8967040" lon="77.6212050">
    <ele>911.4</ele>
    <time>2026-07-11T07:58:29Z</time>
   </trkpt>
   <trkpt lat="12.8966740" lon="77.6211920">
    <ele>911.4</ele>
    <time>2026-07-11T07:58:30Z</time>
   </trkpt>
   <trkpt lat="12.8966450" lon="77.6211790">
    <ele>911.3</ele>
    <time>2026-07-11T07:58:31Z</time>
   </trkpt>
   <trkpt lat="12.8966190" lon="77.6211630">
    <ele>911.3</ele>
    <time>2026-07-11T07:58:32Z</time>
   </trkpt>
   <trkpt lat="12.8965940" lon="77.6211460">
    <ele>911.3</ele>
    <time>2026-07-11T07:58:33Z</time>
   </trkpt>
   <trkpt lat="12.8965740" lon="77.6211330">
    <ele>911.3</ele>
    <time>2026-07-11T07:58:34Z</time>
   </trkpt>
   <trkpt lat="12.8965540" lon="77.6211120">
    <ele>911.3</ele>
    <time>2026-07-11T07:58:35Z</time>
   </trkpt>
   <trkpt lat="12.8965390" lon="77.6210880">
    <ele>911.3</ele>
    <time>2026-07-11T07:58:36Z</time>
   </trkpt>
   <trkpt lat="12.8965180" lon="77.6210660">
    <ele>911.3</ele>
    <time>2026-07-11T07:58:37Z</time>
   </trkpt>
   <trkpt lat="12.8964970" lon="77.6210480">
    <ele>911.2</ele>
    <time>2026-07-11T07:58:38Z</time>
   </trkpt>
   <trkpt lat="12.8964770" lon="77.6210300">
    <ele>911.2</ele>
    <time>2026-07-11T07:58:39Z</time>
   </trkpt>
   <trkpt lat="12.8964550" lon="77.6210110">
    <ele>911.2</ele>
    <time>2026-07-11T07:58:40Z</time>
   </trkpt>
   <trkpt lat="12.8964340" lon="77.6209950">
    <ele>911.2</ele>
    <time>2026-07-11T07:58:42Z</time>
   </trkpt>
   <trkpt lat="12.8964120" lon="77.6209770">
    <ele>911.1</ele>
    <time>2026-07-11T07:58:43Z</time>
   </trkpt>
   <trkpt lat="12.8963900" lon="77.6209570">
    <ele>911.1</ele>
    <time>2026-07-11T07:58:44Z</time>
   </trkpt>
   <trkpt lat="12.8963700" lon="77.6209380">
    <ele>911.1</ele>
    <time>2026-07-11T07:58:45Z</time>
   </trkpt>
   <trkpt lat="12.8963430" lon="77.6209180">
    <ele>911.1</ele>
    <time>2026-07-11T07:58:46Z</time>
   </trkpt>
   <trkpt lat="12.8963200" lon="77.6209090">
    <ele>911.1</ele>
    <time>2026-07-11T07:58:47Z</time>
   </trkpt>
   <trkpt lat="12.8962940" lon="77.6208970">
    <ele>911.0</ele>
    <time>2026-07-11T07:58:48Z</time>
   </trkpt>
   <trkpt lat="12.8962690" lon="77.6208820">
    <ele>911.0</ele>
    <time>2026-07-11T07:58:49Z</time>
   </trkpt>
   <trkpt lat="12.8962420" lon="77.6208670">
    <ele>910.9</ele>
    <time>2026-07-11T07:58:50Z</time>
   </trkpt>
   <trkpt lat="12.8962150" lon="77.6208500">
    <ele>910.9</ele>
    <time>2026-07-11T07:58:51Z</time>
   </trkpt>
   <trkpt lat="12.8961870" lon="77.6208370">
    <ele>910.9</ele>
    <time>2026-07-11T07:58:52Z</time>
   </trkpt>
   <trkpt lat="12.8961580" lon="77.6208220">
    <ele>910.8</ele>
    <time>2026-07-11T07:58:53Z</time>
   </trkpt>
   <trkpt lat="12.8961260" lon="77.6208080">
    <ele>910.8</ele>
    <time>2026-07-11T07:58:54Z</time>
   </trkpt>
   <trkpt lat="12.8960920" lon="77.6207940">
    <ele>910.7</ele>
    <time>2026-07-11T07:58:55Z</time>
   </trkpt>
   <trkpt lat="12.8960580" lon="77.6207830">
    <ele>910.7</ele>
    <time>2026-07-11T07:58:56Z</time>
   </trkpt>
   <trkpt lat="12.8960240" lon="77.6207690">
    <ele>910.7</ele>
    <time>2026-07-11T07:58:57Z</time>
   </trkpt>
   <trkpt lat="12.8959880" lon="77.6207560">
    <ele>910.7</ele>
    <time>2026-07-11T07:58:58Z</time>
   </trkpt>
   <trkpt lat="12.8959520" lon="77.6207450">
    <ele>910.7</ele>
    <time>2026-07-11T07:58:59Z</time>
   </trkpt>
   <trkpt lat="12.8959160" lon="77.6207350">
    <ele>910.6</ele>
    <time>2026-07-11T07:59:00Z</time>
   </trkpt>
   <trkpt lat="12.8958800" lon="77.6207190">
    <ele>910.6</ele>
    <time>2026-07-11T07:59:01Z</time>
   </trkpt>
   <trkpt lat="12.8958440" lon="77.6207100">
    <ele>910.6</ele>
    <time>2026-07-11T07:59:02Z</time>
   </trkpt>
   <trkpt lat="12.8958080" lon="77.6206930">
    <ele>910.5</ele>
    <time>2026-07-11T07:59:03Z</time>
   </trkpt>
   <trkpt lat="12.8957730" lon="77.6206760">
    <ele>910.5</ele>
    <time>2026-07-11T07:59:04Z</time>
   </trkpt>
   <trkpt lat="12.8957370" lon="77.6206600">
    <ele>910.5</ele>
    <time>2026-07-11T07:59:05Z</time>
   </trkpt>
   <trkpt lat="12.8957010" lon="77.6206430">
    <ele>910.4</ele>
    <time>2026-07-11T07:59:06Z</time>
   </trkpt>
   <trkpt lat="12.8956660" lon="77.6206300">
    <ele>910.4</ele>
    <time>2026-07-11T07:59:07Z</time>
   </trkpt>
   <trkpt lat="12.8956330" lon="77.6206150">
    <ele>910.4</ele>
    <time>2026-07-11T07:59:08Z</time>
   </trkpt>
   <trkpt lat="12.8955980" lon="77.6206010">
    <ele>910.3</ele>
    <time>2026-07-11T07:59:09Z</time>
   </trkpt>
   <trkpt lat="12.8955640" lon="77.6205890">
    <ele>910.3</ele>
    <time>2026-07-11T07:59:10Z</time>
   </trkpt>
   <trkpt lat="12.8955330" lon="77.6205770">
    <ele>910.3</ele>
    <time>2026-07-11T07:59:11Z</time>
   </trkpt>
   <trkpt lat="12.8955010" lon="77.6205680">
    <ele>910.3</ele>
    <time>2026-07-11T07:59:12Z</time>
   </trkpt>
   <trkpt lat="12.8954700" lon="77.6205560">
    <ele>910.3</ele>
    <time>2026-07-11T07:59:13Z</time>
   </trkpt>
   <trkpt lat="12.8954380" lon="77.6205450">
    <ele>910.3</ele>
    <time>2026-07-11T07:59:14Z</time>
   </trkpt>
   <trkpt lat="12.8954050" lon="77.6205320">
    <ele>910.3</ele>
    <time>2026-07-11T07:59:15Z</time>
   </trkpt>
   <trkpt lat="12.8953730" lon="77.6205210">
    <ele>910.3</ele>
    <time>2026-07-11T07:59:16Z</time>
   </trkpt>
   <trkpt lat="12.8953390" lon="77.6205080">
    <ele>910.3</ele>
    <time>2026-07-11T07:59:17Z</time>
   </trkpt>
   <trkpt lat="12.8953030" lon="77.6204980">
    <ele>910.3</ele>
    <time>2026-07-11T07:59:18Z</time>
   </trkpt>
   <trkpt lat="12.8952690" lon="77.6204880">
    <ele>910.3</ele>
    <time>2026-07-11T07:59:19Z</time>
   </trkpt>
   <trkpt lat="12.8952340" lon="77.6204770">
    <ele>910.3</ele>
    <time>2026-07-11T07:59:20Z</time>
   </trkpt>
   <trkpt lat="12.8951980" lon="77.6204660">
    <ele>910.3</ele>
    <time>2026-07-11T07:59:21Z</time>
   </trkpt>
   <trkpt lat="12.8951630" lon="77.6204550">
    <ele>910.3</ele>
    <time>2026-07-11T07:59:22Z</time>
   </trkpt>
   <trkpt lat="12.8951300" lon="77.6204420">
    <ele>910.3</ele>
    <time>2026-07-11T07:59:23Z</time>
   </trkpt>
   <trkpt lat="12.8950950" lon="77.6204310">
    <ele>910.3</ele>
    <time>2026-07-11T07:59:24Z</time>
   </trkpt>
   <trkpt lat="12.8950620" lon="77.6204200">
    <ele>910.3</ele>
    <time>2026-07-11T07:59:25Z</time>
   </trkpt>
   <trkpt lat="12.8950300" lon="77.6204080">
    <ele>910.3</ele>
    <time>2026-07-11T07:59:26Z</time>
   </trkpt>
   <trkpt lat="12.8950010" lon="77.6203980">
    <ele>910.4</ele>
    <time>2026-07-11T07:59:27Z</time>
   </trkpt>
   <trkpt lat="12.8949730" lon="77.6203900">
    <ele>910.4</ele>
    <time>2026-07-11T07:59:28Z</time>
   </trkpt>
   <trkpt lat="12.8949460" lon="77.6203810">
    <ele>910.4</ele>
    <time>2026-07-11T07:59:29Z</time>
   </trkpt>
   <trkpt lat="12.8949210" lon="77.6203710">
    <ele>910.4</ele>
    <time>2026-07-11T07:59:30Z</time>
   </trkpt>
   <trkpt lat="12.8948950" lon="77.6203610">
    <ele>910.4</ele>
    <time>2026-07-11T07:59:31Z</time>
   </trkpt>
   <trkpt lat="12.8948710" lon="77.6203500">
    <ele>910.4</ele>
    <time>2026-07-11T07:59:32Z</time>
   </trkpt>
   <trkpt lat="12.8948470" lon="77.6203410">
    <ele>910.4</ele>
    <time>2026-07-11T07:59:33Z</time>
   </trkpt>
   <trkpt lat="12.8948260" lon="77.6203350">
    <ele>910.4</ele>
    <time>2026-07-11T07:59:34Z</time>
   </trkpt>
   <trkpt lat="12.8948060" lon="77.6203340">
    <ele>910.4</ele>
    <time>2026-07-11T07:59:35Z</time>
   </trkpt>
   <trkpt lat="12.8947790" lon="77.6203300">
    <ele>910.4</ele>
    <time>2026-07-11T07:59:36Z</time>
   </trkpt>
   <trkpt lat="12.8947510" lon="77.6203240">
    <ele>910.4</ele>
    <time>2026-07-11T07:59:37Z</time>
   </trkpt>
   <trkpt lat="12.8947220" lon="77.6203140">
    <ele>910.4</ele>
    <time>2026-07-11T07:59:38Z</time>
   </trkpt>
   <trkpt lat="12.8946940" lon="77.6203050">
    <ele>910.3</ele>
    <time>2026-07-11T07:59:39Z</time>
   </trkpt>
   <trkpt lat="12.8946640" lon="77.6202940">
    <ele>910.3</ele>
    <time>2026-07-11T07:59:40Z</time>
   </trkpt>
   <trkpt lat="12.8946350" lon="77.6202820">
    <ele>910.3</ele>
    <time>2026-07-11T07:59:41Z</time>
   </trkpt>
   <trkpt lat="12.8946060" lon="77.6202690">
    <ele>910.3</ele>
    <time>2026-07-11T07:59:42Z</time>
   </trkpt>
   <trkpt lat="12.8945750" lon="77.6202600">
    <ele>910.3</ele>
    <time>2026-07-11T07:59:43Z</time>
   </trkpt>
   <trkpt lat="12.8945440" lon="77.6202550">
    <ele>910.3</ele>
    <time>2026-07-11T07:59:44Z</time>
   </trkpt>
   <trkpt lat="12.8945140" lon="77.6202480">
    <ele>910.3</ele>
    <time>2026-07-11T07:59:45Z</time>
   </trkpt>
   <trkpt lat="12.8944850" lon="77.6202400">
    <ele>910.3</ele>
    <time>2026-07-11T07:59:46Z</time>
   </trkpt>
   <trkpt lat="12.8944550" lon="77.6202340">
    <ele>910.2</ele>
    <time>2026-07-11T07:59:47Z</time>
   </trkpt>
   <trkpt lat="12.8944260" lon="77.6202270">
    <ele>910.2</ele>
    <time>2026-07-11T07:59:48Z</time>
   </trkpt>
   <trkpt lat="12.8943950" lon="77.6202200">
    <ele>910.1</ele>
    <time>2026-07-11T07:59:49Z</time>
   </trkpt>
   <trkpt lat="12.8943650" lon="77.6202100">
    <ele>910.1</ele>
    <time>2026-07-11T07:59:50Z</time>
   </trkpt>
   <trkpt lat="12.8943320" lon="77.6202000">
    <ele>910.1</ele>
    <time>2026-07-11T07:59:51Z</time>
   </trkpt>
   <trkpt lat="12.8942980" lon="77.6201920">
    <ele>910.0</ele>
    <time>2026-07-11T07:59:52Z</time>
   </trkpt>
   <trkpt lat="12.8942620" lon="77.6201840">
    <ele>910.0</ele>
    <time>2026-07-11T07:59:53Z</time>
   </trkpt>
   <trkpt lat="12.8942270" lon="77.6201720">
    <ele>909.9</ele>
    <time>2026-07-11T07:59:54Z</time>
   </trkpt>
   <trkpt lat="12.8941930" lon="77.6201610">
    <ele>909.8</ele>
    <time>2026-07-11T07:59:55Z</time>
   </trkpt>
   <trkpt lat="12.8941600" lon="77.6201530">
    <ele>909.8</ele>
    <time>2026-07-11T07:59:56Z</time>
   </trkpt>
   <trkpt lat="12.8941300" lon="77.6201480">
    <ele>909.7</ele>
    <time>2026-07-11T07:59:57Z</time>
   </trkpt>
   <trkpt lat="12.8940770" lon="77.6201390">
    <ele>909.6</ele>
    <time>2026-07-11T07:59:58Z</time>
   </trkpt>
   <trkpt lat="12.8940520" lon="77.6201340">
    <ele>909.6</ele>
    <time>2026-07-11T07:59:59Z</time>
   </trkpt>
   <trkpt lat="12.8940230" lon="77.6201290">
    <ele>909.5</ele>
    <time>2026-07-11T08:00:00Z</time>
   </trkpt>
   <trkpt lat="12.8939940" lon="77.6201180">
    <ele>909.5</ele>
    <time>2026-07-11T08:00:01Z</time>
   </trkpt>
   <trkpt lat="12.8939620" lon="77.6201070">
    <ele>909.4</ele>
    <time>2026-07-11T08:00:02Z</time>
   </trkpt>
   <trkpt lat="12.8939290" lon="77.6201000">
    <ele>909.4</ele>
    <time>2026-07-11T08:00:03Z</time>
   </trkpt>
   <trkpt lat="12.8939000" lon="77.6200960">
    <ele>909.3</ele>
    <time>2026-07-11T08:00:04Z</time>
   </trkpt>
   <trkpt lat="12.8938760" lon="77.6200950">
    <ele>909.3</ele>
    <time>2026-07-11T08:00:05Z</time>
   </trkpt>
   <trkpt lat="12.8938610" lon="77.6200940">
    <ele>909.3</ele>
    <time>2026-07-11T08:00:06Z</time>
   </trkpt>
   <trkpt lat="12.8938490" lon="77.6200930">
    <ele>909.2</ele>
    <time>2026-07-11T08:00:07Z</time>
   </trkpt>
   <trkpt lat="12.8938420" lon="77.6200910">
    <ele>909.2</ele>
    <time>2026-07-11T08:00:08Z</time>
   </trkpt>
   <trkpt lat="12.8938420" lon="77.6200880">
    <ele>909.2</ele>
    <time>2026-07-11T08:00:09Z</time>
   </trkpt>
   <trkpt lat="12.8938410" lon="77.6200840">
    <ele>909.2</ele>
    <time>2026-07-11T08:00:10Z</time>
   </trkpt>
   <trkpt lat="12.8938410" lon="77.6200800">
    <ele>909.2</ele>
    <time>2026-07-11T08:00:11Z</time>
   </trkpt>
   <trkpt lat="12.8938400" lon="77.6200780">
    <ele>909.2</ele>
    <time>2026-07-11T08:00:12Z</time>
   </trkpt>
   <trkpt lat="12.8938390" lon="77.6200770">
    <ele>909.2</ele>
    <time>2026-07-11T08:00:13Z</time>
   </trkpt>
   <trkpt lat="12.8938380" lon="77.6200740">
    <ele>909.2</ele>
    <time>2026-07-11T08:00:14Z</time>
   </trkpt>
   <trkpt lat="12.8938380" lon="77.6200760">
    <ele>909.2</ele>
    <time>2026-07-11T08:00:15Z</time>
   </trkpt>
   <trkpt lat="12.8938380" lon="77.6200760">
    <ele>909.2</ele>
    <time>2026-07-11T08:00:16Z</time>
   </trkpt>
   <trkpt lat="12.8938390" lon="77.6200750">
    <ele>909.2</ele>
    <time>2026-07-11T08:00:17Z</time>
   </trkpt>
   <trkpt lat="12.8938280" lon="77.6200700">
    <ele>909.2</ele>
    <time>2026-07-11T08:00:18Z</time>
   </trkpt>
   <trkpt lat="12.8937900" lon="77.6200590">
    <ele>909.1</ele>
    <time>2026-07-11T08:00:20Z</time>
   </trkpt>
   <trkpt lat="12.8937680" lon="77.6200510">
    <ele>909.1</ele>
    <time>2026-07-11T08:00:21Z</time>
   </trkpt>
   <trkpt lat="12.8937480" lon="77.6200460">
    <ele>909.1</ele>
    <time>2026-07-11T08:00:23Z</time>
   </trkpt>
   <trkpt lat="12.8937260" lon="77.6200420">
    <ele>909.0</ele>
    <time>2026-07-11T08:00:24Z</time>
   </trkpt>
   <trkpt lat="12.8937070" lon="77.6200380">
    <ele>909.0</ele>
    <time>2026-07-11T08:00:25Z</time>
   </trkpt>
   <trkpt lat="12.8936980" lon="77.6200340">
    <ele>909.0</ele>
    <time>2026-07-11T08:00:26Z</time>
   </trkpt>
   <trkpt lat="12.8936940" lon="77.6200270">
    <ele>909.0</ele>
    <time>2026-07-11T08:00:27Z</time>
   </trkpt>
   <trkpt lat="12.8936920" lon="77.6200260">
    <ele>909.0</ele>
    <time>2026-07-11T08:00:28Z</time>
   </trkpt>
   <trkpt lat="12.8936910" lon="77.6200280">
    <ele>909.0</ele>
    <time>2026-07-11T08:00:29Z</time>
   </trkpt>
   <trkpt lat="12.8936780" lon="77.6200260">
    <ele>908.9</ele>
    <time>2026-07-11T08:00:30Z</time>
   </trkpt>
   <trkpt lat="12.8936530" lon="77.6200170">
    <ele>908.9</ele>
    <time>2026-07-11T08:00:31Z</time>
   </trkpt>
   <trkpt lat="12.8936310" lon="77.6200110">
    <ele>908.9</ele>
    <time>2026-07-11T08:00:32Z</time>
   </trkpt>
   <trkpt lat="12.8936110" lon="77.6200040">
    <ele>908.8</ele>
    <time>2026-07-11T08:00:33Z</time>
   </trkpt>
   <trkpt lat="12.8935910" lon="77.6199990">
    <ele>908.8</ele>
    <time>2026-07-11T08:00:34Z</time>
   </trkpt>
   <trkpt lat="12.8935740" lon="77.6199940">
    <ele>908.8</ele>
    <time>2026-07-11T08:00:35Z</time>
   </trkpt>
   <trkpt lat="12.8935560" lon="77.6199920">
    <ele>908.8</ele>
    <time>2026-07-11T08:00:36Z</time>
   </trkpt>
   <trkpt lat="12.8935310" lon="77.6199890">
    <ele>908.7</ele>
    <time>2026-07-11T08:00:37Z</time>
   </trkpt>
   <trkpt lat="12.8935050" lon="77.6199800">
    <ele>908.7</ele>
    <time>2026-07-11T08:00:38Z</time>
   </trkpt>
   <trkpt lat="12.8934760" lon="77.6199740">
    <ele>908.6</ele>
    <time>2026-07-11T08:00:39Z</time>
   </trkpt>
   <trkpt lat="12.8934500" lon="77.6199650">
    <ele>908.6</ele>
    <time>2026-07-11T08:00:40Z</time>
   </trkpt>
   <trkpt lat="12.8934270" lon="77.6199590">
    <ele>908.6</ele>
    <time>2026-07-11T08:00:41Z</time>
   </trkpt>
   <trkpt lat="12.8934030" lon="77.6199530">
    <ele>908.5</ele>
    <time>2026-07-11T08:00:42Z</time>
   </trkpt>
   <trkpt lat="12.8933790" lon="77.6199470">
    <ele>908.5</ele>
    <time>2026-07-11T08:00:43Z</time>
   </trkpt>
   <trkpt lat="12.8933540" lon="77.6199470">
    <ele>908.5</ele>
    <time>2026-07-11T08:00:44Z</time>
   </trkpt>
   <trkpt lat="12.8933260" lon="77.6199470">
    <ele>908.4</ele>
    <time>2026-07-11T08:00:45Z</time>
   </trkpt>
   <trkpt lat="12.8933080" lon="77.6199360">
    <ele>908.4</ele>
    <time>2026-07-11T08:00:46Z</time>
   </trkpt>
   <trkpt lat="12.8932910" lon="77.6199340">
    <ele>908.4</ele>
    <time>2026-07-11T08:00:47Z</time>
   </trkpt>
   <trkpt lat="12.8932680" lon="77.6199330">
    <ele>908.4</ele>
    <time>2026-07-11T08:00:48Z</time>
   </trkpt>
   <trkpt lat="12.8932470" lon="77.6199290">
    <ele>908.4</ele>
    <time>2026-07-11T08:00:49Z</time>
   </trkpt>
   <trkpt lat="12.8932220" lon="77.6199210">
    <ele>908.3</ele>
    <time>2026-07-11T08:00:50Z</time>
   </trkpt>
   <trkpt lat="12.8931960" lon="77.6199130">
    <ele>908.3</ele>
    <time>2026-07-11T08:00:51Z</time>
   </trkpt>
   <trkpt lat="12.8931710" lon="77.6199070">
    <ele>908.3</ele>
    <time>2026-07-11T08:00:52Z</time>
   </trkpt>
   <trkpt lat="12.8931470" lon="77.6199040">
    <ele>908.2</ele>
    <time>2026-07-11T08:00:53Z</time>
   </trkpt>
   <trkpt lat="12.8931220" lon="77.6198990">
    <ele>908.2</ele>
    <time>2026-07-11T08:00:54Z</time>
   </trkpt>
   <trkpt lat="12.8931000" lon="77.6198970">
    <ele>908.2</ele>
    <time>2026-07-11T08:00:55Z</time>
   </trkpt>
   <trkpt lat="12.8930740" lon="77.6198950">
    <ele>908.2</ele>
    <time>2026-07-11T08:00:56Z</time>
   </trkpt>
   <trkpt lat="12.8930440" lon="77.6198910">
    <ele>908.1</ele>
    <time>2026-07-11T08:00:57Z</time>
   </trkpt>
   <trkpt lat="12.8930200" lon="77.6198860">
    <ele>908.1</ele>
    <time>2026-07-11T08:00:58Z</time>
   </trkpt>
   <trkpt lat="12.8929840" lon="77.6198830">
    <ele>908.1</ele>
    <time>2026-07-11T08:00:59Z</time>
   </trkpt>
   <trkpt lat="12.8929520" lon="77.6198770">
    <ele>908.0</ele>
    <time>2026-07-11T08:01:00Z</time>
   </trkpt>
   <trkpt lat="12.8929190" lon="77.6198740">
    <ele>908.0</ele>
    <time>2026-07-11T08:01:01Z</time>
   </trkpt>
   <trkpt lat="12.8928860" lon="77.6198700">
    <ele>908.0</ele>
    <time>2026-07-11T08:01:02Z</time>
   </trkpt>
   <trkpt lat="12.8928490" lon="77.6198580">
    <ele>908.0</ele>
    <time>2026-07-11T08:01:03Z</time>
   </trkpt>
   <trkpt lat="12.8928200" lon="77.6198490">
    <ele>908.0</ele>
    <time>2026-07-11T08:01:04Z</time>
   </trkpt>
   <trkpt lat="12.8927940" lon="77.6198450">
    <ele>907.9</ele>
    <time>2026-07-11T08:01:05Z</time>
   </trkpt>
   <trkpt lat="12.8927690" lon="77.6198410">
    <ele>907.9</ele>
    <time>2026-07-11T08:01:06Z</time>
   </trkpt>
   <trkpt lat="12.8927460" lon="77.6198350">
    <ele>907.9</ele>
    <time>2026-07-11T08:01:07Z</time>
   </trkpt>
   <trkpt lat="12.8927210" lon="77.6198330">
    <ele>907.9</ele>
    <time>2026-07-11T08:01:08Z</time>
   </trkpt>
   <trkpt lat="12.8926920" lon="77.6198280">
    <ele>907.9</ele>
    <time>2026-07-11T08:01:09Z</time>
   </trkpt>
   <trkpt lat="12.8926620" lon="77.6198210">
    <ele>907.9</ele>
    <time>2026-07-11T08:01:10Z</time>
   </trkpt>
   <trkpt lat="12.8926280" lon="77.6198110">
    <ele>907.9</ele>
    <time>2026-07-11T08:01:11Z</time>
   </trkpt>
   <trkpt lat="12.8925960" lon="77.6198080">
    <ele>907.9</ele>
    <time>2026-07-11T08:01:12Z</time>
   </trkpt>
   <trkpt lat="12.8925610" lon="77.6198030">
    <ele>907.8</ele>
    <time>2026-07-11T08:01:13Z</time>
   </trkpt>
   <trkpt lat="12.8925260" lon="77.6198000">
    <ele>907.8</ele>
    <time>2026-07-11T08:01:14Z</time>
   </trkpt>
   <trkpt lat="12.8924900" lon="77.6197950">
    <ele>907.7</ele>
    <time>2026-07-11T08:01:15Z</time>
   </trkpt>
   <trkpt lat="12.8924540" lon="77.6197920">
    <ele>907.7</ele>
    <time>2026-07-11T08:01:16Z</time>
   </trkpt>
   <trkpt lat="12.8924180" lon="77.6197890">
    <ele>907.7</ele>
    <time>2026-07-11T08:01:17Z</time>
   </trkpt>
   <trkpt lat="12.8923800" lon="77.6197830">
    <ele>907.6</ele>
    <time>2026-07-11T08:01:18Z</time>
   </trkpt>
   <trkpt lat="12.8923430" lon="77.6197770">
    <ele>907.6</ele>
    <time>2026-07-11T08:01:19Z</time>
   </trkpt>
   <trkpt lat="12.8923160" lon="77.6197720">
    <ele>907.5</ele>
    <time>2026-07-11T08:01:20Z</time>
   </trkpt>
   <trkpt lat="12.8922850" lon="77.6197730">
    <ele>907.5</ele>
    <time>2026-07-11T08:01:21Z</time>
   </trkpt>
   <trkpt lat="12.8922550" lon="77.6197710">
    <ele>907.5</ele>
    <time>2026-07-11T08:01:22Z</time>
   </trkpt>
   <trkpt lat="12.8922190" lon="77.6197640">
    <ele>907.4</ele>
    <time>2026-07-11T08:01:23Z</time>
   </trkpt>
   <trkpt lat="12.8921870" lon="77.6197580">
    <ele>907.4</ele>
    <time>2026-07-11T08:01:24Z</time>
   </trkpt>
   <trkpt lat="12.8921540" lon="77.6197530">
    <ele>907.3</ele>
    <time>2026-07-11T08:01:25Z</time>
   </trkpt>
   <trkpt lat="12.8921230" lon="77.6197450">
    <ele>907.3</ele>
    <time>2026-07-11T08:01:26Z</time>
   </trkpt>
   <trkpt lat="12.8920910" lon="77.6197410">
    <ele>907.2</ele>
    <time>2026-07-11T08:01:27Z</time>
   </trkpt>
   <trkpt lat="12.8920580" lon="77.6197360">
    <ele>907.2</ele>
    <time>2026-07-11T08:01:28Z</time>
   </trkpt>
   <trkpt lat="12.8920260" lon="77.6197270">
    <ele>907.2</ele>
    <time>2026-07-11T08:01:29Z</time>
   </trkpt>
   <trkpt lat="12.8919930" lon="77.6197210">
    <ele>907.1</ele>
    <time>2026-07-11T08:01:30Z</time>
   </trkpt>
   <trkpt lat="12.8919610" lon="77.6197140">
    <ele>907.1</ele>
    <time>2026-07-11T08:01:31Z</time>
   </trkpt>
   <trkpt lat="12.8919270" lon="77.6197120">
    <ele>907.1</ele>
    <time>2026-07-11T08:01:32Z</time>
   </trkpt>
   <trkpt lat="12.8918920" lon="77.6197070">
    <ele>907.0</ele>
    <time>2026-07-11T08:01:33Z</time>
   </trkpt>
   <trkpt lat="12.8918600" lon="77.6197000">
    <ele>907.0</ele>
    <time>2026-07-11T08:01:34Z</time>
   </trkpt>
   <trkpt lat="12.8918250" lon="77.6196930">
    <ele>907.0</ele>
    <time>2026-07-11T08:01:35Z</time>
   </trkpt>
   <trkpt lat="12.8917920" lon="77.6196830">
    <ele>907.0</ele>
    <time>2026-07-11T08:01:36Z</time>
   </trkpt>
   <trkpt lat="12.8917580" lon="77.6196770">
    <ele>907.0</ele>
    <time>2026-07-11T08:01:37Z</time>
   </trkpt>
   <trkpt lat="12.8917240" lon="77.6196740">
    <ele>907.0</ele>
    <time>2026-07-11T08:01:38Z</time>
   </trkpt>
   <trkpt lat="12.8916920" lon="77.6196650">
    <ele>906.9</ele>
    <time>2026-07-11T08:01:39Z</time>
   </trkpt>
   <trkpt lat="12.8916600" lon="77.6196580">
    <ele>906.9</ele>
    <time>2026-07-11T08:01:40Z</time>
   </trkpt>
   <trkpt lat="12.8916290" lon="77.6196560">
    <ele>906.8</ele>
    <time>2026-07-11T08:01:41Z</time>
   </trkpt>
   <trkpt lat="12.8916020" lon="77.6196700">
    <ele>906.8</ele>
    <time>2026-07-11T08:01:42Z</time>
   </trkpt>
   <trkpt lat="12.8915830" lon="77.6196970">
    <ele>906.8</ele>
    <time>2026-07-11T08:01:43Z</time>
   </trkpt>
   <trkpt lat="12.8915750" lon="77.6197340">
    <ele>906.8</ele>
    <time>2026-07-11T08:01:44Z</time>
   </trkpt>
   <trkpt lat="12.8915770" lon="77.6197690">
    <ele>906.8</ele>
    <time>2026-07-11T08:01:45Z</time>
   </trkpt>
   <trkpt lat="12.8915780" lon="77.6198020">
    <ele>906.8</ele>
    <time>2026-07-11T08:01:46Z</time>
   </trkpt>
   <trkpt lat="12.8915800" lon="77.6198330">
    <ele>906.8</ele>
    <time>2026-07-11T08:01:47Z</time>
   </trkpt>
   <trkpt lat="12.8915760" lon="77.6198660">
    <ele>906.8</ele>
    <time>2026-07-11T08:01:48Z</time>
   </trkpt>
   <trkpt lat="12.8915700" lon="77.6198940">
    <ele>906.8</ele>
    <time>2026-07-11T08:01:49Z</time>
   </trkpt>
   <trkpt lat="12.8915630" lon="77.6199240">
    <ele>906.8</ele>
    <time>2026-07-11T08:01:50Z</time>
   </trkpt>
   <trkpt lat="12.8915550" lon="77.6199550">
    <ele>906.8</ele>
    <time>2026-07-11T08:01:51Z</time>
   </trkpt>
   <trkpt lat="12.8915470" lon="77.6199860">
    <ele>906.8</ele>
    <time>2026-07-11T08:01:52Z</time>
   </trkpt>
   <trkpt lat="12.8915440" lon="77.6200180">
    <ele>906.8</ele>
    <time>2026-07-11T08:01:53Z</time>
   </trkpt>
   <trkpt lat="12.8915330" lon="77.6200480">
    <ele>906.8</ele>
    <time>2026-07-11T08:01:54Z</time>
   </trkpt>
   <trkpt lat="12.8915290" lon="77.6200810">
    <ele>906.9</ele>
    <time>2026-07-11T08:01:55Z</time>
   </trkpt>
   <trkpt lat="12.8915220" lon="77.6201160">
    <ele>906.9</ele>
    <time>2026-07-11T08:01:56Z</time>
   </trkpt>
   <trkpt lat="12.8915100" lon="77.6201470">
    <ele>906.9</ele>
    <time>2026-07-11T08:01:57Z</time>
   </trkpt>
   <trkpt lat="12.8914900" lon="77.6201770">
    <ele>906.9</ele>
    <time>2026-07-11T08:01:58Z</time>
   </trkpt>
   <trkpt lat="12.8914610" lon="77.6201960">
    <ele>906.9</ele>
    <time>2026-07-11T08:01:59Z</time>
   </trkpt>
   <trkpt lat="12.8914230" lon="77.6202040">
    <ele>906.8</ele>
    <time>2026-07-11T08:02:00Z</time>
   </trkpt>
   <trkpt lat="12.8913810" lon="77.6202030">
    <ele>906.8</ele>
    <time>2026-07-11T08:02:01Z</time>
   </trkpt>
   <trkpt lat="12.8913410" lon="77.6202050">
    <ele>906.7</ele>
    <time>2026-07-11T08:02:02Z</time>
   </trkpt>
   <trkpt lat="12.8913030" lon="77.6202070">
    <ele>906.7</ele>
    <time>2026-07-11T08:02:03Z</time>
   </trkpt>
   <trkpt lat="12.8912230" lon="77.6202090">
    <ele>906.6</ele>
    <time>2026-07-11T08:02:04Z</time>
   </trkpt>
   <trkpt lat="12.8911780" lon="77.6202110">
    <ele>906.6</ele>
    <time>2026-07-11T08:02:05Z</time>
   </trkpt>
   <trkpt lat="12.8911350" lon="77.6202140">
    <ele>906.5</ele>
    <time>2026-07-11T08:02:06Z</time>
   </trkpt>
   <trkpt lat="12.8910920" lon="77.6202170">
    <ele>906.5</ele>
    <time>2026-07-11T08:02:07Z</time>
   </trkpt>
   <trkpt lat="12.8910460" lon="77.6202070">
    <ele>906.5</ele>
    <time>2026-07-11T08:02:08Z</time>
   </trkpt>
   <trkpt lat="12.8910050" lon="77.6202120">
    <ele>906.4</ele>
    <time>2026-07-11T08:02:09Z</time>
   </trkpt>
   <trkpt lat="12.8909650" lon="77.6202130">
    <ele>906.4</ele>
    <time>2026-07-11T08:02:10Z</time>
   </trkpt>
   <trkpt lat="12.8909290" lon="77.6202140">
    <ele>906.4</ele>
    <time>2026-07-11T08:02:11Z</time>
   </trkpt>
   <trkpt lat="12.8908880" lon="77.6202130">
    <ele>906.4</ele>
    <time>2026-07-11T08:02:12Z</time>
   </trkpt>
   <trkpt lat="12.8908500" lon="77.6202140">
    <ele>906.3</ele>
    <time>2026-07-11T08:02:13Z</time>
   </trkpt>
   <trkpt lat="12.8908100" lon="77.6202150">
    <ele>906.3</ele>
    <time>2026-07-11T08:02:14Z</time>
   </trkpt>
   <trkpt lat="12.8907670" lon="77.6202130">
    <ele>906.2</ele>
    <time>2026-07-11T08:02:15Z</time>
   </trkpt>
   <trkpt lat="12.8907240" lon="77.6202170">
    <ele>906.2</ele>
    <time>2026-07-11T08:02:16Z</time>
   </trkpt>
   <trkpt lat="12.8906740" lon="77.6202230">
    <ele>906.2</ele>
    <time>2026-07-11T08:02:17Z</time>
   </trkpt>
   <trkpt lat="12.8906390" lon="77.6202090">
    <ele>906.1</ele>
    <time>2026-07-11T08:02:18Z</time>
   </trkpt>
   <trkpt lat="12.8905990" lon="77.6202270">
    <ele>906.1</ele>
    <time>2026-07-11T08:02:19Z</time>
   </trkpt>
   <trkpt lat="12.8905500" lon="77.6202300">
    <ele>906.1</ele>
    <time>2026-07-11T08:02:20Z</time>
   </trkpt>
   <trkpt lat="12.8905000" lon="77.6202270">
    <ele>906.1</ele>
    <time>2026-07-11T08:02:21Z</time>
   </trkpt>
   <trkpt lat="12.8904530" lon="77.6202210">
    <ele>906.0</ele>
    <time>2026-07-11T08:02:22Z</time>
   </trkpt>
   <trkpt lat="12.8904030" lon="77.6202110">
    <ele>906.0</ele>
    <time>2026-07-11T08:02:23Z</time>
   </trkpt>
   <trkpt lat="12.8903600" lon="77.6202140">
    <ele>906.0</ele>
    <time>2026-07-11T08:02:24Z</time>
   </trkpt>
   <trkpt lat="12.8903170" lon="77.6202160">
    <ele>906.0</ele>
    <time>2026-07-11T08:02:25Z</time>
   </trkpt>
   <trkpt lat="12.8902780" lon="77.6202150">
    <ele>906.0</ele>
    <time>2026-07-11T08:02:26Z</time>
   </trkpt>
   <trkpt lat="12.8902490" lon="77.6202150">
    <ele>905.9</ele>
    <time>2026-07-11T08:02:27Z</time>
   </trkpt>
   <trkpt lat="12.8902210" lon="77.6202200">
    <ele>905.9</ele>
    <time>2026-07-11T08:02:28Z</time>
   </trkpt>
   <trkpt lat="12.8901890" lon="77.6202260">
    <ele>905.9</ele>
    <time>2026-07-11T08:02:29Z</time>
   </trkpt>
   <trkpt lat="12.8901550" lon="77.6202250">
    <ele>905.9</ele>
    <time>2026-07-11T08:02:30Z</time>
   </trkpt>
   <trkpt lat="12.8901220" lon="77.6202310">
    <ele>905.9</ele>
    <time>2026-07-11T08:02:31Z</time>
   </trkpt>
   <trkpt lat="12.8900750" lon="77.6202300">
    <ele>905.9</ele>
    <time>2026-07-11T08:02:32Z</time>
   </trkpt>
   <trkpt lat="12.8900330" lon="77.6202280">
    <ele>905.9</ele>
    <time>2026-07-11T08:02:33Z</time>
   </trkpt>
   <trkpt lat="12.8899940" lon="77.6202240">
    <ele>905.8</ele>
    <time>2026-07-11T08:02:35Z</time>
   </trkpt>
   <trkpt lat="12.8899540" lon="77.6202210">
    <ele>905.8</ele>
    <time>2026-07-11T08:02:36Z</time>
   </trkpt>
   <trkpt lat="12.8899130" lon="77.6202160">
    <ele>905.8</ele>
    <time>2026-07-11T08:02:37Z</time>
   </trkpt>
   <trkpt lat="12.8898770" lon="77.6202090">
    <ele>905.8</ele>
    <time>2026-07-11T08:02:38Z</time>
   </trkpt>
   <trkpt lat="12.8898400" lon="77.6202110">
    <ele>905.8</ele>
    <time>2026-07-11T08:02:39Z</time>
   </trkpt>
   <trkpt lat="12.8897960" lon="77.6202110">
    <ele>905.8</ele>
    <time>2026-07-11T08:02:40Z</time>
   </trkpt>
   <trkpt lat="12.8897550" lon="77.6202050">
    <ele>905.8</ele>
    <time>2026-07-11T08:02:41Z</time>
   </trkpt>
   <trkpt lat="12.8897060" lon="77.6201960">
    <ele>905.9</ele>
    <time>2026-07-11T08:02:42Z</time>
   </trkpt>
   <trkpt lat="12.8896700" lon="77.6201920">
    <ele>905.9</ele>
    <time>2026-07-11T08:02:43Z</time>
   </trkpt>
   <trkpt lat="12.8896330" lon="77.6201950">
    <ele>905.9</ele>
    <time>2026-07-11T08:02:44Z</time>
   </trkpt>
   <trkpt lat="12.8895880" lon="77.6201850">
    <ele>905.9</ele>
    <time>2026-07-11T08:02:45Z</time>
   </trkpt>
   <trkpt lat="12.8895470" lon="77.6201760">
    <ele>905.9</ele>
    <time>2026-07-11T08:02:46Z</time>
   </trkpt>
   <trkpt lat="12.8895050" lon="77.6201680">
    <ele>906.0</ele>
    <time>2026-07-11T08:02:47Z</time>
   </trkpt>
   <trkpt lat="12.8894660" lon="77.6201590">
    <ele>906.0</ele>
    <time>2026-07-11T08:02:48Z</time>
   </trkpt>
   <trkpt lat="12.8894270" lon="77.6201500">
    <ele>906.0</ele>
    <time>2026-07-11T08:02:49Z</time>
   </trkpt>
   <trkpt lat="12.8893850" lon="77.6201450">
    <ele>906.0</ele>
    <time>2026-07-11T08:02:50Z</time>
   </trkpt>
   <trkpt lat="12.8893420" lon="77.6201430">
    <ele>906.1</ele>
    <time>2026-07-11T08:02:51Z</time>
   </trkpt>
   <trkpt lat="12.8893000" lon="77.6201380">
    <ele>906.1</ele>
    <time>2026-07-11T08:02:52Z</time>
   </trkpt>
   <trkpt lat="12.8892630" lon="77.6201250">
    <ele>906.1</ele>
    <time>2026-07-11T08:02:53Z</time>
   </trkpt>
   <trkpt lat="12.8892220" lon="77.6201080">
    <ele>906.1</ele>
    <time>2026-07-11T08:02:54Z</time>
   </trkpt>
   <trkpt lat="12.8891850" lon="77.6200920">
    <ele>906.1</ele>
    <time>2026-07-11T08:02:55Z</time>
   </trkpt>
   <trkpt lat="12.8891460" lon="77.6200780">
    <ele>906.2</ele>
    <time>2026-07-11T08:02:56Z</time>
   </trkpt>
   <trkpt lat="12.8891070" lon="77.6200670">
    <ele>906.2</ele>
    <time>2026-07-11T08:02:57Z</time>
   </trkpt>
   <trkpt lat="12.8890730" lon="77.6200550">
    <ele>906.2</ele>
    <time>2026-07-11T08:02:58Z</time>
   </trkpt>
   <trkpt lat="12.8890370" lon="77.6200380">
    <ele>906.2</ele>
    <time>2026-07-11T08:02:59Z</time>
   </trkpt>
   <trkpt lat="12.8890010" lon="77.6200210">
    <ele>906.2</ele>
    <time>2026-07-11T08:03:00Z</time>
   </trkpt>
   <trkpt lat="12.8889670" lon="77.6200040">
    <ele>906.2</ele>
    <time>2026-07-11T08:03:01Z</time>
   </trkpt>
   <trkpt lat="12.8889350" lon="77.6199890">
    <ele>906.3</ele>
    <time>2026-07-11T08:03:02Z</time>
   </trkpt>
   <trkpt lat="12.8889060" lon="77.6199750">
    <ele>906.3</ele>
    <time>2026-07-11T08:03:03Z</time>
   </trkpt>
   <trkpt lat="12.8888780" lon="77.6199630">
    <ele>906.3</ele>
    <time>2026-07-11T08:03:04Z</time>
   </trkpt>
   <trkpt lat="12.8888530" lon="77.6199490">
    <ele>906.3</ele>
    <time>2026-07-11T08:03:05Z</time>
   </trkpt>
   <trkpt lat="12.8888320" lon="77.6199230">
    <ele>906.4</ele>
    <time>2026-07-11T08:03:06Z</time>
   </trkpt>
   <trkpt lat="12.8888140" lon="77.6198890">
    <ele>906.4</ele>
    <time>2026-07-11T08:03:07Z</time>
   </trkpt>
   <trkpt lat="12.8887900" lon="77.6198630">
    <ele>906.5</ele>
    <time>2026-07-11T08:03:08Z</time>
   </trkpt>
   <trkpt lat="12.8887610" lon="77.6198380">
    <ele>906.6</ele>
    <time>2026-07-11T08:03:09Z</time>
   </trkpt>
   <trkpt lat="12.8887330" lon="77.6198150">
    <ele>906.6</ele>
    <time>2026-07-11T08:03:10Z</time>
   </trkpt>
   <trkpt lat="12.8887070" lon="77.6197920">
    <ele>906.6</ele>
    <time>2026-07-11T08:03:11Z</time>
   </trkpt>
   <trkpt lat="12.8886840" lon="77.6197660">
    <ele>906.7</ele>
    <time>2026-07-11T08:03:12Z</time>
   </trkpt>
   <trkpt lat="12.8886590" lon="77.6197400">
    <ele>906.7</ele>
    <time>2026-07-11T08:03:13Z</time>
   </trkpt>
   <trkpt lat="12.8886350" lon="77.6197150">
    <ele>906.8</ele>
    <time>2026-07-11T08:03:14Z</time>
   </trkpt>
   <trkpt lat="12.8886080" lon="77.6196900">
    <ele>906.8</ele>
    <time>2026-07-11T08:03:15Z</time>
   </trkpt>
   <trkpt lat="12.8885720" lon="77.6196780">
    <ele>906.9</ele>
    <time>2026-07-11T08:03:16Z</time>
   </trkpt>
   <trkpt lat="12.8885510" lon="77.6196440">
    <ele>906.9</ele>
    <time>2026-07-11T08:03:17Z</time>
   </trkpt>
   <trkpt lat="12.8885250" lon="77.6196180">
    <ele>906.9</ele>
    <time>2026-07-11T08:03:18Z</time>
   </trkpt>
   <trkpt lat="12.8885040" lon="77.6195890">
    <ele>907.0</ele>
    <time>2026-07-11T08:03:19Z</time>
   </trkpt>
   <trkpt lat="12.8884840" lon="77.6195650">
    <ele>907.0</ele>
    <time>2026-07-11T08:03:20Z</time>
   </trkpt>
   <trkpt lat="12.8884620" lon="77.6195390">
    <ele>907.0</ele>
    <time>2026-07-11T08:03:21Z</time>
   </trkpt>
   <trkpt lat="12.8884360" lon="77.6195160">
    <ele>907.0</ele>
    <time>2026-07-11T08:03:22Z</time>
   </trkpt>
   <trkpt lat="12.8884160" lon="77.6194960">
    <ele>907.1</ele>
    <time>2026-07-11T08:03:23Z</time>
   </trkpt>
   <trkpt lat="12.8883820" lon="77.6194830">
    <ele>907.1</ele>
    <time>2026-07-11T08:03:24Z</time>
   </trkpt>
   <trkpt lat="12.8883500" lon="77.6194690">
    <ele>907.1</ele>
    <time>2026-07-11T08:03:25Z</time>
   </trkpt>
   <trkpt lat="12.8883200" lon="77.6194540">
    <ele>907.2</ele>
    <time>2026-07-11T08:03:26Z</time>
   </trkpt>
   <trkpt lat="12.8882900" lon="77.6194310">
    <ele>907.2</ele>
    <time>2026-07-11T08:03:27Z</time>
   </trkpt>
   <trkpt lat="12.8882600" lon="77.6194040">
    <ele>907.2</ele>
    <time>2026-07-11T08:03:28Z</time>
   </trkpt>
   <trkpt lat="12.8882330" lon="77.6193820">
    <ele>907.3</ele>
    <time>2026-07-11T08:03:29Z</time>
   </trkpt>
   <trkpt lat="12.8882090" lon="77.6193620">
    <ele>907.3</ele>
    <time>2026-07-11T08:03:30Z</time>
   </trkpt>
   <trkpt lat="12.8881860" lon="77.6193390">
    <ele>907.4</ele>
    <time>2026-07-11T08:03:31Z</time>
   </trkpt>
   <trkpt lat="12.8881590" lon="77.6193190">
    <ele>907.4</ele>
    <time>2026-07-11T08:03:32Z</time>
   </trkpt>
   <trkpt lat="12.8881300" lon="77.6193000">
    <ele>907.5</ele>
    <time>2026-07-11T08:03:33Z</time>
   </trkpt>
   <trkpt lat="12.8880960" lon="77.6192880">
    <ele>907.5</ele>
    <time>2026-07-11T08:03:34Z</time>
   </trkpt>
   <trkpt lat="12.8880650" lon="77.6192760">
    <ele>907.6</ele>
    <time>2026-07-11T08:03:35Z</time>
   </trkpt>
   <trkpt lat="12.8880340" lon="77.6192670">
    <ele>907.6</ele>
    <time>2026-07-11T08:03:36Z</time>
   </trkpt>
   <trkpt lat="12.8880020" lon="77.6192560">
    <ele>907.7</ele>
    <time>2026-07-11T08:03:37Z</time>
   </trkpt>
   <trkpt lat="12.8879660" lon="77.6192450">
    <ele>907.7</ele>
    <time>2026-07-11T08:03:38Z</time>
   </trkpt>
   <trkpt lat="12.8879310" lon="77.6192340">
    <ele>907.8</ele>
    <time>2026-07-11T08:03:39Z</time>
   </trkpt>
   <trkpt lat="12.8879000" lon="77.6192180">
    <ele>907.8</ele>
    <time>2026-07-11T08:03:40Z</time>
   </trkpt>
   <trkpt lat="12.8878670" lon="77.6192060">
    <ele>907.8</ele>
    <time>2026-07-11T08:03:41Z</time>
   </trkpt>
   <trkpt lat="12.8878370" lon="77.6192000">
    <ele>907.9</ele>
    <time>2026-07-11T08:03:42Z</time>
   </trkpt>
   <trkpt lat="12.8878060" lon="77.6191940">
    <ele>907.9</ele>
    <time>2026-07-11T08:03:43Z</time>
   </trkpt>
   <trkpt lat="12.8877740" lon="77.6191810">
    <ele>907.9</ele>
    <time>2026-07-11T08:03:44Z</time>
   </trkpt>
   <trkpt lat="12.8877420" lon="77.6191740">
    <ele>908.0</ele>
    <time>2026-07-11T08:03:45Z</time>
   </trkpt>
   <trkpt lat="12.8877070" lon="77.6191650">
    <ele>908.0</ele>
    <time>2026-07-11T08:03:46Z</time>
   </trkpt>
   <trkpt lat="12.8876740" lon="77.6191540">
    <ele>908.1</ele>
    <time>2026-07-11T08:03:47Z</time>
   </trkpt>
   <trkpt lat="12.8876410" lon="77.6191430">
    <ele>908.1</ele>
    <time>2026-07-11T08:03:48Z</time>
   </trkpt>
   <trkpt lat="12.8876060" lon="77.6191360">
    <ele>908.2</ele>
    <time>2026-07-11T08:03:49Z</time>
   </trkpt>
   <trkpt lat="12.8875720" lon="77.6191230">
    <ele>908.2</ele>
    <time>2026-07-11T08:03:50Z</time>
   </trkpt>
   <trkpt lat="12.8875420" lon="77.6191080">
    <ele>908.2</ele>
    <time>2026-07-11T08:03:51Z</time>
   </trkpt>
   <trkpt lat="12.8875130" lon="77.6190920">
    <ele>908.3</ele>
    <time>2026-07-11T08:03:52Z</time>
   </trkpt>
   <trkpt lat="12.8874890" lon="77.6190790">
    <ele>908.3</ele>
    <time>2026-07-11T08:03:53Z</time>
   </trkpt>
   <trkpt lat="12.8874620" lon="77.6190590">
    <ele>908.4</ele>
    <time>2026-07-11T08:03:54Z</time>
   </trkpt>
   <trkpt lat="12.8874350" lon="77.6190400">
    <ele>908.4</ele>
    <time>2026-07-11T08:03:55Z</time>
   </trkpt>
   <trkpt lat="12.8874060" lon="77.6190250">
    <ele>908.4</ele>
    <time>2026-07-11T08:03:56Z</time>
   </trkpt>
   <trkpt lat="12.8873760" lon="77.6190100">
    <ele>908.5</ele>
    <time>2026-07-11T08:03:57Z</time>
   </trkpt>
   <trkpt lat="12.8873470" lon="77.6189960">
    <ele>908.5</ele>
    <time>2026-07-11T08:03:58Z</time>
   </trkpt>
   <trkpt lat="12.8873210" lon="77.6189810">
    <ele>908.6</ele>
    <time>2026-07-11T08:03:59Z</time>
   </trkpt>
   <trkpt lat="12.8872940" lon="77.6189630">
    <ele>908.6</ele>
    <time>2026-07-11T08:04:00Z</time>
   </trkpt>
   <trkpt lat="12.8872670" lon="77.6189520">
    <ele>908.7</ele>
    <time>2026-07-11T08:04:01Z</time>
   </trkpt>
   <trkpt lat="12.8872380" lon="77.6189440">
    <ele>908.7</ele>
    <time>2026-07-11T08:04:02Z</time>
   </trkpt>
   <trkpt lat="12.8872130" lon="77.6189350">
    <ele>908.8</ele>
    <time>2026-07-11T08:04:03Z</time>
   </trkpt>
   <trkpt lat="12.8871880" lon="77.6189250">
    <ele>908.8</ele>
    <time>2026-07-11T08:04:04Z</time>
   </trkpt>
   <trkpt lat="12.8871640" lon="77.6189140">
    <ele>908.8</ele>
    <time>2026-07-11T08:04:05Z</time>
   </trkpt>
   <trkpt lat="12.8871430" lon="77.6189030">
    <ele>908.9</ele>
    <time>2026-07-11T08:04:06Z</time>
   </trkpt>
   <trkpt lat="12.8871210" lon="77.6188930">
    <ele>908.9</ele>
    <time>2026-07-11T08:04:07Z</time>
   </trkpt>
   <trkpt lat="12.8870910" lon="77.6188820">
    <ele>909.0</ele>
    <time>2026-07-11T08:04:08Z</time>
   </trkpt>
   <trkpt lat="12.8870630" lon="77.6188720">
    <ele>909.0</ele>
    <time>2026-07-11T08:04:09Z</time>
   </trkpt>
   <trkpt lat="12.8870050" lon="77.6188560">
    <ele>909.1</ele>
    <time>2026-07-11T08:04:10Z</time>
   </trkpt>
   <trkpt lat="12.8869760" lon="77.6188470">
    <ele>909.2</ele>
    <time>2026-07-11T08:04:11Z</time>
   </trkpt>
   <trkpt lat="12.8869480" lon="77.6188320">
    <ele>909.2</ele>
    <time>2026-07-11T08:04:12Z</time>
   </trkpt>
   <trkpt lat="12.8869250" lon="77.6188280">
    <ele>909.3</ele>
    <time>2026-07-11T08:04:13Z</time>
   </trkpt>
   <trkpt lat="12.8868970" lon="77.6188050">
    <ele>909.3</ele>
    <time>2026-07-11T08:04:14Z</time>
   </trkpt>
   <trkpt lat="12.8868740" lon="77.6187980">
    <ele>909.4</ele>
    <time>2026-07-11T08:04:15Z</time>
   </trkpt>
   <trkpt lat="12.8868490" lon="77.6187890">
    <ele>909.4</ele>
    <time>2026-07-11T08:04:16Z</time>
   </trkpt>
   <trkpt lat="12.8868240" lon="77.6187850">
    <ele>909.5</ele>
    <time>2026-07-11T08:04:17Z</time>
   </trkpt>
   <trkpt lat="12.8867990" lon="77.6187850">
    <ele>909.5</ele>
    <time>2026-07-11T08:04:18Z</time>
   </trkpt>
   <trkpt lat="12.8867680" lon="77.6187790">
    <ele>909.6</ele>
    <time>2026-07-11T08:04:19Z</time>
   </trkpt>
   <trkpt lat="12.8867410" lon="77.6187690">
    <ele>909.6</ele>
    <time>2026-07-11T08:04:20Z</time>
   </trkpt>
   <trkpt lat="12.8867110" lon="77.6187670">
    <ele>909.7</ele>
    <time>2026-07-11T08:04:21Z</time>
   </trkpt>
   <trkpt lat="12.8866800" lon="77.6187640">
    <ele>909.7</ele>
    <time>2026-07-11T08:04:22Z</time>
   </trkpt>
   <trkpt lat="12.8866510" lon="77.6187600">
    <ele>909.8</ele>
    <time>2026-07-11T08:04:23Z</time>
   </trkpt>
   <trkpt lat="12.8866240" lon="77.6187520">
    <ele>909.8</ele>
    <time>2026-07-11T08:04:24Z</time>
   </trkpt>
   <trkpt lat="12.8865980" lon="77.6187450">
    <ele>909.8</ele>
    <time>2026-07-11T08:04:25Z</time>
   </trkpt>
   <trkpt lat="12.8865700" lon="77.6187380">
    <ele>909.9</ele>
    <time>2026-07-11T08:04:26Z</time>
   </trkpt>
   <trkpt lat="12.8865420" lon="77.6187330">
    <ele>909.9</ele>
    <time>2026-07-11T08:04:27Z</time>
   </trkpt>
   <trkpt lat="12.8865180" lon="77.6187270">
    <ele>910.0</ele>
    <time>2026-07-11T08:04:28Z</time>
   </trkpt>
   <trkpt lat="12.8864920" lon="77.6187240">
    <ele>910.0</ele>
    <time>2026-07-11T08:04:29Z</time>
   </trkpt>
   <trkpt lat="12.8864660" lon="77.6187180">
    <ele>910.0</ele>
    <time>2026-07-11T08:04:30Z</time>
   </trkpt>
   <trkpt lat="12.8864390" lon="77.6187090">
    <ele>910.0</ele>
    <time>2026-07-11T08:04:31Z</time>
   </trkpt>
   <trkpt lat="12.8864140" lon="77.6186990">
    <ele>910.1</ele>
    <time>2026-07-11T08:04:32Z</time>
   </trkpt>
   <trkpt lat="12.8863870" lon="77.6186880">
    <ele>910.1</ele>
    <time>2026-07-11T08:04:33Z</time>
   </trkpt>
   <trkpt lat="12.8863580" lon="77.6186790">
    <ele>910.1</ele>
    <time>2026-07-11T08:04:34Z</time>
   </trkpt>
   <trkpt lat="12.8863320" lon="77.6186710">
    <ele>910.2</ele>
    <time>2026-07-11T08:04:35Z</time>
   </trkpt>
   <trkpt lat="12.8863060" lon="77.6186660">
    <ele>910.2</ele>
    <time>2026-07-11T08:04:36Z</time>
   </trkpt>
   <trkpt lat="12.8862770" lon="77.6186580">
    <ele>910.2</ele>
    <time>2026-07-11T08:04:37Z</time>
   </trkpt>
   <trkpt lat="12.8862510" lon="77.6186440">
    <ele>910.2</ele>
    <time>2026-07-11T08:04:38Z</time>
   </trkpt>
   <trkpt lat="12.8862260" lon="77.6186300">
    <ele>910.3</ele>
    <time>2026-07-11T08:04:39Z</time>
   </trkpt>
   <trkpt lat="12.8861980" lon="77.6186210">
    <ele>910.3</ele>
    <time>2026-07-11T08:04:41Z</time>
   </trkpt>
   <trkpt lat="12.8861690" lon="77.6186190">
    <ele>910.3</ele>
    <time>2026-07-11T08:04:42Z</time>
   </trkpt>
   <trkpt lat="12.8861390" lon="77.6186150">
    <ele>910.3</ele>
    <time>2026-07-11T08:04:43Z</time>
   </trkpt>
   <trkpt lat="12.8861100" lon="77.6186130">
    <ele>910.3</ele>
    <time>2026-07-11T08:04:44Z</time>
   </trkpt>
   <trkpt lat="12.8860800" lon="77.6186070">
    <ele>910.4</ele>
    <time>2026-07-11T08:04:45Z</time>
   </trkpt>
   <trkpt lat="12.8860530" lon="77.6185950">
    <ele>910.4</ele>
    <time>2026-07-11T08:04:46Z</time>
   </trkpt>
   <trkpt lat="12.8860270" lon="77.6185850">
    <ele>910.4</ele>
    <time>2026-07-11T08:04:47Z</time>
   </trkpt>
   <trkpt lat="12.8860030" lon="77.6185840">
    <ele>910.4</ele>
    <time>2026-07-11T08:04:48Z</time>
   </trkpt>
   <trkpt lat="12.8859810" lon="77.6185730">
    <ele>910.4</ele>
    <time>2026-07-11T08:04:49Z</time>
   </trkpt>
   <trkpt lat="12.8859610" lon="77.6185640">
    <ele>910.4</ele>
    <time>2026-07-11T08:04:50Z</time>
   </trkpt>
   <trkpt lat="12.8859380" lon="77.6185590">
    <ele>910.4</ele>
    <time>2026-07-11T08:04:51Z</time>
   </trkpt>
   <trkpt lat="12.8859090" lon="77.6185560">
    <ele>910.4</ele>
    <time>2026-07-11T08:04:52Z</time>
   </trkpt>
   <trkpt lat="12.8858790" lon="77.6185490">
    <ele>910.3</ele>
    <time>2026-07-11T08:04:53Z</time>
   </trkpt>
   <trkpt lat="12.8858450" lon="77.6185450">
    <ele>910.3</ele>
    <time>2026-07-11T08:04:54Z</time>
   </trkpt>
   <trkpt lat="12.8858130" lon="77.6185390">
    <ele>910.3</ele>
    <time>2026-07-11T08:04:55Z</time>
   </trkpt>
   <trkpt lat="12.8857830" lon="77.6185330">
    <ele>910.3</ele>
    <time>2026-07-11T08:04:56Z</time>
   </trkpt>
   <trkpt lat="12.8857480" lon="77.6185230">
    <ele>910.2</ele>
    <time>2026-07-11T08:04:57Z</time>
   </trkpt>
   <trkpt lat="12.8857150" lon="77.6185080">
    <ele>910.2</ele>
    <time>2026-07-11T08:04:58Z</time>
   </trkpt>
   <trkpt lat="12.8856850" lon="77.6184960">
    <ele>910.2</ele>
    <time>2026-07-11T08:04:59Z</time>
   </trkpt>
   <trkpt lat="12.8856480" lon="77.6184910">
    <ele>910.2</ele>
    <time>2026-07-11T08:05:00Z</time>
   </trkpt>
   <trkpt lat="12.8856200" lon="77.6184840">
    <ele>910.1</ele>
    <time>2026-07-11T08:05:01Z</time>
   </trkpt>
   <trkpt lat="12.8855890" lon="77.6184770">
    <ele>910.1</ele>
    <time>2026-07-11T08:05:02Z</time>
   </trkpt>
   <trkpt lat="12.8855620" lon="77.6184660">
    <ele>910.1</ele>
    <time>2026-07-11T08:05:03Z</time>
   </trkpt>
   <trkpt lat="12.8855280" lon="77.6184600">
    <ele>910.1</ele>
    <time>2026-07-11T08:05:04Z</time>
   </trkpt>
   <trkpt lat="12.8854990" lon="77.6184520">
    <ele>910.1</ele>
    <time>2026-07-11T08:05:05Z</time>
   </trkpt>
   <trkpt lat="12.8854670" lon="77.6184420">
    <ele>910.1</ele>
    <time>2026-07-11T08:05:06Z</time>
   </trkpt>
   <trkpt lat="12.8854350" lon="77.6184330">
    <ele>910.1</ele>
    <time>2026-07-11T08:05:07Z</time>
   </trkpt>
   <trkpt lat="12.8854040" lon="77.6184290">
    <ele>910.1</ele>
    <time>2026-07-11T08:05:08Z</time>
   </trkpt>
   <trkpt lat="12.8853730" lon="77.6184200">
    <ele>910.1</ele>
    <time>2026-07-11T08:05:09Z</time>
   </trkpt>
   <trkpt lat="12.8853420" lon="77.6184120">
    <ele>910.1</ele>
    <time>2026-07-11T08:05:10Z</time>
   </trkpt>
   <trkpt lat="12.8853070" lon="77.6184040">
    <ele>910.1</ele>
    <time>2026-07-11T08:05:11Z</time>
   </trkpt>
   <trkpt lat="12.8852770" lon="77.6184030">
    <ele>910.1</ele>
    <time>2026-07-11T08:05:12Z</time>
   </trkpt>
   <trkpt lat="12.8852430" lon="77.6183980">
    <ele>910.1</ele>
    <time>2026-07-11T08:05:13Z</time>
   </trkpt>
   <trkpt lat="12.8852050" lon="77.6183800">
    <ele>910.1</ele>
    <time>2026-07-11T08:05:14Z</time>
   </trkpt>
   <trkpt lat="12.8851720" lon="77.6183780">
    <ele>910.1</ele>
    <time>2026-07-11T08:05:15Z</time>
   </trkpt>
   <trkpt lat="12.8851360" lon="77.6183680">
    <ele>910.0</ele>
    <time>2026-07-11T08:05:16Z</time>
   </trkpt>
   <trkpt lat="12.8851000" lon="77.6183570">
    <ele>910.0</ele>
    <time>2026-07-11T08:05:17Z</time>
   </trkpt>
   <trkpt lat="12.8850680" lon="77.6183410">
    <ele>909.9</ele>
    <time>2026-07-11T08:05:18Z</time>
   </trkpt>
   <trkpt lat="12.8850310" lon="77.6183320">
    <ele>909.9</ele>
    <time>2026-07-11T08:05:19Z</time>
   </trkpt>
   <trkpt lat="12.8849990" lon="77.6183270">
    <ele>909.8</ele>
    <time>2026-07-11T08:05:20Z</time>
   </trkpt>
   <trkpt lat="12.8849710" lon="77.6183200">
    <ele>909.8</ele>
    <time>2026-07-11T08:05:21Z</time>
   </trkpt>
   <trkpt lat="12.8849400" lon="77.6183050">
    <ele>909.8</ele>
    <time>2026-07-11T08:05:22Z</time>
   </trkpt>
   <trkpt lat="12.8849070" lon="77.6183010">
    <ele>909.7</ele>
    <time>2026-07-11T08:05:23Z</time>
   </trkpt>
   <trkpt lat="12.8848760" lon="77.6182950">
    <ele>909.7</ele>
    <time>2026-07-11T08:05:24Z</time>
   </trkpt>
   <trkpt lat="12.8848450" lon="77.6182900">
    <ele>909.7</ele>
    <time>2026-07-11T08:05:25Z</time>
   </trkpt>
   <trkpt lat="12.8848200" lon="77.6182880">
    <ele>909.7</ele>
    <time>2026-07-11T08:05:26Z</time>
   </trkpt>
   <trkpt lat="12.8847930" lon="77.6182830">
    <ele>909.7</ele>
    <time>2026-07-11T08:05:27Z</time>
   </trkpt>
   <trkpt lat="12.8847630" lon="77.6182780">
    <ele>909.6</ele>
    <time>2026-07-11T08:05:28Z</time>
   </trkpt>
   <trkpt lat="12.8847370" lon="77.6182680">
    <ele>909.7</ele>
    <time>2026-07-11T08:05:29Z</time>
   </trkpt>
   <trkpt lat="12.8847030" lon="77.6182600">
    <ele>909.7</ele>
    <time>2026-07-11T08:05:30Z</time>
   </trkpt>
   <trkpt lat="12.8846710" lon="77.6182570">
    <ele>909.8</ele>
    <time>2026-07-11T08:05:31Z</time>
   </trkpt>
   <trkpt lat="12.8846380" lon="77.6182480">
    <ele>909.8</ele>
    <time>2026-07-11T08:05:32Z</time>
   </trkpt>
   <trkpt lat="12.8846070" lon="77.6182450">
    <ele>909.9</ele>
    <time>2026-07-11T08:05:33Z</time>
   </trkpt>
   <trkpt lat="12.8845800" lon="77.6182370">
    <ele>909.9</ele>
    <time>2026-07-11T08:05:34Z</time>
   </trkpt>
   <trkpt lat="12.8845450" lon="77.6182390">
    <ele>910.0</ele>
    <time>2026-07-11T08:05:35Z</time>
   </trkpt>
   <trkpt lat="12.8845100" lon="77.6182310">
    <ele>910.1</ele>
    <time>2026-07-11T08:05:36Z</time>
   </trkpt>
   <trkpt lat="12.8844790" lon="77.6182170">
    <ele>910.1</ele>
    <time>2026-07-11T08:05:37Z</time>
   </trkpt>
   <trkpt lat="12.8844490" lon="77.6182080">
    <ele>910.2</ele>
    <time>2026-07-11T08:05:38Z</time>
   </trkpt>
   <trkpt lat="12.8844210" lon="77.6182100">
    <ele>910.2</ele>
    <time>2026-07-11T08:05:39Z</time>
   </trkpt>
   <trkpt lat="12.8843900" lon="77.6182030">
    <ele>910.3</ele>
    <time>2026-07-11T08:05:40Z</time>
   </trkpt>
   <trkpt lat="12.8843640" lon="77.6181980">
    <ele>910.3</ele>
    <time>2026-07-11T08:05:41Z</time>
   </trkpt>
   <trkpt lat="12.8843380" lon="77.6181950">
    <ele>910.4</ele>
    <time>2026-07-11T08:05:42Z</time>
   </trkpt>
   <trkpt lat="12.8843110" lon="77.6181870">
    <ele>910.4</ele>
    <time>2026-07-11T08:05:43Z</time>
   </trkpt>
   <trkpt lat="12.8842840" lon="77.6181820">
    <ele>910.5</ele>
    <time>2026-07-11T08:05:44Z</time>
   </trkpt>
   <trkpt lat="12.8842580" lon="77.6181710">
    <ele>910.5</ele>
    <time>2026-07-11T08:05:45Z</time>
   </trkpt>
   <trkpt lat="12.8842310" lon="77.6181640">
    <ele>910.5</ele>
    <time>2026-07-11T08:05:46Z</time>
   </trkpt>
   <trkpt lat="12.8842050" lon="77.6181570">
    <ele>910.6</ele>
    <time>2026-07-11T08:05:47Z</time>
   </trkpt>
   <trkpt lat="12.8841780" lon="77.6181490">
    <ele>910.6</ele>
    <time>2026-07-11T08:05:48Z</time>
   </trkpt>
   <trkpt lat="12.8841500" lon="77.6181440">
    <ele>910.7</ele>
    <time>2026-07-11T08:05:49Z</time>
   </trkpt>
   <trkpt lat="12.8841180" lon="77.6181370">
    <ele>910.7</ele>
    <time>2026-07-11T08:05:50Z</time>
   </trkpt>
   <trkpt lat="12.8840890" lon="77.6181330">
    <ele>910.8</ele>
    <time>2026-07-11T08:05:51Z</time>
   </trkpt>
   <trkpt lat="12.8840610" lon="77.6181320">
    <ele>910.8</ele>
    <time>2026-07-11T08:05:52Z</time>
   </trkpt>
   <trkpt lat="12.8840300" lon="77.6181220">
    <ele>910.9</ele>
    <time>2026-07-11T08:05:53Z</time>
   </trkpt>
   <trkpt lat="12.8840010" lon="77.6181180">
    <ele>910.9</ele>
    <time>2026-07-11T08:05:54Z</time>
   </trkpt>
   <trkpt lat="12.8839720" lon="77.6181100">
    <ele>911.0</ele>
    <time>2026-07-11T08:05:55Z</time>
   </trkpt>
   <trkpt lat="12.8839460" lon="77.6181040">
    <ele>911.0</ele>
    <time>2026-07-11T08:05:56Z</time>
   </trkpt>
   <trkpt lat="12.8839230" lon="77.6180930">
    <ele>911.0</ele>
    <time>2026-07-11T08:05:57Z</time>
   </trkpt>
   <trkpt lat="12.8838990" lon="77.6180840">
    <ele>911.0</ele>
    <time>2026-07-11T08:05:58Z</time>
   </trkpt>
   <trkpt lat="12.8838720" lon="77.6180770">
    <ele>911.1</ele>
    <time>2026-07-11T08:05:59Z</time>
   </trkpt>
   <trkpt lat="12.8838450" lon="77.6180780">
    <ele>911.1</ele>
    <time>2026-07-11T08:06:00Z</time>
   </trkpt>
   <trkpt lat="12.8838200" lon="77.6180760">
    <ele>911.1</ele>
    <time>2026-07-11T08:06:01Z</time>
   </trkpt>
   <trkpt lat="12.8837960" lon="77.6180660">
    <ele>911.1</ele>
    <time>2026-07-11T08:06:02Z</time>
   </trkpt>
   <trkpt lat="12.8837710" lon="77.6180590">
    <ele>911.1</ele>
    <time>2026-07-11T08:06:03Z</time>
   </trkpt>
   <trkpt lat="12.8837480" lon="77.6180480">
    <ele>911.1</ele>
    <time>2026-07-11T08:06:04Z</time>
   </trkpt>
   <trkpt lat="12.8837250" lon="77.6180440">
    <ele>911.1</ele>
    <time>2026-07-11T08:06:05Z</time>
   </trkpt>
   <trkpt lat="12.8837070" lon="77.6180380">
    <ele>911.1</ele>
    <time>2026-07-11T08:06:06Z</time>
   </trkpt>
   <trkpt lat="12.8836810" lon="77.6180280">
    <ele>911.2</ele>
    <time>2026-07-11T08:06:07Z</time>
   </trkpt>
   <trkpt lat="12.8836500" lon="77.6180110">
    <ele>911.2</ele>
    <time>2026-07-11T08:06:08Z</time>
   </trkpt>
   <trkpt lat="12.8836220" lon="77.6180000">
    <ele>911.2</ele>
    <time>2026-07-11T08:06:09Z</time>
   </trkpt>
   <trkpt lat="12.8835930" lon="77.6179860">
    <ele>911.2</ele>
    <time>2026-07-11T08:06:10Z</time>
   </trkpt>
   <trkpt lat="12.8835610" lon="77.6179760">
    <ele>911.2</ele>
    <time>2026-07-11T08:06:11Z</time>
   </trkpt>
   <trkpt lat="12.8835310" lon="77.6179700">
    <ele>911.2</ele>
    <time>2026-07-11T08:06:12Z</time>
   </trkpt>
   <trkpt lat="12.8835010" lon="77.6179610">
    <ele>911.2</ele>
    <time>2026-07-11T08:06:13Z</time>
   </trkpt>
   <trkpt lat="12.8834750" lon="77.6179580">
    <ele>911.2</ele>
    <time>2026-07-11T08:06:14Z</time>
   </trkpt>
   <trkpt lat="12.8834440" lon="77.6179430">
    <ele>911.2</ele>
    <time>2026-07-11T08:06:15Z</time>
   </trkpt>
   <trkpt lat="12.8833920" lon="77.6179100">
    <ele>911.3</ele>
    <time>2026-07-11T08:06:16Z</time>
   </trkpt>
   <trkpt lat="12.8833600" lon="77.6178910">
    <ele>911.3</ele>
    <time>2026-07-11T08:06:17Z</time>
   </trkpt>
   <trkpt lat="12.8833290" lon="77.6178770">
    <ele>911.3</ele>
    <time>2026-07-11T08:06:18Z</time>
   </trkpt>
   <trkpt lat="12.8832970" lon="77.6178610">
    <ele>911.3</ele>
    <time>2026-07-11T08:06:19Z</time>
   </trkpt>
   <trkpt lat="12.8832630" lon="77.6178480">
    <ele>911.3</ele>
    <time>2026-07-11T08:06:20Z</time>
   </trkpt>
   <trkpt lat="12.8832300" lon="77.6178350">
    <ele>911.3</ele>
    <time>2026-07-11T08:06:21Z</time>
   </trkpt>
   <trkpt lat="12.8831920" lon="77.6178260">
    <ele>911.3</ele>
    <time>2026-07-11T08:06:22Z</time>
   </trkpt>
   <trkpt lat="12.8831610" lon="77.6178190">
    <ele>911.3</ele>
    <time>2026-07-11T08:06:23Z</time>
   </trkpt>
   <trkpt lat="12.8831290" lon="77.6178120">
    <ele>911.3</ele>
    <time>2026-07-11T08:06:24Z</time>
   </trkpt>
   <trkpt lat="12.8831000" lon="77.6178010">
    <ele>911.4</ele>
    <time>2026-07-11T08:06:25Z</time>
   </trkpt>
   <trkpt lat="12.8830770" lon="77.6177930">
    <ele>911.4</ele>
    <time>2026-07-11T08:06:26Z</time>
   </trkpt>
   <trkpt lat="12.8830520" lon="77.6177890">
    <ele>911.4</ele>
    <time>2026-07-11T08:06:27Z</time>
   </trkpt>
   <trkpt lat="12.8830230" lon="77.6177860">
    <ele>911.4</ele>
    <time>2026-07-11T08:06:28Z</time>
   </trkpt>
   <trkpt lat="12.8829960" lon="77.6177800">
    <ele>911.5</ele>
    <time>2026-07-11T08:06:29Z</time>
   </trkpt>
   <trkpt lat="12.8829680" lon="77.6177710">
    <ele>911.5</ele>
    <time>2026-07-11T08:06:30Z</time>
   </trkpt>
   <trkpt lat="12.8829400" lon="77.6177650">
    <ele>911.5</ele>
    <time>2026-07-11T08:06:31Z</time>
   </trkpt>
   <trkpt lat="12.8829080" lon="77.6177640">
    <ele>911.5</ele>
    <time>2026-07-11T08:06:32Z</time>
   </trkpt>
   <trkpt lat="12.8828770" lon="77.6177570">
    <ele>911.6</ele>
    <time>2026-07-11T08:06:33Z</time>
   </trkpt>
   <trkpt lat="12.8828470" lon="77.6177310">
    <ele>911.6</ele>
    <time>2026-07-11T08:06:34Z</time>
   </trkpt>
   <trkpt lat="12.8828050" lon="77.6177450">
    <ele>911.6</ele>
    <time>2026-07-11T08:06:35Z</time>
   </trkpt>
   <trkpt lat="12.8827740" lon="77.6177400">
    <ele>911.7</ele>
    <time>2026-07-11T08:06:36Z</time>
   </trkpt>
   <trkpt lat="12.8827380" lon="77.6177380">
    <ele>911.7</ele>
    <time>2026-07-11T08:06:37Z</time>
   </trkpt>
   <trkpt lat="12.8827080" lon="77.6177320">
    <ele>911.7</ele>
    <time>2026-07-11T08:06:38Z</time>
   </trkpt>
   <trkpt lat="12.8826810" lon="77.6177290">
    <ele>911.8</ele>
    <time>2026-07-11T08:06:39Z</time>
   </trkpt>
   <trkpt lat="12.8826500" lon="77.6177280">
    <ele>911.8</ele>
    <time>2026-07-11T08:06:40Z</time>
   </trkpt>
   <trkpt lat="12.8826190" lon="77.6177220">
    <ele>911.8</ele>
    <time>2026-07-11T08:06:41Z</time>
   </trkpt>
   <trkpt lat="12.8825890" lon="77.6177140">
    <ele>911.9</ele>
    <time>2026-07-11T08:06:42Z</time>
   </trkpt>
   <trkpt lat="12.8825580" lon="77.6177130">
    <ele>911.9</ele>
    <time>2026-07-11T08:06:43Z</time>
   </trkpt>
   <trkpt lat="12.8825290" lon="77.6177130">
    <ele>912.0</ele>
    <time>2026-07-11T08:06:44Z</time>
   </trkpt>
   <trkpt lat="12.8824970" lon="77.6177200">
    <ele>912.0</ele>
    <time>2026-07-11T08:06:45Z</time>
   </trkpt>
   <trkpt lat="12.8824670" lon="77.6177280">
    <ele>912.1</ele>
    <time>2026-07-11T08:06:46Z</time>
   </trkpt>
   <trkpt lat="12.8824390" lon="77.6177300">
    <ele>912.1</ele>
    <time>2026-07-11T08:06:47Z</time>
   </trkpt>
   <trkpt lat="12.8824110" lon="77.6177370">
    <ele>912.2</ele>
    <time>2026-07-11T08:06:48Z</time>
   </trkpt>
   <trkpt lat="12.8823870" lon="77.6177460">
    <ele>912.2</ele>
    <time>2026-07-11T08:06:49Z</time>
   </trkpt>
   <trkpt lat="12.8823570" lon="77.6177420">
    <ele>912.3</ele>
    <time>2026-07-11T08:06:50Z</time>
   </trkpt>
   <trkpt lat="12.8823320" lon="77.6177430">
    <ele>912.3</ele>
    <time>2026-07-11T08:06:51Z</time>
   </trkpt>
   <trkpt lat="12.8823100" lon="77.6177470">
    <ele>912.4</ele>
    <time>2026-07-11T08:06:53Z</time>
   </trkpt>
   <trkpt lat="12.8822860" lon="77.6177510">
    <ele>912.4</ele>
    <time>2026-07-11T08:06:54Z</time>
   </trkpt>
   <trkpt lat="12.8822640" lon="77.6177560">
    <ele>912.4</ele>
    <time>2026-07-11T08:06:55Z</time>
   </trkpt>
   <trkpt lat="12.8822400" lon="77.6177590">
    <ele>912.5</ele>
    <time>2026-07-11T08:06:56Z</time>
   </trkpt>
   <trkpt lat="12.8822130" lon="77.6177570">
    <ele>912.5</ele>
    <time>2026-07-11T08:06:57Z</time>
   </trkpt>
   <trkpt lat="12.8821820" lon="77.6177470">
    <ele>912.6</ele>
    <time>2026-07-11T08:06:58Z</time>
   </trkpt>
   <trkpt lat="12.8821500" lon="77.6177390">
    <ele>912.6</ele>
    <time>2026-07-11T08:06:59Z</time>
   </trkpt>
   <trkpt lat="12.8821230" lon="77.6177420">
    <ele>912.6</ele>
    <time>2026-07-11T08:07:00Z</time>
   </trkpt>
   <trkpt lat="12.8820950" lon="77.6177420">
    <ele>912.7</ele>
    <time>2026-07-11T08:07:01Z</time>
   </trkpt>
   <trkpt lat="12.8820650" lon="77.6177410">
    <ele>912.7</ele>
    <time>2026-07-11T08:07:02Z</time>
   </trkpt>
   <trkpt lat="12.8820310" lon="77.6177390">
    <ele>912.8</ele>
    <time>2026-07-11T08:07:03Z</time>
   </trkpt>
   <trkpt lat="12.8820000" lon="77.6177420">
    <ele>912.8</ele>
    <time>2026-07-11T08:07:04Z</time>
   </trkpt>
   <trkpt lat="12.8819680" lon="77.6177420">
    <ele>912.8</ele>
    <time>2026-07-11T08:07:05Z</time>
   </trkpt>
   <trkpt lat="12.8819360" lon="77.6177400">
    <ele>912.9</ele>
    <time>2026-07-11T08:07:06Z</time>
   </trkpt>
   <trkpt lat="12.8819080" lon="77.6177330">
    <ele>912.9</ele>
    <time>2026-07-11T08:07:07Z</time>
   </trkpt>
   <trkpt lat="12.8818750" lon="77.6177200">
    <ele>913.0</ele>
    <time>2026-07-11T08:07:08Z</time>
   </trkpt>
   <trkpt lat="12.8818420" lon="77.6177090">
    <ele>913.0</ele>
    <time>2026-07-11T08:07:09Z</time>
   </trkpt>
   <trkpt lat="12.8818090" lon="77.6177010">
    <ele>913.1</ele>
    <time>2026-07-11T08:07:10Z</time>
   </trkpt>
   <trkpt lat="12.8817770" lon="77.6176900">
    <ele>913.2</ele>
    <time>2026-07-11T08:07:11Z</time>
   </trkpt>
   <trkpt lat="12.8817460" lon="77.6176790">
    <ele>913.3</ele>
    <time>2026-07-11T08:07:12Z</time>
   </trkpt>
   <trkpt lat="12.8817170" lon="77.6176720">
    <ele>913.4</ele>
    <time>2026-07-11T08:07:13Z</time>
   </trkpt>
   <trkpt lat="12.8816900" lon="77.6176730">
    <ele>913.4</ele>
    <time>2026-07-11T08:07:14Z</time>
   </trkpt>
   <trkpt lat="12.8816690" lon="77.6176710">
    <ele>913.5</ele>
    <time>2026-07-11T08:07:15Z</time>
   </trkpt>
   <trkpt lat="12.8816530" lon="77.6176630">
    <ele>913.6</ele>
    <time>2026-07-11T08:07:16Z</time>
   </trkpt>
   <trkpt lat="12.8816300" lon="77.6176500">
    <ele>913.7</ele>
    <time>2026-07-11T08:07:17Z</time>
   </trkpt>
   <trkpt lat="12.8816110" lon="77.6176420">
    <ele>913.7</ele>
    <time>2026-07-11T08:07:18Z</time>
   </trkpt>
   <trkpt lat="12.8815860" lon="77.6176300">
    <ele>913.9</ele>
    <time>2026-07-11T08:07:19Z</time>
   </trkpt>
   <trkpt lat="12.8815650" lon="77.6176240">
    <ele>914.0</ele>
    <time>2026-07-11T08:07:20Z</time>
   </trkpt>
   <trkpt lat="12.8815440" lon="77.6176180">
    <ele>914.1</ele>
    <time>2026-07-11T08:07:21Z</time>
   </trkpt>
   <trkpt lat="12.8815270" lon="77.6176100">
    <ele>914.2</ele>
    <time>2026-07-11T08:07:22Z</time>
   </trkpt>
   <trkpt lat="12.8815120" lon="77.6176020">
    <ele>914.2</ele>
    <time>2026-07-11T08:07:23Z</time>
   </trkpt>
   <trkpt lat="12.8814930" lon="77.6175980">
    <ele>914.4</ele>
    <time>2026-07-11T08:07:24Z</time>
   </trkpt>
   <trkpt lat="12.8814780" lon="77.6175920">
    <ele>914.5</ele>
    <time>2026-07-11T08:07:25Z</time>
   </trkpt>
   <trkpt lat="12.8814590" lon="77.6175870">
    <ele>914.6</ele>
    <time>2026-07-11T08:07:26Z</time>
   </trkpt>
   <trkpt lat="12.8814400" lon="77.6175820">
    <ele>914.7</ele>
    <time>2026-07-11T08:07:27Z</time>
   </trkpt>
   <trkpt lat="12.8814250" lon="77.6175820">
    <ele>914.8</ele>
    <time>2026-07-11T08:07:28Z</time>
   </trkpt>
   <trkpt lat="12.8814080" lon="77.6175770">
    <ele>914.9</ele>
    <time>2026-07-11T08:07:29Z</time>
   </trkpt>
   <trkpt lat="12.8813880" lon="77.6175710">
    <ele>915.0</ele>
    <time>2026-07-11T08:07:30Z</time>
   </trkpt>
   <trkpt lat="12.8813730" lon="77.6175700">
    <ele>915.1</ele>
    <time>2026-07-11T08:07:31Z</time>
   </trkpt>
   <trkpt lat="12.8813540" lon="77.6175660">
    <ele>915.2</ele>
    <time>2026-07-11T08:07:32Z</time>
   </trkpt>
   <trkpt lat="12.8813340" lon="77.6175580">
    <ele>915.3</ele>
    <time>2026-07-11T08:07:33Z</time>
   </trkpt>
   <trkpt lat="12.8813150" lon="77.6175520">
    <ele>915.4</ele>
    <time>2026-07-11T08:07:34Z</time>
   </trkpt>
   <trkpt lat="12.8813000" lon="77.6175460">
    <ele>915.5</ele>
    <time>2026-07-11T08:07:35Z</time>
   </trkpt>
   <trkpt lat="12.8812830" lon="77.6175400">
    <ele>915.6</ele>
    <time>2026-07-11T08:07:36Z</time>
   </trkpt>
   <trkpt lat="12.8812650" lon="77.6175290">
    <ele>915.7</ele>
    <time>2026-07-11T08:07:37Z</time>
   </trkpt>
   <trkpt lat="12.8812480" lon="77.6175230">
    <ele>915.7</ele>
    <time>2026-07-11T08:07:38Z</time>
   </trkpt>
   <trkpt lat="12.8812290" lon="77.6175180">
    <ele>915.8</ele>
    <time>2026-07-11T08:07:39Z</time>
   </trkpt>
   <trkpt lat="12.8812100" lon="77.6175110">
    <ele>915.9</ele>
    <time>2026-07-11T08:07:40Z</time>
   </trkpt>
   <trkpt lat="12.8811910" lon="77.6175050">
    <ele>915.9</ele>
    <time>2026-07-11T08:07:41Z</time>
   </trkpt>
   <trkpt lat="12.8811740" lon="77.6174950">
    <ele>916.0</ele>
    <time>2026-07-11T08:07:42Z</time>
   </trkpt>
   <trkpt lat="12.8811550" lon="77.6174860">
    <ele>916.1</ele>
    <time>2026-07-11T08:07:43Z</time>
   </trkpt>
   <trkpt lat="12.8811320" lon="77.6174770">
    <ele>916.1</ele>
    <time>2026-07-11T08:07:44Z</time>
   </trkpt>
   <trkpt lat="12.8811140" lon="77.6174740">
    <ele>916.2</ele>
    <time>2026-07-11T08:07:45Z</time>
   </trkpt>
   <trkpt lat="12.8810950" lon="77.6174680">
    <ele>916.2</ele>
    <time>2026-07-11T08:07:46Z</time>
   </trkpt>
   <trkpt lat="12.8810750" lon="77.6174590">
    <ele>916.3</ele>
    <time>2026-07-11T08:07:47Z</time>
   </trkpt>
   <trkpt lat="12.8810560" lon="77.6174510">
    <ele>916.3</ele>
    <time>2026-07-11T08:07:48Z</time>
   </trkpt>
   <trkpt lat="12.8810380" lon="77.6174430">
    <ele>916.4</ele>
    <time>2026-07-11T08:07:49Z</time>
   </trkpt>
   <trkpt lat="12.8810200" lon="77.6174350">
    <ele>916.4</ele>
    <time>2026-07-11T08:07:50Z</time>
   </trkpt>
   <trkpt lat="12.8810050" lon="77.6174260">
    <ele>916.4</ele>
    <time>2026-07-11T08:07:51Z</time>
   </trkpt>
   <trkpt lat="12.8809930" lon="77.6174180">
    <ele>916.4</ele>
    <time>2026-07-11T08:07:52Z</time>
   </trkpt>
   <trkpt lat="12.8809720" lon="77.6174050">
    <ele>916.5</ele>
    <time>2026-07-11T08:07:53Z</time>
   </trkpt>
   <trkpt lat="12.8809490" lon="77.6173970">
    <ele>916.4</ele>
    <time>2026-07-11T08:07:54Z</time>
   </trkpt>
   <trkpt lat="12.8809290" lon="77.6173900">
    <ele>916.4</ele>
    <time>2026-07-11T08:07:55Z</time>
   </trkpt>
   <trkpt lat="12.8809030" lon="77.6173780">
    <ele>916.4</ele>
    <time>2026-07-11T08:07:56Z</time>
   </trkpt>
   <trkpt lat="12.8808770" lon="77.6173680">
    <ele>916.4</ele>
    <time>2026-07-11T08:07:57Z</time>
   </trkpt>
   <trkpt lat="12.8808570" lon="77.6173540">
    <ele>916.3</ele>
    <time>2026-07-11T08:07:58Z</time>
   </trkpt>
   <trkpt lat="12.8808310" lon="77.6173430">
    <ele>916.3</ele>
    <time>2026-07-11T08:07:59Z</time>
   </trkpt>
   <trkpt lat="12.8808030" lon="77.6173360">
    <ele>916.2</ele>
    <time>2026-07-11T08:08:00Z</time>
   </trkpt>
   <trkpt lat="12.8807790" lon="77.6173280">
    <ele>916.2</ele>
    <time>2026-07-11T08:08:01Z</time>
   </trkpt>
   <trkpt lat="12.8807520" lon="77.6173120">
    <ele>916.1</ele>
    <time>2026-07-11T08:08:02Z</time>
   </trkpt>
   <trkpt lat="12.8807250" lon="77.6172980">
    <ele>916.0</ele>
    <time>2026-07-11T08:08:03Z</time>
   </trkpt>
   <trkpt lat="12.8806920" lon="77.6172870">
    <ele>915.9</ele>
    <time>2026-07-11T08:08:04Z</time>
   </trkpt>
   <trkpt lat="12.8806570" lon="77.6172720">
    <ele>915.8</ele>
    <time>2026-07-11T08:08:05Z</time>
   </trkpt>
   <trkpt lat="12.8806250" lon="77.6172650">
    <ele>915.6</ele>
    <time>2026-07-11T08:08:06Z</time>
   </trkpt>
   <trkpt lat="12.8805860" lon="77.6172520">
    <ele>915.5</ele>
    <time>2026-07-11T08:08:07Z</time>
   </trkpt>
   <trkpt lat="12.8805460" lon="77.6172380">
    <ele>915.4</ele>
    <time>2026-07-11T08:08:08Z</time>
   </trkpt>
   <trkpt lat="12.8805070" lon="77.6172210">
    <ele>915.2</ele>
    <time>2026-07-11T08:08:09Z</time>
   </trkpt>
   <trkpt lat="12.8804690" lon="77.6171990">
    <ele>915.1</ele>
    <time>2026-07-11T08:08:10Z</time>
   </trkpt>
   <trkpt lat="12.8804240" lon="77.6171780">
    <ele>914.9</ele>
    <time>2026-07-11T08:08:11Z</time>
   </trkpt>
   <trkpt lat="12.8803830" lon="77.6171650">
    <ele>914.7</ele>
    <time>2026-07-11T08:08:12Z</time>
   </trkpt>
   <trkpt lat="12.8803440" lon="77.6171430">
    <ele>914.6</ele>
    <time>2026-07-11T08:08:13Z</time>
   </trkpt>
   <trkpt lat="12.8802890" lon="77.6171290">
    <ele>914.3</ele>
    <time>2026-07-11T08:08:14Z</time>
   </trkpt>
   <trkpt lat="12.8802420" lon="77.6171090">
    <ele>914.1</ele>
    <time>2026-07-11T08:08:15Z</time>
   </trkpt>
   <trkpt lat="12.8802030" lon="77.6170890">
    <ele>913.9</ele>
    <time>2026-07-11T08:08:16Z</time>
   </trkpt>
   <trkpt lat="12.8801530" lon="77.6170670">
    <ele>913.7</ele>
    <time>2026-07-11T08:08:17Z</time>
   </trkpt>
   <trkpt lat="12.8800920" lon="77.6170470">
    <ele>913.4</ele>
    <time>2026-07-11T08:08:18Z</time>
   </trkpt>
   <trkpt lat="12.8800440" lon="77.6170340">
    <ele>913.2</ele>
    <time>2026-07-11T08:08:19Z</time>
   </trkpt>
   <trkpt lat="12.8799960" lon="77.6170150">
    <ele>913.0</ele>
    <time>2026-07-11T08:08:20Z</time>
   </trkpt>
   <trkpt lat="12.8799570" lon="77.6170010">
    <ele>912.9</ele>
    <time>2026-07-11T08:08:21Z</time>
   </trkpt>
   <trkpt lat="12.8798850" lon="77.6169710">
    <ele>912.6</ele>
    <time>2026-07-11T08:08:22Z</time>
   </trkpt>
   <trkpt lat="12.8798470" lon="77.6169550">
    <ele>912.5</ele>
    <time>2026-07-11T08:08:23Z</time>
   </trkpt>
   <trkpt lat="12.8798090" lon="77.6169410">
    <ele>912.3</ele>
    <time>2026-07-11T08:08:24Z</time>
   </trkpt>
   <trkpt lat="12.8797710" lon="77.6169270">
    <ele>912.1</ele>
    <time>2026-07-11T08:08:25Z</time>
   </trkpt>
   <trkpt lat="12.8797290" lon="77.6169080">
    <ele>911.9</ele>
    <time>2026-07-11T08:08:26Z</time>
   </trkpt>
   <trkpt lat="12.8796820" lon="77.6168880">
    <ele>911.7</ele>
    <time>2026-07-11T08:08:27Z</time>
   </trkpt>
   <trkpt lat="12.8796330" lon="77.6168660">
    <ele>911.5</ele>
    <time>2026-07-11T08:08:28Z</time>
   </trkpt>
   <trkpt lat="12.8795810" lon="77.6168450">
    <ele>911.3</ele>
    <time>2026-07-11T08:08:29Z</time>
   </trkpt>
   <trkpt lat="12.8795290" lon="77.6168240">
    <ele>911.1</ele>
    <time>2026-07-11T08:08:30Z</time>
   </trkpt>
   <trkpt lat="12.8794740" lon="77.6168030">
    <ele>910.9</ele>
    <time>2026-07-11T08:08:31Z</time>
   </trkpt>
   <trkpt lat="12.8794210" lon="77.6167830">
    <ele>910.7</ele>
    <time>2026-07-11T08:08:32Z</time>
   </trkpt>
   <trkpt lat="12.8793710" lon="77.6167630">
    <ele>910.6</ele>
    <time>2026-07-11T08:08:33Z</time>
   </trkpt>
   <trkpt lat="12.8793270" lon="77.6167420">
    <ele>910.5</ele>
    <time>2026-07-11T08:08:34Z</time>
   </trkpt>
   <trkpt lat="12.8792800" lon="77.6167210">
    <ele>910.4</ele>
    <time>2026-07-11T08:08:35Z</time>
   </trkpt>
   <trkpt lat="12.8792330" lon="77.6166970">
    <ele>910.2</ele>
    <time>2026-07-11T08:08:36Z</time>
   </trkpt>
   <trkpt lat="12.8791830" lon="77.6166730">
    <ele>910.0</ele>
    <time>2026-07-11T08:08:37Z</time>
   </trkpt>
   <trkpt lat="12.8791300" lon="77.6166530">
    <ele>909.9</ele>
    <time>2026-07-11T08:08:38Z</time>
   </trkpt>
   <trkpt lat="12.8790790" lon="77.6166350">
    <ele>909.7</ele>
    <time>2026-07-11T08:08:40Z</time>
   </trkpt>
   <trkpt lat="12.8790270" lon="77.6166210">
    <ele>909.6</ele>
    <time>2026-07-11T08:08:41Z</time>
   </trkpt>
   <trkpt lat="12.8789770" lon="77.6166110">
    <ele>909.5</ele>
    <time>2026-07-11T08:08:42Z</time>
   </trkpt>
   <trkpt lat="12.8789300" lon="77.6166010">
    <ele>909.5</ele>
    <time>2026-07-11T08:08:43Z</time>
   </trkpt>
   <trkpt lat="12.8788830" lon="77.6165940">
    <ele>909.5</ele>
    <time>2026-07-11T08:08:44Z</time>
   </trkpt>
   <trkpt lat="12.8788340" lon="77.6165910">
    <ele>909.5</ele>
    <time>2026-07-11T08:08:45Z</time>
   </trkpt>
   <trkpt lat="12.8787880" lon="77.6165860">
    <ele>909.5</ele>
    <time>2026-07-11T08:08:46Z</time>
   </trkpt>
   <trkpt lat="12.8787420" lon="77.6165790">
    <ele>909.5</ele>
    <time>2026-07-11T08:08:47Z</time>
   </trkpt>
   <trkpt lat="12.8787000" lon="77.6165740">
    <ele>909.5</ele>
    <time>2026-07-11T08:08:48Z</time>
   </trkpt>
   <trkpt lat="12.8786590" lon="77.6165660">
    <ele>909.6</ele>
    <time>2026-07-11T08:08:49Z</time>
   </trkpt>
   <trkpt lat="12.8786210" lon="77.6165600">
    <ele>909.6</ele>
    <time>2026-07-11T08:08:50Z</time>
   </trkpt>
   <trkpt lat="12.8785860" lon="77.6165530">
    <ele>909.6</ele>
    <time>2026-07-11T08:08:51Z</time>
   </trkpt>
   <trkpt lat="12.8785520" lon="77.6165470">
    <ele>909.6</ele>
    <time>2026-07-11T08:08:52Z</time>
   </trkpt>
   <trkpt lat="12.8785210" lon="77.6165430">
    <ele>909.6</ele>
    <time>2026-07-11T08:08:53Z</time>
   </trkpt>
   <trkpt lat="12.8784890" lon="77.6165410">
    <ele>909.6</ele>
    <time>2026-07-11T08:08:54Z</time>
   </trkpt>
   <trkpt lat="12.8784540" lon="77.6165360">
    <ele>909.6</ele>
    <time>2026-07-11T08:08:55Z</time>
   </trkpt>
   <trkpt lat="12.8784200" lon="77.6165320">
    <ele>909.6</ele>
    <time>2026-07-11T08:08:56Z</time>
   </trkpt>
   <trkpt lat="12.8783870" lon="77.6165380">
    <ele>909.6</ele>
    <time>2026-07-11T08:08:57Z</time>
   </trkpt>
   <trkpt lat="12.8783490" lon="77.6165380">
    <ele>909.6</ele>
    <time>2026-07-11T08:08:58Z</time>
   </trkpt>
   <trkpt lat="12.8783130" lon="77.6165310">
    <ele>909.6</ele>
    <time>2026-07-11T08:08:59Z</time>
   </trkpt>
   <trkpt lat="12.8782720" lon="77.6165220">
    <ele>909.6</ele>
    <time>2026-07-11T08:09:00Z</time>
   </trkpt>
   <trkpt lat="12.8782320" lon="77.6165170">
    <ele>909.6</ele>
    <time>2026-07-11T08:09:01Z</time>
   </trkpt>
   <trkpt lat="12.8781970" lon="77.6165100">
    <ele>909.5</ele>
    <time>2026-07-11T08:09:02Z</time>
   </trkpt>
   <trkpt lat="12.8781620" lon="77.6165090">
    <ele>909.5</ele>
    <time>2026-07-11T08:09:03Z</time>
   </trkpt>
   <trkpt lat="12.8781240" lon="77.6165010">
    <ele>909.5</ele>
    <time>2026-07-11T08:09:04Z</time>
   </trkpt>
   <trkpt lat="12.8780930" lon="77.6164940">
    <ele>909.5</ele>
    <time>2026-07-11T08:09:05Z</time>
   </trkpt>
   <trkpt lat="12.8780630" lon="77.6164740">
    <ele>909.5</ele>
    <time>2026-07-11T08:09:06Z</time>
   </trkpt>
   <trkpt lat="12.8780290" lon="77.6164690">
    <ele>909.4</ele>
    <time>2026-07-11T08:09:07Z</time>
   </trkpt>
   <trkpt lat="12.8779920" lon="77.6164570">
    <ele>909.4</ele>
    <time>2026-07-11T08:09:08Z</time>
   </trkpt>
   <trkpt lat="12.8779610" lon="77.6164490">
    <ele>909.3</ele>
    <time>2026-07-11T08:09:09Z</time>
   </trkpt>
   <trkpt lat="12.8779340" lon="77.6164350">
    <ele>909.3</ele>
    <time>2026-07-11T08:09:10Z</time>
   </trkpt>
   <trkpt lat="12.8779050" lon="77.6164190">
    <ele>909.2</ele>
    <time>2026-07-11T08:09:11Z</time>
   </trkpt>
   <trkpt lat="12.8778840" lon="77.6163960">
    <ele>909.2</ele>
    <time>2026-07-11T08:09:12Z</time>
   </trkpt>
   <trkpt lat="12.8778580" lon="77.6163650">
    <ele>909.1</ele>
    <time>2026-07-11T08:09:13Z</time>
   </trkpt>
   <trkpt lat="12.8778200" lon="77.6163540">
    <ele>909.0</ele>
    <time>2026-07-11T08:09:14Z</time>
   </trkpt>
   <trkpt lat="12.8777810" lon="77.6163450">
    <ele>908.9</ele>
    <time>2026-07-11T08:09:15Z</time>
   </trkpt>
   <trkpt lat="12.8777370" lon="77.6163390">
    <ele>908.8</ele>
    <time>2026-07-11T08:09:16Z</time>
   </trkpt>
   <trkpt lat="12.8776950" lon="77.6163310">
    <ele>908.7</ele>
    <time>2026-07-11T08:09:17Z</time>
   </trkpt>
   <trkpt lat="12.8776560" lon="77.6163240">
    <ele>908.6</ele>
    <time>2026-07-11T08:09:18Z</time>
   </trkpt>
   <trkpt lat="12.8776130" lon="77.6163190">
    <ele>908.5</ele>
    <time>2026-07-11T08:09:19Z</time>
   </trkpt>
   <trkpt lat="12.8775690" lon="77.6163180">
    <ele>908.4</ele>
    <time>2026-07-11T08:09:20Z</time>
   </trkpt>
   <trkpt lat="12.8775250" lon="77.6163140">
    <ele>908.4</ele>
    <time>2026-07-11T08:09:21Z</time>
   </trkpt>
   <trkpt lat="12.8774800" lon="77.6163080">
    <ele>908.3</ele>
    <time>2026-07-11T08:09:22Z</time>
   </trkpt>
   <trkpt lat="12.8774350" lon="77.6163040">
    <ele>908.2</ele>
    <time>2026-07-11T08:09:23Z</time>
   </trkpt>
   <trkpt lat="12.8773890" lon="77.6163040">
    <ele>908.2</ele>
    <time>2026-07-11T08:09:24Z</time>
   </trkpt>
   <trkpt lat="12.8773470" lon="77.6163070">
    <ele>908.1</ele>
    <time>2026-07-11T08:09:25Z</time>
   </trkpt>
   <trkpt lat="12.8773000" lon="77.6163050">
    <ele>908.0</ele>
    <time>2026-07-11T08:09:26Z</time>
   </trkpt>
   <trkpt lat="12.8772560" lon="77.6163020">
    <ele>908.0</ele>
    <time>2026-07-11T08:09:27Z</time>
   </trkpt>
   <trkpt lat="12.8772150" lon="77.6163000">
    <ele>907.9</ele>
    <time>2026-07-11T08:09:28Z</time>
   </trkpt>
   <trkpt lat="12.8771690" lon="77.6163090">
    <ele>907.8</ele>
    <time>2026-07-11T08:09:29Z</time>
   </trkpt>
   <trkpt lat="12.8771300" lon="77.6163060">
    <ele>907.7</ele>
    <time>2026-07-11T08:09:30Z</time>
   </trkpt>
   <trkpt lat="12.8770910" lon="77.6163030">
    <ele>907.7</ele>
    <time>2026-07-11T08:09:31Z</time>
   </trkpt>
   <trkpt lat="12.8770500" lon="77.6163000">
    <ele>907.6</ele>
    <time>2026-07-11T08:09:32Z</time>
   </trkpt>
   <trkpt lat="12.8770090" lon="77.6162990">
    <ele>907.5</ele>
    <time>2026-07-11T08:09:33Z</time>
   </trkpt>
   <trkpt lat="12.8769740" lon="77.6162880">
    <ele>907.5</ele>
    <time>2026-07-11T08:09:34Z</time>
   </trkpt>
   <trkpt lat="12.8769390" lon="77.6162770">
    <ele>907.4</ele>
    <time>2026-07-11T08:09:35Z</time>
   </trkpt>
   <trkpt lat="12.8769040" lon="77.6162690">
    <ele>907.3</ele>
    <time>2026-07-11T08:09:36Z</time>
   </trkpt>
   <trkpt lat="12.8768700" lon="77.6162770">
    <ele>907.3</ele>
    <time>2026-07-11T08:09:37Z</time>
   </trkpt>
   <trkpt lat="12.8768370" lon="77.6162680">
    <ele>907.2</ele>
    <time>2026-07-11T08:09:38Z</time>
   </trkpt>
   <trkpt lat="12.8767990" lon="77.6162580">
    <ele>907.1</ele>
    <time>2026-07-11T08:09:39Z</time>
   </trkpt>
   <trkpt lat="12.8767640" lon="77.6162500">
    <ele>907.1</ele>
    <time>2026-07-11T08:09:40Z</time>
   </trkpt>
   <trkpt lat="12.8767310" lon="77.6162470">
    <ele>907.0</ele>
    <time>2026-07-11T08:09:41Z</time>
   </trkpt>
   <trkpt lat="12.8766980" lon="77.6162430">
    <ele>907.0</ele>
    <time>2026-07-11T08:09:42Z</time>
   </trkpt>
   <trkpt lat="12.8766660" lon="77.6162380">
    <ele>906.9</ele>
    <time>2026-07-11T08:09:43Z</time>
   </trkpt>
   <trkpt lat="12.8766420" lon="77.6162450">
    <ele>906.9</ele>
    <time>2026-07-11T08:09:44Z</time>
   </trkpt>
   <trkpt lat="12.8766290" lon="77.6162430">
    <ele>906.9</ele>
    <time>2026-07-11T08:09:45Z</time>
   </trkpt>
   <trkpt lat="12.8766250" lon="77.6162420">
    <ele>906.8</ele>
    <time>2026-07-11T08:09:46Z</time>
   </trkpt>
   <trkpt lat="12.8766280" lon="77.6162450">
    <ele>906.8</ele>
    <time>2026-07-11T08:09:47Z</time>
   </trkpt>
   <trkpt lat="12.8766280" lon="77.6162440">
    <ele>906.8</ele>
    <time>2026-07-11T08:09:48Z</time>
   </trkpt>
   <trkpt lat="12.8766270" lon="77.6162430">
    <ele>906.8</ele>
    <time>2026-07-11T08:09:49Z</time>
   </trkpt>
   <trkpt lat="12.8766270" lon="77.6162440">
    <ele>906.8</ele>
    <time>2026-07-11T08:09:50Z</time>
   </trkpt>
   <trkpt lat="12.8766270" lon="77.6162460">
    <ele>906.8</ele>
    <time>2026-07-11T08:09:51Z</time>
   </trkpt>
   <trkpt lat="12.8766250" lon="77.6162450">
    <ele>906.8</ele>
    <time>2026-07-11T08:09:52Z</time>
   </trkpt>
   <trkpt lat="12.8766260" lon="77.6162450">
    <ele>906.8</ele>
    <time>2026-07-11T08:09:53Z</time>
   </trkpt>
   <trkpt lat="12.8766260" lon="77.6162450">
    <ele>906.8</ele>
    <time>2026-07-11T08:09:54Z</time>
   </trkpt>
   <trkpt lat="12.8766260" lon="77.6162450">
    <ele>906.8</ele>
    <time>2026-07-11T08:09:55Z</time>
   </trkpt>
   <trkpt lat="12.8762250" lon="77.6165760">
    <ele>907.5</ele>
    <time>2026-07-11T10:20:37Z</time>
   </trkpt>
   <trkpt lat="12.8762250" lon="77.6165760">
    <ele>907.5</ele>
    <time>2026-07-11T10:20:38Z</time>
   </trkpt>
   <trkpt lat="12.8762250" lon="77.6165760">
    <ele>907.5</ele>
    <time>2026-07-11T10:20:39Z</time>
   </trkpt>
   <trkpt lat="12.8762250" lon="77.6165760">
    <ele>907.5</ele>
    <time>2026-07-11T10:20:40Z</time>
   </trkpt>
   <trkpt lat="12.8762250" lon="77.6165760">
    <ele>907.5</ele>
    <time>2026-07-11T10:20:41Z</time>
   </trkpt>
   <trkpt lat="12.8762250" lon="77.6165760">
    <ele>907.5</ele>
    <time>2026-07-11T10:20:42Z</time>
   </trkpt>
   <trkpt lat="12.8762250" lon="77.6165760">
    <ele>907.5</ele>
    <time>2026-07-11T10:20:43Z</time>
   </trkpt>
   <trkpt lat="12.8762250" lon="77.6165760">
    <ele>907.5</ele>
    <time>2026-07-11T10:20:44Z</time>
   </trkpt>
   <trkpt lat="12.8762300" lon="77.6165700">
    <ele>907.5</ele>
    <time>2026-07-11T10:20:45Z</time>
   </trkpt>
   <trkpt lat="12.8762300" lon="77.6165720">
    <ele>907.5</ele>
    <time>2026-07-11T10:20:46Z</time>
   </trkpt>
   <trkpt lat="12.8762750" lon="77.6165810">
    <ele>907.5</ele>
    <time>2026-07-11T10:20:55Z</time>
   </trkpt>
   <trkpt lat="12.8762960" lon="77.6165820">
    <ele>907.5</ele>
    <time>2026-07-11T10:20:56Z</time>
   </trkpt>
   <trkpt lat="12.8763140" lon="77.6165840">
    <ele>907.5</ele>
    <time>2026-07-11T10:20:57Z</time>
   </trkpt>
   <trkpt lat="12.8763320" lon="77.6165860">
    <ele>907.5</ele>
    <time>2026-07-11T10:20:58Z</time>
   </trkpt>
   <trkpt lat="12.8763480" lon="77.6165870">
    <ele>907.5</ele>
    <time>2026-07-11T10:20:59Z</time>
   </trkpt>
   <trkpt lat="12.8763600" lon="77.6165880">
    <ele>907.5</ele>
    <time>2026-07-11T10:21:00Z</time>
   </trkpt>
   <trkpt lat="12.8763540" lon="77.6165890">
    <ele>907.5</ele>
    <time>2026-07-11T10:21:01Z</time>
   </trkpt>
   <trkpt lat="12.8763520" lon="77.6165910">
    <ele>907.5</ele>
    <time>2026-07-11T10:21:02Z</time>
   </trkpt>
   <trkpt lat="12.8763570" lon="77.6165930">
    <ele>907.5</ele>
    <time>2026-07-11T10:21:03Z</time>
   </trkpt>
   <trkpt lat="12.8763740" lon="77.6165940">
    <ele>907.5</ele>
    <time>2026-07-11T10:21:04Z</time>
   </trkpt>
   <trkpt lat="12.8763920" lon="77.6165950">
    <ele>907.5</ele>
    <time>2026-07-11T10:21:05Z</time>
   </trkpt>
   <trkpt lat="12.8764110" lon="77.6166020">
    <ele>907.6</ele>
    <time>2026-07-11T10:21:06Z</time>
   </trkpt>
   <trkpt lat="12.8764340" lon="77.6166020">
    <ele>907.6</ele>
    <time>2026-07-11T10:21:07Z</time>
   </trkpt>
   <trkpt lat="12.8764560" lon="77.6166020">
    <ele>907.7</ele>
    <time>2026-07-11T10:21:08Z</time>
   </trkpt>
   <trkpt lat="12.8764780" lon="77.6165930">
    <ele>907.7</ele>
    <time>2026-07-11T10:21:09Z</time>
   </trkpt>
   <trkpt lat="12.8765010" lon="77.6165960">
    <ele>907.7</ele>
    <time>2026-07-11T10:21:10Z</time>
   </trkpt>
   <trkpt lat="12.8765250" lon="77.6165920">
    <ele>907.8</ele>
    <time>2026-07-11T10:21:11Z</time>
   </trkpt>
   <trkpt lat="12.8765510" lon="77.6166020">
    <ele>907.9</ele>
    <time>2026-07-11T10:21:12Z</time>
   </trkpt>
   <trkpt lat="12.8765790" lon="77.6166110">
    <ele>907.9</ele>
    <time>2026-07-11T10:21:13Z</time>
   </trkpt>
   <trkpt lat="12.8766030" lon="77.6166140">
    <ele>908.0</ele>
    <time>2026-07-11T10:21:14Z</time>
   </trkpt>
   <trkpt lat="12.8766290" lon="77.6166130">
    <ele>908.0</ele>
    <time>2026-07-11T10:21:15Z</time>
   </trkpt>
   <trkpt lat="12.8766550" lon="77.6166120">
    <ele>908.1</ele>
    <time>2026-07-11T10:21:16Z</time>
   </trkpt>
   <trkpt lat="12.8766880" lon="77.6166130">
    <ele>908.2</ele>
    <time>2026-07-11T10:21:17Z</time>
   </trkpt>
   <trkpt lat="12.8767060" lon="77.6166180">
    <ele>908.2</ele>
    <time>2026-07-11T10:21:18Z</time>
   </trkpt>
   <trkpt lat="12.8767340" lon="77.6166250">
    <ele>908.3</ele>
    <time>2026-07-11T10:21:19Z</time>
   </trkpt>
   <trkpt lat="12.8767610" lon="77.6166270">
    <ele>908.3</ele>
    <time>2026-07-11T10:21:20Z</time>
   </trkpt>
   <trkpt lat="12.8767880" lon="77.6166280">
    <ele>908.3</ele>
    <time>2026-07-11T10:21:21Z</time>
   </trkpt>
   <trkpt lat="12.8768150" lon="77.6166270">
    <ele>908.4</ele>
    <time>2026-07-11T10:21:22Z</time>
   </trkpt>
   <trkpt lat="12.8768420" lon="77.6166300">
    <ele>908.4</ele>
    <time>2026-07-11T10:21:23Z</time>
   </trkpt>
   <trkpt lat="12.8768710" lon="77.6166260">
    <ele>908.5</ele>
    <time>2026-07-11T10:21:24Z</time>
   </trkpt>
   <trkpt lat="12.8769000" lon="77.6166210">
    <ele>908.5</ele>
    <time>2026-07-11T10:21:25Z</time>
   </trkpt>
   <trkpt lat="12.8769230" lon="77.6166210">
    <ele>908.6</ele>
    <time>2026-07-11T10:21:26Z</time>
   </trkpt>
   <trkpt lat="12.8769500" lon="77.6166240">
    <ele>908.7</ele>
    <time>2026-07-11T10:21:27Z</time>
   </trkpt>
   <trkpt lat="12.8769740" lon="77.6166210">
    <ele>908.7</ele>
    <time>2026-07-11T10:21:28Z</time>
   </trkpt>
   <trkpt lat="12.8769980" lon="77.6166190">
    <ele>908.8</ele>
    <time>2026-07-11T10:21:29Z</time>
   </trkpt>
   <trkpt lat="12.8770200" lon="77.6166190">
    <ele>908.8</ele>
    <time>2026-07-11T10:21:30Z</time>
   </trkpt>
   <trkpt lat="12.8770400" lon="77.6166260">
    <ele>908.9</ele>
    <time>2026-07-11T10:21:31Z</time>
   </trkpt>
   <trkpt lat="12.8770610" lon="77.6166320">
    <ele>908.9</ele>
    <time>2026-07-11T10:21:32Z</time>
   </trkpt>
   <trkpt lat="12.8770840" lon="77.6166280">
    <ele>909.0</ele>
    <time>2026-07-11T10:21:33Z</time>
   </trkpt>
   <trkpt lat="12.8771100" lon="77.6166290">
    <ele>909.0</ele>
    <time>2026-07-11T10:21:34Z</time>
   </trkpt>
   <trkpt lat="12.8771350" lon="77.6166240">
    <ele>909.1</ele>
    <time>2026-07-11T10:21:35Z</time>
   </trkpt>
   <trkpt lat="12.8771600" lon="77.6166240">
    <ele>909.1</ele>
    <time>2026-07-11T10:21:36Z</time>
   </trkpt>
   <trkpt lat="12.8771860" lon="77.6166280">
    <ele>909.2</ele>
    <time>2026-07-11T10:21:37Z</time>
   </trkpt>
   <trkpt lat="12.8772110" lon="77.6166300">
    <ele>909.2</ele>
    <time>2026-07-11T10:21:38Z</time>
   </trkpt>
   <trkpt lat="12.8772360" lon="77.6166330">
    <ele>909.3</ele>
    <time>2026-07-11T10:21:39Z</time>
   </trkpt>
   <trkpt lat="12.8772590" lon="77.6166430">
    <ele>909.3</ele>
    <time>2026-07-11T10:21:40Z</time>
   </trkpt>
   <trkpt lat="12.8772830" lon="77.6166390">
    <ele>909.3</ele>
    <time>2026-07-11T10:21:41Z</time>
   </trkpt>
   <trkpt lat="12.8773090" lon="77.6166410">
    <ele>909.4</ele>
    <time>2026-07-11T10:21:42Z</time>
   </trkpt>
   <trkpt lat="12.8773350" lon="77.6166420">
    <ele>909.4</ele>
    <time>2026-07-11T10:21:43Z</time>
   </trkpt>
   <trkpt lat="12.8773560" lon="77.6166410">
    <ele>909.4</ele>
    <time>2026-07-11T10:21:44Z</time>
   </trkpt>
   <trkpt lat="12.8773790" lon="77.6166470">
    <ele>909.4</ele>
    <time>2026-07-11T10:21:45Z</time>
   </trkpt>
   <trkpt lat="12.8773990" lon="77.6166450">
    <ele>909.4</ele>
    <time>2026-07-11T10:21:46Z</time>
   </trkpt>
   <trkpt lat="12.8774200" lon="77.6166430">
    <ele>909.4</ele>
    <time>2026-07-11T10:21:47Z</time>
   </trkpt>
   <trkpt lat="12.8774410" lon="77.6166450">
    <ele>909.5</ele>
    <time>2026-07-11T10:21:48Z</time>
   </trkpt>
   <trkpt lat="12.8774610" lon="77.6166450">
    <ele>909.5</ele>
    <time>2026-07-11T10:21:49Z</time>
   </trkpt>
   <trkpt lat="12.8774880" lon="77.6166410">
    <ele>909.5</ele>
    <time>2026-07-11T10:21:50Z</time>
   </trkpt>
   <trkpt lat="12.8775040" lon="77.6166440">
    <ele>909.5</ele>
    <time>2026-07-11T10:21:51Z</time>
   </trkpt>
   <trkpt lat="12.8775250" lon="77.6166390">
    <ele>909.5</ele>
    <time>2026-07-11T10:21:52Z</time>
   </trkpt>
   <trkpt lat="12.8775450" lon="77.6166430">
    <ele>909.5</ele>
    <time>2026-07-11T10:21:53Z</time>
   </trkpt>
   <trkpt lat="12.8775650" lon="77.6166400">
    <ele>909.5</ele>
    <time>2026-07-11T10:21:54Z</time>
   </trkpt>
   <trkpt lat="12.8775870" lon="77.6166480">
    <ele>909.5</ele>
    <time>2026-07-11T10:21:55Z</time>
   </trkpt>
   <trkpt lat="12.8776090" lon="77.6166580">
    <ele>909.5</ele>
    <time>2026-07-11T10:21:56Z</time>
   </trkpt>
   <trkpt lat="12.8776330" lon="77.6166660">
    <ele>909.6</ele>
    <time>2026-07-11T10:21:57Z</time>
   </trkpt>
   <trkpt lat="12.8776610" lon="77.6166620">
    <ele>909.6</ele>
    <time>2026-07-11T10:21:58Z</time>
   </trkpt>
   <trkpt lat="12.8776840" lon="77.6166580">
    <ele>909.6</ele>
    <time>2026-07-11T10:21:59Z</time>
   </trkpt>
   <trkpt lat="12.8777070" lon="77.6166590">
    <ele>909.6</ele>
    <time>2026-07-11T10:22:00Z</time>
   </trkpt>
   <trkpt lat="12.8777300" lon="77.6166430">
    <ele>909.7</ele>
    <time>2026-07-11T10:22:01Z</time>
   </trkpt>
   <trkpt lat="12.8777550" lon="77.6166610">
    <ele>909.7</ele>
    <time>2026-07-11T10:22:02Z</time>
   </trkpt>
   <trkpt lat="12.8777820" lon="77.6166610">
    <ele>909.7</ele>
    <time>2026-07-11T10:22:03Z</time>
   </trkpt>
   <trkpt lat="12.8778030" lon="77.6166640">
    <ele>909.7</ele>
    <time>2026-07-11T10:22:04Z</time>
   </trkpt>
   <trkpt lat="12.8778260" lon="77.6166650">
    <ele>909.7</ele>
    <time>2026-07-11T10:22:05Z</time>
   </trkpt>
   <trkpt lat="12.8778440" lon="77.6166630">
    <ele>909.7</ele>
    <time>2026-07-11T10:22:06Z</time>
   </trkpt>
   <trkpt lat="12.8778490" lon="77.6166580">
    <ele>909.7</ele>
    <time>2026-07-11T10:22:07Z</time>
   </trkpt>
   <trkpt lat="12.8778410" lon="77.6166580">
    <ele>909.7</ele>
    <time>2026-07-11T10:22:08Z</time>
   </trkpt>
   <trkpt lat="12.8778430" lon="77.6166570">
    <ele>909.7</ele>
    <time>2026-07-11T10:22:09Z</time>
   </trkpt>
   <trkpt lat="12.8778550" lon="77.6166500">
    <ele>909.8</ele>
    <time>2026-07-11T10:22:10Z</time>
   </trkpt>
   <trkpt lat="12.8778680" lon="77.6166420">
    <ele>909.8</ele>
    <time>2026-07-11T10:22:11Z</time>
   </trkpt>
   <trkpt lat="12.8778790" lon="77.6166260">
    <ele>909.7</ele>
    <time>2026-07-11T10:22:12Z</time>
   </trkpt>
   <trkpt lat="12.8778950" lon="77.6166030">
    <ele>909.6</ele>
    <time>2026-07-11T10:22:13Z</time>
   </trkpt>
   <trkpt lat="12.8779060" lon="77.6165700">
    <ele>909.5</ele>
    <time>2026-07-11T10:22:14Z</time>
   </trkpt>
   <trkpt lat="12.8779130" lon="77.6165420">
    <ele>909.4</ele>
    <time>2026-07-11T10:22:15Z</time>
   </trkpt>
   <trkpt lat="12.8779160" lon="77.6165090">
    <ele>909.4</ele>
    <time>2026-07-11T10:22:16Z</time>
   </trkpt>
   <trkpt lat="12.8779280" lon="77.6164860">
    <ele>909.3</ele>
    <time>2026-07-11T10:22:17Z</time>
   </trkpt>
   <trkpt lat="12.8779440" lon="77.6164760">
    <ele>909.3</ele>
    <time>2026-07-11T10:22:18Z</time>
   </trkpt>
   <trkpt lat="12.8779610" lon="77.6164630">
    <ele>909.4</ele>
    <time>2026-07-11T10:22:19Z</time>
   </trkpt>
   <trkpt lat="12.8779890" lon="77.6164570">
    <ele>909.4</ele>
    <time>2026-07-11T10:22:20Z</time>
   </trkpt>
   <trkpt lat="12.8780220" lon="77.6164630">
    <ele>909.4</ele>
    <time>2026-07-11T10:22:21Z</time>
   </trkpt>
   <trkpt lat="12.8780430" lon="77.6164680">
    <ele>909.5</ele>
    <time>2026-07-11T10:22:22Z</time>
   </trkpt>
   <trkpt lat="12.8780700" lon="77.6164770">
    <ele>909.5</ele>
    <time>2026-07-11T10:22:23Z</time>
   </trkpt>
   <trkpt lat="12.8780910" lon="77.6164790">
    <ele>909.5</ele>
    <time>2026-07-11T10:22:24Z</time>
   </trkpt>
   <trkpt lat="12.8781090" lon="77.6164830">
    <ele>909.5</ele>
    <time>2026-07-11T10:22:25Z</time>
   </trkpt>
   <trkpt lat="12.8781330" lon="77.6164940">
    <ele>909.5</ele>
    <time>2026-07-11T10:22:26Z</time>
   </trkpt>
   <trkpt lat="12.8781640" lon="77.6164990">
    <ele>909.5</ele>
    <time>2026-07-11T10:22:27Z</time>
   </trkpt>
   <trkpt lat="12.8781840" lon="77.6165080">
    <ele>909.5</ele>
    <time>2026-07-11T10:22:28Z</time>
   </trkpt>
   <trkpt lat="12.8782180" lon="77.6165090">
    <ele>909.6</ele>
    <time>2026-07-11T10:22:29Z</time>
   </trkpt>
   <trkpt lat="12.8782480" lon="77.6165160">
    <ele>909.6</ele>
    <time>2026-07-11T10:22:30Z</time>
   </trkpt>
   <trkpt lat="12.8782790" lon="77.6165150">
    <ele>909.6</ele>
    <time>2026-07-11T10:22:31Z</time>
   </trkpt>
   <trkpt lat="12.8783070" lon="77.6165110">
    <ele>909.6</ele>
    <time>2026-07-11T10:22:32Z</time>
   </trkpt>
   <trkpt lat="12.8783360" lon="77.6165130">
    <ele>909.6</ele>
    <time>2026-07-11T10:22:33Z</time>
   </trkpt>
   <trkpt lat="12.8783620" lon="77.6165120">
    <ele>909.6</ele>
    <time>2026-07-11T10:22:34Z</time>
   </trkpt>
   <trkpt lat="12.8783910" lon="77.6165230">
    <ele>909.6</ele>
    <time>2026-07-11T10:22:35Z</time>
   </trkpt>
   <trkpt lat="12.8784170" lon="77.6165210">
    <ele>909.6</ele>
    <time>2026-07-11T10:22:36Z</time>
   </trkpt>
   <trkpt lat="12.8784470" lon="77.6165250">
    <ele>909.6</ele>
    <time>2026-07-11T10:22:37Z</time>
   </trkpt>
   <trkpt lat="12.8784720" lon="77.6165250">
    <ele>909.6</ele>
    <time>2026-07-11T10:22:38Z</time>
   </trkpt>
   <trkpt lat="12.8784990" lon="77.6165220">
    <ele>909.6</ele>
    <time>2026-07-11T10:22:39Z</time>
   </trkpt>
   <trkpt lat="12.8785240" lon="77.6165290">
    <ele>909.6</ele>
    <time>2026-07-11T10:22:40Z</time>
   </trkpt>
   <trkpt lat="12.8785490" lon="77.6165330">
    <ele>909.6</ele>
    <time>2026-07-11T10:22:41Z</time>
   </trkpt>
   <trkpt lat="12.8785700" lon="77.6165370">
    <ele>909.6</ele>
    <time>2026-07-11T10:22:42Z</time>
   </trkpt>
   <trkpt lat="12.8785980" lon="77.6165350">
    <ele>909.6</ele>
    <time>2026-07-11T10:22:43Z</time>
   </trkpt>
   <trkpt lat="12.8786280" lon="77.6165390">
    <ele>909.6</ele>
    <time>2026-07-11T10:22:44Z</time>
   </trkpt>
   <trkpt lat="12.8786560" lon="77.6165450">
    <ele>909.6</ele>
    <time>2026-07-11T10:22:45Z</time>
   </trkpt>
   <trkpt lat="12.8786880" lon="77.6165510">
    <ele>909.6</ele>
    <time>2026-07-11T10:22:46Z</time>
   </trkpt>
   <trkpt lat="12.8787180" lon="77.6165540">
    <ele>909.5</ele>
    <time>2026-07-11T10:22:47Z</time>
   </trkpt>
   <trkpt lat="12.8787500" lon="77.6165580">
    <ele>909.5</ele>
    <time>2026-07-11T10:22:48Z</time>
   </trkpt>
   <trkpt lat="12.8787810" lon="77.6165620">
    <ele>909.5</ele>
    <time>2026-07-11T10:22:49Z</time>
   </trkpt>
   <trkpt lat="12.8788120" lon="77.6165660">
    <ele>909.5</ele>
    <time>2026-07-11T10:22:50Z</time>
   </trkpt>
   <trkpt lat="12.8788390" lon="77.6165740">
    <ele>909.5</ele>
    <time>2026-07-11T10:22:51Z</time>
   </trkpt>
   <trkpt lat="12.8788680" lon="77.6165800">
    <ele>909.5</ele>
    <time>2026-07-11T10:22:52Z</time>
   </trkpt>
   <trkpt lat="12.8789010" lon="77.6165920">
    <ele>909.5</ele>
    <time>2026-07-11T10:22:53Z</time>
   </trkpt>
   <trkpt lat="12.8789280" lon="77.6165880">
    <ele>909.5</ele>
    <time>2026-07-11T10:22:54Z</time>
   </trkpt>
   <trkpt lat="12.8789550" lon="77.6165850">
    <ele>909.5</ele>
    <time>2026-07-11T10:22:55Z</time>
   </trkpt>
   <trkpt lat="12.8789830" lon="77.6165950">
    <ele>909.5</ele>
    <time>2026-07-11T10:22:56Z</time>
   </trkpt>
   <trkpt lat="12.8790140" lon="77.6165940">
    <ele>909.6</ele>
    <time>2026-07-11T10:22:57Z</time>
   </trkpt>
   <trkpt lat="12.8790430" lon="77.6165970">
    <ele>909.6</ele>
    <time>2026-07-11T10:22:58Z</time>
   </trkpt>
   <trkpt lat="12.8790690" lon="77.6166040">
    <ele>909.7</ele>
    <time>2026-07-11T10:22:59Z</time>
   </trkpt>
   <trkpt lat="12.8790940" lon="77.6166120">
    <ele>909.7</ele>
    <time>2026-07-11T10:23:00Z</time>
   </trkpt>
   <trkpt lat="12.8791210" lon="77.6166210">
    <ele>909.8</ele>
    <time>2026-07-11T10:23:01Z</time>
   </trkpt>
   <trkpt lat="12.8791470" lon="77.6166260">
    <ele>909.9</ele>
    <time>2026-07-11T10:23:02Z</time>
   </trkpt>
   <trkpt lat="12.8791740" lon="77.6166340">
    <ele>910.0</ele>
    <time>2026-07-11T10:23:03Z</time>
   </trkpt>
   <trkpt lat="12.8791990" lon="77.6166420">
    <ele>910.0</ele>
    <time>2026-07-11T10:23:04Z</time>
   </trkpt>
   <trkpt lat="12.8792240" lon="77.6166520">
    <ele>910.1</ele>
    <time>2026-07-11T10:23:05Z</time>
   </trkpt>
   <trkpt lat="12.8792450" lon="77.6166600">
    <ele>910.2</ele>
    <time>2026-07-11T10:23:06Z</time>
   </trkpt>
   <trkpt lat="12.8792660" lon="77.6166690">
    <ele>910.3</ele>
    <time>2026-07-11T10:23:07Z</time>
   </trkpt>
   <trkpt lat="12.8792870" lon="77.6166830">
    <ele>910.3</ele>
    <time>2026-07-11T10:23:08Z</time>
   </trkpt>
   <trkpt lat="12.8793050" lon="77.6166940">
    <ele>910.4</ele>
    <time>2026-07-11T10:23:09Z</time>
   </trkpt>
   <trkpt lat="12.8793240" lon="77.6167050">
    <ele>910.4</ele>
    <time>2026-07-11T10:23:10Z</time>
   </trkpt>
   <trkpt lat="12.8793460" lon="77.6167120">
    <ele>910.5</ele>
    <time>2026-07-11T10:23:11Z</time>
   </trkpt>
   <trkpt lat="12.8793670" lon="77.6167170">
    <ele>910.6</ele>
    <time>2026-07-11T10:23:12Z</time>
   </trkpt>
   <trkpt lat="12.8793860" lon="77.6167220">
    <ele>910.6</ele>
    <time>2026-07-11T10:23:13Z</time>
   </trkpt>
   <trkpt lat="12.8794050" lon="77.6167280">
    <ele>910.7</ele>
    <time>2026-07-11T10:23:14Z</time>
   </trkpt>
   <trkpt lat="12.8794220" lon="77.6167360">
    <ele>910.7</ele>
    <time>2026-07-11T10:23:15Z</time>
   </trkpt>
   <trkpt lat="12.8794400" lon="77.6167430">
    <ele>910.7</ele>
    <time>2026-07-11T10:23:16Z</time>
   </trkpt>
   <trkpt lat="12.8794570" lon="77.6167510">
    <ele>910.8</ele>
    <time>2026-07-11T10:23:17Z</time>
   </trkpt>
   <trkpt lat="12.8794740" lon="77.6167590">
    <ele>910.8</ele>
    <time>2026-07-11T10:23:18Z</time>
   </trkpt>
   <trkpt lat="12.8794930" lon="77.6167700">
    <ele>910.9</ele>
    <time>2026-07-11T10:23:19Z</time>
   </trkpt>
   <trkpt lat="12.8795120" lon="77.6167790">
    <ele>911.0</ele>
    <time>2026-07-11T10:23:20Z</time>
   </trkpt>
   <trkpt lat="12.8795300" lon="77.6167890">
    <ele>911.0</ele>
    <time>2026-07-11T10:23:21Z</time>
   </trkpt>
   <trkpt lat="12.8795470" lon="77.6167970">
    <ele>911.1</ele>
    <time>2026-07-11T10:23:22Z</time>
   </trkpt>
   <trkpt lat="12.8795650" lon="77.6168080">
    <ele>911.2</ele>
    <time>2026-07-11T10:23:23Z</time>
   </trkpt>
   <trkpt lat="12.8795810" lon="77.6168160">
    <ele>911.2</ele>
    <time>2026-07-11T10:23:24Z</time>
   </trkpt>
   <trkpt lat="12.8795960" lon="77.6168220">
    <ele>911.3</ele>
    <time>2026-07-11T10:23:25Z</time>
   </trkpt>
   <trkpt lat="12.8796120" lon="77.6168300">
    <ele>911.3</ele>
    <time>2026-07-11T10:23:26Z</time>
   </trkpt>
   <trkpt lat="12.8796290" lon="77.6168400">
    <ele>911.4</ele>
    <time>2026-07-11T10:23:27Z</time>
   </trkpt>
   <trkpt lat="12.8796450" lon="77.6168490">
    <ele>911.5</ele>
    <time>2026-07-11T10:23:28Z</time>
   </trkpt>
   <trkpt lat="12.8796620" lon="77.6168560">
    <ele>911.6</ele>
    <time>2026-07-11T10:23:29Z</time>
   </trkpt>
   <trkpt lat="12.8796810" lon="77.6168630">
    <ele>911.6</ele>
    <time>2026-07-11T10:23:30Z</time>
   </trkpt>
   <trkpt lat="12.8796980" lon="77.6168670">
    <ele>911.7</ele>
    <time>2026-07-11T10:23:31Z</time>
   </trkpt>
   <trkpt lat="12.8797140" lon="77.6168730">
    <ele>911.8</ele>
    <time>2026-07-11T10:23:32Z</time>
   </trkpt>
   <trkpt lat="12.8797290" lon="77.6168810">
    <ele>911.9</ele>
    <time>2026-07-11T10:23:33Z</time>
   </trkpt>
   <trkpt lat="12.8797480" lon="77.6168940">
    <ele>912.0</ele>
    <time>2026-07-11T10:23:34Z</time>
   </trkpt>
   <trkpt lat="12.8797640" lon="77.6168970">
    <ele>912.0</ele>
    <time>2026-07-11T10:23:35Z</time>
   </trkpt>
   <trkpt lat="12.8797830" lon="77.6168970">
    <ele>912.1</ele>
    <time>2026-07-11T10:23:36Z</time>
   </trkpt>
   <trkpt lat="12.8797960" lon="77.6169010">
    <ele>912.2</ele>
    <time>2026-07-11T10:23:37Z</time>
   </trkpt>
   <trkpt lat="12.8798120" lon="77.6169060">
    <ele>912.2</ele>
    <time>2026-07-11T10:23:38Z</time>
   </trkpt>
   <trkpt lat="12.8798260" lon="77.6169100">
    <ele>912.3</ele>
    <time>2026-07-11T10:23:39Z</time>
   </trkpt>
   <trkpt lat="12.8798410" lon="77.6169140">
    <ele>912.4</ele>
    <time>2026-07-11T10:23:40Z</time>
   </trkpt>
   <trkpt lat="12.8798560" lon="77.6169200">
    <ele>912.4</ele>
    <time>2026-07-11T10:23:41Z</time>
   </trkpt>
   <trkpt lat="12.8798720" lon="77.6169280">
    <ele>912.5</ele>
    <time>2026-07-11T10:23:42Z</time>
   </trkpt>
   <trkpt lat="12.8798830" lon="77.6169340">
    <ele>912.5</ele>
    <time>2026-07-11T10:23:43Z</time>
   </trkpt>
   <trkpt lat="12.8798800" lon="77.6169350">
    <ele>912.5</ele>
    <time>2026-07-11T10:23:44Z</time>
   </trkpt>
   <trkpt lat="12.8798790" lon="77.6169350">
    <ele>912.5</ele>
    <time>2026-07-11T10:23:45Z</time>
   </trkpt>
   <trkpt lat="12.8798790" lon="77.6169350">
    <ele>912.5</ele>
    <time>2026-07-11T10:23:46Z</time>
   </trkpt>
   <trkpt lat="12.8798790" lon="77.6169360">
    <ele>912.5</ele>
    <time>2026-07-11T10:23:47Z</time>
   </trkpt>
   <trkpt lat="12.8798810" lon="77.6169370">
    <ele>912.5</ele>
    <time>2026-07-11T10:23:48Z</time>
   </trkpt>
   <trkpt lat="12.8798810" lon="77.6169370">
    <ele>912.5</ele>
    <time>2026-07-11T10:23:49Z</time>
   </trkpt>
   <trkpt lat="12.8798810" lon="77.6169370">
    <ele>912.5</ele>
    <time>2026-07-11T10:23:50Z</time>
   </trkpt>
   <trkpt lat="12.8798860" lon="77.6169370">
    <ele>912.5</ele>
    <time>2026-07-11T10:23:51Z</time>
   </trkpt>
   <trkpt lat="12.8798960" lon="77.6169380">
    <ele>912.6</ele>
    <time>2026-07-11T10:23:52Z</time>
   </trkpt>
   <trkpt lat="12.8798950" lon="77.6169390">
    <ele>912.6</ele>
    <time>2026-07-11T10:23:53Z</time>
   </trkpt>
   <trkpt lat="12.8798940" lon="77.6169380">
    <ele>912.6</ele>
    <time>2026-07-11T10:23:54Z</time>
   </trkpt>
   <trkpt lat="12.8798940" lon="77.6169390">
    <ele>912.6</ele>
    <time>2026-07-11T10:23:55Z</time>
   </trkpt>
   <trkpt lat="12.8798940" lon="77.6169390">
    <ele>912.6</ele>
    <time>2026-07-11T10:23:56Z</time>
   </trkpt>
   <trkpt lat="12.8798930" lon="77.6169390">
    <ele>912.6</ele>
    <time>2026-07-11T10:23:57Z</time>
   </trkpt>
   <trkpt lat="12.8798920" lon="77.6169400">
    <ele>912.6</ele>
    <time>2026-07-11T10:23:58Z</time>
   </trkpt>
   <trkpt lat="12.8798950" lon="77.6169390">
    <ele>912.6</ele>
    <time>2026-07-11T10:23:59Z</time>
   </trkpt>
   <trkpt lat="12.8798960" lon="77.6169410">
    <ele>912.6</ele>
    <time>2026-07-11T10:24:00Z</time>
   </trkpt>
   <trkpt lat="12.8798960" lon="77.6169410">
    <ele>912.6</ele>
    <time>2026-07-11T10:24:01Z</time>
   </trkpt>
   <trkpt lat="12.8798960" lon="77.6169410">
    <ele>912.6</ele>
    <time>2026-07-11T10:24:02Z</time>
   </trkpt>
   <trkpt lat="12.8799200" lon="77.6169510">
    <ele>912.7</ele>
    <time>2026-07-11T10:24:16Z</time>
   </trkpt>
   <trkpt lat="12.8799180" lon="77.6169510">
    <ele>912.7</ele>
    <time>2026-07-11T10:24:17Z</time>
   </trkpt>
   <trkpt lat="12.8799180" lon="77.6169510">
    <ele>912.7</ele>
    <time>2026-07-11T10:24:18Z</time>
   </trkpt>
   <trkpt lat="12.8799180" lon="77.6169510">
    <ele>912.7</ele>
    <time>2026-07-11T10:24:19Z</time>
   </trkpt>
   <trkpt lat="12.8799180" lon="77.6169510">
    <ele>912.7</ele>
    <time>2026-07-11T10:24:20Z</time>
   </trkpt>
   <trkpt lat="12.8799180" lon="77.6169510">
    <ele>912.7</ele>
    <time>2026-07-11T10:24:21Z</time>
   </trkpt>
   <trkpt lat="12.8799180" lon="77.6169510">
    <ele>912.7</ele>
    <time>2026-07-11T10:24:22Z</time>
   </trkpt>
   <trkpt lat="12.8799180" lon="77.6169530">
    <ele>912.7</ele>
    <time>2026-07-11T10:24:23Z</time>
   </trkpt>
   <trkpt lat="12.8799180" lon="77.6169530">
    <ele>912.7</ele>
    <time>2026-07-11T10:24:24Z</time>
   </trkpt>
   <trkpt lat="12.8799180" lon="77.6169530">
    <ele>912.7</ele>
    <time>2026-07-11T10:24:25Z</time>
   </trkpt>
   <trkpt lat="12.8799190" lon="77.6169510">
    <ele>912.7</ele>
    <time>2026-07-11T10:30:49Z</time>
   </trkpt>
   <trkpt lat="12.8799190" lon="77.6169510">
    <ele>912.7</ele>
    <time>2026-07-11T10:30:50Z</time>
   </trkpt>
   <trkpt lat="12.8799190" lon="77.6169510">
    <ele>912.7</ele>
    <time>2026-07-11T10:30:51Z</time>
   </trkpt>
   <trkpt lat="12.8799190" lon="77.6169510">
    <ele>912.7</ele>
    <time>2026-07-11T10:30:52Z</time>
   </trkpt>
   <trkpt lat="12.8799190" lon="77.6169510">
    <ele>912.7</ele>
    <time>2026-07-11T10:30:53Z</time>
   </trkpt>
   <trkpt lat="12.8799190" lon="77.6169510">
    <ele>912.7</ele>
    <time>2026-07-11T10:30:54Z</time>
   </trkpt>
   <trkpt lat="12.8799190" lon="77.6169510">
    <ele>912.7</ele>
    <time>2026-07-11T10:30:55Z</time>
   </trkpt>
   <trkpt lat="12.8799220" lon="77.6169510">
    <ele>912.7</ele>
    <time>2026-07-11T10:30:56Z</time>
   </trkpt>
   <trkpt lat="12.8799240" lon="77.6169570">
    <ele>912.7</ele>
    <time>2026-07-11T10:30:57Z</time>
   </trkpt>
   <trkpt lat="12.8799300" lon="77.6169660">
    <ele>912.8</ele>
    <time>2026-07-11T10:30:58Z</time>
   </trkpt>
   <trkpt lat="12.8799410" lon="77.6169730">
    <ele>912.8</ele>
    <time>2026-07-11T10:30:59Z</time>
   </trkpt>
   <trkpt lat="12.8799530" lon="77.6169770">
    <ele>912.9</ele>
    <time>2026-07-11T10:31:00Z</time>
   </trkpt>
   <trkpt lat="12.8799650" lon="77.6169810">
    <ele>912.9</ele>
    <time>2026-07-11T10:31:01Z</time>
   </trkpt>
   <trkpt lat="12.8799750" lon="77.6169850">
    <ele>912.9</ele>
    <time>2026-07-11T10:31:02Z</time>
   </trkpt>
   <trkpt lat="12.8799880" lon="77.6169890">
    <ele>913.0</ele>
    <time>2026-07-11T10:31:03Z</time>
   </trkpt>
   <trkpt lat="12.8799990" lon="77.6169930">
    <ele>913.0</ele>
    <time>2026-07-11T10:31:04Z</time>
   </trkpt>
   <trkpt lat="12.8800100" lon="77.6169980">
    <ele>913.1</ele>
    <time>2026-07-11T10:31:05Z</time>
   </trkpt>
   <trkpt lat="12.8800210" lon="77.6170020">
    <ele>913.1</ele>
    <time>2026-07-11T10:31:06Z</time>
   </trkpt>
   <trkpt lat="12.8800320" lon="77.6170060">
    <ele>913.2</ele>
    <time>2026-07-11T10:31:07Z</time>
   </trkpt>
   <trkpt lat="12.8800440" lon="77.6170100">
    <ele>913.2</ele>
    <time>2026-07-11T10:31:08Z</time>
   </trkpt>
   <trkpt lat="12.8800560" lon="77.6170130">
    <ele>913.3</ele>
    <time>2026-07-11T10:31:09Z</time>
   </trkpt>
   <trkpt lat="12.8800680" lon="77.6170150">
    <ele>913.3</ele>
    <time>2026-07-11T10:31:10Z</time>
   </trkpt>
   <trkpt lat="12.8800800" lon="77.6170200">
    <ele>913.4</ele>
    <time>2026-07-11T10:31:11Z</time>
   </trkpt>
   <trkpt lat="12.8800910" lon="77.6170250">
    <ele>913.4</ele>
    <time>2026-07-11T10:31:12Z</time>
   </trkpt>
   <trkpt lat="12.8801030" lon="77.6170280">
    <ele>913.5</ele>
    <time>2026-07-11T10:31:13Z</time>
   </trkpt>
   <trkpt lat="12.8801140" lon="77.6170330">
    <ele>913.5</ele>
    <time>2026-07-11T10:31:14Z</time>
   </trkpt>
   <trkpt lat="12.8801270" lon="77.6170380">
    <ele>913.6</ele>
    <time>2026-07-11T10:31:15Z</time>
   </trkpt>
   <trkpt lat="12.8801390" lon="77.6170430">
    <ele>913.6</ele>
    <time>2026-07-11T10:31:16Z</time>
   </trkpt>
   <trkpt lat="12.8801500" lon="77.6170480">
    <ele>913.6</ele>
    <time>2026-07-11T10:31:17Z</time>
   </trkpt>
   <trkpt lat="12.8801630" lon="77.6170530">
    <ele>913.7</ele>
    <time>2026-07-11T10:31:18Z</time>
   </trkpt>
   <trkpt lat="12.8801750" lon="77.6170550">
    <ele>913.7</ele>
    <time>2026-07-11T10:31:19Z</time>
   </trkpt>
   <trkpt lat="12.8801870" lon="77.6170600">
    <ele>913.8</ele>
    <time>2026-07-11T10:31:20Z</time>
   </trkpt>
   <trkpt lat="12.8801980" lon="77.6170630">
    <ele>913.9</ele>
    <time>2026-07-11T10:31:21Z</time>
   </trkpt>
   <trkpt lat="12.8802100" lon="77.6170660">
    <ele>913.9</ele>
    <time>2026-07-11T10:31:22Z</time>
   </trkpt>
   <trkpt lat="12.8802200" lon="77.6170690">
    <ele>914.0</ele>
    <time>2026-07-11T10:31:23Z</time>
   </trkpt>
   <trkpt lat="12.8802250" lon="77.6170700">
    <ele>914.0</ele>
    <time>2026-07-11T10:31:24Z</time>
   </trkpt>
   <trkpt lat="12.8802230" lon="77.6170670">
    <ele>914.0</ele>
    <time>2026-07-11T10:31:25Z</time>
   </trkpt>
   <trkpt lat="12.8802240" lon="77.6170690">
    <ele>914.0</ele>
    <time>2026-07-11T10:31:26Z</time>
   </trkpt>
   <trkpt lat="12.8802240" lon="77.6170690">
    <ele>914.0</ele>
    <time>2026-07-11T10:31:27Z</time>
   </trkpt>
   <trkpt lat="12.8802240" lon="77.6170690">
    <ele>914.0</ele>
    <time>2026-07-11T10:31:28Z</time>
   </trkpt>
   <trkpt lat="12.8802250" lon="77.6170700">
    <ele>914.0</ele>
    <time>2026-07-11T10:31:29Z</time>
   </trkpt>
   <trkpt lat="12.8802270" lon="77.6170720">
    <ele>914.0</ele>
    <time>2026-07-11T10:31:30Z</time>
   </trkpt>
   <trkpt lat="12.8802390" lon="77.6170730">
    <ele>914.1</ele>
    <time>2026-07-11T10:31:31Z</time>
   </trkpt>
   <trkpt lat="12.8802480" lon="77.6170770">
    <ele>914.1</ele>
    <time>2026-07-11T10:31:32Z</time>
   </trkpt>
   <trkpt lat="12.8802660" lon="77.6170830">
    <ele>914.2</ele>
    <time>2026-07-11T10:31:33Z</time>
   </trkpt>
   <trkpt lat="12.8802810" lon="77.6170920">
    <ele>914.3</ele>
    <time>2026-07-11T10:31:34Z</time>
   </trkpt>
   <trkpt lat="12.8803010" lon="77.6170990">
    <ele>914.4</ele>
    <time>2026-07-11T10:31:35Z</time>
   </trkpt>
   <trkpt lat="12.8803170" lon="77.6171070">
    <ele>914.4</ele>
    <time>2026-07-11T10:31:36Z</time>
   </trkpt>
   <trkpt lat="12.8803340" lon="77.6171150">
    <ele>914.5</ele>
    <time>2026-07-11T10:31:37Z</time>
   </trkpt>
   <trkpt lat="12.8803500" lon="77.6171260">
    <ele>914.6</ele>
    <time>2026-07-11T10:31:38Z</time>
   </trkpt>
   <trkpt lat="12.8803630" lon="77.6171320">
    <ele>914.6</ele>
    <time>2026-07-11T10:31:39Z</time>
   </trkpt>
   <trkpt lat="12.8803800" lon="77.6171410">
    <ele>914.7</ele>
    <time>2026-07-11T10:31:40Z</time>
   </trkpt>
   <trkpt lat="12.8803940" lon="77.6171500">
    <ele>914.8</ele>
    <time>2026-07-11T10:31:41Z</time>
   </trkpt>
   <trkpt lat="12.8804100" lon="77.6171620">
    <ele>914.8</ele>
    <time>2026-07-11T10:31:42Z</time>
   </trkpt>
   <trkpt lat="12.8804270" lon="77.6171700">
    <ele>914.9</ele>
    <time>2026-07-11T10:31:43Z</time>
   </trkpt>
   <trkpt lat="12.8804440" lon="77.6171750">
    <ele>915.0</ele>
    <time>2026-07-11T10:31:44Z</time>
   </trkpt>
   <trkpt lat="12.8804660" lon="77.6171810">
    <ele>915.0</ele>
    <time>2026-07-11T10:31:45Z</time>
   </trkpt>
   <trkpt lat="12.8804910" lon="77.6171890">
    <ele>915.1</ele>
    <time>2026-07-11T10:31:46Z</time>
   </trkpt>
   <trkpt lat="12.8805110" lon="77.6171960">
    <ele>915.2</ele>
    <time>2026-07-11T10:31:47Z</time>
   </trkpt>
   <trkpt lat="12.8805260" lon="77.6172020">
    <ele>915.3</ele>
    <time>2026-07-11T10:31:48Z</time>
   </trkpt>
   <trkpt lat="12.8805440" lon="77.6172100">
    <ele>915.3</ele>
    <time>2026-07-11T10:31:49Z</time>
   </trkpt>
   <trkpt lat="12.8805640" lon="77.6172180">
    <ele>915.4</ele>
    <time>2026-07-11T10:31:50Z</time>
   </trkpt>
   <trkpt lat="12.8805870" lon="77.6172230">
    <ele>915.5</ele>
    <time>2026-07-11T10:31:51Z</time>
   </trkpt>
   <trkpt lat="12.8806060" lon="77.6172260">
    <ele>915.6</ele>
    <time>2026-07-11T10:31:52Z</time>
   </trkpt>
   <trkpt lat="12.8806230" lon="77.6172310">
    <ele>915.6</ele>
    <time>2026-07-11T10:31:53Z</time>
   </trkpt>
   <trkpt lat="12.8806420" lon="77.6172400">
    <ele>915.7</ele>
    <time>2026-07-11T10:31:54Z</time>
   </trkpt>
   <trkpt lat="12.8806600" lon="77.6172500">
    <ele>915.7</ele>
    <time>2026-07-11T10:31:55Z</time>
   </trkpt>
   <trkpt lat="12.8806750" lon="77.6172580">
    <ele>915.8</ele>
    <time>2026-07-11T10:31:56Z</time>
   </trkpt>
   <trkpt lat="12.8806930" lon="77.6172640">
    <ele>915.9</ele>
    <time>2026-07-11T10:31:57Z</time>
   </trkpt>
   <trkpt lat="12.8807120" lon="77.6172700">
    <ele>915.9</ele>
    <time>2026-07-11T10:31:58Z</time>
   </trkpt>
   <trkpt lat="12.8807300" lon="77.6172770">
    <ele>916.0</ele>
    <time>2026-07-11T10:31:59Z</time>
   </trkpt>
   <trkpt lat="12.8807510" lon="77.6172810">
    <ele>916.1</ele>
    <time>2026-07-11T10:32:00Z</time>
   </trkpt>
   <trkpt lat="12.8807670" lon="77.6172880">
    <ele>916.1</ele>
    <time>2026-07-11T10:32:01Z</time>
   </trkpt>
   <trkpt lat="12.8807860" lon="77.6172980">
    <ele>916.2</ele>
    <time>2026-07-11T10:32:02Z</time>
   </trkpt>
   <trkpt lat="12.8808040" lon="77.6173050">
    <ele>916.2</ele>
    <time>2026-07-11T10:32:03Z</time>
   </trkpt>
   <trkpt lat="12.8808240" lon="77.6173130">
    <ele>916.2</ele>
    <time>2026-07-11T10:32:04Z</time>
   </trkpt>
   <trkpt lat="12.8808450" lon="77.6173180">
    <ele>916.3</ele>
    <time>2026-07-11T10:32:05Z</time>
   </trkpt>
   <trkpt lat="12.8808670" lon="77.6173230">
    <ele>916.3</ele>
    <time>2026-07-11T10:32:06Z</time>
   </trkpt>
   <trkpt lat="12.8808790" lon="77.6173290">
    <ele>916.4</ele>
    <time>2026-07-11T10:32:07Z</time>
   </trkpt>
   <trkpt lat="12.8808970" lon="77.6173370">
    <ele>916.4</ele>
    <time>2026-07-11T10:32:08Z</time>
   </trkpt>
   <trkpt lat="12.8809160" lon="77.6173420">
    <ele>916.4</ele>
    <time>2026-07-11T10:32:09Z</time>
   </trkpt>
   <trkpt lat="12.8809360" lon="77.6173520">
    <ele>916.4</ele>
    <time>2026-07-11T10:32:10Z</time>
   </trkpt>
   <trkpt lat="12.8809530" lon="77.6173530">
    <ele>916.4</ele>
    <time>2026-07-11T10:32:11Z</time>
   </trkpt>
   <trkpt lat="12.8809710" lon="77.6173570">
    <ele>916.4</ele>
    <time>2026-07-11T10:32:12Z</time>
   </trkpt>
   <trkpt lat="12.8809900" lon="77.6173710">
    <ele>916.5</ele>
    <time>2026-07-11T10:32:13Z</time>
   </trkpt>
   <trkpt lat="12.8810050" lon="77.6173870">
    <ele>916.4</ele>
    <time>2026-07-11T10:32:14Z</time>
   </trkpt>
   <trkpt lat="12.8810190" lon="77.6174050">
    <ele>916.4</ele>
    <time>2026-07-11T10:32:15Z</time>
   </trkpt>
   <trkpt lat="12.8810360" lon="77.6174130">
    <ele>916.4</ele>
    <time>2026-07-11T10:32:16Z</time>
   </trkpt>
   <trkpt lat="12.8810530" lon="77.6174160">
    <ele>916.3</ele>
    <time>2026-07-11T10:32:17Z</time>
   </trkpt>
   <trkpt lat="12.8810810" lon="77.6174170">
    <ele>916.3</ele>
    <time>2026-07-11T10:32:18Z</time>
   </trkpt>
   <trkpt lat="12.8811030" lon="77.6174280">
    <ele>916.2</ele>
    <time>2026-07-11T10:32:19Z</time>
   </trkpt>
   <trkpt lat="12.8811290" lon="77.6174410">
    <ele>916.2</ele>
    <time>2026-07-11T10:32:20Z</time>
   </trkpt>
   <trkpt lat="12.8811520" lon="77.6174470">
    <ele>916.1</ele>
    <time>2026-07-11T10:32:21Z</time>
   </trkpt>
   <trkpt lat="12.8811810" lon="77.6174550">
    <ele>916.0</ele>
    <time>2026-07-11T10:32:22Z</time>
   </trkpt>
   <trkpt lat="12.8812120" lon="77.6174680">
    <ele>915.9</ele>
    <time>2026-07-11T10:32:23Z</time>
   </trkpt>
   <trkpt lat="12.8812460" lon="77.6174760">
    <ele>915.8</ele>
    <time>2026-07-11T10:32:24Z</time>
   </trkpt>
   <trkpt lat="12.8812800" lon="77.6174910">
    <ele>915.7</ele>
    <time>2026-07-11T10:32:25Z</time>
   </trkpt>
   <trkpt lat="12.8813160" lon="77.6175090">
    <ele>915.5</ele>
    <time>2026-07-11T10:32:26Z</time>
   </trkpt>
   <trkpt lat="12.8813570" lon="77.6175200">
    <ele>915.2</ele>
    <time>2026-07-11T10:32:27Z</time>
   </trkpt>
   <trkpt lat="12.8813990" lon="77.6175330">
    <ele>915.0</ele>
    <time>2026-07-11T10:32:28Z</time>
   </trkpt>
   <trkpt lat="12.8814440" lon="77.6175530">
    <ele>914.7</ele>
    <time>2026-07-11T10:32:29Z</time>
   </trkpt>
   <trkpt lat="12.8814970" lon="77.6175730">
    <ele>914.4</ele>
    <time>2026-07-11T10:32:30Z</time>
   </trkpt>
   <trkpt lat="12.8815470" lon="77.6175920">
    <ele>914.1</ele>
    <time>2026-07-11T10:32:31Z</time>
   </trkpt>
   <trkpt lat="12.8815990" lon="77.6176070">
    <ele>913.8</ele>
    <time>2026-07-11T10:32:32Z</time>
   </trkpt>
   <trkpt lat="12.8816490" lon="77.6176160">
    <ele>913.6</ele>
    <time>2026-07-11T10:32:33Z</time>
   </trkpt>
   <trkpt lat="12.8816980" lon="77.6176270">
    <ele>913.5</ele>
    <time>2026-07-11T10:32:34Z</time>
   </trkpt>
   <trkpt lat="12.8817500" lon="77.6176380">
    <ele>913.3</ele>
    <time>2026-07-11T10:32:35Z</time>
   </trkpt>
   <trkpt lat="12.8818080" lon="77.6176610">
    <ele>913.2</ele>
    <time>2026-07-11T10:32:36Z</time>
   </trkpt>
   <trkpt lat="12.8818590" lon="77.6176770">
    <ele>913.0</ele>
    <time>2026-07-11T10:32:37Z</time>
   </trkpt>
   <trkpt lat="12.8819100" lon="77.6176860">
    <ele>912.9</ele>
    <time>2026-07-11T10:32:38Z</time>
   </trkpt>
   <trkpt lat="12.8819660" lon="77.6176840">
    <ele>912.9</ele>
    <time>2026-07-11T10:32:39Z</time>
   </trkpt>
   <trkpt lat="12.8820160" lon="77.6176830">
    <ele>912.8</ele>
    <time>2026-07-11T10:32:40Z</time>
   </trkpt>
   <trkpt lat="12.8820630" lon="77.6176860">
    <ele>912.7</ele>
    <time>2026-07-11T10:32:41Z</time>
   </trkpt>
   <trkpt lat="12.8821170" lon="77.6176810">
    <ele>912.6</ele>
    <time>2026-07-11T10:32:42Z</time>
   </trkpt>
   <trkpt lat="12.8821670" lon="77.6176800">
    <ele>912.6</ele>
    <time>2026-07-11T10:32:43Z</time>
   </trkpt>
   <trkpt lat="12.8822130" lon="77.6176780">
    <ele>912.5</ele>
    <time>2026-07-11T10:32:44Z</time>
   </trkpt>
   <trkpt lat="12.8822620" lon="77.6176830">
    <ele>912.4</ele>
    <time>2026-07-11T10:32:45Z</time>
   </trkpt>
   <trkpt lat="12.8823100" lon="77.6176800">
    <ele>912.4</ele>
    <time>2026-07-11T10:32:46Z</time>
   </trkpt>
   <trkpt lat="12.8823550" lon="77.6176800">
    <ele>912.3</ele>
    <time>2026-07-11T10:32:47Z</time>
   </trkpt>
   <trkpt lat="12.8824010" lon="77.6176840">
    <ele>912.2</ele>
    <time>2026-07-11T10:32:48Z</time>
   </trkpt>
   <trkpt lat="12.8824470" lon="77.6176860">
    <ele>912.1</ele>
    <time>2026-07-11T10:32:49Z</time>
   </trkpt>
   <trkpt lat="12.8824940" lon="77.6176870">
    <ele>912.0</ele>
    <time>2026-07-11T10:32:50Z</time>
   </trkpt>
   <trkpt lat="12.8825360" lon="77.6176900">
    <ele>912.0</ele>
    <time>2026-07-11T10:32:51Z</time>
   </trkpt>
   <trkpt lat="12.8825860" lon="77.6176900">
    <ele>911.9</ele>
    <time>2026-07-11T10:32:52Z</time>
   </trkpt>
   <trkpt lat="12.8826340" lon="77.6176950">
    <ele>911.8</ele>
    <time>2026-07-11T10:32:53Z</time>
   </trkpt>
   <trkpt lat="12.8826790" lon="77.6177030">
    <ele>911.8</ele>
    <time>2026-07-11T10:32:54Z</time>
   </trkpt>
   <trkpt lat="12.8827250" lon="77.6177080">
    <ele>911.7</ele>
    <time>2026-07-11T10:32:55Z</time>
   </trkpt>
   <trkpt lat="12.8827700" lon="77.6177120">
    <ele>911.7</ele>
    <time>2026-07-11T10:32:56Z</time>
   </trkpt>
   <trkpt lat="12.8828110" lon="77.6177170">
    <ele>911.6</ele>
    <time>2026-07-11T10:32:57Z</time>
   </trkpt>
   <trkpt lat="12.8828570" lon="77.6177200">
    <ele>911.6</ele>
    <time>2026-07-11T10:32:58Z</time>
   </trkpt>
   <trkpt lat="12.8829000" lon="77.6177250">
    <ele>911.5</ele>
    <time>2026-07-11T10:32:59Z</time>
   </trkpt>
   <trkpt lat="12.8829410" lon="77.6177300">
    <ele>911.5</ele>
    <time>2026-07-11T10:33:00Z</time>
   </trkpt>
   <trkpt lat="12.8829820" lon="77.6177370">
    <ele>911.5</ele>
    <time>2026-07-11T10:33:01Z</time>
   </trkpt>
   <trkpt lat="12.8830210" lon="77.6177430">
    <ele>911.4</ele>
    <time>2026-07-11T10:33:02Z</time>
   </trkpt>
   <trkpt lat="12.8830600" lon="77.6177510">
    <ele>911.4</ele>
    <time>2026-07-11T10:33:03Z</time>
   </trkpt>
   <trkpt lat="12.8831000" lon="77.6177580">
    <ele>911.4</ele>
    <time>2026-07-11T10:33:04Z</time>
   </trkpt>
   <trkpt lat="12.8831380" lon="77.6177660">
    <ele>911.3</ele>
    <time>2026-07-11T10:33:05Z</time>
   </trkpt>
   <trkpt lat="12.8831790" lon="77.6177710">
    <ele>911.3</ele>
    <time>2026-07-11T10:33:06Z</time>
   </trkpt>
   <trkpt lat="12.8832240" lon="77.6177730">
    <ele>911.3</ele>
    <time>2026-07-11T10:33:07Z</time>
   </trkpt>
   <trkpt lat="12.8832630" lon="77.6177820">
    <ele>911.3</ele>
    <time>2026-07-11T10:33:08Z</time>
   </trkpt>
   <trkpt lat="12.8833040" lon="77.6177960">
    <ele>911.3</ele>
    <time>2026-07-11T10:33:09Z</time>
   </trkpt>
   <trkpt lat="12.8833440" lon="77.6178120">
    <ele>911.3</ele>
    <time>2026-07-11T10:33:10Z</time>
   </trkpt>
   <trkpt lat="12.8833830" lon="77.6178290">
    <ele>911.3</ele>
    <time>2026-07-11T10:33:11Z</time>
   </trkpt>
   <trkpt lat="12.8834550" lon="77.6178600">
    <ele>911.2</ele>
    <time>2026-07-11T10:33:12Z</time>
   </trkpt>
   <trkpt lat="12.8834880" lon="77.6178770">
    <ele>911.2</ele>
    <time>2026-07-11T10:33:13Z</time>
   </trkpt>
   <trkpt lat="12.8835190" lon="77.6178950">
    <ele>911.2</ele>
    <time>2026-07-11T10:33:14Z</time>
   </trkpt>
   <trkpt lat="12.8835570" lon="77.6179140">
    <ele>911.2</ele>
    <time>2026-07-11T10:33:15Z</time>
   </trkpt>
   <trkpt lat="12.8835940" lon="77.6179310">
    <ele>911.2</ele>
    <time>2026-07-11T10:33:16Z</time>
   </trkpt>
   <trkpt lat="12.8836330" lon="77.6179430">
    <ele>911.2</ele>
    <time>2026-07-11T10:33:17Z</time>
   </trkpt>
   <trkpt lat="12.8836700" lon="77.6179560">
    <ele>911.2</ele>
    <time>2026-07-11T10:33:18Z</time>
   </trkpt>
   <trkpt lat="12.8837110" lon="77.6179690">
    <ele>911.2</ele>
    <time>2026-07-11T10:33:19Z</time>
   </trkpt>
   <trkpt lat="12.8837510" lon="77.6179840">
    <ele>911.1</ele>
    <time>2026-07-11T10:33:20Z</time>
   </trkpt>
   <trkpt lat="12.8837930" lon="77.6179990">
    <ele>911.1</ele>
    <time>2026-07-11T10:33:21Z</time>
   </trkpt>
   <trkpt lat="12.8838340" lon="77.6180100">
    <ele>911.1</ele>
    <time>2026-07-11T10:33:22Z</time>
   </trkpt>
   <trkpt lat="12.8838740" lon="77.6180220">
    <ele>911.1</ele>
    <time>2026-07-11T10:33:23Z</time>
   </trkpt>
   <trkpt lat="12.8839130" lon="77.6180340">
    <ele>911.0</ele>
    <time>2026-07-11T10:33:24Z</time>
   </trkpt>
   <trkpt lat="12.8839550" lon="77.6180460">
    <ele>911.0</ele>
    <time>2026-07-11T10:33:25Z</time>
   </trkpt>
   <trkpt lat="12.8839960" lon="77.6180560">
    <ele>910.9</ele>
    <time>2026-07-11T10:33:26Z</time>
   </trkpt>
   <trkpt lat="12.8840380" lon="77.6180670">
    <ele>910.9</ele>
    <time>2026-07-11T10:33:27Z</time>
   </trkpt>
   <trkpt lat="12.8840800" lon="77.6180740">
    <ele>910.8</ele>
    <time>2026-07-11T10:33:28Z</time>
   </trkpt>
   <trkpt lat="12.8841180" lon="77.6180850">
    <ele>910.7</ele>
    <time>2026-07-11T10:33:29Z</time>
   </trkpt>
   <trkpt lat="12.8841590" lon="77.6180960">
    <ele>910.7</ele>
    <time>2026-07-11T10:33:30Z</time>
   </trkpt>
   <trkpt lat="12.8842000" lon="77.6181070">
    <ele>910.6</ele>
    <time>2026-07-11T10:33:31Z</time>
   </trkpt>
   <trkpt lat="12.8842390" lon="77.6181200">
    <ele>910.6</ele>
    <time>2026-07-11T10:33:32Z</time>
   </trkpt>
   <trkpt lat="12.8842830" lon="77.6181270">
    <ele>910.5</ele>
    <time>2026-07-11T10:33:33Z</time>
   </trkpt>
   <trkpt lat="12.8843260" lon="77.6181360">
    <ele>910.4</ele>
    <time>2026-07-11T10:33:34Z</time>
   </trkpt>
   <trkpt lat="12.8843700" lon="77.6181450">
    <ele>910.3</ele>
    <time>2026-07-11T10:33:35Z</time>
   </trkpt>
   <trkpt lat="12.8844160" lon="77.6181560">
    <ele>910.2</ele>
    <time>2026-07-11T10:33:36Z</time>
   </trkpt>
   <trkpt lat="12.8844620" lon="77.6181680">
    <ele>910.2</ele>
    <time>2026-07-11T10:33:37Z</time>
   </trkpt>
   <trkpt lat="12.8845100" lon="77.6181790">
    <ele>910.1</ele>
    <time>2026-07-11T10:33:38Z</time>
   </trkpt>
   <trkpt lat="12.8845580" lon="77.6181870">
    <ele>910.0</ele>
    <time>2026-07-11T10:33:39Z</time>
   </trkpt>
   <trkpt lat="12.8846070" lon="77.6181970">
    <ele>909.9</ele>
    <time>2026-07-11T10:33:40Z</time>
   </trkpt>
   <trkpt lat="12.8846510" lon="77.6182080">
    <ele>909.8</ele>
    <time>2026-07-11T10:33:41Z</time>
   </trkpt>
   <trkpt lat="12.8846960" lon="77.6182180">
    <ele>909.7</ele>
    <time>2026-07-11T10:33:42Z</time>
   </trkpt>
   <trkpt lat="12.8847400" lon="77.6182300">
    <ele>909.7</ele>
    <time>2026-07-11T10:33:43Z</time>
   </trkpt>
   <trkpt lat="12.8847820" lon="77.6182420">
    <ele>909.6</ele>
    <time>2026-07-11T10:33:44Z</time>
   </trkpt>
   <trkpt lat="12.8848190" lon="77.6182590">
    <ele>909.7</ele>
    <time>2026-07-11T10:33:45Z</time>
   </trkpt>
   <trkpt lat="12.8848590" lon="77.6182710">
    <ele>909.7</ele>
    <time>2026-07-11T10:33:46Z</time>
   </trkpt>
   <trkpt lat="12.8848950" lon="77.6182830">
    <ele>909.7</ele>
    <time>2026-07-11T10:33:47Z</time>
   </trkpt>
   <trkpt lat="12.8849320" lon="77.6182940">
    <ele>909.8</ele>
    <time>2026-07-11T10:33:49Z</time>
   </trkpt>
   <trkpt lat="12.8849700" lon="77.6183060">
    <ele>909.8</ele>
    <time>2026-07-11T10:33:50Z</time>
   </trkpt>
   <trkpt lat="12.8850080" lon="77.6183130">
    <ele>909.8</ele>
    <time>2026-07-11T10:33:51Z</time>
   </trkpt>
   <trkpt lat="12.8850480" lon="77.6183240">
    <ele>909.9</ele>
    <time>2026-07-11T10:33:52Z</time>
   </trkpt>
   <trkpt lat="12.8850880" lon="77.6183260">
    <ele>909.9</ele>
    <time>2026-07-11T10:33:53Z</time>
   </trkpt>
   <trkpt lat="12.8851250" lon="77.6183350">
    <ele>910.0</ele>
    <time>2026-07-11T10:33:54Z</time>
   </trkpt>
   <trkpt lat="12.8851630" lon="77.6183400">
    <ele>910.0</ele>
    <time>2026-07-11T10:33:55Z</time>
   </trkpt>
   <trkpt lat="12.8851990" lon="77.6183430">
    <ele>910.1</ele>
    <time>2026-07-11T10:33:56Z</time>
   </trkpt>
   <trkpt lat="12.8852330" lon="77.6183520">
    <ele>910.1</ele>
    <time>2026-07-11T10:33:57Z</time>
   </trkpt>
   <trkpt lat="12.8852660" lon="77.6183600">
    <ele>910.1</ele>
    <time>2026-07-11T10:33:58Z</time>
   </trkpt>
   <trkpt lat="12.8852970" lon="77.6183670">
    <ele>910.1</ele>
    <time>2026-07-11T10:33:59Z</time>
   </trkpt>
   <trkpt lat="12.8853250" lon="77.6183790">
    <ele>910.1</ele>
    <time>2026-07-11T10:34:00Z</time>
   </trkpt>
   <trkpt lat="12.8853540" lon="77.6183880">
    <ele>910.1</ele>
    <time>2026-07-11T10:34:01Z</time>
   </trkpt>
   <trkpt lat="12.8853850" lon="77.6184010">
    <ele>910.1</ele>
    <time>2026-07-11T10:34:02Z</time>
   </trkpt>
   <trkpt lat="12.8854170" lon="77.6184090">
    <ele>910.1</ele>
    <time>2026-07-11T10:34:03Z</time>
   </trkpt>
   <trkpt lat="12.8854450" lon="77.6184170">
    <ele>910.1</ele>
    <time>2026-07-11T10:34:04Z</time>
   </trkpt>
   <trkpt lat="12.8854780" lon="77.6184300">
    <ele>910.1</ele>
    <time>2026-07-11T10:34:05Z</time>
   </trkpt>
   <trkpt lat="12.8855120" lon="77.6184350">
    <ele>910.1</ele>
    <time>2026-07-11T10:34:06Z</time>
   </trkpt>
   <trkpt lat="12.8855520" lon="77.6184310">
    <ele>910.1</ele>
    <time>2026-07-11T10:34:07Z</time>
   </trkpt>
   <trkpt lat="12.8855880" lon="77.6184300">
    <ele>910.1</ele>
    <time>2026-07-11T10:34:08Z</time>
   </trkpt>
   <trkpt lat="12.8856250" lon="77.6184360">
    <ele>910.1</ele>
    <time>2026-07-11T10:34:09Z</time>
   </trkpt>
   <trkpt lat="12.8856580" lon="77.6184420">
    <ele>910.2</ele>
    <time>2026-07-11T10:34:10Z</time>
   </trkpt>
   <trkpt lat="12.8856940" lon="77.6184510">
    <ele>910.2</ele>
    <time>2026-07-11T10:34:11Z</time>
   </trkpt>
   <trkpt lat="12.8857290" lon="77.6184590">
    <ele>910.2</ele>
    <time>2026-07-11T10:34:12Z</time>
   </trkpt>
   <trkpt lat="12.8857610" lon="77.6184680">
    <ele>910.2</ele>
    <time>2026-07-11T10:34:13Z</time>
   </trkpt>
   <trkpt lat="12.8857940" lon="77.6184780">
    <ele>910.3</ele>
    <time>2026-07-11T10:34:14Z</time>
   </trkpt>
   <trkpt lat="12.8858260" lon="77.6184870">
    <ele>910.3</ele>
    <time>2026-07-11T10:34:15Z</time>
   </trkpt>
   <trkpt lat="12.8858560" lon="77.6184940">
    <ele>910.3</ele>
    <time>2026-07-11T10:34:16Z</time>
   </trkpt>
   <trkpt lat="12.8858860" lon="77.6185020">
    <ele>910.3</ele>
    <time>2026-07-11T10:34:17Z</time>
   </trkpt>
   <trkpt lat="12.8859170" lon="77.6185110">
    <ele>910.4</ele>
    <time>2026-07-11T10:34:18Z</time>
   </trkpt>
   <trkpt lat="12.8859470" lon="77.6185120">
    <ele>910.4</ele>
    <time>2026-07-11T10:34:19Z</time>
   </trkpt>
   <trkpt lat="12.8859750" lon="77.6185110">
    <ele>910.4</ele>
    <time>2026-07-11T10:34:20Z</time>
   </trkpt>
   <trkpt lat="12.8860050" lon="77.6185170">
    <ele>910.4</ele>
    <time>2026-07-11T10:34:21Z</time>
   </trkpt>
   <trkpt lat="12.8860340" lon="77.6185260">
    <ele>910.4</ele>
    <time>2026-07-11T10:34:22Z</time>
   </trkpt>
   <trkpt lat="12.8860610" lon="77.6185370">
    <ele>910.4</ele>
    <time>2026-07-11T10:34:23Z</time>
   </trkpt>
   <trkpt lat="12.8860880" lon="77.6185460">
    <ele>910.4</ele>
    <time>2026-07-11T10:34:24Z</time>
   </trkpt>
   <trkpt lat="12.8861170" lon="77.6185510">
    <ele>910.4</ele>
    <time>2026-07-11T10:34:25Z</time>
   </trkpt>
   <trkpt lat="12.8861460" lon="77.6185570">
    <ele>910.3</ele>
    <time>2026-07-11T10:34:26Z</time>
   </trkpt>
   <trkpt lat="12.8861760" lon="77.6185650">
    <ele>910.3</ele>
    <time>2026-07-11T10:34:27Z</time>
   </trkpt>
   <trkpt lat="12.8862070" lon="77.6185730">
    <ele>910.3</ele>
    <time>2026-07-11T10:34:28Z</time>
   </trkpt>
   <trkpt lat="12.8862380" lon="77.6185850">
    <ele>910.3</ele>
    <time>2026-07-11T10:34:29Z</time>
   </trkpt>
   <trkpt lat="12.8862700" lon="77.6185910">
    <ele>910.2</ele>
    <time>2026-07-11T10:34:30Z</time>
   </trkpt>
   <trkpt lat="12.8863020" lon="77.6186000">
    <ele>910.2</ele>
    <time>2026-07-11T10:34:31Z</time>
   </trkpt>
   <trkpt lat="12.8863360" lon="77.6186130">
    <ele>910.2</ele>
    <time>2026-07-11T10:34:32Z</time>
   </trkpt>
   <trkpt lat="12.8863690" lon="77.6186230">
    <ele>910.1</ele>
    <time>2026-07-11T10:34:33Z</time>
   </trkpt>
   <trkpt lat="12.8864020" lon="77.6186350">
    <ele>910.1</ele>
    <time>2026-07-11T10:34:34Z</time>
   </trkpt>
   <trkpt lat="12.8864360" lon="77.6186470">
    <ele>910.1</ele>
    <time>2026-07-11T10:34:35Z</time>
   </trkpt>
   <trkpt lat="12.8864700" lon="77.6186530">
    <ele>910.0</ele>
    <time>2026-07-11T10:34:36Z</time>
   </trkpt>
   <trkpt lat="12.8865040" lon="77.6186640">
    <ele>910.0</ele>
    <time>2026-07-11T10:34:37Z</time>
   </trkpt>
   <trkpt lat="12.8865380" lon="77.6186720">
    <ele>909.9</ele>
    <time>2026-07-11T10:34:38Z</time>
   </trkpt>
   <trkpt lat="12.8865680" lon="77.6186760">
    <ele>909.9</ele>
    <time>2026-07-11T10:34:39Z</time>
   </trkpt>
   <trkpt lat="12.8866030" lon="77.6186850">
    <ele>909.9</ele>
    <time>2026-07-11T10:34:40Z</time>
   </trkpt>
   <trkpt lat="12.8866400" lon="77.6186880">
    <ele>909.8</ele>
    <time>2026-07-11T10:34:41Z</time>
   </trkpt>
   <trkpt lat="12.8866750" lon="77.6186980">
    <ele>909.8</ele>
    <time>2026-07-11T10:34:42Z</time>
   </trkpt>
   <trkpt lat="12.8867100" lon="77.6187100">
    <ele>909.7</ele>
    <time>2026-07-11T10:34:43Z</time>
   </trkpt>
   <trkpt lat="12.8867460" lon="77.6187230">
    <ele>909.7</ele>
    <time>2026-07-11T10:34:44Z</time>
   </trkpt>
   <trkpt lat="12.8867800" lon="77.6187350">
    <ele>909.6</ele>
    <time>2026-07-11T10:34:45Z</time>
   </trkpt>
   <trkpt lat="12.8868140" lon="77.6187500">
    <ele>909.5</ele>
    <time>2026-07-11T10:34:46Z</time>
   </trkpt>
   <trkpt lat="12.8868480" lon="77.6187670">
    <ele>909.5</ele>
    <time>2026-07-11T10:34:47Z</time>
   </trkpt>
   <trkpt lat="12.8868850" lon="77.6187700">
    <ele>909.4</ele>
    <time>2026-07-11T10:34:48Z</time>
   </trkpt>
   <trkpt lat="12.8869160" lon="77.6187790">
    <ele>909.3</ele>
    <time>2026-07-11T10:34:49Z</time>
   </trkpt>
   <trkpt lat="12.8869450" lon="77.6187930">
    <ele>909.2</ele>
    <time>2026-07-11T10:34:50Z</time>
   </trkpt>
   <trkpt lat="12.8869750" lon="77.6188080">
    <ele>909.2</ele>
    <time>2026-07-11T10:34:51Z</time>
   </trkpt>
   <trkpt lat="12.8870060" lon="77.6188190">
    <ele>909.1</ele>
    <time>2026-07-11T10:34:52Z</time>
   </trkpt>
   <trkpt lat="12.8870400" lon="77.6188250">
    <ele>909.1</ele>
    <time>2026-07-11T10:34:53Z</time>
   </trkpt>
   <trkpt lat="12.8870680" lon="77.6188400">
    <ele>909.0</ele>
    <time>2026-07-11T10:34:54Z</time>
   </trkpt>
   <trkpt lat="12.8871010" lon="77.6188500">
    <ele>909.0</ele>
    <time>2026-07-11T10:34:55Z</time>
   </trkpt>
   <trkpt lat="12.8871290" lon="77.6188580">
    <ele>908.9</ele>
    <time>2026-07-11T10:34:56Z</time>
   </trkpt>
   <trkpt lat="12.8871610" lon="77.6188640">
    <ele>908.9</ele>
    <time>2026-07-11T10:34:57Z</time>
   </trkpt>
   <trkpt lat="12.8871910" lon="77.6188730">
    <ele>908.8</ele>
    <time>2026-07-11T10:34:58Z</time>
   </trkpt>
   <trkpt lat="12.8872190" lon="77.6188870">
    <ele>908.8</ele>
    <time>2026-07-11T10:34:59Z</time>
   </trkpt>
   <trkpt lat="12.8872500" lon="77.6189040">
    <ele>908.7</ele>
    <time>2026-07-11T10:35:00Z</time>
   </trkpt>
   <trkpt lat="12.8872790" lon="77.6189230">
    <ele>908.7</ele>
    <time>2026-07-11T10:35:01Z</time>
   </trkpt>
   <trkpt lat="12.8873100" lon="77.6189350">
    <ele>908.6</ele>
    <time>2026-07-11T10:35:02Z</time>
   </trkpt>
   <trkpt lat="12.8873430" lon="77.6189500">
    <ele>908.6</ele>
    <time>2026-07-11T10:35:03Z</time>
   </trkpt>
   <trkpt lat="12.8873760" lon="77.6189660">
    <ele>908.5</ele>
    <time>2026-07-11T10:35:04Z</time>
   </trkpt>
   <trkpt lat="12.8874100" lon="77.6189750">
    <ele>908.5</ele>
    <time>2026-07-11T10:35:05Z</time>
   </trkpt>
   <trkpt lat="12.8874420" lon="77.6189910">
    <ele>908.4</ele>
    <time>2026-07-11T10:35:06Z</time>
   </trkpt>
   <trkpt lat="12.8874720" lon="77.6190100">
    <ele>908.4</ele>
    <time>2026-07-11T10:35:07Z</time>
   </trkpt>
   <trkpt lat="12.8875040" lon="77.6190280">
    <ele>908.3</ele>
    <time>2026-07-11T10:35:08Z</time>
   </trkpt>
   <trkpt lat="12.8875310" lon="77.6190450">
    <ele>908.3</ele>
    <time>2026-07-11T10:35:09Z</time>
   </trkpt>
   <trkpt lat="12.8875560" lon="77.6190570">
    <ele>908.3</ele>
    <time>2026-07-11T10:35:10Z</time>
   </trkpt>
   <trkpt lat="12.8875920" lon="77.6190630">
    <ele>908.2</ele>
    <time>2026-07-11T10:35:11Z</time>
   </trkpt>
   <trkpt lat="12.8876260" lon="77.6190760">
    <ele>908.2</ele>
    <time>2026-07-11T10:35:12Z</time>
   </trkpt>
   <trkpt lat="12.8876600" lon="77.6190910">
    <ele>908.1</ele>
    <time>2026-07-11T10:35:13Z</time>
   </trkpt>
   <trkpt lat="12.8876930" lon="77.6191050">
    <ele>908.1</ele>
    <time>2026-07-11T10:35:14Z</time>
   </trkpt>
   <trkpt lat="12.8877240" lon="77.6191180">
    <ele>908.0</ele>
    <time>2026-07-11T10:35:15Z</time>
   </trkpt>
   <trkpt lat="12.8877540" lon="77.6191330">
    <ele>908.0</ele>
    <time>2026-07-11T10:35:16Z</time>
   </trkpt>
   <trkpt lat="12.8877840" lon="77.6191430">
    <ele>907.9</ele>
    <time>2026-07-11T10:35:17Z</time>
   </trkpt>
   <trkpt lat="12.8878300" lon="77.6191530">
    <ele>907.9</ele>
    <time>2026-07-11T10:35:18Z</time>
   </trkpt>
   <trkpt lat="12.8878460" lon="77.6191490">
    <ele>907.9</ele>
    <time>2026-07-11T10:35:19Z</time>
   </trkpt>
   <trkpt lat="12.8878690" lon="77.6191490">
    <ele>907.8</ele>
    <time>2026-07-11T10:35:20Z</time>
   </trkpt>
   <trkpt lat="12.8878940" lon="77.6191560">
    <ele>907.8</ele>
    <time>2026-07-11T10:35:21Z</time>
   </trkpt>
   <trkpt lat="12.8879190" lon="77.6191670">
    <ele>907.8</ele>
    <time>2026-07-11T10:35:22Z</time>
   </trkpt>
   <trkpt lat="12.8879480" lon="77.6191740">
    <ele>907.8</ele>
    <time>2026-07-11T10:35:23Z</time>
   </trkpt>
   <trkpt lat="12.8879770" lon="77.6191870">
    <ele>907.7</ele>
    <time>2026-07-11T10:35:24Z</time>
   </trkpt>
   <trkpt lat="12.8880060" lon="77.6191970">
    <ele>907.7</ele>
    <time>2026-07-11T10:35:25Z</time>
   </trkpt>
   <trkpt lat="12.8880390" lon="77.6192120">
    <ele>907.7</ele>
    <time>2026-07-11T10:35:26Z</time>
   </trkpt>
   <trkpt lat="12.8880710" lon="77.6192270">
    <ele>907.6</ele>
    <time>2026-07-11T10:35:27Z</time>
   </trkpt>
   <trkpt lat="12.8881000" lon="77.6192410">
    <ele>907.6</ele>
    <time>2026-07-11T10:35:28Z</time>
   </trkpt>
   <trkpt lat="12.8881270" lon="77.6192500">
    <ele>907.5</ele>
    <time>2026-07-11T10:35:29Z</time>
   </trkpt>
   <trkpt lat="12.8881430" lon="77.6192540">
    <ele>907.5</ele>
    <time>2026-07-11T10:35:30Z</time>
   </trkpt>
   <trkpt lat="12.8881590" lon="77.6192720">
    <ele>907.4</ele>
    <time>2026-07-11T10:35:31Z</time>
   </trkpt>
   <trkpt lat="12.8881820" lon="77.6192880">
    <ele>907.4</ele>
    <time>2026-07-11T10:35:32Z</time>
   </trkpt>
   <trkpt lat="12.8882010" lon="77.6193010">
    <ele>907.4</ele>
    <time>2026-07-11T10:35:33Z</time>
   </trkpt>
   <trkpt lat="12.8882240" lon="77.6193160">
    <ele>907.3</ele>
    <time>2026-07-11T10:35:34Z</time>
   </trkpt>
   <trkpt lat="12.8882420" lon="77.6193360">
    <ele>907.3</ele>
    <time>2026-07-11T10:35:35Z</time>
   </trkpt>
   <trkpt lat="12.8882630" lon="77.6193590">
    <ele>907.3</ele>
    <time>2026-07-11T10:35:36Z</time>
   </trkpt>
   <trkpt lat="12.8882840" lon="77.6193760">
    <ele>907.2</ele>
    <time>2026-07-11T10:35:37Z</time>
   </trkpt>
   <trkpt lat="12.8883080" lon="77.6193860">
    <ele>907.2</ele>
    <time>2026-07-11T10:35:38Z</time>
   </trkpt>
   <trkpt lat="12.8883300" lon="77.6193950">
    <ele>907.2</ele>
    <time>2026-07-11T10:35:39Z</time>
   </trkpt>
   <trkpt lat="12.8883520" lon="77.6194110">
    <ele>907.2</ele>
    <time>2026-07-11T10:35:40Z</time>
   </trkpt>
   <trkpt lat="12.8883740" lon="77.6194280">
    <ele>907.1</ele>
    <time>2026-07-11T10:35:41Z</time>
   </trkpt>
   <trkpt lat="12.8883980" lon="77.6194450">
    <ele>907.1</ele>
    <time>2026-07-11T10:35:42Z</time>
   </trkpt>
   <trkpt lat="12.8884230" lon="77.6194610">
    <ele>907.1</ele>
    <time>2026-07-11T10:35:43Z</time>
   </trkpt>
   <trkpt lat="12.8884390" lon="77.6194720">
    <ele>907.1</ele>
    <time>2026-07-11T10:35:44Z</time>
   </trkpt>
   <trkpt lat="12.8884590" lon="77.6194880">
    <ele>907.0</ele>
    <time>2026-07-11T10:35:45Z</time>
   </trkpt>
   <trkpt lat="12.8884800" lon="77.6195080">
    <ele>907.0</ele>
    <time>2026-07-11T10:35:46Z</time>
   </trkpt>
   <trkpt lat="12.8885030" lon="77.6195320">
    <ele>907.0</ele>
    <time>2026-07-11T10:35:47Z</time>
   </trkpt>
   <trkpt lat="12.8885260" lon="77.6195560">
    <ele>907.0</ele>
    <time>2026-07-11T10:35:48Z</time>
   </trkpt>
   <trkpt lat="12.8885490" lon="77.6195800">
    <ele>906.9</ele>
    <time>2026-07-11T10:35:49Z</time>
   </trkpt>
   <trkpt lat="12.8885730" lon="77.6196020">
    <ele>906.9</ele>
    <time>2026-07-11T10:35:51Z</time>
   </trkpt>
   <trkpt lat="12.8885960" lon="77.6196230">
    <ele>906.9</ele>
    <time>2026-07-11T10:35:52Z</time>
   </trkpt>
   <trkpt lat="12.8886140" lon="77.6196470">
    <ele>906.9</ele>
    <time>2026-07-11T10:35:53Z</time>
   </trkpt>
   <trkpt lat="12.8886340" lon="77.6196750">
    <ele>906.8</ele>
    <time>2026-07-11T10:35:54Z</time>
   </trkpt>
   <trkpt lat="12.8886560" lon="77.6196980">
    <ele>906.8</ele>
    <time>2026-07-11T10:35:55Z</time>
   </trkpt>
   <trkpt lat="12.8886780" lon="77.6197230">
    <ele>906.7</ele>
    <time>2026-07-11T10:35:56Z</time>
   </trkpt>
   <trkpt lat="12.8887030" lon="77.6197450">
    <ele>906.7</ele>
    <time>2026-07-11T10:35:57Z</time>
   </trkpt>
   <trkpt lat="12.8887290" lon="77.6197690">
    <ele>906.6</ele>
    <time>2026-07-11T10:35:58Z</time>
   </trkpt>
   <trkpt lat="12.8887540" lon="77.6197920">
    <ele>906.6</ele>
    <time>2026-07-11T10:35:59Z</time>
   </trkpt>
   <trkpt lat="12.8887740" lon="77.6198120">
    <ele>906.6</ele>
    <time>2026-07-11T10:36:00Z</time>
   </trkpt>
   <trkpt lat="12.8887940" lon="77.6198340">
    <ele>906.5</ele>
    <time>2026-07-11T10:36:01Z</time>
   </trkpt>
   <trkpt lat="12.8888190" lon="77.6198560">
    <ele>906.5</ele>
    <time>2026-07-11T10:36:02Z</time>
   </trkpt>
   <trkpt lat="12.8888430" lon="77.6198780">
    <ele>906.4</ele>
    <time>2026-07-11T10:36:03Z</time>
   </trkpt>
   <trkpt lat="12.8888650" lon="77.6199000">
    <ele>906.4</ele>
    <time>2026-07-11T10:36:04Z</time>
   </trkpt>
   <trkpt lat="12.8888870" lon="77.6199180">
    <ele>906.3</ele>
    <time>2026-07-11T10:36:05Z</time>
   </trkpt>
   <trkpt lat="12.8889110" lon="77.6199330">
    <ele>906.3</ele>
    <time>2026-07-11T10:36:06Z</time>
   </trkpt>
   <trkpt lat="12.8889350" lon="77.6199370">
    <ele>906.3</ele>
    <time>2026-07-11T10:36:07Z</time>
   </trkpt>
   <trkpt lat="12.8889660" lon="77.6199500">
    <ele>906.3</ele>
    <time>2026-07-11T10:36:08Z</time>
   </trkpt>
   <trkpt lat="12.8889980" lon="77.6199590">
    <ele>906.2</ele>
    <time>2026-07-11T10:36:09Z</time>
   </trkpt>
   <trkpt lat="12.8890270" lon="77.6199720">
    <ele>906.2</ele>
    <time>2026-07-11T10:36:10Z</time>
   </trkpt>
   <trkpt lat="12.8890560" lon="77.6199850">
    <ele>906.2</ele>
    <time>2026-07-11T10:36:11Z</time>
   </trkpt>
   <trkpt lat="12.8890860" lon="77.6199990">
    <ele>906.2</ele>
    <time>2026-07-11T10:36:12Z</time>
   </trkpt>
   <trkpt lat="12.8891150" lon="77.6200120">
    <ele>906.2</ele>
    <time>2026-07-11T10:36:13Z</time>
   </trkpt>
   <trkpt lat="12.8891450" lon="77.6200240">
    <ele>906.2</ele>
    <time>2026-07-11T10:36:14Z</time>
   </trkpt>
   <trkpt lat="12.8891750" lon="77.6200340">
    <ele>906.2</ele>
    <time>2026-07-11T10:36:15Z</time>
   </trkpt>
   <trkpt lat="12.8892010" lon="77.6200440">
    <ele>906.1</ele>
    <time>2026-07-11T10:36:16Z</time>
   </trkpt>
   <trkpt lat="12.8892290" lon="77.6200540">
    <ele>906.1</ele>
    <time>2026-07-11T10:36:17Z</time>
   </trkpt>
   <trkpt lat="12.8892610" lon="77.6200620">
    <ele>906.1</ele>
    <time>2026-07-11T10:36:18Z</time>
   </trkpt>
   <trkpt lat="12.8892960" lon="77.6200720">
    <ele>906.1</ele>
    <time>2026-07-11T10:36:19Z</time>
   </trkpt>
   <trkpt lat="12.8893240" lon="77.6200850">
    <ele>906.1</ele>
    <time>2026-07-11T10:36:20Z</time>
   </trkpt>
   <trkpt lat="12.8893560" lon="77.6200950">
    <ele>906.1</ele>
    <time>2026-07-11T10:36:21Z</time>
   </trkpt>
   <trkpt lat="12.8893870" lon="77.6200970">
    <ele>906.0</ele>
    <time>2026-07-11T10:36:22Z</time>
   </trkpt>
   <trkpt lat="12.8894200" lon="77.6200990">
    <ele>906.0</ele>
    <time>2026-07-11T10:36:23Z</time>
   </trkpt>
   <trkpt lat="12.8894490" lon="77.6201040">
    <ele>906.0</ele>
    <time>2026-07-11T10:36:24Z</time>
   </trkpt>
   <trkpt lat="12.8894790" lon="77.6201140">
    <ele>906.0</ele>
    <time>2026-07-11T10:36:25Z</time>
   </trkpt>
   <trkpt lat="12.8895080" lon="77.6201210">
    <ele>906.0</ele>
    <time>2026-07-11T10:36:26Z</time>
   </trkpt>
   <trkpt lat="12.8895400" lon="77.6201270">
    <ele>905.9</ele>
    <time>2026-07-11T10:36:27Z</time>
   </trkpt>
   <trkpt lat="12.8895720" lon="77.6201340">
    <ele>905.9</ele>
    <time>2026-07-11T10:36:28Z</time>
   </trkpt>
   <trkpt lat="12.8896050" lon="77.6201420">
    <ele>905.9</ele>
    <time>2026-07-11T10:36:29Z</time>
   </trkpt>
   <trkpt lat="12.8896390" lon="77.6201480">
    <ele>905.9</ele>
    <time>2026-07-11T10:36:30Z</time>
   </trkpt>
   <trkpt lat="12.8896750" lon="77.6201550">
    <ele>905.9</ele>
    <time>2026-07-11T10:36:31Z</time>
   </trkpt>
   <trkpt lat="12.8897080" lon="77.6201600">
    <ele>905.9</ele>
    <time>2026-07-11T10:36:32Z</time>
   </trkpt>
   <trkpt lat="12.8897430" lon="77.6201670">
    <ele>905.8</ele>
    <time>2026-07-11T10:36:33Z</time>
   </trkpt>
   <trkpt lat="12.8897720" lon="77.6201720">
    <ele>905.8</ele>
    <time>2026-07-11T10:36:34Z</time>
   </trkpt>
   <trkpt lat="12.8898070" lon="77.6201740">
    <ele>905.8</ele>
    <time>2026-07-11T10:36:35Z</time>
   </trkpt>
   <trkpt lat="12.8898410" lon="77.6201770">
    <ele>905.8</ele>
    <time>2026-07-11T10:36:36Z</time>
   </trkpt>
   <trkpt lat="12.8898760" lon="77.6201770">
    <ele>905.8</ele>
    <time>2026-07-11T10:36:37Z</time>
   </trkpt>
   <trkpt lat="12.8899110" lon="77.6201760">
    <ele>905.8</ele>
    <time>2026-07-11T10:36:38Z</time>
   </trkpt>
   <trkpt lat="12.8899480" lon="77.6201790">
    <ele>905.8</ele>
    <time>2026-07-11T10:36:39Z</time>
   </trkpt>
   <trkpt lat="12.8899840" lon="77.6201820">
    <ele>905.8</ele>
    <time>2026-07-11T10:36:40Z</time>
   </trkpt>
   <trkpt lat="12.8900190" lon="77.6201840">
    <ele>905.9</ele>
    <time>2026-07-11T10:36:41Z</time>
   </trkpt>
   <trkpt lat="12.8900540" lon="77.6201840">
    <ele>905.9</ele>
    <time>2026-07-11T10:36:42Z</time>
   </trkpt>
   <trkpt lat="12.8900880" lon="77.6201850">
    <ele>905.9</ele>
    <time>2026-07-11T10:36:43Z</time>
   </trkpt>
   <trkpt lat="12.8901200" lon="77.6201870">
    <ele>905.9</ele>
    <time>2026-07-11T10:36:44Z</time>
   </trkpt>
   <trkpt lat="12.8901540" lon="77.6201880">
    <ele>905.9</ele>
    <time>2026-07-11T10:36:45Z</time>
   </trkpt>
   <trkpt lat="12.8901870" lon="77.6201880">
    <ele>905.9</ele>
    <time>2026-07-11T10:36:46Z</time>
   </trkpt>
   <trkpt lat="12.8902190" lon="77.6201890">
    <ele>905.9</ele>
    <time>2026-07-11T10:36:47Z</time>
   </trkpt>
   <trkpt lat="12.8902510" lon="77.6201900">
    <ele>905.9</ele>
    <time>2026-07-11T10:36:48Z</time>
   </trkpt>
   <trkpt lat="12.8902850" lon="77.6201920">
    <ele>906.0</ele>
    <time>2026-07-11T10:36:49Z</time>
   </trkpt>
   <trkpt lat="12.8903160" lon="77.6201970">
    <ele>906.0</ele>
    <time>2026-07-11T10:36:50Z</time>
   </trkpt>
   <trkpt lat="12.8903480" lon="77.6201970">
    <ele>906.0</ele>
    <time>2026-07-11T10:36:51Z</time>
   </trkpt>
   <trkpt lat="12.8903750" lon="77.6201880">
    <ele>906.0</ele>
    <time>2026-07-11T10:36:52Z</time>
   </trkpt>
   <trkpt lat="12.8904060" lon="77.6201840">
    <ele>906.0</ele>
    <time>2026-07-11T10:36:53Z</time>
   </trkpt>
   <trkpt lat="12.8904440" lon="77.6201840">
    <ele>906.0</ele>
    <time>2026-07-11T10:36:54Z</time>
   </trkpt>
   <trkpt lat="12.8904810" lon="77.6201810">
    <ele>906.0</ele>
    <time>2026-07-11T10:36:55Z</time>
   </trkpt>
   <trkpt lat="12.8905170" lon="77.6201800">
    <ele>906.1</ele>
    <time>2026-07-11T10:36:56Z</time>
   </trkpt>
   <trkpt lat="12.8905540" lon="77.6201760">
    <ele>906.1</ele>
    <time>2026-07-11T10:36:57Z</time>
   </trkpt>
   <trkpt lat="12.8905940" lon="77.6201760">
    <ele>906.1</ele>
    <time>2026-07-11T10:36:58Z</time>
   </trkpt>
   <trkpt lat="12.8906340" lon="77.6201760">
    <ele>906.1</ele>
    <time>2026-07-11T10:36:59Z</time>
   </trkpt>
   <trkpt lat="12.8906700" lon="77.6201750">
    <ele>906.1</ele>
    <time>2026-07-11T10:37:00Z</time>
   </trkpt>
   <trkpt lat="12.8907040" lon="77.6201730">
    <ele>906.2</ele>
    <time>2026-07-11T10:37:01Z</time>
   </trkpt>
   <trkpt lat="12.8907380" lon="77.6201700">
    <ele>906.2</ele>
    <time>2026-07-11T10:37:02Z</time>
   </trkpt>
   <trkpt lat="12.8907720" lon="77.6201690">
    <ele>906.2</ele>
    <time>2026-07-11T10:37:03Z</time>
   </trkpt>
   <trkpt lat="12.8908060" lon="77.6201700">
    <ele>906.3</ele>
    <time>2026-07-11T10:37:04Z</time>
   </trkpt>
   <trkpt lat="12.8908340" lon="77.6201720">
    <ele>906.3</ele>
    <time>2026-07-11T10:37:05Z</time>
   </trkpt>
   <trkpt lat="12.8908520" lon="77.6201740">
    <ele>906.3</ele>
    <time>2026-07-11T10:37:06Z</time>
   </trkpt>
   <trkpt lat="12.8908420" lon="77.6201750">
    <ele>906.3</ele>
    <time>2026-07-11T10:37:07Z</time>
   </trkpt>
   <trkpt lat="12.8908460" lon="77.6201720">
    <ele>906.3</ele>
    <time>2026-07-11T10:37:08Z</time>
   </trkpt>
   <trkpt lat="12.8908500" lon="77.6201740">
    <ele>906.3</ele>
    <time>2026-07-11T10:37:09Z</time>
   </trkpt>
   <trkpt lat="12.8908610" lon="77.6201710">
    <ele>906.4</ele>
    <time>2026-07-11T10:37:10Z</time>
   </trkpt>
   <trkpt lat="12.8908800" lon="77.6201710">
    <ele>906.4</ele>
    <time>2026-07-11T10:37:11Z</time>
   </trkpt>
   <trkpt lat="12.8908980" lon="77.6201690">
    <ele>906.4</ele>
    <time>2026-07-11T10:37:12Z</time>
   </trkpt>
   <trkpt lat="12.8909200" lon="77.6201670">
    <ele>906.4</ele>
    <time>2026-07-11T10:37:13Z</time>
   </trkpt>
   <trkpt lat="12.8909430" lon="77.6201670">
    <ele>906.4</ele>
    <time>2026-07-11T10:37:14Z</time>
   </trkpt>
   <trkpt lat="12.8909690" lon="77.6201670">
    <ele>906.4</ele>
    <time>2026-07-11T10:37:15Z</time>
   </trkpt>
   <trkpt lat="12.8909930" lon="77.6201650">
    <ele>906.4</ele>
    <time>2026-07-11T10:37:16Z</time>
   </trkpt>
   <trkpt lat="12.8910180" lon="77.6201650">
    <ele>906.4</ele>
    <time>2026-07-11T10:37:17Z</time>
   </trkpt>
   <trkpt lat="12.8910460" lon="77.6201660">
    <ele>906.5</ele>
    <time>2026-07-11T10:37:18Z</time>
   </trkpt>
   <trkpt lat="12.8910770" lon="77.6201670">
    <ele>906.5</ele>
    <time>2026-07-11T10:37:19Z</time>
   </trkpt>
   <trkpt lat="12.8911070" lon="77.6201680">
    <ele>906.5</ele>
    <time>2026-07-11T10:37:20Z</time>
   </trkpt>
   <trkpt lat="12.8911350" lon="77.6201710">
    <ele>906.6</ele>
    <time>2026-07-11T10:37:21Z</time>
   </trkpt>
   <trkpt lat="12.8911640" lon="77.6201740">
    <ele>906.6</ele>
    <time>2026-07-11T10:37:22Z</time>
   </trkpt>
   <trkpt lat="12.8911960" lon="77.6201790">
    <ele>906.6</ele>
    <time>2026-07-11T10:37:23Z</time>
   </trkpt>
   <trkpt lat="12.8912240" lon="77.6201800">
    <ele>906.6</ele>
    <time>2026-07-11T10:37:24Z</time>
   </trkpt>
   <trkpt lat="12.8912530" lon="77.6201870">
    <ele>906.7</ele>
    <time>2026-07-11T10:37:25Z</time>
   </trkpt>
   <trkpt lat="12.8912810" lon="77.6201810">
    <ele>906.7</ele>
    <time>2026-07-11T10:37:26Z</time>
   </trkpt>
   <trkpt lat="12.8913060" lon="77.6201810">
    <ele>906.7</ele>
    <time>2026-07-11T10:37:27Z</time>
   </trkpt>
   <trkpt lat="12.8913310" lon="77.6201760">
    <ele>906.8</ele>
    <time>2026-07-11T10:37:28Z</time>
   </trkpt>
   <trkpt lat="12.8913600" lon="77.6201710">
    <ele>906.8</ele>
    <time>2026-07-11T10:37:29Z</time>
   </trkpt>
   <trkpt lat="12.8913850" lon="77.6201540">
    <ele>906.8</ele>
    <time>2026-07-11T10:37:30Z</time>
   </trkpt>
   <trkpt lat="12.8914100" lon="77.6201340">
    <ele>906.9</ele>
    <time>2026-07-11T10:37:31Z</time>
   </trkpt>
   <trkpt lat="12.8914350" lon="77.6201120">
    <ele>906.9</ele>
    <time>2026-07-11T10:37:32Z</time>
   </trkpt>
   <trkpt lat="12.8914530" lon="77.6200910">
    <ele>906.9</ele>
    <time>2026-07-11T10:37:33Z</time>
   </trkpt>
   <trkpt lat="12.8914680" lon="77.6200600">
    <ele>906.9</ele>
    <time>2026-07-11T10:37:34Z</time>
   </trkpt>
   <trkpt lat="12.8914640" lon="77.6200360">
    <ele>906.8</ele>
    <time>2026-07-11T10:37:35Z</time>
   </trkpt>
   <trkpt lat="12.8914720" lon="77.6200040">
    <ele>906.8</ele>
    <time>2026-07-11T10:37:36Z</time>
   </trkpt>
   <trkpt lat="12.8914850" lon="77.6199710">
    <ele>906.8</ele>
    <time>2026-07-11T10:37:37Z</time>
   </trkpt>
   <trkpt lat="12.8914920" lon="77.6199420">
    <ele>906.8</ele>
    <time>2026-07-11T10:37:38Z</time>
   </trkpt>
   <trkpt lat="12.8915020" lon="77.6199070">
    <ele>906.8</ele>
    <time>2026-07-11T10:37:39Z</time>
   </trkpt>
   <trkpt lat="12.8915070" lon="77.6198780">
    <ele>906.8</ele>
    <time>2026-07-11T10:37:40Z</time>
   </trkpt>
   <trkpt lat="12.8915150" lon="77.6198470">
    <ele>906.8</ele>
    <time>2026-07-11T10:37:41Z</time>
   </trkpt>
   <trkpt lat="12.8915220" lon="77.6198190">
    <ele>906.8</ele>
    <time>2026-07-11T10:37:42Z</time>
   </trkpt>
   <trkpt lat="12.8915290" lon="77.6197840">
    <ele>906.8</ele>
    <time>2026-07-11T10:37:43Z</time>
   </trkpt>
   <trkpt lat="12.8915310" lon="77.6197530">
    <ele>906.8</ele>
    <time>2026-07-11T10:37:44Z</time>
   </trkpt>
   <trkpt lat="12.8915350" lon="77.6197210">
    <ele>906.8</ele>
    <time>2026-07-11T10:37:45Z</time>
   </trkpt>
   <trkpt lat="12.8915420" lon="77.6196910">
    <ele>906.8</ele>
    <time>2026-07-11T10:37:46Z</time>
   </trkpt>
   <trkpt lat="12.8915500" lon="77.6196650">
    <ele>906.8</ele>
    <time>2026-07-11T10:37:47Z</time>
   </trkpt>
   <trkpt lat="12.8915610" lon="77.6196480">
    <ele>906.8</ele>
    <time>2026-07-11T10:37:48Z</time>
   </trkpt>
   <trkpt lat="12.8915770" lon="77.6196330">
    <ele>906.8</ele>
    <time>2026-07-11T10:37:49Z</time>
   </trkpt>
   <trkpt lat="12.8916070" lon="77.6196220">
    <ele>906.8</ele>
    <time>2026-07-11T10:37:50Z</time>
   </trkpt>
   <trkpt lat="12.8916370" lon="77.6196320">
    <ele>906.9</ele>
    <time>2026-07-11T10:37:51Z</time>
   </trkpt>
   <trkpt lat="12.8916660" lon="77.6196420">
    <ele>906.9</ele>
    <time>2026-07-11T10:37:52Z</time>
   </trkpt>
   <trkpt lat="12.8916920" lon="77.6196470">
    <ele>906.9</ele>
    <time>2026-07-11T10:37:53Z</time>
   </trkpt>
   <trkpt lat="12.8917230" lon="77.6196570">
    <ele>907.0</ele>
    <time>2026-07-11T10:37:54Z</time>
   </trkpt>
   <trkpt lat="12.8917540" lon="77.6196610">
    <ele>907.0</ele>
    <time>2026-07-11T10:37:55Z</time>
   </trkpt>
   <trkpt lat="12.8917840" lon="77.6196610">
    <ele>907.0</ele>
    <time>2026-07-11T10:37:56Z</time>
   </trkpt>
   <trkpt lat="12.8918110" lon="77.6196680">
    <ele>907.0</ele>
    <time>2026-07-11T10:37:57Z</time>
   </trkpt>
   <trkpt lat="12.8918410" lon="77.6196750">
    <ele>907.0</ele>
    <time>2026-07-11T10:37:58Z</time>
   </trkpt>
   <trkpt lat="12.8918710" lon="77.6196770">
    <ele>907.0</ele>
    <time>2026-07-11T10:37:59Z</time>
   </trkpt>
   <trkpt lat="12.8919010" lon="77.6196780">
    <ele>907.0</ele>
    <time>2026-07-11T10:38:00Z</time>
   </trkpt>
   <trkpt lat="12.8919300" lon="77.6196810">
    <ele>907.1</ele>
    <time>2026-07-11T10:38:01Z</time>
   </trkpt>
   <trkpt lat="12.8919610" lon="77.6196990">
    <ele>907.1</ele>
    <time>2026-07-11T10:38:02Z</time>
   </trkpt>
   <trkpt lat="12.8919830" lon="77.6196970">
    <ele>907.1</ele>
    <time>2026-07-11T10:38:03Z</time>
   </trkpt>
   <trkpt lat="12.8920130" lon="77.6197100">
    <ele>907.1</ele>
    <time>2026-07-11T10:38:04Z</time>
   </trkpt>
   <trkpt lat="12.8920410" lon="77.6197160">
    <ele>907.2</ele>
    <time>2026-07-11T10:38:05Z</time>
   </trkpt>
   <trkpt lat="12.8920750" lon="77.6197220">
    <ele>907.2</ele>
    <time>2026-07-11T10:38:06Z</time>
   </trkpt>
   <trkpt lat="12.8921000" lon="77.6197280">
    <ele>907.3</ele>
    <time>2026-07-11T10:38:07Z</time>
   </trkpt>
   <trkpt lat="12.8921260" lon="77.6197310">
    <ele>907.3</ele>
    <time>2026-07-11T10:38:08Z</time>
   </trkpt>
   <trkpt lat="12.8921500" lon="77.6197320">
    <ele>907.3</ele>
    <time>2026-07-11T10:38:09Z</time>
   </trkpt>
   <trkpt lat="12.8921770" lon="77.6197350">
    <ele>907.4</ele>
    <time>2026-07-11T10:38:10Z</time>
   </trkpt>
   <trkpt lat="12.8922010" lon="77.6197310">
    <ele>907.4</ele>
    <time>2026-07-11T10:38:11Z</time>
   </trkpt>
   <trkpt lat="12.8922250" lon="77.6197370">
    <ele>907.4</ele>
    <time>2026-07-11T10:38:12Z</time>
   </trkpt>
   <trkpt lat="12.8922540" lon="77.6197420">
    <ele>907.5</ele>
    <time>2026-07-11T10:38:13Z</time>
   </trkpt>
   <trkpt lat="12.8922780" lon="77.6197510">
    <ele>907.5</ele>
    <time>2026-07-11T10:38:14Z</time>
   </trkpt>
   <trkpt lat="12.8923020" lon="77.6197580">
    <ele>907.5</ele>
    <time>2026-07-11T10:38:15Z</time>
   </trkpt>
   <trkpt lat="12.8923290" lon="77.6197670">
    <ele>907.5</ele>
    <time>2026-07-11T10:38:16Z</time>
   </trkpt>
   <trkpt lat="12.8923570" lon="77.6197700">
    <ele>907.6</ele>
    <time>2026-07-11T10:38:17Z</time>
   </trkpt>
   <trkpt lat="12.8923840" lon="77.6197690">
    <ele>907.6</ele>
    <time>2026-07-11T10:38:18Z</time>
   </trkpt>
   <trkpt lat="12.8924120" lon="77.6197720">
    <ele>907.6</ele>
    <time>2026-07-11T10:38:19Z</time>
   </trkpt>
   <trkpt lat="12.8924370" lon="77.6197840">
    <ele>907.7</ele>
    <time>2026-07-11T10:38:20Z</time>
   </trkpt>
   <trkpt lat="12.8924630" lon="77.6197880">
    <ele>907.7</ele>
    <time>2026-07-11T10:38:21Z</time>
   </trkpt>
   <trkpt lat="12.8924940" lon="77.6197940">
    <ele>907.7</ele>
    <time>2026-07-11T10:38:22Z</time>
   </trkpt>
   <trkpt lat="12.8925250" lon="77.6197960">
    <ele>907.8</ele>
    <time>2026-07-11T10:38:23Z</time>
   </trkpt>
   <trkpt lat="12.8925500" lon="77.6198090">
    <ele>907.8</ele>
    <time>2026-07-11T10:38:24Z</time>
   </trkpt>
   <trkpt lat="12.8925830" lon="77.6198080">
    <ele>907.9</ele>
    <time>2026-07-11T10:38:25Z</time>
   </trkpt>
   <trkpt lat="12.8926040" lon="77.6198140">
    <ele>907.9</ele>
    <time>2026-07-11T10:38:26Z</time>
   </trkpt>
   <trkpt lat="12.8926250" lon="77.6198150">
    <ele>907.9</ele>
    <time>2026-07-11T10:38:27Z</time>
   </trkpt>
   <trkpt lat="12.8926440" lon="77.6198160">
    <ele>907.9</ele>
    <time>2026-07-11T10:38:28Z</time>
   </trkpt>
   <trkpt lat="12.8926670" lon="77.6198200">
    <ele>907.9</ele>
    <time>2026-07-11T10:38:29Z</time>
   </trkpt>
   <trkpt lat="12.8926930" lon="77.6198270">
    <ele>907.9</ele>
    <time>2026-07-11T10:38:30Z</time>
   </trkpt>
   <trkpt lat="12.8927190" lon="77.6198300">
    <ele>907.9</ele>
    <time>2026-07-11T10:38:31Z</time>
   </trkpt>
   <trkpt lat="12.8927480" lon="77.6198360">
    <ele>907.9</ele>
    <time>2026-07-11T10:38:32Z</time>
   </trkpt>
   <trkpt lat="12.8927730" lon="77.6198360">
    <ele>907.9</ele>
    <time>2026-07-11T10:38:33Z</time>
   </trkpt>
   <trkpt lat="12.8927990" lon="77.6198400">
    <ele>907.9</ele>
    <time>2026-07-11T10:38:34Z</time>
   </trkpt>
   <trkpt lat="12.8928260" lon="77.6198410">
    <ele>908.0</ele>
    <time>2026-07-11T10:38:35Z</time>
   </trkpt>
   <trkpt lat="12.8928500" lon="77.6198460">
    <ele>908.0</ele>
    <time>2026-07-11T10:38:36Z</time>
   </trkpt>
   <trkpt lat="12.8928730" lon="77.6198510">
    <ele>908.0</ele>
    <time>2026-07-11T10:38:37Z</time>
   </trkpt>
   <trkpt lat="12.8928950" lon="77.6198530">
    <ele>908.0</ele>
    <time>2026-07-11T10:38:38Z</time>
   </trkpt>
   <trkpt lat="12.8929230" lon="77.6198610">
    <ele>908.0</ele>
    <time>2026-07-11T10:38:39Z</time>
   </trkpt>
   <trkpt lat="12.8929520" lon="77.6198590">
    <ele>908.0</ele>
    <time>2026-07-11T10:38:40Z</time>
   </trkpt>
   <trkpt lat="12.8929750" lon="77.6198660">
    <ele>908.1</ele>
    <time>2026-07-11T10:38:41Z</time>
   </trkpt>
   <trkpt lat="12.8929970" lon="77.6198650">
    <ele>908.1</ele>
    <time>2026-07-11T10:38:42Z</time>
   </trkpt>
   <trkpt lat="12.8930280" lon="77.6198710">
    <ele>908.1</ele>
    <time>2026-07-11T10:38:43Z</time>
   </trkpt>
   <trkpt lat="12.8930580" lon="77.6198800">
    <ele>908.1</ele>
    <time>2026-07-11T10:38:44Z</time>
   </trkpt>
   <trkpt lat="12.8930850" lon="77.6198840">
    <ele>908.2</ele>
    <time>2026-07-11T10:38:45Z</time>
   </trkpt>
   <trkpt lat="12.8931130" lon="77.6198900">
    <ele>908.2</ele>
    <time>2026-07-11T10:38:46Z</time>
   </trkpt>
   <trkpt lat="12.8931470" lon="77.6198850">
    <ele>908.2</ele>
    <time>2026-07-11T10:38:47Z</time>
   </trkpt>
   <trkpt lat="12.8931770" lon="77.6198940">
    <ele>908.3</ele>
    <time>2026-07-11T10:38:48Z</time>
   </trkpt>
   <trkpt lat="12.8931990" lon="77.6199030">
    <ele>908.3</ele>
    <time>2026-07-11T10:38:49Z</time>
   </trkpt>
   <trkpt lat="12.8932280" lon="77.6199090">
    <ele>908.3</ele>
    <time>2026-07-11T10:38:50Z</time>
   </trkpt>
   <trkpt lat="12.8932540" lon="77.6199160">
    <ele>908.4</ele>
    <time>2026-07-11T10:38:51Z</time>
   </trkpt>
   <trkpt lat="12.8932820" lon="77.6199230">
    <ele>908.4</ele>
    <time>2026-07-11T10:38:52Z</time>
   </trkpt>
   <trkpt lat="12.8933090" lon="77.6199250">
    <ele>908.4</ele>
    <time>2026-07-11T10:38:53Z</time>
   </trkpt>
   <trkpt lat="12.8933360" lon="77.6199210">
    <ele>908.5</ele>
    <time>2026-07-11T10:38:54Z</time>
   </trkpt>
   <trkpt lat="12.8933670" lon="77.6199280">
    <ele>908.5</ele>
    <time>2026-07-11T10:38:55Z</time>
   </trkpt>
   <trkpt lat="12.8933920" lon="77.6199270">
    <ele>908.5</ele>
    <time>2026-07-11T10:38:56Z</time>
   </trkpt>
   <trkpt lat="12.8934200" lon="77.6199320">
    <ele>908.6</ele>
    <time>2026-07-11T10:38:57Z</time>
   </trkpt>
   <trkpt lat="12.8934480" lon="77.6199350">
    <ele>908.6</ele>
    <time>2026-07-11T10:38:58Z</time>
   </trkpt>
   <trkpt lat="12.8934750" lon="77.6199340">
    <ele>908.6</ele>
    <time>2026-07-11T10:38:59Z</time>
   </trkpt>
   <trkpt lat="12.8935010" lon="77.6199410">
    <ele>908.7</ele>
    <time>2026-07-11T10:39:00Z</time>
   </trkpt>
   <trkpt lat="12.8935270" lon="77.6199520">
    <ele>908.7</ele>
    <time>2026-07-11T10:39:01Z</time>
   </trkpt>
   <trkpt lat="12.8935530" lon="77.6199540">
    <ele>908.7</ele>
    <time>2026-07-11T10:39:02Z</time>
   </trkpt>
   <trkpt lat="12.8935800" lon="77.6199590">
    <ele>908.8</ele>
    <time>2026-07-11T10:39:03Z</time>
   </trkpt>
   <trkpt lat="12.8936070" lon="77.6199620">
    <ele>908.8</ele>
    <time>2026-07-11T10:39:04Z</time>
   </trkpt>
   <trkpt lat="12.8936360" lon="77.6199650">
    <ele>908.9</ele>
    <time>2026-07-11T10:39:05Z</time>
   </trkpt>
   <trkpt lat="12.8936600" lon="77.6199740">
    <ele>908.9</ele>
    <time>2026-07-11T10:39:06Z</time>
   </trkpt>
   <trkpt lat="12.8936820" lon="77.6199640">
    <ele>908.9</ele>
    <time>2026-07-11T10:39:07Z</time>
   </trkpt>
   <trkpt lat="12.8937060" lon="77.6199750">
    <ele>909.0</ele>
    <time>2026-07-11T10:39:08Z</time>
   </trkpt>
   <trkpt lat="12.8937300" lon="77.6199760">
    <ele>909.0</ele>
    <time>2026-07-11T10:39:09Z</time>
   </trkpt>
   <trkpt lat="12.8937600" lon="77.6199880">
    <ele>909.1</ele>
    <time>2026-07-11T10:39:10Z</time>
   </trkpt>
   <trkpt lat="12.8937790" lon="77.6199880">
    <ele>909.1</ele>
    <time>2026-07-11T10:39:11Z</time>
   </trkpt>
   <trkpt lat="12.8937980" lon="77.6199990">
    <ele>909.1</ele>
    <time>2026-07-11T10:39:12Z</time>
   </trkpt>
   <trkpt lat="12.8938210" lon="77.6200060">
    <ele>909.2</ele>
    <time>2026-07-11T10:39:13Z</time>
   </trkpt>
   <trkpt lat="12.8938370" lon="77.6200060">
    <ele>909.2</ele>
    <time>2026-07-11T10:39:14Z</time>
   </trkpt>
   <trkpt lat="12.8938600" lon="77.6200090">
    <ele>909.2</ele>
    <time>2026-07-11T10:39:15Z</time>
   </trkpt>
   <trkpt lat="12.8938820" lon="77.6200190">
    <ele>909.3</ele>
    <time>2026-07-11T10:39:16Z</time>
   </trkpt>
   <trkpt lat="12.8938980" lon="77.6200220">
    <ele>909.3</ele>
    <time>2026-07-11T10:39:17Z</time>
   </trkpt>
   <trkpt lat="12.8939170" lon="77.6200230">
    <ele>909.3</ele>
    <time>2026-07-11T10:39:18Z</time>
   </trkpt>
   <trkpt lat="12.8939380" lon="77.6200260">
    <ele>909.3</ele>
    <time>2026-07-11T10:39:19Z</time>
   </trkpt>
   <trkpt lat="12.8939480" lon="77.6200320">
    <ele>909.4</ele>
    <time>2026-07-11T10:39:20Z</time>
   </trkpt>
   <trkpt lat="12.8939680" lon="77.6200390">
    <ele>909.4</ele>
    <time>2026-07-11T10:39:21Z</time>
   </trkpt>
   <trkpt lat="12.8939860" lon="77.6200470">
    <ele>909.4</ele>
    <time>2026-07-11T10:39:22Z</time>
   </trkpt>
   <trkpt lat="12.8940030" lon="77.6200450">
    <ele>909.5</ele>
    <time>2026-07-11T10:39:23Z</time>
   </trkpt>
   <trkpt lat="12.8940210" lon="77.6200510">
    <ele>909.5</ele>
    <time>2026-07-11T10:39:24Z</time>
   </trkpt>
   <trkpt lat="12.8940380" lon="77.6200570">
    <ele>909.5</ele>
    <time>2026-07-11T10:39:25Z</time>
   </trkpt>
   <trkpt lat="12.8940610" lon="77.6200620">
    <ele>909.6</ele>
    <time>2026-07-11T10:39:26Z</time>
   </trkpt>
   <trkpt lat="12.8940820" lon="77.6200700">
    <ele>909.6</ele>
    <time>2026-07-11T10:39:27Z</time>
   </trkpt>
   <trkpt lat="12.8941040" lon="77.6200810">
    <ele>909.7</ele>
    <time>2026-07-11T10:39:28Z</time>
   </trkpt>
   <trkpt lat="12.8941190" lon="77.6200890">
    <ele>909.7</ele>
    <time>2026-07-11T10:39:29Z</time>
   </trkpt>
   <trkpt lat="12.8941410" lon="77.6200920">
    <ele>909.7</ele>
    <time>2026-07-11T10:39:30Z</time>
   </trkpt>
   <trkpt lat="12.8941690" lon="77.6201020">
    <ele>909.8</ele>
    <time>2026-07-11T10:39:31Z</time>
   </trkpt>
   <trkpt lat="12.8941930" lon="77.6201010">
    <ele>909.8</ele>
    <time>2026-07-11T10:39:32Z</time>
   </trkpt>
   <trkpt lat="12.8942190" lon="77.6201120">
    <ele>909.9</ele>
    <time>2026-07-11T10:39:33Z</time>
   </trkpt>
   <trkpt lat="12.8942420" lon="77.6201180">
    <ele>909.9</ele>
    <time>2026-07-11T10:39:34Z</time>
   </trkpt>
   <trkpt lat="12.8942640" lon="77.6201140">
    <ele>909.9</ele>
    <time>2026-07-11T10:39:35Z</time>
   </trkpt>
   <trkpt lat="12.8942860" lon="77.6201160">
    <ele>910.0</ele>
    <time>2026-07-11T10:39:36Z</time>
   </trkpt>
   <trkpt lat="12.8943130" lon="77.6201320">
    <ele>910.0</ele>
    <time>2026-07-11T10:39:37Z</time>
   </trkpt>
   <trkpt lat="12.8943320" lon="77.6201330">
    <ele>910.1</ele>
    <time>2026-07-11T10:39:38Z</time>
   </trkpt>
   <trkpt lat="12.8943580" lon="77.6201340">
    <ele>910.1</ele>
    <time>2026-07-11T10:39:39Z</time>
   </trkpt>
   <trkpt lat="12.8943860" lon="77.6201400">
    <ele>910.1</ele>
    <time>2026-07-11T10:39:40Z</time>
   </trkpt>
   <trkpt lat="12.8944120" lon="77.6201360">
    <ele>910.1</ele>
    <time>2026-07-11T10:39:41Z</time>
   </trkpt>
   <trkpt lat="12.8944330" lon="77.6201360">
    <ele>910.2</ele>
    <time>2026-07-11T10:39:42Z</time>
   </trkpt>
   <trkpt lat="12.8944560" lon="77.6201390">
    <ele>910.2</ele>
    <time>2026-07-11T10:39:43Z</time>
   </trkpt>
   <trkpt lat="12.8944770" lon="77.6201480">
    <ele>910.2</ele>
    <time>2026-07-11T10:39:44Z</time>
   </trkpt>
   <trkpt lat="12.8944960" lon="77.6201560">
    <ele>910.2</ele>
    <time>2026-07-11T10:39:45Z</time>
   </trkpt>
   <trkpt lat="12.8945160" lon="77.6201670">
    <ele>910.3</ele>
    <time>2026-07-11T10:39:46Z</time>
   </trkpt>
   <trkpt lat="12.8945340" lon="77.6201720">
    <ele>910.3</ele>
    <time>2026-07-11T10:39:47Z</time>
   </trkpt>
   <trkpt lat="12.8945500" lon="77.6201800">
    <ele>910.3</ele>
    <time>2026-07-11T10:39:48Z</time>
   </trkpt>
   <trkpt lat="12.8945640" lon="77.6201780">
    <ele>910.3</ele>
    <time>2026-07-11T10:39:49Z</time>
   </trkpt>
   <trkpt lat="12.8945820" lon="77.6201840">
    <ele>910.3</ele>
    <time>2026-07-11T10:39:50Z</time>
   </trkpt>
   <trkpt lat="12.8945980" lon="77.6201860">
    <ele>910.3</ele>
    <time>2026-07-11T10:39:51Z</time>
   </trkpt>
   <trkpt lat="12.8946120" lon="77.6201850">
    <ele>910.3</ele>
    <time>2026-07-11T10:39:52Z</time>
   </trkpt>
   <trkpt lat="12.8946070" lon="77.6201840">
    <ele>910.3</ele>
    <time>2026-07-11T10:39:53Z</time>
   </trkpt>
   <trkpt lat="12.8946060" lon="77.6201820">
    <ele>910.3</ele>
    <time>2026-07-11T10:39:54Z</time>
   </trkpt>
   <trkpt lat="12.8946120" lon="77.6201810">
    <ele>910.3</ele>
    <time>2026-07-11T10:39:55Z</time>
   </trkpt>
   <trkpt lat="12.8946230" lon="77.6201840">
    <ele>910.3</ele>
    <time>2026-07-11T10:39:56Z</time>
   </trkpt>
   <trkpt lat="12.8946350" lon="77.6201920">
    <ele>910.3</ele>
    <time>2026-07-11T10:39:57Z</time>
   </trkpt>
   <trkpt lat="12.8946330" lon="77.6201860">
    <ele>910.3</ele>
    <time>2026-07-11T10:39:58Z</time>
   </trkpt>
   <trkpt lat="12.8946350" lon="77.6201880">
    <ele>910.3</ele>
    <time>2026-07-11T10:39:59Z</time>
   </trkpt>
   <trkpt lat="12.8946330" lon="77.6201890">
    <ele>910.3</ele>
    <time>2026-07-11T10:40:00Z</time>
   </trkpt>
   <trkpt lat="12.8946440" lon="77.6201930">
    <ele>910.3</ele>
    <time>2026-07-11T10:40:01Z</time>
   </trkpt>
   <trkpt lat="12.8946560" lon="77.6201980">
    <ele>910.3</ele>
    <time>2026-07-11T10:40:02Z</time>
   </trkpt>
   <trkpt lat="12.8946700" lon="77.6202060">
    <ele>910.3</ele>
    <time>2026-07-11T10:40:03Z</time>
   </trkpt>
   <trkpt lat="12.8946850" lon="77.6202120">
    <ele>910.3</ele>
    <time>2026-07-11T10:40:04Z</time>
   </trkpt>
   <trkpt lat="12.8947090" lon="77.6202170">
    <ele>910.3</ele>
    <time>2026-07-11T10:40:05Z</time>
   </trkpt>
   <trkpt lat="12.8947320" lon="77.6202180">
    <ele>910.4</ele>
    <time>2026-07-11T10:40:06Z</time>
   </trkpt>
   <trkpt lat="12.8947560" lon="77.6202220">
    <ele>910.4</ele>
    <time>2026-07-11T10:40:07Z</time>
   </trkpt>
   <trkpt lat="12.8947780" lon="77.6202240">
    <ele>910.4</ele>
    <time>2026-07-11T10:40:08Z</time>
   </trkpt>
   <trkpt lat="12.8948000" lon="77.6202310">
    <ele>910.4</ele>
    <time>2026-07-11T10:40:09Z</time>
   </trkpt>
   <trkpt lat="12.8948200" lon="77.6202450">
    <ele>910.4</ele>
    <time>2026-07-11T10:40:10Z</time>
   </trkpt>
   <trkpt lat="12.8948390" lon="77.6202530">
    <ele>910.4</ele>
    <time>2026-07-11T10:40:11Z</time>
   </trkpt>
   <trkpt lat="12.8948570" lon="77.6202610">
    <ele>910.4</ele>
    <time>2026-07-11T10:40:12Z</time>
   </trkpt>
   <trkpt lat="12.8948740" lon="77.6202670">
    <ele>910.4</ele>
    <time>2026-07-11T10:40:13Z</time>
   </trkpt>
   <trkpt lat="12.8948950" lon="77.6202720">
    <ele>910.4</ele>
    <time>2026-07-11T10:40:14Z</time>
   </trkpt>
   <trkpt lat="12.8949200" lon="77.6202810">
    <ele>910.4</ele>
    <time>2026-07-11T10:40:15Z</time>
   </trkpt>
   <trkpt lat="12.8949450" lon="77.6202900">
    <ele>910.4</ele>
    <time>2026-07-11T10:40:16Z</time>
   </trkpt>
   <trkpt lat="12.8949640" lon="77.6202990">
    <ele>910.4</ele>
    <time>2026-07-11T10:40:17Z</time>
   </trkpt>
   <trkpt lat="12.8949850" lon="77.6203100">
    <ele>910.4</ele>
    <time>2026-07-11T10:40:18Z</time>
   </trkpt>
   <trkpt lat="12.8950050" lon="77.6203200">
    <ele>910.4</ele>
    <time>2026-07-11T10:40:19Z</time>
   </trkpt>
   <trkpt lat="12.8950190" lon="77.6203260">
    <ele>910.4</ele>
    <time>2026-07-11T10:40:20Z</time>
   </trkpt>
   <trkpt lat="12.8950290" lon="77.6203290">
    <ele>910.3</ele>
    <time>2026-07-11T10:40:21Z</time>
   </trkpt>
   <trkpt lat="12.8950430" lon="77.6203330">
    <ele>910.3</ele>
    <time>2026-07-11T10:40:22Z</time>
   </trkpt>
   <trkpt lat="12.8950530" lon="77.6203360">
    <ele>910.3</ele>
    <time>2026-07-11T10:40:23Z</time>
   </trkpt>
   <trkpt lat="12.8950680" lon="77.6203420">
    <ele>910.3</ele>
    <time>2026-07-11T10:40:24Z</time>
   </trkpt>
   <trkpt lat="12.8950830" lon="77.6203460">
    <ele>910.3</ele>
    <time>2026-07-11T10:40:25Z</time>
   </trkpt>
   <trkpt lat="12.8950990" lon="77.6203450">
    <ele>910.3</ele>
    <time>2026-07-11T10:40:26Z</time>
   </trkpt>
   <trkpt lat="12.8951160" lon="77.6203480">
    <ele>910.3</ele>
    <time>2026-07-11T10:40:27Z</time>
   </trkpt>
   <trkpt lat="12.8951390" lon="77.6203530">
    <ele>910.3</ele>
    <time>2026-07-11T10:40:28Z</time>
   </trkpt>
   <trkpt lat="12.8951650" lon="77.6203700">
    <ele>910.3</ele>
    <time>2026-07-11T10:40:29Z</time>
   </trkpt>
   <trkpt lat="12.8951830" lon="77.6203780">
    <ele>910.3</ele>
    <time>2026-07-11T10:40:30Z</time>
   </trkpt>
   <trkpt lat="12.8952100" lon="77.6203830">
    <ele>910.3</ele>
    <time>2026-07-11T10:40:31Z</time>
   </trkpt>
   <trkpt lat="12.8952390" lon="77.6203980">
    <ele>910.3</ele>
    <time>2026-07-11T10:40:32Z</time>
   </trkpt>
   <trkpt lat="12.8952640" lon="77.6204110">
    <ele>910.3</ele>
    <time>2026-07-11T10:40:33Z</time>
   </trkpt>
   <trkpt lat="12.8952970" lon="77.6204240">
    <ele>910.3</ele>
    <time>2026-07-11T10:40:34Z</time>
   </trkpt>
   <trkpt lat="12.8953260" lon="77.6204330">
    <ele>910.3</ele>
    <time>2026-07-11T10:40:35Z</time>
   </trkpt>
   <trkpt lat="12.8953510" lon="77.6204450">
    <ele>910.3</ele>
    <time>2026-07-11T10:40:36Z</time>
   </trkpt>
   <trkpt lat="12.8953780" lon="77.6204540">
    <ele>910.3</ele>
    <time>2026-07-11T10:40:37Z</time>
   </trkpt>
   <trkpt lat="12.8954090" lon="77.6204640">
    <ele>910.3</ele>
    <time>2026-07-11T10:40:38Z</time>
   </trkpt>
   <trkpt lat="12.8954400" lon="77.6204740">
    <ele>910.3</ele>
    <time>2026-07-11T10:40:39Z</time>
   </trkpt>
   <trkpt lat="12.8954670" lon="77.6204840">
    <ele>910.3</ele>
    <time>2026-07-11T10:40:40Z</time>
   </trkpt>
   <trkpt lat="12.8954960" lon="77.6204920">
    <ele>910.3</ele>
    <time>2026-07-11T10:40:41Z</time>
   </trkpt>
   <trkpt lat="12.8955220" lon="77.6205000">
    <ele>910.3</ele>
    <time>2026-07-11T10:40:42Z</time>
   </trkpt>
   <trkpt lat="12.8955520" lon="77.6205090">
    <ele>910.3</ele>
    <time>2026-07-11T10:40:43Z</time>
   </trkpt>
   <trkpt lat="12.8955780" lon="77.6205210">
    <ele>910.3</ele>
    <time>2026-07-11T10:40:44Z</time>
   </trkpt>
   <trkpt lat="12.8956050" lon="77.6205300">
    <ele>910.3</ele>
    <time>2026-07-11T10:40:45Z</time>
   </trkpt>
   <trkpt lat="12.8956290" lon="77.6205380">
    <ele>910.3</ele>
    <time>2026-07-11T10:40:46Z</time>
   </trkpt>
   <trkpt lat="12.8956550" lon="77.6205480">
    <ele>910.4</ele>
    <time>2026-07-11T10:40:47Z</time>
   </trkpt>
   <trkpt lat="12.8956860" lon="77.6205470">
    <ele>910.4</ele>
    <time>2026-07-11T10:40:48Z</time>
   </trkpt>
   <trkpt lat="12.8957080" lon="77.6205580">
    <ele>910.4</ele>
    <time>2026-07-11T10:40:49Z</time>
   </trkpt>
   <trkpt lat="12.8957430" lon="77.6205650">
    <ele>910.4</ele>
    <time>2026-07-11T10:40:50Z</time>
   </trkpt>
   <trkpt lat="12.8957650" lon="77.6205750">
    <ele>910.4</ele>
    <time>2026-07-11T10:40:51Z</time>
   </trkpt>
   <trkpt lat="12.8957950" lon="77.6205800">
    <ele>910.5</ele>
    <time>2026-07-11T10:40:52Z</time>
   </trkpt>
   <trkpt lat="12.8958230" lon="77.6205870">
    <ele>910.5</ele>
    <time>2026-07-11T10:40:53Z</time>
   </trkpt>
   <trkpt lat="12.8958400" lon="77.6206030">
    <ele>910.5</ele>
    <time>2026-07-11T10:40:54Z</time>
   </trkpt>
   <trkpt lat="12.8958650" lon="77.6206260">
    <ele>910.5</ele>
    <time>2026-07-11T10:40:55Z</time>
   </trkpt>
   <trkpt lat="12.8958840" lon="77.6206370">
    <ele>910.6</ele>
    <time>2026-07-11T10:40:56Z</time>
   </trkpt>
   <trkpt lat="12.8959090" lon="77.6206440">
    <ele>910.6</ele>
    <time>2026-07-11T10:40:57Z</time>
   </trkpt>
   <trkpt lat="12.8959340" lon="77.6206540">
    <ele>910.6</ele>
    <time>2026-07-11T10:40:58Z</time>
   </trkpt>
   <trkpt lat="12.8959630" lon="77.6206560">
    <ele>910.6</ele>
    <time>2026-07-11T10:40:59Z</time>
   </trkpt>
   <trkpt lat="12.8959890" lon="77.6206700">
    <ele>910.7</ele>
    <time>2026-07-11T10:41:00Z</time>
   </trkpt>
   <trkpt lat="12.8960130" lon="77.6206850">
    <ele>910.7</ele>
    <time>2026-07-11T10:41:01Z</time>
   </trkpt>
   <trkpt lat="12.8960370" lon="77.6206930">
    <ele>910.7</ele>
    <time>2026-07-11T10:41:02Z</time>
   </trkpt>
   <trkpt lat="12.8960630" lon="77.6207090">
    <ele>910.7</ele>
    <time>2026-07-11T10:41:03Z</time>
   </trkpt>
   <trkpt lat="12.8960860" lon="77.6207210">
    <ele>910.7</ele>
    <time>2026-07-11T10:41:04Z</time>
   </trkpt>
   <trkpt lat="12.8961080" lon="77.6207320">
    <ele>910.7</ele>
    <time>2026-07-11T10:41:05Z</time>
   </trkpt>
   <trkpt lat="12.8961320" lon="77.6207360">
    <ele>910.7</ele>
    <time>2026-07-11T10:41:06Z</time>
   </trkpt>
   <trkpt lat="12.8961530" lon="77.6207460">
    <ele>910.8</ele>
    <time>2026-07-11T10:41:07Z</time>
   </trkpt>
   <trkpt lat="12.8961720" lon="77.6207620">
    <ele>910.8</ele>
    <time>2026-07-11T10:41:08Z</time>
   </trkpt>
   <trkpt lat="12.8961920" lon="77.6207820">
    <ele>910.8</ele>
    <time>2026-07-11T10:41:09Z</time>
   </trkpt>
   <trkpt lat="12.8962020" lon="77.6207920">
    <ele>910.9</ele>
    <time>2026-07-11T10:41:10Z</time>
   </trkpt>
   <trkpt lat="12.8962190" lon="77.6207970">
    <ele>910.9</ele>
    <time>2026-07-11T10:41:11Z</time>
   </trkpt>
   <trkpt lat="12.8962360" lon="77.6208090">
    <ele>910.9</ele>
    <time>2026-07-11T10:41:12Z</time>
   </trkpt>
   <trkpt lat="12.8962570" lon="77.6208190">
    <ele>910.9</ele>
    <time>2026-07-11T10:41:13Z</time>
   </trkpt>
   <trkpt lat="12.8962730" lon="77.6208320">
    <ele>911.0</ele>
    <time>2026-07-11T10:41:14Z</time>
   </trkpt>
   <trkpt lat="12.8962920" lon="77.6208430">
    <ele>911.0</ele>
    <time>2026-07-11T10:41:15Z</time>
   </trkpt>
   <trkpt lat="12.8963150" lon="77.6208520">
    <ele>911.0</ele>
    <time>2026-07-11T10:41:16Z</time>
   </trkpt>
   <trkpt lat="12.8963340" lon="77.6208650">
    <ele>911.0</ele>
    <time>2026-07-11T10:41:17Z</time>
   </trkpt>
   <trkpt lat="12.8963590" lon="77.6208780">
    <ele>911.1</ele>
    <time>2026-07-11T10:41:18Z</time>
   </trkpt>
   <trkpt lat="12.8963730" lon="77.6208970">
    <ele>911.1</ele>
    <time>2026-07-11T10:41:19Z</time>
   </trkpt>
   <trkpt lat="12.8963970" lon="77.6209130">
    <ele>911.1</ele>
    <time>2026-07-11T10:41:20Z</time>
   </trkpt>
   <trkpt lat="12.8964190" lon="77.6209300">
    <ele>911.1</ele>
    <time>2026-07-11T10:41:21Z</time>
   </trkpt>
   <trkpt lat="12.8964430" lon="77.6209470">
    <ele>911.2</ele>
    <time>2026-07-11T10:41:22Z</time>
   </trkpt>
   <trkpt lat="12.8964680" lon="77.6209610">
    <ele>911.2</ele>
    <time>2026-07-11T10:41:23Z</time>
   </trkpt>
   <trkpt lat="12.8964930" lon="77.6209780">
    <ele>911.2</ele>
    <time>2026-07-11T10:41:24Z</time>
   </trkpt>
   <trkpt lat="12.8965130" lon="77.6209980">
    <ele>911.2</ele>
    <time>2026-07-11T10:41:25Z</time>
   </trkpt>
   <trkpt lat="12.8965300" lon="77.6210120">
    <ele>911.2</ele>
    <time>2026-07-11T10:41:26Z</time>
   </trkpt>
   <trkpt lat="12.8965480" lon="77.6210370">
    <ele>911.3</ele>
    <time>2026-07-11T10:41:27Z</time>
   </trkpt>
   <trkpt lat="12.8965570" lon="77.6210510">
    <ele>911.3</ele>
    <time>2026-07-11T10:41:28Z</time>
   </trkpt>
   <trkpt lat="12.8965700" lon="77.6210690">
    <ele>911.3</ele>
    <time>2026-07-11T10:41:29Z</time>
   </trkpt>
   <trkpt lat="12.8965830" lon="77.6210780">
    <ele>911.3</ele>
    <time>2026-07-11T10:41:30Z</time>
   </trkpt>
   <trkpt lat="12.8966030" lon="77.6210960">
    <ele>911.3</ele>
    <time>2026-07-11T10:41:31Z</time>
   </trkpt>
   <trkpt lat="12.8966260" lon="77.6210950">
    <ele>911.3</ele>
    <time>2026-07-11T10:41:32Z</time>
   </trkpt>
   <trkpt lat="12.8966570" lon="77.6211210">
    <ele>911.3</ele>
    <time>2026-07-11T10:41:33Z</time>
   </trkpt>
   <trkpt lat="12.8966850" lon="77.6211420">
    <ele>911.3</ele>
    <time>2026-07-11T10:41:34Z</time>
   </trkpt>
   <trkpt lat="12.8967180" lon="77.6211550">
    <ele>911.4</ele>
    <time>2026-07-11T10:41:35Z</time>
   </trkpt>
   <trkpt lat="12.8967460" lon="77.6211650">
    <ele>911.4</ele>
    <time>2026-07-11T10:41:36Z</time>
   </trkpt>
   <trkpt lat="12.8967810" lon="77.6211720">
    <ele>911.4</ele>
    <time>2026-07-11T10:41:37Z</time>
   </trkpt>
   <trkpt lat="12.8968070" lon="77.6211860">
    <ele>911.5</ele>
    <time>2026-07-11T10:41:38Z</time>
   </trkpt>
   <trkpt lat="12.8968400" lon="77.6212000">
    <ele>911.5</ele>
    <time>2026-07-11T10:41:39Z</time>
   </trkpt>
   <trkpt lat="12.8968730" lon="77.6212100">
    <ele>911.5</ele>
    <time>2026-07-11T10:41:40Z</time>
   </trkpt>
   <trkpt lat="12.8969040" lon="77.6212170">
    <ele>911.5</ele>
    <time>2026-07-11T10:41:41Z</time>
   </trkpt>
   <trkpt lat="12.8969360" lon="77.6212240">
    <ele>911.6</ele>
    <time>2026-07-11T10:41:42Z</time>
   </trkpt>
   <trkpt lat="12.8969680" lon="77.6212300">
    <ele>911.6</ele>
    <time>2026-07-11T10:41:43Z</time>
   </trkpt>
   <trkpt lat="12.8969990" lon="77.6212390">
    <ele>911.6</ele>
    <time>2026-07-11T10:41:44Z</time>
   </trkpt>
   <trkpt lat="12.8970310" lon="77.6212500">
    <ele>911.7</ele>
    <time>2026-07-11T10:41:45Z</time>
   </trkpt>
   <trkpt lat="12.8970530" lon="77.6212580">
    <ele>911.7</ele>
    <time>2026-07-11T10:41:46Z</time>
   </trkpt>
   <trkpt lat="12.8970840" lon="77.6212470">
    <ele>911.7</ele>
    <time>2026-07-11T10:41:47Z</time>
   </trkpt>
   <trkpt lat="12.8971200" lon="77.6212600">
    <ele>911.7</ele>
    <time>2026-07-11T10:41:48Z</time>
   </trkpt>
   <trkpt lat="12.8971530" lon="77.6212730">
    <ele>911.8</ele>
    <time>2026-07-11T10:41:49Z</time>
   </trkpt>
   <trkpt lat="12.8971800" lon="77.6212880">
    <ele>911.8</ele>
    <time>2026-07-11T10:41:50Z</time>
   </trkpt>
   <trkpt lat="12.8972120" lon="77.6212910">
    <ele>911.8</ele>
    <time>2026-07-11T10:41:51Z</time>
   </trkpt>
   <trkpt lat="12.8972430" lon="77.6212950">
    <ele>911.9</ele>
    <time>2026-07-11T10:41:52Z</time>
   </trkpt>
   <trkpt lat="12.8972720" lon="77.6212980">
    <ele>911.9</ele>
    <time>2026-07-11T10:41:53Z</time>
   </trkpt>
   <trkpt lat="12.8972990" lon="77.6213000">
    <ele>911.9</ele>
    <time>2026-07-11T10:41:54Z</time>
   </trkpt>
   <trkpt lat="12.8973260" lon="77.6213110">
    <ele>911.9</ele>
    <time>2026-07-11T10:41:55Z</time>
   </trkpt>
   <trkpt lat="12.8973590" lon="77.6213180">
    <ele>911.9</ele>
    <time>2026-07-11T10:41:56Z</time>
   </trkpt>
   <trkpt lat="12.8973950" lon="77.6213280">
    <ele>911.9</ele>
    <time>2026-07-11T10:41:57Z</time>
   </trkpt>
   <trkpt lat="12.8974300" lon="77.6213360">
    <ele>911.9</ele>
    <time>2026-07-11T10:41:58Z</time>
   </trkpt>
   <trkpt lat="12.8974690" lon="77.6213400">
    <ele>911.9</ele>
    <time>2026-07-11T10:41:59Z</time>
   </trkpt>
   <trkpt lat="12.8975080" lon="77.6213500">
    <ele>911.9</ele>
    <time>2026-07-11T10:42:00Z</time>
   </trkpt>
   <trkpt lat="12.8975430" lon="77.6213700">
    <ele>911.9</ele>
    <time>2026-07-11T10:42:01Z</time>
   </trkpt>
   <trkpt lat="12.8975800" lon="77.6213750">
    <ele>911.8</ele>
    <time>2026-07-11T10:42:02Z</time>
   </trkpt>
   <trkpt lat="12.8976070" lon="77.6213830">
    <ele>911.8</ele>
    <time>2026-07-11T10:42:03Z</time>
   </trkpt>
   <trkpt lat="12.8976340" lon="77.6213900">
    <ele>911.7</ele>
    <time>2026-07-11T10:42:04Z</time>
   </trkpt>
   <trkpt lat="12.8976570" lon="77.6214040">
    <ele>911.7</ele>
    <time>2026-07-11T10:42:05Z</time>
   </trkpt>
   <trkpt lat="12.8976790" lon="77.6214160">
    <ele>911.7</ele>
    <time>2026-07-11T10:42:06Z</time>
   </trkpt>
   <trkpt lat="12.8977130" lon="77.6214260">
    <ele>911.6</ele>
    <time>2026-07-11T10:42:07Z</time>
   </trkpt>
   <trkpt lat="12.8977450" lon="77.6214320">
    <ele>911.5</ele>
    <time>2026-07-11T10:42:08Z</time>
   </trkpt>
   <trkpt lat="12.8977770" lon="77.6214460">
    <ele>911.4</ele>
    <time>2026-07-11T10:42:09Z</time>
   </trkpt>
   <trkpt lat="12.8978100" lon="77.6214650">
    <ele>911.3</ele>
    <time>2026-07-11T10:42:10Z</time>
   </trkpt>
   <trkpt lat="12.8978460" lon="77.6214800">
    <ele>911.3</ele>
    <time>2026-07-11T10:42:11Z</time>
   </trkpt>
   <trkpt lat="12.8978860" lon="77.6214940">
    <ele>911.2</ele>
    <time>2026-07-11T10:42:12Z</time>
   </trkpt>
   <trkpt lat="12.8979300" lon="77.6215100">
    <ele>911.0</ele>
    <time>2026-07-11T10:42:13Z</time>
   </trkpt>
   <trkpt lat="12.8979740" lon="77.6215210">
    <ele>910.9</ele>
    <time>2026-07-11T10:42:14Z</time>
   </trkpt>
   <trkpt lat="12.8980140" lon="77.6215330">
    <ele>910.8</ele>
    <time>2026-07-11T10:42:15Z</time>
   </trkpt>
   <trkpt lat="12.8980570" lon="77.6215460">
    <ele>910.7</ele>
    <time>2026-07-11T10:42:16Z</time>
   </trkpt>
   <trkpt lat="12.8981040" lon="77.6215620">
    <ele>910.6</ele>
    <time>2026-07-11T10:42:17Z</time>
   </trkpt>
   <trkpt lat="12.8981490" lon="77.6215780">
    <ele>910.5</ele>
    <time>2026-07-11T10:42:18Z</time>
   </trkpt>
   <trkpt lat="12.8981970" lon="77.6215950">
    <ele>910.4</ele>
    <time>2026-07-11T10:42:19Z</time>
   </trkpt>
   <trkpt lat="12.8982460" lon="77.6216190">
    <ele>910.3</ele>
    <time>2026-07-11T10:42:20Z</time>
   </trkpt>
   <trkpt lat="12.8982960" lon="77.6216340">
    <ele>910.2</ele>
    <time>2026-07-11T10:42:21Z</time>
   </trkpt>
   <trkpt lat="12.8983430" lon="77.6216570">
    <ele>910.1</ele>
    <time>2026-07-11T10:42:22Z</time>
   </trkpt>
   <trkpt lat="12.8983860" lon="77.6216830">
    <ele>909.9</ele>
    <time>2026-07-11T10:42:23Z</time>
   </trkpt>
   <trkpt lat="12.8984320" lon="77.6217060">
    <ele>909.7</ele>
    <time>2026-07-11T10:42:24Z</time>
   </trkpt>
   <trkpt lat="12.8984740" lon="77.6217230">
    <ele>909.6</ele>
    <time>2026-07-11T10:42:25Z</time>
   </trkpt>
   <trkpt lat="12.8985200" lon="77.6217450">
    <ele>909.5</ele>
    <time>2026-07-11T10:42:26Z</time>
   </trkpt>
   <trkpt lat="12.8985620" lon="77.6217610">
    <ele>909.4</ele>
    <time>2026-07-11T10:42:27Z</time>
   </trkpt>
   <trkpt lat="12.8986060" lon="77.6217790">
    <ele>909.3</ele>
    <time>2026-07-11T10:42:28Z</time>
   </trkpt>
   <trkpt lat="12.8986530" lon="77.6217970">
    <ele>909.2</ele>
    <time>2026-07-11T10:42:29Z</time>
   </trkpt>
   <trkpt lat="12.8987010" lon="77.6218150">
    <ele>909.1</ele>
    <time>2026-07-11T10:42:30Z</time>
   </trkpt>
   <trkpt lat="12.8987510" lon="77.6218340">
    <ele>909.0</ele>
    <time>2026-07-11T10:42:31Z</time>
   </trkpt>
   <trkpt lat="12.8988010" lon="77.6218560">
    <ele>908.9</ele>
    <time>2026-07-11T10:42:32Z</time>
   </trkpt>
   <trkpt lat="12.8988470" lon="77.6218730">
    <ele>908.8</ele>
    <time>2026-07-11T10:42:33Z</time>
   </trkpt>
   <trkpt lat="12.8988950" lon="77.6218950">
    <ele>908.7</ele>
    <time>2026-07-11T10:42:34Z</time>
   </trkpt>
   <trkpt lat="12.8989430" lon="77.6219130">
    <ele>908.6</ele>
    <time>2026-07-11T10:42:35Z</time>
   </trkpt>
   <trkpt lat="12.8989910" lon="77.6219300">
    <ele>908.5</ele>
    <time>2026-07-11T10:42:36Z</time>
   </trkpt>
   <trkpt lat="12.8990470" lon="77.6219440">
    <ele>908.4</ele>
    <time>2026-07-11T10:42:37Z</time>
   </trkpt>
   <trkpt lat="12.8990990" lon="77.6219610">
    <ele>908.3</ele>
    <time>2026-07-11T10:42:38Z</time>
   </trkpt>
   <trkpt lat="12.8991480" lon="77.6219860">
    <ele>908.2</ele>
    <time>2026-07-11T10:42:39Z</time>
   </trkpt>
   <trkpt lat="12.8991960" lon="77.6220020">
    <ele>908.1</ele>
    <time>2026-07-11T10:42:40Z</time>
   </trkpt>
   <trkpt lat="12.8992450" lon="77.6220160">
    <ele>908.0</ele>
    <time>2026-07-11T10:42:41Z</time>
   </trkpt>
   <trkpt lat="12.8992920" lon="77.6220200">
    <ele>907.9</ele>
    <time>2026-07-11T10:42:42Z</time>
   </trkpt>
   <trkpt lat="12.8993430" lon="77.6220210">
    <ele>907.8</ele>
    <time>2026-07-11T10:42:43Z</time>
   </trkpt>
   <trkpt lat="12.8993900" lon="77.6220310">
    <ele>907.7</ele>
    <time>2026-07-11T10:42:44Z</time>
   </trkpt>
   <trkpt lat="12.8994370" lon="77.6220410">
    <ele>907.6</ele>
    <time>2026-07-11T10:42:45Z</time>
   </trkpt>
   <trkpt lat="12.8994880" lon="77.6220550">
    <ele>907.5</ele>
    <time>2026-07-11T10:42:46Z</time>
   </trkpt>
   <trkpt lat="12.8995370" lon="77.6220730">
    <ele>907.3</ele>
    <time>2026-07-11T10:42:47Z</time>
   </trkpt>
   <trkpt lat="12.8995890" lon="77.6220890">
    <ele>907.2</ele>
    <time>2026-07-11T10:42:48Z</time>
   </trkpt>
   <trkpt lat="12.8996420" lon="77.6221070">
    <ele>907.1</ele>
    <time>2026-07-11T10:42:49Z</time>
   </trkpt>
   <trkpt lat="12.8996930" lon="77.6221320">
    <ele>906.9</ele>
    <time>2026-07-11T10:42:50Z</time>
   </trkpt>
   <trkpt lat="12.8997390" lon="77.6221640">
    <ele>906.7</ele>
    <time>2026-07-11T10:42:51Z</time>
   </trkpt>
   <trkpt lat="12.8997870" lon="77.6221920">
    <ele>906.6</ele>
    <time>2026-07-11T10:42:52Z</time>
   </trkpt>
   <trkpt lat="12.8998420" lon="77.6222180">
    <ele>906.4</ele>
    <time>2026-07-11T10:42:53Z</time>
   </trkpt>
   <trkpt lat="12.8998930" lon="77.6222470">
    <ele>906.2</ele>
    <time>2026-07-11T10:42:54Z</time>
   </trkpt>
   <trkpt lat="12.8999430" lon="77.6222770">
    <ele>906.1</ele>
    <time>2026-07-11T10:42:55Z</time>
   </trkpt>
   <trkpt lat="12.8999950" lon="77.6223070">
    <ele>906.0</ele>
    <time>2026-07-11T10:42:56Z</time>
   </trkpt>
   <trkpt lat="12.9000460" lon="77.6223320">
    <ele>905.8</ele>
    <time>2026-07-11T10:42:57Z</time>
   </trkpt>
   <trkpt lat="12.9000950" lon="77.6223660">
    <ele>905.7</ele>
    <time>2026-07-11T10:42:58Z</time>
   </trkpt>
   <trkpt lat="12.9001440" lon="77.6224030">
    <ele>905.6</ele>
    <time>2026-07-11T10:42:59Z</time>
   </trkpt>
   <trkpt lat="12.9001900" lon="77.6224400">
    <ele>905.5</ele>
    <time>2026-07-11T10:43:00Z</time>
   </trkpt>
   <trkpt lat="12.9002380" lon="77.6224740">
    <ele>905.5</ele>
    <time>2026-07-11T10:43:01Z</time>
   </trkpt>
   <trkpt lat="12.9002870" lon="77.6225100">
    <ele>905.4</ele>
    <time>2026-07-11T10:43:02Z</time>
   </trkpt>
   <trkpt lat="12.9003360" lon="77.6225470">
    <ele>905.3</ele>
    <time>2026-07-11T10:43:03Z</time>
   </trkpt>
   <trkpt lat="12.9003840" lon="77.6225860">
    <ele>905.3</ele>
    <time>2026-07-11T10:43:04Z</time>
   </trkpt>
   <trkpt lat="12.9004300" lon="77.6226260">
    <ele>905.2</ele>
    <time>2026-07-11T10:43:05Z</time>
   </trkpt>
   <trkpt lat="12.9004750" lon="77.6226650">
    <ele>905.2</ele>
    <time>2026-07-11T10:43:06Z</time>
   </trkpt>
   <trkpt lat="12.9005140" lon="77.6226940">
    <ele>905.1</ele>
    <time>2026-07-11T10:43:07Z</time>
   </trkpt>
   <trkpt lat="12.9005500" lon="77.6227250">
    <ele>905.1</ele>
    <time>2026-07-11T10:43:08Z</time>
   </trkpt>
   <trkpt lat="12.9005900" lon="77.6227540">
    <ele>905.1</ele>
    <time>2026-07-11T10:43:09Z</time>
   </trkpt>
   <trkpt lat="12.9006320" lon="77.6227850">
    <ele>905.0</ele>
    <time>2026-07-11T10:43:10Z</time>
   </trkpt>
   <trkpt lat="12.9006670" lon="77.6228150">
    <ele>905.0</ele>
    <time>2026-07-11T10:43:11Z</time>
   </trkpt>
   <trkpt lat="12.9007000" lon="77.6228420">
    <ele>905.0</ele>
    <time>2026-07-11T10:43:12Z</time>
   </trkpt>
   <trkpt lat="12.9007270" lon="77.6228620">
    <ele>905.0</ele>
    <time>2026-07-11T10:43:13Z</time>
   </trkpt>
   <trkpt lat="12.9007560" lon="77.6228840">
    <ele>905.0</ele>
    <time>2026-07-11T10:43:14Z</time>
   </trkpt>
   <trkpt lat="12.9007820" lon="77.6229040">
    <ele>904.9</ele>
    <time>2026-07-11T10:43:15Z</time>
   </trkpt>
   <trkpt lat="12.9008100" lon="77.6229190">
    <ele>904.9</ele>
    <time>2026-07-11T10:43:16Z</time>
   </trkpt>
   <trkpt lat="12.9008380" lon="77.6229380">
    <ele>904.9</ele>
    <time>2026-07-11T10:43:17Z</time>
   </trkpt>
   <trkpt lat="12.9008660" lon="77.6229600">
    <ele>904.9</ele>
    <time>2026-07-11T10:43:18Z</time>
   </trkpt>
   <trkpt lat="12.9008920" lon="77.6229830">
    <ele>904.9</ele>
    <time>2026-07-11T10:43:19Z</time>
   </trkpt>
   <trkpt lat="12.9009190" lon="77.6230100">
    <ele>904.9</ele>
    <time>2026-07-11T10:43:20Z</time>
   </trkpt>
   <trkpt lat="12.9009510" lon="77.6230330">
    <ele>904.9</ele>
    <time>2026-07-11T10:43:21Z</time>
   </trkpt>
   <trkpt lat="12.9009830" lon="77.6230600">
    <ele>904.9</ele>
    <time>2026-07-11T10:43:22Z</time>
   </trkpt>
   <trkpt lat="12.9010100" lon="77.6230840">
    <ele>904.9</ele>
    <time>2026-07-11T10:43:23Z</time>
   </trkpt>
   <trkpt lat="12.9010420" lon="77.6231080">
    <ele>904.9</ele>
    <time>2026-07-11T10:43:24Z</time>
   </trkpt>
   <trkpt lat="12.9010720" lon="77.6231350">
    <ele>904.9</ele>
    <time>2026-07-11T10:43:25Z</time>
   </trkpt>
   <trkpt lat="12.9011030" lon="77.6231630">
    <ele>904.9</ele>
    <time>2026-07-11T10:43:26Z</time>
   </trkpt>
   <trkpt lat="12.9011340" lon="77.6231850">
    <ele>904.9</ele>
    <time>2026-07-11T10:43:27Z</time>
   </trkpt>
   <trkpt lat="12.9011640" lon="77.6232100">
    <ele>905.0</ele>
    <time>2026-07-11T10:43:28Z</time>
   </trkpt>
   <trkpt lat="12.9011960" lon="77.6232320">
    <ele>905.0</ele>
    <time>2026-07-11T10:43:29Z</time>
   </trkpt>
   <trkpt lat="12.9012230" lon="77.6232600">
    <ele>905.0</ele>
    <time>2026-07-11T10:43:30Z</time>
   </trkpt>
   <trkpt lat="12.9012420" lon="77.6232790">
    <ele>905.0</ele>
    <time>2026-07-11T10:43:31Z</time>
   </trkpt>
   <trkpt lat="12.9012640" lon="77.6232990">
    <ele>905.0</ele>
    <time>2026-07-11T10:43:32Z</time>
   </trkpt>
   <trkpt lat="12.9012900" lon="77.6233080">
    <ele>905.0</ele>
    <time>2026-07-11T10:43:33Z</time>
   </trkpt>
   <trkpt lat="12.9013170" lon="77.6233260">
    <ele>905.0</ele>
    <time>2026-07-11T10:43:34Z</time>
   </trkpt>
   <trkpt lat="12.9013450" lon="77.6233490">
    <ele>905.0</ele>
    <time>2026-07-11T10:43:35Z</time>
   </trkpt>
   <trkpt lat="12.9013720" lon="77.6233710">
    <ele>905.0</ele>
    <time>2026-07-11T10:43:36Z</time>
   </trkpt>
   <trkpt lat="12.9014010" lon="77.6233970">
    <ele>905.0</ele>
    <time>2026-07-11T10:43:37Z</time>
   </trkpt>
   <trkpt lat="12.9014310" lon="77.6234220">
    <ele>905.0</ele>
    <time>2026-07-11T10:43:38Z</time>
   </trkpt>
   <trkpt lat="12.9014600" lon="77.6234460">
    <ele>905.0</ele>
    <time>2026-07-11T10:43:39Z</time>
   </trkpt>
   <trkpt lat="12.9014910" lon="77.6234690">
    <ele>905.0</ele>
    <time>2026-07-11T10:43:40Z</time>
   </trkpt>
   <trkpt lat="12.9015240" lon="77.6234780">
    <ele>905.0</ele>
    <time>2026-07-11T10:43:41Z</time>
   </trkpt>
   <trkpt lat="12.9015850" lon="77.6235120">
    <ele>905.0</ele>
    <time>2026-07-11T10:43:42Z</time>
   </trkpt>
   <trkpt lat="12.9016210" lon="77.6235190">
    <ele>905.0</ele>
    <time>2026-07-11T10:43:43Z</time>
   </trkpt>
   <trkpt lat="12.9016560" lon="77.6235300">
    <ele>905.0</ele>
    <time>2026-07-11T10:43:44Z</time>
   </trkpt>
   <trkpt lat="12.9016910" lon="77.6235430">
    <ele>905.0</ele>
    <time>2026-07-11T10:43:45Z</time>
   </trkpt>
   <trkpt lat="12.9017260" lon="77.6235570">
    <ele>905.0</ele>
    <time>2026-07-11T10:43:46Z</time>
   </trkpt>
   <trkpt lat="12.9017600" lon="77.6235780">
    <ele>905.0</ele>
    <time>2026-07-11T10:43:47Z</time>
   </trkpt>
   <trkpt lat="12.9017940" lon="77.6235950">
    <ele>905.1</ele>
    <time>2026-07-11T10:43:48Z</time>
   </trkpt>
   <trkpt lat="12.9018280" lon="77.6236050">
    <ele>905.1</ele>
    <time>2026-07-11T10:43:49Z</time>
   </trkpt>
   <trkpt lat="12.9018630" lon="77.6236180">
    <ele>905.1</ele>
    <time>2026-07-11T10:43:50Z</time>
   </trkpt>
   <trkpt lat="12.9018990" lon="77.6236260">
    <ele>905.1</ele>
    <time>2026-07-11T10:43:51Z</time>
   </trkpt>
   <trkpt lat="12.9019290" lon="77.6236400">
    <ele>905.1</ele>
    <time>2026-07-11T10:43:52Z</time>
   </trkpt>
   <trkpt lat="12.9019590" lon="77.6236550">
    <ele>905.2</ele>
    <time>2026-07-11T10:43:53Z</time>
   </trkpt>
   <trkpt lat="12.9019910" lon="77.6236620">
    <ele>905.2</ele>
    <time>2026-07-11T10:43:54Z</time>
   </trkpt>
   <trkpt lat="12.9020190" lon="77.6236710">
    <ele>905.2</ele>
    <time>2026-07-11T10:43:55Z</time>
   </trkpt>
   <trkpt lat="12.9020440" lon="77.6236530">
    <ele>905.3</ele>
    <time>2026-07-11T10:43:57Z</time>
   </trkpt>
   <trkpt lat="12.9020660" lon="77.6236310">
    <ele>905.2</ele>
    <time>2026-07-11T10:43:58Z</time>
   </trkpt>
   <trkpt lat="12.9020740" lon="77.6236050">
    <ele>905.2</ele>
    <time>2026-07-11T10:43:59Z</time>
   </trkpt>
   <trkpt lat="12.9020780" lon="77.6235780">
    <ele>905.2</ele>
    <time>2026-07-11T10:44:00Z</time>
   </trkpt>
   <trkpt lat="12.9020790" lon="77.6235470">
    <ele>905.2</ele>
    <time>2026-07-11T10:44:01Z</time>
   </trkpt>
   <trkpt lat="12.9020810" lon="77.6235170">
    <ele>905.2</ele>
    <time>2026-07-11T10:44:02Z</time>
   </trkpt>
   <trkpt lat="12.9020890" lon="77.6234900">
    <ele>905.2</ele>
    <time>2026-07-11T10:44:03Z</time>
   </trkpt>
   <trkpt lat="12.9020930" lon="77.6234590">
    <ele>905.2</ele>
    <time>2026-07-11T10:44:04Z</time>
   </trkpt>
   <trkpt lat="12.9021040" lon="77.6234290">
    <ele>905.2</ele>
    <time>2026-07-11T10:44:05Z</time>
   </trkpt>
   <trkpt lat="12.9021030" lon="77.6234010">
    <ele>905.2</ele>
    <time>2026-07-11T10:44:06Z</time>
   </trkpt>
   <trkpt lat="12.9020880" lon="77.6233720">
    <ele>905.2</ele>
    <time>2026-07-11T10:44:07Z</time>
   </trkpt>
   <trkpt lat="12.9020880" lon="77.6233400">
    <ele>905.2</ele>
    <time>2026-07-11T10:44:08Z</time>
   </trkpt>
   <trkpt lat="12.9020910" lon="77.6233080">
    <ele>905.2</ele>
    <time>2026-07-11T10:44:09Z</time>
   </trkpt>
   <trkpt lat="12.9020910" lon="77.6232760">
    <ele>905.2</ele>
    <time>2026-07-11T10:44:10Z</time>
   </trkpt>
   <trkpt lat="12.9020950" lon="77.6232440">
    <ele>905.2</ele>
    <time>2026-07-11T10:44:11Z</time>
   </trkpt>
   <trkpt lat="12.9021030" lon="77.6232120">
    <ele>905.2</ele>
    <time>2026-07-11T10:44:12Z</time>
   </trkpt>
   <trkpt lat="12.9021100" lon="77.6231800">
    <ele>905.2</ele>
    <time>2026-07-11T10:44:13Z</time>
   </trkpt>
   <trkpt lat="12.9021220" lon="77.6231510">
    <ele>905.2</ele>
    <time>2026-07-11T10:44:14Z</time>
   </trkpt>
   <trkpt lat="12.9021300" lon="77.6231230">
    <ele>905.2</ele>
    <time>2026-07-11T10:44:15Z</time>
   </trkpt>
   <trkpt lat="12.9021320" lon="77.6230940">
    <ele>905.2</ele>
    <time>2026-07-11T10:44:16Z</time>
   </trkpt>
   <trkpt lat="12.9021360" lon="77.6230640">
    <ele>905.2</ele>
    <time>2026-07-11T10:44:17Z</time>
   </trkpt>
   <trkpt lat="12.9021380" lon="77.6230320">
    <ele>905.2</ele>
    <time>2026-07-11T10:44:18Z</time>
   </trkpt>
   <trkpt lat="12.9021440" lon="77.6229990">
    <ele>905.2</ele>
    <time>2026-07-11T10:44:19Z</time>
   </trkpt>
   <trkpt lat="12.9021510" lon="77.6229690">
    <ele>905.1</ele>
    <time>2026-07-11T10:44:20Z</time>
   </trkpt>
   <trkpt lat="12.9021610" lon="77.6229310">
    <ele>905.1</ele>
    <time>2026-07-11T10:44:21Z</time>
   </trkpt>
   <trkpt lat="12.9021660" lon="77.6229080">
    <ele>905.0</ele>
    <time>2026-07-11T10:44:22Z</time>
   </trkpt>
   <trkpt lat="12.9021730" lon="77.6228760">
    <ele>905.0</ele>
    <time>2026-07-11T10:44:23Z</time>
   </trkpt>
   <trkpt lat="12.9021750" lon="77.6228350">
    <ele>904.9</ele>
    <time>2026-07-11T10:44:24Z</time>
   </trkpt>
   <trkpt lat="12.9021790" lon="77.6228010">
    <ele>904.8</ele>
    <time>2026-07-11T10:44:25Z</time>
   </trkpt>
   <trkpt lat="12.9021950" lon="77.6227700">
    <ele>904.7</ele>
    <time>2026-07-11T10:44:26Z</time>
   </trkpt>
   <trkpt lat="12.9022010" lon="77.6227350">
    <ele>904.6</ele>
    <time>2026-07-11T10:44:27Z</time>
   </trkpt>
   <trkpt lat="12.9022070" lon="77.6227050">
    <ele>904.4</ele>
    <time>2026-07-11T10:44:28Z</time>
   </trkpt>
   <trkpt lat="12.9022060" lon="77.6226680">
    <ele>904.3</ele>
    <time>2026-07-11T10:44:29Z</time>
   </trkpt>
   <trkpt lat="12.9022060" lon="77.6226340">
    <ele>904.2</ele>
    <time>2026-07-11T10:44:30Z</time>
   </trkpt>
   <trkpt lat="12.9022140" lon="77.6225990">
    <ele>904.0</ele>
    <time>2026-07-11T10:44:31Z</time>
   </trkpt>
   <trkpt lat="12.9022160" lon="77.6225650">
    <ele>903.9</ele>
    <time>2026-07-11T10:44:32Z</time>
   </trkpt>
   <trkpt lat="12.9022180" lon="77.6225330">
    <ele>903.8</ele>
    <time>2026-07-11T10:44:33Z</time>
   </trkpt>
   <trkpt lat="12.9022250" lon="77.6225040">
    <ele>903.6</ele>
    <time>2026-07-11T10:44:34Z</time>
   </trkpt>
   <trkpt lat="12.9022340" lon="77.6224710">
    <ele>903.5</ele>
    <time>2026-07-11T10:44:35Z</time>
   </trkpt>
   <trkpt lat="12.9022460" lon="77.6224440">
    <ele>903.4</ele>
    <time>2026-07-11T10:44:36Z</time>
   </trkpt>
   <trkpt lat="12.9022570" lon="77.6224120">
    <ele>903.3</ele>
    <time>2026-07-11T10:44:37Z</time>
   </trkpt>
   <trkpt lat="12.9022780" lon="77.6223830">
    <ele>903.1</ele>
    <time>2026-07-11T10:44:38Z</time>
   </trkpt>
   <trkpt lat="12.9023120" lon="77.6223810">
    <ele>903.2</ele>
    <time>2026-07-11T10:44:39Z</time>
   </trkpt>
   <trkpt lat="12.9023470" lon="77.6223820">
    <ele>903.2</ele>
    <time>2026-07-11T10:44:40Z</time>
   </trkpt>
   <trkpt lat="12.9023810" lon="77.6223920">
    <ele>903.3</ele>
    <time>2026-07-11T10:44:41Z</time>
   </trkpt>
   <trkpt lat="12.9024120" lon="77.6224090">
    <ele>903.4</ele>
    <time>2026-07-11T10:44:42Z</time>
   </trkpt>
   <trkpt lat="12.9024460" lon="77.6224190">
    <ele>903.4</ele>
    <time>2026-07-11T10:44:43Z</time>
   </trkpt>
   <trkpt lat="12.9024790" lon="77.6224260">
    <ele>903.5</ele>
    <time>2026-07-11T10:44:44Z</time>
   </trkpt>
   <trkpt lat="12.9025130" lon="77.6224300">
    <ele>903.6</ele>
    <time>2026-07-11T10:44:45Z</time>
   </trkpt>
   <trkpt lat="12.9025460" lon="77.6224340">
    <ele>903.6</ele>
    <time>2026-07-11T10:44:46Z</time>
   </trkpt>
   <trkpt lat="12.9025830" lon="77.6224140">
    <ele>903.7</ele>
    <time>2026-07-11T10:44:47Z</time>
   </trkpt>
   <trkpt lat="12.9026220" lon="77.6224050">
    <ele>903.8</ele>
    <time>2026-07-11T10:44:48Z</time>
   </trkpt>
   <trkpt lat="12.9026600" lon="77.6224030">
    <ele>903.8</ele>
    <time>2026-07-11T10:44:49Z</time>
   </trkpt>
   <trkpt lat="12.9026940" lon="77.6224030">
    <ele>903.9</ele>
    <time>2026-07-11T10:44:50Z</time>
   </trkpt>
   <trkpt lat="12.9027310" lon="77.6224040">
    <ele>903.9</ele>
    <time>2026-07-11T10:44:51Z</time>
   </trkpt>
   <trkpt lat="12.9027630" lon="77.6224070">
    <ele>904.0</ele>
    <time>2026-07-11T10:44:52Z</time>
   </trkpt>
   <trkpt lat="12.9027970" lon="77.6224100">
    <ele>904.0</ele>
    <time>2026-07-11T10:44:53Z</time>
   </trkpt>
   <trkpt lat="12.9028300" lon="77.6224130">
    <ele>904.1</ele>
    <time>2026-07-11T10:44:54Z</time>
   </trkpt>
   <trkpt lat="12.9028630" lon="77.6224220">
    <ele>904.1</ele>
    <time>2026-07-11T10:44:55Z</time>
   </trkpt>
   <trkpt lat="12.9028970" lon="77.6224170">
    <ele>904.2</ele>
    <time>2026-07-11T10:44:56Z</time>
   </trkpt>
   <trkpt lat="12.9029300" lon="77.6224210">
    <ele>904.2</ele>
    <time>2026-07-11T10:44:57Z</time>
   </trkpt>
   <trkpt lat="12.9029610" lon="77.6224280">
    <ele>904.3</ele>
    <time>2026-07-11T10:44:58Z</time>
   </trkpt>
   <trkpt lat="12.9029940" lon="77.6224290">
    <ele>904.4</ele>
    <time>2026-07-11T10:44:59Z</time>
   </trkpt>
   <trkpt lat="12.9030290" lon="77.6224350">
    <ele>904.4</ele>
    <time>2026-07-11T10:45:00Z</time>
   </trkpt>
   <trkpt lat="12.9030600" lon="77.6224360">
    <ele>904.4</ele>
    <time>2026-07-11T10:45:01Z</time>
   </trkpt>
   <trkpt lat="12.9030930" lon="77.6224340">
    <ele>904.5</ele>
    <time>2026-07-11T10:45:02Z</time>
   </trkpt>
   <trkpt lat="12.9031280" lon="77.6224330">
    <ele>904.5</ele>
    <time>2026-07-11T10:45:03Z</time>
   </trkpt>
   <trkpt lat="12.9031620" lon="77.6224360">
    <ele>904.5</ele>
    <time>2026-07-11T10:45:04Z</time>
   </trkpt>
   <trkpt lat="12.9031950" lon="77.6224420">
    <ele>904.6</ele>
    <time>2026-07-11T10:45:05Z</time>
   </trkpt>
   <trkpt lat="12.9032300" lon="77.6224510">
    <ele>904.6</ele>
    <time>2026-07-11T10:45:06Z</time>
   </trkpt>
   <trkpt lat="12.9032640" lon="77.6224560">
    <ele>904.6</ele>
    <time>2026-07-11T10:45:07Z</time>
   </trkpt>
   <trkpt lat="12.9032990" lon="77.6224580">
    <ele>904.6</ele>
    <time>2026-07-11T10:45:08Z</time>
   </trkpt>
   <trkpt lat="12.9033380" lon="77.6224630">
    <ele>904.6</ele>
    <time>2026-07-11T10:45:09Z</time>
   </trkpt>
   <trkpt lat="12.9033760" lon="77.6224670">
    <ele>904.5</ele>
    <time>2026-07-11T10:45:10Z</time>
   </trkpt>
   <trkpt lat="12.9034150" lon="77.6224730">
    <ele>904.5</ele>
    <time>2026-07-11T10:45:11Z</time>
   </trkpt>
   <trkpt lat="12.9034560" lon="77.6224770">
    <ele>904.5</ele>
    <time>2026-07-11T10:45:12Z</time>
   </trkpt>
   <trkpt lat="12.9034980" lon="77.6224760">
    <ele>904.5</ele>
    <time>2026-07-11T10:45:13Z</time>
   </trkpt>
   <trkpt lat="12.9035380" lon="77.6224820">
    <ele>904.5</ele>
    <time>2026-07-11T10:45:14Z</time>
   </trkpt>
   <trkpt lat="12.9035800" lon="77.6224890">
    <ele>904.5</ele>
    <time>2026-07-11T10:45:15Z</time>
   </trkpt>
   <trkpt lat="12.9036190" lon="77.6224950">
    <ele>904.4</ele>
    <time>2026-07-11T10:45:16Z</time>
   </trkpt>
   <trkpt lat="12.9036540" lon="77.6225070">
    <ele>904.4</ele>
    <time>2026-07-11T10:45:17Z</time>
   </trkpt>
   <trkpt lat="12.9036920" lon="77.6225080">
    <ele>904.4</ele>
    <time>2026-07-11T10:45:18Z</time>
   </trkpt>
   <trkpt lat="12.9037310" lon="77.6225100">
    <ele>904.4</ele>
    <time>2026-07-11T10:45:19Z</time>
   </trkpt>
   <trkpt lat="12.9037690" lon="77.6225090">
    <ele>904.4</ele>
    <time>2026-07-11T10:45:20Z</time>
   </trkpt>
   <trkpt lat="12.9038020" lon="77.6225110">
    <ele>904.4</ele>
    <time>2026-07-11T10:45:21Z</time>
   </trkpt>
   <trkpt lat="12.9038400" lon="77.6225140">
    <ele>904.4</ele>
    <time>2026-07-11T10:45:22Z</time>
   </trkpt>
   <trkpt lat="12.9038760" lon="77.6225220">
    <ele>904.4</ele>
    <time>2026-07-11T10:45:23Z</time>
   </trkpt>
   <trkpt lat="12.9039150" lon="77.6225160">
    <ele>904.4</ele>
    <time>2026-07-11T10:45:24Z</time>
   </trkpt>
   <trkpt lat="12.9039500" lon="77.6225190">
    <ele>904.4</ele>
    <time>2026-07-11T10:45:25Z</time>
   </trkpt>
   <trkpt lat="12.9039860" lon="77.6225260">
    <ele>904.4</ele>
    <time>2026-07-11T10:45:26Z</time>
   </trkpt>
   <trkpt lat="12.9040210" lon="77.6225300">
    <ele>904.5</ele>
    <time>2026-07-11T10:45:27Z</time>
   </trkpt>
   <trkpt lat="12.9040590" lon="77.6225410">
    <ele>904.5</ele>
    <time>2026-07-11T10:45:28Z</time>
   </trkpt>
   <trkpt lat="12.9040960" lon="77.6225510">
    <ele>904.5</ele>
    <time>2026-07-11T10:45:29Z</time>
   </trkpt>
   <trkpt lat="12.9041290" lon="77.6225510">
    <ele>904.5</ele>
    <time>2026-07-11T10:45:30Z</time>
   </trkpt>
   <trkpt lat="12.9041660" lon="77.6225590">
    <ele>904.5</ele>
    <time>2026-07-11T10:45:31Z</time>
   </trkpt>
   <trkpt lat="12.9041970" lon="77.6225670">
    <ele>904.5</ele>
    <time>2026-07-11T10:45:32Z</time>
   </trkpt>
   <trkpt lat="12.9042330" lon="77.6225740">
    <ele>904.5</ele>
    <time>2026-07-11T10:45:33Z</time>
   </trkpt>
   <trkpt lat="12.9042710" lon="77.6225800">
    <ele>904.5</ele>
    <time>2026-07-11T10:45:34Z</time>
   </trkpt>
   <trkpt lat="12.9043020" lon="77.6225810">
    <ele>904.5</ele>
    <time>2026-07-11T10:45:35Z</time>
   </trkpt>
   <trkpt lat="12.9043260" lon="77.6225820">
    <ele>904.5</ele>
    <time>2026-07-11T10:45:36Z</time>
   </trkpt>
   <trkpt lat="12.9043520" lon="77.6225890">
    <ele>904.5</ele>
    <time>2026-07-11T10:45:37Z</time>
   </trkpt>
   <trkpt lat="12.9043790" lon="77.6225900">
    <ele>904.5</ele>
    <time>2026-07-11T10:45:38Z</time>
   </trkpt>
   <trkpt lat="12.9044060" lon="77.6225890">
    <ele>904.5</ele>
    <time>2026-07-11T10:45:39Z</time>
   </trkpt>
   <trkpt lat="12.9044320" lon="77.6225910">
    <ele>904.4</ele>
    <time>2026-07-11T10:45:40Z</time>
   </trkpt>
   <trkpt lat="12.9044590" lon="77.6225980">
    <ele>904.4</ele>
    <time>2026-07-11T10:45:41Z</time>
   </trkpt>
   <trkpt lat="12.9044860" lon="77.6226040">
    <ele>904.4</ele>
    <time>2026-07-11T10:45:42Z</time>
   </trkpt>
   <trkpt lat="12.9045150" lon="77.6226060">
    <ele>904.4</ele>
    <time>2026-07-11T10:45:43Z</time>
   </trkpt>
   <trkpt lat="12.9045450" lon="77.6226090">
    <ele>904.4</ele>
    <time>2026-07-11T10:45:44Z</time>
   </trkpt>
   <trkpt lat="12.9045750" lon="77.6226140">
    <ele>904.4</ele>
    <time>2026-07-11T10:45:45Z</time>
   </trkpt>
   <trkpt lat="12.9046070" lon="77.6226150">
    <ele>904.4</ele>
    <time>2026-07-11T10:45:46Z</time>
   </trkpt>
   <trkpt lat="12.9046410" lon="77.6226150">
    <ele>904.4</ele>
    <time>2026-07-11T10:45:47Z</time>
   </trkpt>
   <trkpt lat="12.9046620" lon="77.6226170">
    <ele>904.4</ele>
    <time>2026-07-11T10:45:48Z</time>
   </trkpt>
   <trkpt lat="12.9046700" lon="77.6226170">
    <ele>904.4</ele>
    <time>2026-07-11T10:45:49Z</time>
   </trkpt>
   <trkpt lat="12.9046860" lon="77.6226190">
    <ele>904.5</ele>
    <time>2026-07-11T10:45:50Z</time>
   </trkpt>
   <trkpt lat="12.9047090" lon="77.6226270">
    <ele>904.5</ele>
    <time>2026-07-11T10:45:51Z</time>
   </trkpt>
   <trkpt lat="12.9047350" lon="77.6226310">
    <ele>904.5</ele>
    <time>2026-07-11T10:45:52Z</time>
   </trkpt>
   <trkpt lat="12.9047600" lon="77.6226380">
    <ele>904.5</ele>
    <time>2026-07-11T10:45:53Z</time>
   </trkpt>
   <trkpt lat="12.9047890" lon="77.6226380">
    <ele>904.5</ele>
    <time>2026-07-11T10:45:54Z</time>
   </trkpt>
   <trkpt lat="12.9048230" lon="77.6226410">
    <ele>904.5</ele>
    <time>2026-07-11T10:45:55Z</time>
   </trkpt>
   <trkpt lat="12.9048530" lon="77.6226440">
    <ele>904.5</ele>
    <time>2026-07-11T10:45:56Z</time>
   </trkpt>
   <trkpt lat="12.9048850" lon="77.6226510">
    <ele>904.5</ele>
    <time>2026-07-11T10:45:57Z</time>
   </trkpt>
   <trkpt lat="12.9049490" lon="77.6226510">
    <ele>904.4</ele>
    <time>2026-07-11T10:45:58Z</time>
   </trkpt>
   <trkpt lat="12.9050190" lon="77.6226560">
    <ele>904.3</ele>
    <time>2026-07-11T10:46:00Z</time>
   </trkpt>
   <trkpt lat="12.9050510" lon="77.6226590">
    <ele>904.3</ele>
    <time>2026-07-11T10:46:01Z</time>
   </trkpt>
   <trkpt lat="12.9050850" lon="77.6226640">
    <ele>904.2</ele>
    <time>2026-07-11T10:46:02Z</time>
   </trkpt>
   <trkpt lat="12.9051180" lon="77.6226640">
    <ele>904.1</ele>
    <time>2026-07-11T10:46:03Z</time>
   </trkpt>
   <trkpt lat="12.9051530" lon="77.6226700">
    <ele>904.1</ele>
    <time>2026-07-11T10:46:05Z</time>
   </trkpt>
   <trkpt lat="12.9051900" lon="77.6226820">
    <ele>904.0</ele>
    <time>2026-07-11T10:46:06Z</time>
   </trkpt>
   <trkpt lat="12.9052270" lon="77.6226910">
    <ele>903.9</ele>
    <time>2026-07-11T10:46:07Z</time>
   </trkpt>
   <trkpt lat="12.9052700" lon="77.6226990">
    <ele>903.8</ele>
    <time>2026-07-11T10:46:08Z</time>
   </trkpt>
   <trkpt lat="12.9053130" lon="77.6227090">
    <ele>903.7</ele>
    <time>2026-07-11T10:46:09Z</time>
   </trkpt>
   <trkpt lat="12.9053560" lon="77.6227210">
    <ele>903.6</ele>
    <time>2026-07-11T10:46:10Z</time>
   </trkpt>
   <trkpt lat="12.9053990" lon="77.6227300">
    <ele>903.5</ele>
    <time>2026-07-11T10:46:11Z</time>
   </trkpt>
   <trkpt lat="12.9054410" lon="77.6227440">
    <ele>903.4</ele>
    <time>2026-07-11T10:46:12Z</time>
   </trkpt>
   <trkpt lat="12.9054840" lon="77.6227520">
    <ele>903.3</ele>
    <time>2026-07-11T10:46:13Z</time>
   </trkpt>
   <trkpt lat="12.9055300" lon="77.6227610">
    <ele>903.1</ele>
    <time>2026-07-11T10:46:14Z</time>
   </trkpt>
   <trkpt lat="12.9055730" lon="77.6227600">
    <ele>903.0</ele>
    <time>2026-07-11T10:46:15Z</time>
   </trkpt>
   <trkpt lat="12.9056220" lon="77.6227620">
    <ele>902.9</ele>
    <time>2026-07-11T10:46:16Z</time>
   </trkpt>
   <trkpt lat="12.9056720" lon="77.6227710">
    <ele>902.7</ele>
    <time>2026-07-11T10:46:17Z</time>
   </trkpt>
   <trkpt lat="12.9057180" lon="77.6227790">
    <ele>902.6</ele>
    <time>2026-07-11T10:46:18Z</time>
   </trkpt>
   <trkpt lat="12.9057680" lon="77.6227960">
    <ele>902.4</ele>
    <time>2026-07-11T10:46:19Z</time>
   </trkpt>
   <trkpt lat="12.9058130" lon="77.6227880">
    <ele>902.3</ele>
    <time>2026-07-11T10:46:20Z</time>
   </trkpt>
   <trkpt lat="12.9058550" lon="77.6227910">
    <ele>902.2</ele>
    <time>2026-07-11T10:46:21Z</time>
   </trkpt>
   <trkpt lat="12.9058920" lon="77.6227970">
    <ele>902.0</ele>
    <time>2026-07-11T10:46:22Z</time>
   </trkpt>
   <trkpt lat="12.9059210" lon="77.6228040">
    <ele>902.0</ele>
    <time>2026-07-11T10:46:23Z</time>
   </trkpt>
   <trkpt lat="12.9059590" lon="77.6228090">
    <ele>901.9</ele>
    <time>2026-07-11T10:46:24Z</time>
   </trkpt>
   <trkpt lat="12.9059980" lon="77.6228110">
    <ele>901.8</ele>
    <time>2026-07-11T10:46:25Z</time>
   </trkpt>
   <trkpt lat="12.9060380" lon="77.6228130">
    <ele>901.6</ele>
    <time>2026-07-11T10:46:26Z</time>
   </trkpt>
   <trkpt lat="12.9060700" lon="77.6228190">
    <ele>901.6</ele>
    <time>2026-07-11T10:46:27Z</time>
   </trkpt>
   <trkpt lat="12.9060890" lon="77.6228240">
    <ele>901.5</ele>
    <time>2026-07-11T10:46:28Z</time>
   </trkpt>
   <trkpt lat="12.9061230" lon="77.6228190">
    <ele>901.4</ele>
    <time>2026-07-11T10:46:29Z</time>
   </trkpt>
   <trkpt lat="12.9061560" lon="77.6228210">
    <ele>901.4</ele>
    <time>2026-07-11T10:46:30Z</time>
   </trkpt>
   <trkpt lat="12.9061890" lon="77.6228270">
    <ele>901.3</ele>
    <time>2026-07-11T10:46:31Z</time>
   </trkpt>
   <trkpt lat="12.9062270" lon="77.6228240">
    <ele>901.2</ele>
    <time>2026-07-11T10:46:32Z</time>
   </trkpt>
   <trkpt lat="12.9062630" lon="77.6228310">
    <ele>901.1</ele>
    <time>2026-07-11T10:46:33Z</time>
   </trkpt>
   <trkpt lat="12.9062930" lon="77.6228380">
    <ele>901.0</ele>
    <time>2026-07-11T10:46:34Z</time>
   </trkpt>
   <trkpt lat="12.9063280" lon="77.6228390">
    <ele>900.9</ele>
    <time>2026-07-11T10:46:35Z</time>
   </trkpt>
   <trkpt lat="12.9063550" lon="77.6228420">
    <ele>900.8</ele>
    <time>2026-07-11T10:46:36Z</time>
   </trkpt>
   <trkpt lat="12.9063900" lon="77.6228440">
    <ele>900.7</ele>
    <time>2026-07-11T10:46:37Z</time>
   </trkpt>
   <trkpt lat="12.9064220" lon="77.6228490">
    <ele>900.6</ele>
    <time>2026-07-11T10:46:38Z</time>
   </trkpt>
   <trkpt lat="12.9064570" lon="77.6228580">
    <ele>900.5</ele>
    <time>2026-07-11T10:46:39Z</time>
   </trkpt>
   <trkpt lat="12.9065020" lon="77.6228490">
    <ele>900.4</ele>
    <time>2026-07-11T10:46:40Z</time>
   </trkpt>
   <trkpt lat="12.9065310" lon="77.6228430">
    <ele>900.3</ele>
    <time>2026-07-11T10:46:41Z</time>
   </trkpt>
   <trkpt lat="12.9065600" lon="77.6228490">
    <ele>900.2</ele>
    <time>2026-07-11T10:46:42Z</time>
   </trkpt>
   <trkpt lat="12.9065880" lon="77.6228480">
    <ele>900.2</ele>
    <time>2026-07-11T10:46:43Z</time>
   </trkpt>
   <trkpt lat="12.9066210" lon="77.6228560">
    <ele>900.1</ele>
    <time>2026-07-11T10:46:44Z</time>
   </trkpt>
   <trkpt lat="12.9066530" lon="77.6228600">
    <ele>900.0</ele>
    <time>2026-07-11T10:46:45Z</time>
   </trkpt>
   <trkpt lat="12.9066870" lon="77.6228600">
    <ele>900.0</ele>
    <time>2026-07-11T10:46:46Z</time>
   </trkpt>
   <trkpt lat="12.9067200" lon="77.6228570">
    <ele>899.9</ele>
    <time>2026-07-11T10:46:47Z</time>
   </trkpt>
   <trkpt lat="12.9067550" lon="77.6228600">
    <ele>899.9</ele>
    <time>2026-07-11T10:46:48Z</time>
   </trkpt>
   <trkpt lat="12.9067870" lon="77.6228640">
    <ele>899.9</ele>
    <time>2026-07-11T10:46:49Z</time>
   </trkpt>
   <trkpt lat="12.9068170" lon="77.6228670">
    <ele>899.8</ele>
    <time>2026-07-11T10:46:50Z</time>
   </trkpt>
   <trkpt lat="12.9068440" lon="77.6228700">
    <ele>899.8</ele>
    <time>2026-07-11T10:46:51Z</time>
   </trkpt>
   <trkpt lat="12.9068740" lon="77.6228720">
    <ele>899.8</ele>
    <time>2026-07-11T10:46:52Z</time>
   </trkpt>
   <trkpt lat="12.9069010" lon="77.6228730">
    <ele>899.8</ele>
    <time>2026-07-11T10:46:53Z</time>
   </trkpt>
   <trkpt lat="12.9069260" lon="77.6228760">
    <ele>899.8</ele>
    <time>2026-07-11T10:46:54Z</time>
   </trkpt>
   <trkpt lat="12.9069530" lon="77.6228770">
    <ele>899.8</ele>
    <time>2026-07-11T10:46:55Z</time>
   </trkpt>
   <trkpt lat="12.9069800" lon="77.6228770">
    <ele>899.7</ele>
    <time>2026-07-11T10:46:56Z</time>
   </trkpt>
   <trkpt lat="12.9070050" lon="77.6228770">
    <ele>899.7</ele>
    <time>2026-07-11T10:46:57Z</time>
   </trkpt>
   <trkpt lat="12.9070320" lon="77.6228750">
    <ele>899.7</ele>
    <time>2026-07-11T10:46:58Z</time>
   </trkpt>
   <trkpt lat="12.9070570" lon="77.6228770">
    <ele>899.7</ele>
    <time>2026-07-11T10:46:59Z</time>
   </trkpt>
   <trkpt lat="12.9070800" lon="77.6228790">
    <ele>899.7</ele>
    <time>2026-07-11T10:47:00Z</time>
   </trkpt>
   <trkpt lat="12.9071000" lon="77.6228810">
    <ele>899.7</ele>
    <time>2026-07-11T10:47:01Z</time>
   </trkpt>
   <trkpt lat="12.9071150" lon="77.6228910">
    <ele>899.7</ele>
    <time>2026-07-11T10:47:02Z</time>
   </trkpt>
   <trkpt lat="12.9071200" lon="77.6229040">
    <ele>899.7</ele>
    <time>2026-07-11T10:47:03Z</time>
   </trkpt>
   <trkpt lat="12.9071240" lon="77.6229190">
    <ele>899.7</ele>
    <time>2026-07-11T10:47:04Z</time>
   </trkpt>
   <trkpt lat="12.9071240" lon="77.6229370">
    <ele>899.7</ele>
    <time>2026-07-11T10:47:05Z</time>
   </trkpt>
   <trkpt lat="12.9071230" lon="77.6229590">
    <ele>899.7</ele>
    <time>2026-07-11T10:47:06Z</time>
   </trkpt>
   <trkpt lat="12.9071230" lon="77.6229830">
    <ele>899.8</ele>
    <time>2026-07-11T10:47:07Z</time>
   </trkpt>
   <trkpt lat="12.9071240" lon="77.6230100">
    <ele>899.8</ele>
    <time>2026-07-11T10:47:08Z</time>
   </trkpt>
   <trkpt lat="12.9071230" lon="77.6230380">
    <ele>899.8</ele>
    <time>2026-07-11T10:47:09Z</time>
   </trkpt>
   <trkpt lat="12.9071230" lon="77.6230690">
    <ele>899.8</ele>
    <time>2026-07-11T10:47:10Z</time>
   </trkpt>
   <trkpt lat="12.9071200" lon="77.6230990">
    <ele>899.8</ele>
    <time>2026-07-11T10:47:11Z</time>
   </trkpt>
   <trkpt lat="12.9071180" lon="77.6231280">
    <ele>899.8</ele>
    <time>2026-07-11T10:47:12Z</time>
   </trkpt>
   <trkpt lat="12.9071140" lon="77.6231540">
    <ele>899.9</ele>
    <time>2026-07-11T10:47:13Z</time>
   </trkpt>
   <trkpt lat="12.9071110" lon="77.6231760">
    <ele>899.9</ele>
    <time>2026-07-11T10:47:14Z</time>
   </trkpt>
   <trkpt lat="12.9071120" lon="77.6232030">
    <ele>899.9</ele>
    <time>2026-07-11T10:47:15Z</time>
   </trkpt>
   <trkpt lat="12.9071120" lon="77.6232300">
    <ele>899.9</ele>
    <time>2026-07-11T10:47:16Z</time>
   </trkpt>
   <trkpt lat="12.9071080" lon="77.6232580">
    <ele>899.9</ele>
    <time>2026-07-11T10:47:17Z</time>
   </trkpt>
   <trkpt lat="12.9071060" lon="77.6232860">
    <ele>899.9</ele>
    <time>2026-07-11T10:47:18Z</time>
   </trkpt>
   <trkpt lat="12.9071070" lon="77.6233130">
    <ele>899.8</ele>
    <time>2026-07-11T10:47:19Z</time>
   </trkpt>
   <trkpt lat="12.9071100" lon="77.6233410">
    <ele>899.8</ele>
    <time>2026-07-11T10:47:20Z</time>
   </trkpt>
   <trkpt lat="12.9071080" lon="77.6233680">
    <ele>899.8</ele>
    <time>2026-07-11T10:47:21Z</time>
   </trkpt>
   <trkpt lat="12.9071080" lon="77.6234000">
    <ele>899.8</ele>
    <time>2026-07-11T10:47:22Z</time>
   </trkpt>
   <trkpt lat="12.9071060" lon="77.6234320">
    <ele>899.7</ele>
    <time>2026-07-11T10:47:23Z</time>
   </trkpt>
   <trkpt lat="12.9071060" lon="77.6234650">
    <ele>899.6</ele>
    <time>2026-07-11T10:47:24Z</time>
   </trkpt>
   <trkpt lat="12.9071050" lon="77.6234970">
    <ele>899.5</ele>
    <time>2026-07-11T10:47:25Z</time>
   </trkpt>
   <trkpt lat="12.9071030" lon="77.6235300">
    <ele>899.4</ele>
    <time>2026-07-11T10:47:26Z</time>
   </trkpt>
   <trkpt lat="12.9070990" lon="77.6235630">
    <ele>899.3</ele>
    <time>2026-07-11T10:47:27Z</time>
   </trkpt>
   <trkpt lat="12.9070980" lon="77.6235880">
    <ele>899.2</ele>
    <time>2026-07-11T10:47:28Z</time>
   </trkpt>
   <trkpt lat="12.9071000" lon="77.6236150">
    <ele>899.1</ele>
    <time>2026-07-11T10:47:29Z</time>
   </trkpt>
   <trkpt lat="12.9070930" lon="77.6236420">
    <ele>899.1</ele>
    <time>2026-07-11T10:47:30Z</time>
   </trkpt>
   <trkpt lat="12.9070870" lon="77.6236730">
    <ele>899.1</ele>
    <time>2026-07-11T10:47:31Z</time>
   </trkpt>
   <trkpt lat="12.9070780" lon="77.6237060">
    <ele>899.1</ele>
    <time>2026-07-11T10:47:32Z</time>
   </trkpt>
   <trkpt lat="12.9070710" lon="77.6237370">
    <ele>899.2</ele>
    <time>2026-07-11T10:47:33Z</time>
   </trkpt>
   <trkpt lat="12.9070570" lon="77.6237870">
    <ele>899.2</ele>
    <time>2026-07-11T10:47:34Z</time>
   </trkpt>
   <trkpt lat="12.9070670" lon="77.6238190">
    <ele>899.2</ele>
    <time>2026-07-11T10:47:35Z</time>
   </trkpt>
   <trkpt lat="12.9070930" lon="77.6238550">
    <ele>899.2</ele>
    <time>2026-07-11T10:47:36Z</time>
   </trkpt>
   <trkpt lat="12.9071270" lon="77.6238760">
    <ele>899.3</ele>
    <time>2026-07-11T10:47:37Z</time>
   </trkpt>
   <trkpt lat="12.9071660" lon="77.6238630">
    <ele>899.5</ele>
    <time>2026-07-11T10:47:38Z</time>
   </trkpt>
   <trkpt lat="12.9072040" lon="77.6238560">
    <ele>899.6</ele>
    <time>2026-07-11T10:47:39Z</time>
   </trkpt>
   <trkpt lat="12.9072410" lon="77.6238590">
    <ele>899.6</ele>
    <time>2026-07-11T10:47:40Z</time>
   </trkpt>
   <trkpt lat="12.9072710" lon="77.6238650">
    <ele>899.5</ele>
    <time>2026-07-11T10:47:41Z</time>
   </trkpt>
   <trkpt lat="12.9072960" lon="77.6238650">
    <ele>899.5</ele>
    <time>2026-07-11T10:47:42Z</time>
   </trkpt>
   <trkpt lat="12.9073280" lon="77.6238640">
    <ele>899.4</ele>
    <time>2026-07-11T10:47:43Z</time>
   </trkpt>
   <trkpt lat="12.9073590" lon="77.6238770">
    <ele>899.4</ele>
    <time>2026-07-11T10:47:44Z</time>
   </trkpt>
   <trkpt lat="12.9073900" lon="77.6238890">
    <ele>899.3</ele>
    <time>2026-07-11T10:47:45Z</time>
   </trkpt>
   <trkpt lat="12.9074190" lon="77.6238980">
    <ele>899.3</ele>
    <time>2026-07-11T10:47:46Z</time>
   </trkpt>
   <trkpt lat="12.9074490" lon="77.6239080">
    <ele>899.2</ele>
    <time>2026-07-11T10:47:47Z</time>
   </trkpt>
   <trkpt lat="12.9074780" lon="77.6239110">
    <ele>899.2</ele>
    <time>2026-07-11T10:47:48Z</time>
   </trkpt>
   <trkpt lat="12.9075080" lon="77.6239160">
    <ele>899.2</ele>
    <time>2026-07-11T10:47:49Z</time>
   </trkpt>
   <trkpt lat="12.9075370" lon="77.6239230">
    <ele>899.1</ele>
    <time>2026-07-11T10:47:50Z</time>
   </trkpt>
   <trkpt lat="12.9075630" lon="77.6239340">
    <ele>899.1</ele>
    <time>2026-07-11T10:47:51Z</time>
   </trkpt>
   <trkpt lat="12.9075920" lon="77.6239370">
    <ele>899.0</ele>
    <time>2026-07-11T10:47:52Z</time>
   </trkpt>
   <trkpt lat="12.9076200" lon="77.6239330">
    <ele>899.0</ele>
    <time>2026-07-11T10:47:53Z</time>
   </trkpt>
   <trkpt lat="12.9076800" lon="77.6239430">
    <ele>898.9</ele>
    <time>2026-07-11T10:47:54Z</time>
   </trkpt>
   <trkpt lat="12.9077110" lon="77.6239490">
    <ele>898.8</ele>
    <time>2026-07-11T10:47:55Z</time>
   </trkpt>
   <trkpt lat="12.9077440" lon="77.6239380">
    <ele>898.8</ele>
    <time>2026-07-11T10:47:56Z</time>
   </trkpt>
   <trkpt lat="12.9077790" lon="77.6239370">
    <ele>898.7</ele>
    <time>2026-07-11T10:47:57Z</time>
   </trkpt>
   <trkpt lat="12.9078110" lon="77.6239350">
    <ele>898.7</ele>
    <time>2026-07-11T10:47:58Z</time>
   </trkpt>
   <trkpt lat="12.9078460" lon="77.6239420">
    <ele>898.6</ele>
    <time>2026-07-11T10:47:59Z</time>
   </trkpt>
   <trkpt lat="12.9078760" lon="77.6239500">
    <ele>898.6</ele>
    <time>2026-07-11T10:48:00Z</time>
   </trkpt>
   <trkpt lat="12.9079080" lon="77.6239560">
    <ele>898.5</ele>
    <time>2026-07-11T10:48:01Z</time>
   </trkpt>
   <trkpt lat="12.9079410" lon="77.6239600">
    <ele>898.5</ele>
    <time>2026-07-11T10:48:02Z</time>
   </trkpt>
   <trkpt lat="12.9079750" lon="77.6239430">
    <ele>898.4</ele>
    <time>2026-07-11T10:48:03Z</time>
   </trkpt>
   <trkpt lat="12.9080090" lon="77.6239610">
    <ele>898.4</ele>
    <time>2026-07-11T10:48:04Z</time>
   </trkpt>
   <trkpt lat="12.9080450" lon="77.6239660">
    <ele>898.3</ele>
    <time>2026-07-11T10:48:05Z</time>
   </trkpt>
   <trkpt lat="12.9080770" lon="77.6239770">
    <ele>898.3</ele>
    <time>2026-07-11T10:48:06Z</time>
   </trkpt>
   <trkpt lat="12.9081140" lon="77.6239810">
    <ele>898.2</ele>
    <time>2026-07-11T10:48:07Z</time>
   </trkpt>
   <trkpt lat="12.9081400" lon="77.6239900">
    <ele>898.2</ele>
    <time>2026-07-11T10:48:08Z</time>
   </trkpt>
   <trkpt lat="12.9081630" lon="77.6239970">
    <ele>898.1</ele>
    <time>2026-07-11T10:48:09Z</time>
   </trkpt>
   <trkpt lat="12.9081750" lon="77.6240100">
    <ele>898.1</ele>
    <time>2026-07-11T10:48:10Z</time>
   </trkpt>
   <trkpt lat="12.9081780" lon="77.6240370">
    <ele>897.4</ele>
    <time>2026-07-11T10:48:11Z</time>
   </trkpt>
   <trkpt lat="12.9081760" lon="77.6240730">
    <ele>896.6</ele>
    <time>2026-07-11T10:48:12Z</time>
   </trkpt>
   <trkpt lat="12.9081690" lon="77.6241060">
    <ele>895.9</ele>
    <time>2026-07-11T10:48:13Z</time>
   </trkpt>
   <trkpt lat="12.9081580" lon="77.6241390">
    <ele>895.2</ele>
    <time>2026-07-11T10:48:14Z</time>
   </trkpt>
   <trkpt lat="12.9081520" lon="77.6241770">
    <ele>894.4</ele>
    <time>2026-07-11T10:48:15Z</time>
   </trkpt>
   <trkpt lat="12.9081500" lon="77.6242110">
    <ele>893.7</ele>
    <time>2026-07-11T10:48:17Z</time>
   </trkpt>
   <trkpt lat="12.9081480" lon="77.6242440">
    <ele>893.0</ele>
    <time>2026-07-11T10:48:18Z</time>
   </trkpt>
   <trkpt lat="12.9081350" lon="77.6242850">
    <ele>892.8</ele>
    <time>2026-07-11T10:48:19Z</time>
   </trkpt>
   <trkpt lat="12.9081300" lon="77.6243150">
    <ele>892.7</ele>
    <time>2026-07-11T10:48:20Z</time>
   </trkpt>
   <trkpt lat="12.9081290" lon="77.6243440">
    <ele>892.7</ele>
    <time>2026-07-11T10:48:21Z</time>
   </trkpt>
   <trkpt lat="12.9081190" lon="77.6243720">
    <ele>892.6</ele>
    <time>2026-07-11T10:48:22Z</time>
   </trkpt>
   <trkpt lat="12.9081140" lon="77.6244000">
    <ele>892.6</ele>
    <time>2026-07-11T10:48:23Z</time>
   </trkpt>
   <trkpt lat="12.9081080" lon="77.6244220">
    <ele>892.5</ele>
    <time>2026-07-11T10:48:24Z</time>
   </trkpt>
   <trkpt lat="12.9080990" lon="77.6244440">
    <ele>892.5</ele>
    <time>2026-07-11T10:48:25Z</time>
   </trkpt>
   <trkpt lat="12.9080910" lon="77.6244670">
    <ele>892.4</ele>
    <time>2026-07-11T10:48:26Z</time>
   </trkpt>
   <trkpt lat="12.9080910" lon="77.6244910">
    <ele>892.4</ele>
    <time>2026-07-11T10:48:27Z</time>
   </trkpt>
   <trkpt lat="12.9080980" lon="77.6244990">
    <ele>892.4</ele>
    <time>2026-07-11T10:48:28Z</time>
   </trkpt>
   <trkpt lat="12.9080960" lon="77.6244910">
    <ele>892.4</ele>
    <time>2026-07-11T10:48:29Z</time>
   </trkpt>
   <trkpt lat="12.9081030" lon="77.6244970">
    <ele>892.3</ele>
    <time>2026-07-11T10:48:30Z</time>
   </trkpt>
   <trkpt lat="12.9081070" lon="77.6245020">
    <ele>892.3</ele>
    <time>2026-07-11T10:48:31Z</time>
   </trkpt>
   <trkpt lat="12.9081030" lon="77.6245010">
    <ele>892.3</ele>
    <time>2026-07-11T10:48:32Z</time>
   </trkpt>
   <trkpt lat="12.9081010" lon="77.6245020">
    <ele>892.3</ele>
    <time>2026-07-11T10:48:33Z</time>
   </trkpt>
   <trkpt lat="12.9081040" lon="77.6245060">
    <ele>892.3</ele>
    <time>2026-07-11T10:48:34Z</time>
   </trkpt>
   <trkpt lat="12.9081070" lon="77.6245140">
    <ele>892.3</ele>
    <time>2026-07-11T10:48:35Z</time>
   </trkpt>
   <trkpt lat="12.9081110" lon="77.6245200">
    <ele>892.3</ele>
    <time>2026-07-11T10:48:36Z</time>
   </trkpt>
   <trkpt lat="12.9081140" lon="77.6245300">
    <ele>892.3</ele>
    <time>2026-07-11T10:48:37Z</time>
   </trkpt>
   <trkpt lat="12.9081160" lon="77.6245410">
    <ele>892.2</ele>
    <time>2026-07-11T10:48:38Z</time>
   </trkpt>
   <trkpt lat="12.9081260" lon="77.6245550">
    <ele>892.2</ele>
    <time>2026-07-11T10:48:39Z</time>
   </trkpt>
   <trkpt lat="12.9081260" lon="77.6245660">
    <ele>892.2</ele>
    <time>2026-07-11T10:48:40Z</time>
   </trkpt>
   <trkpt lat="12.9082680" lon="77.6246270">
    <ele>892.1</ele>
    <time>2026-07-11T10:48:47Z</time>
   </trkpt>
   <trkpt lat="12.9081850" lon="77.6246890">
    <ele>892.1</ele>
    <time>2026-07-11T10:48:48Z</time>
   </trkpt>
   <trkpt lat="12.9081850" lon="77.6246890">
    <ele>892.1</ele>
    <time>2026-07-11T10:48:49Z</time>
   </trkpt>
   <trkpt lat="12.9082110" lon="77.6247010">
    <ele>892.1</ele>
    <time>2026-07-11T10:48:50Z</time>
   </trkpt>
   <trkpt lat="12.9082150" lon="77.6247020">
    <ele>892.1</ele>
    <time>2026-07-11T10:48:51Z</time>
   </trkpt>
   <trkpt lat="12.9081930" lon="77.6247260">
    <ele>892.1</ele>
    <time>2026-07-11T10:48:52Z</time>
   </trkpt>
   <trkpt lat="12.9082590" lon="77.6246940">
    <ele>892.1</ele>
    <time>2026-07-11T10:48:53Z</time>
   </trkpt>
   <trkpt lat="12.9082980" lon="77.6246770">
    <ele>892.1</ele>
    <time>2026-07-11T10:48:54Z</time>
   </trkpt>
   <trkpt lat="12.9083160" lon="77.6246730">
    <ele>892.1</ele>
    <time>2026-07-11T10:48:55Z</time>
   </trkpt>
   <trkpt lat="12.9083110" lon="77.6246890">
    <ele>892.1</ele>
    <time>2026-07-11T10:48:56Z</time>
   </trkpt>
   <trkpt lat="12.9083120" lon="77.6246730">
    <ele>892.1</ele>
    <time>2026-07-11T10:48:57Z</time>
   </trkpt>
   <trkpt lat="12.9083090" lon="77.6246690">
    <ele>892.1</ele>
    <time>2026-07-11T10:48:58Z</time>
   </trkpt>
   <trkpt lat="12.9083150" lon="77.6246670">
    <ele>892.1</ele>
    <time>2026-07-11T10:48:59Z</time>
   </trkpt>
   <trkpt lat="12.9083150" lon="77.6246670">
    <ele>892.1</ele>
    <time>2026-07-11T10:49:00Z</time>
   </trkpt>
   <trkpt lat="12.9083150" lon="77.6246670">
    <ele>892.1</ele>
    <time>2026-07-11T10:49:01Z</time>
   </trkpt>
   <trkpt lat="12.9083150" lon="77.6246670">
    <ele>892.1</ele>
    <time>2026-07-11T10:49:02Z</time>
   </trkpt>
   <trkpt lat="12.9083150" lon="77.6246670">
    <ele>892.1</ele>
    <time>2026-07-11T10:49:03Z</time>
   </trkpt>
   <trkpt lat="12.9083150" lon="77.6246670">
    <ele>892.1</ele>
    <time>2026-07-11T10:49:04Z</time>
   </trkpt>
   <trkpt lat="12.9083150" lon="77.6246670">
    <ele>892.1</ele>
    <time>2026-07-11T10:49:05Z</time>
   </trkpt>
   <trkpt lat="12.9083150" lon="77.6246670">
    <ele>892.1</ele>
    <time>2026-07-11T10:49:06Z</time>
   </trkpt>
   <trkpt lat="12.9083150" lon="77.6246670">
    <ele>892.1</ele>
    <time>2026-07-11T10:49:07Z</time>
   </trkpt>
  </trkseg>
 </trk>
</gpx>
